T_sec   15.0   15.5   16.0   16.5   17.0   17.5   18.0   18.5   19.0   19.5   20.0   20.5   21.0   21.5   22.0   22.5   23.0   23.5   24.0   24.5   25.0   25.5   26.0   26.5   27.0   27.5   28.0   28.5   29.0   29.5   30.0   30.5   31.0   31.5   32.0   32.5   33.0   33.5   34.0   34.5   35.0   35.5   36.0   36.5   37.0   37.5   38.0   38.5   39.0   39.5   40.0   40.5   41.0   41.5   42.0   42.5   43.0   43.5   44.0   44.5   45.0   45.5   46.0   46.5   47.0   47.5   48.0   48.5   49.0   49.5   50.0   50.5   51.0   51.5   52.0   52.5   53.0   53.5   54.0   54.5   55.0   
U0   0.0020059442187269697   0.004316754321408802   0.0019707638884181133   0.004441278301218639   0.0019337870172499473   0.004581740932560842   0.0018918624623596595   0.004724665769361134   0.0018304557206024175   0.00486528555325771   0.0017228173535388527   0.004967981993686369   0.0015580059397427516   0.00506122549444075   0.0013693752609421888   0.00516802701831874   0.0011513787864619405   0.0052874796592598606   0.0008966585252321239   0.005395939176230098   0.0005423705492302961   0.005489674362049528   0.0001840582576509389   0.005703449010698057   -0.00014910534896078387   0.0060227037236102975   -0.0005024087825501137   0.006455424386419376   -0.0008756428323206578   0.007063319065074381   -0.001249255981901797   0.007942240393740321   -0.0016005690893231173   0.009236801654992292   -0.0018992814007796122   0.01116672506792372   -0.002130819091344259   0.014183312644981651   -0.002057730683789059   0.01959404839269584   -0.0004856593638764858   0.031938281386844056   0.010060917901082114   0.07929428793702635   0.16477550904188498   1.0   0.6879562800159467   0.07156203355285125   0.04481923695036065   -0.05626805663516513   -0.08490659608075675   -0.09781174915471871   0.23579729093746135   0.5478556097607025   0.3590189256994488   -0.22181380628997485   -0.34365588127905006   -0.36096415886181255   -0.33953981047259385   -0.13869982876699757   0.1038404602069529   0.12919051180070268   0.10703630852483563   0.1716653854606996   0.17269282119791549   0.1788741372240595   0.24046761516101828   0.28288001467104396   -0.065809116968193   -0.2433345651481058   -0.21425720132829737   -0.21578189038083473   -0.18228106766957583   -0.20167828984326935   -0.0819753158602738   -0.026246563340135552   -0.004149235240095517   -0.019230006087636326   -0.013500239709552771   -0.04617506817161617   -0.06869424338691607   
T_sec   15.0   15.5   16.0   16.5   17.0   17.5   18.0   18.5   19.0   19.5   20.0   20.5   21.0   21.5   22.0   22.5   23.0   23.5   24.0   24.5   25.0   25.5   26.0   26.5   27.0   27.5   28.0   28.5   29.0   29.5   30.0   30.5   31.0   31.5   32.0   32.5   33.0   33.5   34.0   34.5   35.0   35.5   36.0   36.5   37.0   37.5   38.0   38.5   39.0   39.5   40.0   40.5   41.0   41.5   42.0   42.5   43.0   43.5   44.0   44.5   45.0   45.5   46.0   46.5   47.0   47.5   48.0   48.5   49.0   49.5   50.0   50.5   51.0   51.5   52.0   52.5   53.0   53.5   54.0   54.5   55.0   
U1   0.004706782243107047   0.0052178186684179615   0.004689915806546599   0.0052333985456449565   0.004668507286110517   0.0052482096399776405   0.0046332016817625995   0.0052392510152298715   0.004553996413936396   0.005182608148714809   0.00443144365622096   0.005128927137228205   0.004345664850422076   0.00512474521230068   0.00428657572396203   0.0051458582440326315   0.004241623127947871   0.005196777071855541   0.004218755638508603   0.0052869358578179135   0.004228064729097986   0.005434604845703883   0.00428244104512855   0.005657378087874291   0.004394204340018614   0.00596411491747884   0.004546788519530446   0.006343021287870247   0.004731406308785621   0.006823496221261114   0.004979091495314475   0.007473338422901209   0.0053273991421374746   0.008364444954286223   0.005802685324806775   0.00963272385116685   0.006515156865087731   0.011663124837706606   0.007854242013432326   0.015560201328265867   0.011094641962733322   0.02504667556760169   0.022184698748385804   0.06171743927735178   0.1145380374636643   0.6437333509262605   1.0   0.4642489388482057   0.09243732897285703   0.02885362735913281   -0.02687978403989337   0.04359492099633808   0.3890480203273685   0.5424930982643723   0.039740826465388575   -0.3706569829045394   -0.3701096902521254   -0.3354235172161311   -0.1580629625619067   0.06961384419976392   0.1582508992549979   0.15979696939398838   0.14163753212093386   0.16352271046974884   0.18513772768710848   0.24095233298217922   0.09737430797576414   -0.14366835745652082   -0.19839819322663307   -0.19924740717074216   -0.17096349194815502   -0.13245632467373852   -0.1222151366359136   -0.14939630929461256   -0.09094642265281273   -0.020289326295382583   -0.009398707266273855   -0.013768760061357882   -0.037215148118420464   -0.07977357757372755   -0.1108149174672143   
T_sec   15.0   15.5   16.0   16.5   17.0   17.5   18.0   18.5   19.0   19.5   20.0   20.5   21.0   21.5   22.0   22.5   23.0   23.5   24.0   24.5   25.0   25.5   26.0   26.5   27.0   27.5   28.0   28.5   29.0   29.5   30.0   30.5   31.0   31.5   32.0   32.5   33.0   33.5   34.0   34.5   35.0   35.5   36.0   36.5   37.0   37.5   38.0   38.5   39.0   39.5   40.0   40.5   41.0   41.5   42.0   42.5   43.0   43.5   44.0   44.5   45.0   45.5   46.0   46.5   47.0   47.5   48.0   48.5   49.0   49.5   50.0   50.5   51.0   51.5   52.0   52.5   53.0   53.5   54.0   54.5   55.0   
U2   0.00441049677255455   0.004265617792356494   0.004385108731681836   0.004235862026025574   0.004383124475812186   0.004218420950850824   0.004393075581818518   0.004212321855709757   0.004418940503659494   0.004219257276660554   0.0044607192413351135   0.004242359399632787   0.0045263687027627   0.004289711575637174   0.004624692063888664   0.00436626496975486   0.004750271220882956   0.004459237952080772   0.00489959465853582   0.0045741750695383575   0.005084597738723234   0.004719286116231728   0.0053069729975033855   0.004891438906231314   0.0055571974339941625   0.005069175076779025   0.005822829913946002   0.005252368184781466   0.006115679356141488   0.005456338664230981   0.006469013042121303   0.005729207291911689   0.006956981947228613   0.006157819063603116   0.007685224182820368   0.006867363864800008   0.008838820496333341   0.008147714286266997   0.010865721316287406   0.010760865733071383   0.014974977432396591   0.017222825918115095   0.025674429130757848   0.0404200079283938   0.07454854117750975   0.284993489908495   1.0   0.8314345809231911   0.26845966376012087   0.09558675502817059   0.05048653986968796   0.1279354233262162   0.4829587060054317   0.41668228162178367   -0.17391970565240922   -0.38405166006220665   -0.33349522210940485   -0.1757135993107127   7.066296177180748e-05   0.13474407831506482   0.15274188107017342   0.17163003126764043   0.15631137996356076   0.21503454166588454   0.21400851523295583   -0.11103187951183206   -0.20044416171404353   -0.14585267213274325   -0.13326338191446263   -0.1468963843350002   -0.10605456537946865   -0.07895696366579909   -0.0855532316678534   -0.08104976520699284   -0.07336757447903039   -0.04461509251498103   -0.04841982578033186   -0.051057019225954264   -0.06501385279788853   -0.0747806619482794   -0.0955665088837819   
T_sec   15.0   15.5   16.0   16.5   17.0   17.5   18.0   18.5   19.0   19.5   20.0   20.5   21.0   21.5   22.0   22.5   23.0   23.5   24.0   24.5   25.0   25.5   26.0   26.5   27.0   27.5   28.0   28.5   29.0   29.5   30.0   30.5   31.0   31.5   32.0   32.5   33.0   33.5   34.0   34.5   35.0   35.5   36.0   36.5   37.0   37.5   38.0   38.5   39.0   39.5   40.0   40.5   41.0   41.5   42.0   42.5   43.0   43.5   44.0   44.5   45.0   45.5   46.0   46.5   47.0   47.5   48.0   48.5   49.0   49.5   50.0   50.5   51.0   51.5   52.0   52.5   53.0   53.5   54.0   54.5   55.0   
U3   0.0064325078167832865   0.003247894933733218   0.006526316914104412   0.0031648957009247284   0.0066407583138072155   0.0030848135922103945   0.006775832015891696   0.003007906197149416   0.0069471517748220125   0.0029444252695428313   0.007151972192876804   0.002884119055589601   0.007392866941404635   0.0028270304868829254   0.007672366760160861   0.0027707146868538434   0.007998192663191166   0.0027153004502819527   0.008377722211795627   0.00263976909044678   0.008784733565485495   0.0025151239842959986   0.009224219513222368   0.002332271641347591   0.009706234323478568   0.0020772717495748188   0.010259363143284732   0.0017676690954384555   0.010947973515310771   0.0014059523767980288   0.011828321290682807   0.0009716621297663674   0.012985128547044431   0.00045488340206116323   0.014575110610617921   -0.00015619273174497956   0.01689169993109773   -0.000849358283698387   0.020546422333296514   -0.0015054647513225025   0.027064125771857434   -0.001507920322736043   0.04128296427585478   0.0030871851840090993   0.08896879988882307   0.06942568470693786   0.6747108767136365   1.0   0.21018608660616406   0.11462643027319702   0.04946376765849477   0.12454769692390284   0.5455567529244951   0.48405524015171747   -0.363995228154656   -0.36539346354691316   -0.35217723663718453   -0.08244744602740778   0.04056215244596356   0.16756438734303739   0.1476889467070346   0.18877274273571767   0.18148329110788664   0.35827783652942297   0.05819936260640299   -0.29578576827480973   -0.19152158840389716   -0.12934282087344917   -0.11915584258359008   -0.15111163162590585   -0.1066293816159956   -0.06346384356951794   -0.0973063793333156   -0.017874283120691597   -0.07055041092776095   -0.09562403148033229   -0.0695753165243439   -0.05889656460075887   -0.0775539868565236   -0.07948552160605683   -0.10849947970238502   
T_sec   15.0   15.5   16.0   16.5   17.0   17.5   18.0   18.5   19.0   19.5   20.0   20.5   21.0   21.5   22.0   22.5   23.0   23.5   24.0   24.5   25.0   25.5   26.0   26.5   27.0   27.5   28.0   28.5   29.0   29.5   30.0   30.5   31.0   31.5   32.0   32.5   33.0   33.5   34.0   34.5   35.0   35.5   36.0   36.5   37.0   37.5   38.0   38.5   39.0   39.5   40.0   40.5   41.0   41.5   42.0   42.5   43.0   43.5   44.0   44.5   45.0   45.5   46.0   46.5   47.0   47.5   48.0   48.5   49.0   49.5   50.0   50.5   51.0   51.5   52.0   52.5   53.0   53.5   54.0   54.5   55.0   
U4   0.004624296314921302   0.004260499211320058   0.004727006411664972   0.0043264142680865935   0.004819691315471529   0.004381744176818867   0.004905592583629971   0.004424767985182338   0.004978887230349491   0.004452344309578049   0.005047119193755434   0.004477739900232114   0.005120013145714794   0.004500094280977259   0.005198529736084881   0.0045277116924160605   0.005286570650941879   0.004555729798615023   0.005384996366453064   0.004586629854385914   0.005493706708928388   0.00462147268327608   0.0056233870000921594   0.004668562525888101   0.005782241306856911   0.004737164272681856   0.005982475555901405   0.00483664298780727   0.006242118659695208   0.004984667976016842   0.006589124549954961   0.005212275465979222   0.007068715768389645   0.005568070817425515   0.007752548183470419   0.006137518604546284   0.008778711588489044   0.007101832602686798   0.010435072628653732   0.008883951127877343   0.013439219900851099   0.012651335288247202   0.01997622677100782   0.02257723694584663   0.040035764450235684   0.06512370813259642   0.20501571249047457   0.6907213552480035   1.0   0.42437604906447884   0.19681419197192002   0.355203175235159   0.6756901370346143   0.21719294468928116   -0.46195239770071034   -0.30718603675492523   -0.148243465875953   0.07482045664046229   0.16732871104641453   0.23507501973890513   0.2794834089505363   0.439322618458824   0.13635944767978742   -0.30749297527327724   -0.2715352025936992   -0.2116943563793524   -0.1576055530876909   -0.13892649753958997   -0.11031598653394654   -0.14493248822584448   -0.10086044880629197   -0.0715005642034197   -0.07717953844216296   -0.058471205948928316   -0.07981751442837459   -0.13615715382670646   -0.14147831216579465   -0.08934700407845239   -0.08967054926710764   -0.0699755999964844   -0.05467907687416419   
T_sec   15.0   15.5   16.0   16.5   17.0   17.5   18.0   18.5   19.0   19.5   20.0   20.5   21.0   21.5   22.0   22.5   23.0   23.5   24.0   24.5   25.0   25.5   26.0   26.5   27.0   27.5   28.0   28.5   29.0   29.5   30.0   30.5   31.0   31.5   32.0   32.5   33.0   33.5   34.0   34.5   35.0   35.5   36.0   36.5   37.0   37.5   38.0   38.5   39.0   39.5   40.0   40.5   41.0   41.5   42.0   42.5   43.0   43.5   44.0   44.5   45.0   45.5   46.0   46.5   47.0   47.5   48.0   48.5   49.0   49.5   50.0   50.5   51.0   51.5   52.0   52.5   53.0   53.5   54.0   54.5   55.0   
U5   0.004568619309991137   0.0015346077653674711   0.004695268248976333   0.001483731307006026   0.004821850458853659   0.0014196424612426973   0.004953287824980925   0.001345264096310344   0.005094016886173109   0.001261825222751981   0.005248613580252235   0.0011706163561714228   0.0054185356437792655   0.0010663720019986654   0.005603145581295136   0.0009485672912639884   0.0058079938471525755   0.0008184172916873193   0.006041597371518408   0.0006767120740158749   0.006310777348166053   0.0005247750809614842   0.00662582719155283   0.000360518308049775   0.00699742281341149   0.00018573864675898224   0.00744547955049522   5.119566783820052e-06   0.007994145703294535   -0.00018003843197290361   0.00867689399671492   -0.00036227664500151593   0.009543087775666627   -0.0005254196783543203   0.01068151306758335   -0.0006208181331482245   0.012254501557279114   -0.0005416660491978418   0.014568327030510288   -6.72179439045445e-06   0.01832465887813557   0.0017770373429360877   0.025410584167212643   0.007707519641067463   0.04312750348524539   0.03494172900799667   0.14066995164779642   0.4168938022974625   1.0   0.5694329346347874   0.22155328944656824   0.32429548021577864   0.6678056351285151   0.15088512172763457   -0.46727864193779034   -0.2020429554063514   -0.07126029330866278   0.10872689455961237   0.16222183122547418   0.260674237868852   0.33235038718914733   0.3630812884218631   -0.22791592233323585   -0.23399506436479828   -0.19916319180753334   -0.16499537052732577   -0.12208440429823748   -0.1152184969934362   -0.11267915153937604   -0.13571735657618794   -0.09842300461367635   -0.06120139195316339   -0.07754988954965499   -0.033640271575518514   -0.05623224659588755   -0.10770126031911044   -0.15267164721026855   -0.06979711738369239   -0.07576672796382011   -0.027212753257338827   -0.061441540952815794   
T_sec   15.0   15.5   16.0   16.5   17.0   17.5   18.0   18.5   19.0   19.5   20.0   20.5   21.0   21.5   22.0   22.5   23.0   23.5   24.0   24.5   25.0   25.5   26.0   26.5   27.0   27.5   28.0   28.5   29.0   29.5   30.0   30.5   31.0   31.5   32.0   32.5   33.0   33.5   34.0   34.5   35.0   35.5   36.0   36.5   37.0   37.5   38.0   38.5   39.0   39.5   40.0   40.5   41.0   41.5   42.0   42.5   43.0   43.5   44.0   44.5   45.0   45.5   46.0   46.5   47.0   47.5   48.0   48.5   49.0   49.5   50.0   50.5   51.0   51.5   52.0   52.5   53.0   53.5   54.0   54.5   55.0   
U6   0.0036039908501139493   0.0037630308646550916   0.0036474659705307637   0.0037807017358500055   0.003692235012749748   0.0037943430114421688   0.003736042886969791   0.0038057291972332214   0.003788390536394806   0.0038212928088232666   0.003850239129023734   0.003838778756411195   0.003918852991055994   0.003855451366196425   0.004002771897696557   0.0038799982435801694   0.004105692690744947   0.00390838979295968   0.0042289092920033316   0.003943361688135536   0.0043751573752722935   0.003976374153902767   0.00454476969435506   0.004012417953863064   0.004752237956057236   0.004054376592013251   0.005011092699185486   0.004107388662151263   0.005342110315949276   0.004178034510073445   0.005779597737364735   0.004280288165175189   0.006372353601253599   0.0044332622506498215   0.007207993656055952   0.004684535125891662   0.008441601420638213   0.005119947490092429   0.010377872585132059   0.005937280651249939   0.013663536795010037   0.00764932480160684   0.019969651055965657   0.011914119194439632   0.03478435935845366   0.026547969353028958   0.08797585599870564   0.14288548583389565   0.76992117537671   1.0   0.420648557321274   0.5256678731169193   0.9913762685671434   -0.05133453674772096   -0.5341891559611927   -0.13680958489536496   0.07316596805755514   0.26699676954418394   0.29116068115851534   0.8255504676057582   0.313513571131186   -0.5095991251013802   -0.27684969142849275   -0.21554823886729088   -0.13439672158865967   -0.1586522131055929   -0.09578199021821263   -0.19472156669736912   -0.2487046379371393   -0.20854211088929359   -0.08139515590046312   -0.13991556910311123   -0.08415056529128034   -0.021955922811238728   -0.05341882374093618   -0.10271544089315877   -0.1706507854528657   -0.13203195345969893   -0.04248006305640779   -0.08583746957507105   -0.07943503214349713   
T_sec   15.0   15.5   16.0   16.5   17.0   17.5   18.0   18.5   19.0   19.5   20.0   20.5   21.0   21.5   22.0   22.5   23.0   23.5   24.0   24.5   25.0   25.5   26.0   26.5   27.0   27.5   28.0   28.5   29.0   29.5   30.0   30.5   31.0   31.5   32.0   32.5   33.0   33.5   34.0   34.5   35.0   35.5   36.0   36.5   37.0   37.5   38.0   38.5   39.0   39.5   40.0   40.5   41.0   41.5   42.0   42.5   43.0   43.5   44.0   44.5   45.0   45.5   46.0   46.5   47.0   47.5   48.0   48.5   49.0   49.5   50.0   50.5   51.0   51.5   52.0   52.5   53.0   53.5   54.0   54.5   55.0   
U7   0.003485461484635332   0.0021576013853892573   0.0035448642722349906   0.00216056255194756   0.0036124450914287484   0.0021664487689089023   0.0036872848075847698   0.0021721295439152835   0.003768049153201857   0.0021811536889136504   0.003858409355608044   0.0021914338549187157   0.00395561066650748   0.0022021365894721702   0.004061572257257984   0.0022136802121629586   0.004178296856911179   0.00222669167125457   0.004308037867600098   0.0022424238010341217   0.004453550037620592   0.002265887938650078   0.0046231785139543655   0.002298755237978502   0.0048225999085807275   0.0023481233229132844   0.005061914080051247   0.0024233868572480074   0.005356897498896801   0.0025410381286701455   0.005733510051893645   0.002722994832645139   0.006223808681866001   0.003008709033458757   0.006886815566339641   0.00347061205957241   0.007829558722782346   0.00424207924393075   0.009243816149080071   0.005598417152559045   0.011547397184264696   0.008197097163988361   0.015782624885775934   0.013865074613581536   0.025240854387135202   0.029540496335436494   0.05645390316269818   0.10933160888166134   0.3752949984787877   0.9216706135997536   0.901068580912234   0.5960767576012109   1.0   0.11367818058321538   -0.5809915260111016   -0.06190624969732383   0.21609568696815573   0.4559899798329721   0.7737379260586207   0.7202663681048731   -0.5138721782939648   -0.5199182765438611   -0.2152642996672889   -0.13245898591616495   -0.12652997393938795   -0.12415216705438606   -0.2172070011905945   -0.2540482398136354   -0.22911270491037106   -0.1953455279290166   -0.12986178425593695   -0.1184817402934092   -0.07117536870499036   0.0010351618930359685   -0.055011169995535125   -0.1083515407124853   -0.16131713746449247   -0.11622152263879451   -0.10626797831260647   -0.09023604602770874   -0.05601264591209378   
T_sec   15.0   15.5   16.0   16.5   17.0   17.5   18.0   18.5   19.0   19.5   20.0   20.5   21.0   21.5   22.0   22.5   23.0   23.5   24.0   24.5   25.0   25.5   26.0   26.5   27.0   27.5   28.0   28.5   29.0   29.5   30.0   30.5   31.0   31.5   32.0   32.5   33.0   33.5   34.0   34.5   35.0   35.5   36.0   36.5   37.0   37.5   38.0   38.5   39.0   39.5   40.0   40.5   41.0   41.5   42.0   42.5   43.0   43.5   44.0   44.5   45.0   45.5   46.0   46.5   47.0   47.5   48.0   48.5   49.0   49.5   50.0   50.5   51.0   51.5   52.0   52.5   53.0   53.5   54.0   54.5   55.0   
U8   0.001557187619624289   0.0005427487967241465   0.0016102344767857507   0.0005447980839999067   0.0016686631942941807   0.0005465029224365574   0.0017313575770022639   0.000547576996574796   0.0017974877452219947   0.000547447675496013   0.0018698587201666007   0.0005483473494948339   0.00194681074246007   0.0005480145615867325   0.0020325513439222475   0.0005497978972136428   0.0021279394709310465   0.0005550708002922816   0.0022388714813722337   0.000568011735952593   0.00236677895254233   0.0005905377123399949   0.00252064957899964   0.0006265408791251304   0.0027010850583526727   0.0006818303941240605   0.0029232557585048067   0.0007641905566780692   0.003193946050409626   0.0008877874548631069   0.0035401190177420426   0.0010776918794588495   0.003992688027227419   0.0013712237011755041   0.004603890420149664   0.0018333213539467907   0.005469125984448588   0.0025953804830063623   0.006763422230491911   0.0038876236041598842   0.008826755004559636   0.006263745995293846   0.012500841446942097   0.0111832672354426   0.020251731375694363   0.0235555418476793   0.04251847639610886   0.07118812181692304   0.19175706495543812   0.6481950674589622   1.0   0.9012988813987531   0.956294284920555   0.16651269831184262   -0.44243600795241655   0.015294926145132682   0.3658516861372276   0.8809039262065628   0.8372355953644671   -0.26311715375241124   -0.5877515189945138   -0.2734106702109745   -0.17402936070018812   -0.11802661764113583   -0.1775799420457001   -0.17429596973952588   -0.22917492707400752   -0.17977293389800117   -0.1690448782038539   -0.20046691690890822   -0.12787831083970588   -0.05520420559465697   -0.05474349682900389   -0.022631249782811426   -0.0764787065916867   -0.11436841302256617   -0.09244485398883504   -0.13921823608519676   -0.17482534897032057   -0.07447663400752942   -0.06277609677382504   
T_sec   15.0   15.5   16.0   16.5   17.0   17.5   18.0   18.5   19.0   19.5   20.0   20.5   21.0   21.5   22.0   22.5   23.0   23.5   24.0   24.5   25.0   25.5   26.0   26.5   27.0   27.5   28.0   28.5   29.0   29.5   30.0   30.5   31.0   31.5   32.0   32.5   33.0   33.5   34.0   34.5   35.0   35.5   36.0   36.5   37.0   37.5   38.0   38.5   39.0   39.5   40.0   40.5   41.0   41.5   42.0   42.5   43.0   43.5   44.0   44.5   45.0   45.5   46.0   46.5   47.0   47.5   48.0   48.5   49.0   49.5   50.0   50.5   51.0   51.5   52.0   52.5   53.0   53.5   54.0   54.5   55.0   
U9   0.0021513897911926523   -0.00025588480951557995   0.0022340406583598142   -0.0003045756733181189   0.002320910563533331   -0.00036003747648582997   0.00241412931107747   -0.0004211884123690052   0.0025179468500250066   -0.00048803814066340144   0.002630237239889977   -0.0005607798394291438   0.0027552436679181293   -0.0006408913311319473   0.0028950785510213663   -0.0007311350826431167   0.0030497341614430843   -0.000833191754184249   0.0032234614141856337   -0.0009468295289121915   0.0034205015645556117   -0.0010739222451086664   0.0036493477488315413   -0.0012159380655436315   0.003914238324411291   -0.0013753786611579687   0.004225785606272318   -0.0015549195615611707   0.004603098909548907   -0.0017578931081091607   0.005061037600342567   -0.001987564024287564   0.005629336832339097   -0.0022468879391727968   0.006359004687658002   -0.0025336239460443774   0.007322303823430544   -0.002844188519746677   0.008653242869929788   -0.003147788769908515   0.010581666823972921   -0.0033657038839158262   0.013597478987820101   -0.003237566128961179   0.018886719739132626   -0.0017447870453868321   0.03013851562708783   0.006378519833612843   0.06662532099657326   0.08782824846468083   0.4562389490057383   0.47226134247637486   0.7219744279301988   0.11861693883129082   -0.3076507652409825   0.1521550782700493   0.4221072091718069   1.0   -0.1916786335487934   -0.4039847502785855   -0.14684419058278245   -0.14269488448128362   -0.13217684496341045   -0.14625885265744681   -0.13077841251280695   -0.12827257204773723   -0.09105440269209482   -0.05154601155018775   -0.0647452165966194   -0.13043645294100817   -0.034111069907752097   -0.038879041470449106   -0.07318915648471774   -0.03429152095199704   -0.10190153218939248   -0.0631100313450197   -0.07959520803673897   -0.11106847810787598   -0.060009867852059175   -0.023825914556068552   -0.0710994176608243   
T_sec   15.0   15.5   16.0   16.5   17.0   17.5   18.0   18.5   19.0   19.5   20.0   20.5   21.0   21.5   22.0   22.5   23.0   23.5   24.0   24.5   25.0   25.5   26.0   26.5   27.0   27.5   28.0   28.5   29.0   29.5   30.0   30.5   31.0   31.5   32.0   32.5   33.0   33.5   34.0   34.5   35.0   35.5   36.0   36.5   37.0   37.5   38.0   38.5   39.0   39.5   40.0   40.5   41.0   41.5   42.0   42.5   43.0   43.5   44.0   44.5   45.0   45.5   46.0   46.5   47.0   47.5   48.0   48.5   49.0   49.5   50.0   50.5   51.0   51.5   52.0   52.5   53.0   53.5   54.0   54.5   55.0   
U10   0.002358041078292313   -0.0034011854106113853   0.0025121392830527605   -0.0035421820540556784   0.002678471111957045   -0.0036946270530021533   0.002863938645718742   -0.0038587167246112233   0.0030666200469990413   -0.004035783954740455   0.0032895737218339043   -0.004229083466586222   0.0035341325560808963   -0.004441477349024068   0.0038052767931147833   -0.004673709536430319   0.00411143771666712   -0.004927112914662539   0.004455281098453037   -0.005207607978632235   0.0048452382222040884   -0.005515349711234488   0.005294131663545353   -0.0058577878103987825   0.00581172559206595   -0.00623754671357492   0.006419077549962097   -0.00666434925608669   0.007135912193572448   -0.007142307744136537   0.008000345949716743   -0.007679336824339197   0.009062573886463475   -0.008280210068742778   0.01039961412609378   -0.008952284152579868   0.012126446234813444   -0.00969270725874152   0.014450328951190108   -0.010457938311881193   0.01774154651346737   -0.011141170504967152   0.022748137804394424   -0.011363935827218404   0.03122766419857681   -0.009685764474771832   0.04870361012814318   0.0012199707820003689   0.1037330180441205   0.10911202063560693   0.6000545074102348   0.8640364226582338   1.0   0.29422175866919287   -0.3220747073204517   0.22598436056680654   0.8629773454086231   0.9018631223423672   -0.5481358499172149   -0.31541584402038486   -0.20912534179633668   -0.1848967844710133   -0.23986190829107792   -0.1408574639776099   -0.18380306278830716   -0.12488738431488348   -0.07213966474074478   -0.030506086635582862   -0.10693444805409266   -0.13435645938539667   -0.07054330548954928   -0.050343993093268286   -0.11047835153436886   -0.05271571394638144   -0.14144864887962127   -0.05081929100078005   -0.13168035492792868   -0.07936185750340474   -0.06803437794743483   -0.046863191241446535   -0.08817593085789284   
T_sec   15.0   15.5   16.0   16.5   17.0   17.5   18.0   18.5   19.0   19.5   20.0   20.5   21.0   21.5   22.0   22.5   23.0   23.5   24.0   24.5   25.0   25.5   26.0   26.5   27.0   27.5   28.0   28.5   29.0   29.5   30.0   30.5   31.0   31.5   32.0   32.5   33.0   33.5   34.0   34.5   35.0   35.5   36.0   36.5   37.0   37.5   38.0   38.5   39.0   39.5   40.0   40.5   41.0   41.5   42.0   42.5   43.0   43.5   44.0   44.5   45.0   45.5   46.0   46.5   47.0   47.5   48.0   48.5   49.0   49.5   50.0   50.5   51.0   51.5   52.0   52.5   53.0   53.5   54.0   54.5   55.0   
U11   -0.0013037400394998267   -0.0006839794479222177   -0.0013136569439980328   -0.000661912707004747   -0.001323354724667012   -0.0006366500978350385   -0.0013322937878599266   -0.0006079037154173522   -0.0013400069726192186   -0.0005745237655301153   -0.0013469596141410618   -0.0005370498418201654   -0.0013530086728082778   -0.0004945838387170282   -0.0013577938109358468   -0.00044471934450501885   -0.0013585464533616802   -0.0003854203898640079   -0.0013547758835600514   -0.0003148623383057484   -0.001345104144338153   -0.00022607026628440022   -0.0013178311913330017   -0.00011269940529259557   -0.0012777911558426976   2.3272197914948187e-05   -0.001222788043113916   0.0001884420613860892   -0.001145962156636971   0.00039335499683287856   -0.001038379432290236   0.0006523861706670634   -0.0008838249731308388   0.0009894368759361283   -0.0006577763309682558   0.0014399099994260626   -0.0003186741393106642   0.002067205520554435   0.00021055798143782028   0.0029822073607775573   0.0010780900894407997   0.004409982403010058   0.002603323315100697   0.006848818208054264   0.005562665759319256   0.01160589746033212   0.012283605198483505   0.023173733907763058   0.03268830386571834   0.06724689201556622   0.16646141278429427   0.5868759532903888   0.995555586670568   0.5369729258852867   0.08782503012214896   1.0   0.695335312096186   -0.3956517005497978   -0.2723443535046186   -0.2477790817509065   -0.2851230749447106   -0.2764792197930716   -0.17294624039515366   -0.18055322561850393   -0.14351237441220954   -0.02032429816483434   0.0313894908050995   -0.03764880109076086   -0.05690583135618231   -0.07960818081992993   -0.11749353364534851   -0.1805460187305088   -0.20540983683701944   -0.13147766361030785   -0.07240205152759352   -0.1307405492237086   -0.048961612445105746   0.025755307390967357   -0.013851941975115679   -0.03428403811168534   -0.020143166307740323   
T_sec   15.0   15.5   16.0   16.5   17.0   17.5   18.0   18.5   19.0   19.5   20.0   20.5   21.0   21.5   22.0   22.5   23.0   23.5   24.0   24.5   25.0   25.5   26.0   26.5   27.0   27.5   28.0   28.5   29.0   29.5   30.0   30.5   31.0   31.5   32.0   32.5   33.0   33.5   34.0   34.5   35.0   35.5   36.0   36.5   37.0   37.5   38.0   38.5   39.0   39.5   40.0   40.5   41.0   41.5   42.0   42.5   43.0   43.5   44.0   44.5   45.0   45.5   46.0   46.5   47.0   47.5   48.0   48.5   49.0   49.5   50.0   50.5   51.0   51.5   52.0   52.5   53.0   53.5   54.0   54.5   55.0   
U12   -0.0017453305060853531   -0.002026691575134354   -0.0017375358594357172   -0.002030693319668625   -0.0017279710909328062   -0.00203371562909881   -0.0017151447506335677   -0.002033781052144299   -0.0016988985543066374   -0.0020320458892129803   -0.0016751386306395057   -0.002017165614296779   -0.0016364144279382483   -0.001994623742044833   -0.0015908505131816072   -0.001966326381254863   -0.001536793435980677   -0.0019312339029833516   -0.0014724767906966706   -0.0018877567668953107   -0.001396247126940683   -0.001833695327424851   -0.0013039161992227561   -0.00176520763726064   -0.0011917567222895274   -0.001679231062457151   -0.0010540691147087448   -0.0015691045124364995   -0.0008819903483212283   -0.0014263548353270672   -0.0006642782395670342   -0.0012377485478952616   -0.0003810960377167869   -0.0009817559822732141   -4.039475379041422e-06   -0.0006238856554477209   0.0005174446645015165   -0.00010193738634297401   0.001273995918525104   0.0007044057301159558   0.002431583517087044   0.0020160669013267597   0.004326909356953182   0.004337839593919907   0.007749734783546797   0.008976343268807457   0.01493796928497786   0.020242513585028144   0.03455335798441167   0.060338965032617584   0.13635109661248043   0.4614865861774883   1.0   0.9468216225253303   0.7950604298107514   0.8949912480334199   0.13781687373351562   -0.42776123307419567   -0.38702090395588723   -0.30800162764341477   -0.28419866657031057   -0.25419651861995907   -0.1922929853301796   -0.14184011490127277   -0.08334810625052715   0.0045388181447158366   0.014616824521353086   -0.019259148570607648   -0.07067464207191275   -0.14363183497486975   -0.18699693244323004   -0.2289833502371692   -0.21996906739895147   -0.11487033500705689   -0.10255583064210266   -0.0767927828909941   0.025583040506042678   0.05315858489058234   0.024239241283796974   -0.006479946382188398   -0.042507729187909044   
T_sec   15.0   15.5   16.0   16.5   17.0   17.5   18.0   18.5   19.0   19.5   20.0   20.5   21.0   21.5   22.0   22.5   23.0   23.5   24.0   24.5   25.0   25.5   26.0   26.5   27.0   27.5   28.0   28.5   29.0   29.5   30.0   30.5   31.0   31.5   32.0   32.5   33.0   33.5   34.0   34.5   35.0   35.5   36.0   36.5   37.0   37.5   38.0   38.5   39.0   39.5   40.0   40.5   41.0   41.5   42.0   42.5   43.0   43.5   44.0   44.5   45.0   45.5   46.0   46.5   47.0   47.5   48.0   48.5   49.0   49.5   50.0   50.5   51.0   51.5   52.0   52.5   53.0   53.5   54.0   54.5   55.0   
U13   -0.0011844808821719155   -0.002190909566221177   -0.0011544188627516671   -0.002208964424570872   -0.0011206126668993188   -0.0022257278323876022   -0.0010817120997936114   -0.0022433218100307586   -0.0010377490708967322   -0.0022590925633920833   -0.0009873574306563284   -0.0022752760643485795   -0.0009300839103199813   -0.002290279528971687   -0.0008643357259591301   -0.0023049360644058704   -0.0007891948642417518   -0.0023188392435716377   -0.0007025144115682166   -0.00233010380697855   -0.000601646321393195   -0.0023392324023699903   -0.00048397445663354486   -0.0023464997744541147   -0.00034609426560739076   -0.002349507881911218   -0.00018156118224011358   -0.002346357532781059   1.7630234009280004e-05   -0.0023309029570665763   0.0002666896665404989   -0.0022950991928104678   0.0005815545660751603   -0.002231886320556717   0.0009874861092349467   -0.0021238880404938353   0.0015273076167539072   -0.001938025579241899   0.002277827182414683   -0.0016098152162841136   0.0033736337035903774   -0.0010139410337866384   0.00508951643395735   0.00014784008787395165   0.008039218506763235   0.0026423838713884045   0.013863797770587253   0.008978803154516142   0.028402632478968577   0.031231255702413103   0.08848942052059029   0.21712115572391127   0.7128217536955362   1.0   0.7284920773748438   0.42872572227477157   -0.23175579744973326   -0.3410310697677043   -0.25781758647727   -0.18723876639282117   -0.16714558437155205   -0.1417698219027453   -0.11397224388769177   -0.06380448620262617   -0.033932821622998745   0.008990987025135108   -0.01230025988804961   -0.03718807175943776   -0.05662591011672862   -0.09936468596226018   -0.13625023223011615   -0.15102961371806056   -0.1394186953382518   -0.05835686872541337   -0.04353075028266212   0.004396564846268939   0.041207046683309295   0.04635677481130959   0.023516856601037906   -0.00039508982373548276   -0.049364407394842005   
T_sec   15.0   15.5   16.0   16.5   17.0   17.5   18.0   18.5   19.0   19.5   20.0   20.5   21.0   21.5   22.0   22.5   23.0   23.5   24.0   24.5   25.0   25.5   26.0   26.5   27.0   27.5   28.0   28.5   29.0   29.5   30.0   30.5   31.0   31.5   32.0   32.5   33.0   33.5   34.0   34.5   35.0   35.5   36.0   36.5   37.0   37.5   38.0   38.5   39.0   39.5   40.0   40.5   41.0   41.5   42.0   42.5   43.0   43.5   44.0   44.5   45.0   45.5   46.0   46.5   47.0   47.5   48.0   48.5   49.0   49.5   50.0   50.5   51.0   51.5   52.0   52.5   53.0   53.5   54.0   54.5   55.0   
U14   -0.0010308818126307418   -0.002151024826809413   -0.0009982062586511085   -0.0021682969465226204   -0.0009612069311917044   -0.0021862077493727526   -0.0009195698215782728   -0.002204659676327331   -0.0008725975469914956   -0.002222136012957122   -0.0008193488270308576   -0.0022399095761101617   -0.0007590912233305112   -0.0022578096374796137   -0.0006907089233795483   -0.00227564107900052   -0.0006126676849754687   -0.002291740847694927   -0.000522924362863236   -0.0023085838469603637   -0.00041987460374729075   -0.0023244094647863985   -0.00030080577486605084   -0.002338786002454312   -0.00016112909726840466   -0.0023509110369219675   4.818177538508434e-06   -0.0023583995783710695   0.00020772674176926608   -0.002355240537002545   0.00045795217107404547   -0.0023383562538675006   0.0007706623553674449   -0.0023009527279312216   0.0011716947688884974   -0.002228876443261714   0.0017033443747898772   -0.0020941084956666114   0.0024373341999549616   -0.0018429037140244347   0.0035023257823809566   -0.0013647780078983685   0.005160802085302978   -0.00040832299556825113   0.00798895131974573   0.0016903324971440684   0.013522965475906638   0.007083886974023419   0.02710395353457212   0.025948892357262124   0.08097619303576756   0.17599724494773988   0.6407161835704945   1.0   0.7073546118710885   0.3689255298784358   -0.2983837675796241   -0.31421885956278517   -0.2321004249800816   -0.17219359704158205   -0.1490343990944525   -0.12587697776237458   -0.10689278446975654   -0.05570659289379269   -0.028899053503902736   0.0037925010794213425   -0.02497335525375195   -0.040305908730446934   -0.04952335584550587   -0.09223041620972507   -0.13139304291220824   -0.1392911695059413   -0.13290353083057257   -0.04885272301879938   -0.03771020525261496   0.009433320706624438   0.041169715695103484   0.044966977347662626   0.021902125818122994   0.000936992281504907   -0.048295343035812226   
T_sec   15.0   15.5   16.0   16.5   17.0   17.5   18.0   18.5   19.0   19.5   20.0   20.5   21.0   21.5   22.0   22.5   23.0   23.5   24.0   24.5   25.0   25.5   26.0   26.5   27.0   27.5   28.0   28.5   29.0   29.5   30.0   30.5   31.0   31.5   32.0   32.5   33.0   33.5   34.0   34.5   35.0   35.5   36.0   36.5   37.0   37.5   38.0   38.5   39.0   39.5   40.0   40.5   41.0   41.5   42.0   42.5   43.0   43.5   44.0   44.5   45.0   45.5   46.0   46.5   47.0   47.5   48.0   48.5   49.0   49.5   50.0   50.5   51.0   51.5   52.0   52.5   53.0   53.5   54.0   54.5   55.0   
U15   -0.001514219237090632   -0.0018062695796150063   -0.0014924313226594916   -0.001800503724990324   -0.0014680429015951758   -0.001793144031856969   -0.001440429852305723   -0.0017836763587605324   -0.0014080378306834528   -0.001771214745484066   -0.0013716930389787569   -0.0017559253542083432   -0.0013285988497722552   -0.001735624951335942   -0.001279061363987704   -0.001711199497083808   -0.001223282662283533   -0.0016831750526508024   -0.001159194259097651   -0.00164875141469421   -0.0010858540121698908   -0.00160794050295848   -0.0010001532332848916   -0.0015572737302101654   -0.0008987692338244138   -0.001494060499727338   -0.0007768205389082302   -0.0014128254356889892   -0.0006285147374755431   -0.00130804338504403   -0.00044431176447739217   -0.0011694644654438003   -0.0002083412738601523   -0.0009777338107189559   0.00010157515066292559   -0.0007076182809608807   0.0005256304956164267   -0.0003087581598108682   0.0011328521023190054   0.00031019685047808563   0.002050356870636542   0.0013239568565609286   0.0035493585392595427   0.003150793715089881   0.006293597251119385   0.006879353915870703   0.012214579529067397   0.01622321652148829   0.029532037605288924   0.05378630651640223   0.15115995957492767   0.39219590883100736   0.714272536340291   1.0   0.8166236192371644   -0.08915700455285726   -0.40268541779963224   -0.21467979348968777   -0.18360125515719583   -0.1647856661217668   -0.1499142949153256   -0.10849770864368727   -0.11308125945053607   -0.09357157803693084   -0.04981999428387425   -0.038590200481147655   -0.036451449070206414   -0.016008716403457794   -0.03993415195814585   -0.06971064128595446   -0.10577496046060858   -0.10879389158554315   -0.08028736397056385   -0.05471722687763436   0.002753526660913704   0.05835077706255547   0.04858501386515079   0.0241093404963439   0.0023965392816068937   -0.026369946032853354   -0.07136964122147439   
T_sec   15.0   15.5   16.0   16.5   17.0   17.5   18.0   18.5   19.0   19.5   20.0   20.5   21.0   21.5   22.0   22.5   23.0   23.5   24.0   24.5   25.0   25.5   26.0   26.5   27.0   27.5   28.0   28.5   29.0   29.5   30.0   30.5   31.0   31.5   32.0   32.5   33.0   33.5   34.0   34.5   35.0   35.5   36.0   36.5   37.0   37.5   38.0   38.5   39.0   39.5   40.0   40.5   41.0   41.5   42.0   42.5   43.0   43.5   44.0   44.5   45.0   45.5   46.0   46.5   47.0   47.5   48.0   48.5   49.0   49.5   50.0   50.5   51.0   51.5   52.0   52.5   53.0   53.5   54.0   54.5   55.0   
U16   -0.0017609265452406602   -0.0016827433584997691   -0.0017471736067754928   -0.0016628004729944232   -0.0017310790626701852   -0.0016398996447701208   -0.0017121435248696017   -0.0016119724769388915   -0.001688329807180562   -0.001579340898977463   -0.0016615646287677418   -0.0015428659284683947   -0.0016311345781238025   -0.0015010184003972351   -0.0015955335642888057   -0.001452349632118711   -0.0015549444116317098   -0.0013965134056776573   -0.0015074646894662773   -0.001331095249998621   -0.0014515211831265297   -0.001253507585028566   -0.0013845894626033702   -0.0011613237954528205   -0.0013043036337782206   -0.0010488979711894394   -0.001205127084722109   -0.0009105842021564819   -0.0010807183798142448   -0.0007359197803603143   -0.0009215775098626617   -0.0005112105588008167   -0.0007118265973369442   -0.00021153129151007594   -0.0004244538196526421   0.00019685989537216041   -2.5301094912688884e-05   0.0007742519132969124   0.0005684952883258524   0.001649796328274176   0.0015107361284422201   0.0030633217601297993   0.0031277768518910842   0.005569616673259923   0.006239917106971528   0.010660240107657324   0.013393574396832501   0.023813310298073646   0.03695540277734584   0.08901609256244575   0.2536674109397741   0.5400600747203902   0.757093396109585   1.0   0.837121427694891   -0.051586475319597695   -0.3970227951648181   -0.22460286998536116   -0.20481635140586274   -0.21001237997151928   -0.17595372809030485   -0.1405253427902258   -0.1530166779518383   -0.10818734825065734   -0.04230021279380356   -0.03728769925063666   -0.03161896012372947   -0.013799199930462549   -0.030947356868730926   -0.06398658294396631   -0.10988359836489248   -0.1152069797784709   -0.08644296948098412   -0.05682753554991876   0.016880567509368408   0.06377855122833861   0.043386506636348354   0.01817698565933874   0.0010317763284429838   -0.03415509858243358   -0.07678572812358471   
T_sec   15.0   15.5   16.0   16.5   17.0   17.5   18.0   18.5   19.0   19.5   20.0   20.5   21.0   21.5   22.0   22.5   23.0   23.5   24.0   24.5   25.0   25.5   26.0   26.5   27.0   27.5   28.0   28.5   29.0   29.5   30.0   30.5   31.0   31.5   32.0   32.5   33.0   33.5   34.0   34.5   35.0   35.5   36.0   36.5   37.0   37.5   38.0   38.5   39.0   39.5   40.0   40.5   41.0   41.5   42.0   42.5   43.0   43.5   44.0   44.5   45.0   45.5   46.0   46.5   47.0   47.5   48.0   48.5   49.0   49.5   50.0   50.5   51.0   51.5   52.0   52.5   53.0   53.5   54.0   54.5   55.0   
U17   -0.0019907399294838584   -0.0009168702170993313   -0.0019955745464085984   -0.0008736270722820808   -0.0019998000332261748   -0.000826064012685802   -0.0020047207936683994   -0.0007732067342647685   -0.0020076434188678765   -0.000714081549818738   -0.002011024433761438   -0.0006481374707435897   -0.0020122042700431975   -0.0005737655282539308   -0.002012284288075912   -0.0004897373056699737   -0.0020110783647712817   -0.000394146958236265   -0.002008332695917989   -0.0002842500695049514   -0.0020024112402814323   -0.0001566756174793256   -0.0019916170436162957   -6.070501617008291e-06   -0.001973989195297492   0.0001735028376827181   -0.0019474889514084616   0.0003913616580535767   -0.0019058157990536697   0.0006592366703073796   -0.0018487682369777727   0.0009904266412417864   -0.001763117646888069   0.0014213948833080216   -0.001625152504022525   0.0020014361632863928   -0.0013981526289762133   0.0028118615893123746   -0.0010171962747273727   0.004008602773035795   -0.0003433078874188307   0.0058959487774630556   0.000939285510339222   0.009181693929400965   0.0036737481298711487   0.01584030693076221   0.010765512307189449   0.033799299468331385   0.03966847626024693   0.14891275787908184   0.36962584102579715   0.6189277862252076   0.5549571470883748   0.7502408987974748   1.0   -0.10414686610188403   -0.3143347750107137   -0.2011349557125112   -0.22274565431141766   -0.24606708734786964   -0.19602934884303466   -0.16350295316833274   -0.15400327351921927   -0.09681621217668475   -0.01550421016937164   -0.03263436683215181   -0.020177299161730503   0.003902358248689738   -0.021674241174884066   -0.049927801176447704   -0.09823912524061866   -0.1227003396606713   -0.0582764111695882   -0.06427328136804657   0.024053599844539517   0.05709565024166622   0.03600767707678195   0.007720336049753805   0.00523324814944099   -0.041795685029173024   -0.06535344511644904   
T_sec   15.0   15.5   16.0   16.5   17.0   17.5   18.0   18.5   19.0   19.5   20.0   20.5   21.0   21.5   22.0   22.5   23.0   23.5   24.0   24.5   25.0   25.5   26.0   26.5   27.0   27.5   28.0   28.5   29.0   29.5   30.0   30.5   31.0   31.5   32.0   32.5   33.0   33.5   34.0   34.5   35.0   35.5   36.0   36.5   37.0   37.5   38.0   38.5   39.0   39.5   40.0   40.5   41.0   41.5   42.0   42.5   43.0   43.5   44.0   44.5   45.0   45.5   46.0   46.5   47.0   47.5   48.0   48.5   49.0   49.5   50.0   50.5   51.0   51.5   52.0   52.5   53.0   53.5   54.0   54.5   55.0   
U18   -0.0013391674640319165   -0.0014048146734824643   -0.001309680040571862   -0.0013777382340786847   -0.0012778039814458104   -0.001347690972932816   -0.0012424754147527866   -0.001313930312355929   -0.0012032126546679075   -0.0012751111841382114   -0.0011582894474076867   -0.0012305514129387334   -0.0011079869892809612   -0.001179969802448659   -0.001051502300250802   -0.0011212183044212462   -0.000985683862517492   -0.0010524305779049626   -0.0009160332646026512   -0.000981214117819473   -0.0008392558356202854   -0.0008949618309931661   -0.0007462802516904055   -0.0007878934875274445   -0.0006323495459258081   -0.0006530233654955733   -0.0004906795078885487   -0.00048065581309277456   -0.0003110735174769192   -0.0002561169066798582   -7.785520347149798e-05   4.4310699527028074e-05   0.00023510957280607658   0.00045945986287260074   0.0006698922131176342   0.001053276104820845   0.001300961962079148   0.0019436842833948848   0.0022728630116165475   0.0033623588228434836   0.0038836393746293973   0.005823421097939309   0.006875687456100866   0.010665085478899893   0.013511106714158711   0.02261112340138684   0.034558840247317396   0.07501955966944407   0.231458207974051   0.5913502354278596   0.6370037276501138   0.33432621344731944   0.4368941820866779   0.7637405121972228   1.0   0.35297375333114656   -0.2591296583584135   -0.37350625184789066   -0.470556251347758   -0.39264661330066736   -0.2783773747974649   -0.19917919713430302   -0.132683424929588   -0.06971761027286408   -0.004555795520309055   0.005051365904477914   -0.02129398750073899   -0.007155842309702467   -0.01697107052926054   -0.062652587671987   -0.11796795724491835   -0.1214449911317654   -0.07407862989103937   -0.06962583729300295   0.0071998952819367565   0.054561893826699064   0.026975227616756962   -0.004231462905036952   -0.027324430434484553   -0.030130049481775324   -0.04275705181008798   
T_sec   15.0   15.5   16.0   16.5   17.0   17.5   18.0   18.5   19.0   19.5   20.0   20.5   21.0   21.5   22.0   22.5   23.0   23.5   24.0   24.5   25.0   25.5   26.0   26.5   27.0   27.5   28.0   28.5   29.0   29.5   30.0   30.5   31.0   31.5   32.0   32.5   33.0   33.5   34.0   34.5   35.0   35.5   36.0   36.5   37.0   37.5   38.0   38.5   39.0   39.5   40.0   40.5   41.0   41.5   42.0   42.5   43.0   43.5   44.0   44.5   45.0   45.5   46.0   46.5   47.0   47.5   48.0   48.5   49.0   49.5   50.0   50.5   51.0   51.5   52.0   52.5   53.0   53.5   54.0   54.5   55.0   
U19   -0.0015624736353406633   -0.0008953160184781001   -0.0015612281463233593   -0.0008360991217058683   -0.0015593517131094446   -0.0007704257195023737   -0.0015566018211162725   -0.0006985383264502638   -0.0015526629982455372   -0.000617169605450519   -0.0015453474020022955   -0.0005285410807247121   -0.001546154645762137   -0.00043741445265677487   -0.001545673944873165   -0.0003320632270418259   -0.0015398702918548069   -0.00020907792620392034   -0.0015279395375676801   -6.551325662793393e-05   -0.0015075369808581762   0.00010418369137913096   -0.001474808636065172   0.0003066662436810778   -0.0014253326294694666   0.00055214055150454   -0.001349390000072425   0.0008553526437573964   -0.0012356586998477643   0.0012367956355663773   -0.0010631373252790682   0.0017298363771317095   -0.0007990747194206451   0.0023852186229637654   -0.00038462831260599456   0.003293811735769275   0.0002871570376904659   0.004610057697987411   0.0014283320828454174   0.006661450413913089   0.003513084696859113   0.01018174991353826   0.007785643106110461   0.017312618092975834   0.018493322234905678   0.03716080336532763   0.061256792260613556   0.17613717643234494   0.5670174327500725   0.8646339378423931   0.3037229122146965   0.2935105952175928   0.5114166440905142   0.9209504031001894   1.0   0.7214235288586645   -0.2719417828450163   -0.7276421692857271   -0.5895048392123812   -0.43813343211580547   -0.30610230521494536   -0.20914947743500975   -0.06307732426487983   -0.04403509675735086   -0.007892350137566808   -0.007722884888624149   -0.02635589000354896   -0.013205078519036349   -0.01899299571183716   -0.10721040860836334   -0.10593106685377854   -0.12343295596874408   -0.09520437646744713   -0.06743565145865987   -0.006230731177457136   0.05088840068015368   0.029250355659002553   -0.021775371912259322   -0.013973447292413302   -0.009649213165286196   -0.04805527256722553   
T_sec   15.0   15.5   16.0   16.5   17.0   17.5   18.0   18.5   19.0   19.5   20.0   20.5   21.0   21.5   22.0   22.5   23.0   23.5   24.0   24.5   25.0   25.5   26.0   26.5   27.0   27.5   28.0   28.5   29.0   29.5   30.0   30.5   31.0   31.5   32.0   32.5   33.0   33.5   34.0   34.5   35.0   35.5   36.0   36.5   37.0   37.5   38.0   38.5   39.0   39.5   40.0   40.5   41.0   41.5   42.0   42.5   43.0   43.5   44.0   44.5   45.0   45.5   46.0   46.5   47.0   47.5   48.0   48.5   49.0   49.5   50.0   50.5   51.0   51.5   52.0   52.5   53.0   53.5   54.0   54.5   55.0   
U20   -0.0016743537081908447   -0.0003017941247314486   -0.0016966046396042552   -0.0002541537532644457   -0.0017178016382255101   -0.00019919780872888946   -0.0017370665845692045   -0.00013661776114186344   -0.001755628751210069   -6.462734034264224e-05   -0.001772108236099612   1.922957513977408e-05   -0.0017847488002670226   0.00011807895808665598   -0.0017912924221784043   0.0002346854599519184   -0.001791212135437678   0.0003752157800852796   -0.001778386287480001   0.0005440828025441131   -0.0017540189670471155   0.0007470919053507814   -0.0017094544249257454   0.0010021585814569925   -0.0016327002472677496   0.0013189164878450322   -0.0015191648395063624   0.0017212245330462386   -0.0013420783860153241   0.002243553663867422   -0.001078584596341123   0.0029405962855885166   -0.0006618969689753725   0.00391072317621443   5.856332668800712e-06   0.005326240596209941   0.0011317333262192773   0.00752114902822913   0.003143799223366335   0.01123008578313896   0.007142648555804777   0.018453752693593912   0.016705650717188714   0.03678409252350517   0.05084302075652375   0.13376106305522636   0.4207647377099985   0.9305747101450639   0.7270975243903006   0.21412022587765867   0.34431231995943445   0.5443685044537266   0.79308180191092   1.0   0.8420600379593497   0.556653541699059   -0.043755538032723626   -0.9234422774762376   -0.7832061134277635   -0.5191424926103966   -0.25116098399904613   -0.057736938628764424   -0.008294423985608626   -0.04441896288709897   -0.10143123358009924   -0.07826859320111536   -0.027224095641162988   -0.09839027024956379   -0.0886610262240277   -0.06467205585132023   -0.09488452004370904   -0.11484017755668038   -0.11718180168665354   -0.07778075084524787   -0.020949145432556295   -0.015681494997958116   0.013425462192881335   0.019838524720083236   0.006698598145747342   -0.03231157399908895   -0.06181086160063771   
T_sec   15.0   15.5   16.0   16.5   17.0   17.5   18.0   18.5   19.0   19.5   20.0   20.5   21.0   21.5   22.0   22.5   23.0   23.5   24.0   24.5   25.0   25.5   26.0   26.5   27.0   27.5   28.0   28.5   29.0   29.5   30.0   30.5   31.0   31.5   32.0   32.5   33.0   33.5   34.0   34.5   35.0   35.5   36.0   36.5   37.0   37.5   38.0   38.5   39.0   39.5   40.0   40.5   41.0   41.5   42.0   42.5   43.0   43.5   44.0   44.5   45.0   45.5   46.0   46.5   47.0   47.5   48.0   48.5   49.0   49.5   50.0   50.5   51.0   51.5   52.0   52.5   53.0   53.5   54.0   54.5   55.0   
U21   -0.00023566870323937368   -0.0014016016471160011   -0.00020145114038974357   -0.0014440838334724207   -0.00015958537683112732   -0.0014867698696971667   -0.00010885044689555853   -0.001528713798334667   -4.80277609005981e-05   -0.0015704680117952408   2.40467443908196e-05   -0.001610915845330612   0.0001119795474526388   -0.0016474991867575159   0.0002189309273527596   -0.0016797675685997983   0.0003475585452230811   -0.0017102150726532382   0.0004989150354243943   -0.001734548123202965   0.0006875429330815543   -0.0017430914158972956   0.0009272592976308657   -0.001727774673155656   0.001233988833215743   -0.0016783535663173503   0.0016309844139729298   -0.0015752925234731418   0.002159483864400902   -0.001388162078679672   0.0028749925359105965   -0.001063547650890882   0.0038857615452578243   -0.000503012883518183   0.005366685496265753   0.0004914292253783501   0.007682584614950179   0.002359636406603074   0.011661014205332821   0.006271464453038792   0.01960756573005842   0.0162663107456575   0.040958366888834995   0.05644235115395897   0.17599325713792857   0.5522909483228272   1.0   0.4244093730188611   0.15454597447239485   0.3987845936439499   0.48095963924067375   0.5632028053211986   0.5789310299964053   0.6219844954255981   0.47416928572291717   0.359507820390495   0.12847957943698696   -0.6548069667829466   -0.7763022880193082   -0.3299369265562009   -0.06830902825575773   0.005834564099413291   -0.04865877066558079   -0.11883306327005247   -0.1665676494852951   -0.1309456391190447   -0.12163125183346937   -0.06157799969153609   -0.04342270279929999   -0.0469930575854929   -0.08290770500775874   -0.08063969096748302   -0.10855916328921977   -0.07622719959943329   -0.06032870402988631   -0.05597062661418722   0.04031277668454695   0.031209131078823792   -0.019168895505575694   -0.04583683316267635   -0.054152206753288294   
T_sec   15.0   15.5   16.0   16.5   17.0   17.5   18.0   18.5   19.0   19.5   20.0   20.5   21.0   21.5   22.0   22.5   23.0   23.5   24.0   24.5   25.0   25.5   26.0   26.5   27.0   27.5   28.0   28.5   29.0   29.5   30.0   30.5   31.0   31.5   32.0   32.5   33.0   33.5   34.0   34.5   35.0   35.5   36.0   36.5   37.0   37.5   38.0   38.5   39.0   39.5   40.0   40.5   41.0   41.5   42.0   42.5   43.0   43.5   44.0   44.5   45.0   45.5   46.0   46.5   47.0   47.5   48.0   48.5   49.0   49.5   50.0   50.5   51.0   51.5   52.0   52.5   53.0   53.5   54.0   54.5   55.0   
U22   -0.0011020437289064745   -0.0006453452950404187   -0.001145639884014341   -0.0006380111399464792   -0.0011875111947316486   -0.0006229183866103004   -0.0012293145733682472   -0.0006022330599846977   -0.001273269986806051   -0.0005761191953275489   -0.0013190403358537368   -0.0005392445747984282   -0.0013605997232360573   -0.00048566323089777654   -0.0013957352790987016   -0.0004114311858209726   -0.001423025075188127   -0.0003110720061531714   -0.001438597180678257   -0.00017657113092358807   -0.0014374972013566623   3.6551240345985953e-06   -0.001410654799452961   0.00024661403255406896   -0.0013468848021675932   0.0005743225198030955   -0.0012300248537857003   0.0010224905261350275   -0.0010274260356577382   0.0016515432296997313   -0.0006854953091124183   0.0025607560756587744   -0.00010841837655351994   0.0039248938879768306   0.0008979224912039269   0.006101024209853761   0.0027615471393453053   0.0098878639389686   0.006621498694249313   0.017544977402414265   0.016426735909214434   0.038304905162575585   0.05547552527642906   0.16816855445168066   0.5493162623561366   1.0   0.38271570610440003   0.15728985341761093   0.4272236715342089   0.4593678094525736   0.42687352779023063   0.2861685605602703   0.405458924460689   0.5413689838103606   0.4399411342524784   0.2775675351175364   0.10256377565226027   -0.38591697493667965   -0.6623024202122039   -0.22474808670702787   -0.004404123124091437   -0.049141728910523964   -0.1542697112367781   -0.16073676285356983   -0.16091616900890232   -0.2108269387307136   -0.09751801932442368   -0.02383728774695417   -0.04565170514542406   -0.05410926981945457   -0.06289964947133171   -0.07651751393076564   -0.08729301113593607   -0.12818970773713564   -0.07626824865559531   0.0018833275149971384   0.012468429796011215   0.012394022998669159   -0.022564302124047118   -0.02525084123936787   0.013144499854680422   
T_sec   15.0   15.5   16.0   16.5   17.0   17.5   18.0   18.5   19.0   19.5   20.0   20.5   21.0   21.5   22.0   22.5   23.0   23.5   24.0   24.5   25.0   25.5   26.0   26.5   27.0   27.5   28.0   28.5   29.0   29.5   30.0   30.5   31.0   31.5   32.0   32.5   33.0   33.5   34.0   34.5   35.0   35.5   36.0   36.5   37.0   37.5   38.0   38.5   39.0   39.5   40.0   40.5   41.0   41.5   42.0   42.5   43.0   43.5   44.0   44.5   45.0   45.5   46.0   46.5   47.0   47.5   48.0   48.5   49.0   49.5   50.0   50.5   51.0   51.5   52.0   52.5   53.0   53.5   54.0   54.5   55.0   
U23   -0.0018292862288536904   -0.0008132826634106332   -0.0019111194366571225   -0.0008398221772695844   -0.0019913467907147625   -0.00085975953692421   -0.0020696895508071174   -0.0008710479796028728   -0.002142811116466423   -0.0008697174550080662   -0.0022102009829804265   -0.0008549974091359575   -0.0022706703799904005   -0.0008244035690925511   -0.0023234940661231406   -0.0007724553273071518   -0.0023609902209534503   -0.0006885369024546786   -0.0023756989826266774   -0.0005626859989868483   -0.0023583724307889744   -0.0003797372150106903   -0.00229581695055604   -0.00011976595942963486   -0.0021690927840790877   0.00025064121166020777   -0.0019435021752572032   0.0007828742658637516   -0.001565173261635302   0.001567470367719447   -0.0009309129991276596   0.002765776433908498   0.00015231107665652198   0.004690216374387163   0.002088147121054678   0.008020927292233635   0.005880266737882044   0.014560474666429278   0.014649258993080984   0.03061751597399369   0.04332972096971237   0.09753115876065191   0.30044246378615885   0.9343469173089616   1.0   0.2157532094304642   0.38085556692323697   0.5743190194076705   0.4509113992038969   0.15858528132086974   0.1187035435262789   0.28438450801842763   0.45435122982089104   0.6104519723130779   0.4820818497836726   0.1668249251724267   -0.1438176363134836   -0.19951744434243163   -0.3368114920199918   -0.23055248425677832   -0.12236630223465139   -0.2005746815055771   -0.18962539279951052   -0.23192627658220347   -0.23537393512902524   -0.14670171939704527   -0.09366854950489502   -0.0702088672447546   -0.049472339153741524   -0.04294153159370969   -0.051335259510870694   -0.12087358768413292   -0.17999710144610903   -0.11567592659385298   -0.041219412084424305   -0.03624249143038223   -0.028577616739656662   -0.008311594178064473   0.027309480809874814   0.049738001778319746   0.043860048997342214   
T_sec   15.0   15.5   16.0   16.5   17.0   17.5   18.0   18.5   19.0   19.5   20.0   20.5   21.0   21.5   22.0   22.5   23.0   23.5   24.0   24.5   25.0   25.5   26.0   26.5   27.0   27.5   28.0   28.5   29.0   29.5   30.0   30.5   31.0   31.5   32.0   32.5   33.0   33.5   34.0   34.5   35.0   35.5   36.0   36.5   37.0   37.5   38.0   38.5   39.0   39.5   40.0   40.5   41.0   41.5   42.0   42.5   43.0   43.5   44.0   44.5   45.0   45.5   46.0   46.5   47.0   47.5   48.0   48.5   49.0   49.5   50.0   50.5   51.0   51.5   52.0   52.5   53.0   53.5   54.0   54.5   55.0   
U24   -0.0019215108401572072   -0.0017557701314414042   -0.001996334433422825   -0.001820051068163752   -0.0020692824400936815   -0.0018797514631149871   -0.002137043045478992   -0.0019322542681141572   -0.0021980125204670484   -0.0019750000963713135   -0.002249678173344262   -0.002005748113655921   -0.002289689330255411   -0.002020711418016738   -0.0023140915882335655   -0.00201434284368977   -0.0023162613178971604   -0.001978744551055798   -0.0022895172284736268   -0.0019039975455144424   -0.0022210404533839346   -0.001771802229165395   -0.002089861106977326   -0.0015546233392228245   -0.0018685680840074207   -0.0012144345396513324   -0.0015116926892573617   -0.0006847541435744517   -0.0009441892566655932   0.00014713411719773442   -3.038699279501561e-05   0.0014979678540407695   0.0015009095228658937   0.00383048773677446   0.004261081905226323   0.008294341128408288   0.009901933280514532   0.018487697754727677   0.0244665687243631   0.05192341359823592   0.09076772426829692   0.36373897135721417   1.0   0.7295733243108785   0.2663440466809376   0.4770143542862781   0.5269077364310296   0.2064436579016525   0.031733231908815926   0.11998591522149513   0.21852155926831612   0.36907303889379617   0.5949686392764132   0.6339160698329481   0.4164968515251472   0.05651257144039952   -0.18835445418048205   -0.02897595709286907   -0.0498408107262451   -0.25029828314173175   -0.22028580370696393   -0.19499444479489014   -0.26475437903560983   -0.23296599996580714   -0.1348240045449046   -0.12785902276489347   -0.1608065911531148   -0.10539653961781825   -0.043659371510963545   -0.06323273722013852   -0.131400757609128   -0.1552005791275279   -0.08160377592093151   -0.050633523418742284   -0.04833633523934073   -0.011102628990006743   0.015168535694792356   0.053673850205907224   0.09073777929350603   0.08150934177192834   0.025985304219819507   
T_sec   15.0   15.5   16.0   16.5   17.0   17.5   18.0   18.5   19.0   19.5   20.0   20.5   21.0   21.5   22.0   22.5   23.0   23.5   24.0   24.5   25.0   25.5   26.0   26.5   27.0   27.5   28.0   28.5   29.0   29.5   30.0   30.5   31.0   31.5   32.0   32.5   33.0   33.5   34.0   34.5   35.0   35.5   36.0   36.5   37.0   37.5   38.0   38.5   39.0   39.5   40.0   40.5   41.0   41.5   42.0   42.5   43.0   43.5   44.0   44.5   45.0   45.5   46.0   46.5   47.0   47.5   48.0   48.5   49.0   49.5   50.0   50.5   51.0   51.5   52.0   52.5   53.0   53.5   54.0   54.5   55.0   
U25   -0.002162764796441585   -0.002205981663983736   -0.0022587863472702764   -0.002293686045937726   -0.002351659757312438   -0.002377835433661972   -0.002440511286344836   -0.0024544679794835165   -0.002521289036689304   -0.0025241639468987784   -0.0025966742623523506   -0.0025839252784632437   -0.002658012921149627   -0.002626318492322205   -0.0026997090616781056   -0.0026442336000161762   -0.0027132820518066415   -0.00262939339613562   -0.00269025125940409   -0.0025713363247129124   -0.0026174738744963186   -0.002455112061990647   -0.002472105894648408   -0.0022508499771224113   -0.0022169632738328524   -0.0019152731692292488   -0.0017927182937572566   -0.001373049756027705   -0.0010898964801380067   -0.0004873414287779465   9.607872266001962e-05   0.0010107111601606858   0.0022067905275275413   0.0037293853312090736   0.0063402278974372785   0.009312018046316397   0.01598466457161882   0.023793818628357825   0.04827653465103487   0.09009340908606556   0.35501887423490947   1.0   0.6483034623341555   0.3038658035785405   0.5438338552919983   0.39872903755196326   0.02078151486499935   -0.012167905022813893   0.09191287489048447   0.17365244549463657   0.3060362546323123   0.4465910314989798   0.5224336109682999   0.4728306057538127   0.2766377047425175   -0.10931785877356057   -0.381001968816874   -0.04638581856842433   0.11403043207386905   -0.147085654298587   -0.22658473068584356   -0.27639078405454726   -0.2316931974639841   -0.14362725986990374   -0.116680912277194   -0.1336041142946114   -0.11258972012958454   -0.09024255063184033   -0.06871070603583752   -0.12791335235395163   -0.148709582931474   -0.08661388277592574   -0.06560233330409954   -0.056229291691310634   -0.03612888988023195   0.008330020557563891   0.03998901269125165   0.05144014770487431   0.0759041231195596   0.03213975927436934   -0.048820563301346896   
T_sec   15.0   15.5   16.0   16.5   17.0   17.5   18.0   18.5   19.0   19.5   20.0   20.5   21.0   21.5   22.0   22.5   23.0   23.5   24.0   24.5   25.0   25.5   26.0   26.5   27.0   27.5   28.0   28.5   29.0   29.5   30.0   30.5   31.0   31.5   32.0   32.5   33.0   33.5   34.0   34.5   35.0   35.5   36.0   36.5   37.0   37.5   38.0   38.5   39.0   39.5   40.0   40.5   41.0   41.5   42.0   42.5   43.0   43.5   44.0   44.5   45.0   45.5   46.0   46.5   47.0   47.5   48.0   48.5   49.0   49.5   50.0   50.5   51.0   51.5   52.0   52.5   53.0   53.5   54.0   54.5   55.0   
U26   -0.0010956784473315547   -0.0035701734241782405   -0.0011043495931186017   -0.003748326101315724   -0.0010993280709455473   -0.0039287416194814205   -0.0010762976347926825   -0.004114694326671659   -0.0010341569250661516   -0.004306050434352868   -0.000967949823593604   -0.004502601827028382   -0.0008699222170401924   -0.004702473484418133   -0.0007317990430593805   -0.004904771336155694   -0.0005407704059864206   -0.005105727503209786   -0.0002795510384088306   -0.005300815311255536   7.698763277643237e-05   -0.005480195198372863   0.0005673242843322506   -0.005628543763031363   0.0012497988990574438   -0.005717934237021081   0.002222150766505848   -0.005684954533499799   0.003653360956021093   -0.005421860361301493   0.005870137522989876   -0.004638912538674636   0.009588370824752767   -0.002573537112206852   0.016666360443409352   0.0034432230563060297   0.03372058222013768   0.02787768279533336   0.1071802645975384   0.2986344006685134   1.0   0.47426311917643094   0.251364494846563   0.5984026275820282   0.05150828032176448   -0.10279972809180117   0.02151523678044946   0.10493747301334834   0.1845426830995674   0.30139521930559265   0.35444494273314736   0.35804864217559274   0.38756002356670743   0.30825258165847597   0.0893436798828499   -0.22777550863959972   -0.38392060356100094   0.012991282373950638   0.311546648963815   -0.018823180868751746   -0.361769608493697   -0.1941120873091768   -0.1280360616728665   -0.13992397286022398   -0.11764720652291212   -0.05905289531971231   -0.12052174334820295   -0.1338861181576386   -0.15746594937599678   -0.14547269011864217   -0.06385072876978512   -0.046915184248643604   -0.038000278436740684   0.016942007609678338   0.00604422622104479   0.03997152872486326   0.06337990895838148   0.038571030094565785   -0.003103941728857136   -0.02717671596916121   -0.03532779433855543   
T_sec   15.0   15.5   16.0   16.5   17.0   17.5   18.0   18.5   19.0   19.5   20.0   20.5   21.0   21.5   22.0   22.5   23.0   23.5   24.0   24.5   25.0   25.5   26.0   26.5   27.0   27.5   28.0   28.5   29.0   29.5   30.0   30.5   31.0   31.5   32.0   32.5   33.0   33.5   34.0   34.5   35.0   35.5   36.0   36.5   37.0   37.5   38.0   38.5   39.0   39.5   40.0   40.5   41.0   41.5   42.0   42.5   43.0   43.5   44.0   44.5   45.0   45.5   46.0   46.5   47.0   47.5   48.0   48.5   49.0   49.5   50.0   50.5   51.0   51.5   52.0   52.5   53.0   53.5   54.0   54.5   55.0   
U27   -0.0029442538765989497   -0.0026536891116649853   -0.00306089939565638   -0.0027202610873597014   -0.0031745416512341936   -0.0027769577729135396   -0.003284968160688952   -0.0028215830757134454   -0.003390769280366833   -0.002850410764935093   -0.0034893382056036372   -0.0028573060344976625   -0.00357578005103612   -0.0028348306759882333   -0.0036449874486576   -0.0027724719513356087   -0.003688034811551079   -0.002655898903558279   -0.003693935207979691   -0.0024629951368251896   -0.003642868107375558   -0.0021642345533638297   -0.0035061651271040637   -0.0017063240268019113   -0.0032305202034497264   -0.0010041960297663892   -0.0027191778272476473   9.596279891983575e-05   -0.001784488398380412   0.0018930345886295436   -3.0685177517160427e-06   0.0050654571201638925   0.003725610885361354   0.0114409565860397   0.013063322515719972   0.027907794638958625   0.04721540221674939   0.10902338710823545   0.41939647808651265   1.0   0.5409176677559883   0.5109974727757155   0.45243932571440143   -0.0819239712735549   -0.055694378754805665   0.029350536685178136   0.16221809411989999   0.24856543743161386   0.36307899235767344   0.37553730546525504   0.38188175462147783   0.323895962927646   0.30594829509576676   0.19132871771005586   0.04632381300975063   -0.29469755240844103   -0.3186605900569938   0.11666906109470378   0.3242282613841122   0.013340761584950815   -0.2682585670463054   -0.20754818274953904   -0.20170264116037198   -0.13723428659208167   -0.09865229490669368   -0.13242925200949857   -0.17758257139864447   -0.2215770819246317   -0.22121337231407037   -0.12067172441833135   -0.08931910976420401   -0.017651182531752106   0.048473921257151394   0.05431240478491305   0.0564984478268685   0.08030958250386261   0.0601479193692203   -0.04839512440368348   -0.038614804877066054   0.007884016525291134   -0.018759901424977184   
T_sec   15.0   15.5   16.0   16.5   17.0   17.5   18.0   18.5   19.0   19.5   20.0   20.5   21.0   21.5   22.0   22.5   23.0   23.5   24.0   24.5   25.0   25.5   26.0   26.5   27.0   27.5   28.0   28.5   29.0   29.5   30.0   30.5   31.0   31.5   32.0   32.5   33.0   33.5   34.0   34.5   35.0   35.5   36.0   36.5   37.0   37.5   38.0   38.5   39.0   39.5   40.0   40.5   41.0   41.5   42.0   42.5   43.0   43.5   44.0   44.5   45.0   45.5   46.0   46.5   47.0   47.5   48.0   48.5   49.0   49.5   50.0   50.5   51.0   51.5   52.0   52.5   53.0   53.5   54.0   54.5   55.0   
U28   -0.0031976260726859786   -0.0033471051137576808   -0.0032831913990382182   -0.003448611271183675   -0.003359674717726527   -0.003542108673043428   -0.0034230408709055534   -0.003623056315504973   -0.003470618338378624   -0.0036891712091331004   -0.003496502478665093   -0.003734339057035317   -0.003496806229206993   -0.003752864873142824   -0.0034612628200413257   -0.003732346993344798   -0.0033726333926505357   -0.003651924907078248   -0.0032080706376111895   -0.0034840929858626214   -0.0029338680943873214   -0.0031863031969721033   -0.0024927065415441606   -0.002677729263250715   -0.001783176211922824   -0.0018207541851232678   -0.0006223907109874587   -0.00034029786375054053   0.0013764696962133762   0.002386061057005965   0.0051591225099713355   0.008033977667838262   0.013626417539420082   0.0226732846277285   0.04047274251635531   0.08932184360534137   0.271313105121939   0.750638719195702   1.0   0.63991919933376   0.4767370522466328   -0.11676184844478782   -0.14656128695805606   0.04792053683664044   0.16387000099788188   0.303585687770483   0.37273137772416426   0.4217807666936516   0.38066424981153496   0.2805120775712837   0.1876591534531516   0.15117298347529326   0.14457259111324822   0.13948867030880074   0.0009747427367888935   -0.295929755351375   -0.25975295255756314   0.11953081187458618   0.19519107444096143   0.2236858110767107   -0.0557936412545514   -0.26475336191147664   -0.19461748544498772   -0.193202277687227   -0.19879743105779446   -0.22130575478864045   -0.2506761419936442   -0.20389502753314387   -0.16484478404334799   -0.13636167144030795   -0.020887714516745537   0.03445413783471224   0.09212199210541297   0.11696253993481483   0.10380168571255913   0.017646189549204796   -0.08672446565487506   -0.06023136482969439   -0.0029570498467120275   0.02961775081171212   0.017387379049659313   
T_sec   15.0   15.5   16.0   16.5   17.0   17.5   18.0   18.5   19.0   19.5   20.0   20.5   21.0   21.5   22.0   22.5   23.0   23.5   24.0   24.5   25.0   25.5   26.0   26.5   27.0   27.5   28.0   28.5   29.0   29.5   30.0   30.5   31.0   31.5   32.0   32.5   33.0   33.5   34.0   34.5   35.0   35.5   36.0   36.5   37.0   37.5   38.0   38.5   39.0   39.5   40.0   40.5   41.0   41.5   42.0   42.5   43.0   43.5   44.0   44.5   45.0   45.5   46.0   46.5   47.0   47.5   48.0   48.5   49.0   49.5   50.0   50.5   51.0   51.5   52.0   52.5   53.0   53.5   54.0   54.5   55.0   
U29   -0.004228766655014293   -0.003600071889306971   -0.004380031245301843   -0.003686875419816917   -0.004525397359223776   -0.0037597993490921856   -0.004663505475044487   -0.00381524446027438   -0.004791636549292759   -0.0038482330558442567   -0.004905980129323843   -0.0038524089576217235   -0.005000523985220683   -0.0038150598092465985   -0.00506213328905039   -0.0037179972495657875   -0.0050755093534582485   -0.0035394337005678015   -0.005019303343322001   -0.0032443330027568202   -0.004854034939142025   -0.0027709505978820133   -0.004515313687288521   -0.002028639606909479   -0.0038949763389963584   -0.0008468646461253422   -0.002773546462705798   0.0011143208633768208   -0.0006714186637299599   0.004621443922799666   0.0036339974550273903   0.01176408610385419   0.014111220378887469   0.03044295109360881   0.051058726805332424   0.12357276243455924   0.43263800431769384   1.0   0.9405470871173932   0.7558479892257736   0.20167268467194477   -0.20018965400119862   -0.07551928560862198   0.08013050993415685   0.24801497375381673   0.353691507679619   0.43797110485244023   0.44518028900407447   0.36776058163528547   0.24340945895549396   0.16746012876987895   0.11536142668723039   0.1338983924367259   0.12744710717028226   -0.03633811470450655   -0.3460585809830573   -0.22096718766934165   0.06664275938190715   0.19433893279046255   0.195604153722331   -0.045527148172961   -0.21954130313020268   -0.2251954344218109   -0.2259456412067278   -0.22423240841816824   -0.2642273356408446   -0.2578729950875704   -0.1955231532991135   -0.1694902298043945   -0.09441919350581608   -0.010652550048304328   0.046865647576897394   0.09732899012812009   0.11880495529706579   0.07963278716410789   -0.03768838203908492   -0.09385094687797242   -0.06466856569652026   -0.00036402353066797115   0.02139745059913037   0.021635937855582887   
T_sec   15.0   15.5   16.0   16.5   17.0   17.5   18.0   18.5   19.0   19.5   20.0   20.5   21.0   21.5   22.0   22.5   23.0   23.5   24.0   24.5   25.0   25.5   26.0   26.5   27.0   27.5   28.0   28.5   29.0   29.5   30.0   30.5   31.0   31.5   32.0   32.5   33.0   33.5   34.0   34.5   35.0   35.5   36.0   36.5   37.0   37.5   38.0   38.5   39.0   39.5   40.0   40.5   41.0   41.5   42.0   42.5   43.0   43.5   44.0   44.5   45.0   45.5   46.0   46.5   47.0   47.5   48.0   48.5   49.0   49.5   50.0   50.5   51.0   51.5   52.0   52.5   53.0   53.5   54.0   54.5   55.0   
U30   -0.003272547644736823   -0.0025813101273233635   -0.003370262927725655   -0.002611023597815659   -0.0034607381290365194   -0.0026247040946413155   -0.0035418329877586747   -0.002614247700898721   -0.003604892804215251   -0.002571281983515785   -0.003647065425017959   -0.002488746304429216   -0.0036627048301024106   -0.002355747463539407   -0.0036404652761057384   -0.0021508258635298157   -0.0035606095956855835   -0.0018434240908005806   -0.0033949387951176576   -0.0013855769630357973   -0.003093263805483276   -0.0006996796824780533   -0.0025742491199732312   0.00035103572548991866   -0.0016730412195195118   0.0020453576228675083   -2.0150262331094234e-05   0.005012827523178002   0.0032962426629752615   0.01090882002714773   0.011127205735523   0.025751391486190944   0.0373275231825956   0.09446079046222121   0.2721753775598395   0.6927966927667136   1.0   0.8332892210557131   0.060377779796918475   -0.28384459415820834   -0.03844204115405424   0.10400635626830543   0.27040701392824823   0.3436858291471864   0.4047244330167155   0.358981319399288   0.2691175025453305   0.18777660992577577   0.127480010793933   0.04927660376677408   0.034104056693220954   0.05974470789345852   0.10222841677092599   0.07975180403499288   -0.045662268091793724   -0.2768725393290399   -0.16167772146631304   0.07595142635386509   0.17575248678542027   0.2590503390148329   0.1453171321910561   -0.17102208750370956   -0.34464136490665265   -0.3025078722354236   -0.2670701030797086   -0.21384831407177124   -0.1423813557609514   -0.057689122496933774   -0.052788271735429874   -0.06243228585664966   -0.017947419059953208   0.0644400248939663   0.10963410314653915   0.02588433188855413   -0.014696815413727166   -0.012586972768793765   -0.03223210720042482   -0.014817743696348872   0.032597607712707984   0.023933097159102783   -0.005087394984933179   
T_sec   15.0   15.5   16.0   16.5   17.0   17.5   18.0   18.5   19.0   19.5   20.0   20.5   21.0   21.5   22.0   22.5   23.0   23.5   24.0   24.5   25.0   25.5   26.0   26.5   27.0   27.5   28.0   28.5   29.0   29.5   30.0   30.5   31.0   31.5   32.0   32.5   33.0   33.5   34.0   34.5   35.0   35.5   36.0   36.5   37.0   37.5   38.0   38.5   39.0   39.5   40.0   40.5   41.0   41.5   42.0   42.5   43.0   43.5   44.0   44.5   45.0   45.5   46.0   46.5   47.0   47.5   48.0   48.5   49.0   49.5   50.0   50.5   51.0   51.5   52.0   52.5   53.0   53.5   54.0   54.5   55.0   
U31   -0.00039693195707854846   -0.004391333619349113   -0.00030815038755667873   -0.004582509276892895   -0.00018889043277786957   -0.004775957631576511   -3.365326518598851e-05   -0.0049757196538031965   0.00016334369857666576   -0.005181394929624531   0.0004126077018360224   -0.0053929649139907165   0.0007307731963757829   -0.005605932644996397   0.0011401732027239105   -0.005815981665394885   0.0016744247069461979   -0.006017723918655717   0.002379712025162806   -0.006194382028330863   0.003330096709433544   -0.006313896371273564   0.004666906744986407   -0.006299936866581667   0.0066422176663400645   -0.0059875769114906855   0.009765624205413851   -0.0049610053445122305   0.015252220848973813   -0.001911785024661002   0.026871654581512867   0.008809423939892383   0.06308950466709588   0.08037543056612725   0.3850953498987632   0.7155099595680977   1.0   0.4011572297115053   -0.3423122143628674   -0.09692080489635824   0.014753530756642137   0.1986783024635832   0.2623817591787632   0.3445062268102511   0.33050452111371426   0.24627888147518842   0.17813737290553644   0.139282025781023   0.06189647318013946   0.019631396534591773   0.018181051496666694   0.05063229444257266   0.07204624810079176   0.0783734533085167   -0.03795681124236702   -0.26936007196393197   -0.12764905588238856   0.06873146429831233   0.17854556591732523   0.23084877365120132   0.11902978848547498   -0.1456744543689107   -0.32560978627745935   -0.26834768041923046   -0.22951295278350234   -0.16251122138424148   -0.0818926062917141   -0.015627891739591865   -0.05936697830215488   -0.0360059773298264   -0.01295496133876424   0.07519937286236861   0.055050376136031164   -0.0014879837102751447   -0.0014281862990352405   -0.0023507480881360043   -0.021493237412101716   -0.004842050915844485   0.02471139856670349   0.007422935090393834   -0.008812845876105724   
T_sec   15.0   15.5   16.0   16.5   17.0   17.5   18.0   18.5   19.0   19.5   20.0   20.5   21.0   21.5   22.0   22.5   23.0   23.5   24.0   24.5   25.0   25.5   26.0   26.5   27.0   27.5   28.0   28.5   29.0   29.5   30.0   30.5   31.0   31.5   32.0   32.5   33.0   33.5   34.0   34.5   35.0   35.5   36.0   36.5   37.0   37.5   38.0   38.5   39.0   39.5   40.0   40.5   41.0   41.5   42.0   42.5   43.0   43.5   44.0   44.5   45.0   45.5   46.0   46.5   47.0   47.5   48.0   48.5   49.0   49.5   50.0   50.5   51.0   51.5   52.0   52.5   53.0   53.5   54.0   54.5   55.0   
U32   -0.001041396257760032   -0.0012617517795008948   -0.001036279002783872   -0.0012264632525586887   -0.0010203197728493078   -0.0011747259539134915   -0.0009901688955621156   -0.0011029664749047823   -0.0009473064734451263   -0.0010090456144198556   -0.0008809504495935598   -0.0008776810899318157   -0.0007792721140337915   -0.0006933209876724544   -0.0006253882891740493   -0.0004340865607515344   -0.0003965731528131391   -6.937595427437459e-05   -5.4371636862587885e-05   0.0004574686122382153   0.00047297108627918403   0.0012470317138917233   0.0013220338140734497   0.0024960980957456354   0.0027775675141132757   0.004627407637971882   0.005523813822128895   0.008746195444833528   0.011606924139551323   0.018635792625372585   0.02991840748210106   0.05746831405267642   0.15593060442046805   0.46225390699378227   0.8413006618324039   1.0   -0.20837123278899466   -0.26364686001172766   -0.004809335033214963   0.1366717365225757   0.2727861648996996   0.3198643917815274   0.35277627198281747   0.2138164392967159   0.18232524856828783   0.1610199287215524   0.10057081649377594   0.03534578694080971   0.015183640952851067   0.013487470130700167   0.013763221443091016   0.044118723684856705   0.0699749435236651   0.08603273309836833   -0.048285589217782005   -0.28658687659480137   -0.039675241802587406   0.13650383659509494   0.2037320451427488   0.17214887178781393   0.07957839409573807   -0.1056829037888386   -0.34077463226921934   -0.31842603505120115   -0.17180054255994578   -0.03833249685561098   -0.034780989934236534   -0.030099716285645072   -0.03199307040530991   0.0030436284839320824   0.004903160205492617   -0.045127371153726975   0.006916682050563885   0.027924271914122677   0.048443159448645315   0.04403240190177452   0.014202991996954305   -0.02798100828201892   0.002827440959892543   0.02402232006011471   0.012619220943704797   
T_sec   15.0   15.5   16.0   16.5   17.0   17.5   18.0   18.5   19.0   19.5   20.0   20.5   21.0   21.5   22.0   22.5   23.0   23.5   24.0   24.5   25.0   25.5   26.0   26.5   27.0   27.5   28.0   28.5   29.0   29.5   30.0   30.5   31.0   31.5   32.0   32.5   33.0   33.5   34.0   34.5   35.0   35.5   36.0   36.5   37.0   37.5   38.0   38.5   39.0   39.5   40.0   40.5   41.0   41.5   42.0   42.5   43.0   43.5   44.0   44.5   45.0   45.5   46.0   46.5   47.0   47.5   48.0   48.5   49.0   49.5   50.0   50.5   51.0   51.5   52.0   52.5   53.0   53.5   54.0   54.5   55.0   
U33   0.003100358681274857   -0.00157072777846846   0.0033832936836175457   -0.0017000030011101999   0.003710524062957562   -0.0018440674360408352   0.004094851693587284   -0.0020047253032874734   0.004551558905854239   -0.002184141666882644   0.005101042632222659   -0.0023857178128815233   0.005776470941447865   -0.0026115720432956066   0.0066197897184870095   -0.002865872784173704   0.007697488790857117   -0.0031497694354680325   0.009132748941376698   -0.0034291291082591464   0.011138127490948807   -0.0036434975589271744   0.014133255623247522   -0.0035914918403930018   0.019065128374180607   -0.0025899518299556325   0.02859019348734869   0.002366553722194399   0.05385880308755812   0.03531182658925966   0.22435048981935002   0.4396823735273094   1.0   0.274373512770777   -0.3642918497126966   -0.03612287198627319   0.07523633632991353   0.2705057072862827   0.2915243429786744   0.3046053938893103   0.11245352629762284   0.13494054779939565   0.12781362427368895   0.11676999401033619   0.034882582301236094   0.0333005660749009   0.0017373740460655332   0.0013761131777835097   -0.017154142695764926   -0.002861978658722005   0.004077305231451307   0.08046596755551676   0.0066248245487960785   0.02725630322294783   -0.033675296261999645   -0.1010535173560166   -0.04304998261668874   0.0793349719377831   0.15799729511285787   0.07027426978092124   -0.042666677190487744   -0.11966916235504046   -0.10304717389217173   -0.14059814933002227   -0.09557866554084078   -0.035020053299923116   -0.004772260086434544   0.023196507940519178   -0.015588340331492676   -0.005042948200446559   -0.022339883618660412   -0.012871485719603209   0.013300111652134456   0.04093854713412075   0.02964544108414055   0.007982379593217117   0.0016458825187787337   -0.008949280345780394   0.008583543486795806   0.02842758286188191   0.02363629459282232   
T_sec   15.0   15.5   16.0   16.5   17.0   17.5   18.0   18.5   19.0   19.5   20.0   20.5   21.0   21.5   22.0   22.5   23.0   23.5   24.0   24.5   25.0   25.5   26.0   26.5   27.0   27.5   28.0   28.5   29.0   29.5   30.0   30.5   31.0   31.5   32.0   32.5   33.0   33.5   34.0   34.5   35.0   35.5   36.0   36.5   37.0   37.5   38.0   38.5   39.0   39.5   40.0   40.5   41.0   41.5   42.0   42.5   43.0   43.5   44.0   44.5   45.0   45.5   46.0   46.5   47.0   47.5   48.0   48.5   49.0   49.5   50.0   50.5   51.0   51.5   52.0   52.5   53.0   53.5   54.0   54.5   55.0   
U34   0.0023132202085508545   0.0007113143155218616   0.0025168065574609497   0.0007570841276272156   0.0027537094176243978   0.0008132228898110755   0.0030315709622066402   0.0008838150480830092   0.0033620696037980685   0.0009745855989764646   0.0037618432611129875   0.0010942365701058258   0.004247301638864352   0.0012456204748577894   0.004858595480552061   0.0014752701486499703   0.005670514498554533   0.0018292227934739338   0.006780119268433031   0.0024132805705196275   0.008407872506523207   0.0034458817700222513   0.010974923366042477   0.005473486860555974   0.0155750100777709   0.010128702778223867   0.02570655706987807   0.02439020349306129   0.06095779205046258   0.11894762182874999   0.374420922226611   0.7894696022823159   1.0   -0.07956378436546954   -0.31820390585496616   0.03986287273187469   0.20526567945954352   0.3675811833189263   0.3718368411061041   0.26331098666680786   0.11662565961758678   0.1678026393331623   0.15021964860612932   0.10664027986943622   0.036081878375523145   0.03273874294701901   0.0019700602696172266   -0.004662877289048876   -0.015364600074342821   -0.004527364948105966   0.037007137702869126   0.07324493270064357   0.011134913892003112   0.05543138656362799   -0.024381670892986988   -0.13482529198765475   -0.04814531053922298   0.1021008127682219   0.18469230994734293   0.08287553568767037   -0.060599210400874896   -0.11883047505633532   -0.08127422316262864   -0.1642149720985731   -0.12820732121703377   -0.04320105351121784   0.009993940222698111   0.013178990760402383   -0.016731342982541125   -0.004766346550412608   -0.02867927701246127   -0.008346743825115056   0.017305894705526823   0.025155201960066147   0.03460423609896491   0.025007453132019877   0.013309376849407757   -0.0027894086850784663   0.016014017356308   0.03872416818486071   0.033885282760492   
T_sec   15.0   15.5   16.0   16.5   17.0   17.5   18.0   18.5   19.0   19.5   20.0   20.5   21.0   21.5   22.0   22.5   23.0   23.5   24.0   24.5   25.0   25.5   26.0   26.5   27.0   27.5   28.0   28.5   29.0   29.5   30.0   30.5   31.0   31.5   32.0   32.5   33.0   33.5   34.0   34.5   35.0   35.5   36.0   36.5   37.0   37.5   38.0   38.5   39.0   39.5   40.0   40.5   41.0   41.5   42.0   42.5   43.0   43.5   44.0   44.5   45.0   45.5   46.0   46.5   47.0   47.5   48.0   48.5   49.0   49.5   50.0   50.5   51.0   51.5   52.0   52.5   53.0   53.5   54.0   54.5   55.0   
U35   0.0045012983388747485   0.0005456854394309447   0.004825217373913246   0.0005143150294210362   0.005200434979705744   0.00047991530089217004   0.005637467228673169   0.0004403652026538941   0.0061522969614365005   0.0003954326253841563   0.006779178075689802   0.0003487987097355509   0.007557466223433249   0.0003106836556814841   0.008546622699717923   0.00029513643781831967   0.009860288560201684   0.0003401915319212108   0.01168725485000985   0.000530127173917728   0.014401044779083513   0.0010898537236027678   0.018841381908244886   0.0026976338810999305   0.02729858375721847   0.007997151051757585   0.048704006091759434   0.034074255714423705   0.1646114994137685   0.367420110356651   1.0   0.5982386372962439   -0.2884002008368028   -0.12454751336243335   0.08207575929259646   0.3129542433093522   0.387087194821069   0.3020715840163346   0.11216286218933319   0.1230423433476317   0.14122478330262395   0.13824111130658434   0.06192449260502694   0.044206332013688815   0.020676832387308556   0.007848375315517544   -0.01359017854218229   -0.018242807558609766   -0.02028403657902025   0.05722407536415651   0.015090732402020376   0.01711656161377958   0.09265009346572878   0.07587150139694183   -0.09329275285590105   -0.1254070737254248   -0.037742350286823004   0.11386884892739164   0.17416240664557686   0.013658475435764   -0.0406540216562878   -0.0339646848362587   -0.048625248693857245   -0.10936050440945014   -0.12105353302344138   -0.009532691653097612   -0.00436214284217653   0.006758155122883228   0.0044803833939077884   -0.01001491447921172   -0.0001012557799739989   0.018368415930842028   -0.011549277619000563   -0.02275099924843838   0.023152827337796396   0.039489888721877316   0.01832135847476366   0.002255937917858582   0.01691609618374291   0.040312760613267294   0.021159464611051806   
T_sec   15.0   15.5   16.0   16.5   17.0   17.5   18.0   18.5   19.0   19.5   20.0   20.5   21.0   21.5   22.0   22.5   23.0   23.5   24.0   24.5   25.0   25.5   26.0   26.5   27.0   27.5   28.0   28.5   29.0   29.5   30.0   30.5   31.0   31.5   32.0   32.5   33.0   33.5   34.0   34.5   35.0   35.5   36.0   36.5   37.0   37.5   38.0   38.5   39.0   39.5   40.0   40.5   41.0   41.5   42.0   42.5   43.0   43.5   44.0   44.5   45.0   45.5   46.0   46.5   47.0   47.5   48.0   48.5   49.0   49.5   50.0   50.5   51.0   51.5   52.0   52.5   53.0   53.5   54.0   54.5   55.0   
U36   0.0031176206455111955   0.0045246893995324645   0.0032776158103272907   0.004810397345505231   0.003461903548992384   0.0051414262752226296   0.0036791243608333213   0.005531104605974982   0.003938994020669579   0.005997124318982336   0.004263428733078009   0.006576619077798471   0.004679654390064506   0.0073136782597049465   0.005250737853674192   0.008308772064866316   0.006079795946634316   0.00972458374160608   0.0073726360991191045   0.011903047608721476   0.00963440495298929   0.015693522037866718   0.014213993277098986   0.02358356855297362   0.026123828729960382   0.047105666062287714   0.08128586120644704   0.22926156525166222   0.6354635663196219   1.0   0.4127640289372341   -0.20569902128018352   -0.07018091017939135   0.20243507011168452   0.4413020032299573   0.42898440679147487   0.22986925033101677   0.11422388269297595   0.1378647023989916   0.15823307269704617   0.1320183873595883   0.0715172954293274   0.04706602064807004   0.027733732557850298   0.006935823233902302   -0.017798130564831798   -0.03322748471467174   -0.005440415445056162   0.039522165567182146   0.011088653156556395   0.030716031424641348   0.09686178576860258   0.08621140064078885   0.011280299494103738   -0.0943777244262136   -0.13174264589678947   -0.022962604670790674   0.12684335155473547   0.1604790743047306   0.07204614592581654   -0.01641950876167378   -0.05965107863522408   -0.0408701779286628   -0.051220739385254885   -0.08215527589744613   -0.06423414530238887   0.0033817151163593167   0.016646096575668595   0.008023536917126718   0.007603382033323927   0.007082376109391544   -0.011001495635284358   -0.02384939611363311   -0.032623997802544366   -0.00908709880474886   0.031570575648119714   0.0357030193150563   0.018445671714779496   0.03336568715424167   0.036865404020265204   0.025255494837545217   
T_sec   15.0   15.5   16.0   16.5   17.0   17.5   18.0   18.5   19.0   19.5   20.0   20.5   21.0   21.5   22.0   22.5   23.0   23.5   24.0   24.5   25.0   25.5   26.0   26.5   27.0   27.5   28.0   28.5   29.0   29.5   30.0   30.5   31.0   31.5   32.0   32.5   33.0   33.5   34.0   34.5   35.0   35.5   36.0   36.5   37.0   37.5   38.0   38.5   39.0   39.5   40.0   40.5   41.0   41.5   42.0   42.5   43.0   43.5   44.0   44.5   45.0   45.5   46.0   46.5   47.0   47.5   48.0   48.5   49.0   49.5   50.0   50.5   51.0   51.5   52.0   52.5   53.0   53.5   54.0   54.5   55.0   
U37   0.004886727870072056   0.005130848963829328   0.0051514603274260716   0.005447310551767726   0.005455543120047566   0.005813968850966414   0.005809119657504538   0.006256468932299164   0.006251539428553771   0.006813826810341659   0.006799251759716485   0.0075140235682567835   0.0075013414994790605   0.00843905775381723   0.008458000161719612   0.009734772900568343   0.009850083911364535   0.011695543994357667   0.012100737783071464   0.015019064197209973   0.016280105590522943   0.02163810254793296   0.02594684260416336   0.039204529896448695   0.06024531770966648   0.13315963703603673   0.40777984610088913   1.0   0.7447143040845869   0.05470839659116404   -0.08923606788465395   0.10633102152181162   0.44446796406687783   0.5105750853264103   0.27661202157401305   0.12554075609857862   0.11761050151796217   0.1511909143081352   0.1489584805234085   0.09974653391020845   0.06116830988348031   0.044480362263256835   0.02370686361082537   -0.0056273783987716205   -0.04363507159752588   -0.04212233936706639   0.016932170517046735   0.007712732593787024   0.0029849712868784684   0.05627890862439966   0.07875327765555065   0.05617448163816314   0.03490961240088424   -0.020938161791779385   -0.08857574101374312   -0.11701024799197632   -0.04550377743728202   0.17203019223923066   0.21081185644763104   0.050605316997434154   -0.06294999756330619   -0.06109318424939454   0.008445429099392995   0.019686444851993303   -0.04261243893726375   -0.05130000722262541   -0.008894995500947496   0.011337860443020372   0.014371071875959865   -0.0012734472893056827   -0.021796468923529187   -0.023848677525511307   -0.021387511664361633   -0.03167150414272779   -0.034114819900120115   0.01107243118594862   0.03956491820787389   0.01917977043502773   0.008358412464282403   0.022442207044846445   0.04436741250697197   
T_sec   15.0   15.5   16.0   16.5   17.0   17.5   18.0   18.5   19.0   19.5   20.0   20.5   21.0   21.5   22.0   22.5   23.0   23.5   24.0   24.5   25.0   25.5   26.0   26.5   27.0   27.5   28.0   28.5   29.0   29.5   30.0   30.5   31.0   31.5   32.0   32.5   33.0   33.5   34.0   34.5   35.0   35.5   36.0   36.5   37.0   37.5   38.0   38.5   39.0   39.5   40.0   40.5   41.0   41.5   42.0   42.5   43.0   43.5   44.0   44.5   45.0   45.5   46.0   46.5   47.0   47.5   48.0   48.5   49.0   49.5   50.0   50.5   51.0   51.5   52.0   52.5   53.0   53.5   54.0   54.5   55.0   
U38   0.00401854091797948   0.006051365166607447   0.004276291994607044   0.006543321085980862   0.004572739668850375   0.007126532000829677   0.004923448546095081   0.007840398062126537   0.005358876686191626   0.008737718249187258   0.005927870849535305   0.009926547375674255   0.006719984061143473   0.011584834654265116   0.007906705963210258   0.014055876016028741   0.009859841257912595   0.018101594782344233   0.013536428159002146   0.025786146376937796   0.0220796487503104   0.04446412215617242   0.05120990707661897   0.12433301731764881   0.3213833386892335   1.0   0.958361722495305   0.21877919834693138   0.05594370292305174   0.15247532107586947   0.5093245733701969   0.5599719148667689   0.2913622781525805   0.12752974582356288   0.11276402167250199   0.14441860365674794   0.15889934203953077   0.11494420990652168   0.07752355425305454   0.062217932937525484   0.045352866526745965   0.0037422604742507726   -0.046844623820747895   -0.07159061715959085   -0.004652993048134214   -0.0038992638033258547   -0.011184032321792372   0.042530353365213575   0.07181242098779926   0.05509826121581581   0.030585167531622368   0.01384257267446775   0.04229156273519439   -0.008393015892197417   -0.15023077419195152   -0.1408908716722852   0.061511133800577746   0.26504175415340336   0.19218966846712088   -0.010339348934603913   -0.04393358227787895   0.0017013854649450633   0.03905700841012417   0.07974129086183558   0.031986410182319056   -0.0953377032574773   -0.0886765731597674   -0.018240603712266254   -0.01797378425408852   -0.03554352962093192   -0.024912828221519256   -0.010725576058488236   -0.016041987438559897   -0.0332409100047295   -0.044833982803051134   -0.021260865584958478   0.015247434615577917   0.008445666265200748   0.02774161913300827   0.07933599142082215   0.07095754321424694   
T_sec   15.0   15.5   16.0   16.5   17.0   17.5   18.0   18.5   19.0   19.5   20.0   20.5   21.0   21.5   22.0   22.5   23.0   23.5   24.0   24.5   25.0   25.5   26.0   26.5   27.0   27.5   28.0   28.5   29.0   29.5   30.0   30.5   31.0   31.5   32.0   32.5   33.0   33.5   34.0   34.5   35.0   35.5   36.0   36.5   37.0   37.5   38.0   38.5   39.0   39.5   40.0   40.5   41.0   41.5   42.0   42.5   43.0   43.5   44.0   44.5   45.0   45.5   46.0   46.5   47.0   47.5   48.0   48.5   49.0   49.5   50.0   50.5   51.0   51.5   52.0   52.5   53.0   53.5   54.0   54.5   55.0   
U39   0.006375333973863625   0.005740317151601358   0.006825275036724818   0.006131096617547706   0.007361995570830354   0.006603398088740685   0.00801844981935405   0.007188279505562782   0.008849874074659574   0.007948380002829762   0.009938065777017103   0.00898194329919542   0.01145746773401535   0.010504758054711707   0.013748223740049352   0.012961275646549293   0.017534679263443247   0.017452522201474297   0.024834666183282693   0.02756443272754311   0.04309265891887359   0.06130383480977222   0.12717793499566074   0.3790170662000654   1.0   0.8916094352452525   0.2244149541825579   0.13944653549123612   0.3154566055556433   0.5510387207662275   0.48780888808931827   0.23615629504273009   0.11589570485256796   0.10266290196764025   0.13678899722651933   0.14386060111584206   0.10262986384335289   0.07175221309459126   0.06743828504870301   0.04478119116583063   -0.002508018630270703   -0.059760588890565625   -0.07484298729482355   -0.018506244056222882   -0.02034494610601172   -0.022370681886893305   0.03682980346038148   0.06156168174792675   0.04333120017257914   0.012644946860554458   0.007354630047008126   0.04394913860239339   0.03270119780657889   -0.0764305534271399   -0.116587088857214   -0.07459100941691234   0.06938402841449975   0.22770606624398246   0.14803787823048034   0.02062630555103123   -0.011712603120599751   0.01606254601614792   0.06953028624887339   0.06724779757226675   -0.010193006192407346   -0.08606088444144658   -0.08988394512205154   -0.045557326712487634   -0.027757516748521678   -0.023651561520916034   -0.01096521046689577   -0.006431056564117998   -0.012441853221126134   -0.009673892378503059   -0.02994337098921778   -0.053888208424263256   -0.04610147509858552   -0.0035706202597075   0.03245970891868047   0.05174961663409942   0.03283663131733947   
T_sec   15.0   15.5   16.0   16.5   17.0   17.5   18.0   18.5   19.0   19.5   20.0   20.5   21.0   21.5   22.0   22.5   23.0   23.5   24.0   24.5   25.0   25.5   26.0   26.5   27.0   27.5   28.0   28.5   29.0   29.5   30.0   30.5   31.0   31.5   32.0   32.5   33.0   33.5   34.0   34.5   35.0   35.5   36.0   36.5   37.0   37.5   38.0   38.5   39.0   39.5   40.0   40.5   41.0   41.5   42.0   42.5   43.0   43.5   44.0   44.5   45.0   45.5   46.0   46.5   47.0   47.5   48.0   48.5   49.0   49.5   50.0   50.5   51.0   51.5   52.0   52.5   53.0   53.5   54.0   54.5   55.0   
U40   0.003314699560267975   0.007079875790413049   0.0035482336416220984   0.007738461781133646   0.00383132826857833   0.008544415386543864   0.004199661485235227   0.009572852393459902   0.004694872226160106   0.010910061375071299   0.0053935699823258335   0.012745556332672605   0.006467478738549265   0.015447624419475269   0.008294544648245708   0.019798201353189094   0.011836873616900901   0.027892107600295563   0.020272835384691417   0.04706127437567936   0.04955171901549569   0.12629746100101916   0.3253161770364181   1.0   0.876813011352929   0.19565385235418828   0.2460902539961587   0.4257729249140089   0.573455696095109   0.3679420879493312   0.21783393501049944   0.09652939424299661   0.09354433451599391   0.11870664508754415   0.13571378014144853   0.08423230761417916   0.0698348639757015   0.07279783619050163   0.05005585080676219   -0.007054151095640009   -0.06066855696388095   -0.08488717240894245   -0.019841569788108308   -0.038668309968067555   -0.03502926305351215   0.030782479123225973   0.05942600603703859   0.03419073239440103   0.006495248385819758   0.005072531253104972   0.044784727055200674   0.03079195645199252   -0.04195394002305767   -0.05441444784518906   -0.06291158173127316   -0.08129304742306212   0.07211083879602305   0.22964212049552937   0.1676053204212361   0.027943304660461306   -0.004025497436565657   0.04378324120861222   0.04696122214969303   -0.0007364509163093921   -0.00926424383639583   -0.05937141386486661   -0.10726290047795597   -0.06486847057039025   -0.022430000226323334   -0.01671011077558869   -0.010725064712741037   -0.007461707264638926   0.008820587192394144   -0.011864661990074183   -0.05056991708684664   -0.08328389102245091   -0.041229652235860524   0.009872249095649113   0.007472144243635883   0.017790647941713172   0.011621931293926668   
sta_location:9.594800269105399,10.17750816164621,10.73245975558304,11.00082036889347,11.967339536495572,12.261135866376309,12.891216350440457,13.414298698169286,13.922158109290285,14.45022626114821,14.705107538407379,15.492805328233455,15.980135156846888,16.43807627371055,16.54255803211285,17.466538855581266,17.72519005031792,18.04412394756687,18.69091961051442,19.051030147698746,19.71798609994805,20.3143293633457,20.764043441191863,21.36698266270103,21.877714390636175,22.33258699925905,22.851314253298742,23.290261306783258,23.961882582274647,24.083717134363166,24.815409378621297,25.001831585307453,25.552707374718544,26.497181406661436,26.65936196323281,27.14646944303507,27.619083592584907,28.180261577230677,28.831845530145173,29.227663682760333,29.58703516298598,
rebuild_index:0,1,2,3,4,5,6,7,8,9,10,11,12,13,14,15,16,17,18,19,20,21,22,23,24,25,26,27,28,29,30,31,32,33,34,35,36,37,38,39,40,
use_index:0,1,2,3,4,5,6,7,8,9,10,11,12,13,14,15,16,17,18,19,20,21,22,23,24,25,26,27,28,29,30,31,32,33,34,35,36,37,38,39,40,
rebuild_locdata:9.594800269105399,10.17750816164621,10.73245975558304,11.00082036889347,11.967339536495572,12.261135866376309,12.891216350440457,13.414298698169286,13.922158109290285,14.45022626114821,14.705107538407379,15.492805328233455,15.980135156846888,16.43807627371055,16.54255803211285,17.466538855581266,17.72519005031792,18.04412394756687,18.69091961051442,19.051030147698746,19.71798609994805,20.3143293633457,20.764043441191863,21.36698266270103,21.877714390636175,22.33258699925905,22.851314253298742,23.290261306783258,23.961882582274647,24.083717134363166,24.815409378621297,25.001831585307453,25.552707374718544,26.497181406661436,26.65936196323281,27.14646944303507,27.619083592584907,28.180261577230677,28.831845530145173,29.227663682760333,29.58703516298598,
cut_start_time:15---cut_windows:40---reduction_v:10---move_time_window_all:0.0
move_time_window:0.0,0.0,0.0,0.0,0.0,0.0,0.0,0.0,0.0,0.0,0.0,0.0,0.0,0.0,0.0,0.0,0.0,0.0,0.0,0.0,0.0,0.0,0.0,0.0,0.0,0.0,0.0,0.0,0.0,0.0,0.0,0.0,0.0,0.0,0.0,0.0,0.0,0.0,0.0,0.0,0.0,
sta_noise_mean:0,0,0,0,0,0,0,0,0,0,0,0,0,0,0,0,0,0,0,0,0,0,0,0,0,0,0,0,0,0,0,0,0,0,0,0,0,0,0,0,0,
sta_noise_sigma:0,0,0,0,0,0,0,0,0,0,0,0,0,0,0,0,0,0,0,0,0,0,0,0,0,0,0,0,0,0,0,0,0,0,0,0,0,0,0,0,0,
add_noise_region_move_range:0,0,0,0,0,0,0,0,0,0,0,0,0,0,0,0,0,0,0,0,0,0,0,0,0,0,0,0,0,0,0,0,0,0,0,0,0,0,0,0,0,