T_sec   15.0   15.5   16.0   16.5   17.0   17.5   18.0   18.5   19.0   19.5   20.0   20.5   21.0   21.5   22.0   22.5   23.0   23.5   24.0   24.5   25.0   25.5   26.0   26.5   27.0   27.5   28.0   28.5   29.0   29.5   30.0   30.5   31.0   31.5   32.0   32.5   33.0   33.5   34.0   34.5   35.0   35.5   36.0   36.5   37.0   37.5   38.0   38.5   39.0   39.5   40.0   40.5   41.0   41.5   42.0   42.5   43.0   43.5   44.0   44.5   45.0   45.5   46.0   46.5   47.0   47.5   48.0   48.5   49.0   49.5   50.0   50.5   51.0   51.5   52.0   52.5   53.0   53.5   54.0   54.5   55.0   
U0   0.0019851467119918727   0.00434773983536119   0.001967626747421295   0.004488603232526303   0.0019459355391619204   0.00463876373788884   0.0019099270628064055   0.004780549635650553   0.0018297274147620252   0.004884395533185848   0.0016828710430496694   0.004961208366279019   0.0014978630148652016   0.005037149012827514   0.001291194101469186   0.005126981076727736   0.0010509028592312775   0.005225849019605394   0.00076986302135251   0.0053099403307798184   0.000388222140743913   0.005379198406771111   6.8903034556360695e-06   0.005583425040331962   -0.0003404606739076294   0.005901637216891671   -0.0006978585297296484   0.006348774864346782   -0.0010600512098360372   0.006987690890558119   -0.0014151776516744226   0.007904458849158885   -0.0017562707629253948   0.009230333485844861   -0.002068056610471703   0.011182452175781066   -0.00232763617683074   0.014234301898225252   -0.002295785529913135   0.01969693056961258   -0.0008058934181470607   0.032110074056921456   0.0095595548494085   0.07949950016251961   0.16377721673656007   1.0   0.6732749649488463   0.04928032473640832   0.026653482613897023   -0.027039169617608355   0.03128599210248957   0.03189604857499911   0.2491576369681238   0.40392762472994903   0.2365579612954238   -0.24290317001245476   -0.3576497979923117   -0.32472246460926785   -0.22900545281495047   -0.09085123338722065   0.08736916938277241   0.090609565932796   0.061214464199787606   0.10647568939628102   0.10074995247398952   0.10798647234003696   0.15290024706012728   0.1416468198960359   0.12665499199172175   0.004094308832977806   -0.13908192205829592   -0.17206516953812254   -0.17234440176553056   -0.21148230953325342   -0.11188907466069668   -0.04064627166707921   0.019585806156269904   0.019071538975133397   0.021474341776672335   -0.03049638818567678   -0.09243473793627825   
T_sec   15.0   15.5   16.0   16.5   17.0   17.5   18.0   18.5   19.0   19.5   20.0   20.5   21.0   21.5   22.0   22.5   23.0   23.5   24.0   24.5   25.0   25.5   26.0   26.5   27.0   27.5   28.0   28.5   29.0   29.5   30.0   30.5   31.0   31.5   32.0   32.5   33.0   33.5   34.0   34.5   35.0   35.5   36.0   36.5   37.0   37.5   38.0   38.5   39.0   39.5   40.0   40.5   41.0   41.5   42.0   42.5   43.0   43.5   44.0   44.5   45.0   45.5   46.0   46.5   47.0   47.5   48.0   48.5   49.0   49.5   50.0   50.5   51.0   51.5   52.0   52.5   53.0   53.5   54.0   54.5   55.0   
U1   0.0047262371322142095   0.0052464232803923995   0.004695838014029748   0.005250196313999637   0.004661040297912994   0.005250362770865295   0.004608151320314227   0.005224346188493015   0.004511065188834421   0.005146630690516551   0.0043675826762181675   0.005077754766737767   0.004267810827181168   0.005058937901930851   0.004195815372585194   0.005074748173278897   0.004149079821362497   0.005126722978312628   0.004132916278961126   0.005234777266384373   0.004162897194123365   0.005405019265630914   0.004237354361725431   0.00564506235224395   0.004356367764044965   0.0059555475286390425   0.00450796827182447   0.006336857296964742   0.004692800792139691   0.006825438542791784   0.004944044723163654   0.007483683350635688   0.005293790300603479   0.00838683702273383   0.005769929957341057   0.009665979365725705   0.006480809463211115   0.011719745973220959   0.007819834739613592   0.015655710958627896   0.011065917477299337   0.025214403779108427   0.02216852351039606   0.06211686206845083   0.11486663016984337   0.6477531743038161   1.0   0.4511378293424064   0.08057419318080744   0.060362012197757046   0.06908497509780324   0.1300249268527292   0.34597049780102895   0.41572513817336815   -0.013542358578194573   -0.37314249732241755   -0.34084597825286517   -0.2572182096677874   -0.10844553495380004   0.06546254744674741   0.13418640871606616   0.1243616405837154   0.09016264744704516   0.09906083154844662   0.10600160209433887   0.09927901898265147   0.13327247454854757   0.05548493568895864   -0.10079098208776287   -0.16490736553239724   -0.15678731582943653   -0.14143583206044372   -0.13057476144771196   -0.12702294847609977   -0.04757911148717045   0.021620003270530264   0.010515121969198323   -0.034956162356445164   -0.0640765719384959   -0.08012776331173353   -0.08948766322851957   
T_sec   15.0   15.5   16.0   16.5   17.0   17.5   18.0   18.5   19.0   19.5   20.0   20.5   21.0   21.5   22.0   22.5   23.0   23.5   24.0   24.5   25.0   25.5   26.0   26.5   27.0   27.5   28.0   28.5   29.0   29.5   30.0   30.5   31.0   31.5   32.0   32.5   33.0   33.5   34.0   34.5   35.0   35.5   36.0   36.5   37.0   37.5   38.0   38.5   39.0   39.5   40.0   40.5   41.0   41.5   42.0   42.5   43.0   43.5   44.0   44.5   45.0   45.5   46.0   46.5   47.0   47.5   48.0   48.5   49.0   49.5   50.0   50.5   51.0   51.5   52.0   52.5   53.0   53.5   54.0   54.5   55.0   
U2   0.0044427896348947366   0.004135272106465799   0.004411203251822682   0.004092616949671289   0.0044023721146385425   0.004067123890869663   0.004412881479226419   0.004057213109438901   0.004441877659557338   0.004066044246623041   0.0044973873101773225   0.0040986118671599995   0.0045802641171153475   0.004158075612293814   0.0046922154524293635   0.004233376737670354   0.004822526052050491   0.004325113826446732   0.004976062929280716   0.004436574071302915   0.005164738514503147   0.004580052556929803   0.005391967551833681   0.0047492300008393174   0.005646436194046325   0.0049224599460443805   0.005915594253578325   0.0051027744823530985   0.0062114817122487145   0.005303194829049413   0.006566803771398705   0.0055754232089612965   0.007058068752087391   0.006003906220280473   0.007788553548534788   0.006718816881823814   0.0089459424791301   0.008010135168735638   0.010973359712571755   0.010648586642892744   0.01508281002657278   0.017155198647663076   0.025771436601257726   0.04044382448153101   0.0745876372220896   0.28536533299031247   1.0   0.8234807516643029   0.2572065230237465   0.11628299848450584   0.12491650641901489   0.1840732359211489   0.4074714259567184   0.3279130108385902   -0.17667081243481644   -0.3681266891690784   -0.2741265821644051   -0.131384979377298   0.0092616637845767   0.11727750548182707   0.13761722354518394   0.1344247575468844   0.12149307797660629   0.10672730556543787   0.10781554225620249   0.0370590094021149   -0.09309299445938632   -0.14685369925534691   -0.14153527898147397   -0.14262116523088647   -0.10743422253252465   -0.048999350270378925   -0.022050390439031883   -0.03911173149322565   -0.08307204800827403   -0.06844965600548596   -0.05234787141917638   -0.04700100752368105   -0.055522837704540855   -0.057658691728038884   -0.07433592198054424   
T_sec   15.0   15.5   16.0   16.5   17.0   17.5   18.0   18.5   19.0   19.5   20.0   20.5   21.0   21.5   22.0   22.5   23.0   23.5   24.0   24.5   25.0   25.5   26.0   26.5   27.0   27.5   28.0   28.5   29.0   29.5   30.0   30.5   31.0   31.5   32.0   32.5   33.0   33.5   34.0   34.5   35.0   35.5   36.0   36.5   37.0   37.5   38.0   38.5   39.0   39.5   40.0   40.5   41.0   41.5   42.0   42.5   43.0   43.5   44.0   44.5   45.0   45.5   46.0   46.5   47.0   47.5   48.0   48.5   49.0   49.5   50.0   50.5   51.0   51.5   52.0   52.5   53.0   53.5   54.0   54.5   55.0   
U3   0.0068660419981536845   0.002743856908137028   0.006979065231528747   0.0026376807391032507   0.007120927648088434   0.0025398566071756284   0.007294247825545098   0.002450993557350966   0.007504254212236275   0.00237152649288253   0.007745478914927063   0.0022865791512067996   0.008017930640704642   0.002196804112756467   0.008329539132947079   0.002108465292584751   0.008695924433513155   0.002019170271693106   0.009114093559941904   0.0019056039050928798   0.00956268865743716   0.0017391446867788735   0.010046781446767274   0.0015110496629331329   0.010573957741366826   0.0012072695187211597   0.011178415779065629   0.0008450738379161833   0.01192542322250238   0.0004265860671359862   0.01286683616636332   -6.7218509936635e-05   0.014088603587409664   -0.0006441497001432779   0.015757496863746265   -0.001315069167311066   0.018158044136040687   -0.002066614239256851   0.021905206287142837   -0.0027751857760340724   0.028519179900956867   -0.002815867744279369   0.04288496762318037   0.0017871425220644577   0.09086695191816185   0.06842731059976671   0.6797943088223755   1.0   0.19931150655093874   0.1253046278412843   0.1207139668354064   0.19247565721903373   0.450747709962528   0.38723934011048977   -0.32283312341806   -0.3638763956140381   -0.27073242762270433   -0.06709385030739123   0.051095370216546906   0.13664972187829744   0.14911906341775477   0.1368096548149485   0.1698224384768397   0.1458878902078853   0.12253357479193598   -0.05403340995029262   -0.24081836561636463   -0.14993141890014233   -0.15358753412763837   -0.13118603110408666   -0.09133917392272592   0.013813488103678025   -0.03912669765476512   -0.028869060087485063   -0.12052632696363115   -0.0841218213586278   -0.06370326507540185   -0.04775848717142634   -0.06345813121203535   -0.0616394415926142   -0.08842166779590668   
T_sec   15.0   15.5   16.0   16.5   17.0   17.5   18.0   18.5   19.0   19.5   20.0   20.5   21.0   21.5   22.0   22.5   23.0   23.5   24.0   24.5   25.0   25.5   26.0   26.5   27.0   27.5   28.0   28.5   29.0   29.5   30.0   30.5   31.0   31.5   32.0   32.5   33.0   33.5   34.0   34.5   35.0   35.5   36.0   36.5   37.0   37.5   38.0   38.5   39.0   39.5   40.0   40.5   41.0   41.5   42.0   42.5   43.0   43.5   44.0   44.5   45.0   45.5   46.0   46.5   47.0   47.5   48.0   48.5   49.0   49.5   50.0   50.5   51.0   51.5   52.0   52.5   53.0   53.5   54.0   54.5   55.0   
U4   0.0047728806107911045   0.0041268984446732465   0.0048805515658151485   0.00418820858139625   0.004979718629226757   0.004237937619870441   0.00506951113998915   0.004274445597399945   0.005148187776028765   0.00429619391066657   0.005222511106884477   0.004313225054600943   0.005300782305413346   0.004329689615631593   0.005383770673274469   0.00434743027520977   0.005480648044361688   0.004370496260386318   0.005586291811832005   0.004394069042451298   0.005705723223150733   0.004424911190943582   0.005846372790138152   0.004468145312706171   0.006015671024614544   0.004531505997692403   0.006228144979079769   0.00462769840363209   0.00649917807379646   0.004771434365975876   0.006856459942653502   0.00499608542329821   0.0073461837262608146   0.005348169581023268   0.008036731434851847   0.0059178842337275755   0.009069757083973489   0.006890958602489   0.01073120796791823   0.008692042302251695   0.01373860261274097   0.012501502647625558   0.020284676872442148   0.02252151522190112   0.04039078872415428   0.06532800551461813   0.2059258334726007   0.6930575452813591   1.0   0.4281387151907932   0.23622978173135686   0.37914822852179086   0.5916087449759914   0.1922793683357177   -0.4029125061175735   -0.2745979321759127   -0.11613812225610655   0.06632966341235254   0.16918725923918446   0.21068681224383612   0.2416574764120958   0.3132034189282801   0.24693003060272717   -0.10211391412240937   -0.3463696647190519   -0.27778259188108756   -0.21898726826206882   -0.13711017028930936   -0.06485375047727357   -0.09148236195430698   -0.12010286640707853   -0.0895062581557616   -0.06858297087138611   -0.040901671561619383   -0.06913388700452379   -0.12178931210344072   -0.114492123097256   -0.06554403941324347   -0.0722225914079602   -0.06769355858031514   -0.06830877796778159   
T_sec   15.0   15.5   16.0   16.5   17.0   17.5   18.0   18.5   19.0   19.5   20.0   20.5   21.0   21.5   22.0   22.5   23.0   23.5   24.0   24.5   25.0   25.5   26.0   26.5   27.0   27.5   28.0   28.5   29.0   29.5   30.0   30.5   31.0   31.5   32.0   32.5   33.0   33.5   34.0   34.5   35.0   35.5   36.0   36.5   37.0   37.5   38.0   38.5   39.0   39.5   40.0   40.5   41.0   41.5   42.0   42.5   43.0   43.5   44.0   44.5   45.0   45.5   46.0   46.5   47.0   47.5   48.0   48.5   49.0   49.5   50.0   50.5   51.0   51.5   52.0   52.5   53.0   53.5   54.0   54.5   55.0   
U5   0.004158397870735175   0.0019725507888707088   0.004265013050687696   0.00194105033339295   0.004370758285202037   0.0018977453771974802   0.004479113340549999   0.001845581233272935   0.0045947595354820965   0.0017868817667809705   0.004724010405753318   0.0017222684255485657   0.004864114006592273   0.0016486744519773914   0.005019157339703961   0.0015654882178251204   0.005191788988825498   0.0014736155410736587   0.005389252723539378   0.001374262843234259   0.005618792313428089   0.001269497874869654   0.005889537835600679   0.0011570498761353098   0.0062099044656015595   0.00104041326116041   0.006598914635407479   0.0009246750411807044   0.0070792385008839305   0.000814500179292902   0.007682736589587149   0.000719892155435548   0.008457974888997816   0.0006604996116464247   0.009489131003720145   0.0006881874659237645   0.010932983899087752   0.0009249241737077456   0.013098397277918228   0.001655887043709403   0.01666850785543905   0.00369686623627998   0.023507497258949225   0.009999613244378855   0.040962187308569015   0.03786460616534965   0.138570355685073   0.4227004927975412   1.0   0.5757186892866194   0.2416633354740283   0.35456933386364026   0.5825486148745272   0.15587961581426948   -0.41639579525624587   -0.17463430883034467   -0.05785750057976377   0.10554864780144052   0.15775110421421565   0.24053455276061445   0.2520600218775504   0.32100368485367664   0.04315261487305295   -0.25071202178679536   -0.274563050802936   -0.22098712385279246   -0.13427789805198653   -0.10085965272630261   -0.09749721222759115   -0.13613884502658896   -0.109520559349621   -0.06038506382473827   -0.05891553915278794   -0.02171956208649642   -0.04886225908589404   -0.08928879951151412   -0.12491287943391934   -0.05411924582305458   -0.06369940425106907   -0.046165396756295385   -0.05721488941585637   
T_sec   15.0   15.5   16.0   16.5   17.0   17.5   18.0   18.5   19.0   19.5   20.0   20.5   21.0   21.5   22.0   22.5   23.0   23.5   24.0   24.5   25.0   25.5   26.0   26.5   27.0   27.5   28.0   28.5   29.0   29.5   30.0   30.5   31.0   31.5   32.0   32.5   33.0   33.5   34.0   34.5   35.0   35.5   36.0   36.5   37.0   37.5   38.0   38.5   39.0   39.5   40.0   40.5   41.0   41.5   42.0   42.5   43.0   43.5   44.0   44.5   45.0   45.5   46.0   46.5   47.0   47.5   48.0   48.5   49.0   49.5   50.0   50.5   51.0   51.5   52.0   52.5   53.0   53.5   54.0   54.5   55.0   
U6   0.00488122202388709   0.002588487510232765   0.004992339229862804   0.002538868063894642   0.0051082894653072825   0.002479829773077445   0.0052335140654331804   0.002413752990642929   0.005372948682574827   0.0023439458818651122   0.005529407164884562   0.002267191514216614   0.005702098604967699   0.0021814023097698402   0.0058975367105067135   0.0020894529385082215   0.006122976664866594   0.0019909707269722666   0.006382662076411323   0.0018823052473440076   0.006677923841928205   0.001756760270550073   0.007018827233493342   0.0016143022886857406   0.00741643604376863   0.00145311175495268   0.007893031096385577   0.001274954083055669   0.008473450018224762   0.0010815787069944208   0.009198658403614621   0.0008774530306905822   0.010132658975711261   0.0006750262149327543   0.011377214509590793   0.0005034707123729106   0.013110191178372844   0.00043027657455414444   0.015667339079280997   0.000618186120878191   0.019754962650546003   0.0015389474229636872   0.027144950360844855   0.004780797491621067   0.04359805801925856   0.018108101364592885   0.09989140575857532   0.134129346479024   0.7993198323273958   1.0   0.4652946267910379   0.5202810823438624   0.9265937956355031   0.0029562193100999903   -0.48375119940546074   -0.13197004447125946   0.09369094683344716   0.24405609094599237   0.3164656683544763   0.5970956569496203   0.521873336992599   -0.22086659152330065   -0.38471392015358047   -0.2742011492584543   -0.19071977256625605   -0.12696104247459863   -0.16742565330286588   -0.23768024283084044   -0.26562883643452473   -0.19598846914391374   -0.09745926173249281   -0.10417406156139503   -0.08527435027288033   -0.006535036713692177   -0.029265438738405296   -0.06431248824270377   -0.15398050851137804   -0.12079377184975743   -0.07277321702950763   -0.05442131027345868   -0.09752051956502997   
T_sec   15.0   15.5   16.0   16.5   17.0   17.5   18.0   18.5   19.0   19.5   20.0   20.5   21.0   21.5   22.0   22.5   23.0   23.5   24.0   24.5   25.0   25.5   26.0   26.5   27.0   27.5   28.0   28.5   29.0   29.5   30.0   30.5   31.0   31.5   32.0   32.5   33.0   33.5   34.0   34.5   35.0   35.5   36.0   36.5   37.0   37.5   38.0   38.5   39.0   39.5   40.0   40.5   41.0   41.5   42.0   42.5   43.0   43.5   44.0   44.5   45.0   45.5   46.0   46.5   47.0   47.5   48.0   48.5   49.0   49.5   50.0   50.5   51.0   51.5   52.0   52.5   53.0   53.5   54.0   54.5   55.0   
U7   0.0030067129190208047   0.0030832252847954357   0.0030379886662344263   0.003124234819568938   0.0030731625416999856   0.0031700473879616455   0.0031107835829009603   0.003218262049817455   0.00315316489206282   0.0032745422485040265   0.003199624618565873   0.0033339948058575247   0.0032501639157171153   0.003398884868563615   0.0033047827835165472   0.003469121715424172   0.003363254707295602   0.0035457032796185825   0.0034298857723710358   0.003633159854518177   0.0035055831907241097   0.0037364782227524078   0.0035998640383556072   0.003863361036359531   0.003715900673932455   0.004017887865987736   0.003862759450732293   0.00421592050497166   0.00405720937407102   0.004476493105312864   0.004321006231893986   0.004826342471051171   0.004684521442701041   0.005317133552838673   0.0052098500116613084   0.006029533252052956   0.0059958088463125956   0.00711898714337345   0.007241389696434924   0.008896842865417138   0.009378587861083195   0.012090945787219688   0.013494903477781246   0.01869999143310986   0.023078744275504843   0.036229373952604886   0.05579430347139372   0.12300188997499824   0.39752942965936566   0.997682971356253   0.9632018860700988   0.6332619053305991   1.0   0.19910810677368615   -0.5699973634468766   -0.060957045231839736   0.2259575124643407   0.4677021552381717   0.6792888786684123   0.8657074287009892   -0.14212616100113268   -0.6495374987077409   -0.2834851200396092   -0.1526630568275348   -0.14826043881361747   -0.23731269681377445   -0.26710940017118995   -0.2915858810691628   -0.27461139792176004   -0.21912043296775338   -0.12277513362941152   -0.1204923710222155   -0.0697938199331036   0.02832304833402241   -0.013802357086274577   -0.08864397697448112   -0.1521947385284301   -0.1390565400737996   -0.08848932693465107   -0.10050782839367435   -0.07991640879111668   
T_sec   15.0   15.5   16.0   16.5   17.0   17.5   18.0   18.5   19.0   19.5   20.0   20.5   21.0   21.5   22.0   22.5   23.0   23.5   24.0   24.5   25.0   25.5   26.0   26.5   27.0   27.5   28.0   28.5   29.0   29.5   30.0   30.5   31.0   31.5   32.0   32.5   33.0   33.5   34.0   34.5   35.0   35.5   36.0   36.5   37.0   37.5   38.0   38.5   39.0   39.5   40.0   40.5   41.0   41.5   42.0   42.5   43.0   43.5   44.0   44.5   45.0   45.5   46.0   46.5   47.0   47.5   48.0   48.5   49.0   49.5   50.0   50.5   51.0   51.5   52.0   52.5   53.0   53.5   54.0   54.5   55.0   
U8   0.0015156137269237945   0.000578111602095849   0.0015646472565901735   0.0005825610631614906   0.0016174170800826307   0.0005869517098832818   0.0016742128667087042   0.0005898646028954546   0.0017350346164683925   0.0005924290122562374   0.0017990427286110062   0.0005951948694087845   0.0018693647511756181   0.0006001310451620144   0.001947998962143076   0.0006066582009008521   0.002037783240244917   0.0006192934168582117   0.002139876262711293   0.0006380072858621701   0.0022613727263710434   0.0006695754282621029   0.0024062691871858605   0.0007173562470607754   0.002580270809790744   0.0007832892058951788   0.002791341298937145   0.0008800565375414527   0.003053989124762212   0.0010194714668531155   0.003389238115616848   0.0012286070680557527   0.0038303326227007244   0.001542701567918161   0.004429513140411642   0.0020317403028786356   0.005279590066139604   0.00281371729043619   0.006550458232953461   0.00414057738226368   0.008602435615830802   0.006549194370770879   0.012256864647701003   0.01149209622744667   0.019991910601779347   0.02385325075705066   0.0422549500155427   0.07136419157607204   0.19175726174546087   0.6482340765647177   1.0   0.8679833638972437   0.9265508523093314   0.2354512588055515   -0.404880642658962   0.006349881916664011   0.3450785869830273   0.7520041235860303   0.943352112387744   0.05168006882494095   -0.6057550935076068   -0.31663361620268315   -0.1599419524627455   -0.17106874887105483   -0.24271339774676404   -0.19535492808370464   -0.24598071420050785   -0.2287010738551654   -0.20589889434374148   -0.2071266818935505   -0.13541872348475695   -0.059099903924226496   -0.027580222800198742   0.013630115159725738   -0.03940950107979691   -0.09280831935783972   -0.08829467300605821   -0.11408735770236075   -0.16281147643034036   -0.0854198908729788   -0.0537680604235672   
T_sec   15.0   15.5   16.0   16.5   17.0   17.5   18.0   18.5   19.0   19.5   20.0   20.5   21.0   21.5   22.0   22.5   23.0   23.5   24.0   24.5   25.0   25.5   26.0   26.5   27.0   27.5   28.0   28.5   29.0   29.5   30.0   30.5   31.0   31.5   32.0   32.5   33.0   33.5   34.0   34.5   35.0   35.5   36.0   36.5   37.0   37.5   38.0   38.5   39.0   39.5   40.0   40.5   41.0   41.5   42.0   42.5   43.0   43.5   44.0   44.5   45.0   45.5   46.0   46.5   47.0   47.5   48.0   48.5   49.0   49.5   50.0   50.5   51.0   51.5   52.0   52.5   53.0   53.5   54.0   54.5   55.0   
U9   0.0012933683646288662   0.0005199170687012902   0.0013329401727649021   0.0005123062580206028   0.0013741397392698067   0.0005016320891917076   0.0014186144130558021   0.0004891314732232969   0.00146759830648253   0.00047542939580083474   0.0015231454748336755   0.00046094095924293564   0.0015862773484529807   0.0004446428674398245   0.001657600255365572   0.00042447826645876537   0.0017360871679296065   0.00040026339365738077   0.0018264618535677513   0.00037283498385401806   0.0019322121015769966   0.00034200740864026596   0.0020576456441783776   0.0003073907535389653   0.0022072735667786596   0.00026820332382976347   0.002389715998234997   0.00022469698261526845   0.002615230900909995   0.00017628965989118064   0.0029002382164407085   0.00012361754206394402   0.0032673187462790294   6.834478218963969e-05   0.003757556912497788   1.970821427779453e-05   0.004436682796690727   -8.58564358067538e-06   0.005415675382548086   1.978638179500981e-05   0.0069063054482578125   0.00019378956148940842   0.009353037734330851   0.000780592291470306   0.01385812888002263   0.0027495689157767665   0.023895409224667073   0.011032870157969147   0.05779313757692624   0.08847656421935378   0.4277958423122565   0.4355270714618387   0.64448925403923   0.20148758812910927   -0.32347360993930163   0.17110232349209495   0.26886515016563867   1.0   0.12622814915811278   -0.4794776070497682   -0.10998174236563761   -0.16430590119623673   -0.15587606669377274   -0.15672976467108288   -0.11889691149713615   -0.1389302833992223   -0.11263902419257826   -0.09391829349462609   -0.07964823107022434   -0.1497946456385336   -0.0464257586901466   -0.023911753193458674   -0.04150207582649795   -0.010825881790860744   -0.06631969673629458   -0.06181438601706654   -0.03711257584238033   -0.10160541859967585   -0.06810015915118411   -0.011197234499015125   -0.06519238584299765   
T_sec   15.0   15.5   16.0   16.5   17.0   17.5   18.0   18.5   19.0   19.5   20.0   20.5   21.0   21.5   22.0   22.5   23.0   23.5   24.0   24.5   25.0   25.5   26.0   26.5   27.0   27.5   28.0   28.5   29.0   29.5   30.0   30.5   31.0   31.5   32.0   32.5   33.0   33.5   34.0   34.5   35.0   35.5   36.0   36.5   37.0   37.5   38.0   38.5   39.0   39.5   40.0   40.5   41.0   41.5   42.0   42.5   43.0   43.5   44.0   44.5   45.0   45.5   46.0   46.5   47.0   47.5   48.0   48.5   49.0   49.5   50.0   50.5   51.0   51.5   52.0   52.5   53.0   53.5   54.0   54.5   55.0   
U10   0.0013054114012235288   -0.0021826649278969593   0.001394615802924825   -0.002262833774165163   0.0014919989347924442   -0.0023458586816492186   0.001601403501136086   -0.0024362401167213905   0.0017215486005191837   -0.00253236829691383   0.0018533862533470216   -0.002638250367051878   0.0019998071435240144   -0.0027535574461042514   0.0021635375144389377   -0.0028792415544762356   0.0023489133919484136   -0.0030149738111365457   0.002558332138409935   -0.003164268039363601   0.0027986915825532577   -0.003329357160999251   0.0030757730921872127   -0.0035090900924340074   0.003398707417883408   -0.0037104944802247033   0.0037817835386482774   -0.003933371261167134   0.004238632671425695   -0.004181493894193872   0.004799278116180743   -0.004453642050318302   0.005498702338109124   -0.004753355502580228   0.006393896812720945   -0.005077665648770929   0.007573814978990525   -0.00541459428100998   0.009196362613428355   -0.005715190094179199   0.011556328901834877   -0.0058782357179680165   0.015233780684685302   -0.005566221779117253   0.02167875965082432   -0.0035808374810043096   0.03535766779523901   0.006075702208123098   0.07971122819278773   0.09529038890397916   0.48636899356756635   0.6984612787204998   0.7865456744078422   0.3297525153402403   -0.29131953968860036   0.17667085419685352   0.5709683522845197   1.0   -0.29694776203907086   -0.3434807029660551   -0.14398787841981442   -0.22045278098320814   -0.1961203858373125   -0.12734530749396228   -0.14083554062114406   -0.13588709392974382   -0.09395538082545528   -0.07573447495713265   -0.11352022558058046   -0.14532430475353295   -0.06475579749554711   -0.01901856179039169   -0.05875393855831752   -0.012080686274371448   -0.08967369464463945   -0.02930419593234258   -0.07050665836929726   -0.0821093711137254   -0.051961607759768984   -0.032407012243144004   -0.07931289156352142   
T_sec   15.0   15.5   16.0   16.5   17.0   17.5   18.0   18.5   19.0   19.5   20.0   20.5   21.0   21.5   22.0   22.5   23.0   23.5   24.0   24.5   25.0   25.5   26.0   26.5   27.0   27.5   28.0   28.5   29.0   29.5   30.0   30.5   31.0   31.5   32.0   32.5   33.0   33.5   34.0   34.5   35.0   35.5   36.0   36.5   37.0   37.5   38.0   38.5   39.0   39.5   40.0   40.5   41.0   41.5   42.0   42.5   43.0   43.5   44.0   44.5   45.0   45.5   46.0   46.5   47.0   47.5   48.0   48.5   49.0   49.5   50.0   50.5   51.0   51.5   52.0   52.5   53.0   53.5   54.0   54.5   55.0   
U11   -0.0016714611625962947   -0.00023078519210544598   -0.0017005290507125332   -0.00018775109642927372   -0.0017308983297070995   -0.00014017486006531084   -0.0017622862362032588   -8.712265791939878e-05   -0.001794746013035227   -2.762717160774023e-05   -0.001828518147385782   3.840641936826977e-05   -0.001864188423854465   0.00011169273304022375   -0.001901823829020553   0.00019505934646389848   -0.0019391035155379203   0.00029085973420204316   -0.0019769104339593673   0.0004013408284373961   -0.0020140145758135134   0.0005339993316965245   -0.002039162226580365   0.0006958338775264857   -0.002057592763727588   0.0008862225331074788   -0.0020712817088287547   0.0011127942419785982   -0.0020748005661426587   0.0013868662409470568   -0.0020581856876158563   0.0017237137385513238   -0.0020150121559902195   0.0021505990459298524   -0.0019224150914310143   0.002703935622593077   -0.0017461745536415908   0.0034457725076809187   -0.0014235196733084167   0.004493387871323543   -0.000827077556265577   0.006059332441570763   0.00032273742011124806   0.00861849127186887   0.0027183763392352213   0.013376853111512663   0.008456196421224077   0.024394559148587566   0.0265331369205072   0.06441187037108494   0.14664059097654475   0.5180498749586584   0.901323343955219   0.5686364483688533   -0.05115131503879817   0.9142584061104094   1.0   -0.2843560260693912   -0.2952448004651563   -0.30579346995461804   -0.2648353159294925   -0.2673221965349908   -0.1460456174005182   -0.15714921773120122   -0.16130643925032973   -0.08902724200853485   -0.023878404663461632   -0.09334686099034929   -0.10302562050115069   -0.09869711565284618   -0.08290007629863505   -0.10379804781793453   -0.13288322239037573   -0.10546458417002497   -0.027452569803331467   -0.10644838257997197   -0.05871471697519481   0.029259641715630075   -0.008994665014711422   -0.04397075385386902   -0.04412893144326677   
T_sec   15.0   15.5   16.0   16.5   17.0   17.5   18.0   18.5   19.0   19.5   20.0   20.5   21.0   21.5   22.0   22.5   23.0   23.5   24.0   24.5   25.0   25.5   26.0   26.5   27.0   27.5   28.0   28.5   29.0   29.5   30.0   30.5   31.0   31.5   32.0   32.5   33.0   33.5   34.0   34.5   35.0   35.5   36.0   36.5   37.0   37.5   38.0   38.5   39.0   39.5   40.0   40.5   41.0   41.5   42.0   42.5   43.0   43.5   44.0   44.5   45.0   45.5   46.0   46.5   47.0   47.5   48.0   48.5   49.0   49.5   50.0   50.5   51.0   51.5   52.0   52.5   53.0   53.5   54.0   54.5   55.0   
U12   -0.0014735431294664255   -0.0018660531447934293   -0.001461000141440541   -0.0018732750016419103   -0.0014469380425921991   -0.0018803207992669627   -0.0014294594192134186   -0.001885939778434208   -0.0014088561811054262   -0.0018903243636412435   -0.0013810415910510286   -0.001883482866891016   -0.0013391616680017175   -0.0018713660617310527   -0.0012906542126084578   -0.0018557057686397216   -0.0012340596758651085   -0.0018340803161229003   -0.001166601715869054   -0.0018067533349341676   -0.0010872997953811046   -0.001770984691035878   -0.0009920552210990813   -0.001726166332207498   -0.0008782731945830018   -0.001668494016939674   -0.0007396788349625316   -0.0015915465213638697   -0.0005669041973303891   -0.0014904170207913749   -0.00035017030334543305   -0.0013542806475342868   -7.08276562773964e-05   -0.0011669082826978336   0.0002974492885202148   -0.0009003472989118214   0.0008008300428970549   -0.0005050588151307144   0.001521788259126993   0.0001150850815721479   0.0026117242672686423   0.001139660485367035   0.0043688840211973745   0.0029714332686101106   0.007483997806559175   0.006662897336145838   0.01387771084216208   0.015668825699191806   0.03077199691042153   0.047581266473574885   0.11292173591027867   0.36086526487098264   0.8519855211362203   0.7640469421107161   0.6469155738103693   1.0   0.34082261883967024   -0.3889131678023247   -0.40719810409402596   -0.2855353154071469   -0.2506161683737413   -0.21390169824625999   -0.1545043191904342   -0.13720798308203117   -0.12686488036871255   -0.057979393078575844   -0.04775351115409971   -0.07752072274080875   -0.09038437676054215   -0.10926491225378637   -0.11156653120928008   -0.13544266753262982   -0.15935829255579287   -0.07143051228988304   -0.06387911105853335   -0.06885556057614349   0.01571767660322148   0.049428861174332005   0.012567759066980858   -0.022259190147207026   -0.05527571596145494   
T_sec   15.0   15.5   16.0   16.5   17.0   17.5   18.0   18.5   19.0   19.5   20.0   20.5   21.0   21.5   22.0   22.5   23.0   23.5   24.0   24.5   25.0   25.5   26.0   26.5   27.0   27.5   28.0   28.5   29.0   29.5   30.0   30.5   31.0   31.5   32.0   32.5   33.0   33.5   34.0   34.5   35.0   35.5   36.0   36.5   37.0   37.5   38.0   38.5   39.0   39.5   40.0   40.5   41.0   41.5   42.0   42.5   43.0   43.5   44.0   44.5   45.0   45.5   46.0   46.5   47.0   47.5   48.0   48.5   49.0   49.5   50.0   50.5   51.0   51.5   52.0   52.5   53.0   53.5   54.0   54.5   55.0   
U13   -0.0014603097870239383   -0.0021010784407646086   -0.0014405181934475514   -0.0021075855188005515   -0.0014177812906189897   -0.0021118896930836534   -0.0013909297219886576   -0.002113750354610585   -0.001359579316784533   -0.002114327768119757   -0.0013233627484681195   -0.00211338132460784   -0.0012815116754953716   -0.0021093898458314267   -0.0012329847982407017   -0.002103433393527819   -0.0011771586763175991   -0.0020926300172124253   -0.0011114384827788568   -0.0020776988651175516   -0.0010343043787699121   -0.0020580384147348735   -0.0009435793965826346   -0.002030405802074803   -0.0008355161969537504   -0.0019938786926245763   -0.0007052358110785699   -0.0019443680807328962   -0.0005452004147431943   -0.0018759229197503426   -0.0003417086071478321   -0.0017769458877822933   -8.036817017207297e-05   -0.0016372806381764204   0.0002618401124414789   -0.0014349796838107403   0.0007258404733295641   -0.0011318424474871503   0.0013804970957403155   -0.0006541326574684451   0.0023572001981260445   0.00014161609783081255   0.003912750304074727   0.0015731788372561188   0.006633169906970977   0.004447214325793181   0.012077335018861258   0.01129442162654825   0.025681278183356242   0.03367496453875137   0.07965665439861791   0.2009959955500025   0.6734320808388371   1.0   0.8595891717918747   0.6567205437143232   -0.1754210681606984   -0.4082875993598207   -0.294171751924817   -0.21203953329435904   -0.1711885635530126   -0.14301352014880372   -0.12105544751330735   -0.09993501726601514   -0.07659724993227046   -0.038198648946390634   -0.05679035959886764   -0.06679043999625316   -0.05551886547018436   -0.08182059296058869   -0.10063010893964919   -0.12483023322341201   -0.12472166657788342   -0.038995941664020484   -0.039782460147668675   -0.005907583918518718   0.04555990724724054   0.04560489741775281   0.013193099584582263   -0.009834195459100498   -0.05839463986823675   
T_sec   15.0   15.5   16.0   16.5   17.0   17.5   18.0   18.5   19.0   19.5   20.0   20.5   21.0   21.5   22.0   22.5   23.0   23.5   24.0   24.5   25.0   25.5   26.0   26.5   27.0   27.5   28.0   28.5   29.0   29.5   30.0   30.5   31.0   31.5   32.0   32.5   33.0   33.5   34.0   34.5   35.0   35.5   36.0   36.5   37.0   37.5   38.0   38.5   39.0   39.5   40.0   40.5   41.0   41.5   42.0   42.5   43.0   43.5   44.0   44.5   45.0   45.5   46.0   46.5   47.0   47.5   48.0   48.5   49.0   49.5   50.0   50.5   51.0   51.5   52.0   52.5   53.0   53.5   54.0   54.5   55.0   
U14   -0.001325105140293355   -0.001963723351016184   -0.0013063093350519225   -0.001965987905962891   -0.0012845195349392986   -0.0019677730357973507   -0.001259410876148299   -0.001966091844848832   -0.0012300458060558088   -0.001963754598483554   -0.0011963517898610893   -0.001959217383064861   -0.001157932200354287   -0.00195245496569211   -0.0011136326519081406   -0.001943265483160143   -0.0010624430570987965   -0.0019285863410962955   -0.0010025600740826944   -0.0019110764074629187   -0.0009330453788386498   -0.0018890403712194912   -0.0008519150639193244   -0.0018607324555241997   -0.000755597941639897   -0.001822686339594067   -0.0006389718114784312   -0.0017726515885743896   -0.0004932707504274301   -0.0017004815691226767   -0.0003094772778710199   -0.0016048641704054108   -7.619183573999768e-05   -0.0014722621369990569   0.0002299603421215355   -0.0012845111792674506   0.00064454683435839   -0.0010055303402473753   0.0012315959188928401   -0.0005716594941156522   0.002107224439485042   0.0001434201653468189   0.003505981954110289   0.001416389649446764   0.005954351811482303   0.00394325346108415   0.010847803535161836   0.009876588207727684   0.022983605213488335   0.028721478015548318   0.0695278371803419   0.15756925798304108   0.572739715674756   1.0   0.835326056931741   0.5637222584410673   -0.2596447663812588   -0.37272404881592186   -0.2562966179584176   -0.1929430656244074   -0.1472749201311814   -0.1258354849620474   -0.11410060654993191   -0.091418873131208   -0.06620305439861246   -0.04008651391459509   -0.06160328104517411   -0.06313449442991725   -0.0445009354888965   -0.07313500719897995   -0.09686348231007078   -0.11513389657766465   -0.11582523223908604   -0.03156219596053297   -0.03658225505775254   -0.0004222087594715383   0.04668160490826792   0.04038872958922332   0.012210152701282109   -0.007077547256928696   -0.05373143959365878   
T_sec   15.0   15.5   16.0   16.5   17.0   17.5   18.0   18.5   19.0   19.5   20.0   20.5   21.0   21.5   22.0   22.5   23.0   23.5   24.0   24.5   25.0   25.5   26.0   26.5   27.0   27.5   28.0   28.5   29.0   29.5   30.0   30.5   31.0   31.5   32.0   32.5   33.0   33.5   34.0   34.5   35.0   35.5   36.0   36.5   37.0   37.5   38.0   38.5   39.0   39.5   40.0   40.5   41.0   41.5   42.0   42.5   43.0   43.5   44.0   44.5   45.0   45.5   46.0   46.5   47.0   47.5   48.0   48.5   49.0   49.5   50.0   50.5   51.0   51.5   52.0   52.5   53.0   53.5   54.0   54.5   55.0   
U15   -0.001424665795155212   -0.0016961780538830966   -0.001405273874071114   -0.0016912930851146972   -0.0013829561676504884   -0.001683982091947357   -0.0013572241119232866   -0.0016738104054434227   -0.0013276812572297003   -0.001661803450091621   -0.0012944253163637395   -0.0016470918880166466   -0.0012547315280606653   -0.00162776975988693   -0.001209180570600768   -0.0016046210074480572   -0.0011578645582942895   -0.0015779949035079623   -0.0010990302593328206   -0.0015462864649943818   -0.0010309244419079522   -0.00150740774334877   -0.0009512997117574579   -0.0014601996214040536   -0.0008563620653662582   -0.0013999872099344627   -0.0007430670363568786   -0.0013254535508202617   -0.0006043584395824464   -0.0012282887790632264   -0.00043137657600253947   -0.001099643645978309   -0.0002107446683859833   -0.0009248445557973438   8.01478152635526e-05   -0.0006778960974587883   0.00047684287811676073   -0.0003160026783354877   0.0010443101988605113   0.00024243282934853478   0.0018974917509449417   0.0011495888884474536   0.003278873670960218   0.0027685610280631504   0.005770774363914201   0.006018305186896337   0.010995413402474067   0.013885501399207767   0.025265946413472747   0.04160061524631937   0.10315891655941895   0.30503009448432744   0.6957229533764013   1.0   0.8244555502473615   0.042324708348352724   -0.3828183546514016   -0.252413724772006   -0.19557690109946743   -0.16049449937144875   -0.13900360323729477   -0.11551617244807928   -0.12038013446503737   -0.10057709436472044   -0.06800540372876551   -0.058381537141810456   -0.04746527778453267   -0.01905209179041959   -0.02525492125089936   -0.051103725945861475   -0.08314969319538779   -0.08522511566613392   -0.071683704507666   -0.045410479950797535   0.0046560792062664315   0.047730775058547704   0.039451671803405586   0.02003345345863959   0.004357850902896535   -0.020047111060330244   -0.06856934727899767   
T_sec   15.0   15.5   16.0   16.5   17.0   17.5   18.0   18.5   19.0   19.5   20.0   20.5   21.0   21.5   22.0   22.5   23.0   23.5   24.0   24.5   25.0   25.5   26.0   26.5   27.0   27.5   28.0   28.5   29.0   29.5   30.0   30.5   31.0   31.5   32.0   32.5   33.0   33.5   34.0   34.5   35.0   35.5   36.0   36.5   37.0   37.5   38.0   38.5   39.0   39.5   40.0   40.5   41.0   41.5   42.0   42.5   43.0   43.5   44.0   44.5   45.0   45.5   46.0   46.5   47.0   47.5   48.0   48.5   49.0   49.5   50.0   50.5   51.0   51.5   52.0   52.5   53.0   53.5   54.0   54.5   55.0   
U16   -0.0017084523276759632   -0.0016420749126005   -0.0016942722849200911   -0.0016225765571141386   -0.0016790846486306149   -0.0016015457821500344   -0.001660136254587547   -0.0015747342349205933   -0.001637081137328723   -0.0015441663896266062   -0.001610396640312075   -0.0015091152613762283   -0.0015809301567202634   -0.0014697839536197146   -0.0015465834383151858   -0.0014240736604398264   -0.001506047640131549   -0.001370264632630049   -0.001459192371172061   -0.0013077079160792283   -0.0014038618867880026   -0.001233902057396071   -0.0013383741829941897   -0.0011461774669706607   -0.0012593416610569214   -0.0010388277042541092   -0.0011619256908982465   -0.0009071507487560756   -0.0010407369108963675   -0.0007417661502592064   -0.0008857547112291417   -0.0005278333246343623   -0.0006799939167014012   -0.0002427300320496044   -0.00040107999049618603   0.0001439830091747978   -1.5030786841498283e-05   0.0006900457502775233   0.0005563391171171124   0.0015138525936050692   0.001455495027105838   0.0028342603291271634   0.002981662342154737   0.005147173921520093   0.005867296755602675   0.00974065201339416   0.012302944495070313   0.021012701550097455   0.031884456085043124   0.0655774624046347   0.18090210295327838   0.5031222721164325   0.7929048007459271   1.0   0.9064780230867828   0.06606510487559149   -0.40827301130667704   -0.2779408508186056   -0.22273323780326068   -0.2041267528086001   -0.17467264128729915   -0.14644878371363226   -0.15190691066650697   -0.12272488651028098   -0.07044961822436922   -0.055823251248299   -0.0426272598742612   -0.01387104578134425   -0.020912462489911552   -0.0519575909277903   -0.0874771640117485   -0.10055434387220358   -0.07967871375501313   -0.04531356415040753   0.013453903538896646   0.05222878320415613   0.04042917926958743   0.01982285201676324   0.005299775965473014   -0.029552988723560696   -0.08376622526471103   
T_sec   15.0   15.5   16.0   16.5   17.0   17.5   18.0   18.5   19.0   19.5   20.0   20.5   21.0   21.5   22.0   22.5   23.0   23.5   24.0   24.5   25.0   25.5   26.0   26.5   27.0   27.5   28.0   28.5   29.0   29.5   30.0   30.5   31.0   31.5   32.0   32.5   33.0   33.5   34.0   34.5   35.0   35.5   36.0   36.5   37.0   37.5   38.0   38.5   39.0   39.5   40.0   40.5   41.0   41.5   42.0   42.5   43.0   43.5   44.0   44.5   45.0   45.5   46.0   46.5   47.0   47.5   48.0   48.5   49.0   49.5   50.0   50.5   51.0   51.5   52.0   52.5   53.0   53.5   54.0   54.5   55.0   
U17   -0.001319796410558144   -0.0013157565343224881   -0.0012992896713601   -0.0013040190211704675   -0.00127577171436911   -0.0012909859238792105   -0.0012495017119322142   -0.0012753154158085319   -0.0012196107723902647   -0.0012571448364814383   -0.0011857862827377218   -0.0012358567132363365   -0.0011473803121069828   -0.0012112605434876885   -0.0011036914889719469   -0.0011823500960533393   -0.0010537974810149668   -0.0011484469818596786   -0.0009961355008043112   -0.0011077522235804244   -0.0009290056989812104   -0.0010588099151008436   -0.0008498390569317782   -0.000998098247283394   -0.000754664090585894   -0.0009224005482425554   -0.0006393415181444224   -0.0008259538323354439   -0.0004960806624971654   -0.0007015242562974054   -0.00032061321086340283   -0.0005423653081599243   -9.46964164453426e-05   -0.00032283027606045474   0.000209408970759067   -9.597208787283072e-06   0.0006340818689742692   0.00045435145493510584   0.001255626638443104   0.0011769583223721948   0.002224644716728974   0.0023778315265646994   0.0038601262090190644   0.004560514203195652   0.0069718422019953525   0.009110321229726055   0.014124506986637853   0.02122103964813868   0.03811434525424364   0.08320198118130658   0.28593639335492016   0.6024113369806713   0.5432875051142673   0.6698966051458012   1.0   0.0025500909445838878   -0.3523986014069743   -0.2214856949860597   -0.2165636991728712   -0.20890675283809715   -0.18198106618411325   -0.1364863451612133   -0.14551974028169937   -0.11415685082489796   -0.04220419868702015   -0.03548864197655721   -0.029204733864613114   0.005442105391849477   -0.022824041193856417   -0.03356830373938657   -0.07271627060288048   -0.10716052149345875   -0.0477030565513684   -0.04521117824352927   0.008922609369148307   0.050418475919383275   0.03412316085227435   0.013201858995796376   0.0057400232709333655   -0.03721083729413715   -0.07208229189683031   
T_sec   15.0   15.5   16.0   16.5   17.0   17.5   18.0   18.5   19.0   19.5   20.0   20.5   21.0   21.5   22.0   22.5   23.0   23.5   24.0   24.5   25.0   25.5   26.0   26.5   27.0   27.5   28.0   28.5   29.0   29.5   30.0   30.5   31.0   31.5   32.0   32.5   33.0   33.5   34.0   34.5   35.0   35.5   36.0   36.5   37.0   37.5   38.0   38.5   39.0   39.5   40.0   40.5   41.0   41.5   42.0   42.5   43.0   43.5   44.0   44.5   45.0   45.5   46.0   46.5   47.0   47.5   48.0   48.5   49.0   49.5   50.0   50.5   51.0   51.5   52.0   52.5   53.0   53.5   54.0   54.5   55.0   
U18   -0.001269318666949931   -0.0012145357891205236   -0.001245628079218807   -0.0011873740625398062   -0.0012198774803842507   -0.0011569230781901722   -0.0011915249075374601   -0.0011227852739273928   -0.001160172798534206   -0.0010837496832023816   -0.0011244296858696865   -0.0010389128811532514   -0.0010846392114222424   -0.000987895125710517   -0.0010400423510945592   -0.0009285998455379499   -0.000987928370259319   -0.0008588948291498312   -0.0009337927787200573   -0.0007856108333803431   -0.0008747959609513612   -0.0006969457344258248   -0.000803964139479436   -0.0005870083005051255   -0.0007169606909505584   -0.0004492200160804124   -0.0006092323908641446   -0.0002738463565230084   -0.00047276009603491995   -4.5723739878049875e-05   -0.00029617856528617146   0.0002582350666576252   -5.9383502314703616e-05   0.0006762913858702278   0.0002690115539155971   0.0012707626385967306   0.0007448135200913769   0.0021553383593499774   0.0014755578957684312   0.0035499907970948557   0.002683190241473508   0.00593199887171411   0.004905269416553613   0.010505315791237592   0.009743709906321776   0.021223130727224194   0.02428030896338879   0.06011154899065043   0.1342376114520575   0.51834252373796   0.65904663581667   0.33890836059007173   0.4211488148612154   0.6560651628344406   1.0   0.32029205514344555   -0.3040975801766987   -0.3460443850605084   -0.38107573636828646   -0.3198925437484944   -0.24504578035155958   -0.1871751965382016   -0.16185986064556324   -0.09632056413957257   -0.02107143750218924   -0.004582255251746064   -0.032342474058844696   -0.020761157982703574   -0.010604644260089481   -0.04872380365360353   -0.09762085939116481   -0.10245975452191713   -0.05049172120643242   -0.062488309537861504   -0.0004892607683055496   0.05685615257946376   0.030060845338778803   -0.0005031056066163701   -0.03586176608300304   -0.03122739017425667   -0.045346240936712766   
T_sec   15.0   15.5   16.0   16.5   17.0   17.5   18.0   18.5   19.0   19.5   20.0   20.5   21.0   21.5   22.0   22.5   23.0   23.5   24.0   24.5   25.0   25.5   26.0   26.5   27.0   27.5   28.0   28.5   29.0   29.5   30.0   30.5   31.0   31.5   32.0   32.5   33.0   33.5   34.0   34.5   35.0   35.5   36.0   36.5   37.0   37.5   38.0   38.5   39.0   39.5   40.0   40.5   41.0   41.5   42.0   42.5   43.0   43.5   44.0   44.5   45.0   45.5   46.0   46.5   47.0   47.5   48.0   48.5   49.0   49.5   50.0   50.5   51.0   51.5   52.0   52.5   53.0   53.5   54.0   54.5   55.0   
U19   -0.0009568913332901331   -0.0012968611821280705   -0.0009292607123412333   -0.0012711475270686646   -0.0008988715229580499   -0.0012420080432360796   -0.0008652852075166671   -0.0012098671523996997   -0.0008273252687816134   -0.0011719898458827948   -0.0007828083425363305   -0.0011312807626164788   -0.0007421416668336104   -0.001092469797433614   -0.0006957103037413012   -0.0010456212535658986   -0.0006396545788138184   -0.000988228825051582   -0.0005719303034708807   -0.0009188873119402137   -0.0004895502065632248   -0.0008339186229860821   -0.0003879402337912647   -0.0007287157202290266   -0.00026090656404451664   -0.0005961096587193093   -9.753511296271036e-05   -0.00042597673482335337   0.00011522547074371287   -0.00020328399778887554   0.00040037865773621576   9.609698694287989e-05   0.0007929689901677978   0.0005091258638555019   0.0013529742488490287   0.001102633873468195   0.002187860976995916   0.0019956900220788098   0.003505660954936542   0.0034290419450446097   0.005752036469365236   0.005954551900953698   0.010062811374722182   0.01111433883813926   0.020089815101218284   0.02496845045138033   0.05491887453059338   0.10330840970753842   0.4328537623387911   0.8856017630201659   0.3651428522829628   0.2881343800974667   0.4664265280839903   0.7485021369140873   1.0   0.6270963513619701   -0.3030809581221503   -0.575153546137026   -0.4736283884922579   -0.37325363928294036   -0.28551014018769205   -0.22231414676879455   -0.11660728854026688   -0.06975516939975501   -0.03128117608126476   -0.010176005131796338   -0.05191044558481132   -0.01786496577759836   -0.014668616038808638   -0.09270030231087012   -0.07720943753934216   -0.09952777984030395   -0.076213410827522   -0.060431104025001875   -0.010453149137867329   0.05692872726147458   0.0320138786064387   -0.025930796186512953   -0.03051736957414476   -0.000384834533039644   -0.048029902118916626   
T_sec   15.0   15.5   16.0   16.5   17.0   17.5   18.0   18.5   19.0   19.5   20.0   20.5   21.0   21.5   22.0   22.5   23.0   23.5   24.0   24.5   25.0   25.5   26.0   26.5   27.0   27.5   28.0   28.5   29.0   29.5   30.0   30.5   31.0   31.5   32.0   32.5   33.0   33.5   34.0   34.5   35.0   35.5   36.0   36.5   37.0   37.5   38.0   38.5   39.0   39.5   40.0   40.5   41.0   41.5   42.0   42.5   43.0   43.5   44.0   44.5   45.0   45.5   46.0   46.5   47.0   47.5   48.0   48.5   49.0   49.5   50.0   50.5   51.0   51.5   52.0   52.5   53.0   53.5   54.0   54.5   55.0   
U20   -0.001633752898216418   -0.0005338026549974376   -0.0016465236017257387   -0.0004939990010910535   -0.0016567222835348297   -0.000447515192554445   -0.0016647716856761131   -0.0003935219652852086   -0.0016698289421610694   -0.0003302252837218758   -0.0016711866943578393   -0.00025607230516774474   -0.0016671890321379398   -0.00016741531480276857   -0.001655185452065267   -6.066624150401108e-05   -0.0016332192074494612   6.851638629431703e-05   -0.0015980381217306652   0.0002267342414865666   -0.001544265324377123   0.00041962684358434803   -0.001467401868846799   0.0006622051758239457   -0.001353951427018087   0.0009685505079837831   -0.0011952143242924722   0.0013625058756745023   -0.000966609833074402   0.0018762990391527686   -0.000635914406250862   0.0025724779436333755   -0.00014152711559019553   0.003548252190855024   0.0006319216724568194   0.0049856831225712625   0.0018900212641942058   0.007222200007540522   0.004079804802696129   0.01100775812812843   0.008303054680958676   0.018298809307338418   0.01801953477484818   0.036052337282212014   0.05014068765716373   0.11377544676076368   0.36123584585832025   0.9857375108968999   0.9695137373866952   0.3442291287492358   0.4005614328277309   0.531286972158255   0.7183562778972654   0.9723144889123592   1.0   0.6835027210080808   0.045870882313923576   -0.8520341505984712   -0.7990816795555279   -0.5662652342558263   -0.3549929241516847   -0.16038370347225533   -0.08364314550392311   -0.0927249099278625   -0.12811944965378785   -0.1108195942391435   -0.04629350504916616   -0.09604326932025528   -0.09483822299714097   -0.05017044791850432   -0.0831997778743773   -0.11925575488821775   -0.11474754883353465   -0.07505235531093467   -0.025049625850635623   -0.013163812422861973   -0.0041239576120996255   0.014647905000728132   0.020375156831535308   -0.012087108212630466   -0.038456474769930984   
T_sec   15.0   15.5   16.0   16.5   17.0   17.5   18.0   18.5   19.0   19.5   20.0   20.5   21.0   21.5   22.0   22.5   23.0   23.5   24.0   24.5   25.0   25.5   26.0   26.5   27.0   27.5   28.0   28.5   29.0   29.5   30.0   30.5   31.0   31.5   32.0   32.5   33.0   33.5   34.0   34.5   35.0   35.5   36.0   36.5   37.0   37.5   38.0   38.5   39.0   39.5   40.0   40.5   41.0   41.5   42.0   42.5   43.0   43.5   44.0   44.5   45.0   45.5   46.0   46.5   47.0   47.5   48.0   48.5   49.0   49.5   50.0   50.5   51.0   51.5   52.0   52.5   53.0   53.5   54.0   54.5   55.0   
U21   0.00017869422574037552   -0.0017735972483662447   0.00023519594583533621   -0.001838160965939591   0.00030176947930363104   -0.0019051427816835292   0.00037841255275540016   -0.0019749101728436147   0.00046666088749140673   -0.002048733454043966   0.0005693840583652143   -0.0021224091968782177   0.0006909283693821867   -0.0021982670692872095   0.0008358102808249976   -0.0022712008054860122   0.0010058694523112839   -0.0023506538817054793   0.0012040253572841353   -0.002431295430514127   0.0014446145030620721   -0.002503861109530472   0.0017419597566244581   -0.002566195837883327   0.0021157057588227046   -0.0026039176404569833   0.0025918487236288134   -0.002611128462228919   0.0032048915190065665   -0.0025611739660417166   0.004024384334575974   -0.002406643532603068   0.005150659987668088   -0.0020739939252570937   0.006770637527116119   -0.0013960177778439688   0.009234291183587085   -7.971248431070768e-06   0.013341607854938153   0.0030780996887549068   0.021205229326754598   0.011209990915846037   0.04085284878245806   0.0430059079564014   0.1418428739090308   0.4380557101302804   1.0   0.5957541798450222   0.20353142128969381   0.37492076481864073   0.37304041615829664   0.419529662991028   0.468492033300498   0.630819080812769   0.601446989503819   0.3938402313911104   0.22535223221727002   -0.49663009839613825   -0.7391996753461468   -0.398734659000321   -0.1765175962388567   -0.07055512540073482   -0.10459977770313346   -0.13037620357927376   -0.16670948681766024   -0.11926597063762862   -0.12014184283099452   -0.06068297134215722   -0.03557780559977554   -0.0347506895016367   -0.07552899174171694   -0.06357509915028073   -0.08464296793640398   -0.08065587578193609   -0.06658897163044927   -0.06066403354291123   0.0338367231843457   0.045800345189943845   0.007844304384535785   -0.005185910752677757   -0.037832621711264905   
T_sec   15.0   15.5   16.0   16.5   17.0   17.5   18.0   18.5   19.0   19.5   20.0   20.5   21.0   21.5   22.0   22.5   23.0   23.5   24.0   24.5   25.0   25.5   26.0   26.5   27.0   27.5   28.0   28.5   29.0   29.5   30.0   30.5   31.0   31.5   32.0   32.5   33.0   33.5   34.0   34.5   35.0   35.5   36.0   36.5   37.0   37.5   38.0   38.5   39.0   39.5   40.0   40.5   41.0   41.5   42.0   42.5   43.0   43.5   44.0   44.5   45.0   45.5   46.0   46.5   47.0   47.5   48.0   48.5   49.0   49.5   50.0   50.5   51.0   51.5   52.0   52.5   53.0   53.5   54.0   54.5   55.0   
U22   -0.0014386133946567945   -0.0002398640573940284   -0.0015003479818075593   -0.00021215721313720538   -0.001561969631064573   -0.00017521614109368463   -0.0016254361117474516   -0.00013013318392911586   -0.0016934350029033658   -7.739330017808028e-05   -0.001766176325586892   -1.1429245872950894e-05   -0.0018381324098201693   7.442330947091871e-05   -0.0019082853170657142   0.0001842635428874895   -0.0019756915129142093   0.0003244761035300333   -0.002037476076296567   0.000503914751065864   -0.0020901830846724754   0.0007358337423361053   -0.002126432629383838   0.0010358999757490485   -0.002142826297061402   0.0014314694564596174   -0.0021195700064242486   0.001956716072215084   -0.002038335079722122   0.002677259405248868   -0.0018497022704023426   0.003695357292204331   -0.0014780361079366343   0.005190222173245352   -0.0007668203260249673   0.007513197219508892   0.0006503334489784718   0.011444836367642128   0.003734823248840047   0.019097839751722624   0.011809473549414399   0.03850459158140824   0.04350693295681677   0.1398639447896961   0.4420201279783923   1.0   0.5683864122098047   0.19350964639369683   0.37884977459200325   0.33258923411378843   0.31756266847727077   0.2581196415671955   0.3931177553255003   0.5516401565664287   0.5508498817147535   0.3196337506004382   0.2149259687050119   -0.2861139469179609   -0.6778902894487686   -0.34001351783574485   -0.1081556799955441   -0.1155444773588862   -0.16552639015468132   -0.15771252792200952   -0.14232912304177928   -0.2030220855566638   -0.10770511015812229   -0.02068536957322029   -0.04083234521615795   -0.047233010750981255   -0.04227012410221138   -0.06006882970173697   -0.07863022010773625   -0.13054687341770482   -0.0861568099886537   -0.0016412508047651932   0.022328094395028107   0.03907779690459967   0.021801590043040858   -0.006125239256726126   -0.0174935701360794   
T_sec   15.0   15.5   16.0   16.5   17.0   17.5   18.0   18.5   19.0   19.5   20.0   20.5   21.0   21.5   22.0   22.5   23.0   23.5   24.0   24.5   25.0   25.5   26.0   26.5   27.0   27.5   28.0   28.5   29.0   29.5   30.0   30.5   31.0   31.5   32.0   32.5   33.0   33.5   34.0   34.5   35.0   35.5   36.0   36.5   37.0   37.5   38.0   38.5   39.0   39.5   40.0   40.5   41.0   41.5   42.0   42.5   43.0   43.5   44.0   44.5   45.0   45.5   46.0   46.5   47.0   47.5   48.0   48.5   49.0   49.5   50.0   50.5   51.0   51.5   52.0   52.5   53.0   53.5   54.0   54.5   55.0   
U23   -0.00133727719411831   -0.0009420180344147488   -0.0013906979384637884   -0.0009819380491538066   -0.001440782539922731   -0.0010178281260704307   -0.0014869703991728742   -0.0010485564376903336   -0.0015265430954651475   -0.0010711455212628366   -0.001558599509307196   -0.0010854313575679952   -0.0015814578427322322   -0.00108992255802303   -0.0015931590958060946   -0.001080155403799021   -0.0015873653075382864   -0.0010488684938706183   -0.0015561435115548884   -0.000988578313249517   -0.0014904944489315352   -0.000888014598837115   -0.0013770779815643283   -0.0007324218057899951   -0.001196298369499991   -0.0004956894593487243   -0.0009151457876488686   -0.0001399608891504175   -0.00048263269595624287   0.0004052997188996733   0.00019669159397920561   0.0012657906350549907   0.001298372743837882   0.00268687394000819   0.003180353290914355   0.00520852739359058   0.0067034235672648185   0.010259128458806747   0.014448290052573552   0.022814928286772604   0.037967246574479835   0.07358166517658807   0.22065181521265556   0.7354899905788032   1.0   0.357198319157688   0.2928355449890857   0.3816450311639096   0.26563914428751345   0.16238935039118169   0.15088970462324897   0.24470782813423844   0.36456249229742804   0.5781595009104596   0.5197599189671113   0.20840578329075718   -0.04471329356819424   -0.18053227991865864   -0.3939608696665175   -0.30901329235935326   -0.1558908550563149   -0.1890809206940143   -0.1713920370329698   -0.18752423625588754   -0.20356454940586277   -0.1433982427380475   -0.09073585632450212   -0.061308461527275766   -0.0322094689906234   -0.01773269496681204   -0.03360409752405248   -0.08942096347392595   -0.1445157927398461   -0.1229900911523165   -0.04212591565311218   -0.01571832504230554   0.007046351591199098   0.02985731875874396   0.027156545047630848   0.0030345570318075854   2.8493633552023726e-05   
T_sec   15.0   15.5   16.0   16.5   17.0   17.5   18.0   18.5   19.0   19.5   20.0   20.5   21.0   21.5   22.0   22.5   23.0   23.5   24.0   24.5   25.0   25.5   26.0   26.5   27.0   27.5   28.0   28.5   29.0   29.5   30.0   30.5   31.0   31.5   32.0   32.5   33.0   33.5   34.0   34.5   35.0   35.5   36.0   36.5   37.0   37.5   38.0   38.5   39.0   39.5   40.0   40.5   41.0   41.5   42.0   42.5   43.0   43.5   44.0   44.5   45.0   45.5   46.0   46.5   47.0   47.5   48.0   48.5   49.0   49.5   50.0   50.5   51.0   51.5   52.0   52.5   53.0   53.5   54.0   54.5   55.0   
U24   -0.0018017177058323897   -0.001973951475836608   -0.0018674067828959881   -0.002051164338033336   -0.0019292284505495342   -0.0021247545382393944   -0.001984395376868339   -0.002192367898722104   -0.002030612442384384   -0.0022526881089374607   -0.002065969855535648   -0.002303360991152787   -0.0020868083600240985   -0.002340881999906731   -0.0020884308323630254   -0.002359724297635929   -0.002062860604684361   -0.002353424448149683   -0.002002779164392038   -0.002313063568963273   -0.0018931641583879234   -0.0022212961075639276   -0.0017101651848818841   -0.0020531463849997643   -0.0014228805408643978   -0.001773906973725497   -0.0009797580641030964   -0.0013230503973690028   -0.00029579760926934313   -0.0005962478869038494   0.0007803751935690335   0.0006050894613344259   0.0025524445597058403   0.002708584517685364   0.005687297489089092   0.006762732878613745   0.011968724622872627   0.016049858009042114   0.027706831100442142   0.04615116234302716   0.09418459054394115   0.311593400281707   1.0   0.9472568081460546   0.39552979380233555   0.3861037145487132   0.36541668098842295   0.18860931045139182   0.11790990163800066   0.16854753027956546   0.22686977916355774   0.358020321781919   0.5795274852499421   0.7110136652010265   0.5210049487965981   0.1348792983434522   -0.17860739199528403   -0.10149348555132004   -0.1252617099861958   -0.30851329645428394   -0.26762013435270726   -0.21393580545643215   -0.26928231501158467   -0.2477640446244783   -0.15777391163507481   -0.14665351468749138   -0.16494236886407881   -0.09678819792361584   -0.0291256568212635   -0.043539910808710516   -0.10866858969618917   -0.15422313367623147   -0.10788911224247937   -0.06382082511570318   -0.03404223259320075   0.01839867493061   0.03899815057643848   0.05130530061992941   0.053727288649242845   0.04568175803315375   0.007852700243554242   
T_sec   15.0   15.5   16.0   16.5   17.0   17.5   18.0   18.5   19.0   19.5   20.0   20.5   21.0   21.5   22.0   22.5   23.0   23.5   24.0   24.5   25.0   25.5   26.0   26.5   27.0   27.5   28.0   28.5   29.0   29.5   30.0   30.5   31.0   31.5   32.0   32.5   33.0   33.5   34.0   34.5   35.0   35.5   36.0   36.5   37.0   37.5   38.0   38.5   39.0   39.5   40.0   40.5   41.0   41.5   42.0   42.5   43.0   43.5   44.0   44.5   45.0   45.5   46.0   46.5   47.0   47.5   48.0   48.5   49.0   49.5   50.0   50.5   51.0   51.5   52.0   52.5   53.0   53.5   54.0   54.5   55.0   
U25   -0.0025974291163493304   -0.0017795762226998336   -0.0027214879225151787   -0.0018396491224086466   -0.002845949493970623   -0.0018928377120591643   -0.0029689945647460294   -0.001934274963480361   -0.0030882735227985426   -0.001964400587248482   -0.0032062198822136734   -0.0019789369782395143   -0.0033164024394483163   -0.0019694527592331148   -0.003413561430253632   -0.0019276209477312183   -0.0034915509535163947   -0.001843644013312225   -0.0035435648671393338   -0.001703652705618502   -0.003559302156544757   -0.0014886933733401558   -0.003520845066645342   -0.0011636871886786793   -0.003396570257668402   -0.0006779784388763935   -0.003136541917673148   5.819097927037702e-05   -0.002646936990424788   0.0012010023997956487   -0.0017501287931953613   0.003056078506416468   -5.9476705530219036e-05   0.006309100056720986   0.003405988408599314   0.012743179468517902   0.0117627682897022   0.028746378844229772   0.04029633274118303   0.09649406345025129   0.3067383240525604   1.0   0.8593538655890098   0.38254909775932344   0.37557377030853817   0.2510289617180241   0.08630145917472706   0.07171186376912848   0.1323080709271259   0.18559913241359685   0.29872868999089663   0.41194372695324616   0.4988159538713518   0.5185003869967386   0.320524195185321   -0.04796258895653481   -0.37644231147956003   -0.13295845819899801   0.06962978147189605   -0.17589850338705237   -0.2390558275718319   -0.277511144095441   -0.24707166368178926   -0.1681551415256416   -0.1303573615255251   -0.13463828014942444   -0.11142596508261658   -0.08191995001356048   -0.040944287075338995   -0.0906331227714594   -0.14350332557954648   -0.10144589943513652   -0.07293873518730941   -0.04904942348064992   -0.017270126023315676   0.01541751441705882   0.029008902855175857   0.014780534958050767   0.03790739510523808   0.019640665235356   -0.02639213171819347   
T_sec   15.0   15.5   16.0   16.5   17.0   17.5   18.0   18.5   19.0   19.5   20.0   20.5   21.0   21.5   22.0   22.5   23.0   23.5   24.0   24.5   25.0   25.5   26.0   26.5   27.0   27.5   28.0   28.5   29.0   29.5   30.0   30.5   31.0   31.5   32.0   32.5   33.0   33.5   34.0   34.5   35.0   35.5   36.0   36.5   37.0   37.5   38.0   38.5   39.0   39.5   40.0   40.5   41.0   41.5   42.0   42.5   43.0   43.5   44.0   44.5   45.0   45.5   46.0   46.5   47.0   47.5   48.0   48.5   49.0   49.5   50.0   50.5   51.0   51.5   52.0   52.5   53.0   53.5   54.0   54.5   55.0   
U26   -0.0010330187136977148   -0.003657638508400475   -0.0010379678274056274   -0.0038405867862055685   -0.001028635461147506   -0.004027442850293856   -0.0010000814761670681   -0.0042198534135840975   -0.0009518117921769798   -0.004419884509256589   -0.000878242670082026   -0.004625635240304853   -0.0007704819929443095   -0.004835779530837607   -0.0006204429914674165   -0.005049968999134627   -0.00041517521206008357   -0.005266042583299653   -0.00013608907320503423   -0.00547997420924233   0.00024313226367052627   -0.005680154483536557   0.0007628356577719172   -0.005859967147647628   0.0014842427797725278   -0.005987319904308693   0.002510060870495906   -0.006007682828187095   0.004016348331266553   -0.005812295108720719   0.006345310454976464   -0.005138981492262894   0.01024063218719738   -0.0032469988975005436   0.01762036665286808   0.002414340361344784   0.03522850297785414   0.02556837683689245   0.10857493894192413   0.27728062698853556   1.0   0.7122033467353975   0.23103705377834965   0.33198925600671375   0.047638143104765864   0.03355869812172134   0.05598003210362565   0.14229852849190253   0.18804827581597588   0.27925753272335613   0.31626395075809954   0.34059376839984185   0.32122638469871007   0.34006838570783027   0.1682603670712683   -0.13627809591412818   -0.4004673298959106   -0.12762400065394713   0.29748365839082147   0.0006905392860481041   -0.3470502701089038   -0.2250130578658418   -0.1523761383295912   -0.14281845792696318   -0.12183672255050822   -0.07171936731863006   -0.10096895634606458   -0.10771240560505109   -0.12399027617546873   -0.1365982947055852   -0.07950101515509071   -0.04465758608063816   -0.032921097196377445   0.016283621970956223   0.007841081661808653   0.010841950449996751   0.024468486289261463   0.006591340878316654   0.011948567150829282   0.008719321285888178   -0.02145924512789064   
T_sec   15.0   15.5   16.0   16.5   17.0   17.5   18.0   18.5   19.0   19.5   20.0   20.5   21.0   21.5   22.0   22.5   23.0   23.5   24.0   24.5   25.0   25.5   26.0   26.5   27.0   27.5   28.0   28.5   29.0   29.5   30.0   30.5   31.0   31.5   32.0   32.5   33.0   33.5   34.0   34.5   35.0   35.5   36.0   36.5   37.0   37.5   38.0   38.5   39.0   39.5   40.0   40.5   41.0   41.5   42.0   42.5   43.0   43.5   44.0   44.5   45.0   45.5   46.0   46.5   47.0   47.5   48.0   48.5   49.0   49.5   50.0   50.5   51.0   51.5   52.0   52.5   53.0   53.5   54.0   54.5   55.0   
U27   -0.002756640668917421   -0.002628973846680538   -0.002863737509847867   -0.002699414800734926   -0.0029674064780890663   -0.0027609956262037356   -0.003067340935312845   -0.00281160350371663   -0.003161762126016713   -0.0028479738478269625   -0.0032478417413979326   -0.0028641022642915724   -0.0033208705043752144   -0.00285367772053912   -0.003375294010119138   -0.0028063816835795486   -0.0034029476833194925   -0.0027085288222000957   -0.003391570948241129   -0.0025401227726166657   -0.003322503696571336   -0.002272334467999257   -0.003167217276421091   -0.0018549548605656732   -0.002871353054499351   -0.0012043524841683256   -0.0023411667232160296   -0.00017257095532778743   -0.0013936194146416843   0.0015315520775239949   0.00038044244777338704   0.004574727913536106   0.0040377302675362195   0.010752268973557123   0.013065530397164345   0.026823636306097392   0.04555319027035373   0.10467669559249328   0.3924877260975002   1.0   0.726922617410796   0.3591043751959095   0.2115390388464229   0.011547483859351643   0.04354202289787383   0.07922832099629656   0.18831984091340184   0.2361271936438581   0.30100942913379936   0.32451814640494847   0.31962686928345807   0.2502994747949034   0.2829205836301154   0.2717373132385069   0.12372043499524234   -0.1926701085915346   -0.39777716797495677   -0.02206355925735619   0.3259709617284473   0.06467295760412851   -0.2750647175320009   -0.22382913901849077   -0.1897705760406806   -0.1525307370411202   -0.11160987748550849   -0.10173025841178376   -0.1348232437974624   -0.18714934072148803   -0.2019819230629651   -0.1205836528251804   -0.07660827705952786   -0.015196486318551788   0.031693994323228045   0.042491952278744305   0.023324664840769962   0.016078993046320735   0.02908849005141763   -0.0026518258474806378   -0.0028527320200308053   0.02098765620027408   -0.004990956298253544   
T_sec   15.0   15.5   16.0   16.5   17.0   17.5   18.0   18.5   19.0   19.5   20.0   20.5   21.0   21.5   22.0   22.5   23.0   23.5   24.0   24.5   25.0   25.5   26.0   26.5   27.0   27.5   28.0   28.5   29.0   29.5   30.0   30.5   31.0   31.5   32.0   32.5   33.0   33.5   34.0   34.5   35.0   35.5   36.0   36.5   37.0   37.5   38.0   38.5   39.0   39.5   40.0   40.5   41.0   41.5   42.0   42.5   43.0   43.5   44.0   44.5   45.0   45.5   46.0   46.5   47.0   47.5   48.0   48.5   49.0   49.5   50.0   50.5   51.0   51.5   52.0   52.5   53.0   53.5   54.0   54.5   55.0   
U28   -0.003080333127160256   -0.002744240000178022   -0.0031734588358020574   -0.002817409066109857   -0.0032602430217963645   -0.002881829831890615   -0.003337778723080734   -0.0029343041222327972   -0.0034031589775927245   -0.0029713699625876036   -0.0034522348986665225   -0.0029880322405778114   -0.0034792199761409935   -0.0029760976685387   -0.0034763440352071234   -0.0029266089749853865   -0.003428995193849544   -0.0028190306979226187   -0.0033161103915503947   -0.002629815927625801   -0.0031083065506845404   -0.0023172890698786685   -0.0027533954239467567   -0.001809754198462214   -0.0021599747752466376   -0.0009815524465381334   -0.0011611042793982995   0.0004182431383403373   0.0005987042421838995   0.002956039907989772   0.003989834223298164   0.008162568395087786   0.011691327193861716   0.021593509848472532   0.036335800541180505   0.08235285124506468   0.24949180714411226   0.7138920242966758   1.0   0.5653406367554179   0.13518253025454438   -0.031246261553501364   0.008499259859533722   0.09414032569389234   0.18869573250167673   0.2700584709928539   0.27524171764917377   0.3008875750048794   0.26987018041143007   0.21049687803184688   0.1635909403357673   0.16672937003365232   0.16900394726877344   0.1750429545673715   0.045171860520117395   -0.2206105374242307   -0.34427403765042375   0.008958931732934834   0.20576709179421698   0.21487136489018008   -0.008983458719251505   -0.24917095606664638   -0.2009058269655404   -0.17542965972541086   -0.1373842150176273   -0.16272061915446212   -0.2021307380600219   -0.18981513610293194   -0.13497479234132406   -0.10537104439707375   -0.03324750590569674   0.014596486521350387   0.045739863122117114   0.04564829330308732   0.03161440817853747   0.03130064112287994   -0.005540158765518987   -0.0305869437584817   0.0011202210134238198   0.021393556280053065   0.006334943320639626   
T_sec   15.0   15.5   16.0   16.5   17.0   17.5   18.0   18.5   19.0   19.5   20.0   20.5   21.0   21.5   22.0   22.5   23.0   23.5   24.0   24.5   25.0   25.5   26.0   26.5   27.0   27.5   28.0   28.5   29.0   29.5   30.0   30.5   31.0   31.5   32.0   32.5   33.0   33.5   34.0   34.5   35.0   35.5   36.0   36.5   37.0   37.5   38.0   38.5   39.0   39.5   40.0   40.5   41.0   41.5   42.0   42.5   43.0   43.5   44.0   44.5   45.0   45.5   46.0   46.5   47.0   47.5   48.0   48.5   49.0   49.5   50.0   50.5   51.0   51.5   52.0   52.5   53.0   53.5   54.0   54.5   55.0   
U29   -0.0034930109498397077   -0.003673023849770537   -0.003603957188675371   -0.0037825702218863867   -0.0037063706221167297   -0.0038825870585466227   -0.0037995166883049124   -0.003972060315440455   -0.003878849502090848   -0.0040449749837010735   -0.0039393680989185135   -0.004096312784522972   -0.0039747953017186585   -0.004116264699998617   -0.003971317858089036   -0.004090300230116375   -0.003913636077660176   -0.004000094865823887   -0.003778652026527175   -0.0038157664739916037   -0.003525415655389204   -0.0034856112000983008   -0.0030883925430733082   -0.002929826291161825   -0.0023585284798297666   -0.0020009945416570455   -0.0011159466446741858   -0.0003969551997626536   0.0011120254440060734   0.00257330162140744   0.005521087831230032   0.008827282046232546   0.01597212925954048   0.025698364500788922   0.05201149487795222   0.11147190743160156   0.42148171288769243   0.9900290323108621   1.0   0.45807395052171435   0.03746056618789997   -0.041480641319127834   0.037495255673606454   0.1380994923840778   0.25905156970607385   0.297797594864688   0.3193890766466525   0.3140692711513504   0.2656039103141047   0.1948291103530368   0.16662662505243286   0.1498016557260208   0.16494160401660946   0.1528205304932019   0.01904956570492133   -0.2876930916869269   -0.3327345456556862   -0.007154444804800287   0.17762829609203235   0.2218848422390647   -0.011603835754692867   -0.21936636258469788   -0.23020539209721613   -0.18667473738151533   -0.1633453233339944   -0.19999438134710065   -0.22735077055688582   -0.1817200038014547   -0.132770169241533   -0.08523613244079431   -0.022935756160242772   0.022392842195204214   0.037716804901583294   0.030076470581545788   0.02735985811151387   0.020165705948783377   -0.027862884817877274   -0.03697636610941433   -0.004329447718594675   0.013283898855860668   -0.0037890270860506704   
T_sec   15.0   15.5   16.0   16.5   17.0   17.5   18.0   18.5   19.0   19.5   20.0   20.5   21.0   21.5   22.0   22.5   23.0   23.5   24.0   24.5   25.0   25.5   26.0   26.5   27.0   27.5   28.0   28.5   29.0   29.5   30.0   30.5   31.0   31.5   32.0   32.5   33.0   33.5   34.0   34.5   35.0   35.5   36.0   36.5   37.0   37.5   38.0   38.5   39.0   39.5   40.0   40.5   41.0   41.5   42.0   42.5   43.0   43.5   44.0   44.5   45.0   45.5   46.0   46.5   47.0   47.5   48.0   48.5   49.0   49.5   50.0   50.5   51.0   51.5   52.0   52.5   53.0   53.5   54.0   54.5   55.0   
U30   -0.0026091892161129496   -0.002831301378951444   -0.0026712579764046032   -0.0028892746181259734   -0.002723317343156712   -0.0029356226215651615   -0.002762180970904801   -0.0029634189712990865   -0.002779054520766327   -0.0029663985769738557   -0.0027707020776694923   -0.0029391517236006972   -0.0027290855388822245   -0.0028722269753612426   -0.0026432325349248016   -0.0027479818542028773   -0.0024913554970201614   -0.0025410416583452685   -0.0022427153473263167   -0.002209451323110294   -0.0018465542209221914   -0.0016861827303636466   -0.0012167712658137432   -0.0008472434440887964   -0.00018369106506539758   0.0005618689363845723   0.0016279445060084466   0.0031284129844305307   0.005132048837603118   0.008430547336480946   0.013194729276174157   0.022358069791579505   0.03974193268517832   0.08945379499286513   0.28354520336051475   0.7316973992084478   1.0   0.574568765969354   -0.089767085467214   -0.09566873790418495   0.059427426501828015   0.16448114280794815   0.2661560526119537   0.28800842859252074   0.26634714603233994   0.2190519400252487   0.19807598010275537   0.1646551372979612   0.1227056923596202   0.10053329277302964   0.08729744683811198   0.06697310857047378   0.07191953108776215   0.06887684866500597   -0.007840325386605769   -0.21593998388347269   -0.27338998877599663   0.03122692634671593   0.21013699816708345   0.2253957353258462   0.13830750645580775   -0.11819790830627962   -0.2726362314078894   -0.2504901890415286   -0.23283840349246146   -0.19083099108786333   -0.1210236328711655   -0.05823220897942907   -0.05809219210232272   -0.06649785875073039   -0.05862571482761094   -0.012726444684596246   0.044635544877595724   0.06326193526710047   0.03180817933710445   0.0040258127572775325   -0.022598595177721798   -0.027795853364382176   0.0016914266378411584   0.014938344592848764   0.008616315801046673   
T_sec   15.0   15.5   16.0   16.5   17.0   17.5   18.0   18.5   19.0   19.5   20.0   20.5   21.0   21.5   22.0   22.5   23.0   23.5   24.0   24.5   25.0   25.5   26.0   26.5   27.0   27.5   28.0   28.5   29.0   29.5   30.0   30.5   31.0   31.5   32.0   32.5   33.0   33.5   34.0   34.5   35.0   35.5   36.0   36.5   37.0   37.5   38.0   38.5   39.0   39.5   40.0   40.5   41.0   41.5   42.0   42.5   43.0   43.5   44.0   44.5   45.0   45.5   46.0   46.5   47.0   47.5   48.0   48.5   49.0   49.5   50.0   50.5   51.0   51.5   52.0   52.5   53.0   53.5   54.0   54.5   55.0   
U31   -0.0011080841806362387   -0.004008462238805432   -0.0010595557637587314   -0.0041652756591258   -0.0009835989330301965   -0.0043176024888406765   -0.0008751116532836516   -0.004467882503937027   -0.0007299176205024441   -0.00461704512823963   -0.0005380673532493385   -0.0047592788523992185   -0.0002833299790812176   -0.004889271487475615   5.4589954761083774e-05   -0.004998687668168782   0.0005073520637873876   -0.005072218724669681   0.001119206194340353   -0.005088989178574817   0.0019621354362699293   -0.004998875688760079   0.00317832224689897   -0.004694893173353748   0.00502412717351324   -0.003963951451727601   0.008026957150582928   -0.0022755770351167715   0.013489903961046157   0.001979994995179943   0.025577483903559305   0.015586769687551292   0.06556485061549451   0.10118874306824543   0.45537003386244435   0.9311290071936176   1.0   0.09719888853067216   -0.22652386223621082   0.02172951845084909   0.10249383438361652   0.24882133119744929   0.2797114358961571   0.2889350108383055   0.20933203042233764   0.18942491290654281   0.17886207948233174   0.13391759117026   0.09720884820419917   0.09015197659300789   0.06757045309006016   0.03844939956717516   0.05284064983684788   0.05881021255788444   0.022874339929712714   -0.24670047854472738   -0.29536567816451226   0.09588607317951613   0.20424659172635218   0.210626033343863   0.1539422895212014   -0.09153171072284495   -0.3002883827539661   -0.26544863201018454   -0.24196550488047114   -0.15683645831913914   -0.08421536379401488   -0.03865937180010217   -0.05714468730999557   -0.06406379372860455   -0.06676554911105151   -0.008321351697843284   0.05259211281340869   0.06606748320101492   0.012698878329986205   0.007429633066444233   -0.023058925877026903   -0.030163886724952294   -0.0015627390285117716   0.020892483811023297   0.0018427114741595976   
T_sec   15.0   15.5   16.0   16.5   17.0   17.5   18.0   18.5   19.0   19.5   20.0   20.5   21.0   21.5   22.0   22.5   23.0   23.5   24.0   24.5   25.0   25.5   26.0   26.5   27.0   27.5   28.0   28.5   29.0   29.5   30.0   30.5   31.0   31.5   32.0   32.5   33.0   33.5   34.0   34.5   35.0   35.5   36.0   36.5   37.0   37.5   38.0   38.5   39.0   39.5   40.0   40.5   41.0   41.5   42.0   42.5   43.0   43.5   44.0   44.5   45.0   45.5   46.0   46.5   47.0   47.5   48.0   48.5   49.0   49.5   50.0   50.5   51.0   51.5   52.0   52.5   53.0   53.5   54.0   54.5   55.0   
U32   -0.00016772255726837669   -0.002246672270659304   -9.12917363467268e-05   -0.0022852795771286377   5.118731176834417e-06   -0.002317175414292397   0.00012605634847361903   -0.0023401690601814397   0.00027253416126993654   -0.002353494381890792   0.0004586065477050234   -0.0023444965226075472   0.0007011309553397425   -0.0022997066299031725   0.0010219616754480573   -0.0022036442419508602   0.0014506698505765382   -0.002030604921097521   0.002038369513176787   -0.0017304760545808337   0.002873501330772034   -0.001211701657207118   0.00412146082104844   -0.0002865990706662284   0.006120995836194776   0.0014712701415119404   0.009656465132735588   0.005228335431289997   0.017079039571372523   0.015196518319039587   0.038515676696830585   0.05839291798685344   0.1862260584776994   0.5735528289023422   1.0   0.6622883613007721   -0.23797853090060847   -0.10886205115180708   0.08434744444946427   0.21481518878822903   0.270828714510107   0.28539146342188787   0.20149498736709964   0.13488107855701764   0.16616489638710663   0.1466962200258894   0.10240620302743876   0.07987780420397277   0.08540762067503269   0.042520651367180716   0.01297793525341492   -0.0002354021229325817   0.0445897374027723   0.08566417052971319   -0.0002933808229549568   -0.23594107562287453   -0.1439525018754003   0.11637680706983404   0.17057524135855615   0.19473468231992275   0.14414222301634294   -0.026069626714386767   -0.31703409530875504   -0.31084781608630724   -0.16053758334549362   -0.05693982815975031   -0.05398936353202655   -0.03668463537339361   -0.06369725713440262   -0.0637669274729959   -0.046181916328293465   -0.008413272737592658   0.030173307417162957   0.039113184137215914   0.03443068419717777   0.036882482062114606   -0.007489668345082428   -0.028779513870788805   0.006398466512649614   0.03518263213209415   0.009018563135948614   
T_sec   15.0   15.5   16.0   16.5   17.0   17.5   18.0   18.5   19.0   19.5   20.0   20.5   21.0   21.5   22.0   22.5   23.0   23.5   24.0   24.5   25.0   25.5   26.0   26.5   27.0   27.5   28.0   28.5   29.0   29.5   30.0   30.5   31.0   31.5   32.0   32.5   33.0   33.5   34.0   34.5   35.0   35.5   36.0   36.5   37.0   37.5   38.0   38.5   39.0   39.5   40.0   40.5   41.0   41.5   42.0   42.5   43.0   43.5   44.0   44.5   45.0   45.5   46.0   46.5   47.0   47.5   48.0   48.5   49.0   49.5   50.0   50.5   51.0   51.5   52.0   52.5   53.0   53.5   54.0   54.5   55.0   
U33   0.0007185499824078   0.0013327312350235215   0.0008050763331709444   0.0014647402328600424   0.0009082627838498605   0.0016220695101095122   0.0010353195807003208   0.0018143576138372694   0.0011953678294556384   0.0020533231213018923   0.0013989652053199725   0.0023547186507580737   0.0016628385881701218   0.002743880234042558   0.002014813603054765   0.00325600298399057   0.0024845856361478138   0.0039527293014038735   0.0031733019094987982   0.004980299983225196   0.004243606464987247   0.006591179848318858   0.0060515033232907455   0.00937664687010017   0.009505213113773952   0.01494598178475082   0.017525778296102214   0.029262612892482633   0.044570474990510964   0.09399460129621456   0.29657067830826667   0.8776638316472469   1.0   0.10278130418164007   -0.24431838208031226   0.022175691484215734   0.2563331886190504   0.31855128830944673   0.3122640694066844   0.18164998083074801   0.10486048138744086   0.12908344974499092   0.1530582396442359   0.1154957438298407   0.07704738090879203   0.08352499106383003   0.07652585307659146   0.0220873523255334   -0.022457436449799053   -0.043113531961968564   0.0074822552679235516   0.035066090844299895   0.02254098805280876   0.07222082536289601   0.04551467518993428   -0.17960902284273628   -0.1253823721240846   0.08670185541084591   0.19280470585925505   0.1395330204580725   -0.0013043986369809803   -0.04835529784420177   -0.08598347978981186   -0.18730430783751903   -0.13950528587632405   -0.08599776647369396   -0.064884406508817   -0.040743332950944545   0.0009075252501278515   0.007352431264233695   -0.025142805824016047   -0.03391473316986985   -0.006598724462017321   0.02310366929943226   0.033929014944525514   0.024198491101157227   0.009714695787896783   -0.010969381666978374   0.010336813369157946   0.02986159369083885   0.018264462378890206   
T_sec   15.0   15.5   16.0   16.5   17.0   17.5   18.0   18.5   19.0   19.5   20.0   20.5   21.0   21.5   22.0   22.5   23.0   23.5   24.0   24.5   25.0   25.5   26.0   26.5   27.0   27.5   28.0   28.5   29.0   29.5   30.0   30.5   31.0   31.5   32.0   32.5   33.0   33.5   34.0   34.5   35.0   35.5   36.0   36.5   37.0   37.5   38.0   38.5   39.0   39.5   40.0   40.5   41.0   41.5   42.0   42.5   43.0   43.5   44.0   44.5   45.0   45.5   46.0   46.5   47.0   47.5   48.0   48.5   49.0   49.5   50.0   50.5   51.0   51.5   52.0   52.5   53.0   53.5   54.0   54.5   55.0   
U34   0.0010158226626429407   0.002191804757633175   0.0010991963311084505   0.0023830443881404737   0.0011986477498461849   0.0026066162861538744   0.0013184714907396888   0.0028733238268364657   0.0014656435049674895   0.003194837348663803   0.0016505673522791927   0.003590793470013223   0.001881204049827746   0.00407727520390578   0.002187540374189222   0.004723040433843275   0.0026280705768356493   0.0056101708190704185   0.0032872549325598643   0.006891664100804435   0.004349863430019105   0.008890498088368837   0.006235258033500786   0.012355284379267634   0.010062024805980077   0.019454591692977346   0.019793301790375403   0.03932769403482643   0.059837640646500774   0.16917358035607113   0.5005748649642814   1.0   0.6671798579169804   -0.10439727333028205   -0.14930447105941888   0.13703530763916075   0.3147477874224871   0.32093616560878047   0.25902223060759616   0.12705278446064594   0.11192960713829578   0.13609542389843524   0.14538083152726725   0.09580130333948057   0.08137827510314347   0.08377105358553463   0.06385099340252796   0.003457349351451715   -0.030165933483513336   -0.02978301300684315   0.025579583008069586   0.024147616880958445   0.040447062749653054   0.09032822788588074   0.033150828659957124   -0.16455776282914233   -0.11969881637172473   0.08795087870847518   0.18909540945879813   0.13062491776276683   0.005122765599959643   -0.021279544049474124   -0.04905381516991066   -0.17328242281691164   -0.16658787476489237   -0.09610532093619263   -0.060432981673181244   -0.0242429270821473   0.008591530257040965   -0.002015122127162178   -0.03432305583176106   -0.03353077888497174   -0.010573898897274808   0.0088360956701313   0.03738413596336921   0.04124153448204719   0.019593710263038893   -0.0005378946169463842   0.011917745779589161   0.032482533413608586   0.02046896973106604   
T_sec   15.0   15.5   16.0   16.5   17.0   17.5   18.0   18.5   19.0   19.5   20.0   20.5   21.0   21.5   22.0   22.5   23.0   23.5   24.0   24.5   25.0   25.5   26.0   26.5   27.0   27.5   28.0   28.5   29.0   29.5   30.0   30.5   31.0   31.5   32.0   32.5   33.0   33.5   34.0   34.5   35.0   35.5   36.0   36.5   37.0   37.5   38.0   38.5   39.0   39.5   40.0   40.5   41.0   41.5   42.0   42.5   43.0   43.5   44.0   44.5   45.0   45.5   46.0   46.5   47.0   47.5   48.0   48.5   49.0   49.5   50.0   50.5   51.0   51.5   52.0   52.5   53.0   53.5   54.0   54.5   55.0   
U35   0.0015391368572733315   0.003948031873519686   0.0016110835005214352   0.004212779501195294   0.0016932937701383893   0.004522217088012358   0.00179196181169905   0.004887716345409438   0.0019100220918540434   0.005326218536366701   0.002057665005939432   0.005863573842991432   0.002252536099629909   0.006557092025370443   0.0025256448465706934   0.007465444008460772   0.0029279690539560557   0.008733773097925404   0.0035646647978826566   0.010605246540339551   0.0046660577674922975   0.013641412573484465   0.006824766123716963   0.019279141834150883   0.011919886892569013   0.032420252398845155   0.028760662298532268   0.08134942918281927   0.1599498047416175   0.6661878516894351   1.0   0.25438627328878416   -0.10861340144379582   -0.05722117909601465   0.2512867553271302   0.33172117592602307   0.2863677938703515   0.14791591892342465   0.09515230335175447   0.0992630031121146   0.1340663591611258   0.11291133706781498   0.07943057971111636   0.07529335018206362   0.0857554292123207   0.04745324676973332   -0.0037920879280070193   -0.04817156430086099   -0.008345531552975072   0.01672702007176429   -0.0013958887897460054   0.03566660026664859   0.1011091568834675   0.0805284424312121   -0.015196290886171275   -0.16289211760387057   -0.08557197907132419   0.08987673725429049   0.15881307302164147   0.09495244930868019   0.051959740297067826   0.01850682334294318   -0.007788374370675454   -0.13928643580411365   -0.17992301494446425   -0.09410453405785386   -0.015171172999915942   0.011834509118954053   -0.004145364728286318   -0.023735005626303034   -0.02299246627840143   -0.014618063002312857   -0.018378368412552703   -0.025303601476577103   0.034536922904933175   0.051387921136146805   0.027414512846051613   -0.005865064935006813   0.011280171310277375   0.027526789222712896   0.0033643986513107716   
T_sec   15.0   15.5   16.0   16.5   17.0   17.5   18.0   18.5   19.0   19.5   20.0   20.5   21.0   21.5   22.0   22.5   23.0   23.5   24.0   24.5   25.0   25.5   26.0   26.5   27.0   27.5   28.0   28.5   29.0   29.5   30.0   30.5   31.0   31.5   32.0   32.5   33.0   33.5   34.0   34.5   35.0   35.5   36.0   36.5   37.0   37.5   38.0   38.5   39.0   39.5   40.0   40.5   41.0   41.5   42.0   42.5   43.0   43.5   44.0   44.5   45.0   45.5   46.0   46.5   47.0   47.5   48.0   48.5   49.0   49.5   50.0   50.5   51.0   51.5   52.0   52.5   53.0   53.5   54.0   54.5   55.0   
U36   0.004559934181619064   0.004404262648776709   0.004819223206537419   0.004670260374432377   0.005119316035032799   0.004982423328724399   0.005471962124575851   0.005351586854912896   0.0058935677396803774   0.005800662466090715   0.0064136264319563   0.006362181788684243   0.007076005676443116   0.007096464372007631   0.007963211704416813   0.008116826954952507   0.009225520639434272   0.009614731432828223   0.011150412271096819   0.012027870437428801   0.014427939952627745   0.01647490813000105   0.020929886392967438   0.026441989196128803   0.03773885427208979   0.059620269948107464   0.11900804038123727   0.3749236680650044   0.9782647779884932   1.0   0.1944849189816977   -0.04119056436627921   0.07927840721335608   0.37221939650537134   0.4340759732858286   0.27009868558360245   0.15001265635606267   0.11067866210542346   0.13631238071466736   0.15231702218967394   0.13002571428246704   0.09792704122288612   0.10523350461884756   0.10028177789506602   0.0543777176527611   -0.019516493185826038   -0.04901512079113814   -0.0052424055467394605   0.005608173106588509   -0.0019310598926017039   0.057180032518898596   0.09802094625804823   0.0936028684260895   0.058280150110744   -0.03765667129630758   -0.1589375977259399   -0.10746546546354394   0.07319676804201054   0.22744175724118013   0.20394320875527544   0.06990010502357995   0.004415240672068331   -0.03737791903957469   -0.10103094573816727   -0.17334559935041202   -0.10947887594885894   -0.02044818448753181   -0.015078830437452881   -0.01933461423020954   -0.01406079149490388   -0.02071927847730125   -0.030257333888384814   -0.030346691967625596   -0.03207106306143394   0.0013769261672275457   0.0525062490846487   0.03966734427474805   0.014157473174692277   0.014210275261105673   0.021637268830263755   0.012756254699015966   
T_sec   15.0   15.5   16.0   16.5   17.0   17.5   18.0   18.5   19.0   19.5   20.0   20.5   21.0   21.5   22.0   22.5   23.0   23.5   24.0   24.5   25.0   25.5   26.0   26.5   27.0   27.5   28.0   28.5   29.0   29.5   30.0   30.5   31.0   31.5   32.0   32.5   33.0   33.5   34.0   34.5   35.0   35.5   36.0   36.5   37.0   37.5   38.0   38.5   39.0   39.5   40.0   40.5   41.0   41.5   42.0   42.5   43.0   43.5   44.0   44.5   45.0   45.5   46.0   46.5   47.0   47.5   48.0   48.5   49.0   49.5   50.0   50.5   51.0   51.5   52.0   52.5   53.0   53.5   54.0   54.5   55.0   
U37   0.005525265992781862   0.004134497676800456   0.005874831218292663   0.004347271641460611   0.006282387278094506   0.004591411254020221   0.006762589105688096   0.004883083598366556   0.007364437624702096   0.00525609842226447   0.008123717013953152   0.005723765127874664   0.009101205111382502   0.0063412396679393005   0.010445342876564826   0.007230846517567449   0.012415970250409254   0.00862886951149979   0.015582128816892965   0.01112810598031634   0.021433994061003502   0.016549653089852123   0.03490172424769476   0.032926109660268904   0.08305811959188825   0.1441613776459504   0.6293179439597312   1.0   0.40811939699125127   0.0865192916106929   0.08321579515584773   0.25981523536903467   0.3871120233575081   0.26727272546823555   0.1413275262394938   0.09371599990905367   0.09757562592783756   0.12141875261875874   0.11149597096435056   0.08657500514500492   0.08590148214288242   0.0949972827733067   0.07140247413320636   0.017506632886049985   -0.04675423184685948   -0.022003317099428793   -0.0050370147646397485   -0.02415813741633872   0.014634753060752757   0.05819054414464268   0.058621754727083426   0.05299625334600565   0.046143949732444484   0.03942856852065681   -0.035764751510463065   -0.16448049456232863   -0.10140110871661176   0.14620162911346715   0.25139575005623965   0.145965927021428   0.006189396829471239   -0.031231945110837454   -0.010182117949350549   -0.002202037970323886   -0.0634859580562993   -0.10703317165766574   -0.06697452181637457   -0.01569294894786374   -0.005017875347805229   -0.020826963001594378   -0.03321538420826776   -0.026782556616273736   -0.015401799620355079   -0.019495068931006995   -0.022944283387650918   0.016440891101558247   0.029379065536579024   -0.00511038966879341   -0.01581114900599694   0.011430803381826119   0.036792540796969864   
T_sec   15.0   15.5   16.0   16.5   17.0   17.5   18.0   18.5   19.0   19.5   20.0   20.5   21.0   21.5   22.0   22.5   23.0   23.5   24.0   24.5   25.0   25.5   26.0   26.5   27.0   27.5   28.0   28.5   29.0   29.5   30.0   30.5   31.0   31.5   32.0   32.5   33.0   33.5   34.0   34.5   35.0   35.5   36.0   36.5   37.0   37.5   38.0   38.5   39.0   39.5   40.0   40.5   41.0   41.5   42.0   42.5   43.0   43.5   44.0   44.5   45.0   45.5   46.0   46.5   47.0   47.5   48.0   48.5   49.0   49.5   50.0   50.5   51.0   51.5   52.0   52.5   53.0   53.5   54.0   54.5   55.0   
U38   0.0044340153308308474   0.003893715616480497   0.004772412082994184   0.0041804228897595564   0.0051706816971365055   0.0045188836004528875   0.005652054333325487   0.004926915163197609   0.006254023975486441   0.005443453550133764   0.007047195651024257   0.0061372891115484395   0.0081509655530171   0.007122389652127808   0.00978095917274148   0.008632337799771624   0.01243250477220431   0.01122730089055479   0.01733404024424552   0.016480167949040204   0.028518730915282058   0.030664698736839194   0.06660722196395555   0.1050755611694444   0.4503320834178397   1.0   0.4940302448881731   0.1447328257852948   0.22636475082826107   0.28044458602712674   0.3327333391683218   0.2313998773826498   0.1353233268413622   0.08080943327316645   0.08206932390156768   0.10430859456688248   0.09908621235475966   0.07344740653809727   0.08079082352262139   0.09608417206980038   0.07638279502710807   0.03591072950418416   -0.03323300854578019   -0.03001583821424531   -0.005251414683226088   -0.04334903411690035   -0.007504040372204781   0.04663472981738356   0.0450174262188549   0.03806351491977633   0.035415909806966114   0.039169710639049546   0.04953325661611046   0.00042664149240837434   -0.09658480596744409   -0.10343984405932716   -0.010228490343349295   0.19121768438873132   0.23097935825050733   0.08219618095313308   -0.002675195543349033   0.005401809405496045   0.034718580717894514   0.022264547708658128   -0.044668787979015294   -0.11918560047654511   -0.10377246604999932   -0.0501838278417396   -0.030749237185003855   -0.029468348761314808   -0.021685929617747787   -0.004905563200036168   -0.008816457281823837   -0.016883576317786107   -0.034591941329495064   -0.03300792363850009   -0.006378367118037778   -0.00904307425746674   0.010081070561079302   0.051581866861791385   0.05518580998457374   
T_sec   15.0   15.5   16.0   16.5   17.0   17.5   18.0   18.5   19.0   19.5   20.0   20.5   21.0   21.5   22.0   22.5   23.0   23.5   24.0   24.5   25.0   25.5   26.0   26.5   27.0   27.5   28.0   28.5   29.0   29.5   30.0   30.5   31.0   31.5   32.0   32.5   33.0   33.5   34.0   34.5   35.0   35.5   36.0   36.5   37.0   37.5   38.0   38.5   39.0   39.5   40.0   40.5   41.0   41.5   42.0   42.5   43.0   43.5   44.0   44.5   45.0   45.5   46.0   46.5   47.0   47.5   48.0   48.5   49.0   49.5   50.0   50.5   51.0   51.5   52.0   52.5   53.0   53.5   54.0   54.5   55.0   
U39   0.0045652633280119925   0.005892435564986146   0.004850718394488089   0.0063563749070961505   0.005196100145860573   0.006918335619394178   0.00561325354866625   0.007623625300836957   0.006140639584159396   0.008544304677436597   0.006843981126581685   0.009811873068830787   0.007843725132119898   0.01167855170621076   0.009393369778665823   0.014702263848601798   0.012081168165667426   0.02025515106156935   0.017603316003441605   0.0328661783334968   0.03294558669921066   0.0761924063857012   0.11986634855297683   0.5337032778623759   1.0   0.4790888164754776   0.16530425682524197   0.35475818066740544   0.3613895570892587   0.282755333730121   0.19793096872882718   0.1253760839979899   0.07638143303040448   0.0783806471072352   0.10322188971580278   0.0882748352648839   0.06464427388867985   0.08180772949243875   0.09872945000623001   0.07193897220584301   0.028096262796491064   -0.03440242567328275   -0.029052055470766617   -0.016071113080429335   -0.05804563212428595   -0.01680120185509735   0.044277185290064865   0.03465469760779752   0.025978567690813723   0.032426146893736615   0.036210185622914295   0.042615798232931185   0.0024119338727755318   -0.033343144500188465   -0.03866457874100644   -0.07186269711920625   0.006212646663448068   0.17838830222540408   0.20751715942168297   0.08053063609495291   0.01140815605514219   0.020654027039668017   0.008189580996145312   -0.015064578346195222   -0.03067365810318129   -0.09219980315792081   -0.12066085641921817   -0.0684694583630899   -0.026028977570850015   -0.018706069808053016   -0.006851022343837023   -0.0025604164980124865   -0.0018047392859139913   -0.010151614961328567   -0.04196903340587381   -0.06826966112703221   -0.04698361266362918   -0.012868011183974506   0.010244284545041154   0.03281735985594602   0.03287352389368441   
T_sec   15.0   15.5   16.0   16.5   17.0   17.5   18.0   18.5   19.0   19.5   20.0   20.5   21.0   21.5   22.0   22.5   23.0   23.5   24.0   24.5   25.0   25.5   26.0   26.5   27.0   27.5   28.0   28.5   29.0   29.5   30.0   30.5   31.0   31.5   32.0   32.5   33.0   33.5   34.0   34.5   35.0   35.5   36.0   36.5   37.0   37.5   38.0   38.5   39.0   39.5   40.0   40.5   41.0   41.5   42.0   42.5   43.0   43.5   44.0   44.5   45.0   45.5   46.0   46.5   47.0   47.5   48.0   48.5   49.0   49.5   50.0   50.5   51.0   51.5   52.0   52.5   53.0   53.5   54.0   54.5   55.0   
U40   0.005507294912829358   0.0027904773876589813   0.005996109737561283   0.003012713993532696   0.006589521720192825   0.003289908545765303   0.007342640455962114   0.003657877503417883   0.008317239704484522   0.004157553716001978   0.009653477672795873   0.0048909530652290895   0.011591879503532864   0.006065578210677756   0.014676974705067762   0.008180759782431286   0.020228810561019796   0.012678887158891056   0.03251421573635423   0.02542009292894439   0.07288156660020367   0.09444462438263625   0.4636147792314277   1.0   0.3745460159949328   0.18946959349098114   0.43703608288944873   0.3814209549216667   0.18753581561401722   0.15731528660613087   0.10912405753460791   0.06286663283958717   0.06384002820629264   0.09341292240741333   0.06981827546423815   0.048682629914857035   0.073465203678411   0.09538027793238571   0.0598321978940053   0.029173115684915468   -0.03368380953394012   -0.022933720958159026   -0.015596290965705242   -0.07263191658732118   -0.02377736961953057   0.04246964193744667   0.02142717287208123   0.016153213434088133   0.03207182749346087   0.03385359684938751   0.03550414075741941   -0.0026285427062809007   -0.029795659323508798   0.023950591798637066   -0.028520817528568023   -0.06054773084750126   0.007750287113832129   0.1829324001987915   0.1950597004379451   0.06941484507592145   0.013588025624448885   -0.012662635908584866   -0.02517963239788633   -0.00962980278762496   -0.01686904319599886   -0.08283252317892825   -0.12052175636117896   -0.0634464172561654   -0.02248402301247916   -0.0075723601572691345   -0.009133984365519855   0.0033192598540469453   0.0011182277442081596   -0.026251571972722734   -0.06356180847701598   -0.07213991459727541   -0.03636826688935695   -0.007663727825184679   -0.0039687002346164525   0.012511673499667393   0.024384989093879924   
sta_location:9.594800269105399,10.17750816164621,10.73245975558304,11.00082036889347,11.967339536495572,12.261135866376309,12.891216350440457,13.414298698169286,13.922158109290285,14.45022626114821,14.705107538407379,15.492805328233455,15.980135156846888,16.43807627371055,16.54255803211285,17.466538855581266,17.72519005031792,18.04412394756687,18.69091961051442,19.051030147698746,19.71798609994805,20.3143293633457,20.764043441191863,21.36698266270103,21.877714390636175,22.33258699925905,22.851314253298742,23.290261306783258,23.961882582274647,24.083717134363166,24.815409378621297,25.001831585307453,25.552707374718544,26.497181406661436,26.65936196323281,27.14646944303507,27.619083592584907,28.180261577230677,28.831845530145173,29.227663682760333,29.58703516298598,
rebuild_index:0,1,2,3,4,5,6,7,8,9,10,11,12,13,14,15,16,17,18,19,20,21,22,23,24,25,26,27,28,29,30,31,32,33,34,35,36,37,38,39,40,
use_index:0,1,2,3,4,5,6,7,8,9,10,11,12,13,14,15,16,17,18,19,20,21,22,23,24,25,26,27,28,29,30,31,32,33,34,35,36,37,38,39,40,
rebuild_locdata:9.594800269105399,10.17750816164621,10.73245975558304,11.00082036889347,11.967339536495572,12.261135866376309,12.891216350440457,13.414298698169286,13.922158109290285,14.45022626114821,14.705107538407379,15.492805328233455,15.980135156846888,16.43807627371055,16.54255803211285,17.466538855581266,17.72519005031792,18.04412394756687,18.69091961051442,19.051030147698746,19.71798609994805,20.3143293633457,20.764043441191863,21.36698266270103,21.877714390636175,22.33258699925905,22.851314253298742,23.290261306783258,23.961882582274647,24.083717134363166,24.815409378621297,25.001831585307453,25.552707374718544,26.497181406661436,26.65936196323281,27.14646944303507,27.619083592584907,28.180261577230677,28.831845530145173,29.227663682760333,29.58703516298598,
cut_start_time:15---cut_windows:40---reduction_v:10---move_time_window_all:0.0
move_time_window:0.0,0.0,0.0,0.0,0.0,0.0,0.0,0.0,0.0,0.0,0.0,0.0,0.0,0.0,0.0,0.0,0.0,0.0,0.0,0.0,0.0,0.0,0.0,0.0,0.0,0.0,0.0,0.0,0.0,0.0,0.0,0.0,0.0,0.0,0.0,0.0,0.0,0.0,0.0,0.0,0.0,
sta_noise_mean:0,0,0,0,0,0,0,0,0,0,0,0,0,0,0,0,0,0,0,0,0,0,0,0,0,0,0,0,0,0,0,0,0,0,0,0,0,0,0,0,0,
sta_noise_sigma:0,0,0,0,0,0,0,0,0,0,0,0,0,0,0,0,0,0,0,0,0,0,0,0,0,0,0,0,0,0,0,0,0,0,0,0,0,0,0,0,0,
add_noise_region_move_range:0,0,0,0,0,0,0,0,0,0,0,0,0,0,0,0,0,0,0,0,0,0,0,0,0,0,0,0,0,0,0,0,0,0,0,0,0,0,0,0,0,