T_sec   15.0   15.5   16.0   16.5   17.0   17.5   18.0   18.5   19.0   19.5   20.0   20.5   21.0   21.5   22.0   22.5   23.0   23.5   24.0   24.5   25.0   25.5   26.0   26.5   27.0   27.5   28.0   28.5   29.0   29.5   30.0   30.5   31.0   31.5   32.0   32.5   33.0   33.5   34.0   34.5   35.0   35.5   36.0   36.5   37.0   37.5   38.0   38.5   39.0   39.5   40.0   40.5   41.0   41.5   42.0   42.5   43.0   43.5   44.0   44.5   45.0   45.5   46.0   46.5   47.0   47.5   48.0   48.5   49.0   49.5   50.0   50.5   51.0   51.5   52.0   52.5   53.0   53.5   54.0   54.5   55.0   
U0   0.002129169320695371   0.00434833091899361   0.002115407555791408   0.004490229270829312   0.002101525043724527   0.004642066718796614   0.0020753053296109583   0.004785578954151313   0.0020040445638775835   0.004893549077619739   0.0018650655030678556   0.004963663633133417   0.0016850573800724093   0.005036182522169191   0.0014821847921016075   0.005119470168459467   0.001245407617865818   0.005212154182811082   0.0009686447663266677   0.005286501693785896   0.0005885430330842531   0.005349037247030754   0.00020961697744259142   0.005543466227470607   -0.00013450319600989778   0.0058482683273170044   -0.0004893866601053245   0.006285500216305162   -0.0008468289493940062   0.00691318258770567   -0.0011934074056887338   0.007826694413400422   -0.0015218591377454327   0.009150604575749222   -0.00181835170801842   0.011104429606675926   -0.0020638168180640622   0.014157019858423018   -0.002020642603420655   0.019626927179444142   -0.0005348783427068092   0.032052913134020186   0.009768922920733043   0.07948147860735352   0.16340104247850099   1.0   0.670068716892228   0.042017817669119446   0.023041242056735745   -0.023444648123763547   0.057169883439069424   0.05925494175207405   0.2725866669100158   0.4488397421065094   0.2845856228436335   -0.26310650191920887   -0.4006101345685136   -0.3487662098899263   -0.2335441188561989   -0.09321823881071588   0.08627383848289855   0.088290715690042   0.05772550514757449   0.10339481111010264   0.10330338699532424   0.10408558192805359   0.1518556190380311   0.1376844876220005   0.16387825570043435   0.04831869360324198   -0.17127498106300276   -0.20860679476583338   -0.18141735025819675   -0.1879791488197269   -0.0870332728635461   -0.020369393515468383   0.003813585799179901   -0.014182249673844023   -0.011615719793152736   -0.031121907861633564   -0.05594511267458505   
T_sec   15.0   15.5   16.0   16.5   17.0   17.5   18.0   18.5   19.0   19.5   20.0   20.5   21.0   21.5   22.0   22.5   23.0   23.5   24.0   24.5   25.0   25.5   26.0   26.5   27.0   27.5   28.0   28.5   29.0   29.5   30.0   30.5   31.0   31.5   32.0   32.5   33.0   33.5   34.0   34.5   35.0   35.5   36.0   36.5   37.0   37.5   38.0   38.5   39.0   39.5   40.0   40.5   41.0   41.5   42.0   42.5   43.0   43.5   44.0   44.5   45.0   45.5   46.0   46.5   47.0   47.5   48.0   48.5   49.0   49.5   50.0   50.5   51.0   51.5   52.0   52.5   53.0   53.5   54.0   54.5   55.0   
U1   0.004869025193651558   0.005374119495441832   0.0048407521708183415   0.00537792141357767   0.004806089024494105   0.005375876808426078   0.004752277249132445   0.005349565085457172   0.004654993258047229   0.005270508582006629   0.004510472490874046   0.0051971349617050125   0.004407785624964904   0.00517696947008422   0.00433510712343119   0.005190489284509696   0.004286838880006997   0.005241116215892622   0.0042706403168753775   0.005346168630658208   0.00430025389024459   0.005518084878878427   0.004378604459255119   0.005761080072573368   0.004502903767912038   0.00607593105411107   0.00466080986327567   0.006464824873689827   0.004853736293475973   0.006959007044849604   0.005111756500035704   0.00762294822753971   0.0054689037162840215   0.00853475970635321   0.005953981790732496   0.009825399834123982   0.006675697666896798   0.011891436144513469   0.008025679333279554   0.015834905697761803   0.011270584047429201   0.025447396204317452   0.022388421232942383   0.06237475268432266   0.11474268444162534   0.6472365260279992   1.0   0.4490723397064164   0.07857646846879776   0.06813259779433908   0.09469421025154885   0.15790557126069676   0.38014425205495594   0.4699437014544747   0.0016566897590411123   -0.4110901945557228   -0.37175648262244027   -0.26600050726383867   -0.11081692144225279   0.06236727546069233   0.13267773870223135   0.12057863590825263   0.08624991221533451   0.09606533407681206   0.10479127194457327   0.0993820577127182   0.16336438245451976   0.0948132118268984   -0.11598037236214986   -0.20110435166909185   -0.16320974879642208   -0.12048233350297356   -0.10813377169026901   -0.1278712771846292   -0.0726685892583043   -0.009058583172924378   0.002468892554029699   -0.006433642868603287   -0.04306063237283261   -0.09138518991842924   -0.11084124961314681   
T_sec   15.0   15.5   16.0   16.5   17.0   17.5   18.0   18.5   19.0   19.5   20.0   20.5   21.0   21.5   22.0   22.5   23.0   23.5   24.0   24.5   25.0   25.5   26.0   26.5   27.0   27.5   28.0   28.5   29.0   29.5   30.0   30.5   31.0   31.5   32.0   32.5   33.0   33.5   34.0   34.5   35.0   35.5   36.0   36.5   37.0   37.5   38.0   38.5   39.0   39.5   40.0   40.5   41.0   41.5   42.0   42.5   43.0   43.5   44.0   44.5   45.0   45.5   46.0   46.5   47.0   47.5   48.0   48.5   49.0   49.5   50.0   50.5   51.0   51.5   52.0   52.5   53.0   53.5   54.0   54.5   55.0   
U2   0.004600513014674076   0.004195886952546006   0.004570391140215337   0.0041515832038349415   0.004564451317716782   0.004121621829351683   0.004574954507378346   0.0041067465910131565   0.00460601146224006   0.004113560823247104   0.004665099926465055   0.004143069583607382   0.004752963661970257   0.004199383625134023   0.004869733316574135   0.004273537679830039   0.005007800498295087   0.0043621647565723265   0.0051695271407023605   0.004473486361440946   0.005366501740999116   0.004613492714765179   0.0056044532238777025   0.004779952530794244   0.005869431158565712   0.004950563224857209   0.006151073276056905   0.0051244503872186825   0.006459088606265188   0.005318187677857248   0.006831961450384688   0.005583244896179446   0.007343072249037474   0.006002751637715133   0.008098948762802795   0.006707679010640673   0.009290082632531275   0.00798857372977666   0.011366857475324676   0.010610598576836362   0.015547874987653473   0.017094097779480996   0.02634249964025828   0.04029722149725098   0.07529422318337502   0.28398327555793473   1.0   0.8251105615493474   0.25862863412256043   0.12333288231678802   0.15052250251678342   0.20906980810132075   0.4488063739912218   0.3774829117448225   -0.18943127802354595   -0.403570947099372   -0.2887218068114415   -0.13408977433151548   0.005696353280073927   0.11461598046438515   0.1352844197457049   0.12958468714103533   0.11591565315663671   0.1054070392666412   0.1213049321751155   0.0793650749653116   -0.0904615481532537   -0.1783690503668417   -0.1477246573239691   -0.12570238165365516   -0.09282063936376775   -0.055246007059476805   -0.050196884834219475   -0.06701740511547896   -0.07404625018148046   -0.036718800336257296   -0.0471000621178706   -0.06280028471004233   -0.07502723273901685   -0.07347424361342052   -0.08970594348333674   
T_sec   15.0   15.5   16.0   16.5   17.0   17.5   18.0   18.5   19.0   19.5   20.0   20.5   21.0   21.5   22.0   22.5   23.0   23.5   24.0   24.5   25.0   25.5   26.0   26.5   27.0   27.5   28.0   28.5   29.0   29.5   30.0   30.5   31.0   31.5   32.0   32.5   33.0   33.5   34.0   34.5   35.0   35.5   36.0   36.5   37.0   37.5   38.0   38.5   39.0   39.5   40.0   40.5   41.0   41.5   42.0   42.5   43.0   43.5   44.0   44.5   45.0   45.5   46.0   46.5   47.0   47.5   48.0   48.5   49.0   49.5   50.0   50.5   51.0   51.5   52.0   52.5   53.0   53.5   54.0   54.5   55.0   
U3   0.007102943155734277   0.0027845988625818563   0.007221790312606094   0.002674337182868453   0.007364885749975683   0.0025708277608770267   0.007543018912579422   0.0024776030105738865   0.007758872617118688   0.0023946181797045085   0.008009504483815863   0.002306268179146399   0.008292236171195028   0.0022129555473332668   0.008615219059545709   0.002121074523950896   0.008991809054443895   0.002027137447287498   0.009421625761726133   0.0019079823573452   0.009882723323432563   0.0017347243382582098   0.010380310740075102   0.00149810778833529   0.010922194799583439   0.0011842272766978373   0.01154352958305349   0.000810790321002952   0.012308723277355315   0.0003799260620237524   0.013271088519201647   -0.00012744795585248968   0.01452165222192512   -0.0007199233315795931   0.01622380843132349   -0.0014081645981233763   0.018664672237149217   -0.002178614604647084   0.022465589853808057   -0.002909093892170376   0.02915420527122978   -0.002969697278474208   0.04359719183388813   0.0015977788050218346   0.09162526716708842   0.06773722535637593   0.6774032161042121   1.0   0.20193518398436802   0.1278441203266389   0.14874466056662217   0.21933619468418603   0.49274617216116323   0.4553136456235331   -0.358094697676864   -0.40300776237005703   -0.2775133698511565   -0.07016796250942164   0.04808287607838832   0.13312794984641102   0.14885208696016944   0.1287310474484371   0.16544873073724534   0.14911918136834718   0.16747696100291096   -0.02155252239303314   -0.28996378641846715   -0.1601038990371153   -0.1332892574367643   -0.10992277264148453   -0.10524258788850735   -0.015445142609817854   -0.0739669435717384   -0.019090703267262175   -0.07920732946875603   -0.08403371439595798   -0.083600651686368   -0.06750572705391078   -0.0804104533529631   -0.07607184481437482   -0.10360894789964147   
T_sec   15.0   15.5   16.0   16.5   17.0   17.5   18.0   18.5   19.0   19.5   20.0   20.5   21.0   21.5   22.0   22.5   23.0   23.5   24.0   24.5   25.0   25.5   26.0   26.5   27.0   27.5   28.0   28.5   29.0   29.5   30.0   30.5   31.0   31.5   32.0   32.5   33.0   33.5   34.0   34.5   35.0   35.5   36.0   36.5   37.0   37.5   38.0   38.5   39.0   39.5   40.0   40.5   41.0   41.5   42.0   42.5   43.0   43.5   44.0   44.5   45.0   45.5   46.0   46.5   47.0   47.5   48.0   48.5   49.0   49.5   50.0   50.5   51.0   51.5   52.0   52.5   53.0   53.5   54.0   54.5   55.0   
U4   0.004984292562087384   0.004164399006921422   0.005097198977454589   0.004222552032307113   0.005201367080490501   0.004270594035421114   0.005299272550023338   0.004304155860097777   0.005383175889130223   0.004321760642917301   0.005464291088970672   0.004334518221559793   0.005548568322609537   0.004345903090261889   0.00564027259273306   0.0043602844051892345   0.0057435647485480764   0.004375976995963217   0.0058586237224403865   0.004395107220517579   0.0059877462608524095   0.004419231522114024   0.006139104504385022   0.004455519483003391   0.006322466297824812   0.004511866830327666   0.0065497319873014945   0.004598801200276165   0.006837066921631021   0.004733903370990879   0.007215220781546085   0.004948547944080942   0.00772916971492452   0.005290807924187223   0.008450672320842331   0.00584982825537848   0.009521798308604725   0.006810780521242359   0.011233320939909445   0.008602878270836896   0.014307925698585805   0.012401576590890745   0.02094061028259767   0.022395784317647712   0.04109365695578825   0.0649060870555053   0.20449447514594063   0.6862141587634528   1.0   0.4375588350487892   0.25923260041449375   0.4201758366211772   0.658859267797634   0.23829549824401033   -0.4472532114324285   -0.29827978373994274   -0.11949434031014433   0.060641709479691566   0.16543910882698673   0.2057703338655226   0.23532313289463358   0.3257956755168738   0.3009171969301383   -0.10186403530113855   -0.3832127495864806   -0.2552101895173975   -0.19904712638839275   -0.1573145529619891   -0.10752549020763381   -0.10224564235260117   -0.09852505695439993   -0.0873760032573713   -0.09135587744572378   -0.05801027774903057   -0.08773375823328403   -0.13647138785366808   -0.12582166803188535   -0.07469992130855689   -0.08236959049314387   -0.06991609605118293   -0.06366470239993435   
T_sec   15.0   15.5   16.0   16.5   17.0   17.5   18.0   18.5   19.0   19.5   20.0   20.5   21.0   21.5   22.0   22.5   23.0   23.5   24.0   24.5   25.0   25.5   26.0   26.5   27.0   27.5   28.0   28.5   29.0   29.5   30.0   30.5   31.0   31.5   32.0   32.5   33.0   33.5   34.0   34.5   35.0   35.5   36.0   36.5   37.0   37.5   38.0   38.5   39.0   39.5   40.0   40.5   41.0   41.5   42.0   42.5   43.0   43.5   44.0   44.5   45.0   45.5   46.0   46.5   47.0   47.5   48.0   48.5   49.0   49.5   50.0   50.5   51.0   51.5   52.0   52.5   53.0   53.5   54.0   54.5   55.0   
U5   0.00431773164361508   0.0019991630060803025   0.004428427670343317   0.0019648390645937075   0.004538138939403534   0.0019184904871391078   0.004652042060773164   0.0018628621640173941   0.0047733663162211745   0.001800192858648994   0.004908570269285511   0.0017314114330857242   0.005056411887290005   0.001652626780851079   0.005217938911919094   0.0015643105567807996   0.005400441179843025   0.0014657770539977402   0.00560680020368144   0.0013598256552358155   0.0058489252897101374   0.0012465711260236372   0.0061315450273824   0.0011244533898652684   0.006466334511097944   0.0009972056446700313   0.006874213097464775   0.000868849861103907   0.0073768497969330495   0.0007441700884664774   0.008008165372380858   0.0006319217760177203   0.008817694695812802   0.0005515272153120236   0.009894793057323352   0.0005544154212374232   0.011396289109953021   0.0007562639591751206   0.013642076947716743   0.0014461602443657444   0.01732646998037181   0.0034300810561119282   0.02433875810899068   0.00963977861322036   0.04204010472636883   0.037216059934812994   0.13913577970690977   0.4172008144548468   1.0   0.5860960437443041   0.2631465990953145   0.39163927860141956   0.6485205786224645   0.20097519406205486   -0.4672620182084665   -0.18697986779422968   -0.06440697931987475   0.1038097219733192   0.15093579374044475   0.23930977619709884   0.2484915424594295   0.36216131424452214   0.07242087581947466   -0.29073388599912947   -0.26397785373107896   -0.20019819560727728   -0.1489761555262214   -0.13914981365794377   -0.10507787753227231   -0.11500889959042714   -0.11971179395818121   -0.07901220341508486   -0.07904430486334914   -0.03721668521113537   -0.06127816564816462   -0.09637515126553584   -0.13225297917575574   -0.05690177702941773   -0.06228127352893659   -0.04201265763185514   -0.050897651380608915   
T_sec   15.0   15.5   16.0   16.5   17.0   17.5   18.0   18.5   19.0   19.5   20.0   20.5   21.0   21.5   22.0   22.5   23.0   23.5   24.0   24.5   25.0   25.5   26.0   26.5   27.0   27.5   28.0   28.5   29.0   29.5   30.0   30.5   31.0   31.5   32.0   32.5   33.0   33.5   34.0   34.5   35.0   35.5   36.0   36.5   37.0   37.5   38.0   38.5   39.0   39.5   40.0   40.5   41.0   41.5   42.0   42.5   43.0   43.5   44.0   44.5   45.0   45.5   46.0   46.5   47.0   47.5   48.0   48.5   49.0   49.5   50.0   50.5   51.0   51.5   52.0   52.5   53.0   53.5   54.0   54.5   55.0   
U6   0.0050343659446239345   0.0023097685401205718   0.005158347043523355   0.0022468123845762085   0.005286839978511544   0.0021729919844631074   0.005426399200279681   0.002090907392341104   0.005581832045750979   0.002003813366089478   0.00575590693599461   0.001907860282426071   0.005947699831071394   0.001801222473943623   0.006163667914310486   0.0016858153679242434   0.00641075470585115   0.0015609984572798744   0.006695359028605337   0.0014232101670708344   0.007018693025849906   0.001264995180885624   0.007390474666781118   0.0010856815481823873   0.007823735038891718   0.0008823907958036497   0.0083354955207567   0.0006549058665638541   0.008961394054263164   0.0004053029387768791   0.009736728145531146   0.0001342889402011486   0.010726170593962666   -0.00014905294704046007   0.012033627334493185   -0.0004198409369984261   0.013837635909822066   -0.0006232533349678813   0.016465851177133402   -0.0006057931963288853   0.020618610791865777   5.865054900485166e-05   0.028017091522271612   0.0028514807227705513   0.04418000464379175   0.015002169759765125   0.09826113950551191   0.12199535153025351   0.7527682876095276   0.9502158445413171   0.4714417994974706   0.5301643909352782   1.0   0.034881279393373495   -0.5115712149163527   -0.135205991898193   0.07900252166765415   0.23124512837459496   0.2904662104392844   0.5782529951225313   0.5835792426536357   -0.23909695278477744   -0.37702516592983903   -0.22788960108905068   -0.2081677152992159   -0.17208380654761324   -0.1505223769052603   -0.198352671224151   -0.2834360544094941   -0.22206340709351927   -0.12046606910161113   -0.12276831767819574   -0.10884640058144635   -0.00910558593545353   -0.028659760382952947   -0.05326858898558214   -0.1372320169997122   -0.10345872236541886   -0.062274784960847346   -0.043670680496333006   -0.1034983731524495   
T_sec   15.0   15.5   16.0   16.5   17.0   17.5   18.0   18.5   19.0   19.5   20.0   20.5   21.0   21.5   22.0   22.5   23.0   23.5   24.0   24.5   25.0   25.5   26.0   26.5   27.0   27.5   28.0   28.5   29.0   29.5   30.0   30.5   31.0   31.5   32.0   32.5   33.0   33.5   34.0   34.5   35.0   35.5   36.0   36.5   37.0   37.5   38.0   38.5   39.0   39.5   40.0   40.5   41.0   41.5   42.0   42.5   43.0   43.5   44.0   44.5   45.0   45.5   46.0   46.5   47.0   47.5   48.0   48.5   49.0   49.5   50.0   50.5   51.0   51.5   52.0   52.5   53.0   53.5   54.0   54.5   55.0   
U7   0.002728009183335889   0.002925719715383236   0.00275302359902279   0.0029663080401141884   0.002782032218580857   0.003013786831870471   0.002813352483914727   0.0030638709149526802   0.0028476156216823505   0.003119081452781974   0.0028858718938323856   0.0031790819337392793   0.0029272810908059057   0.003243704102015062   0.0029722643868711285   0.0033154691210304787   0.003021030764929031   0.0033923605947929797   0.0030754728354647084   0.0034798414896687235   0.0031404239424194986   0.0035832065162143298   0.003219456045907597   0.003705986372708175   0.0033186638736974854   0.003855996933128039   0.0034460347640427446   0.004048451979627524   0.0036166967669590756   0.004295960003034308   0.003850406571457562   0.004629198277648016   0.004177846799281601   0.005090193323746314   0.0046515572850829865   0.005753331494001859   0.005365691765432997   0.00675856008492496   0.006501414862734554   0.008387038281829651   0.008454696288813202   0.011296910055123092   0.012211286012657028   0.017273120809691133   0.020903468110141914   0.0329994718434145   0.05017121577053348   0.1092743811589425   0.348266363492657   0.8823987436458335   0.8796369452550026   0.6164568241396879   1.0   0.2491891346749227   -0.5658614278631414   -0.0657281443358643   0.19067237945831259   0.418569810816251   0.6125081600593569   0.8546934807679382   -0.11737607131675629   -0.6043514054081313   -0.2332816754270348   -0.18922278916686858   -0.1633491474513075   -0.18525243489491902   -0.24398461808202562   -0.304081862651989   -0.2781020890821273   -0.23098116807486463   -0.1356879560530324   -0.1271973563069801   -0.06562902784794798   0.03821748477383289   0.00196302550102573   -0.06474352304107153   -0.12361053186227017   -0.11473233666854628   -0.07076626003897986   -0.09380369591946551   -0.07398637112746802   
T_sec   15.0   15.5   16.0   16.5   17.0   17.5   18.0   18.5   19.0   19.5   20.0   20.5   21.0   21.5   22.0   22.5   23.0   23.5   24.0   24.5   25.0   25.5   26.0   26.5   27.0   27.5   28.0   28.5   29.0   29.5   30.0   30.5   31.0   31.5   32.0   32.5   33.0   33.5   34.0   34.5   35.0   35.5   36.0   36.5   37.0   37.5   38.0   38.5   39.0   39.5   40.0   40.5   41.0   41.5   42.0   42.5   43.0   43.5   44.0   44.5   45.0   45.5   46.0   46.5   47.0   47.5   48.0   48.5   49.0   49.5   50.0   50.5   51.0   51.5   52.0   52.5   53.0   53.5   54.0   54.5   55.0   
U8   0.0015231508538988167   0.0005711140001716544   0.0015735278402682477   0.0005755568043347626   0.001626218714070736   0.0005799408821470051   0.001682929527705638   0.0005817218365970595   0.0017422434647027284   0.0005854099898493037   0.001807572629860724   0.000588171708963285   0.0018777894426385297   0.0005919729190920612   0.0019548891913646364   0.0005984903094595563   0.002043411561378857   0.00060968980521883   0.0021464794215507754   0.0006297924926051269   0.0022677941126082435   0.0006601858249132405   0.0024110569752791053   0.0007067675776023421   0.002584509035631029   0.000774018709661379   0.002795263739190575   0.000868386105232351   0.003055812561436086   0.0010078816897973407   0.0033880155844546625   0.0012141600032154125   0.003828160927789364   0.001526946237178575   0.004422483789450268   0.00200932617563726   0.005264494056472339   0.002783078517029693   0.0065218664546742786   0.004087627661523361   0.008539951844686193   0.006465780297016294   0.012138662690837626   0.011299569853210855   0.019667261448664413   0.023328519594710277   0.04108963225369558   0.06879664485903383   0.18052633584972483   0.6105160585690653   0.9653013420173768   0.8809673018606794   1.0   0.3023198173090953   -0.42108465393595235   -0.01490012001599392   0.32549151722628594   0.7316044627982204   0.9687281284038108   0.08336836205855315   -0.5871747237197001   -0.3261921364339074   -0.2056342808265811   -0.1596413198942545   -0.23292684292008659   -0.22209811348289663   -0.26917415283996415   -0.24882085460844358   -0.22325361546244982   -0.2216339522935724   -0.1376221688959278   -0.051836739526937584   -0.019914327878361948   0.029402796951812617   -0.020227311634322724   -0.07980759246894806   -0.07632163700224118   -0.10149084420580305   -0.16278426141032198   -0.08901827630724349   -0.06284660444941277   
T_sec   15.0   15.5   16.0   16.5   17.0   17.5   18.0   18.5   19.0   19.5   20.0   20.5   21.0   21.5   22.0   22.5   23.0   23.5   24.0   24.5   25.0   25.5   26.0   26.5   27.0   27.5   28.0   28.5   29.0   29.5   30.0   30.5   31.0   31.5   32.0   32.5   33.0   33.5   34.0   34.5   35.0   35.5   36.0   36.5   37.0   37.5   38.0   38.5   39.0   39.5   40.0   40.5   41.0   41.5   42.0   42.5   43.0   43.5   44.0   44.5   45.0   45.5   46.0   46.5   47.0   47.5   48.0   48.5   49.0   49.5   50.0   50.5   51.0   51.5   52.0   52.5   53.0   53.5   54.0   54.5   55.0   
U9   0.0012531776026662013   0.0005591318026764068   0.001289794044110475   0.000554187595564333   0.0013278321573218451   0.0005467991917627245   0.001368522880237627   0.0005375890388659342   0.0014137130850055055   0.0005275889666306604   0.0014652459218394615   0.0005170073880717801   0.0015239364331304818   0.0005050292607983065   0.0015905950088524231   0.0004898058516957021   0.001663785089503372   0.0004705425890083533   0.0017488351565778024   0.000448683476105582   0.0018481996420829357   0.0004238405319438419   0.0019665855104023197   0.0003958360494613155   0.002109925080956259   0.0003638763873858153   0.002283744082452994   0.0003278136141251574   0.002500528670844062   0.00028771286351916527   0.0027746062913281315   0.0002434811024977921   0.003130547131416656   0.0001969010181793954   0.0036093263475362037   0.00015638729634860916   0.004274452608130756   0.00013441682630410684   0.005236605927318233   0.00016424825858378156   0.006706979704565948   0.0003274157818631154   0.00912470998659127   0.0008701836024424556   0.013574555129675581   0.002685368830031677   0.023421296548137585   0.01027876759938484   0.056009553914486414   0.07968637229906854   0.3981950070744293   0.42389963997892366   0.673222544228588   0.26720827370861505   -0.340481879813113   0.16350266722274348   0.2511953728991544   1.0   0.1515317241831902   -0.4511759428177758   -0.14400619178919882   -0.18203191582570039   -0.13142708665242112   -0.17962112196390526   -0.13682561980357458   -0.15586560006829933   -0.12058122483719397   -0.10339135050330832   -0.073108724441402   -0.14275669141403138   -0.04173061829522873   -0.016873628064366757   -0.03487563550668455   0.0005534462347696414   -0.05876859717753566   -0.059095071739364374   -0.03664811148038711   -0.101214365744898   -0.06643391007482358   -0.016382473819587733   -0.0683089464285594   
T_sec   15.0   15.5   16.0   16.5   17.0   17.5   18.0   18.5   19.0   19.5   20.0   20.5   21.0   21.5   22.0   22.5   23.0   23.5   24.0   24.5   25.0   25.5   26.0   26.5   27.0   27.5   28.0   28.5   29.0   29.5   30.0   30.5   31.0   31.5   32.0   32.5   33.0   33.5   34.0   34.5   35.0   35.5   36.0   36.5   37.0   37.5   38.0   38.5   39.0   39.5   40.0   40.5   41.0   41.5   42.0   42.5   43.0   43.5   44.0   44.5   45.0   45.5   46.0   46.5   47.0   47.5   48.0   48.5   49.0   49.5   50.0   50.5   51.0   51.5   52.0   52.5   53.0   53.5   54.0   54.5   55.0   
U10   0.001233802136484407   -0.0021057159165866527   0.0013179346549908014   -0.002179217340381008   0.0014100707402340076   -0.002257342853173281   0.001511653800335797   -0.002339764013966569   0.0016254064310412563   -0.0024282526718795443   0.0017479491546114922   -0.002526482169283711   0.0018852198240320345   -0.0026326806570603953   0.0020401052555464234   -0.0027466839147111456   0.0022135561957810747   -0.002872329505105917   0.002409902869101297   -0.0030087963257524504   0.002636033875119036   -0.0031583143109004796   0.0028975586258229197   -0.003321341545681065   0.0032023164674513105   -0.0035036170862169902   0.0035632980731001352   -0.0037031702865268352   0.003996839017239923   -0.003926034067365995   0.004525869609320541   -0.004169053662899592   0.005190148394757736   -0.004432090767670446   0.006040981183941419   -0.004710901563760088   0.007165758990305745   -0.004994344972315078   0.00871561615786978   -0.005229075315307702   0.010974385510085564   -0.005306828184426605   0.014509023981780812   -0.004893640059721295   0.020689032222665906   -0.002815984458983839   0.033803902157148534   0.006630186611406774   0.07576018370708329   0.08921120238518677   0.45262529821508257   0.6792015283421609   0.8151238091613378   0.41048616667123994   -0.29647150364521807   0.15578846185110776   0.5599622627588287   1.0   -0.2526423263217461   -0.3545849185771854   -0.17858075164025433   -0.2026122045620487   -0.21036562267627415   -0.15106894943400023   -0.15690429349392743   -0.1496604462082191   -0.10115250350310444   -0.07299723539311563   -0.10027939080906201   -0.13856650539456958   -0.06050400502424431   -0.010389078957493839   -0.05198462726136731   -0.004265977439099175   -0.08537102847552869   -0.031067605617493402   -0.07026486958496087   -0.08083856132876847   -0.052337035399734035   -0.035512096940101004   -0.07907050733883221   
T_sec   15.0   15.5   16.0   16.5   17.0   17.5   18.0   18.5   19.0   19.5   20.0   20.5   21.0   21.5   22.0   22.5   23.0   23.5   24.0   24.5   25.0   25.5   26.0   26.5   27.0   27.5   28.0   28.5   29.0   29.5   30.0   30.5   31.0   31.5   32.0   32.5   33.0   33.5   34.0   34.5   35.0   35.5   36.0   36.5   37.0   37.5   38.0   38.5   39.0   39.5   40.0   40.5   41.0   41.5   42.0   42.5   43.0   43.5   44.0   44.5   45.0   45.5   46.0   46.5   47.0   47.5   48.0   48.5   49.0   49.5   50.0   50.5   51.0   51.5   52.0   52.5   53.0   53.5   54.0   54.5   55.0   
U11   -0.0013788765641582592   -0.0004761320491979873   -0.001394974525547592   -0.00044706377255368724   -0.001411167698534767   -0.0004144568497386561   -0.0014275446378808796   -0.00037762885121733416   -0.001443587328692849   -0.0003359561593087717   -0.001459599884454571   -0.0002893067705281325   -0.0014759465784212737   -0.0002372146172962316   -0.0014925378393778606   -0.00017730148141759499   -0.001506587766963433   -0.00010720963662596348   -0.0015185628784621962   -2.5378589109314668e-05   -0.0015273830269223441   7.490720756244148e-05   -0.0015219995572328987   0.00020013097188857466   -0.0015077679326217916   0.00034885892356792864   -0.001482766520527324   0.0005281861045093916   -0.001441882016209059   0.0007479279496761867   -0.0013778104207074755   0.0010223764940675503   -0.0012773758315087803   0.0013738512634649837   -0.0011204325680915107   0.0018377707325979847   -0.0008714734078890423   0.002469490099666877   -0.0004657686687359463   0.003377692807537341   0.00022411742995547177   0.004761946347665861   0.0014711931585562347   0.007064697980096429   0.0039407072610125595   0.01142042243403191   0.00961219037084182   0.02160848311846659   0.026737228220185986   0.05838479000440645   0.13365284131829538   0.4655489755581701   0.8663443998329826   0.6373310652572247   -0.004921868128544057   0.8497151745463798   1.0   -0.27273886677712417   -0.32411319623235446   -0.28610299210002094   -0.2888716954897771   -0.28049341061951905   -0.17014654636776738   -0.15760467369588183   -0.16030054702103566   -0.07715483473232077   -0.012597763892255849   -0.07398524534079998   -0.0888725655200199   -0.08271935273699402   -0.07660529369107592   -0.09958835059171614   -0.1365214926091755   -0.10491144584319806   -0.030499238448155712   -0.09836579037029748   -0.06435290111482592   0.029228708692883503   -0.00416879890283096   -0.03969579908956254   -0.04423753312074353   
T_sec   15.0   15.5   16.0   16.5   17.0   17.5   18.0   18.5   19.0   19.5   20.0   20.5   21.0   21.5   22.0   22.5   23.0   23.5   24.0   24.5   25.0   25.5   26.0   26.5   27.0   27.5   28.0   28.5   29.0   29.5   30.0   30.5   31.0   31.5   32.0   32.5   33.0   33.5   34.0   34.5   35.0   35.5   36.0   36.5   37.0   37.5   38.0   38.5   39.0   39.5   40.0   40.5   41.0   41.5   42.0   42.5   43.0   43.5   44.0   44.5   45.0   45.5   46.0   46.5   47.0   47.5   48.0   48.5   49.0   49.5   50.0   50.5   51.0   51.5   52.0   52.5   53.0   53.5   54.0   54.5   55.0   
U12   -0.0015103716171243752   -0.0018328033116381194   -0.0015010726345809592   -0.0018362769248148635   -0.0014892448443797745   -0.001841325390864508   -0.0014758356438439168   -0.0018425986784473727   -0.0014583922840770251   -0.0018433100850981515   -0.001434456106671995   -0.0018317957571599565   -0.0013967822856429538   -0.0018158643843795724   -0.001353785311072349   -0.0017943266302751092   -0.0013022217288964832   -0.0017677771630875115   -0.0012415932499721628   -0.001733790111718536   -0.0011690646207673434   -0.0016911318237169486   -0.0010819894762635238   -0.0016365957572927101   -0.0009763482780308771   -0.001569629669423509   -0.000848177607040108   -0.0014811372640322108   -0.0006871160428439172   -0.0013682917513895428   -0.0004853548956955189   -0.001216537904906041   -0.00022249061852257446   -0.0010103894943235727   0.0001256548662630047   -0.000721829023847346   0.00060468663940615   -0.0003000987531969354   0.001294719447133692   0.0003528799379782762   0.0023425585225868026   0.0014151030444515516   0.004040314889985301   0.0032905391040653226   0.007063591862240048   0.007014750669012497   0.013280260862769325   0.015948742893727736   0.029631915447069033   0.046795976206867096   0.10688614988089218   0.336157883004896   0.8186766780135359   0.8416538582919301   0.7112083716780812   1.0   0.32503594702395827   -0.4048281743098448   -0.4272541916542519   -0.31930098392929407   -0.272223377895692   -0.2292103726219079   -0.16165378921772278   -0.13030927069737552   -0.1127102866769602   -0.04727231407492267   -0.034832647706198344   -0.06459676148391516   -0.07909671100918757   -0.10625304010318443   -0.11692396738489705   -0.13860013070362917   -0.16484299660737606   -0.07787845933432473   -0.06291296802870387   -0.07104948652712714   0.015936254828271126   0.052729119843995434   0.016473236939537374   -0.017356088865790563   -0.05270829673711957   
T_sec   15.0   15.5   16.0   16.5   17.0   17.5   18.0   18.5   19.0   19.5   20.0   20.5   21.0   21.5   22.0   22.5   23.0   23.5   24.0   24.5   25.0   25.5   26.0   26.5   27.0   27.5   28.0   28.5   29.0   29.5   30.0   30.5   31.0   31.5   32.0   32.5   33.0   33.5   34.0   34.5   35.0   35.5   36.0   36.5   37.0   37.5   38.0   38.5   39.0   39.5   40.0   40.5   41.0   41.5   42.0   42.5   43.0   43.5   44.0   44.5   45.0   45.5   46.0   46.5   47.0   47.5   48.0   48.5   49.0   49.5   50.0   50.5   51.0   51.5   52.0   52.5   53.0   53.5   54.0   54.5   55.0   
U13   -0.0015504442918832578   -0.0018291000920635752   -0.001540498353029127   -0.001825746828302666   -0.0015279650739587092   -0.0018193883390701618   -0.0015123577253877165   -0.0018123058497074612   -0.0014940733657531394   -0.0018007345747723734   -0.00147148210767038   -0.001786955739606296   -0.0014447376449342848   -0.0017695619946484584   -0.0014133372425236786   -0.0017485152346288504   -0.001376185759548913   -0.0017210388656959375   -0.0013314259497201333   -0.0016892235868410678   -0.001278603095226826   -0.0016478210525212576   -0.0012142460681314258   -0.001598655224837782   -0.001137413421339131   -0.0015363253371676146   -0.0010426871097752235   -0.0014596120208704262   -0.0009247131113125348   -0.0013575907876642883   -0.0007706174751023745   -0.001220809524712609   -0.0005686841414184442   -0.001037702047939521   -0.00029956674561067934   -0.0007846712375028338   7.251858810984283e-05   -0.000421162419622262   0.0006088239839666551   0.00012688389008565345   0.0014242202885014538   0.0010050770495901745   0.002751215132313263   0.002528419744177305   0.005116497436675338   0.0054818910798546   0.009940061356046312   0.012286077145950317   0.02217411328726229   0.033688118597511786   0.07107981140518747   0.1852755142883851   0.5978879524042089   1.0   0.8944278736130874   0.5962096542650964   -0.1813358610002424   -0.4137144484971384   -0.30350864065369143   -0.22192976760986227   -0.1668978491137   -0.1308487351588494   -0.10879986811094183   -0.08613602117070979   -0.0595434821716838   -0.029841587735008463   -0.04700343898609039   -0.06188745425394751   -0.051438915267536335   -0.07689186801877781   -0.10001782213280805   -0.12103156424974786   -0.12085764889067159   -0.04350751818663385   -0.03693436386904375   -0.003283206400597754   0.04591176476798922   0.0441186881856136   0.017223781076229298   -0.007545581794369395   -0.05170590504900163   
T_sec   15.0   15.5   16.0   16.5   17.0   17.5   18.0   18.5   19.0   19.5   20.0   20.5   21.0   21.5   22.0   22.5   23.0   23.5   24.0   24.5   25.0   25.5   26.0   26.5   27.0   27.5   28.0   28.5   29.0   29.5   30.0   30.5   31.0   31.5   32.0   32.5   33.0   33.5   34.0   34.5   35.0   35.5   36.0   36.5   37.0   37.5   38.0   38.5   39.0   39.5   40.0   40.5   41.0   41.5   42.0   42.5   43.0   43.5   44.0   44.5   45.0   45.5   46.0   46.5   47.0   47.5   48.0   48.5   49.0   49.5   50.0   50.5   51.0   51.5   52.0   52.5   53.0   53.5   54.0   54.5   55.0   
U14   -0.0015395678640191847   -0.0016158770357375526   -0.0015350579431527601   -0.001604516578510714   -0.0015288619235242832   -0.0015904392578283942   -0.0015204246009635446   -0.0015735479871619087   -0.001509745975470545   -0.001553009960255944   -0.0014961252130820477   -0.0015288668916243673   -0.001479725386472776   -0.001500587848729141   -0.0014598942049438362   -0.0014673817398288195   -0.0014356775040790587   -0.0014279925267899572   -0.0014061871056083124   -0.0013814660451963846   -0.0013704445734832565   -0.001326546256914657   -0.0013275617294337605   -0.0012615849923158435   -0.0012746343656974478   -0.0011829286664099897   -0.001208189412840784   -0.0010853483394747247   -0.0011204615832423358   -0.000960135173603666   -0.0010052821722755282   -0.0008017204262240454   -0.0008534978818934068   -0.0005956005014056806   -0.0006464486556507131   -0.00031878519538229387   -0.0003542429087976971   6.755155894777121e-05   7.647511181892204e-05   0.0006339459372292265   0.0007461317857783773   0.0015160490706621274   0.0018584970320297115   0.003003924810278618   0.0038807562806838477   0.00580875029542154   0.008071000279194907   0.012074248075188424   0.018798426143250762   0.030980215289748002   0.06096218362220923   0.1524907839776279   0.5111712899323889   1.0   0.8825968267997197   0.5077833820170548   -0.2608720152165168   -0.38984834987924705   -0.2651071851276806   -0.20455466818317158   -0.14098200761869162   -0.11393103286108829   -0.10172195138890515   -0.08056712822138437   -0.050111239322502776   -0.03351563623732696   -0.054592425584388635   -0.06118099290926169   -0.04190153563132971   -0.069432929397441   -0.09676704231705949   -0.1139799535389343   -0.11194750603985082   -0.0379653996801754   -0.03278229094594529   0.0017652659475931188   0.04768106061677218   0.039025681686276154   0.01681508703996597   -0.006411565550264276   -0.047149555864539686   
T_sec   15.0   15.5   16.0   16.5   17.0   17.5   18.0   18.5   19.0   19.5   20.0   20.5   21.0   21.5   22.0   22.5   23.0   23.5   24.0   24.5   25.0   25.5   26.0   26.5   27.0   27.5   28.0   28.5   29.0   29.5   30.0   30.5   31.0   31.5   32.0   32.5   33.0   33.5   34.0   34.5   35.0   35.5   36.0   36.5   37.0   37.5   38.0   38.5   39.0   39.5   40.0   40.5   41.0   41.5   42.0   42.5   43.0   43.5   44.0   44.5   45.0   45.5   46.0   46.5   47.0   47.5   48.0   48.5   49.0   49.5   50.0   50.5   51.0   51.5   52.0   52.5   53.0   53.5   54.0   54.5   55.0   
U15   -0.0013800359120512051   -0.001933220747889336   -0.0013519292528897699   -0.0019339311619277818   -0.0013211161585033194   -0.0019345116536166496   -0.0012858466773993694   -0.0019323260136935004   -0.0012460052968630794   -0.0019294982048259557   -0.0012006711606052198   -0.0019227773218377941   -0.0011479728665112492   -0.0019132509583925687   -0.0010885262980763917   -0.0019014329919676328   -0.001021274358916497   -0.0018866062773302424   -0.0009447661324258668   -0.001867705341563177   -0.0008568459710760366   -0.0018433676087242189   -0.0007542448867213633   -0.0018107433568636446   -0.000634318626277076   -0.0017697538882913571   -0.0004911777001416285   -0.0017141141671072767   -0.0003178843738949705   -0.001638228829613454   -0.00010470271680606503   -0.0015347096490300773   0.0001642917263444606   -0.001386991030117406   0.0005146438287921736   -0.0011709417252485739   0.0009855250934614102   -0.0008412702694197961   0.0016492675859772392   -0.00031558967814058504   0.002631904547145409   0.0005636550619848444   0.004200798601535355   0.0021761035863065254   0.00698879610765003   0.0055006443776834365   0.01276812247701285   0.013765488462218914   0.028520582650366673   0.04411239536777555   0.11856277997422242   0.34238814839989007   0.7367739854249632   1.0   0.8868359287656422   0.07115317275270953   -0.44299763988057345   -0.2744332094537262   -0.20496465711903217   -0.15651143722516722   -0.13808674265083476   -0.10641077768107564   -0.11971941830735078   -0.10936358939803881   -0.07806247366870708   -0.06109431864163654   -0.05420637467587535   -0.02056505309398887   -0.028783412168872403   -0.053593034108414844   -0.08658750035293478   -0.09252242672653758   -0.07598272893005184   -0.046565651275787164   0.003284546872059816   0.05534459198007025   0.04319205260088785   0.022315493381398616   0.002523009787108996   -0.021868019169912538   -0.07512906759633206   
T_sec   15.0   15.5   16.0   16.5   17.0   17.5   18.0   18.5   19.0   19.5   20.0   20.5   21.0   21.5   22.0   22.5   23.0   23.5   24.0   24.5   25.0   25.5   26.0   26.5   27.0   27.5   28.0   28.5   29.0   29.5   30.0   30.5   31.0   31.5   32.0   32.5   33.0   33.5   34.0   34.5   35.0   35.5   36.0   36.5   37.0   37.5   38.0   38.5   39.0   39.5   40.0   40.5   41.0   41.5   42.0   42.5   43.0   43.5   44.0   44.5   45.0   45.5   46.0   46.5   47.0   47.5   48.0   48.5   49.0   49.5   50.0   50.5   51.0   51.5   52.0   52.5   53.0   53.5   54.0   54.5   55.0   
U16   -0.0018531956810724976   -0.0017859366590607863   -0.0018378220692225687   -0.0017651180427226392   -0.0018207303109252552   -0.0017421887193168678   -0.0017999374305269027   -0.0017133695110632167   -0.0017742182641058801   -0.0016800744058372615   -0.0017458401879175333   -0.001643245961082475   -0.0017123852606820943   -0.0015998523720414672   -0.0016750629892048575   -0.0015510441957463888   -0.0016308364426612036   -0.0014933649836768577   -0.0015796476041514916   -0.0014262795329811346   -0.0015184723580191756   -0.0013463185799707617   -0.0014464162150067043   -0.0012514182042472294   -0.0013597986967392812   -0.0011364826806546367   -0.0012527516815434708   -0.000994475737895396   -0.0011200182087325226   -0.0008158725405104171   -0.0009488454529620016   -0.0005845750710102385   -0.0007233019939274195   -0.0002776910116975328   -0.0004173674823570823   0.00013951071981650062   6.740304703718175e-06   0.0007297364336058133   0.0006339920517906016   0.0016198922821810831   0.0016217692274380934   0.003051913360367968   0.0033036856914718583   0.005566972878702044   0.006493473004991896   0.010593831020377203   0.013665271008327448   0.0230732847279418   0.035932210322652876   0.07511721921814092   0.21748889568216168   0.57673913512217   0.8276517162514949   1.0   0.9882858626599428   0.11263037612887267   -0.457873812133446   -0.30706960576660636   -0.22933778524057102   -0.20769680270347032   -0.1758614034810116   -0.1465415001053182   -0.16332830079344637   -0.14287929746126654   -0.08144220251760469   -0.06013979387881899   -0.04910035827430899   -0.01784921095203379   -0.024696620797577343   -0.05415322613544913   -0.09152767612646387   -0.11188859024177635   -0.08404815267126449   -0.047787913647262974   0.013397263387773655   0.05980068286768434   0.04577298205512929   0.01987192770507794   0.0032233524524658465   -0.0351794539123465   -0.09029653524581024   
T_sec   15.0   15.5   16.0   16.5   17.0   17.5   18.0   18.5   19.0   19.5   20.0   20.5   21.0   21.5   22.0   22.5   23.0   23.5   24.0   24.5   25.0   25.5   26.0   26.5   27.0   27.5   28.0   28.5   29.0   29.5   30.0   30.5   31.0   31.5   32.0   32.5   33.0   33.5   34.0   34.5   35.0   35.5   36.0   36.5   37.0   37.5   38.0   38.5   39.0   39.5   40.0   40.5   41.0   41.5   42.0   42.5   43.0   43.5   44.0   44.5   45.0   45.5   46.0   46.5   47.0   47.5   48.0   48.5   49.0   49.5   50.0   50.5   51.0   51.5   52.0   52.5   53.0   53.5   54.0   54.5   55.0   
U17   -0.0009879413794585052   -0.001714764799305627   -0.0009473486139988486   -0.001721986035956877   -0.0009030162076823835   -0.0017298778967808274   -0.0008538142882130354   -0.0017371005518364265   -0.0007991197712352494   -0.0017435917494242922   -0.0007378808827580482   -0.0017503800609885687   -0.0006695520693692338   -0.0017550348334446787   -0.0005925365710273705   -0.001759722150154828   -0.0005057432809080628   -0.0017630866182531198   -0.00040702988555767753   -0.001763695030249429   -0.00029351782972889635   -0.0017611847699948587   -0.0001620517914487871   -0.0017527983629830781   -7.271997063750519e-06   -0.0017366948530930131   0.0001768671170241415   -0.0017097525933769512   0.0003999207340547205   -0.0016648973676408581   0.0006694450993232218   -0.0016012265262437021   0.001007176875309847   -0.001493641247576939   0.0014491454665626206   -0.0013178703818575279   0.002044508353461818   -0.0010221430120546484   0.002886982909278595   -0.0005129823007915678   0.004149903831122352   0.0004113312974774971   0.006203170365434641   0.002228909423033077   0.00996911059350588   0.006304542084789035   0.01834758260948144   0.01806116212770378   0.046079182677432946   0.08745217385629957   0.33820147287459024   0.6111991162894319   0.502141911203792   0.6069993367436495   1.0   0.08657853158435104   -0.36472900260233315   -0.21783817703019362   -0.21486940552051734   -0.19575467035545951   -0.1822955376499068   -0.13811104573639435   -0.1548629904690283   -0.121706662175235   -0.04905362710251057   -0.0319674350099472   -0.034915263409169464   0.003983884811197537   -0.02526742328410691   -0.029418138863712865   -0.07187404174014489   -0.10994215909867996   -0.045880762367093174   -0.042442788213658135   0.0030769596210456617   0.055158694780381705   0.03279413243974537   0.013166405901875046   0.000197829400929292   -0.03811575276680383   -0.0726153436360518   
T_sec   15.0   15.5   16.0   16.5   17.0   17.5   18.0   18.5   19.0   19.5   20.0   20.5   21.0   21.5   22.0   22.5   23.0   23.5   24.0   24.5   25.0   25.5   26.0   26.5   27.0   27.5   28.0   28.5   29.0   29.5   30.0   30.5   31.0   31.5   32.0   32.5   33.0   33.5   34.0   34.5   35.0   35.5   36.0   36.5   37.0   37.5   38.0   38.5   39.0   39.5   40.0   40.5   41.0   41.5   42.0   42.5   43.0   43.5   44.0   44.5   45.0   45.5   46.0   46.5   47.0   47.5   48.0   48.5   49.0   49.5   50.0   50.5   51.0   51.5   52.0   52.5   53.0   53.5   54.0   54.5   55.0   
U18   -0.0014988703826053615   -0.0011580294372704955   -0.0014847086332231206   -0.0011168884939540015   -0.001469597933174352   -0.0010713463661880742   -0.0014526466755164552   -0.0010205501696397602   -0.0014338744682844348   -0.0009631426391299743   -0.001411924539759567   -0.0008978444481592871   -0.0013870880497047456   -0.0008240737706622729   -0.0013592101076813836   -0.0007395621264822429   -0.0013255188396073822   -0.0006413631430635077   -0.0012922775694177541   -0.0005365709533372204   -0.0012568864542021848   -0.0004120315175029523   -0.0012122530881407867   -0.0002609230445244332   -0.0011546355039400672   -7.513681505473481e-05   -0.0010795626362230563   0.00015670246957572373   -0.0009799362419893743   0.0004520351494152189   -0.0008444402443342386   0.0008373438025382002   -0.0006536161548004823   0.001356035385116043   -0.00037531075357202413   0.0020790459287757584   4.800100769149042e-05   0.0031321171789023836   0.000729669976078309   0.004761353270985918   0.0019110080856670863   0.007497736861280179   0.004192065408011328   0.012680578107345696   0.00942124520538438   0.02478985173073211   0.02623143415034135   0.07047719337571477   0.17114487675672452   0.6266368755364301   0.6354731821277818   0.29317353333121077   0.4103440539105567   0.675599963745501   1.0   0.4676932999827513   -0.24015753261548198   -0.3756975225073189   -0.4006096143194446   -0.35026920680038487   -0.2707735045999792   -0.2196394167683629   -0.1737693339310517   -0.10370651159239498   -0.027581152537971908   -0.006019188534249647   -0.03521113278055924   -0.025351565952852494   -0.005389501115324487   -0.05523846810110218   -0.09339759486532534   -0.10048948114896028   -0.057824209587556775   -0.06562227378110634   -0.006836436777585739   0.053509885977429616   0.03158720214087678   -0.006941434397373714   -0.04084496617575608   -0.02548916649783615   -0.041460929118779244   
T_sec   15.0   15.5   16.0   16.5   17.0   17.5   18.0   18.5   19.0   19.5   20.0   20.5   21.0   21.5   22.0   22.5   23.0   23.5   24.0   24.5   25.0   25.5   26.0   26.5   27.0   27.5   28.0   28.5   29.0   29.5   30.0   30.5   31.0   31.5   32.0   32.5   33.0   33.5   34.0   34.5   35.0   35.5   36.0   36.5   37.0   37.5   38.0   38.5   39.0   39.5   40.0   40.5   41.0   41.5   42.0   42.5   43.0   43.5   44.0   44.5   45.0   45.5   46.0   46.5   47.0   47.5   48.0   48.5   49.0   49.5   50.0   50.5   51.0   51.5   52.0   52.5   53.0   53.5   54.0   54.5   55.0   
U19   -0.0012930806905067285   -0.0011832073926891261   -0.001269889530522742   -0.0011474009698866552   -0.0012439069052744471   -0.0011078214995536568   -0.001214392735919974   -0.001064448223598367   -0.0011803187344866326   -0.0010152557032130525   -0.001139264677207995   -0.0009626821348868569   -0.0011017214059437707   -0.00091269764043026   -0.0010580810601645847   -0.0008540920572334479   -0.0010031215717938179   -0.0007848399464886883   -0.0009343448742209232   -0.0007033884971910638   -0.000848229802385605   -0.0006064009629522734   -0.0007385260002385546   -0.0004897797604503811   -0.0005979392551889493   -0.00034657875634678864   -0.0004127094427870152   -0.00016731690507946738   -0.00016577262660459673   6.116185426835737e-05   0.00017182246364600854   0.000361568914596581   0.0006448770878375126   0.0007672380195753893   0.0013299526072357336   0.0013402502318484437   0.0023647383357423475   0.0021909717064234817   0.004016287538985111   0.0035485035783708063   0.006854491650499927   0.0059485306950976995   0.012334918833201246   0.010968865541329092   0.025173249301820952   0.025393849966058514   0.07068376238712148   0.12365403786663508   0.5876464638679157   0.9324773652740884   0.23989874591945826   0.31383808109419525   0.4654906782674512   0.8641338147511576   1.0   0.7787669107728405   -0.133457727893206   -0.6837985155395091   -0.5232911536043958   -0.4315516350569306   -0.32635222195996755   -0.2711930426968504   -0.12245903266152067   -0.0723471661637672   -0.037612112861067575   -0.022881031086805816   -0.04822143890399035   -0.017646942740409108   -0.020571350501851705   -0.09629612561065563   -0.07061026176893492   -0.09843287231101391   -0.0941872996559262   -0.06833240122872469   -0.01426137393443213   0.04403487863619901   0.03556231599299294   -0.038407366905892   -0.017398912010033744   0.0021109106696875477   -0.04129860986001281   
T_sec   15.0   15.5   16.0   16.5   17.0   17.5   18.0   18.5   19.0   19.5   20.0   20.5   21.0   21.5   22.0   22.5   23.0   23.5   24.0   24.5   25.0   25.5   26.0   26.5   27.0   27.5   28.0   28.5   29.0   29.5   30.0   30.5   31.0   31.5   32.0   32.5   33.0   33.5   34.0   34.5   35.0   35.5   36.0   36.5   37.0   37.5   38.0   38.5   39.0   39.5   40.0   40.5   41.0   41.5   42.0   42.5   43.0   43.5   44.0   44.5   45.0   45.5   46.0   46.5   47.0   47.5   48.0   48.5   49.0   49.5   50.0   50.5   51.0   51.5   52.0   52.5   53.0   53.5   54.0   54.5   55.0   
U20   -0.001546540395282898   -0.0005045418699086354   -0.0015619744692237948   -0.000463298743095793   -0.0015757994513881978   -0.00041524759086730933   -0.0015881592333950383   -0.0003592730106321072   -0.0015983547052000576   -0.00029370189850357373   -0.0016059154936271611   -0.00021634711335927876   -0.001608428203555965   -0.00012524776807474537   -0.0016071392297567096   -1.535875211059943e-05   -0.001596777207692067   0.00011903835623725896   -0.0015737438767113217   0.0002817780030983414   -0.0015382446576733169   0.00048063724199022214   -0.0014814124082602167   0.0007301138237266759   -0.0013983379758522345   0.0010430170129248869   -0.0012724436595942922   0.001447568772488471   -0.001088025524914457   0.001974507170870844   -0.000813958520166305   0.002683303793794648   -0.00039755382867865806   0.0036767364088339063   0.0002710119258564498   0.005135918953733286   0.0013839619005773772   0.007398047242881749   0.0033630349380596295   0.011217367328410643   0.0072951272727830915   0.018599176660870017   0.016719991438234636   0.03691952718516283   0.05013827363706071   0.12526564372055776   0.4237504428140382   1.0   0.7287188554971774   0.19941481289221277   0.38101543353417333   0.520098778698229   0.7427886883928267   0.9547954304414759   0.9092735129091183   0.5890304533058996   0.20237428183942235   -0.712454983223887   -0.8230768992378104   -0.5690296905543467   -0.3587471650626645   -0.15695603099841252   -0.0831373440820338   -0.08125002653043574   -0.1254835529775384   -0.10374932794681738   -0.03773252920252386   -0.09383089958421945   -0.08133093849420202   -0.03618277203837991   -0.07976919003321108   -0.10963905153569066   -0.11000006478433204   -0.08506252292501348   -0.030874150395006024   -0.03303360852787437   -0.004952770271703123   0.03738023312538692   0.02487409562721091   -0.00906338517089009   -0.036880515037979816   
T_sec   15.0   15.5   16.0   16.5   17.0   17.5   18.0   18.5   19.0   19.5   20.0   20.5   21.0   21.5   22.0   22.5   23.0   23.5   24.0   24.5   25.0   25.5   26.0   26.5   27.0   27.5   28.0   28.5   29.0   29.5   30.0   30.5   31.0   31.5   32.0   32.5   33.0   33.5   34.0   34.5   35.0   35.5   36.0   36.5   37.0   37.5   38.0   38.5   39.0   39.5   40.0   40.5   41.0   41.5   42.0   42.5   43.0   43.5   44.0   44.5   45.0   45.5   46.0   46.5   47.0   47.5   48.0   48.5   49.0   49.5   50.0   50.5   51.0   51.5   52.0   52.5   53.0   53.5   54.0   54.5   55.0   
U21   -0.0002122483471193017   -0.0014159565491288948   -0.00017747660124444467   -0.0014582614473753227   -0.00013452061204702033   -0.001500823016070849   -8.38727906254782e-05   -0.0015433098627611165   -2.3568170169108112e-05   -0.0015856099641003098   4.792181670725805e-05   -0.001626460778318535   0.0001349681806336704   -0.0016631808808150019   0.0002402990027176515   -0.0016953805286709007   0.0003672957938092643   -0.0017252977306868478   0.000516175584225508   -0.001748815807890349   0.0007011995854890668   -0.001756193884075141   0.0009352591215900043   -0.0017393246573913137   0.0012345243591888068   -0.0016864322403997228   0.001621228400396815   -0.0015806439220749182   0.002130556360571429   -0.0013915655062501388   0.002823989463272518   -0.0010600842731960036   0.0037960657231710083   -0.0004931320671898657   0.005221695729215217   0.0005101529803361773   0.007450418381469851   0.0023878512894233007   0.011266869871330827   0.006297362820582242   0.018903411724355456   0.016208283473359356   0.039492572904097155   0.05524358633732527   0.16925277038425496   0.5657033103982365   1.0   0.3548078396320874   0.1847221061974859   0.39850708724389383   0.4464296436460435   0.49880938799292884   0.5378313626065775   0.6252818601735028   0.5430939349379961   0.3487397779163917   0.2841940929879076   -0.35749392507614014   -0.7907823687491854   -0.4503434968928827   -0.19126819782820528   -0.08052830916025222   -0.11292022238261479   -0.1338773609220828   -0.1519962612723095   -0.13198962912525672   -0.12689882196575306   -0.04026890137313255   -0.038190467848384695   -0.04699866378352174   -0.07647057489794033   -0.06423137283480863   -0.08978370711579457   -0.09404520740865432   -0.08039778549641055   -0.05121877486683015   0.03855566061351851   0.05043502860754877   0.011165380586086186   -0.011927752004484222   -0.04257274477114153   
T_sec   15.0   15.5   16.0   16.5   17.0   17.5   18.0   18.5   19.0   19.5   20.0   20.5   21.0   21.5   22.0   22.5   23.0   23.5   24.0   24.5   25.0   25.5   26.0   26.5   27.0   27.5   28.0   28.5   29.0   29.5   30.0   30.5   31.0   31.5   32.0   32.5   33.0   33.5   34.0   34.5   35.0   35.5   36.0   36.5   37.0   37.5   38.0   38.5   39.0   39.5   40.0   40.5   41.0   41.5   42.0   42.5   43.0   43.5   44.0   44.5   45.0   45.5   46.0   46.5   47.0   47.5   48.0   48.5   49.0   49.5   50.0   50.5   51.0   51.5   52.0   52.5   53.0   53.5   54.0   54.5   55.0   
U22   -0.0011872932432489163   -0.0005902040676286996   -0.0012341300207802915   -0.000580724838060966   -0.0012787262183152606   -0.0005635257899542024   -0.0013230291864289253   -0.0005406246585895445   -0.0013690646631976382   -0.0005122695937336343   -0.001416292742022952   -0.00047354706410164505   -0.0014593966157304117   -0.0004185716368330823   -0.0014953937646075394   -0.0003434811764807046   -0.001522395782219074   -0.00024298005631253507   -0.001536551986340367   -0.00010930729006260016   -0.0015318191254896669   6.858340053636517e-05   -0.0014984275367109117   0.0003068653719819043   -0.0014251612702096748   0.0006261570833096004   -0.0012928264402754031   0.0010607994573616055   -0.0010673602306717864   0.0016677738965233037   -0.0006911987936889767   0.0025419077487397355   -5.90714329366143e-05   0.0038550513931797565   0.0010321293273670745   0.005945292919918445   0.0030385508873087956   0.009597527510364781   0.007155865472656753   0.017050524578566865   0.017501181366416235   0.03766651318429365   0.05814197601068065   0.17301820028302317   0.5910815892433151   1.0   0.31260458639582933   0.20406930886203986   0.426065062873499   0.43694557370512416   0.40368012090487887   0.3161409912446805   0.38911145024024646   0.5570595830163864   0.5181411269092573   0.30043774456379646   0.20189477565711833   -0.144844695944176   -0.6612114908601564   -0.4225058431902488   -0.12020677136626855   -0.13635379568464645   -0.17907168922031483   -0.15400692992163814   -0.14706718829399826   -0.21594662948123083   -0.09770369771139803   -0.023140687142676385   -0.051015108577782076   -0.06011459538607719   -0.04463059909258546   -0.06734192377047667   -0.0824364676473236   -0.14622970911925837   -0.08011554308454416   0.011245182929758301   0.011584574090412964   0.037235715226645365   0.01886271342594855   -0.009925613279148498   -0.017215810866826105   
T_sec   15.0   15.5   16.0   16.5   17.0   17.5   18.0   18.5   19.0   19.5   20.0   20.5   21.0   21.5   22.0   22.5   23.0   23.5   24.0   24.5   25.0   25.5   26.0   26.5   27.0   27.5   28.0   28.5   29.0   29.5   30.0   30.5   31.0   31.5   32.0   32.5   33.0   33.5   34.0   34.5   35.0   35.5   36.0   36.5   37.0   37.5   38.0   38.5   39.0   39.5   40.0   40.5   41.0   41.5   42.0   42.5   43.0   43.5   44.0   44.5   45.0   45.5   46.0   46.5   47.0   47.5   48.0   48.5   49.0   49.5   50.0   50.5   51.0   51.5   52.0   52.5   53.0   53.5   54.0   54.5   55.0   
U23   -0.002316065413955137   -0.0003782831935215675   -0.002425164245284136   -0.0003783700213312198   -0.002535156871194862   -0.0003684380448890716   -0.0026453499691918834   -0.00034673550238384   -0.002754130008445709   -0.0003086371059793655   -0.0028605767806222783   -0.00025308441635979673   -0.002965736060057895   -0.0001770150166002755   -0.0030670614426094593   -7.114033608984062e-05   -0.0031575701271976987   7.264310667113844e-05   -0.003234652384781772   0.0002669005200775602   -0.003288993230998387   0.0005283306337445842   -0.0033127518975387136   0.000885290926120994   -0.003277820954165217   0.0013684688913531164   -0.0031692997578192713   0.0020393683351155683   -0.0029235864513942377   0.0030004526610720493   -0.002453129514932064   0.004422936760417422   -0.0015683580423491207   0.006647612638546062   0.00012549848763484018   0.010407868099744701   0.003626831900981143   0.0176213158086819   0.012181003671177158   0.035067699378700995   0.04192445978511385   0.10909349587199262   0.33986085046357745   1.0   0.9116463133328452   0.1947469502604805   0.42858910514125936   0.5385822264596009   0.44931900505359534   0.23158024520628642   0.17519182180487491   0.26134914427333733   0.43260964479589065   0.6625551260090327   0.5710552567797729   0.20659097023869835   -0.07915038360265242   -0.14357091244831915   -0.3248882524327828   -0.400041494164685   -0.22243195856672954   -0.22990132405436858   -0.19338347385977683   -0.24312058729056465   -0.2209315517361178   -0.15171120293156926   -0.12196635489058585   -0.09012041487560224   -0.039360790724542676   -0.03436595519038369   -0.04269147978112556   -0.11363363104360052   -0.16739404631865018   -0.11231495615669974   -0.04976516557616838   -0.03180167577740341   -0.0045710770747927065   0.014051932723828773   0.038052855960495346   0.011926079308740224   0.012870159129927112   
T_sec   15.0   15.5   16.0   16.5   17.0   17.5   18.0   18.5   19.0   19.5   20.0   20.5   21.0   21.5   22.0   22.5   23.0   23.5   24.0   24.5   25.0   25.5   26.0   26.5   27.0   27.5   28.0   28.5   29.0   29.5   30.0   30.5   31.0   31.5   32.0   32.5   33.0   33.5   34.0   34.5   35.0   35.5   36.0   36.5   37.0   37.5   38.0   38.5   39.0   39.5   40.0   40.5   41.0   41.5   42.0   42.5   43.0   43.5   44.0   44.5   45.0   45.5   46.0   46.5   47.0   47.5   48.0   48.5   49.0   49.5   50.0   50.5   51.0   51.5   52.0   52.5   53.0   53.5   54.0   54.5   55.0   
U24   -0.002134271824999494   -0.001600992338758716   -0.0022226746542074183   -0.0016530805543963512   -0.0023096905531564704   -0.001698666088143935   -0.002393295153838963   -0.0017356645544104232   -0.0024718123666141226   -0.0017610982594943214   -0.002544471974273869   -0.0017730248541426555   -0.002607308391929306   -0.001765483378765468   -0.002656403487952653   -0.0017317063476775466   -0.0026863154128608808   -0.0016635727780566374   -0.002693220941548443   -0.0015513486348899793   -0.0026648354246511224   -0.0013741789178931781   -0.0025780183747735087   -0.001098734164373162   -0.0024139270622368955   -0.0006882103965763221   -0.002124974468374531   -6.376721488313832e-05   -0.0016447308448409618   0.0008956537466276939   -0.0008439979679412141   0.002431412843386265   0.0005343816114260888   0.005051168566696172   0.0030763715018133223   0.010024387993926557   0.008409532075165116   0.021369534754166395   0.022768566940122886   0.0591588470583304   0.09617075372160529   0.4446349007158259   1.0   0.6278807535079368   0.27790168715244146   0.47629895310161463   0.49596920446895426   0.2691678584479223   0.12095724094814193   0.1469176215475186   0.20432272495185133   0.3527411280895811   0.5790461388593804   0.6770613346323877   0.4724162342690499   0.1173146779700557   -0.22267290416664118   -0.07923455239630206   0.034743266243200684   -0.27166366432938804   -0.29760472537765625   -0.2319248096687122   -0.28422025497879366   -0.2339554697446013   -0.14653001505312302   -0.1515951494547132   -0.17504054245711106   -0.1101793238626942   -0.031214340715124703   -0.050013507756515314   -0.12389238812397065   -0.13686811233349302   -0.07786366079438922   -0.05638909790616131   -0.045797091478198715   -0.003912058131960145   0.02865018223713648   0.04353764076517764   0.06372721119435278   0.05661680027923336   0.0007477598771064206   
T_sec   15.0   15.5   16.0   16.5   17.0   17.5   18.0   18.5   19.0   19.5   20.0   20.5   21.0   21.5   22.0   22.5   23.0   23.5   24.0   24.5   25.0   25.5   26.0   26.5   27.0   27.5   28.0   28.5   29.0   29.5   30.0   30.5   31.0   31.5   32.0   32.5   33.0   33.5   34.0   34.5   35.0   35.5   36.0   36.5   37.0   37.5   38.0   38.5   39.0   39.5   40.0   40.5   41.0   41.5   42.0   42.5   43.0   43.5   44.0   44.5   45.0   45.5   46.0   46.5   47.0   47.5   48.0   48.5   49.0   49.5   50.0   50.5   51.0   51.5   52.0   52.5   53.0   53.5   54.0   54.5   55.0   
U25   -0.0019418974590311939   -0.0026284716975553363   -0.0020191439965625163   -0.0027454090745378744   -0.0020907631945037706   -0.002861426542190767   -0.0021547166655472077   -0.0029730222462067235   -0.0022061331763009347   -0.00308098365542223   -0.0022469326534593588   -0.003183728842224405   -0.002267923177848498   -0.003274128647445417   -0.002261707306435528   -0.0033462734677503865   -0.0022172359186286815   -0.0033945847089460507   -0.0021246794496691426   -0.003409375639585338   -0.0019657139905096053   -0.0033789629332068327   -0.0017124268119015733   -0.003277932157364893   -0.0013193870027735223   -0.0030688329378192   -0.0007125263309712504   -0.0026848264817716004   0.00024016097173734888   -0.0020042457168637875   0.0017857724036859897   -0.0007803404140482684   0.004453540285361487   0.0015588452906235251   0.009556971950737849   0.00662242940894459   0.021280572397144572   0.02076145354719164   0.060731818043800026   0.09760519157037163   0.4717565304926042   1.0   0.5519736361420428   0.33238672132531516   0.5182675668078801   0.417541582265089   0.126888927513657   0.06886586911607515   0.11143350147328518   0.17335805801449064   0.30706084193927824   0.43700060655948597   0.5113570725906846   0.5168946287392981   0.3178373935105722   -0.07106755489507526   -0.4294098553015189   -0.16231518805224912   0.18828517276335133   -0.0769603087011469   -0.28376618539751997   -0.31900041326253414   -0.24920710059626527   -0.17177455789006624   -0.1516348257574929   -0.1447339148553521   -0.12000318976674906   -0.09120887885719457   -0.05270871546622449   -0.1094441261771837   -0.1334760809931294   -0.07960800772120699   -0.07648812069940324   -0.0548869461120608   -0.033654882846248124   0.00575704286573407   0.03101443225150808   0.020589954204490935   0.03831692647469791   0.013697971131252857   -0.032698729847232516   
T_sec   15.0   15.5   16.0   16.5   17.0   17.5   18.0   18.5   19.0   19.5   20.0   20.5   21.0   21.5   22.0   22.5   23.0   23.5   24.0   24.5   25.0   25.5   26.0   26.5   27.0   27.5   28.0   28.5   29.0   29.5   30.0   30.5   31.0   31.5   32.0   32.5   33.0   33.5   34.0   34.5   35.0   35.5   36.0   36.5   37.0   37.5   38.0   38.5   39.0   39.5   40.0   40.5   41.0   41.5   42.0   42.5   43.0   43.5   44.0   44.5   45.0   45.5   46.0   46.5   47.0   47.5   48.0   48.5   49.0   49.5   50.0   50.5   51.0   51.5   52.0   52.5   53.0   53.5   54.0   54.5   55.0   
U26   -0.0024489301425342867   -0.0025880196496849517   -0.0025446461000795946   -0.002691761295717581   -0.0026347527476649644   -0.002787494165678049   -0.0027168991986875825   -0.0028770178591505245   -0.0027910530668078417   -0.002959067870399684   -0.0028546691473852956   -0.0030281158553146044   -0.002902835156006879   -0.0030798170096706704   -0.0029299903622220617   -0.0031079945433194938   -0.002929260950335585   -0.003102126861888072   -0.0028882771468808693   -0.003048012205986054   -0.0027914269482040184   -0.002922143148076   -0.0026113770232220205   -0.002688626293984089   -0.0023057333242166122   -0.002286261222414894   -0.0018044608021602724   -0.001606151824621038   -0.0009791038115063693   -0.00043848903780638787   0.0004304220069199324   0.0016802952941313532   0.0030235958640990844   0.0059384013485184114   0.00847884920363946   0.016253072757787805   0.02347436880491716   0.05353919071318908   0.10785964509767736   0.4646374888249573   1.0   0.36498899338508156   0.3333268765105421   0.5394771009291148   0.1715686819972064   -0.004662091529251204   0.0678672171680138   0.11698250516271097   0.1949486749718785   0.30462853110785315   0.3564831239771723   0.35112606784347733   0.363971092355167   0.36555017307217597   0.15709460449089432   -0.19062586094667183   -0.4659243240838695   -0.14336258681419192   0.38429389675886266   0.14110957847555022   -0.40381708933919286   -0.25735192004860763   -0.17184136054778604   -0.183014746464092   -0.14175749421331937   -0.07422932869750977   -0.10655169941248183   -0.12912524957671634   -0.15556910711315544   -0.12047533085224958   -0.06921117630724792   -0.06501905518527556   -0.03960811978479403   0.0060630996461716455   0.017589087165585673   0.01006854625613253   0.034202210625470145   0.003337003247695519   -0.013033030301862718   0.010921456968384565   -0.010665303614392305   
T_sec   15.0   15.5   16.0   16.5   17.0   17.5   18.0   18.5   19.0   19.5   20.0   20.5   21.0   21.5   22.0   22.5   23.0   23.5   24.0   24.5   25.0   25.5   26.0   26.5   27.0   27.5   28.0   28.5   29.0   29.5   30.0   30.5   31.0   31.5   32.0   32.5   33.0   33.5   34.0   34.5   35.0   35.5   36.0   36.5   37.0   37.5   38.0   38.5   39.0   39.5   40.0   40.5   41.0   41.5   42.0   42.5   43.0   43.5   44.0   44.5   45.0   45.5   46.0   46.5   47.0   47.5   48.0   48.5   49.0   49.5   50.0   50.5   51.0   51.5   52.0   52.5   53.0   53.5   54.0   54.5   55.0   
U27   -0.002633664611118014   -0.003772678215285565   -0.0027130323068513726   -0.003906346276585523   -0.0027825227886898386   -0.004036210871260789   -0.0028401331399955823   -0.004160786061172172   -0.0028836182042206375   -0.004277584449861561   -0.0029064847516312394   -0.004382148222911384   -0.002901997312583486   -0.004469018107585146   -0.0028596730734071368   -0.004528882616504127   -0.0027657988549042475   -0.004552325391673717   -0.0026002731187590015   -0.004520343849132086   -0.0023330447408231557   -0.004409994568998466   -0.0019185562423444772   -0.004175172095521173   -0.0012731278313872305   -0.0037386587306103597   -0.0002558329488265117   -0.0029611650100267494   0.0014015136925214949   -0.0015543431992854407   0.004288934383922264   0.0011735070361446867   0.009897947315959369   0.007226368159253995   0.023136038031714042   0.025092334227456017   0.07052997686196363   0.14143585037652476   0.6267332016493361   1.0   0.5060795301575665   0.5394251091046158   0.47741137634174136   0.07882251905892486   0.02402680881695751   0.08827687692878118   0.18610737850507858   0.273764017049384   0.3655403842613534   0.39231766919661054   0.3655847817640096   0.3131541766688067   0.353481223592845   0.29824750954481893   0.09887270312494978   -0.27738386926506603   -0.4907313483434718   0.022230915495493154   0.36490118671113836   0.22912071131791706   -0.24748527571125586   -0.3179428649039253   -0.27188791949076097   -0.2007409809467152   -0.1318178000355769   -0.12648440993022683   -0.1664551462729828   -0.23195433237675245   -0.21757745531291695   -0.13189193429409118   -0.10589336697462387   -0.04009352814299381   0.03395354324329672   0.05919860958130598   0.0409697556876172   0.030599049982073443   0.017636963260246125   -0.02309775875447234   -0.016074169535944635   0.03653876056820695   -0.003492769930306195   
T_sec   15.0   15.5   16.0   16.5   17.0   17.5   18.0   18.5   19.0   19.5   20.0   20.5   21.0   21.5   22.0   22.5   23.0   23.5   24.0   24.5   25.0   25.5   26.0   26.5   27.0   27.5   28.0   28.5   29.0   29.5   30.0   30.5   31.0   31.5   32.0   32.5   33.0   33.5   34.0   34.5   35.0   35.5   36.0   36.5   37.0   37.5   38.0   38.5   39.0   39.5   40.0   40.5   41.0   41.5   42.0   42.5   43.0   43.5   44.0   44.5   45.0   45.5   46.0   46.5   47.0   47.5   48.0   48.5   49.0   49.5   50.0   50.5   51.0   51.5   52.0   52.5   53.0   53.5   54.0   54.5   55.0   
U28   -0.004211867748305244   -0.0038387320717528737   -0.004340754129232114   -0.003940439908401854   -0.0044605116460217555   -0.004029069952561003   -0.004567707502777357   -0.004100384467710417   -0.004659091195067165   -0.0041505481876417385   -0.004729551416427375   -0.004170721056385037   -0.0047706884685810155   -0.0041505289114870374   -0.004772386255302707   -0.00407620268197907   -0.004715619995076324   -0.003919908272314473   -0.004572122380104263   -0.0036463612333763563   -0.004301322508782777   -0.003197303406179095   -0.003833508601766612   -0.0024712328420361594   -0.003044044145361486   -0.0012900938176195222   -0.001703971224834437   0.0007020439023474746   0.0006831430792240643   0.004314095207437329   0.005357440319969631   0.011765102833698925   0.01629744693983029   0.03156207731434184   0.05402577982579157   0.13697772891065066   0.42986192027641285   0.9859944314393859   1.0   0.6651472605995118   0.5523173851778527   0.0502309502713089   -0.023597246519801406   0.11040893891768117   0.23617271848701712   0.3504175220482428   0.3942611619855235   0.4327585606167436   0.369331184009518   0.2855901403738303   0.25021869980401706   0.237623722163701   0.21494791005848904   0.20397065711182466   0.027059747676478136   -0.33782046693027756   -0.4691026686568806   0.019421526866846194   0.3023451022016868   0.35952147704653903   0.12376073430066202   -0.3526875077995877   -0.3389212784689819   -0.2607007250163895   -0.21609805788672778   -0.2363476319541935   -0.27249368670322266   -0.2231609465736508   -0.2069656210284929   -0.17978105986336837   -0.054086416708276235   0.019847905706058443   0.07282724353014267   0.08463484344986225   0.04746873591338527   0.030417471439702023   -0.031718573767517765   -0.04556358741867647   0.003261403677848929   0.020675858648757216   0.015238568351962925   
T_sec   15.0   15.5   16.0   16.5   17.0   17.5   18.0   18.5   19.0   19.5   20.0   20.5   21.0   21.5   22.0   22.5   23.0   23.5   24.0   24.5   25.0   25.5   26.0   26.5   27.0   27.5   28.0   28.5   29.0   29.5   30.0   30.5   31.0   31.5   32.0   32.5   33.0   33.5   34.0   34.5   35.0   35.5   36.0   36.5   37.0   37.5   38.0   38.5   39.0   39.5   40.0   40.5   41.0   41.5   42.0   42.5   43.0   43.5   44.0   44.5   45.0   45.5   46.0   46.5   47.0   47.5   48.0   48.5   49.0   49.5   50.0   50.5   51.0   51.5   52.0   52.5   53.0   53.5   54.0   54.5   55.0   
U29   -0.004175940715523205   -0.004270249610066486   -0.004309198144427899   -0.004397509777438001   -0.004432685615087867   -0.0045129387040651345   -0.0045443622552937026   -0.004615650067406571   -0.004640353316882622   -0.004699130561965829   -0.004714763589772685   -0.004758659937619304   -0.004759575350511549   -0.004780304850542464   -0.0047582371082312315   -0.00474842054269889   -0.004692692954107892   -0.004641714862806748   -0.004535405658489987   -0.004424673678342649   -0.0042381027049879375   -0.004038140785584691   -0.003722604017353697   -0.0033877753062851036   -0.0028582527967893397   -0.0022998405054092336   -0.0013821289762919202   -0.00041457247197589645   0.0012746796709634989   0.003104946298737272   0.006569116137573205   0.010659065892836736   0.019313994962404216   0.032173078951201896   0.06597166517834492   0.16852118761794474   0.603590945694126   1.0   0.8305495882543998   0.6855783448072549   0.2925855253921218   -0.022871752102225335   0.01984735975485628   0.14109255082621472   0.27907477727865954   0.34259720237068925   0.3959520990273173   0.37976060318456084   0.30415931575778565   0.23732244770798092   0.21626911250357156   0.1733900180727401   0.17359736639025872   0.15232937107676783   -0.007701072652415685   -0.36132919197638047   -0.3983575799461178   0.010007883566773498   0.23083020958011802   0.3029765751078968   0.08852490252051133   -0.25047963742554763   -0.30738448506458804   -0.25019395617660034   -0.2144387242560025   -0.2504634190524612   -0.2420024716033344   -0.19629301015507375   -0.18265649922672994   -0.12555511853745716   -0.03331699829476957   0.02943635874509493   0.060409979470436914   0.04974556577676335   0.030509632764476734   0.0067014131387496505   -0.04499849518889713   -0.045529555286115464   -0.008190383610275962   0.008967383256709842   0.005545240369988024   
T_sec   15.0   15.5   16.0   16.5   17.0   17.5   18.0   18.5   19.0   19.5   20.0   20.5   21.0   21.5   22.0   22.5   23.0   23.5   24.0   24.5   25.0   25.5   26.0   26.5   27.0   27.5   28.0   28.5   29.0   29.5   30.0   30.5   31.0   31.5   32.0   32.5   33.0   33.5   34.0   34.5   35.0   35.5   36.0   36.5   37.0   37.5   38.0   38.5   39.0   39.5   40.0   40.5   41.0   41.5   42.0   42.5   43.0   43.5   44.0   44.5   45.0   45.5   46.0   46.5   47.0   47.5   48.0   48.5   49.0   49.5   50.0   50.5   51.0   51.5   52.0   52.5   53.0   53.5   54.0   54.5   55.0   
U30   -0.0036470734025587383   -0.0033605448362818433   -0.003745202337812481   -0.003416268532930714   -0.0038323720968888616   -0.0034553086426723817   -0.0039045369227092754   -0.003468342535613739   -0.003951590607560057   -0.0034463781651116678   -0.003969684652981547   -0.0033823742440916   -0.003948840719235891   -0.003262903908249149   -0.0038752959021134815   -0.003065020404767872   -0.00372342213208621   -0.002754695393333385   -0.003454350820630068   -0.0022758652266112317   -0.003004540026871757   -0.001540591237207814   -0.0022654349563416233   -0.00038668929472743306   -0.0010210635721039757   0.0015204435556607301   0.0012140151385324892   0.004954141148918997   0.005641825071688994   0.012027931423340387   0.016150415634010287   0.03108561723250624   0.05344393360122539   0.14071181510994923   0.4248921550054038   0.8620177290023758   1.0   0.7913683127847944   0.16085771465531046   -0.1253378186545986   0.05925230874651935   0.18551828836095363   0.3282949624456235   0.36122332899305964   0.36716473342238376   0.2985947893063157   0.24647093959864022   0.2129468956326365   0.17738945089490515   0.12779956055173974   0.0914473463190418   0.07609037133006732   0.09533704805687696   0.0837920219715479   -0.042118839086545755   -0.3340043852785095   -0.3144109062724174   0.0787745725876224   0.24111788244553334   0.2979428899015887   0.2519392417361043   -0.05052093400516224   -0.38796766956938533   -0.3792852436144698   -0.3056054372085268   -0.23639506188235732   -0.17535277613003897   -0.09506264307592303   -0.0784138014475204   -0.09129702230999244   -0.06425459210341865   -0.006503776076443959   0.05595574437021231   0.06488090685061446   0.03975584495709412   0.014047532388518455   -0.03242707586228284   -0.04936253094894232   0.0005356112028273212   0.025927261750815934   0.00818618316074288   
T_sec   15.0   15.5   16.0   16.5   17.0   17.5   18.0   18.5   19.0   19.5   20.0   20.5   21.0   21.5   22.0   22.5   23.0   23.5   24.0   24.5   25.0   25.5   26.0   26.5   27.0   27.5   28.0   28.5   29.0   29.5   30.0   30.5   31.0   31.5   32.0   32.5   33.0   33.5   34.0   34.5   35.0   35.5   36.0   36.5   37.0   37.5   38.0   38.5   39.0   39.5   40.0   40.5   41.0   41.5   42.0   42.5   43.0   43.5   44.0   44.5   45.0   45.5   46.0   46.5   47.0   47.5   48.0   48.5   49.0   49.5   50.0   50.5   51.0   51.5   52.0   52.5   53.0   53.5   54.0   54.5   55.0   
U31   -0.0011397994346176135   -0.0050004157730404696   -0.001078537086538011   -0.005190833011963654   -0.0009851721776460045   -0.005376649694571925   -0.0008528508477609943   -0.005560028129985864   -0.0006769221875820219   -0.005741318302617108   -0.0004458671747093721   -0.00591433577209071   -0.00014041417991416202   -0.006071946924583007   0.0002633032836689273   -0.006202604502651268   0.0008028253294727812   -0.00628957344244432   0.0015293876553687386   -0.006305520596116976   0.002527912785615034   -0.006189610095922779   0.003966907470703426   -0.005807552305528745   0.006145792320502741   -0.0048937488815072264   0.00969266385356625   -0.0027736697855405613   0.01615085370717013   0.0026496907102176426   0.03060729598280174   0.020867124791724274   0.08176503839244438   0.1601261406641098   0.6094965244026831   0.8705169959328996   1.0   0.4413775822769417   -0.20528556851676202   0.00046791484720768274   0.10576064583056131   0.27795654092325073   0.32298737905051605   0.351860581471995   0.28601033012370036   0.21967106060722214   0.20735380055183503   0.17327453869918158   0.13292365729578762   0.08841754344620573   0.06400259835360388   0.04452135016447323   0.07043292014771735   0.07058790539632182   -0.021630323196106714   -0.3405489280443051   -0.2883476747914845   0.11227450361980608   0.22780076681079373   0.267393363102768   0.22589518779563972   0.007400188191357606   -0.3983167367276233   -0.3674633747479167   -0.28321678135371103   -0.19682155326343115   -0.13111720610028327   -0.04949157422561886   -0.07485827998115462   -0.07071082265357059   -0.07367808549223487   -0.002128961252912366   0.05290763000708945   0.0619861281873942   0.027277679651887446   0.014855267976520705   -0.03571403301897215   -0.04526632786762463   -0.0014351216822024203   0.03036830053567107   -0.004411178574424936   
T_sec   15.0   15.5   16.0   16.5   17.0   17.5   18.0   18.5   19.0   19.5   20.0   20.5   21.0   21.5   22.0   22.5   23.0   23.5   24.0   24.5   25.0   25.5   26.0   26.5   27.0   27.5   28.0   28.5   29.0   29.5   30.0   30.5   31.0   31.5   32.0   32.5   33.0   33.5   34.0   34.5   35.0   35.5   36.0   36.5   37.0   37.5   38.0   38.5   39.0   39.5   40.0   40.5   41.0   41.5   42.0   42.5   43.0   43.5   44.0   44.5   45.0   45.5   46.0   46.5   47.0   47.5   48.0   48.5   49.0   49.5   50.0   50.5   51.0   51.5   52.0   52.5   53.0   53.5   54.0   54.5   55.0   
U32   -0.0009760486312553312   -0.0020857388638662235   -0.0009303160056667229   -0.0020813868941731008   -0.0008653887020664923   -0.0020619895261805737   -0.0007748945226487272   -0.0020235172648809174   -0.0006599636997591269   -0.0019657307058467462   -0.0005034860804580173   -0.0018698555814573917   -0.0002862373310862596   -0.0017166998715148947   1.8382300060228913e-05   -0.0014852741987642826   0.00044528449929069505   -0.0011401789306753189   0.0010563908980195768   -0.000614758766272426   0.001961878010274047   0.00020898123466142282   0.0033725705969719104   0.001569260391451931   0.005724801274887029   0.003996319388814638   0.010073870772161273   0.008939759487249588   0.01966017840262652   0.021764267136010842   0.04956761752664479   0.08297481068377043   0.29309145791088903   0.6848179789121328   0.9790390700034455   1.0   -0.13709221871329122   -0.16013936343553334   0.1115741897285451   0.24249232740670248   0.3429632196586393   0.35440534572420196   0.2937813281550996   0.1775647709016529   0.20524441423021472   0.18870909588682291   0.14959255600761154   0.09958006614442816   0.08836316101613449   0.04334774115480632   0.01574952943444927   0.013577592311393452   0.05363230906950283   0.07832836499399441   -0.007102024506655736   -0.33255520865243066   -0.17239365176831226   0.1682638215786029   0.22301263881658925   0.2594475521422166   0.18655595355040838   0.051847798728676855   -0.3355766736034385   -0.4497893602692669   -0.256151716921401   -0.10384742772949832   -0.07030045208357541   -0.05153220796201597   -0.06577367569180065   -0.08040119568582614   -0.06118987851320012   -0.0278548426231506   0.042917296883492884   0.047730304073904904   0.051791664014120574   0.04153732362957992   -0.007351384142150769   -0.03821675681884915   -0.00040415748410065554   0.04683528765448236   0.010933782482816295   
T_sec   15.0   15.5   16.0   16.5   17.0   17.5   18.0   18.5   19.0   19.5   20.0   20.5   21.0   21.5   22.0   22.5   23.0   23.5   24.0   24.5   25.0   25.5   26.0   26.5   27.0   27.5   28.0   28.5   29.0   29.5   30.0   30.5   31.0   31.5   32.0   32.5   33.0   33.5   34.0   34.5   35.0   35.5   36.0   36.5   37.0   37.5   38.0   38.5   39.0   39.5   40.0   40.5   41.0   41.5   42.0   42.5   43.0   43.5   44.0   44.5   45.0   45.5   46.0   46.5   47.0   47.5   48.0   48.5   49.0   49.5   50.0   50.5   51.0   51.5   52.0   52.5   53.0   53.5   54.0   54.5   55.0   
U33   0.0026091292601446658   -0.000810768139882582   0.0028558588945333256   -0.0008701125105214155   0.0031426776376165255   -0.0009330809721687972   0.003480498476846949   -0.0009972109302476453   0.0038857450417215133   -0.0010609234434484159   0.004377185850329742   -0.0011212866317722781   0.004984538507092436   -0.0011716974774684235   0.005751599357334709   -0.0012041184169908825   0.006735494820184155   -0.001198236551303037   0.008067758327130506   -0.0010779718332463398   0.00997363245246155   -0.0007104662989396351   0.012901383032977274   0.0002725290971710787   0.017904739228725614   0.0030141478703844555   0.028172387699954875   0.01246231876919036   0.05889614601304864   0.07538825080313276   0.32957516207687215   0.5644849982275456   1.0   0.23587314145380323   -0.3055769821898865   0.07585924174265006   0.20114216270371219   0.30269518374142285   0.2706354422319044   0.20106340747779694   0.08936079551872639   0.1254082679505653   0.13284061897421687   0.1250962077777712   0.06519806749855822   0.07224134569417923   0.05566450422541627   0.01756434627298583   -0.020507795928128666   -0.03165959275289519   -0.016365911441594477   0.055696602304526686   0.018679372619604787   0.047696729906375704   0.015405923210983236   -0.16693198192086076   -0.09818066341928869   0.08905996841364071   0.18026952372169613   0.13249543657904722   0.02533552307766623   -0.04929416701488597   -0.028134815125918363   -0.1637479126021502   -0.17882816623012074   -0.08726955783634345   -0.06469859345268666   -0.03224423116444877   -0.014915143008797547   0.00907295180984463   -0.02098336197324783   -0.029030838545678766   -0.009422189415074153   0.025815900748206198   0.02999487570376079   0.024291805903892145   0.006156717548870528   -0.01063806372184946   0.0021650506872565338   0.029614483527295416   0.013143575061536366   
T_sec   15.0   15.5   16.0   16.5   17.0   17.5   18.0   18.5   19.0   19.5   20.0   20.5   21.0   21.5   22.0   22.5   23.0   23.5   24.0   24.5   25.0   25.5   26.0   26.5   27.0   27.5   28.0   28.5   29.0   29.5   30.0   30.5   31.0   31.5   32.0   32.5   33.0   33.5   34.0   34.5   35.0   35.5   36.0   36.5   37.0   37.5   38.0   38.5   39.0   39.5   40.0   40.5   41.0   41.5   42.0   42.5   43.0   43.5   44.0   44.5   45.0   45.5   46.0   46.5   47.0   47.5   48.0   48.5   49.0   49.5   50.0   50.5   51.0   51.5   52.0   52.5   53.0   53.5   54.0   54.5   55.0   
U34   0.002109491717352296   0.001522274190518806   0.002293455323774475   0.0016459912944491808   0.0025081010855763745   0.00179328774471671   0.0027611103187576034   0.001971617250951596   0.0030636435413635885   0.0021921373153803076   0.0034336843180373267   0.0024694415336564144   0.0038845187939294565   0.0028152228063447124   0.0044609614756965415   0.003296075246216374   0.005240231595816852   0.003987351110356751   0.006338078260984936   0.0050430987574883014   0.007990875570195025   0.0067914258162908945   0.010720554744882883   0.010019413581534879   0.01586824812014673   0.017121694001279896   0.028168062922441405   0.03896840942602264   0.08021950324879454   0.20495083048508228   0.5306218822771004   0.9266274195612734   1.0   -0.09380455624312596   -0.22892879771890903   0.20646064294236038   0.3285121754090448   0.37717878233392566   0.29778364703803517   0.17551273962846117   0.11833663461970483   0.1620230970677013   0.16767107027334713   0.12655173448930554   0.08177646916624068   0.08745009467655086   0.060132027106086526   0.0014774988618823227   -0.029048186456493073   -0.04011006429953644   0.017406049088630554   0.05577478070717595   0.03090751591896679   0.08319107913040716   0.017673430765142294   -0.20069671979168993   -0.11637795998465374   0.11480343157102327   0.22038738548466144   0.167682830132699   0.025701867048379637   -0.03423629007166449   -0.0022135546386035255   -0.16845633901308613   -0.2447376485306436   -0.13417860590939457   -0.07672675824081682   -0.028645896138016762   -0.005773575404997718   0.004446832456925363   -0.03574506850499787   -0.039848917854013614   -0.012543905311389578   0.016054032067333267   0.03910639422616648   0.048158714840717626   0.020810293698376985   -0.003415047557169913   0.008191764930173519   0.0356385582742292   0.02137054088447913   
T_sec   15.0   15.5   16.0   16.5   17.0   17.5   18.0   18.5   19.0   19.5   20.0   20.5   21.0   21.5   22.0   22.5   23.0   23.5   24.0   24.5   25.0   25.5   26.0   26.5   27.0   27.5   28.0   28.5   29.0   29.5   30.0   30.5   31.0   31.5   32.0   32.5   33.0   33.5   34.0   34.5   35.0   35.5   36.0   36.5   37.0   37.5   38.0   38.5   39.0   39.5   40.0   40.5   41.0   41.5   42.0   42.5   43.0   43.5   44.0   44.5   45.0   45.5   46.0   46.5   47.0   47.5   48.0   48.5   49.0   49.5   50.0   50.5   51.0   51.5   52.0   52.5   53.0   53.5   54.0   54.5   55.0   
U35   0.0043112742032047355   0.0010894714127964798   0.0046231965994323245   0.0010968437873611942   0.004983249011343945   0.001106888031992475   0.00540387658612569   0.0011194308673582291   0.005908733864433311   0.0011362755571618314   0.006518918344675021   0.001164299377075002   0.007282300123536711   0.0012187124786290104   0.00826305329183133   0.0013227838761400421   0.009578616629239999   0.0015285793972281009   0.011432702317833538   0.001949429969653208   0.014233616317341912   0.0028752899441600397   0.018939912990087425   0.005177083608019997   0.028281175835249153   0.012343513323624874   0.05394190083167817   0.05071225154912673   0.23361423803291267   0.4684386646402336   1.0   0.5110404009423644   -0.27281977546687003   -0.009899370775802897   0.24664226159469602   0.34546202604679155   0.27773519973757804   0.17686583342799517   0.09156799098806596   0.10467774934370684   0.12922612831607275   0.1330383110821592   0.07633683572632312   0.0694325737885635   0.07477431173968463   0.044888516807077235   -0.010558649069783547   -0.03487632720916866   -0.03759330139864425   0.03798878928237257   0.006760936671391075   0.01760007119684359   0.09920837439229599   0.08581466754976079   -0.051483161942539865   -0.16475762981059372   -0.06682857625941323   0.09368813509763982   0.19256400224263426   0.09091309483824037   0.04537527916325107   0.02598956112030267   0.0049378847871048   -0.07380974055350666   -0.21354202956745214   -0.1288791815095836   -0.036909666971838714   0.009810787636694506   -0.0008728388340719764   -0.020468079086246763   -0.028454655125565127   -0.007666983640149054   -0.017753493702809653   -0.020884312277080087   0.029436967549718702   0.05073656484209697   0.02385073645613405   -0.003104456002255281   0.00011915869056459073   0.029366617993669727   0.00580551406721734   
T_sec   15.0   15.5   16.0   16.5   17.0   17.5   18.0   18.5   19.0   19.5   20.0   20.5   21.0   21.5   22.0   22.5   23.0   23.5   24.0   24.5   25.0   25.5   26.0   26.5   27.0   27.5   28.0   28.5   29.0   29.5   30.0   30.5   31.0   31.5   32.0   32.5   33.0   33.5   34.0   34.5   35.0   35.5   36.0   36.5   37.0   37.5   38.0   38.5   39.0   39.5   40.0   40.5   41.0   41.5   42.0   42.5   43.0   43.5   44.0   44.5   45.0   45.5   46.0   46.5   47.0   47.5   48.0   48.5   49.0   49.5   50.0   50.5   51.0   51.5   52.0   52.5   53.0   53.5   54.0   54.5   55.0   
U36   0.0033778170023818985   0.004763753963039968   0.003553004966088929   0.005067525775711177   0.0037545609586891538   0.0054207165618904195   0.003992853865642929   0.005836917712921668   0.004279505232601562   0.006339289971527063   0.004636440843801129   0.006964076848630654   0.005100139026092842   0.007770173974736563   0.0057342462672829615   0.008858267802685312   0.0066594312123229235   0.010420531468348733   0.008114835639338026   0.012852867544266565   0.010697138165103598   0.017165972426208393   0.016035817291502864   0.026410694854995788   0.03064274451728793   0.05640773970869539   0.11262715204557583   0.31471317026077955   0.7297851069125636   1.0   0.34704478835326596   -0.18245339826690055   0.0803655875648574   0.3682060896363612   0.4002985896017477   0.2502440673506314   0.149113013241867   0.10212928313274984   0.12115272489851373   0.14419948940948482   0.1314757923421609   0.08411516079026476   0.0824216370806837   0.08402459536647999   0.04406699313817141   -0.018411985856094895   -0.04668947688736574   -0.020214030722684784   0.025284838519695506   0.0014672265736083605   0.030197818288538764   0.09557539724980743   0.0886879938621887   0.03406983498616309   -0.055235734504404804   -0.149265002204826   -0.07536581089279064   0.09497344676797101   0.20708082672429345   0.18203533759639703   0.06986246807552313   -0.001590523958039451   -0.011584368293423524   -0.04558158776745912   -0.14341851221844065   -0.15663572005021434   -0.04677909079742047   -0.011156093551516455   -0.018993089434695732   -0.01678749789621431   -0.009748443644913271   -0.022380856306271252   -0.026884331272249384   -0.025974267496081397   -0.0005090145310534248   0.03785233264015847   0.035732782417525935   0.006817003427805702   0.010608922366770829   0.02109814907924189   0.017193981699668896   
T_sec   15.0   15.5   16.0   16.5   17.0   17.5   18.0   18.5   19.0   19.5   20.0   20.5   21.0   21.5   22.0   22.5   23.0   23.5   24.0   24.5   25.0   25.5   26.0   26.5   27.0   27.5   28.0   28.5   29.0   29.5   30.0   30.5   31.0   31.5   32.0   32.5   33.0   33.5   34.0   34.5   35.0   35.5   36.0   36.5   37.0   37.5   38.0   38.5   39.0   39.5   40.0   40.5   41.0   41.5   42.0   42.5   43.0   43.5   44.0   44.5   45.0   45.5   46.0   46.5   47.0   47.5   48.0   48.5   49.0   49.5   50.0   50.5   51.0   51.5   52.0   52.5   53.0   53.5   54.0   54.5   55.0   
U37   0.004702048919439623   0.00511117495967763   0.004959146371449921   0.00542917318961767   0.005256099693142888   0.005799218630769764   0.0056032640585704134   0.00624327644572631   0.006038601578693817   0.006807152628996618   0.006585134908755546   0.007515341723073829   0.007290544051062749   0.008452466188896716   0.00826065438218932   0.009773849483426973   0.009695996741983882   0.011792412987406317   0.012044728967171956   0.015250832892756859   0.016493210171878565   0.02232617842013329   0.027139170591405855   0.04221913320230814   0.06883936834334241   0.1738801030846729   0.4779963968132709   1.0   0.6470312855680315   0.024990111394399547   -0.014066905730295164   0.2991570452216746   0.43598921812799046   0.27262819239874997   0.15041718403096507   0.10076622013039076   0.09706183083682624   0.12249117164718867   0.12940200148095723   0.09129138219347634   0.07284731058321699   0.08676726563417352   0.07002748411603052   0.013239727018292572   -0.045001593134665896   -0.04327476706687036   0.0054405302133324635   -0.005979603047629669   -0.0049064878064875046   0.051440132176818455   0.0725223371295182   0.04796778206277161   0.04022502923649075   0.03105349551772173   -0.05628539237085355   -0.15244460065696236   -0.09252997675317236   0.1560867349378004   0.2730301361713143   0.1449231161374903   0.006368943336989416   -0.029035986832758005   -0.005415628185700648   0.021149535860536885   -0.03559056254634351   -0.1281927053104734   -0.10447445779267399   -0.03470010086831951   -0.0008414291704690318   -0.01369124935678796   -0.030492681114492038   -0.024103719075243946   -0.013751742961350837   -0.019766411018437697   -0.021835742202626674   0.0057947966847663535   0.025657810954641473   -0.004249172529158935   -0.017392369441166827   0.00963034028867077   0.04009491181729085   
T_sec   15.0   15.5   16.0   16.5   17.0   17.5   18.0   18.5   19.0   19.5   20.0   20.5   21.0   21.5   22.0   22.5   23.0   23.5   24.0   24.5   25.0   25.5   26.0   26.5   27.0   27.5   28.0   28.5   29.0   29.5   30.0   30.5   31.0   31.5   32.0   32.5   33.0   33.5   34.0   34.5   35.0   35.5   36.0   36.5   37.0   37.5   38.0   38.5   39.0   39.5   40.0   40.5   41.0   41.5   42.0   42.5   43.0   43.5   44.0   44.5   45.0   45.5   46.0   46.5   47.0   47.5   48.0   48.5   49.0   49.5   50.0   50.5   51.0   51.5   52.0   52.5   53.0   53.5   54.0   54.5   55.0   
U38   0.0030467190145135508   0.006112739727064958   0.0032259016549543006   0.00662664985145462   0.003430502745441671   0.007242433084192357   0.003677134077876307   0.0079886406942408   0.003984965675465473   0.008931384216794253   0.004401054425845664   0.010176090705102742   0.005004377087794749   0.011904494394000128   0.005948157921630502   0.014474223392518923   0.007586503283721218   0.018679632906632184   0.01085430198157665   0.026704512754642216   0.018959070310100162   0.0467273450367981   0.04942867560806604   0.14516082306225314   0.3594354224726168   1.0   0.807769067763527   0.171086730901729   0.08989410587127813   0.2936307154068694   0.4630673042296588   0.2593114069329065   0.14689345720374045   0.09272371016980185   0.09262611750882771   0.10621400682840675   0.12657858749965517   0.08825017847536953   0.07557747169077964   0.08751882400577735   0.08680387163644529   0.03284730514146986   -0.032306612969496884   -0.05644135052014305   -0.00386844766960826   -0.020847180116862266   -0.020214261704721688   0.03107742078745805   0.06458697215620612   0.04079207976128272   0.028171746520485222   0.042043454236938706   0.05484832741914596   0.002729351156409431   -0.12415315536564454   -0.13278726877992547   0.017196478545021064   0.23725233398054058   0.2598611215050469   0.08057168307282041   -0.0011261293794563587   0.0035465141012560744   0.03800496675657969   0.0387323986969881   -0.005295535820580309   -0.13274458217795757   -0.15785125972468406   -0.07318255581879912   -0.031173090333294694   -0.0328712811065047   -0.017795117528880244   -0.002565765859597431   -0.005203676190706507   -0.022541111669368768   -0.037063703267303086   -0.03958510109417142   -0.01220792024535161   -0.015366808710241358   0.006142355144799405   0.054603671943829715   0.068042174865678   
T_sec   15.0   15.5   16.0   16.5   17.0   17.5   18.0   18.5   19.0   19.5   20.0   20.5   21.0   21.5   22.0   22.5   23.0   23.5   24.0   24.5   25.0   25.5   26.0   26.5   27.0   27.5   28.0   28.5   29.0   29.5   30.0   30.5   31.0   31.5   32.0   32.5   33.0   33.5   34.0   34.5   35.0   35.5   36.0   36.5   37.0   37.5   38.0   38.5   39.0   39.5   40.0   40.5   41.0   41.5   42.0   42.5   43.0   43.5   44.0   44.5   45.0   45.5   46.0   46.5   47.0   47.5   48.0   48.5   49.0   49.5   50.0   50.5   51.0   51.5   52.0   52.5   53.0   53.5   54.0   54.5   55.0   
U39   0.0056733600801598455   0.005219706790083946   0.006080271754287463   0.005581537500231329   0.006569773636624816   0.006020719627365492   0.007169577239071549   0.0065683317653855815   0.00792183354275635   0.007274977887038351   0.008927663523251165   0.008257803191838055   0.01033520754083354   0.009713694450728363   0.012477285868778087   0.012093909150375351   0.016076535097019392   0.016527180669524803   0.023171765649323592   0.026792276680051158   0.041732128655363514   0.06306337428013759   0.14063518335239783   0.41655617368619585   1.0   0.7563050603925175   0.1867414763434907   0.20299648614932075   0.36921671866517713   0.4058547352319012   0.22092944057629066   0.12075097577455035   0.0891498206100125   0.08114589948448597   0.10436001344890129   0.10838806936398188   0.0770187342235127   0.06966115609402687   0.08855913224150583   0.0776328052430432   0.02813441105391542   -0.03761719587401584   -0.05259907940311093   -0.01388462636420218   -0.03526985982971645   -0.030359868905508704   0.02847287117625296   0.0503462595817345   0.028260740772578816   0.020883223672243097   0.037108154677613275   0.04803462952093987   0.015198024671307885   -0.049057290212985126   -0.07322184571469238   -0.06765503253857724   0.032920546635866806   0.2116887344132137   0.21825320145609908   0.07918221572490437   0.00910847458042984   0.022342663701566273   0.017212075499434234   -0.010052049543247196   -0.02296532787099668   -0.07775880302973599   -0.14119454155291064   -0.10046835434173665   -0.03630465094322544   -0.01499540699672727   -0.0046874843542022825   0.0020729926279673743   -0.0035537514486496087   -0.011846336935813466   -0.04091410698078464   -0.06721679585799643   -0.06020035128252084   -0.020485035521660006   0.008743091313463389   0.03221643468789128   0.039613987114118156   
T_sec   15.0   15.5   16.0   16.5   17.0   17.5   18.0   18.5   19.0   19.5   20.0   20.5   21.0   21.5   22.0   22.5   23.0   23.5   24.0   24.5   25.0   25.5   26.0   26.5   27.0   27.5   28.0   28.5   29.0   29.5   30.0   30.5   31.0   31.5   32.0   32.5   33.0   33.5   34.0   34.5   35.0   35.5   36.0   36.5   37.0   37.5   38.0   38.5   39.0   39.5   40.0   40.5   41.0   41.5   42.0   42.5   43.0   43.5   44.0   44.5   45.0   45.5   46.0   46.5   47.0   47.5   48.0   48.5   49.0   49.5   50.0   50.5   51.0   51.5   52.0   52.5   53.0   53.5   54.0   54.5   55.0   
U40   0.002518167543969416   0.006440446868123389   0.0026760945586953608   0.007065497735626157   0.00286991609082506   0.007832965279696917   0.003128853893259551   0.008806784329528217   0.003483773042081323   0.010084437784121368   0.0040048462105182515   0.011853235929244421   0.0048417331213753455   0.014452492656048805   0.006327660816826674   0.018684859739181863   0.00936579294509557   0.026627463819451407   0.0170101972622723   0.045898133069272776   0.04561972648090113   0.1333310559046697   0.338073056363864   1.0   0.6916714205322224   0.17574639143380677   0.32236468151130476   0.3662694442220997   0.33981473066693946   0.15734828612509819   0.11963592308214957   0.06435907979509892   0.07511822419507093   0.08639601460591653   0.0962909763085632   0.05546454504116443   0.06645724707063548   0.08176964522063662   0.0720191581053276   0.02528439921952037   -0.030716817686409433   -0.05400249354995122   -0.00982248117965934   -0.05241657257566814   -0.037162332623989984   0.02531356513049404   0.039902441701529234   0.016779881203355176   0.020397696404194064   0.0346681928998666   0.04085853901082611   0.013031459018987546   -0.037321265242584986   -0.0057083860449402305   -0.032306117842049106   -0.059470476010006296   0.03233591565656954   0.21199123649647034   0.21143693236234662   0.061842546866239426   0.016878567447966043   -0.006087910064978296   -0.02299809985112208   -0.024388618812441188   -0.00667370121268237   -0.05397632073858847   -0.1341023293289417   -0.10610837958416044   -0.02927796454092016   -0.008849050188957788   -0.0017261629300584314   -0.0002182515060829853   0.0051371028377697   -0.027187223108547664   -0.059844692566058996   -0.08480974474487903   -0.04542838174840709   -0.010017440433535647   -0.005655750857141006   0.006467230769188536   0.03370951600916817   
sta_location:9.594800269105399,10.17750816164621,10.73245975558304,11.00082036889347,11.967339536495572,12.261135866376309,12.891216350440457,13.414298698169286,13.922158109290285,14.45022626114821,14.705107538407379,15.492805328233455,15.980135156846888,16.43807627371055,16.54255803211285,17.466538855581266,17.72519005031792,18.04412394756687,18.69091961051442,19.051030147698746,19.71798609994805,20.3143293633457,20.764043441191863,21.36698266270103,21.877714390636175,22.33258699925905,22.851314253298742,23.290261306783258,23.961882582274647,24.083717134363166,24.815409378621297,25.001831585307453,25.552707374718544,26.497181406661436,26.65936196323281,27.14646944303507,27.619083592584907,28.180261577230677,28.831845530145173,29.227663682760333,29.58703516298598,
rebuild_index:0,1,2,3,4,5,6,7,8,9,10,11,12,13,14,15,16,17,18,19,20,21,22,23,24,25,26,27,28,29,30,31,32,33,34,35,36,37,38,39,40,
use_index:0,1,2,3,4,5,6,7,8,9,10,11,12,13,14,15,16,17,18,19,20,21,22,23,24,25,26,27,28,29,30,31,32,33,34,35,36,37,38,39,40,
rebuild_locdata:9.594800269105399,10.17750816164621,10.73245975558304,11.00082036889347,11.967339536495572,12.261135866376309,12.891216350440457,13.414298698169286,13.922158109290285,14.45022626114821,14.705107538407379,15.492805328233455,15.980135156846888,16.43807627371055,16.54255803211285,17.466538855581266,17.72519005031792,18.04412394756687,18.69091961051442,19.051030147698746,19.71798609994805,20.3143293633457,20.764043441191863,21.36698266270103,21.877714390636175,22.33258699925905,22.851314253298742,23.290261306783258,23.961882582274647,24.083717134363166,24.815409378621297,25.001831585307453,25.552707374718544,26.497181406661436,26.65936196323281,27.14646944303507,27.619083592584907,28.180261577230677,28.831845530145173,29.227663682760333,29.58703516298598,
cut_start_time:15---cut_windows:40---reduction_v:10---move_time_window_all:0.0
move_time_window:0.0,0.0,0.0,0.0,0.0,0.0,0.0,0.0,0.0,0.0,0.0,0.0,0.0,0.0,0.0,0.0,0.0,0.0,0.0,0.0,0.0,0.0,0.0,0.0,0.0,0.0,0.0,0.0,0.0,0.0,0.0,0.0,0.0,0.0,0.0,0.0,0.0,0.0,0.0,0.0,0.0,
sta_noise_mean:0,0,0,0,0,0,0,0,0,0,0,0,0,0,0,0,0,0,0,0,0,0,0,0,0,0,0,0,0,0,0,0,0,0,0,0,0,0,0,0,0,
sta_noise_sigma:0,0,0,0,0,0,0,0,0,0,0,0,0,0,0,0,0,0,0,0,0,0,0,0,0,0,0,0,0,0,0,0,0,0,0,0,0,0,0,0,0,
add_noise_region_move_range:0,0,0,0,0,0,0,0,0,0,0,0,0,0,0,0,0,0,0,0,0,0,0,0,0,0,0,0,0,0,0,0,0,0,0,0,0,0,0,0,0,