T_sec   15.0   15.5   16.0   16.5   17.0   17.5   18.0   18.5   19.0   19.5   20.0   20.5   21.0   21.5   22.0   22.5   23.0   23.5   24.0   24.5   25.0   25.5   26.0   26.5   27.0   27.5   28.0   28.5   29.0   29.5   30.0   30.5   31.0   31.5   32.0   32.5   33.0   33.5   34.0   34.5   35.0   35.5   36.0   36.5   37.0   37.5   38.0   38.5   39.0   39.5   40.0   40.5   41.0   41.5   42.0   42.5   43.0   43.5   44.0   44.5   45.0   45.5   46.0   46.5   47.0   47.5   48.0   48.5   49.0   49.5   50.0   50.5   51.0   51.5   52.0   52.5   53.0   53.5   54.0   54.5   55.0   
U0   0.0019243201336229302   0.004408761694821416   0.0019000357629981657   0.004549663336693475   0.0018749184462396584   0.0047068740740749656   0.001838489214029823   0.004852625421900997   0.001757905615362649   0.004966922562277255   0.0016110698703093256   0.005047423525771679   0.0014251066820497673   0.0051303554399049975   0.0012167561181985146   0.005227139301291156   0.000973938404474053   0.005332931501638092   0.0006905800395747722   0.0054239164479299665   0.0003055761690392578   0.0055065455092230455   -7.897761426853004e-05   0.005718189983740613   -0.0004320848550418811   0.006044214708223037   -0.0007982708316925128   0.006499522015594121   -0.0011719240770981746   0.007147345757271198   -0.001538472572982389   0.008074535734391595   -0.0018912420451844603   0.0094163315334398   -0.0022161453330014668   0.011387554080768582   -0.002486903868199755   0.014464693199108352   -0.0024735751896524747   0.019961405598569536   -0.0010039046908642722   0.03241566735236285   0.009318757731289344   0.07986360703468849   0.16330973402221968   1.0   0.6716990038449302   0.048353132866971044   0.025713436459287038   -0.02451838862706568   0.03842863062518068   0.04317212375737696   0.27083417449148234   0.4530046804019036   0.2620175500470258   -0.2781454119062637   -0.3897584529637473   -0.33952896827693485   -0.22509877581441262   -0.07923392693040342   0.09158081185644854   0.0881088480831356   0.05670234276400534   0.10451986774845565   0.09997324249744838   0.10801828002035875   0.16142411217606417   0.15635028409399968   0.12313529736926287   -0.028696963973770126   -0.146813066354666   -0.17093134267798557   -0.175116627208889   -0.22214270434297823   -0.1195942374654836   -0.04182456231855226   0.022993648878041093   0.021771767413446757   0.023902042645519414   -0.020394650039243303   -0.06660138889846179   
T_sec   15.0   15.5   16.0   16.5   17.0   17.5   18.0   18.5   19.0   19.5   20.0   20.5   21.0   21.5   22.0   22.5   23.0   23.5   24.0   24.5   25.0   25.5   26.0   26.5   27.0   27.5   28.0   28.5   29.0   29.5   30.0   30.5   31.0   31.5   32.0   32.5   33.0   33.5   34.0   34.5   35.0   35.5   36.0   36.5   37.0   37.5   38.0   38.5   39.0   39.5   40.0   40.5   41.0   41.5   42.0   42.5   43.0   43.5   44.0   44.5   45.0   45.5   46.0   46.5   47.0   47.5   48.0   48.5   49.0   49.5   50.0   50.5   51.0   51.5   52.0   52.5   53.0   53.5   54.0   54.5   55.0   
U1   0.0047462926354072225   0.0052682678690108885   0.0047190069450593975   0.005273540323282656   0.00468527738634392   0.005274742349205333   0.004634077104639224   0.005250204155685677   0.004538248409380778   0.005175333915472808   0.004397780718056667   0.005106181397403844   0.0042981345832605045   0.005090839211281494   0.004229378341533948   0.005106705051723556   0.00418198448415207   0.005158053569795082   0.0041649382155141456   0.005263666557551006   0.0041931055095054525   0.005432053241025627   0.004266894123774556   0.0056731744473387915   0.004387905914890777   0.005984094922556403   0.0045413864580469455   0.006369009799701527   0.00473012693217935   0.006858484370784044   0.004983964513476367   0.007517811032784546   0.005337010884957102   0.008424764836245206   0.0058202407440208215   0.009708735562189583   0.006537127093638704   0.011768548857992833   0.007889993940622862   0.015705448043172907   0.01114479791946554   0.025298420443696516   0.02228655287265404   0.06221591171546733   0.11494759176278141   0.6475725288611744   1.0   0.45084495246789075   0.08076661759607305   0.06336406799297149   0.07777294664666003   0.14465459942145217   0.38256176826159993   0.4588050357169169   -0.02408886038334016   -0.4117505580536736   -0.3600474157860741   -0.25550362360968515   -0.09842709298412304   0.07050186452503879   0.13284809647238013   0.12004740407658064   0.0862250699054869   0.09832840339463986   0.1105314225438691   0.11398401499658176   0.135497507569579   0.029685995842899493   -0.11487806716995126   -0.16528800531806329   -0.1647479887594227   -0.15198761268950223   -0.1377096138005938   -0.12793063873563582   -0.04351566044167748   0.02718286649408725   0.022207201319577687   -0.012914169136515642   -0.052610655117807714   -0.08909266921562917   -0.10669660749380344   
T_sec   15.0   15.5   16.0   16.5   17.0   17.5   18.0   18.5   19.0   19.5   20.0   20.5   21.0   21.5   22.0   22.5   23.0   23.5   24.0   24.5   25.0   25.5   26.0   26.5   27.0   27.5   28.0   28.5   29.0   29.5   30.0   30.5   31.0   31.5   32.0   32.5   33.0   33.5   34.0   34.5   35.0   35.5   36.0   36.5   37.0   37.5   38.0   38.5   39.0   39.5   40.0   40.5   41.0   41.5   42.0   42.5   43.0   43.5   44.0   44.5   45.0   45.5   46.0   46.5   47.0   47.5   48.0   48.5   49.0   49.5   50.0   50.5   51.0   51.5   52.0   52.5   53.0   53.5   54.0   54.5   55.0   
U2   0.0045131477546386705   0.004107403933222992   0.004485182169826736   0.004064794491541021   0.004482529729293018   0.00403711455797867   0.0044944222528771165   0.004021790426960047   0.004527210230112342   0.004028604195452985   0.004585912890816545   0.004055238520549462   0.004671989676039118   0.004109759695500048   0.004788872193214586   0.004181054363621452   0.004924204639799223   0.004267278539862476   0.005085195407184969   0.004373451454040974   0.005280640509147089   0.004511800727366736   0.005518004699745398   0.004674516429257061   0.005781027211144815   0.004841304645251585   0.006060399304234333   0.005011307473491675   0.0063688219580805725   0.005202501485529675   0.006740877688593843   0.005463668984870817   0.007250149218221861   0.005880403319983652   0.008004456608799754   0.006580473290640786   0.00919142495280975   0.007856148806392916   0.011259541981141106   0.010472564015141766   0.015423967748592032   0.016955386131448296   0.026195731400507488   0.04019161936660244   0.07510715178372242   0.28470198775595706   1.0   0.8231928082047973   0.2584599527898008   0.11862315332261116   0.13448353535333266   0.19936253808932553   0.45243789746393387   0.3518174208741625   -0.20871679589127262   -0.39498063539027395   -0.27759784928408177   -0.12183990007054192   0.014454025241529127   0.11748461019145331   0.13445873033850314   0.12937977820075947   0.1193209447618786   0.11633783678587349   0.12347167194508941   0.018607024612225166   -0.11611643635369107   -0.1473859038055809   -0.1457643969470925   -0.1546110880032016   -0.11470997074105159   -0.04730154966649384   -0.02211719934939674   -0.03408688164625511   -0.06395988218197304   -0.048082291205470175   -0.05444964939325018   -0.059515169182669705   -0.06953506323870783   -0.07163225207836255   -0.09016199420588088   
T_sec   15.0   15.5   16.0   16.5   17.0   17.5   18.0   18.5   19.0   19.5   20.0   20.5   21.0   21.5   22.0   22.5   23.0   23.5   24.0   24.5   25.0   25.5   26.0   26.5   27.0   27.5   28.0   28.5   29.0   29.5   30.0   30.5   31.0   31.5   32.0   32.5   33.0   33.5   34.0   34.5   35.0   35.5   36.0   36.5   37.0   37.5   38.0   38.5   39.0   39.5   40.0   40.5   41.0   41.5   42.0   42.5   43.0   43.5   44.0   44.5   45.0   45.5   46.0   46.5   47.0   47.5   48.0   48.5   49.0   49.5   50.0   50.5   51.0   51.5   52.0   52.5   53.0   53.5   54.0   54.5   55.0   
U3   0.0069767143008732015   0.0027055337856819323   0.007095745567235118   0.0025957591403598782   0.007241143479780756   0.0024915044515044595   0.00741822170370325   0.002396318084084706   0.007634869626445215   0.0023103313412447023   0.007882952337351243   0.002218606560526197   0.008165106939474016   0.0021217570956642046   0.008486686557094437   0.0020258283428501796   0.00886340419995145   0.001927359623976804   0.009292254480173187   0.001803440359476104   0.009754361163797756   0.0016255093916148346   0.010254809930177838   0.001383447746656174   0.010801253412229428   0.0010638513736278884   0.011425494682935775   0.0006836302079312814   0.012195874294048054   0.00024393625503857307   0.013167233713836548   -0.0002749346967326811   0.014428737436960225   -0.0008821864793559227   0.016143048969277134   -0.0015905307722493987   0.01860190904112677   -0.00238988335916784   0.022427218001260928   -0.0031579608152348775   0.029160348453826482   -0.0032716470850079424   0.04367813385308612   0.0012306698625258133   0.09191103992553275   0.06769794157491414   0.6810683568341114   1.0   0.20202256611704228   0.12558630925524547   0.1327547469967382   0.20512677619755768   0.5056275156361412   0.4153590652066738   -0.3795062436859942   -0.3811386507266344   -0.2705492358327174   -0.052069230246114   0.0509951476617082   0.13819591941865011   0.14386331709158517   0.13283401959938546   0.16816679344737562   0.17259618206984667   0.12247285779329202   -0.10052888920922318   -0.2400925877588501   -0.15049289635301444   -0.16587401132038398   -0.14174432080691118   -0.09097098340696405   0.017968020717816623   -0.040842761993165014   -0.006192387455073018   -0.09493848580191797   -0.09132963961315602   -0.08104598043244711   -0.060445788508352534   -0.07808098980931949   -0.07535275371281207   -0.10366792708410931   
T_sec   15.0   15.5   16.0   16.5   17.0   17.5   18.0   18.5   19.0   19.5   20.0   20.5   21.0   21.5   22.0   22.5   23.0   23.5   24.0   24.5   25.0   25.5   26.0   26.5   27.0   27.5   28.0   28.5   29.0   29.5   30.0   30.5   31.0   31.5   32.0   32.5   33.0   33.5   34.0   34.5   35.0   35.5   36.0   36.5   37.0   37.5   38.0   38.5   39.0   39.5   40.0   40.5   41.0   41.5   42.0   42.5   43.0   43.5   44.0   44.5   45.0   45.5   46.0   46.5   47.0   47.5   48.0   48.5   49.0   49.5   50.0   50.5   51.0   51.5   52.0   52.5   53.0   53.5   54.0   54.5   55.0   
U4   0.004854827293179429   0.004089367985913557   0.004966116012102912   0.004148760059256225   0.005069632388854748   0.00419661636159024   0.005166149480024073   0.004228664193535211   0.0052489735623544075   0.00424423235261068   0.0053282980018934875   0.00425845810672523   0.0054131356916651985   0.004269693488591912   0.005504361542367356   0.004282211197591118   0.00560866927725644   0.004299307168296749   0.005722559253541191   0.004317889174352258   0.0058530607957183204   0.004339656110098935   0.006003484201400624   0.004373863488266684   0.006186152661224785   0.004428118854298455   0.0064142642765253055   0.004510802810226338   0.006700244092047543   0.004640693032347511   0.007077108905686091   0.00484868719669689   0.007590314923119796   0.005182342329264886   0.008311772004852088   0.0057298750505584955   0.00938197389840173   0.006675703802754767   0.011093091279862962   0.008445373290027808   0.014166408640016654   0.012217383439956653   0.020805542095004893   0.02219325440890967   0.04103343473154188   0.06486973809333643   0.2060848200923119   0.6903284889108171   1.0   0.43081711173345527   0.2471757816963312   0.4094601539740471   0.6478077071205824   0.18356827533288828   -0.4522021453776037   -0.2707308159673173   -0.10516377498853927   0.07310248865616545   0.1657276600794447   0.21005868824845056   0.24084107049276654   0.33431893163350956   0.23255443932577616   -0.1512845842565369   -0.3511284761599947   -0.28428918264313824   -0.2219224929431182   -0.13324433031594032   -0.06183302199431281   -0.08165364435674127   -0.09892541961306336   -0.08960110385966988   -0.08882714782543923   -0.055707990691413176   -0.08330474291067394   -0.13391683828006284   -0.1267895464520509   -0.07403405943622858   -0.07969497812263963   -0.0680267372247106   -0.06528634484629427   
T_sec   15.0   15.5   16.0   16.5   17.0   17.5   18.0   18.5   19.0   19.5   20.0   20.5   21.0   21.5   22.0   22.5   23.0   23.5   24.0   24.5   25.0   25.5   26.0   26.5   27.0   27.5   28.0   28.5   29.0   29.5   30.0   30.5   31.0   31.5   32.0   32.5   33.0   33.5   34.0   34.5   35.0   35.5   36.0   36.5   37.0   37.5   38.0   38.5   39.0   39.5   40.0   40.5   41.0   41.5   42.0   42.5   43.0   43.5   44.0   44.5   45.0   45.5   46.0   46.5   47.0   47.5   48.0   48.5   49.0   49.5   50.0   50.5   51.0   51.5   52.0   52.5   53.0   53.5   54.0   54.5   55.0   
U5   0.00430314685256295   0.0018551664522190477   0.004418114547802292   0.0018167637543243427   0.004530439352429845   0.0017664641776376987   0.004648188342290139   0.0017065117969589437   0.004773000885636109   0.0016395222501403022   0.004912598017191907   0.0015656668269144137   0.005064215735063358   0.001481865333267614   0.005231863786068263   0.0013871713486015064   0.005418085569331681   0.001282519618202885   0.005631635915870032   0.0011685836256907043   0.005878077430473956   0.001046730667752236   0.00616642014793128   0.0009154191367937243   0.006509471901216273   0.0007771223645218725   0.0069246990972217206   0.0006364967690951317   0.007434006113989815   0.0004965062007949179   0.008074181409259303   0.0003676711782043651   0.008891369516677147   0.00026753166838720235   0.009974857606147186   0.00024538122272233767   0.011486852297361036   0.00041962642114972586   0.01373691736655639   0.0010747691765800593   0.01742561678261442   0.003013356299054069   0.02441944730508458   0.009176817893508927   0.04210637322438588   0.03678434557674738   0.13970237468852725   0.41941722876595333   1.0   0.5764797463133532   0.2531868445999733   0.37874827140457973   0.6394626452317417   0.13726862449223884   -0.4587765611882112   -0.16266989172625554   -0.04944331820981734   0.11024009499709632   0.15343124469305067   0.24225583489327343   0.25963491273841344   0.334460522789175   -0.013293041959040245   -0.26386696205540344   -0.2786597639217308   -0.22504288384072632   -0.12799959368105557   -0.09647129469862842   -0.08639407886015464   -0.12195171462085043   -0.11303354012978925   -0.07671985354478196   -0.07651463648238388   -0.03176906278277212   -0.05828578403258842   -0.09803822886175448   -0.13268938571376868   -0.055291491399628016   -0.06392623719119843   -0.0405385617852523   -0.057170565364963455   
T_sec   15.0   15.5   16.0   16.5   17.0   17.5   18.0   18.5   19.0   19.5   20.0   20.5   21.0   21.5   22.0   22.5   23.0   23.5   24.0   24.5   25.0   25.5   26.0   26.5   27.0   27.5   28.0   28.5   29.0   29.5   30.0   30.5   31.0   31.5   32.0   32.5   33.0   33.5   34.0   34.5   35.0   35.5   36.0   36.5   37.0   37.5   38.0   38.5   39.0   39.5   40.0   40.5   41.0   41.5   42.0   42.5   43.0   43.5   44.0   44.5   45.0   45.5   46.0   46.5   47.0   47.5   48.0   48.5   49.0   49.5   50.0   50.5   51.0   51.5   52.0   52.5   53.0   53.5   54.0   54.5   55.0   
U6   0.004515172853499008   0.0029717058751382933   0.004608087669105182   0.0029424416148843098   0.004703860494392795   0.0029053559053695693   0.004807029129321071   0.002863059672425392   0.004922576024216883   0.0028188593335559064   0.005050995235044289   0.002769509260954686   0.005196231694605643   0.0027143747526466293   0.005360257869302128   0.002655804509056605   0.005550423920633039   0.002594353375846369   0.005771168837364792   0.0025266046843495987   0.006023872218741699   0.0024470248960327015   0.006314204435985272   0.002355937025999833   0.006658146600145604   0.002253553838192952   0.007071235171905149   0.0021424064021300327   0.007581092195790496   0.0020270324060341228   0.008226832433015512   0.0019148339298964646   0.009063882773340078   0.001820612564935913   0.010194876113183333   0.0017799470578597036   0.011791998273699969   0.0018670859868808382   0.014178675914956387   0.002260314166313538   0.018053211121371253   0.003447670259736352   0.025153514607187445   0.0070482903105006595   0.04115765140404982   0.020843306185696072   0.09654977824764624   0.13640302813922892   0.786828652232582   1.0   0.46550865012396764   0.5658592522490389   0.993844205086299   -0.049676048714107815   -0.504298929370303   -0.10987950801931634   0.0995543265702634   0.2506574547813687   0.30586835259221   0.648277033874213   0.47422416320067085   -0.3086438559923232   -0.3771526006076975   -0.28694045406029156   -0.17553399253354454   -0.12384109865099639   -0.13082274216180426   -0.22676139399603842   -0.2841907762765622   -0.2220988033947529   -0.11106478491580238   -0.13131879417636622   -0.09548789040526678   -0.012999964289962756   -0.030407352723084927   -0.06446397511473158   -0.14612599221443082   -0.11544842878626353   -0.0598393040166883   -0.05915767439056068   -0.09189477375565   
T_sec   15.0   15.5   16.0   16.5   17.0   17.5   18.0   18.5   19.0   19.5   20.0   20.5   21.0   21.5   22.0   22.5   23.0   23.5   24.0   24.5   25.0   25.5   26.0   26.5   27.0   27.5   28.0   28.5   29.0   29.5   30.0   30.5   31.0   31.5   32.0   32.5   33.0   33.5   34.0   34.5   35.0   35.5   36.0   36.5   37.0   37.5   38.0   38.5   39.0   39.5   40.0   40.5   41.0   41.5   42.0   42.5   43.0   43.5   44.0   44.5   45.0   45.5   46.0   46.5   47.0   47.5   48.0   48.5   49.0   49.5   50.0   50.5   51.0   51.5   52.0   52.5   53.0   53.5   54.0   54.5   55.0   
U7   0.003074755985036691   0.002615547558827126   0.0031159259746992556   0.0026402940422312945   0.0031620841904450503   0.0026686351937167704   0.0032125535331674372   0.0026988804174482473   0.003267926464584724   0.002733355358664912   0.0033301469547143843   0.00276994462064135   0.003394734601803164   0.0028105533515892034   0.0034681137776217895   0.002853700128221298   0.0035462272673586564   0.0029015003472630477   0.003633809384932004   0.0029560683294742257   0.0037344122107375644   0.003023535712654739   0.0038550525782643694   0.0031055930926398934   0.003997761784832324   0.0032123905002353695   0.004178181607797751   0.0033547097877538058   0.004408912258365318   0.003547984097986213   0.004709827383307817   0.003820332498282243   0.005116103857201044   0.004210656984269825   0.0056860111120642055   0.004798445687246278   0.006515114079114643   0.005721118696940453   0.007796661245409374   0.007263236042897417   0.009943813052300304   0.01009962306253955   0.01398591251791768   0.01607298981669762   0.02319937413353774   0.032144880407586264   0.05400320605431715   0.11205450889774717   0.36963887326445555   0.9205102704805489   0.9063887224909033   0.627731996354228   1.0   0.14596862430928664   -0.5533496279149596   -0.02869888332640681   0.22008107795360385   0.4437454646878354   0.668112274415158   0.7830436785917714   -0.2696808675962949   -0.6037796867734263   -0.2555325952826399   -0.12821129029575049   -0.12276694716324577   -0.1866253693279743   -0.2634858143124917   -0.30151124651661815   -0.27779655996129454   -0.22479200230979962   -0.13273426232602814   -0.12508023620610836   -0.0638997068419933   0.03643243724500804   -0.009657360424069845   -0.07643968053819604   -0.1350617992093615   -0.11439791312902196   -0.08142034717647903   -0.08817431187287597   -0.06942561913600558   
T_sec   15.0   15.5   16.0   16.5   17.0   17.5   18.0   18.5   19.0   19.5   20.0   20.5   21.0   21.5   22.0   22.5   23.0   23.5   24.0   24.5   25.0   25.5   26.0   26.5   27.0   27.5   28.0   28.5   29.0   29.5   30.0   30.5   31.0   31.5   32.0   32.5   33.0   33.5   34.0   34.5   35.0   35.5   36.0   36.5   37.0   37.5   38.0   38.5   39.0   39.5   40.0   40.5   41.0   41.5   42.0   42.5   43.0   43.5   44.0   44.5   45.0   45.5   46.0   46.5   47.0   47.5   48.0   48.5   49.0   49.5   50.0   50.5   51.0   51.5   52.0   52.5   53.0   53.5   54.0   54.5   55.0   
U8   0.0015669254779759976   0.0005386945712449863   0.0016197827121823087   0.0005393790824695125   0.0016763803447873006   0.0005400047147386365   0.0017347473420437074   0.0005397015054655   0.0018002757090908185   0.000538759442179057   0.0018681534158472492   0.0005374390729305558   0.0019429319443431347   0.0005377114314672632   0.002027742278441548   0.0005392865302602256   0.0021206133843952256   0.0005458164492750164   0.0022292277280973717   0.0005601127453680601   0.002358426779107076   0.0005849869753957705   0.0025119214963453137   0.0006263522405999425   0.002694582788848873   0.0006855701601922322   0.0029160935957359274   0.0007739164010760229   0.0031887173044075168   0.0009037677013150929   0.00353776233381948   0.0011044878980225607   0.003994828510131503   0.0014090634687994007   0.004611953169422313   0.001886396683614809   0.005485469639000782   0.0026574227412686467   0.00678125677740632   0.003979376971147058   0.008868349713297632   0.006387924153865484   0.012571371959253582   0.01135005635625913   0.02036524364845318   0.023766058586174064   0.042653486436604965   0.0712599887666215   0.1905782893370316   0.6427498897810356   1.0   0.9100757140271089   0.9779329716222103   0.2103309854328583   -0.4146587938214492   0.03386145704208053   0.36116382673058905   0.8018225771038886   0.9052855790601578   -0.09124123350606914   -0.6233695254854605   -0.29184158613216016   -0.142778729504111   -0.14335340601810073   -0.24119341733039285   -0.22111108469918284   -0.27282222095667363   -0.24237377403493382   -0.22264133219828272   -0.22242796307844662   -0.1360488394906743   -0.05261112167260991   -0.02088339446237742   0.023095688278378552   -0.03673073031610658   -0.08646362726664374   -0.0742678637010871   -0.10850767607579585   -0.16165967394532257   -0.0824589242475486   -0.06167482289847028   
T_sec   15.0   15.5   16.0   16.5   17.0   17.5   18.0   18.5   19.0   19.5   20.0   20.5   21.0   21.5   22.0   22.5   23.0   23.5   24.0   24.5   25.0   25.5   26.0   26.5   27.0   27.5   28.0   28.5   29.0   29.5   30.0   30.5   31.0   31.5   32.0   32.5   33.0   33.5   34.0   34.5   35.0   35.5   36.0   36.5   37.0   37.5   38.0   38.5   39.0   39.5   40.0   40.5   41.0   41.5   42.0   42.5   43.0   43.5   44.0   44.5   45.0   45.5   46.0   46.5   47.0   47.5   48.0   48.5   49.0   49.5   50.0   50.5   51.0   51.5   52.0   52.5   53.0   53.5   54.0   54.5   55.0   
U9   0.001644037417025191   0.0001470898359682303   0.0016999192274672378   0.0001219158963456867   0.0017588247336078639   9.244162589451028e-05   0.0018223817540993297   5.9708216452214196e-05   0.0018920122761089265   2.4114254233350944e-05   0.001970151774467034   -1.4162824717304645e-05   0.0020569981858286836   -5.619593503663514e-05   0.002156192903251869   -0.00010433970152637039   0.0022634708229674074   -0.00015953110143194366   0.002386951854537688   -0.00022081655471620345   0.0025266300952861208   -0.00028944843868378394   0.0026926470623547497   -0.00036606677638525704   0.0028870251933871215   -0.00045205490167919086   0.0031178745294082036   -0.0005485655902580374   0.003399390870237948   -0.000656945284251686   0.0037478007539788073   -0.0007780885323899635   0.004189477031800005   -0.0009124195441382957   0.004765028013299045   -0.0010529293906058892   0.005543481276509846   -0.0011891507855483396   0.006640625795263651   -0.0012888611352362197   0.008271897830096464   -0.0012678519769692943   0.010886845899585744   -0.0008652625405731494   0.015593485138489939   0.0008797739481811321   0.025846568485849594   0.008857801093452309   0.05965909376246245   0.0843596975944399   0.4211680470086708   0.44276016914679955   0.6824721251208851   0.16666798194716625   -0.29948955090387047   0.1745200109709189   0.3247063307990889   1.0   -0.05579841416836622   -0.4387160193572619   -0.10510762193062503   -0.13696208605040125   -0.14617234870639323   -0.1681597368416185   -0.1401483729602565   -0.15061219676393742   -0.11809935141713336   -0.09355646740757838   -0.08637549461356993   -0.14419754518015432   -0.03669550064382745   -0.020908131322667924   -0.03804731052023938   -0.0059923604655977335   -0.0678305428637397   -0.045842221838608185   -0.04271663847437007   -0.10031765471597737   -0.0601080654270065   -0.01641091571874035   -0.07263337511517404   
T_sec   15.0   15.5   16.0   16.5   17.0   17.5   18.0   18.5   19.0   19.5   20.0   20.5   21.0   21.5   22.0   22.5   23.0   23.5   24.0   24.5   25.0   25.5   26.0   26.5   27.0   27.5   28.0   28.5   29.0   29.5   30.0   30.5   31.0   31.5   32.0   32.5   33.0   33.5   34.0   34.5   35.0   35.5   36.0   36.5   37.0   37.5   38.0   38.5   39.0   39.5   40.0   40.5   41.0   41.5   42.0   42.5   43.0   43.5   44.0   44.5   45.0   45.5   46.0   46.5   47.0   47.5   48.0   48.5   49.0   49.5   50.0   50.5   51.0   51.5   52.0   52.5   53.0   53.5   54.0   54.5   55.0   
U10   0.0021370400332108006   -0.0031368691126555034   0.00227334313620515   -0.0032624582973906323   0.002422977806430141   -0.003397574198284188   0.002587569133134491   -0.0035418470336196534   0.0027699975130991146   -0.0036987118727527216   0.002968452966217036   -0.0038692391323573304   0.003187440978517889   -0.004056124318356139   0.003431836817747825   -0.004258812758174366   0.0037059610790782186   -0.004481625046983389   0.004014319248538704   -0.004726702018131083   0.004366292079905066   -0.004996554286681844   0.004767825257597397   -0.0052942082117992326   0.0052340603289533156   -0.005627565420392958   0.005780693513885217   -0.005999282489910056   0.006425931647369896   -0.006416297664493325   0.007207667526227014   -0.006883184535603799   0.008169924522554588   -0.007404808619467801   0.009382172763855334   -0.00798610353774306   0.010956134698098623   -0.008623867714323878   0.013077625172213031   -0.009273844128654831   0.016095561559049284   -0.009834372063252671   0.020709569158979847   -0.009950305821978893   0.02856057963582841   -0.008302110544087467   0.04473700166527851   0.001830197437811408   0.09559817519937633   0.10033012848341874   0.5503050454913408   0.7926934919876737   0.9422297727471876   0.33857411833555795   -0.2978895238787706   0.21002885522299308   0.7486779443866363   1.0   -0.4842134285292977   -0.31168612628432013   -0.1665331654533901   -0.2100929669220173   -0.24755416463923743   -0.15173327071049936   -0.19088633281673378   -0.15558364171392586   -0.11161552709828831   -0.0783311848423982   -0.13582393019870495   -0.15138467203161676   -0.06502207150217641   -0.017228134904410185   -0.06559897469330431   -0.008739291085644738   -0.09976117631398648   -0.019880490617285706   -0.09418318745909425   -0.07958919951903735   -0.05818190145766024   -0.04120995635231083   -0.10013428373784299   
T_sec   15.0   15.5   16.0   16.5   17.0   17.5   18.0   18.5   19.0   19.5   20.0   20.5   21.0   21.5   22.0   22.5   23.0   23.5   24.0   24.5   25.0   25.5   26.0   26.5   27.0   27.5   28.0   28.5   29.0   29.5   30.0   30.5   31.0   31.5   32.0   32.5   33.0   33.5   34.0   34.5   35.0   35.5   36.0   36.5   37.0   37.5   38.0   38.5   39.0   39.5   40.0   40.5   41.0   41.5   42.0   42.5   43.0   43.5   44.0   44.5   45.0   45.5   46.0   46.5   47.0   47.5   48.0   48.5   49.0   49.5   50.0   50.5   51.0   51.5   52.0   52.5   53.0   53.5   54.0   54.5   55.0   
U11   -0.0016597347929620003   -0.0001737926668267245   -0.0016936993598855952   -0.00012579940242542982   -0.0017294104106933337   -7.275085477499935e-05   -0.0017667747012467682   -1.3577121590157334e-05   -0.001805810533617433   5.246120285711262e-05   -0.001846982422199547   0.00012585860429124472   -0.0018909829827703744   0.00020727439701148534   -0.0019384715296291621   0.00029934919584537016   -0.0019866042814497185   0.0004054545693215415   -0.0020362686264315867   0.000527140577569338   -0.002085183550744321   0.0006726654374820914   -0.0021280543942106484   0.000848242820099357   -0.002165930015974372   0.0010545303609051078   -0.0022006252091736947   0.0012995165073379847   -0.0022287600112035986   0.001594035166978095   -0.002244606842672583   0.001957178464298876   -0.0022351621634835897   0.0024137926893821812   -0.0021866231980671395   0.0030012063256380857   -0.002065257472984057   0.003789464497422569   -0.0018105429872813843   0.004889920201711013   -0.0013060979459756266   0.006527260732982477   -0.00028078477417647023   0.009181030170313883   0.0019307440170089796   0.014077993426183665   0.007361177718967049   0.025310256859091627   0.024738071034635527   0.06556064241819438   0.1408062579720775   0.5172375046077528   0.896379431853333   0.5586862783088613   0.013395180835449253   1.0   0.7551786380859494   -0.3501605720634124   -0.2349486777744366   -0.2921138209853187   -0.2775916211920663   -0.27751299170161825   -0.15244104401945158   -0.17236013725273633   -0.1512314613182423   -0.07196296329925889   -0.019643139912221032   -0.08977452117960909   -0.08515166056113836   -0.08715773107732554   -0.07667704201122742   -0.10701128721170364   -0.13753251537855346   -0.09208060839913923   -0.02758979609058139   -0.11352537150931802   -0.03956470097285196   0.025568855676654366   -0.01404465087538473   -0.04449240525417113   -0.03369091529852492   
T_sec   15.0   15.5   16.0   16.5   17.0   17.5   18.0   18.5   19.0   19.5   20.0   20.5   21.0   21.5   22.0   22.5   23.0   23.5   24.0   24.5   25.0   25.5   26.0   26.5   27.0   27.5   28.0   28.5   29.0   29.5   30.0   30.5   31.0   31.5   32.0   32.5   33.0   33.5   34.0   34.5   35.0   35.5   36.0   36.5   37.0   37.5   38.0   38.5   39.0   39.5   40.0   40.5   41.0   41.5   42.0   42.5   43.0   43.5   44.0   44.5   45.0   45.5   46.0   46.5   47.0   47.5   48.0   48.5   49.0   49.5   50.0   50.5   51.0   51.5   52.0   52.5   53.0   53.5   54.0   54.5   55.0   
U12   -0.0015510406856154243   -0.002068402831249644   -0.0015358265434106746   -0.00207809375353943   -0.0015171250220005717   -0.0020886561693796027   -0.0014952822964931242   -0.002097355480813216   -0.0014694119517695962   -0.0021058813534418743   -0.0014357875513634614   -0.002101577506679581   -0.0013861738874087419   -0.0020926592586021295   -0.0013294560884415032   -0.002079265575229764   -0.0012629406428456918   -0.0020603097269129285   -0.0011843607541378283   -0.0020358826327495543   -0.0010924470030187936   -0.0020028735191347717   -0.000982397598625661   -0.0019603910687524912   -0.0008514530596352058   -0.0019043422715838212   -0.0006920692469912011   -0.0018288577326057913   -0.0004947998147981383   -0.001726814137969019   -0.00024734510690158144   -0.0015876221232184377   6.982163743591623e-05   -0.0013934467429810092   0.0004875110433856887   -0.0011124665823923634   0.0010550738457707626   -0.0006914014158747034   0.001867947340569354   -2.1983352837774646e-05   0.003090562881859323   0.0010935146055027762   0.0050549535225285335   0.00311065363002448   0.008533177476665287   0.007211786079335909   0.015666439839737915   0.017303119489709924   0.03454641305078715   0.053309808842280156   0.12704740188952487   0.4082969150269564   0.9434422954752958   0.8874411839218608   0.8208330344632006   1.0   0.20568636942058469   -0.42712834651239623   -0.43569174754159273   -0.3347340839131227   -0.29060098584777283   -0.24116727178519384   -0.17640003610652907   -0.1452927342361129   -0.12140121504290567   -0.05175013260244888   -0.04960115006543851   -0.07101083511852058   -0.08587947091149031   -0.11856236418096329   -0.128170330998583   -0.15858247264537084   -0.17110330394634773   -0.07329828701227915   -0.07880384930119726   -0.06688800150461008   0.02692122457766177   0.05426473957787545   0.017325523799161326   -0.014854897961546045   -0.057443360103376945   
T_sec   15.0   15.5   16.0   16.5   17.0   17.5   18.0   18.5   19.0   19.5   20.0   20.5   21.0   21.5   22.0   22.5   23.0   23.5   24.0   24.5   25.0   25.5   26.0   26.5   27.0   27.5   28.0   28.5   29.0   29.5   30.0   30.5   31.0   31.5   32.0   32.5   33.0   33.5   34.0   34.5   35.0   35.5   36.0   36.5   37.0   37.5   38.0   38.5   39.0   39.5   40.0   40.5   41.0   41.5   42.0   42.5   43.0   43.5   44.0   44.5   45.0   45.5   46.0   46.5   47.0   47.5   48.0   48.5   49.0   49.5   50.0   50.5   51.0   51.5   52.0   52.5   53.0   53.5   54.0   54.5   55.0   
U13   -0.0012239179220261953   -0.0021086963886172445   -0.001197386707911443   -0.002120809000135278   -0.0011670045133308402   -0.002134230204319992   -0.0011329384831240481   -0.0021462627383669703   -0.0010937188818436843   -0.0021578799174249803   -0.0010490019228026927   -0.002167658046841125   -0.0009975733363170498   -0.0021765329101388264   -0.0009389694852096159   -0.002184241785940675   -0.0008717521635993946   -0.00218913578984171   -0.0007937482978816981   -0.00219304895726343   -0.0007035272416438983   -0.002192901202822909   -0.0005976417263522429   -0.0021878480649499044   -0.0004729396841175477   -0.0021781009667986937   -0.00032427132360042483   -0.0021595326906392494   -0.00014346726695785045   -0.0021274230190611054   8.292727026586401e-05   -0.002070602570372796   0.00037070729097075456   -0.0019824332611087657   0.0007432751702894029   -0.0018426380601698302   0.0012405946835445027   -0.0016172234184622977   0.0019342764032161343   -0.0012416526402202657   0.0029532635011613787   -0.0005816179632452178   0.0045560478413202736   0.0006613073793241862   0.007321917931672205   0.0032525811082774604   0.012796255307672763   0.009640121730329547   0.02639593945922258   0.03120792378844787   0.08087624234694134   0.19932196989829812   0.6586562384494847   1.0   0.8368094419779791   0.5106669358961617   -0.2401306619352614   -0.3843524626916467   -0.2897623163711009   -0.20656020800212962   -0.1655845230393295   -0.12909802654518238   -0.11227192992459264   -0.0836406888256425   -0.061418972471031404   -0.029709366891893976   -0.04896945506169848   -0.05486405878713094   -0.05313112711195299   -0.07882426872399959   -0.10188698983789808   -0.12078968352864192   -0.1137270553600143   -0.041278144660730265   -0.035648109195071304   0.009880919366695882   0.04666235016479477   0.04669477972796531   0.017397701711621825   -0.0050161245156568465   -0.054104048499672645   
T_sec   15.0   15.5   16.0   16.5   17.0   17.5   18.0   18.5   19.0   19.5   20.0   20.5   21.0   21.5   22.0   22.5   23.0   23.5   24.0   24.5   25.0   25.5   26.0   26.5   27.0   27.5   28.0   28.5   29.0   29.5   30.0   30.5   31.0   31.5   32.0   32.5   33.0   33.5   34.0   34.5   35.0   35.5   36.0   36.5   37.0   37.5   38.0   38.5   39.0   39.5   40.0   40.5   41.0   41.5   42.0   42.5   43.0   43.5   44.0   44.5   45.0   45.5   46.0   46.5   47.0   47.5   48.0   48.5   49.0   49.5   50.0   50.5   51.0   51.5   52.0   52.5   53.0   53.5   54.0   54.5   55.0   
U14   -0.0010389260110931597   -0.0020748728839997455   -0.0010091747208690036   -0.002089536441580291   -0.0009754615110490289   -0.0021048733718992798   -0.0009374788087346834   -0.0021180557571068323   -0.0008942023447179038   -0.00213308657520793   -0.000845529107805619   -0.0021457239494277547   -0.0007904691658541226   -0.002158652458354282   -0.0007279975193150201   -0.0021702431341697197   -0.0006565090902475014   -0.0021816232572752013   -0.0005746033624162381   -0.0021911399699759498   -0.0004801697715871609   -0.002199832160128261   -0.0003713077799483644   -0.0022059595330875953   -0.00024356792452507586   -0.0022087858028453154   -9.15428681585875e-05   -0.002204633049728459   9.47046112705868e-05   -0.0021863824219707823   0.0003250102734531157   -0.0021538472567393147   0.0006126603934117848   -0.0020978315603578023   0.000982074510902309   -0.0020006122620292877   0.001474167866244474   -0.0018349597288797698   0.0021535921499282987   -0.0015451112732554318   0.0031429900717200748   -0.0010167330356928468   0.004686997568290933   2.102085705724811e-06   0.007326811842808362   0.002168971215471503   0.012488565877554552   0.007564831949110368   0.025085947282093853   0.025670354247291187   0.0734395101977358   0.1583673975434268   0.5784548788650226   1.0   0.8163216091080329   0.4318056490160417   -0.3182732684125253   -0.3501871706982485   -0.2592456604211489   -0.18676627230592788   -0.1438010306755845   -0.11151505936014389   -0.10737157559236502   -0.07590122928774957   -0.053906546902578956   -0.031325124092920646   -0.055804906086532886   -0.053351614793892076   -0.0445684047512277   -0.0710039494672628   -0.09962750105757763   -0.11161254630242093   -0.10833642707228493   -0.0337504960223443   -0.030317584105953723   0.015173690609319019   0.04683439814687419   0.043319505079575084   0.015771860640625537   -0.0027339725047624813   -0.05055282302909992   
T_sec   15.0   15.5   16.0   16.5   17.0   17.5   18.0   18.5   19.0   19.5   20.0   20.5   21.0   21.5   22.0   22.5   23.0   23.5   24.0   24.5   25.0   25.5   26.0   26.5   27.0   27.5   28.0   28.5   29.0   29.5   30.0   30.5   31.0   31.5   32.0   32.5   33.0   33.5   34.0   34.5   35.0   35.5   36.0   36.5   37.0   37.5   38.0   38.5   39.0   39.5   40.0   40.5   41.0   41.5   42.0   42.5   43.0   43.5   44.0   44.5   45.0   45.5   46.0   46.5   47.0   47.5   48.0   48.5   49.0   49.5   50.0   50.5   51.0   51.5   52.0   52.5   53.0   53.5   54.0   54.5   55.0   
U15   -0.0013819097264749828   -0.0017643832294209946   -0.0013588558605940723   -0.0017619096119289922   -0.00133274526537753   -0.0017577789319998469   -0.0013037694996140465   -0.0017523436486581755   -0.0012696719664560144   -0.0017437778898531473   -0.0012317232210298692   -0.0017330789964170215   -0.0011869764372831838   -0.0017182748849074554   -0.0011364063578260424   -0.0017010452159837658   -0.0010784466150156578   -0.0016788330606375605   -0.0010128887013967083   -0.0016526844968316014   -0.0009373717663939257   -0.0016206533613737852   -0.0008494659365115598   -0.0015802476352103595   -0.0007451496002211067   -0.0015277358244877798   -0.0006213505182141786   -0.0014614575447408392   -0.0004702776274196038   -0.0013729247768368726   -0.00028327070935770345   -0.001253818311256903   -4.5584334655253395e-05   -0.0010880619763068509   0.00026568282456897543   -0.0008495807301143417   0.0006885606431468174   -0.0004935202187130152   0.001289845728118473   6.299376844817194e-05   0.0021907139473442317   0.000983551659795818   0.0036485980750657525   0.0026532297346489307   0.006284787433118936   0.006067010312226664   0.01187178811033055   0.01454036013494147   0.02761146642375948   0.04630824972095797   0.12535121813398878   0.354532332071893   0.7244808810984343   1.0   0.7954572002952266   -0.06628458331686854   -0.41453721845931435   -0.24286916176707413   -0.19631819847476492   -0.1530048280070029   -0.13216236806539977   -0.1049333499375484   -0.11477413643951737   -0.09543891959914814   -0.06656674381790231   -0.05882269326702611   -0.04827914153000021   -0.017556153300006424   -0.03195496167168206   -0.056295654740054955   -0.08422956162061519   -0.08327664094319238   -0.06123811854884671   -0.038601520856076   0.015246936430182226   0.06107000930123843   0.043093873131140055   0.021142914632051715   0.0019939622728782206   -0.024752564579647637   -0.07552566086687629   
T_sec   15.0   15.5   16.0   16.5   17.0   17.5   18.0   18.5   19.0   19.5   20.0   20.5   21.0   21.5   22.0   22.5   23.0   23.5   24.0   24.5   25.0   25.5   26.0   26.5   27.0   27.5   28.0   28.5   29.0   29.5   30.0   30.5   31.0   31.5   32.0   32.5   33.0   33.5   34.0   34.5   35.0   35.5   36.0   36.5   37.0   37.5   38.0   38.5   39.0   39.5   40.0   40.5   41.0   41.5   42.0   42.5   43.0   43.5   44.0   44.5   45.0   45.5   46.0   46.5   47.0   47.5   48.0   48.5   49.0   49.5   50.0   50.5   51.0   51.5   52.0   52.5   53.0   53.5   54.0   54.5   55.0   
U16   -0.0017451137361671318   -0.0016627579826534696   -0.0017316503802579089   -0.0016427860604510784   -0.0017163833597161114   -0.0016203760727587424   -0.0016980138449395484   -0.0015926720631420897   -0.001675298434022121   -0.0015607773351216778   -0.0016493476431209627   -0.0015245205355534756   -0.0016192199050107802   -0.0014824676756898154   -0.0015850961896843752   -0.0014345947134087815   -0.0015454072184329243   -0.0013788303316304106   -0.0014989095893503306   -0.0013135691884630057   -0.001444046044788731   -0.0012358516193087387   -0.0013779254401977642   -0.001143673952068228   -0.0012993948586677321   -0.001031435521711966   -0.0012021892064243067   -0.000893547684271406   -0.0010816246894629431   -0.0007196298122248235   -0.000924338396636738   -0.0004945693998021118   -0.0007177881193360784   -0.00019525127389658832   -0.0004352480352671615   0.00021253287910880813   -4.2930567946488346e-05   0.0007884845061229746   0.0005395701496655707   0.0016588999602999675   0.0014644708819326266   0.00306119933687301   0.0030500128479842956   0.005534283498576094   0.006085929061685876   0.010507059554681189   0.01300515097638535   0.02303364235668645   0.03501694822959702   0.07795761285631554   0.2252990524036129   0.5588250188447523   0.8096540056347238   1.0   0.8520288794463445   -0.03059792096641612   -0.43146314882578374   -0.27019003588117696   -0.22170194009225347   -0.1976305623856569   -0.16442824532582662   -0.1366893022336048   -0.15068552967629098   -0.12190236477105998   -0.06901759093865723   -0.05725971852049373   -0.042883640742222416   -0.017092793191183155   -0.027511239492039104   -0.052246812631838294   -0.08741247110187102   -0.09478682323576848   -0.0685763906297434   -0.036924102703253595   0.02871569760413072   0.06427022850918482   0.040913623027880146   0.017429023775760208   0.0015271361075032135   -0.03743041334408136   -0.0886756529557836   
T_sec   15.0   15.5   16.0   16.5   17.0   17.5   18.0   18.5   19.0   19.5   20.0   20.5   21.0   21.5   22.0   22.5   23.0   23.5   24.0   24.5   25.0   25.5   26.0   26.5   27.0   27.5   28.0   28.5   29.0   29.5   30.0   30.5   31.0   31.5   32.0   32.5   33.0   33.5   34.0   34.5   35.0   35.5   36.0   36.5   37.0   37.5   38.0   38.5   39.0   39.5   40.0   40.5   41.0   41.5   42.0   42.5   43.0   43.5   44.0   44.5   45.0   45.5   46.0   46.5   47.0   47.5   48.0   48.5   49.0   49.5   50.0   50.5   51.0   51.5   52.0   52.5   53.0   53.5   54.0   54.5   55.0   
U17   -0.0017402069359001866   -0.0011065468722243387   -0.0017353311713625115   -0.001075487610642792   -0.001728735518220346   -0.0010412853818849068   -0.0017205025910269147   -0.0010025753893353176   -0.0017104506377651236   -0.0009592335605744456   -0.0016985631355243276   -0.0009102673162456611   -0.0016834671768235793   -0.0008548910651446213   -0.0016663208713054419   -0.000791781167342831   -0.001645685219846389   -0.0007195316695380537   -0.0016201542691441835   -0.0006357440390714235   -0.0015881898826114295   -0.0005376475260253379   -0.001549445079124584   -0.0004208995957145428   -0.0014996193842237117   -0.00028028980887569844   -0.001435603478912731   -0.00010790688245964718   -0.0013514249165680883   0.00010630238212151657   -0.001244592188658173   0.0003733347362034628   -0.0010972852856992931   0.0007257565395461497   -0.0008851098700635939   0.0012064770134388475   -0.0005677240963809186   0.0018895121012279267   -7.062956490234408e-05   0.0029119678081765883   0.000756156498258439   0.004549610804309271   0.002245892206008016   0.007436551671151643   0.005272654292576432   0.013328815877602632   0.012731074763238742   0.0290753305708102   0.040401783813796735   0.11953369724162641   0.3599403510255694   0.6749478130356878   0.5495390200683276   0.7196108303282563   1.0   -0.0771304588625782   -0.35909133683306305   -0.2408286360517655   -0.2231992927525754   -0.21842656003158573   -0.17609383353798827   -0.14858131729585602   -0.15595477293673318   -0.1209729555837033   -0.04072052614479799   -0.04281218368959755   -0.03136329856903565   0.0015857403427043191   -0.02190638469258459   -0.03365305737331995   -0.07500095396048877   -0.1066056074967339   -0.036612108981673344   -0.042098903856810775   0.025608232887986058   0.05467290464235522   0.035283802123939494   0.008798318075836309   0.0031356594854839437   -0.04898981563159405   -0.07661914507550208   
T_sec   15.0   15.5   16.0   16.5   17.0   17.5   18.0   18.5   19.0   19.5   20.0   20.5   21.0   21.5   22.0   22.5   23.0   23.5   24.0   24.5   25.0   25.5   26.0   26.5   27.0   27.5   28.0   28.5   29.0   29.5   30.0   30.5   31.0   31.5   32.0   32.5   33.0   33.5   34.0   34.5   35.0   35.5   36.0   36.5   37.0   37.5   38.0   38.5   39.0   39.5   40.0   40.5   41.0   41.5   42.0   42.5   43.0   43.5   44.0   44.5   45.0   45.5   46.0   46.5   47.0   47.5   48.0   48.5   49.0   49.5   50.0   50.5   51.0   51.5   52.0   52.5   53.0   53.5   54.0   54.5   55.0   
U18   -0.0016018468995493184   -0.0011768060823155392   -0.0015874327319967427   -0.00113326490352094   -0.0015718412278473081   -0.0010850708527086973   -0.001554503750228537   -0.0010314112959868577   -0.0015350751107317511   -0.0009707827055163904   -0.00151231632709307   -0.0009018849704961141   -0.0014865325248692679   -0.0008241083569422021   -0.0014575613841338432   -0.0007348927061041947   -0.0014224574948757571   -0.0006315160564348536   -0.0013876828996381818   -0.0005210065017012137   -0.0013507976282263637   -0.000389824795911339   -0.0013036741279360824   -0.0002305765912041195   -0.0012429211260881424   -3.4879015655251336e-05   -0.0011636686872830162   0.00020944193110353175   -0.0010580652026915337   0.0005206064110781408   -0.0009140995363283051   0.0009271393218393703   -0.0007104860583732666   0.0014746920012263377   -0.0004131635479772383   0.00223896424391394   4.081364468742898e-05   0.0033537196221295703   0.0007742190299203387   0.0050849940737184305   0.0020517921926547604   0.00799882419751822   0.004531063963805039   0.013550487008322893   0.010264206120099092   0.026639175970348605   0.02897273605489566   0.07765078828422355   0.19815993642231935   0.6606953792443665   0.6868013496468917   0.31643374985593414   0.4533511059694961   0.7572107793517918   1.0   0.3348854683646943   -0.30924796335246896   -0.39417743314409043   -0.41023651941005   -0.3496597491418668   -0.26787709426095097   -0.21774147820399198   -0.17183832690390927   -0.10413612850641685   -0.02531099908639316   -0.003768678040818568   -0.027779020278948716   -0.015267621848290475   -0.0010595977433633988   -0.04933980938812199   -0.09572014281247858   -0.095276304732913   -0.05356253159908792   -0.06543103663710194   0.008147527574856836   0.05636366951096117   0.029521881253272028   -0.009887068918907435   -0.04404499541162064   -0.035697280040647685   -0.04611716655692848   
T_sec   15.0   15.5   16.0   16.5   17.0   17.5   18.0   18.5   19.0   19.5   20.0   20.5   21.0   21.5   22.0   22.5   23.0   23.5   24.0   24.5   25.0   25.5   26.0   26.5   27.0   27.5   28.0   28.5   29.0   29.5   30.0   30.5   31.0   31.5   32.0   32.5   33.0   33.5   34.0   34.5   35.0   35.5   36.0   36.5   37.0   37.5   38.0   38.5   39.0   39.5   40.0   40.5   41.0   41.5   42.0   42.5   43.0   43.5   44.0   44.5   45.0   45.5   46.0   46.5   47.0   47.5   48.0   48.5   49.0   49.5   50.0   50.5   51.0   51.5   52.0   52.5   53.0   53.5   54.0   54.5   55.0   
U19   -0.0012783831957446754   -0.001323463199785972   -0.0012552136900379136   -0.0012842018860958657   -0.00122909736533149   -0.0012407268677582454   -0.0012002886923890477   -0.0011927399286466235   -0.0011669188851394033   -0.0011378524048218238   -0.0011267031748801372   -0.0010789042851194666   -0.0010911991744549576   -0.0010214009674436259   -0.001050023197771964   -0.000953546772698018   -0.0009984525986563581   -0.0008732075077071073   -0.0009338442424053214   -0.0007782325747842923   -0.0008527314321511975   -0.0006643426512377906   -0.0007492916161092876   -0.0005264512567220507   -0.000616347866121349   -0.00035674128546301156   -0.00044039996297269   -0.000143311896506097   -0.000205266822370346   0.00012987221976282893   0.00011788957144680079   0.0004901838440059459   0.0005731963640701292   0.0009782264199291542   0.0012363608254383914   0.0016691389754664744   0.0022455698722770572   0.002697092262324362   0.003867823051565252   0.004335538268501564   0.006684339245786214   0.007232566014567716   0.01218143382785759   0.013279058228161895   0.025267642969481422   0.03059066023779454   0.07311831937757464   0.1497915792727134   0.6270988138624957   1.0   0.2668700407652387   0.3277938998406204   0.5265036514581388   0.9410970447179209   0.9966737134161356   0.7018231358082274   -0.28689571793092994   -0.6992710424473919   -0.5295106526025174   -0.42757792001989603   -0.32572387338111347   -0.26302283694513595   -0.12337653620735378   -0.07144474112846866   -0.026839461065042706   -0.012600380616743814   -0.039318126808177166   -0.004547013145779771   -0.00721422764455706   -0.09629519348426738   -0.07810293430790818   -0.10034835939299307   -0.09214920149854   -0.06559217685894742   -0.0018425742152928352   0.05221246057803248   0.03078704203078428   -0.043286320721002636   -0.025055777551563973   -0.0026485561588974866   -0.05074170159945682   
T_sec   15.0   15.5   16.0   16.5   17.0   17.5   18.0   18.5   19.0   19.5   20.0   20.5   21.0   21.5   22.0   22.5   23.0   23.5   24.0   24.5   25.0   25.5   26.0   26.5   27.0   27.5   28.0   28.5   29.0   29.5   30.0   30.5   31.0   31.5   32.0   32.5   33.0   33.5   34.0   34.5   35.0   35.5   36.0   36.5   37.0   37.5   38.0   38.5   39.0   39.5   40.0   40.5   41.0   41.5   42.0   42.5   43.0   43.5   44.0   44.5   45.0   45.5   46.0   46.5   47.0   47.5   48.0   48.5   49.0   49.5   50.0   50.5   51.0   51.5   52.0   52.5   53.0   53.5   54.0   54.5   55.0   
U20   -0.0017477651892201   -0.00025303957929095195   -0.0017750972414299043   -0.00020014109573719113   -0.00180048377291129   -0.0001395653610580335   -0.0018254152658304424   -7.122653478425709e-05   -0.0018506242815749623   7.573466617858689e-06   -0.0018748476188472124   0.00010034624739071774   -0.0018936894324964415   0.00020712448864750952   -0.0019111158885021485   0.000335381079461997   -0.0019189668972116511   0.0004891099857787266   -0.0019197181424382623   0.0006706454510116877   -0.001908417779730215   0.0008915401706484128   -0.001878471802948814   0.0011662697640046295   -0.0018258126085506374   0.0015060762458041683   -0.0017327553783687622   0.0019386476533808507   -0.0015870973017729274   0.002496446829608534   -0.001356980346671684   0.00324270705659119   -0.0009848532526747311   0.004275650861901924   -0.0003730203175178712   0.005774848075730846   0.0006792650739090449   0.008085796738093978   0.0025942877776302295   0.011965330599196109   0.006471906196520368   0.019445220169152365   0.01590454868957558   0.03808676374332065   0.049784336901733936   0.13052510940311934   0.42896261277016884   1.0   0.7365559839192108   0.19419206219603083   0.3614468605073561   0.5102253240263647   0.7339027882222866   0.9420302532101434   0.8396002815148137   0.553344951882567   0.05041034583842063   -0.7977989216128437   -0.7438163523188319   -0.5310989756983758   -0.30805129144988586   -0.12009913186873798   -0.0543841655261447   -0.06822953623795801   -0.10519014429646911   -0.07727122255795016   -0.01653661355223187   -0.09067688428889216   -0.07598760149839924   -0.04030410802878129   -0.07911209258571232   -0.10759628615947758   -0.10494995096469827   -0.07063541283205797   -0.02236670845507805   -0.030188926200897092   -0.002581625833515328   0.02608868214089432   0.019365966175118286   -0.018424712818790892   -0.04301360461007257   
T_sec   15.0   15.5   16.0   16.5   17.0   17.5   18.0   18.5   19.0   19.5   20.0   20.5   21.0   21.5   22.0   22.5   23.0   23.5   24.0   24.5   25.0   25.5   26.0   26.5   27.0   27.5   28.0   28.5   29.0   29.5   30.0   30.5   31.0   31.5   32.0   32.5   33.0   33.5   34.0   34.5   35.0   35.5   36.0   36.5   37.0   37.5   38.0   38.5   39.0   39.5   40.0   40.5   41.0   41.5   42.0   42.5   43.0   43.5   44.0   44.5   45.0   45.5   46.0   46.5   47.0   47.5   48.0   48.5   49.0   49.5   50.0   50.5   51.0   51.5   52.0   52.5   53.0   53.5   54.0   54.5   55.0   
U21   -0.00021298194280831926   -0.0013759990438474714   -0.0001785544318629238   -0.0014177081139866285   -0.00013604648250943184   -0.0014600970051261342   -8.572591720775237e-05   -0.0015024126026624667   -2.604074214002905e-05   -0.0015448128471723355   4.450838965269225e-05   -0.001585736568507097   0.00013090481119088393   -0.0016230365988220826   0.00023539639587162833   -0.0016560628231488805   0.00036108483724794254   -0.0016872233495439782   0.0005090940720183676   -0.0017124275475055616   0.0006926618707670594   -0.0017222260432509298   0.0009255044139736966   -0.0017086665158736387   0.001222944816877414   -0.001661106949454667   0.0016078624586191089   -0.0015626744119765987   0.002116541605831329   -0.0013803922125870023   0.0028079353168519077   -0.001064312316946312   0.003776926153135082   -0.0005134857191973353   0.005202566339192953   0.0004621509343189726   0.007428884908931623   0.0023003887667783114   0.01125401095823629   0.006154533909558597   0.018921853193961558   0.01601267134125899   0.03967465879801492   0.0553853125008897   0.17209185562652468   0.5645713583170374   1.0   0.3686930736863181   0.15948352283154518   0.368639399158787   0.4040697917918116   0.47707555850701167   0.5552183617833618   0.6437848919931892   0.4829267617798292   0.3186786981987722   0.1926091769407457   -0.5010729284433206   -0.7348395890676481   -0.3511799895685532   -0.12401197483212459   -0.050495503150597906   -0.08299362024713983   -0.11092492548113972   -0.14398051171808424   -0.12246003250948662   -0.11706326129942557   -0.04372861487569151   -0.034114796323100535   -0.0452488386879419   -0.07703342698597689   -0.06180130489971538   -0.09092985916608284   -0.08362418869538206   -0.07146510753705315   -0.050940185352508424   0.04359866632180897   0.04194715940862128   0.004161221771008027   -0.01993161924321419   -0.04762495014296772   
T_sec   15.0   15.5   16.0   16.5   17.0   17.5   18.0   18.5   19.0   19.5   20.0   20.5   21.0   21.5   22.0   22.5   23.0   23.5   24.0   24.5   25.0   25.5   26.0   26.5   27.0   27.5   28.0   28.5   29.0   29.5   30.0   30.5   31.0   31.5   32.0   32.5   33.0   33.5   34.0   34.5   35.0   35.5   36.0   36.5   37.0   37.5   38.0   38.5   39.0   39.5   40.0   40.5   41.0   41.5   42.0   42.5   43.0   43.5   44.0   44.5   45.0   45.5   46.0   46.5   47.0   47.5   48.0   48.5   49.0   49.5   50.0   50.5   51.0   51.5   52.0   52.5   53.0   53.5   54.0   54.5   55.0   
U22   -0.0010281150143982224   -0.0007071857291255255   -0.0010679281328006263   -0.0007042376784493606   -0.0011055294398719063   -0.0006940857829689833   -0.0011422133087392661   -0.0006787288437518594   -0.0011803115265108534   -0.0006586755479808698   -0.001219580748614404   -0.0006286554889923147   -0.001253695670179038   -0.0005834467357889839   -0.0012808490412875488   -0.0005187101505022295   -0.0012981624622147375   -0.00042991946047340183   -0.0013025727700252045   -0.00030895621686067855   -0.0012879048604486644   -0.0001451957916464768   -0.0012447692671203122   7.748564653409477e-05   -0.0011621281928747957   0.000379194280263629   -0.0010213154440326137   0.0007943693764619968   -0.0007893954561889351   0.0013796172759396135   -0.0004096338596506979   0.002230055806804614   0.00021963153631311875   0.003514447422715497   0.001299632633450577   0.00557879657523444   0.0032753882869733936   0.009201011485281662   0.007330326981854067   0.016632917546171487   0.017558187428439946   0.03727900986586139   0.05816784435546844   0.1737146921730112   0.5857523651346173   1.0   0.33073872441212654   0.16830652936965318   0.3837251034438046   0.3797148918900032   0.3806459399749436   0.3341211247142238   0.4309626710504266   0.5535456808018457   0.4518677920489311   0.23973457972732445   0.14514218337306228   -0.25472097705433117   -0.6260662004022189   -0.27712896183144614   -0.0672229792840478   -0.0967980740876234   -0.16296382277429972   -0.14657200730043088   -0.1483730194921103   -0.20686848387221068   -0.09010480768412532   -0.020024836676207844   -0.05069562800775699   -0.05488045200713595   -0.04741629478163623   -0.06637677927659784   -0.08601070366736725   -0.13600668773983726   -0.07094181066429615   0.012004138239907763   0.016513155302645945   0.033435975261902354   0.006434385925054362   -0.01833255346010842   -0.026590447858364587   
T_sec   15.0   15.5   16.0   16.5   17.0   17.5   18.0   18.5   19.0   19.5   20.0   20.5   21.0   21.5   22.0   22.5   23.0   23.5   24.0   24.5   25.0   25.5   26.0   26.5   27.0   27.5   28.0   28.5   29.0   29.5   30.0   30.5   31.0   31.5   32.0   32.5   33.0   33.5   34.0   34.5   35.0   35.5   36.0   36.5   37.0   37.5   38.0   38.5   39.0   39.5   40.0   40.5   41.0   41.5   42.0   42.5   43.0   43.5   44.0   44.5   45.0   45.5   46.0   46.5   47.0   47.5   48.0   48.5   49.0   49.5   50.0   50.5   51.0   51.5   52.0   52.5   53.0   53.5   54.0   54.5   55.0   
U23   -0.002075113734075877   -0.0006028875980229117   -0.002171737630461455   -0.0006155079915941514   -0.0022681977576407535   -0.0006201057882728481   -0.0023642432410186957   -0.0006140358242244195   -0.002456514085869232   -0.000592923086741234   -0.002545436455594997   -0.0005565670917532255   -0.002630069839971953   -0.0005017086255843626   -0.0027096742128461275   -0.00042174107746381347   -0.002777078226100278   -0.00030590850324568734   -0.002826426814718826   -0.0001430036001189507   -0.0028482792396275734   8.276902913637741e-05   -0.0028315772135305726   0.00039539114783910395   -0.0027547940944448435   0.0008264283551666875   -0.002593731803260345   0.001437170777979674   -0.002284225057829494   0.00232044894705356   -0.0017360546717090973   0.003644625435208853   -0.0007548426999783491   0.005746175591521472   0.0010667458822026952   0.00934378635483754   0.004754005825319852   0.016350074546193503   0.013590372598339324   0.033578194034204895   0.04387308947239088   0.10832487229691698   0.3430545929213454   1.0   0.9517641677582974   0.19225411978302023   0.3614331269116783   0.46785711827113896   0.4011563117381824   0.24915528110750537   0.1998549116346036   0.2898220438342295   0.4586433736693701   0.6340950250337812   0.49323609143672326   0.15327640692061456   -0.0998037326157728   -0.13168278483647383   -0.29101803649385527   -0.2880973942429418   -0.18451454456614058   -0.22783926904527504   -0.19298123108122314   -0.23344511038357627   -0.22224630868990272   -0.14824154313361435   -0.11417803073138597   -0.08333462515176167   -0.039022338162514145   -0.03471572443646197   -0.048703163140499016   -0.11599299829749088   -0.16927701917359095   -0.1097783208337792   -0.03770686143293859   -0.027319974923089616   -0.007972244864553297   0.011812473929585678   0.019361067229690675   -0.0011631134605045535   0.0037234009828982077   
T_sec   15.0   15.5   16.0   16.5   17.0   17.5   18.0   18.5   19.0   19.5   20.0   20.5   21.0   21.5   22.0   22.5   23.0   23.5   24.0   24.5   25.0   25.5   26.0   26.5   27.0   27.5   28.0   28.5   29.0   29.5   30.0   30.5   31.0   31.5   32.0   32.5   33.0   33.5   34.0   34.5   35.0   35.5   36.0   36.5   37.0   37.5   38.0   38.5   39.0   39.5   40.0   40.5   41.0   41.5   42.0   42.5   43.0   43.5   44.0   44.5   45.0   45.5   46.0   46.5   47.0   47.5   48.0   48.5   49.0   49.5   50.0   50.5   51.0   51.5   52.0   52.5   53.0   53.5   54.0   54.5   55.0   
U24   -0.0019538279196113844   -0.001719715147800277   -0.0020319432119403355   -0.0017802602125995826   -0.002108282063405196   -0.001835912416555322   -0.0021800136638431555   -0.0018837366090381346   -0.0022453725370233184   -0.001921920625900447   -0.0023033400369304505   -0.0019474826285962204   -0.0023500145371532295   -0.0019566884660471586   -0.0023827217382286748   -0.0019434369085664152   -0.002393970294625363   -0.0018992464902987602   -0.0023783017846341816   -0.001814431132876458   -0.002322945224035907   -0.0016693614360162425   -0.002207836855376311   -0.0014364986801598308   -0.00200677114719796   -0.0010760313432063534   -0.0016757458568226458   -0.0005189854900668701   -0.001141805752091759   0.00035146572600161264   -0.0002733168339683258   0.0017610326819124122   0.0011972228197662579   0.004196278357228225   0.0038796098978982865   0.00886928714495361   0.009452713425529334   0.01964121847115241   0.02433611263824445   0.05598866738660994   0.09993980100462269   0.4304021778986767   1.0   0.6603792932615266   0.24634980776868984   0.3898193939447124   0.4232438761275069   0.2618521159578438   0.14096147148644156   0.15823401107427867   0.2135029311358208   0.34853243350787877   0.587849604988873   0.66537249321203   0.42823906281164514   0.05261495995480361   -0.1919024362346102   0.023285360967029618   0.015337963440020594   -0.27678519902856424   -0.2653582032821463   -0.21970767011916956   -0.27142418610371377   -0.22301584766375027   -0.1404537578835658   -0.14843104655754044   -0.16813100614323523   -0.10146474654727929   -0.03512021548707491   -0.05529739055991082   -0.122113867271871   -0.1368860386103302   -0.07365735533456344   -0.04961093382218755   -0.040589400181838   -4.8125917172839735e-05   0.020434873456459977   0.03357312011404257   0.05215897073356916   0.04931688312577107   -0.0006688999058227592   
T_sec   15.0   15.5   16.0   16.5   17.0   17.5   18.0   18.5   19.0   19.5   20.0   20.5   21.0   21.5   22.0   22.5   23.0   23.5   24.0   24.5   25.0   25.5   26.0   26.5   27.0   27.5   28.0   28.5   29.0   29.5   30.0   30.5   31.0   31.5   32.0   32.5   33.0   33.5   34.0   34.5   35.0   35.5   36.0   36.5   37.0   37.5   38.0   38.5   39.0   39.5   40.0   40.5   41.0   41.5   42.0   42.5   43.0   43.5   44.0   44.5   45.0   45.5   46.0   46.5   47.0   47.5   48.0   48.5   49.0   49.5   50.0   50.5   51.0   51.5   52.0   52.5   53.0   53.5   54.0   54.5   55.0   
U25   -0.002138039897064445   -0.0023335817248372154   -0.0022306452480462817   -0.0024315788889764734   -0.00231942809270438   -0.002525869785049035   -0.0024027746323260356   -0.0026141841569120652   -0.0024770401473763514   -0.0026964296817678624   -0.002543838436568034   -0.0027699497556300055   -0.002594775707025774   -0.002827123281310359   -0.0026232189771099104   -0.002861973734599391   -0.002620983014999878   -0.0028671193536296087   -0.0025782995644283075   -0.0028326687850700402   -0.0024799640640913866   -0.0027432020477555705   -0.0023014823670592212   -0.002571168325313177   -0.0020024069848702726   -0.002275627741026915   -0.0015174099342895237   -0.0017819968393412418   -0.0007277660513264901   -0.0009586177302609052   0.0005903619834691785   0.00046081872723247855   0.0029212788900590905   0.0030881077128586745   0.007477685855949862   0.008623154098367124   0.018183480113983526   0.023699373202974425   0.05509266930843107   0.10368507805725656   0.4482692947808884   1.0   0.5877973392939831   0.2759248615721131   0.411916507422121   0.3605773763616421   0.14580108887685686   0.08055480674379299   0.11906813010329184   0.161180397913702   0.29041601927861943   0.44881441495998636   0.5517949792008127   0.5224504026530015   0.2917825688169167   -0.12199155797190342   -0.40140086076095666   -0.027322266703570228   0.1655538539606811   -0.14368179063391778   -0.2660602756594518   -0.29557142136526454   -0.23754744334833344   -0.16353316713015784   -0.13839070297438466   -0.14188084722639743   -0.12147731278299051   -0.08523797453539626   -0.051731323106334805   -0.1132252075984611   -0.1321321295213633   -0.079452513423583   -0.06988767668451513   -0.051368055962174385   -0.03619427425779316   0.0033607930235337214   0.01947082169820151   0.013827142343620157   0.04046773536300452   0.013224269229385235   -0.03790159145287967   
T_sec   15.0   15.5   16.0   16.5   17.0   17.5   18.0   18.5   19.0   19.5   20.0   20.5   21.0   21.5   22.0   22.5   23.0   23.5   24.0   24.5   25.0   25.5   26.0   26.5   27.0   27.5   28.0   28.5   29.0   29.5   30.0   30.5   31.0   31.5   32.0   32.5   33.0   33.5   34.0   34.5   35.0   35.5   36.0   36.5   37.0   37.5   38.0   38.5   39.0   39.5   40.0   40.5   41.0   41.5   42.0   42.5   43.0   43.5   44.0   44.5   45.0   45.5   46.0   46.5   47.0   47.5   48.0   48.5   49.0   49.5   50.0   50.5   51.0   51.5   52.0   52.5   53.0   53.5   54.0   54.5   55.0   
U26   -0.0015890778492172206   -0.00338356434547299   -0.0016316064266518001   -0.003539976897539001   -0.0016634896847180496   -0.0036948281641108784   -0.0016812375461668176   -0.003849855225284976   -0.0016836866519150534   -0.004005568133848825   -0.0016677933092753626   -0.004158238056706625   -0.00162641819318501   -0.004305315436902068   -0.0015523901444683727   -0.00444300777311358   -0.0014361157834450681   -0.004564988924119723   -0.0012614202093288373   -0.004661283500885474   -0.0010078418842807606   -0.0047156950257268996   -0.0006425882297666596   -0.0047003129601230435   -0.00011350952468951101   -0.004570453383444422   0.0006642309124242851   -0.004239592476932582   0.001842242898112433   -0.0035377915556894205   0.0037191436707435786   -0.0020731694345073647   0.006968395428259697   0.001188043869049616   0.0134327795604336   0.00977286428293504   0.03023262640153704   0.04318922578788511   0.11944433966642018   0.4323638956412758   1.0   0.4197103246700731   0.22157676349718725   0.4369224499561213   0.17759725390489325   0.02562940696412724   0.06468294475579828   0.11346514993828322   0.16589869152217637   0.3039798320901883   0.38246508079975816   0.39449734136937614   0.4283026668869177   0.3739177992326576   0.10335590825191482   -0.2676353138763709   -0.4366509987413472   0.0157135030982227   0.3728768580927134   0.01098940259909033   -0.39391254512422   -0.22412567818456938   -0.16820910079923698   -0.1603596629247264   -0.13661514531813532   -0.0770366935188847   -0.11124185629237744   -0.1188981321988484   -0.1507981880553644   -0.12957153468846277   -0.07009663103138065   -0.0508865550002594   -0.03948377624800112   0.0030527777518118567   0.0024282423603466914   0.015916984877272267   0.026350382419543995   0.0014454861846685625   -0.0021829910447914123   0.0054414356757279845   -0.026420685061661706   
T_sec   15.0   15.5   16.0   16.5   17.0   17.5   18.0   18.5   19.0   19.5   20.0   20.5   21.0   21.5   22.0   22.5   23.0   23.5   24.0   24.5   25.0   25.5   26.0   26.5   27.0   27.5   28.0   28.5   29.0   29.5   30.0   30.5   31.0   31.5   32.0   32.5   33.0   33.5   34.0   34.5   35.0   35.5   36.0   36.5   37.0   37.5   38.0   38.5   39.0   39.5   40.0   40.5   41.0   41.5   42.0   42.5   43.0   43.5   44.0   44.5   45.0   45.5   46.0   46.5   47.0   47.5   48.0   48.5   49.0   49.5   50.0   50.5   51.0   51.5   52.0   52.5   53.0   53.5   54.0   54.5   55.0   
U27   -0.002631912014666663   -0.0035504855597687135   -0.0027197341616636847   -0.003668074840824745   -0.0028002109050712124   -0.0037802703564932005   -0.002872007364959317   -0.0038843009835282665   -0.002932602262572186   -0.003978246495540091   -0.0029777725254420953   -0.004055846524379107   -0.003001390560617493   -0.004111090546385749   -0.0029955099121429306   -0.0041341118792147125   -0.002948460740575233   -0.004111921509398928   -0.0028441159954195293   -0.004024786072247783   -0.002657684048567558   -0.003844440400655297   -0.0023516026911219222   -0.0035205674108409676   -0.0018570078734373955   -0.002965436291230951   -0.0010544202192908536   -0.0020252273028288203   0.0002832857223139487   -0.0003849198632620293   0.002662387028228889   0.0026996940509677525   0.007390831206038804   0.009350219487632943   0.0188408557294612   0.028365193123203278   0.061331973191419996   0.14801183373295057   0.5731660637271898   1.0   0.5247970481790077   0.37847595747840374   0.3993494854889808   0.1003499928055152   0.042018452257084234   0.07990929007167391   0.15777114812291337   0.24778395309483833   0.37864007273749894   0.4197559925043647   0.4310664811172664   0.3702739180483092   0.372234738625655   0.2582871215128714   0.04295121009064667   -0.370777472860516   -0.38766659748591875   0.13707450763697568   0.374285227868033   0.09511435430002593   -0.30079278039818175   -0.26389889678471085   -0.24709149205604058   -0.18096326324354745   -0.12493149463120867   -0.12038707992554264   -0.16602253982357248   -0.21631091797126115   -0.22045486869794828   -0.1304295951687383   -0.09454809834355098   -0.03258943827590148   0.030508590821015737   0.050282632287683746   0.0331034258844006   0.032350896383707986   0.014018913851861476   -0.02408968490422972   -0.011533625737682811   0.02482265345174818   -0.01770286390663962   
T_sec   15.0   15.5   16.0   16.5   17.0   17.5   18.0   18.5   19.0   19.5   20.0   20.5   21.0   21.5   22.0   22.5   23.0   23.5   24.0   24.5   25.0   25.5   26.0   26.5   27.0   27.5   28.0   28.5   29.0   29.5   30.0   30.5   31.0   31.5   32.0   32.5   33.0   33.5   34.0   34.5   35.0   35.5   36.0   36.5   37.0   37.5   38.0   38.5   39.0   39.5   40.0   40.5   41.0   41.5   42.0   42.5   43.0   43.5   44.0   44.5   45.0   45.5   46.0   46.5   47.0   47.5   48.0   48.5   49.0   49.5   50.0   50.5   51.0   51.5   52.0   52.5   53.0   53.5   54.0   54.5   55.0   
U28   -0.0032921810681681516   -0.004341313688511038   -0.0033680747055895984   -0.004487699708833192   -0.003430345722756493   -0.004627632867689878   -0.0034744316030832023   -0.004757692967699372   -0.0034964596863876693   -0.004876155367852727   -0.0034896903522749797   -0.00497673291055536   -0.003444998567573865   -0.005051895344640243   -0.0033510463504375955   -0.005091525457426932   -0.003185092807670358   -0.00507365066208556   -0.002917794044916142   -0.004971016914160883   -0.0025045664411539772   -0.0047378881174358735   -0.0018712191156026953   -0.004290664554753291   -0.0008877699781776794   -0.0034823893294355624   0.0006808884363927834   -0.0020124144359166363   0.0033342063492904964   0.0008177277569751857   0.00829401670851891   0.0069797808034984974   0.01942186165007658   0.024210666189295463   0.05635993991673818   0.1218373036743873   0.4073469857059896   0.8975863507289322   1.0   0.530874469822301   0.38799744188049873   0.10767590094511414   -0.018555159705580925   0.09789562342828217   0.1768222551214074   0.32638527794193617   0.40897766015707104   0.48039990263455273   0.45381155083219993   0.3363102334496123   0.23967944617936135   0.22800194431484938   0.21309436432282497   0.1708175034687551   -0.043783247246595276   -0.4027016018574096   -0.34921293838700335   0.15183011592459209   0.2592131515076362   0.30922247468582587   -0.008078645686067082   -0.3553236852726134   -0.28640221951913364   -0.2228399224222488   -0.19081412475864876   -0.2242621301564087   -0.2613661388272591   -0.21734359997139224   -0.19056868178755096   -0.16929275885230474   -0.05786647447905197   0.025461359480077453   0.07564445285314508   0.07754313175226378   0.040500178879425246   0.025456541004137953   -0.046866839748526075   -0.047151539844700704   0.0033420511411117173   0.027567005065418072   0.008580751547626142   
T_sec   15.0   15.5   16.0   16.5   17.0   17.5   18.0   18.5   19.0   19.5   20.0   20.5   21.0   21.5   22.0   22.5   23.0   23.5   24.0   24.5   25.0   25.5   26.0   26.5   27.0   27.5   28.0   28.5   29.0   29.5   30.0   30.5   31.0   31.5   32.0   32.5   33.0   33.5   34.0   34.5   35.0   35.5   36.0   36.5   37.0   37.5   38.0   38.5   39.0   39.5   40.0   40.5   41.0   41.5   42.0   42.5   43.0   43.5   44.0   44.5   45.0   45.5   46.0   46.5   47.0   47.5   48.0   48.5   49.0   49.5   50.0   50.5   51.0   51.5   52.0   52.5   53.0   53.5   54.0   54.5   55.0   
U29   -0.004585829134903072   -0.003689869815907852   -0.004751200991775299   -0.0037788750486882905   -0.0049115092620540335   -0.003852594957636173   -0.005065336255182584   -0.0039086810390396125   -0.005210373566859657   -0.003939520705540275   -0.005341457361965281   -0.003938392083524429   -0.005452816629746217   -0.003891547837947984   -0.0055320386846566824   -0.003780016649530988   -0.005563835360626917   -0.0035789759894190704   -0.005526256767089324   -0.003249876043419064   -0.005380526858618084   -0.0027265277005522567   -0.005061858221240402   -0.0019055438618041883   -0.004460529156672997   -0.0005966943824159219   -0.003355085989996004   0.0015840395725395802   -0.0012523270182420707   0.0055265428545347405   0.0031312167111359084   0.01373124096752347   0.014136456691309448   0.03641256674721032   0.056446702961915285   0.176662846131418   0.555117339786109   1.0   0.8218879626452263   0.5149927779989916   0.2647077785221021   0.005300303294806939   0.02685921766623189   0.10234887012182445   0.24178523229450471   0.34963322823075016   0.43864518301062166   0.46997442356666214   0.3963345131816004   0.26345569406167313   0.21136944338067162   0.17561061672551342   0.17682586687667584   0.12982426615342815   -0.08021409245846992   -0.4253087213417718   -0.2720914379939008   0.08449412763005243   0.22776574349236417   0.26455615406316835   -0.01510283376247659   -0.2783657202161243   -0.2773113129188515   -0.22083990052308114   -0.1996381019732575   -0.2466878065847252   -0.24376270862699773   -0.19312356218625332   -0.17644092793949062   -0.12748092468197045   -0.032429224159543336   0.03160244953044459   0.06621839964722467   0.04270718799717871   0.029754287518175337   -0.0037682584704566095   -0.059202438448930486   -0.04943848497239734   0.0004614259050688027   0.012061384051895267   0.0058478808460197314   
T_sec   15.0   15.5   16.0   16.5   17.0   17.5   18.0   18.5   19.0   19.5   20.0   20.5   21.0   21.5   22.0   22.5   23.0   23.5   24.0   24.5   25.0   25.5   26.0   26.5   27.0   27.5   28.0   28.5   29.0   29.5   30.0   30.5   31.0   31.5   32.0   32.5   33.0   33.5   34.0   34.5   35.0   35.5   36.0   36.5   37.0   37.5   38.0   38.5   39.0   39.5   40.0   40.5   41.0   41.5   42.0   42.5   43.0   43.5   44.0   44.5   45.0   45.5   46.0   46.5   47.0   47.5   48.0   48.5   49.0   49.5   50.0   50.5   51.0   51.5   52.0   52.5   53.0   53.5   54.0   54.5   55.0   
U30   -0.0029160585769557753   -0.004122415049330713   -0.002960882402369461   -0.004235784994469088   -0.0029890025065816743   -0.004339935139177039   -0.002995651641670375   -0.004426046270637848   -0.002968428714654112   -0.004487915109846821   -0.0029018511945834847   -0.004519332912771338   -0.0027846283940901723   -0.004511870124152515   -0.0026002432232097245   -0.004445484391763806   -0.002318517633568807   -0.004291779452680496   -0.0018971424118088983   -0.0040036379416296996   -0.0012650164389120693   -0.0035052251828284644   -0.0003051413835832339   -0.002654822443117847   0.0012104531624361461   -0.0011498660622644666   0.0037841308208915944   0.0017222424581149907   0.008638098410051507   0.007949876418430599   0.019654431688289068   0.025594183529861234   0.05749222207383371   0.13352548238986753   0.4184763344415269   0.8233411151797377   1.0   0.6730347598829894   0.13546859278487455   -0.07581986901435356   0.023770744570341878   0.14814926757577243   0.29251520461121383   0.4082087127337424   0.4477573512108111   0.4324236162827568   0.3134997123865537   0.21806947181165906   0.17095289672529856   0.12531092679926534   0.08779498732085464   0.07902015053093564   0.10453657757941014   0.0671683072753524   -0.10493003459173285   -0.37871807574531796   -0.22488265929894372   0.1466765387772461   0.24361097769203297   0.2873483985178942   0.17999945023062744   -0.15081996629407796   -0.38586192512080375   -0.3374067697392271   -0.29488994816843   -0.23349700529785375   -0.16837382468661588   -0.09518589842965026   -0.08914667998999151   -0.0861939556457137   -0.056561799539233064   0.0018078934583062492   0.052814437795574674   0.056210849044971534   0.025110255873497234   0.0038401508516042963   -0.039432457096385945   -0.034377333244820465   0.013275963474332313   0.03233577154784301   0.015678631108952432   
T_sec   15.0   15.5   16.0   16.5   17.0   17.5   18.0   18.5   19.0   19.5   20.0   20.5   21.0   21.5   22.0   22.5   23.0   23.5   24.0   24.5   25.0   25.5   26.0   26.5   27.0   27.5   28.0   28.5   29.0   29.5   30.0   30.5   31.0   31.5   32.0   32.5   33.0   33.5   34.0   34.5   35.0   35.5   36.0   36.5   37.0   37.5   38.0   38.5   39.0   39.5   40.0   40.5   41.0   41.5   42.0   42.5   43.0   43.5   44.0   44.5   45.0   45.5   46.0   46.5   47.0   47.5   48.0   48.5   49.0   49.5   50.0   50.5   51.0   51.5   52.0   52.5   53.0   53.5   54.0   54.5   55.0   
U31   -0.002952551608996711   -0.0035578975830633363   -0.003006454445890856   -0.003636812867123333   -0.0030412199313949737   -0.0036948250556038437   -0.0030526401412033157   -0.0037310353967049165   -0.0030389175717159787   -0.003741880642637189   -0.0029937927197437445   -0.0037159628546952986   -0.0029025267146650076   -0.0036385114028471923   -0.00274925961818509   -0.0034868256879134816   -0.002506955869177071   -0.0032295034274092685   -0.0021387889149458946   -0.0028183836487550257   -0.00158283067121874   -0.0021575635914939163   -0.0007043469362451653   -0.001057791112280784   0.0007422061577459365   0.000842083705390221   0.0032841402871536377   0.004406722399776929   0.008299340059835823   0.012166711488217413   0.020502900633773195   0.03503022720771406   0.06849684499749921   0.19321198815367413   0.5928204563791687   0.9395594811217018   1.0   0.35285777198718404   -0.12101326912119996   -0.04041134165253938   0.09221168425760898   0.22266710265290868   0.3822706761595299   0.4271729223255051   0.45473285649706097   0.33240026985340615   0.2344098749447225   0.1777063850763872   0.14084997063237906   0.08874821780775338   0.062411396655522366   0.052795709084439923   0.08922395796996613   0.061716260996273815   -0.08309203636090363   -0.43675254931715024   -0.1788240530378916   0.16508153145792567   0.25046778896191085   0.2706634799722013   0.19489681889822344   -0.12219595501612378   -0.4214331270585206   -0.34844383286239433   -0.29274539002983896   -0.20462151086108535   -0.12929670865210177   -0.06029945904046204   -0.08473549790299297   -0.0732984410877198   -0.061377191658930075   -0.007216058494004906   0.057526768912334   0.04630698074173844   0.025122009973594817   0.005379876655867483   -0.03783123334010876   -0.03827675730829305   0.01947708615029045   0.031647529341272046   0.008461477488304768   
T_sec   15.0   15.5   16.0   16.5   17.0   17.5   18.0   18.5   19.0   19.5   20.0   20.5   21.0   21.5   22.0   22.5   23.0   23.5   24.0   24.5   25.0   25.5   26.0   26.5   27.0   27.5   28.0   28.5   29.0   29.5   30.0   30.5   31.0   31.5   32.0   32.5   33.0   33.5   34.0   34.5   35.0   35.5   36.0   36.5   37.0   37.5   38.0   38.5   39.0   39.5   40.0   40.5   41.0   41.5   42.0   42.5   43.0   43.5   44.0   44.5   45.0   45.5   46.0   46.5   47.0   47.5   48.0   48.5   49.0   49.5   50.0   50.5   51.0   51.5   52.0   52.5   53.0   53.5   54.0   54.5   55.0   
U32   -0.0006599930772073265   -0.002587132316170312   -0.000574361889930153   -0.0026252983952844986   -0.0004628435565881128   -0.00265372832716585   -0.0003191180902220616   -0.0026701954607646376   -0.0001421296030445935   -0.0026750865278534148   8.744514953008706e-05   -0.002651328120369682   0.00039170404209732177   -0.0025842511735825243   0.0008012945008398287   -0.0024550405264115458   0.001356978757123252   -0.002232493874173913   0.002128392596779042   -0.0018601327365664936   0.0032391415429584612   -0.001230271782218638   0.004920063263467334   -0.000123587021496087   0.007644325017919361   0.001956904089907038   0.012528197338087606   0.006403895749962429   0.02298332752026521   0.018524296039193013   0.05480443150032493   0.08038852909654287   0.31031062132017356   0.6657116933493138   1.0   0.9388410881747838   -0.0842139885484145   -0.1606403994705972   0.058475242114684106   0.19618235216257435   0.359817149769822   0.44307562362264347   0.4570280150815354   0.30930516381547507   0.22004482643637166   0.20333208557079044   0.14839569311479708   0.10953728573304411   0.07692986969523392   0.040648671904694976   0.014023533753701054   0.033480083366443494   0.06546441650426559   0.07760140836825004   -0.09957052104823752   -0.3818201990050642   -0.06376625340425117   0.2064861147528294   0.2574116097526705   0.24288492232770525   0.1583773470756102   -0.050134210958457895   -0.41936601837707116   -0.42137874435579875   -0.2313317426937796   -0.09921582792625021   -0.07085317487328664   -0.05295529821234726   -0.06765617471263996   -0.0801440546424495   -0.06936477093336671   -0.03686783232801284   0.03682572870193614   0.05303911578723257   0.0599267126411882   0.03848178795245108   -0.007610589093027213   -0.028581643376897455   0.02182145524870968   0.04778229050787182   0.019172749883580517   
T_sec   15.0   15.5   16.0   16.5   17.0   17.5   18.0   18.5   19.0   19.5   20.0   20.5   21.0   21.5   22.0   22.5   23.0   23.5   24.0   24.5   25.0   25.5   26.0   26.5   27.0   27.5   28.0   28.5   29.0   29.5   30.0   30.5   31.0   31.5   32.0   32.5   33.0   33.5   34.0   34.5   35.0   35.5   36.0   36.5   37.0   37.5   38.0   38.5   39.0   39.5   40.0   40.5   41.0   41.5   42.0   42.5   43.0   43.5   44.0   44.5   45.0   45.5   46.0   46.5   47.0   47.5   48.0   48.5   49.0   49.5   50.0   50.5   51.0   51.5   52.0   52.5   53.0   53.5   54.0   54.5   55.0   
U33   0.0030320761593645045   -0.0010225584884725478   0.0033113217911244605   -0.001096715118345435   0.003635988494527349   -0.0011762302908015765   0.004018227596915348   -0.0012603780916996823   0.004476266089301726   -0.0013467195023453581   0.005030436841050264   -0.0014340446658364565   0.005714493539222567   -0.0015169617852965715   0.00657724313600438   -0.0015885167617131555   0.0076783340920045665   -0.0016316592066819386   0.009170464570268468   -0.0015711579667960576   0.011288461989511186   -0.0012737326211729417   0.014518766861730247   -0.00036983765047285036   0.019988866047065942   0.0023198623885801453   0.031100125628260034   0.012013763865267682   0.0640571258176587   0.08074888817489748   0.3529355067039762   0.5555354491469556   1.0   0.34959803088317754   -0.3206469245054936   0.006617384448572257   0.15396599393455127   0.34076588582786743   0.3889437449065947   0.39475987100409704   0.1584952808365012   0.1443681850757668   0.14295053021917917   0.13942296415574462   0.07387015033110213   0.07604200906459824   0.0461751640028641   0.011358144987338076   -0.022119613266468302   -0.019411245880195705   -0.020554666505630058   0.0646022048166103   0.025348898456202678   0.04702937276014389   -0.05241370717930924   -0.17921865730965866   -0.0515473563528212   0.13553349933847939   0.20462210968440905   0.10111134243362775   -0.012300175063589573   -0.0735567051701088   -0.08736535788124697   -0.19067319951178185   -0.1533999324444354   -0.07648118690783483   -0.06263048412417901   -0.045022691984201606   -0.027937640716901524   0.0033167883036714302   -0.016601350520270324   -0.021868799260465616   -0.007751163179724763   0.03018548370343705   0.044889434589810075   0.025855852394696975   0.010173641525265797   -0.009891713217315268   0.01395932307727813   0.03356491825742145   0.022313336361262353   
T_sec   15.0   15.5   16.0   16.5   17.0   17.5   18.0   18.5   19.0   19.5   20.0   20.5   21.0   21.5   22.0   22.5   23.0   23.5   24.0   24.5   25.0   25.5   26.0   26.5   27.0   27.5   28.0   28.5   29.0   29.5   30.0   30.5   31.0   31.5   32.0   32.5   33.0   33.5   34.0   34.5   35.0   35.5   36.0   36.5   37.0   37.5   38.0   38.5   39.0   39.5   40.0   40.5   41.0   41.5   42.0   42.5   43.0   43.5   44.0   44.5   45.0   45.5   46.0   46.5   47.0   47.5   48.0   48.5   49.0   49.5   50.0   50.5   51.0   51.5   52.0   52.5   53.0   53.5   54.0   54.5   55.0   
U34   0.002922372634007125   0.0008580255439144649   0.0031702582917917496   0.0009232187601579559   0.003458413932200304   0.0010032313660573984   0.0037959983414812136   0.0011033816867730883   0.004196778067274744   0.001231415746545223   0.004680168641853489   0.0013990706836954146   0.005266740832892437   0.0016111760192077645   0.00600541694464418   0.0019270590210919904   0.0069831282052364605   0.0024101782025383236   0.008330430605481134   0.0031952544288854543   0.01030478078467467   0.004574413634424552   0.013448811518262322   0.007276239781564715   0.01916577440263537   0.013552467637549873   0.032264184290960556   0.034025210541088875   0.08631427603442512   0.19917589300243327   0.5202084781292031   0.8390665409175317   1.0   0.014312478383392608   -0.2841430548474051   0.11543561146066558   0.2954450029062005   0.45421288245633745   0.47499670946848827   0.3388391382481667   0.13832004735537876   0.17322757227676672   0.16499160984601802   0.1386917533547447   0.08105368008020243   0.08343833965394938   0.042260010080450335   -0.0008638825514350277   -0.02450271183062727   -0.027028859362485808   0.008922806213261969   0.06783469199196487   0.038300012882013075   0.0694273253479109   -0.047490675102473394   -0.2101094802206157   -0.057094038174013685   0.16627682631308466   0.23088298996671702   0.11840524529717227   -0.014648602661419163   -0.06294906099838792   -0.05347325118178967   -0.20110976832575628   -0.20431906324321522   -0.10694940950682759   -0.07479622581378027   -0.043665379834492   -0.0168500593212739   0.004752235033916988   -0.029944914840881652   -0.028890317973479362   -0.009915700313074973   0.021123954529666644   0.0539645834779851   0.04977633779967146   0.022295481004575412   -0.0009283420590864878   0.01921618481788212   0.04385039262060934   0.028287153978073562   
T_sec   15.0   15.5   16.0   16.5   17.0   17.5   18.0   18.5   19.0   19.5   20.0   20.5   21.0   21.5   22.0   22.5   23.0   23.5   24.0   24.5   25.0   25.5   26.0   26.5   27.0   27.5   28.0   28.5   29.0   29.5   30.0   30.5   31.0   31.5   32.0   32.5   33.0   33.5   34.0   34.5   35.0   35.5   36.0   36.5   37.0   37.5   38.0   38.5   39.0   39.5   40.0   40.5   41.0   41.5   42.0   42.5   43.0   43.5   44.0   44.5   45.0   45.5   46.0   46.5   47.0   47.5   48.0   48.5   49.0   49.5   50.0   50.5   51.0   51.5   52.0   52.5   53.0   53.5   54.0   54.5   55.0   
U35   0.005340327657166747   0.0010572171837366351   0.005711443283072626   0.0010585964225442786   0.006138995698933316   0.0010630333427354532   0.006636484262785417   0.001069414571860631   0.0072281397009543065   0.0010799681647114512   0.007944631232923004   0.0011023373024633917   0.008830135136110981   0.0011543550755901014   0.009967045316045755   0.0012615201013958435   0.011475640741320946   0.0014816966913494952   0.013584747336738576   0.0019409190550107398   0.016752872119153356   0.0029609163365877274   0.022027385795770467   0.005502619123647437   0.03240187707596417   0.013426486687418228   0.06082175223878432   0.05690941468735912   0.26523646301899084   0.4904657348729008   1.0   0.7104611129548619   -0.2653114229303941   -0.1180712399320819   0.19450627291024158   0.410211763572358   0.49005055081516075   0.3983889720966881   0.14536028664171474   0.12881997628417144   0.1434264158611618   0.15690523020111322   0.0933128187624529   0.08053081913944281   0.06867642960797897   0.04013206211555787   -0.014704943277430453   -0.02406414697031403   -0.048089189044133715   0.03485359198113033   0.025045744521726802   0.03182806439470631   0.10596859368661678   0.08591706292604602   -0.12351222363937416   -0.18936399405582088   -0.022475699026061342   0.15597152705420764   0.21850703420852374   0.0606763873544223   0.002298019313559828   0.017073758156328313   -0.010033409181611832   -0.1305528549793692   -0.22433842445529775   -0.12541414780831922   -0.04588465140531263   0.010706947192258006   0.006708388420410259   -0.01616462679700917   -0.02946285981100975   0.00011098671813551022   -0.012228885835058611   -0.019657957566039858   0.0424755594777056   0.05910750479706514   0.02502301352912103   0.0003229395859997066   0.012961249881925761   0.035021946069406625   0.013397250419188291   
T_sec   15.0   15.5   16.0   16.5   17.0   17.5   18.0   18.5   19.0   19.5   20.0   20.5   21.0   21.5   22.0   22.5   23.0   23.5   24.0   24.5   25.0   25.5   26.0   26.5   27.0   27.5   28.0   28.5   29.0   29.5   30.0   30.5   31.0   31.5   32.0   32.5   33.0   33.5   34.0   34.5   35.0   35.5   36.0   36.5   37.0   37.5   38.0   38.5   39.0   39.5   40.0   40.5   41.0   41.5   42.0   42.5   43.0   43.5   44.0   44.5   45.0   45.5   46.0   46.5   47.0   47.5   48.0   48.5   49.0   49.5   50.0   50.5   51.0   51.5   52.0   52.5   53.0   53.5   54.0   54.5   55.0   
U36   0.0038331027834699618   0.0052140899656765265   0.004036739790827199   0.005538555845670468   0.004268693299792699   0.005909925614396174   0.004543502600107095   0.006348793757186381   0.004871047563284626   0.006874930873403514   0.005276926466614669   0.007526333625321063   0.0057995367260312855   0.008364115770219558   0.006508295530857316   0.009493565873458454   0.007528749084482285   0.011105438848649604   0.009111083718912283   0.013608737138654669   0.011866175022658538   0.018021383194065158   0.017472571060907018   0.02746411923747975   0.03259219309155692   0.05829757948582738   0.11922069823011196   0.3199321597830119   0.6862008227272584   1.0   0.49629825701229835   -0.1942790443519155   -0.0464190112992315   0.3342883397264524   0.5496320570741658   0.514819643980072   0.2851625060434307   0.12399729430955564   0.13137561286779117   0.15185334886027893   0.1462241328576587   0.09755346491674656   0.08144043975599577   0.07224051396248261   0.03821893397209428   -0.014719916647492497   -0.042417272163511786   -0.031613722843078236   0.02443714052556879   0.022695790874638116   0.035939354054515836   0.09996414400294361   0.09361978897586812   0.011961368074741062   -0.11287028764813525   -0.17329079537754286   -0.025179294126894444   0.1738729838504443   0.21620253697297517   0.12298728797101921   0.04096920889772804   -0.007914625364921645   -0.02053939091409983   -0.09489987580093914   -0.18891582302544535   -0.13948438582277298   -0.020406239034802553   0.0046596140332826105   -0.010181452177809634   -0.015972601881230897   -0.004328535196852443   -0.010911881267649793   -0.019650974737652406   -0.02704446789285937   -0.0001426068375922903   0.043060216593917   0.03932852057577864   0.007697589356310764   0.019207726749548803   0.030791447712115085   0.023546245365416395   
T_sec   15.0   15.5   16.0   16.5   17.0   17.5   18.0   18.5   19.0   19.5   20.0   20.5   21.0   21.5   22.0   22.5   23.0   23.5   24.0   24.5   25.0   25.5   26.0   26.5   27.0   27.5   28.0   28.5   29.0   29.5   30.0   30.5   31.0   31.5   32.0   32.5   33.0   33.5   34.0   34.5   35.0   35.5   36.0   36.5   37.0   37.5   38.0   38.5   39.0   39.5   40.0   40.5   41.0   41.5   42.0   42.5   43.0   43.5   44.0   44.5   45.0   45.5   46.0   46.5   47.0   47.5   48.0   48.5   49.0   49.5   50.0   50.5   51.0   51.5   52.0   52.5   53.0   53.5   54.0   54.5   55.0   
U37   0.005450683081839265   0.006210836407419751   0.005736072014353426   0.006599633198895853   0.006062500305382467   0.007048847559585857   0.006438977023171173   0.007594123356752534   0.006914163063091368   0.00828189049727479   0.007502417956059349   0.009139108643016078   0.008250626614653204   0.01027329553289521   0.009269560349134518   0.011858017760558908   0.010761247495008036   0.014259573444028038   0.013179335178610864   0.01833117870064531   0.017714975070803208   0.02652182314362879   0.028524904734102085   0.049154963400682906   0.07180311040999651   0.1987060263761199   0.4718197410295017   1.0   0.8291989527842988   0.09213880422059553   -0.12647971941679073   0.20868522950216106   0.6099868177016281   0.618117276377098   0.32640676531635926   0.1391715492319814   0.11286302902742398   0.13455523452018672   0.14866680201010105   0.11489667296799615   0.0816021193154068   0.07878400764230092   0.06841498002547108   0.01538184625422097   -0.04191720926333121   -0.05952876874534419   -0.0049819236648197185   0.013271577979135425   0.00684829053177273   0.05068064459697165   0.07970097200925444   0.058423963992883216   0.04024875327730154   -0.01133443888500482   -0.12015639256785156   -0.15704846113872287   -0.02567134253353732   0.22979016122612703   0.2795969281186699   0.10628155388462976   -0.018699881305635803   -0.05220606809508718   -0.02876622484688173   -0.006427372909875049   -0.0710565028515644   -0.11698878716487943   -0.0685676460892769   -0.017637955877629685   0.003690525931027464   -0.005915758807848202   -0.021181047340810465   -0.020729982274417108   -0.016819261844748194   -0.02734784568540334   -0.026943245535094758   0.008620447218733836   0.02502495897495477   -0.0027636765194625195   -0.007501519056288066   0.02090378605035786   0.04772476197083986   
T_sec   15.0   15.5   16.0   16.5   17.0   17.5   18.0   18.5   19.0   19.5   20.0   20.5   21.0   21.5   22.0   22.5   23.0   23.5   24.0   24.5   25.0   25.5   26.0   26.5   27.0   27.5   28.0   28.5   29.0   29.5   30.0   30.5   31.0   31.5   32.0   32.5   33.0   33.5   34.0   34.5   35.0   35.5   36.0   36.5   37.0   37.5   38.0   38.5   39.0   39.5   40.0   40.5   41.0   41.5   42.0   42.5   43.0   43.5   44.0   44.5   45.0   45.5   46.0   46.5   47.0   47.5   48.0   48.5   49.0   49.5   50.0   50.5   51.0   51.5   52.0   52.5   53.0   53.5   54.0   54.5   55.0   
U38   0.004054979681772704   0.0069808747937715925   0.004297038118424178   0.007561126196678774   0.0045783103787752355   0.00824335497687631   0.004905577358744745   0.009073602662777706   0.005307222725642211   0.010126255785190726   0.005837962490642776   0.011513705649092074   0.006577846871268158   0.013436626738886572   0.007690296143237573   0.01629983705027159   0.009546717440275604   0.020992642471201476   0.013109758003588184   0.029911684551368264   0.02161814414572052   0.052064910088371226   0.05293119645862506   0.16243327389979056   0.3598045629425002   0.9762734123879366   1.0   0.27062897669498825   -0.003459928494180123   0.1819260189526794   0.7209468910262736   0.6875161578588824   0.30291581908328613   0.12423840502478518   0.10582611318251253   0.11655363043904234   0.141970261344118   0.11653212031027785   0.08344962858875488   0.07891621920775359   0.08887760754267264   0.04151983694713165   -0.03304106170833397   -0.07610703293828347   -0.019827191829507696   -0.00174903251486784   -0.005871357813201568   0.026324914462847033   0.0620142725860306   0.054585698246437775   0.029485595241934358   0.019029337688320994   0.04371008316814964   -0.010094370085794767   -0.1662791079321818   -0.1518800852415062   0.1029717753337252   0.33997800712305715   0.24500865930938662   0.005271629449062342   -0.05359073003436483   -0.005803624594199622   0.047622556159224304   0.060938819888646155   -0.020529410725385187   -0.1552829939979641   -0.13625613924180202   -0.044439394508804346   -0.02347936539114738   -0.03622840303558875   -0.020218335651812518   -0.0012115159358105495   -0.0049981557584083   -0.03170374983794422   -0.05821881973472123   -0.04663565054921154   -0.009394230943318817   -0.0123659139091179   0.015692911982548706   0.07925588471009645   0.08754307696464451   
T_sec   15.0   15.5   16.0   16.5   17.0   17.5   18.0   18.5   19.0   19.5   20.0   20.5   21.0   21.5   22.0   22.5   23.0   23.5   24.0   24.5   25.0   25.5   26.0   26.5   27.0   27.5   28.0   28.5   29.0   29.5   30.0   30.5   31.0   31.5   32.0   32.5   33.0   33.5   34.0   34.5   35.0   35.5   36.0   36.5   37.0   37.5   38.0   38.5   39.0   39.5   40.0   40.5   41.0   41.5   42.0   42.5   43.0   43.5   44.0   44.5   45.0   45.5   46.0   46.5   47.0   47.5   48.0   48.5   49.0   49.5   50.0   50.5   51.0   51.5   52.0   52.5   53.0   53.5   54.0   54.5   55.0   
U39   0.007141347982631517   0.006006521928467625   0.007654067262238532   0.006398748962367289   0.008265899232317601   0.006868031528348038   0.009019408026057706   0.0074517831273541195   0.00995979023637804   0.008195475785908684   0.011200264564380545   0.009211782488842366   0.012929720853282992   0.010706659735365472   0.015532204506155904   0.013121563793172997   0.01983442839825671   0.0175558008734326   0.02813661140598937   0.027664939651022222   0.04927809112837915   0.06327029018660378   0.15955233463118604   0.39316762650108333   1.0   0.9393515270221734   0.25667796171253826   0.08354146797688886   0.3361409782378897   0.7870747266666847   0.6220263771234191   0.21738282074007484   0.1068963825002604   0.09303664279348568   0.10885788673318314   0.12532171183343163   0.10047768512564371   0.07021727513123308   0.07848505083919524   0.0846864046556229   0.0375687306505014   -0.04396908818091901   -0.07671992590205905   -0.0238532388981379   -0.01665772374971806   -0.02031472895998214   0.01721368976909954   0.04641461652279968   0.042162088789712684   0.010548503921300226   0.008012557817812311   0.04486621657597931   0.03231091789885639   -0.06881689018810157   -0.12069085816516335   -0.06543116702542655   0.12138991414844669   0.28617211602887427   0.16180341684696478   0.0032563673162777956   -0.010225049338756745   0.03371533299153218   0.04293030213813726   0.013754552439663878   -0.030052842488130855   -0.10650602126297601   -0.13351175775842136   -0.07137751076440059   -0.03393060379133797   -0.02135800757999038   -0.0009359635792803516   0.006926523364509229   -0.011432690690117105   -0.02428956172465673   -0.052894154199901865   -0.07756555663833804   -0.06888703834146018   -0.023432033294879435   0.023950018705829672   0.06237829079644781   0.054839601901172326   
T_sec   15.0   15.5   16.0   16.5   17.0   17.5   18.0   18.5   19.0   19.5   20.0   20.5   21.0   21.5   22.0   22.5   23.0   23.5   24.0   24.5   25.0   25.5   26.0   26.5   27.0   27.5   28.0   28.5   29.0   29.5   30.0   30.5   31.0   31.5   32.0   32.5   33.0   33.5   34.0   34.5   35.0   35.5   36.0   36.5   37.0   37.5   38.0   38.5   39.0   39.5   40.0   40.5   41.0   41.5   42.0   42.5   43.0   43.5   44.0   44.5   45.0   45.5   46.0   46.5   47.0   47.5   48.0   48.5   49.0   49.5   50.0   50.5   51.0   51.5   52.0   52.5   53.0   53.5   54.0   54.5   55.0   
U40   0.0025364090256655373   0.008509338575454587   0.0026662095383755084   0.009322889350934177   0.0028233819450324896   0.010319411572023405   0.0030349593943220813   0.011585609285200525   0.0033270225002549475   0.013228389545362668   0.003755631456984295   0.015486663173671637   0.004458733604974533   0.01877882473466932   0.005739041399119745   0.0240422338405305   0.008415484383590193   0.03372272580905146   0.015315936849569818   0.05647947501972769   0.04178928321222188   0.15583709105671337   0.3108915023343462   1.0   0.9137230756070651   0.19976309789797853   0.2061459002807324   0.38845202513028704   0.845347877525863   0.4757808693945104   0.1777937083848008   0.08439340260543977   0.08182551153329086   0.08884896906683137   0.11385568777154888   0.07750855983749672   0.05940126113386453   0.07467694487737976   0.08547340323485456   0.034746784222242276   -0.040675665484652616   -0.08136809565487099   -0.015366693733462423   -0.03486117812233974   -0.031812746225757964   0.0074628837309270194   0.038574430819786114   0.03286378478090262   0.0008501209559476475   0.0026864771102674103   0.046125955721965886   0.03202995236492994   -0.033231136886195944   -0.037237929722363027   -0.05704262107485742   -0.05728723830977499   0.11198082178682649   0.24625072361860453   0.15512649144408697   0.020907237132360645   0.021152914290389607   0.01572425962524121   -0.005708794993810689   -0.010232569890313167   -0.006544481540228426   -0.08015559581185978   -0.13984470923969547   -0.0914111340070984   -0.027118592113976034   -0.007331069598789086   0.003530540868389089   -0.005244374823214513   -0.004638703540317945   -0.037611674501125146   -0.06962385575505746   -0.1025170083332437   -0.06277567004352631   -0.00011234125957508673   0.013366700187371251   0.030520354749199112   0.03423768007261183   
sta_location:9.594800269105399,10.17750816164621,10.73245975558304,11.00082036889347,11.967339536495572,12.261135866376309,12.891216350440457,13.414298698169286,13.922158109290285,14.45022626114821,14.705107538407379,15.492805328233455,15.980135156846888,16.43807627371055,16.54255803211285,17.466538855581266,17.72519005031792,18.04412394756687,18.69091961051442,19.051030147698746,19.71798609994805,20.3143293633457,20.764043441191863,21.36698266270103,21.877714390636175,22.33258699925905,22.851314253298742,23.290261306783258,23.961882582274647,24.083717134363166,24.815409378621297,25.001831585307453,25.552707374718544,26.497181406661436,26.65936196323281,27.14646944303507,27.619083592584907,28.180261577230677,28.831845530145173,29.227663682760333,29.58703516298598,
rebuild_index:0,1,2,3,4,5,6,7,8,9,10,11,12,13,14,15,16,17,18,19,20,21,22,23,24,25,26,27,28,29,30,31,32,33,34,35,36,37,38,39,40,
use_index:0,1,2,3,4,5,6,7,8,9,10,11,12,13,14,15,16,17,18,19,20,21,22,23,24,25,26,27,28,29,30,31,32,33,34,35,36,37,38,39,40,
rebuild_locdata:9.594800269105399,10.17750816164621,10.73245975558304,11.00082036889347,11.967339536495572,12.261135866376309,12.891216350440457,13.414298698169286,13.922158109290285,14.45022626114821,14.705107538407379,15.492805328233455,15.980135156846888,16.43807627371055,16.54255803211285,17.466538855581266,17.72519005031792,18.04412394756687,18.69091961051442,19.051030147698746,19.71798609994805,20.3143293633457,20.764043441191863,21.36698266270103,21.877714390636175,22.33258699925905,22.851314253298742,23.290261306783258,23.961882582274647,24.083717134363166,24.815409378621297,25.001831585307453,25.552707374718544,26.497181406661436,26.65936196323281,27.14646944303507,27.619083592584907,28.180261577230677,28.831845530145173,29.227663682760333,29.58703516298598,
cut_start_time:15---cut_windows:40---reduction_v:10---move_time_window_all:0.0
move_time_window:0.0,0.0,0.0,0.0,0.0,0.0,0.0,0.0,0.0,0.0,0.0,0.0,0.0,0.0,0.0,0.0,0.0,0.0,0.0,0.0,0.0,0.0,0.0,0.0,0.0,0.0,0.0,0.0,0.0,0.0,0.0,0.0,0.0,0.0,0.0,0.0,0.0,0.0,0.0,0.0,0.0,
sta_noise_mean:0,0,0,0,0,0,0,0,0,0,0,0,0,0,0,0,0,0,0,0,0,0,0,0,0,0,0,0,0,0,0,0,0,0,0,0,0,0,0,0,0,
sta_noise_sigma:0,0,0,0,0,0,0,0,0,0,0,0,0,0,0,0,0,0,0,0,0,0,0,0,0,0,0,0,0,0,0,0,0,0,0,0,0,0,0,0,0,
add_noise_region_move_range:0,0,0,0,0,0,0,0,0,0,0,0,0,0,0,0,0,0,0,0,0,0,0,0,0,0,0,0,0,0,0,0,0,0,0,0,0,0,0,0,0,