pre_model_seis2_20250809163927_293.dat---0.9733266979104229,0.9532191109700182,0.9747210395754514,0.933777685101266,0.9258648408684677,0.9453014463644875,0.9432010746601879,0.9435039072433172,0.9465813977336237,0.9383882146583731,0.9196720176233016,0.9194051344129476,0.9433485230144184,0.9561551902492346,0.96150110772536,0.9717370915164014,0.94510934102727,0.9514211418669425,0.9790461910707946,0.9607083861990076,0.9648685895849035,0.9489691555291682,0.9724547247564144,0.9771000191417905,0.9749256776016039,0.9766458408249292,0.9804413739175614,0.9773185000883738,0.9826412432497904,0.9805419224554819,0.9712193274389143,0.9623079570069629,0.9624734580082317,0.9553875458403227,0.9722934795787007,0.9578425374897587,0.9667569251803695,0.9675046803164823,0.9646171314653988,0.9702842468131083,0.9710654238512582,0.959601202437337,
pre_model_seis1_20250816100534_94.dat---0.9916013152508418,0.9872162518243764,0.9866246717772101,0.987904902924538,0.9879653186674169,0.9854826940965777,0.9812649568446944,0.9858762710172505,0.9559392556089745,0.9649742107684404,0.962007244926404,0.9772639774841643,0.9591954338957439,0.9679456236167516,0.9500664521599792,0.9586187218536596,0.9596890039870135,0.9821849349779541,0.9797270846275821,0.9733539753407603,0.9663551215325775,0.9656863959289183,0.9462098228916799,0.9552562458165864,0.9567357414425661,0.9393371985106369,0.9255717467160217,0.8854894503577777,0.8899998284976938,0.8250546347561004,0.7893019091394359,0.8438114930885123,0.8042256124870869,0.7846006538634825,0.76472489862156,0.6453679700041612,0.7615879494112153,0.7609623995935265,0.7681628400832884,0.7831414093952128,0.8362678567554397,0.9093354507449708,
pre_model_seis2_20250809163933_269.dat---0.9713459527983285,0.9713276906225994,0.9847214405002391,0.9781198270868458,0.9853790485903634,0.9825884189424522,0.9726605566920049,0.978543252720609,0.9714076795403269,0.9577669279705029,0.9621740095763651,0.9477761807129816,0.9193394327676238,0.9469741110296825,0.9760061586142671,0.9764349489776039,0.9581616270281742,0.9587155322166266,0.9660174480395177,0.9525657845980101,0.9674265228779729,0.9791899952118746,0.9524642811285261,0.9619361243154188,0.9351789452864291,0.9277635265197792,0.9346890584188261,0.9327475713679623,0.9260226078837163,0.940784226825076,0.9328389102014009,0.923826392997576,0.9370237774453266,0.9103273541302438,0.8928111898027526,0.9195848369726128,0.911626066067987,0.8722256143617456,0.8931668603331554,0.8761384673793342,0.821440573365246,0.9431033885833677,
pre_model_seis1_20250809165451_481.dat---0.9650163376262568,0.9636436679438771,0.9426939256219501,0.9693835008135717,0.9754950269337549,0.9702671020238982,0.9738725695386807,0.9637469190626294,0.9655899440075008,0.9466387764124572,0.939297788657368,0.9225435641429386,0.9140518162852544,0.9138016650925749,0.9469117216483101,0.958547083534855,0.9680654270500358,0.9600110838777477,0.975449887775722,0.959610795872415,0.9673278976777752,0.97101054328482,0.9740688418353274,0.9778121016839998,0.9822124937988229,0.9779585152918266,0.975046154584432,0.9612951064185545,0.9569616880461295,0.9535106523279103,0.9537413094900898,0.9566154878332622,0.953526789005943,0.9553422874473729,0.9615090734486769,0.9592257201969422,0.9575888069444275,0.9435169990435115,0.9420649789407102,0.9544680068755945,0.9534531448345245,0.9581193951934744,
pre_model_seis1_20250809165445_334.dat---0.9903970834708832,0.9920223371533462,0.9877946251550082,0.982585034087353,0.9911437885470822,0.9783874854374608,0.9878161519002606,0.9871748009435433,0.9841466042240541,0.9838316896598049,0.9724173572843791,0.9756179089839198,0.9795098367606868,0.9853107556540863,0.983009943105675,0.981856447881337,0.9845302700670889,0.9791338964222495,0.9792320920766638,0.9745468501054199,0.9802490919371679,0.9734882887435722,0.984793406745064,0.9851356583003772,0.9850739693867002,0.980699252516965,0.976445427798532,0.9594880136832831,0.9619474548221894,0.9703169187795474,0.9766837674727366,0.9687646202166394,0.976229936014697,0.9761147496341984,0.9627533358779908,0.9761873847522164,0.9801475534846854,0.9755852379692406,0.9789625889577939,0.9812662308381003,0.9919263075081801,0.9795786379112238,
pre_model_seis1_20250809165451_756.dat---0.9813538839120501,0.9820644264323513,0.9895237744465673,0.9903122077702504,0.9830250224340268,0.9887585453226084,0.9934099718990448,0.9914044174575556,0.9912873190995134,0.9901393689061447,0.9885095750496766,0.9860494312755632,0.9766556333816273,0.9606123680951861,0.972008072556498,0.9752672897658496,0.9857622941169176,0.9721676633715395,0.9660254081153483,0.9652472381693309,0.9642754704215586,0.9436760863796607,0.9264079184973238,0.9561374441013479,0.9509191769801489,0.9602338395551149,0.949987345636435,0.9506186696351995,0.899383002058246,0.9437704562131523,0.9372749434060647,0.9389491912999797,0.9477067640288817,0.9614909111108045,0.9766336120748468,0.9770858434452087,0.9666102454876281,0.9674399758023599,0.9683879657591971,0.9691619356484464,0.9665665781585125,0.9671292996897017,
pre_model_seis2_20250809163912_429.dat---0.8407617922996176,0.910843606557983,0.8675004571314352,0.8394161001653545,0.8718869110201649,0.8631999803856862,0.8984334381094129,0.9159437484644976,0.9533902879660399,0.9566314817194502,0.9480137961768348,0.9330085374039857,0.9709034875767792,0.9734979438832908,0.975610052036334,0.977900061241016,0.9855299026273672,0.987082847982278,0.9804000167933078,0.9654202792354706,0.9701572119097086,0.9638719301574393,0.9676278853415061,0.9739807034972212,0.9516552480166974,0.9422020994321334,0.9502367655741176,0.9409088162087464,0.9440737709284174,0.9673545814692247,0.9710162551545014,0.967067217231566,0.9608888050165396,0.9379777111089312,0.9333741427173257,0.9453928174145841,0.9340122321864027,0.9496411723325777,0.961346551746882,0.9693753121641601,0.970147954866259,0.9436020466646646,
pre_model_seis1_20250816100537_0.dat---0.9873199456572233,0.9884113950910655,0.9835773319966847,0.9713454234469092,0.9811859171109386,0.974485777012487,0.9696356569607173,0.9735250561451779,0.9615824772481096,0.9666148903121392,0.9677677898091599,0.9752472327776782,0.9959954641836236,0.9898961267872451,0.9882632113085555,0.9924984742976447,0.9763909899728411,0.981195001748763,0.9892876452021163,0.9820668726987303,0.9581007187752454,0.9694649160421853,0.9622787834065357,0.9768145312852814,0.9838219531984382,0.9810356171576452,0.9855151582905421,0.9791410759617392,0.9799642424174861,0.9619069712014408,0.9711001005075421,0.9711569873172704,0.9762167281016306,0.9837384956321045,0.9850509324847843,0.9844284365701462,0.9809062668006295,0.98505639768927,0.9866903906664705,0.9850867732271936,0.9878646968183277,0.9788203134956028,
pre_model_seis2_20250809163912_117.dat---0.9309599389608217,0.9798978936429684,0.9802135621971446,0.9754544281180726,0.9713987287315428,0.9430141243037703,0.9138677792217711,0.7845836093597739,0.7853117446788384,0.7451293721476774,0.6876976552807503,0.6954410382327721,0.694839403403127,0.6796954473459553,0.7061121312247794,0.7320166037152261,0.7611383405132955,0.8032624395486263,0.8154954512664947,0.774248958809184,0.7932466953867274,0.7392732556666862,0.6922044597234921,0.6787430130576163,0.7030117859018143,0.6558225054645388,0.7313666528933451,0.7361040257324629,0.7664055660846308,0.7645726514872438,0.8220243585007462,0.779106714755497,0.8153325242991842,0.7175367130700304,0.7177640306355131,0.6873882697983476,0.6110278707441431,0.32275309607369,0.40295128996355734,0.35587751100487236,0.2540918579002761,0.734302036557244,
pre_model_seis2_20250809163936_120.dat---0.9904440492041592,0.9919070731327106,0.9935107706618921,0.9930234084133923,0.9927644100735006,0.9899669394273977,0.9875531537346056,0.9856670542215086,0.9904790624589009,0.9919648999097551,0.9952748839813464,0.9957902174207812,0.9972293898027683,0.9953455073082589,0.9957919218711095,0.9938671846914936,0.990420655705906,0.9931819593329271,0.9952084827403658,0.9936580276779423,0.9902419338595416,0.9686136099795897,0.9658031914532215,0.9661806235384032,0.9655507455224684,0.9474457956215504,0.9476688856059926,0.9517975471044835,0.9416294299419115,0.9593773968897829,0.9551066491433576,0.9607375015386305,0.9594160404633664,0.9616859898345256,0.9594687418803935,0.9479501596080011,0.9050244258825084,0.8917305229040081,0.8744261829560561,0.8365396899504616,0.7264873705147077,0.9618519874625288,
pre_model_seis1_20250809165439_583.dat---0.992675513386475,0.9943954189647878,0.9951052523272471,0.9954772089054991,0.9953167182829608,0.993666566910188,0.9927224550134001,0.9910152502262836,0.9877772575779571,0.9789932366784138,0.984524680386382,0.9814950826043032,0.9793147578844293,0.9723641463913678,0.9681179924327685,0.9813882642351301,0.9963273799099759,0.9950947354073357,0.9964495042328158,0.9982622128293711,0.9970935426539487,0.9945572030306663,0.9873564587373671,0.9842722979749049,0.9899440471719124,0.9933798942243974,0.9917495013643909,0.9895518471551571,0.98055079457245,0.9824824526269199,0.9831622458830638,0.9891442831695808,0.9915167280141789,0.9882447892442832,0.9843497659675428,0.9799910823894066,0.9866034826307402,0.9814675898098918,0.974313060184173,0.975505187863291,0.9769895481056964,0.9871392545697818,
pre_model_seis2_20250809163921_836.dat---0.9925454746492801,0.99116579647061,0.9922868576264499,0.9849965799398754,0.986582108376341,0.9813270398411182,0.9711275823433996,0.9550432422228847,0.9597098181402381,0.9363606309035731,0.9537563197762352,0.9558083779494595,0.9505540697790602,0.9288605165270738,0.9617790649811481,0.9501831565234314,0.9136477043405047,0.9158728694409282,0.9147430093972304,0.9282960419791342,0.9318229814509498,0.9623305518352029,0.9618466214587862,0.9642342438399215,0.959893054218993,0.9325348825733424,0.9529676280299516,0.9552040505697285,0.9506665337345297,0.9570624470037877,0.9580741974842565,0.951925430944389,0.9455474321674747,0.9293573609322321,0.9421275197422401,0.9416601486930885,0.9432101167642815,0.9441865672080234,0.9439326932523641,0.9290094315683723,0.9068413002489863,0.9509532062177777,
pre_model_seis2_20250809163927_685.dat---0.9890612830164285,0.9954888796618486,0.9972840366437403,0.9941066200153976,0.9953844536595379,0.995120292589973,0.9942383094396591,0.9917617248935611,0.9940789484707462,0.9897234694662861,0.9906066790707502,0.990637657250845,0.9905761950637197,0.9874463273238181,0.9812242384796077,0.9829339196806218,0.9902978670552633,0.9942482475964218,0.9802591303259659,0.975898787297065,0.9819458706794071,0.9851745140280561,0.9877710347154478,0.9902940720079597,0.9824183443832346,0.9827810003958398,0.9571956565576172,0.9588125234173247,0.974085905215351,0.9762658202615966,0.9696020534379227,0.9822472746016233,0.978489308680952,0.9788881023590411,0.9653152353520305,0.9595360559744089,0.9617948821204186,0.9528155922186576,0.9516214779258573,0.9571548664644995,0.9692549372196033,0.9805815023175146,
pre_model_seis1_20250809165433_801.dat---0.9885825152845843,0.9929316747618093,0.9913467121548276,0.9917735376664233,0.9903720607844877,0.9927932464994764,0.990861421279786,0.9931066386321176,0.9898062174913705,0.9895558080153046,0.9873161327445423,0.9863072241493643,0.9884230277138129,0.9904274424301294,0.9950679829234429,0.9947884197299831,0.9905956909912521,0.9969915189167191,0.9988879336696215,0.9971396096995022,0.9938370075614463,0.992186437961152,0.9928978238648549,0.9945597724814,0.9914161600234904,0.9916783828581084,0.9785974097386899,0.9809177265621642,0.9741073620615862,0.9720717771735528,0.9612218214202739,0.9682571917319083,0.9733732524751287,0.9774161997076463,0.9716722573053309,0.9744833367136905,0.9816173712599245,0.972407413539132,0.9673220438556446,0.9721457054033684,0.9724940275607714,0.9851647633365324,
pre_model_seis2_20250809163918_772.dat---0.9901234386363345,0.9933960969936657,0.9936481824423334,0.9945162491694559,0.9930949232186288,0.991957623088282,0.987416257338986,0.9831974644191254,0.9850575396536647,0.9808798351560958,0.9832296630161522,0.9723202783270727,0.9889500436500699,0.9918339952165113,0.9936060208989066,0.9921620561908805,0.9924569437977058,0.9913226080908215,0.9867209893491978,0.988562190745325,0.9871117612025663,0.9942373203393701,0.9968276205097849,0.9932131039591294,0.9838055941150005,0.9812199968701655,0.9661840448140602,0.9729345951362348,0.9783175822929313,0.9801516292313702,0.9773428789844266,0.9702793779637628,0.9817536330495481,0.9834340596956231,0.9813676581973128,0.9783375744474145,0.9881334989909554,0.9902801336867234,0.989388976141113,0.9890395535876763,0.9894570923525343,0.98603097768212,
pre_model_seis2_20250809163918_733.dat---0.9784088954904354,0.973935292800842,0.9534404664574503,0.9778008196071851,0.9747920735885706,0.9707420961377009,0.9707418132862293,0.9534933165086212,0.9372093988802089,0.9398691078059523,0.9836744078618516,0.9804138855072603,0.981252467993769,0.9928773047020248,0.9956808874773602,0.9941276291583152,0.9936043224828969,0.9830310415671114,0.9690926069982538,0.9686113853827941,0.956412972015025,0.9604244747625793,0.9748105012341656,0.9714853435497048,0.9673063133340265,0.9479395569555379,0.9535028675888992,0.9403125179213786,0.9334536648895531,0.9228285127649989,0.9057837288116174,0.9501428747679908,0.93240699340386,0.9129552965254074,0.9025741965962317,0.9194512263101173,0.8896006601489772,0.8913857383014409,0.9312194097499825,0.9422240035752223,0.9486944720080775,0.9543345010953568,
pre_model_seis1_20250809165433_198.dat---0.9710915273948255,0.9717737375800805,0.9805213893175339,0.9752313912825928,0.9704568760261593,0.9614585567034467,0.9606561836184294,0.9718461905512568,0.9720217219080832,0.9615599538057333,0.9755456423947568,0.9890235581800045,0.9964339129531039,0.9938214995551563,0.9881395524563764,0.9893340624308316,0.9909942005801584,0.9917248223538601,0.9857176987367271,0.981632116175991,0.9807645206206795,0.9676758580298048,0.9719771580118659,0.9670272434671994,0.9697062102884052,0.9483026553002964,0.9559840228249301,0.95786850928436,0.9509981856575518,0.9446253520201029,0.9475630122978648,0.938108562703888,0.9028128973311166,0.9055862609226426,0.8754111851946944,0.8609739731204453,0.835975645700359,0.8020484465208064,0.8245590797237038,0.8109814577539948,0.8096823926220706,0.9440882249610218,
pre_model_seis1_20250809165457_44.dat---0.967293570346168,0.9854084336437577,0.9887760766633993,0.9895174650129798,0.9919627570623754,0.9920178279914822,0.993247309503415,0.992506918756503,0.9901923966961396,0.9869404615811586,0.9909528107888472,0.9909658665511984,0.9920763924395847,0.9920405781135594,0.9893619570184342,0.9875289247391024,0.9921371655416135,0.9942651378836497,0.9933284162268202,0.9900911896218572,0.9893431271416645,0.9841048900355746,0.9849929385910974,0.9831364710089974,0.9880281698861385,0.9867707622327827,0.9871094179523715,0.9793802703459862,0.9662717030339992,0.9697896470506716,0.975632490916729,0.9734638565797704,0.9838214858565899,0.977454390804228,0.9743481376354735,0.9620486539435286,0.9655325141191773,0.9485954572858266,0.9471121726302467,0.9427338628741342,0.9121082083687609,0.9798143971823365,
pre_model_seis1_20250809165442_206.dat---0.9708388797144007,0.9708605064881866,0.9672381386111905,0.9616433979685346,0.9607052808159244,0.9651935572058297,0.9453100216226554,0.953568922418082,0.9667313186570959,0.9717312998922436,0.9680075526335427,0.9876370699365031,0.9973449948631837,0.9963656778782035,0.9927100652579522,0.9866004885408662,0.978646245498315,0.9842103323142635,0.9853269570579226,0.9797619953303427,0.9507604182094773,0.9690545197339909,0.9684574675421993,0.9590161275897564,0.9649398795043208,0.9659960729594761,0.9746521051972393,0.9566615510875563,0.9510042684211021,0.96356141025425,0.9424602601345728,0.8892263679779839,0.9040296909173077,0.8884673736315705,0.9260791021292695,0.9276924678197844,0.9330846855736311,0.8733995188016126,0.8811077645660208,0.8465972699424944,0.8290413612717549,0.9501395703895269,
pre_model_seis1_20250809165442_513.dat---0.9780681077668526,0.9805094509656948,0.9702761854647955,0.9719875639211486,0.9790006350054594,0.9692447768292086,0.9754412714286916,0.9833445020531477,0.9721578666881422,0.9764364524612614,0.9815742991775441,0.9818856263750954,0.9826922473040609,0.9859918781955743,0.9836623633192811,0.974624591963944,0.9713257966381449,0.9799113508816053,0.977675582043457,0.9739474268471396,0.9696318756627625,0.971020558535611,0.9600578278425316,0.9623638288213598,0.9500809318238962,0.952320775028544,0.9634442844228601,0.963815610985773,0.9671287248679641,0.9502719556810726,0.9591096624653963,0.9584587350776971,0.9623518132822162,0.9744242602186334,0.9741118650593472,0.9705637569692861,0.9675938028960592,0.9653418698927424,0.9702380111755491,0.9663759300885003,0.9661415151263789,0.9706001358842544,
pre_model_seis2_20250809163933_130.dat---0.9703936030994262,0.9605890489269652,0.9733557418330254,0.9783212364297711,0.9822474005196833,0.9809017512386309,0.9794383573444291,0.9743069418724809,0.9644940563000328,0.9759493045249471,0.9786975998399388,0.9804058469663756,0.9798121416795491,0.9888716604791784,0.9895426447368039,0.9779133833461257,0.9813494188499804,0.9725247828781158,0.9744160840102926,0.9662726634616017,0.946814819663154,0.9507920744488202,0.9589888484245515,0.9554833309118508,0.9475574216542298,0.9504705656269677,0.9406829421151185,0.9278173955013936,0.9407974119881716,0.947237429139199,0.9134141614522818,0.9127162857020549,0.931975182466926,0.9512099569177394,0.9459757167280474,0.922485188159582,0.9644275014397604,0.9771285782617354,0.9784820602936116,0.9765249516132467,0.974901789026148,0.9620899336554134,
pre_model_seis1_20250809165439_743.dat---0.985385406359899,0.9823018676464661,0.9829567684072403,0.9900458434540387,0.9877935674029266,0.9901510209230237,0.9869965763948576,0.9880644755263336,0.980629308202256,0.9825205303821126,0.9648924145267521,0.9634464142422169,0.9707043683673969,0.9759455429274767,0.9840065605382166,0.9806713580645243,0.9842611941011205,0.9889155276081468,0.9892283809121749,0.9905075991876539,0.9878542320254625,0.9908838185239801,0.9816125434967408,0.9737716782145072,0.976676350160567,0.9760203848753638,0.9604206753203116,0.9690271453519138,0.9635372244131705,0.9764695082812261,0.9768215580370693,0.972629367624299,0.9672401377658674,0.9729645311124174,0.9679484691306163,0.9406489545200524,0.9328079284506221,0.9473194936767435,0.916010448520916,0.9346403122477046,0.9255068445918054,0.972200886134541,
pre_model_seis2_20250809163933_188.dat---0.9850276625634664,0.9897950959117991,0.989449394173932,0.9821027493506079,0.988760998274172,0.9865050805914698,0.9831957382417945,0.9891941618844918,0.9862972957637648,0.9875362091324942,0.9827091324936964,0.9823211455109748,0.9765159274188913,0.9953942034076404,0.9967487078121797,0.9941387088841703,0.9916791494918297,0.9871240704102185,0.984420548413051,0.9843353756528376,0.9893725545191123,0.9942870008404484,0.9895586423115699,0.9858704397728977,0.9822681933708132,0.9752992090543191,0.9650506337540273,0.960872288047409,0.9483782749371729,0.9555182654433577,0.9179614211525237,0.957259731271547,0.9574312542077771,0.933395318420049,0.9662046851908863,0.9662593784108818,0.9682949078126128,0.9766859860512412,0.9674997444531978,0.9647275232375087,0.9738007754210473,0.9765670142210703,
pre_model_seis1_20250816100540_84.dat---0.9791497244463488,0.9547226432369914,0.9771673181986061,0.973477500016173,0.9821679560618403,0.9795866293487666,0.9806743455657911,0.985520292887016,0.9816318305892536,0.9858532963410187,0.9876172125388727,0.993553328958432,0.9938781535788063,0.9932358330691418,0.9920000683205389,0.9953878567872454,0.9864569190817682,0.9701816954094306,0.9815383563771589,0.9762404750890551,0.9745973198152268,0.9761893546536597,0.9715732739487231,0.9633871569008325,0.9684290230969091,0.9775877647023595,0.9752523905538645,0.9785570141052042,0.9844509835705404,0.9827006273785776,0.9819802234535646,0.9794698495262322,0.976307598472681,0.9716766548780048,0.9718932150450464,0.9695781865624353,0.9593470096382978,0.9654170351790717,0.9514763123008011,0.9112838847159103,0.903336270900903,0.974256892324417,
pre_model_seis1_20250809165439_780.dat---0.9863203917890029,0.9949368693384957,0.9968286692237234,0.9971184744372027,0.9965936957948341,0.9977830522285012,0.9960645262629891,0.9972561045395503,0.9969629804480209,0.9963662905224615,0.9938095578984166,0.993893785262854,0.9918229165637688,0.9959341780480809,0.9978216041308686,0.9992046876030843,0.9980278441446049,0.9975917115237775,0.997381669315714,0.9967916099613682,0.994050381982391,0.993660429101224,0.9933892216110284,0.9898413001393348,0.9888491198100186,0.9863286570052507,0.9865820187519586,0.9853865951562034,0.9802042057944524,0.9821793897337633,0.9856736164538209,0.9831589221963997,0.9763417052099522,0.9678735486273438,0.9482220072091485,0.9692905079123694,0.9707351557375281,0.9731817420559367,0.9744012542396545,0.9723849151538203,0.977766312249245,0.9877563811016623,
pre_model_seis2_20250809163924_280.dat---0.9374181272478583,0.9407366353488412,0.9726433871836169,0.9790638923544593,0.9809126960035568,0.9828502583542257,0.9822739166294051,0.990820340168781,0.9945024435341658,0.9924485774174578,0.9936305032086733,0.9922610391691744,0.9921764299465664,0.9965358048055623,0.9921172789718774,0.9928398425233083,0.9846914578529198,0.989830967618765,0.9913902302068264,0.9917075865067263,0.9830406873660966,0.9751173626438187,0.9736016502585992,0.9774080857652551,0.9921359110204484,0.9915591805965972,0.9911794195984049,0.9921573163752151,0.9921266711103292,0.985499030861913,0.9773809087838986,0.9830837124943566,0.9819873141347587,0.9714395891057972,0.9646435049463918,0.9382086646058354,0.9613662939577786,0.961086961568556,0.9598403119856092,0.9580471588146172,0.9431859697962933,0.9786572468498377,
pre_model_seis2_20250809163936_197.dat---0.9818619981701456,0.9767512572841263,0.98110016766422,0.985272726934974,0.9840277181275711,0.9866229767322493,0.9793830666421159,0.9827490261982391,0.9842871547267444,0.9870092840504938,0.9849140198099635,0.9805584162994911,0.9825028201616999,0.9789680449494174,0.9766669414129693,0.9789683483385543,0.9885730055525753,0.9932832410686057,0.9963447424986143,0.9950008700448523,0.9858852243759658,0.9876475620359959,0.9869231242435977,0.9893086122717354,0.9884235532364979,0.9835910580460898,0.9755926036841372,0.9811097675598074,0.9854799952638915,0.9879921475365178,0.9789710666051894,0.9816556132092312,0.9758203269354931,0.9690498911540497,0.9672982594242328,0.9632746886672505,0.9441689440450264,0.9193031581354421,0.8833135289559659,0.8174499035908587,0.7813328963305555,0.9687423841945157,
pre_model_seis1_20250809165445_178.dat---0.976858198537796,0.9584390732884641,0.97250267451752,0.9785829738329084,0.9754895877038183,0.9677666156373045,0.9630741456371844,0.9616449626295216,0.9537931811774881,0.9549761686146422,0.92435477771561,0.9566190776279592,0.9599374253090676,0.9457120948879121,0.9948771567270777,0.9974130578505457,0.9947855374729387,0.9908265428634261,0.9858796851489786,0.9782451153726252,0.9739308051706485,0.9692528781219334,0.9689347070357536,0.9583036652657654,0.9627256907407643,0.9312122344864968,0.9189835884059867,0.921766354506932,0.9160545371517207,0.8381613724571662,0.7970427774645442,0.8335084561180668,0.9184786621632088,0.9242030281129169,0.9525583752326094,0.9158637905158068,0.9326332548558472,0.9383301988159063,0.911848798953762,0.8943235475787626,0.8916839965195172,0.9429653359079736,
pre_model_seis2_20250809163936_55.dat---0.984528761597415,0.9810530402727808,0.9735076593236668,0.9768033584794256,0.981012234291981,0.9878916407766272,0.9779967393852377,0.9767951574364824,0.9635845342778292,0.9413069663970216,0.9472992602115107,0.9174066031862117,0.9230238860110599,0.9323121757063405,0.9387461074646685,0.9519891145552761,0.946261713834547,0.957163812883835,0.9623543365798943,0.9587351094321893,0.9430432087799021,0.961401722743696,0.9456194109284713,0.9588220461969647,0.9690730298588833,0.964948222945167,0.9585074511949755,0.9574149536961587,0.9670747174130585,0.9592397606072404,0.9423905517378617,0.950226477429066,0.9447855234988358,0.9420858550353843,0.9525714327983114,0.9580014030667953,0.9287681177969861,0.932836329424628,0.9378733687510461,0.9422609773548296,0.9433084373169535,0.9546347612360782,
pre_model_seis2_20250809163936_823.dat---0.9820875427736075,0.9858341339743684,0.9810609258839603,0.9825890418101718,0.9831554154800427,0.9706337586408272,0.9648160014706813,0.9686432981663499,0.9569023286660802,0.9484316823203762,0.9480751554866754,0.9569201988759449,0.965337889485495,0.98670681091689,0.9905211923748644,0.9861979212683201,0.9757564022329004,0.9779345532246305,0.978282353292044,0.9726155484008511,0.978103522611123,0.9593410854230883,0.9427505087758596,0.9482877273297315,0.9545220375842864,0.9441513443105178,0.9236599795607059,0.9447917244639594,0.9250154317631701,0.9259939822447678,0.9101989909799295,0.8884795081461666,0.8584569040441427,0.8992100534229494,0.8285448881610176,0.8839598226762418,0.8903869307923157,0.9049994600380502,0.8800787591308806,0.9024063625349097,0.9106737969941089,0.9430857311154393,
pre_model_seis1_20250809165457_41.dat---0.9869807051827008,0.9883919593793092,0.9931772034151786,0.9918449398552728,0.9889134585057424,0.9920405909713202,0.9886783690454216,0.986457749509403,0.9787243307958798,0.9818514955878751,0.98098201708572,0.9828065602893934,0.9873193559071088,0.9847828665471172,0.9935509242280408,0.990207102726274,0.9897005139545197,0.992702593402022,0.9928977805353876,0.9895058319234218,0.9853415403844007,0.9732238134493739,0.9726022845046215,0.9854590207718921,0.993507413402035,0.9844936438060276,0.9501024771253281,0.9560677167903353,0.9339922526677922,0.9369018965193805,0.8784847634121756,0.917513749907126,0.9058502174866335,0.9039157506320049,0.9329605144871478,0.9456038102255439,0.9510748189454269,0.9513573737309231,0.9605262784306676,0.9669826443377281,0.9690042451041484,0.9686946969504343,
pre_model_seis1_20250809165451_883.dat---0.9509015115649029,0.9323918914425501,0.9737648248624303,0.9343039181976714,0.9661413770002157,0.9574734092890989,0.9338539286841219,0.9423275933500828,0.9373376233280903,0.9644751948479062,0.981252472869017,0.9797513648873448,0.9783455822337016,0.965457029852029,0.958480573544069,0.9507978530938919,0.9588656940045022,0.916674541986229,0.9466968344881644,0.9530705870901975,0.9377869230136101,0.9267480400618494,0.9167887098153905,0.8598212320542007,0.9089708768852521,0.9107661442983764,0.9327016436064706,0.9583138823781447,0.9602096605998283,0.9662514762756877,0.9620152160372819,0.9448417457539768,0.9390583600189301,0.9448195925298123,0.9466288609754389,0.9321001106053347,0.8972224903090437,0.9001809904468812,0.9109543375280389,0.8629506289422725,0.9119206943221434,0.939351595684736,
pre_model_seis1_20250809165454_715.dat---0.98518064438129,0.9909178852606568,0.9909699431693247,0.9912272473823752,0.987141868641313,0.9844571049110036,0.9725763037951801,0.9590430323248428,0.9566558789729124,0.9219562655308099,0.9138180990024285,0.9356142096458481,0.9566353687733555,0.9783015435712226,0.9850198304455725,0.9847132841887639,0.9826851782437874,0.9823824373678803,0.9846383182446354,0.9880363562903289,0.9826614055924313,0.9733576537617826,0.9612745505616989,0.974430814005592,0.9654586943230535,0.9434714600090476,0.9363791821693991,0.9492974809386865,0.9523393696779165,0.947223807413597,0.9482966179363823,0.9724889117760561,0.9770804427489775,0.9741195788625312,0.9627882239888818,0.9634911541363905,0.9559408465605799,0.9610994242433732,0.9553998733975352,0.9495566791696393,0.936515985324858,0.9652351940668766,
pre_model_seis2_20250809163939_414.dat---0.9123779589741017,0.8959183345290171,0.8891883833737659,0.8447560899814827,0.8541767111072854,0.9169742273948897,0.8599415263615526,0.9432980121286221,0.9463978277304721,0.9758380508924964,0.9792376207450496,0.9688734855900352,0.9825660984980781,0.9768394619973036,0.9712197586685205,0.9718425186738481,0.9690860612842331,0.9105032607589398,0.9308488135713248,0.8915731078416665,0.945159223055426,0.9120893290015737,0.9401594543891587,0.9512976988347369,0.9537425909080219,0.9464497120043989,0.9523954482103985,0.9533567874550559,0.9527836873680987,0.9447451973222217,0.9230562796919292,0.9312414623673644,0.8983257662169835,0.9343259100401381,0.9008615605305385,0.9121065599851886,0.8919059296089648,0.9055723577739717,0.8992405245969967,0.8841123400707626,0.8867565333929514,0.9271010161689651,
pre_model_seis2_20250809163915_661.dat---0.9857373851428194,0.9819028048661564,0.9855514870394859,0.9872233067497611,0.9854126866622903,0.9818483961228558,0.97445198497695,0.9524459384166017,0.9662398260886033,0.9753711614474369,0.9756432316092477,0.9853291971702288,0.9880932338665607,0.985065525178183,0.9894013511132371,0.9926740618189702,0.993320899973614,0.9929494157250967,0.9922512441930978,0.9813558801041611,0.9757002472495394,0.9689484639351637,0.9591650652972316,0.9376692777175215,0.9490581843915274,0.9651513405811305,0.9746206208355446,0.9845681084569803,0.9847698626196277,0.9793884105499351,0.9682904631987964,0.9609949703941876,0.9697296515582763,0.962893540722663,0.9610471254211964,0.9560990607002402,0.9538961376712456,0.9509101209364536,0.9417843252392103,0.92630781045893,0.9184623153780446,0.9707737590628975,
pre_model_seis1_20250809165457_71.dat---0.9492107849465516,0.9383891668528759,0.9594053503371016,0.9672727200776515,0.971626974903432,0.9738575532756112,0.9829148751030571,0.9723585303691527,0.9706562919552825,0.9828602094667763,0.9806331943620092,0.9777736301384462,0.9829525436484836,0.9757569409813729,0.9674736818489206,0.9820432504428012,0.9770208639103299,0.9920406008249497,0.9813116581758984,0.9587803469009416,0.981535294828361,0.9710295242576631,0.9652480899770508,0.964451403580357,0.9534543987442626,0.9750438172865361,0.974329005712558,0.9638712352331107,0.9674845296414278,0.9709678977703381,0.9785235106961464,0.9768162667993489,0.9771822606049151,0.9802955103486612,0.9797288236273591,0.9679347321148497,0.9659174575524098,0.9411922829922662,0.9451225176189048,0.9326175513475984,0.9126847763609384,0.9680431720882127,
pre_model_seis1_20250809165439_280.dat---0.9887646462365683,0.9915811795731821,0.9904226278658971,0.9902640301904251,0.9900246879126142,0.9888523879250324,0.9880470933507471,0.9855706509320744,0.9937651300945687,0.9955274406795458,0.9965262454341023,0.9958392312259419,0.9964571262888466,0.9909394824369856,0.9977108958861336,0.9964727512893539,0.9899863404320312,0.9860144876948932,0.9869199193010665,0.9840973071112039,0.9793534757051187,0.9864707139964866,0.985536004961282,0.980254418226773,0.9711887574805964,0.9795586939560657,0.9811670685934378,0.9854848043869954,0.9853951744833043,0.9836927448756455,0.9701197401124403,0.9677085698231372,0.9559833550243145,0.947544383893531,0.9472122785493634,0.9486256204550257,0.9452159346937926,0.9341779164893178,0.9332518310959065,0.9257008724713235,0.9349814330446669,0.9768879866873108,
pre_model_seis2_20250809163918_813.dat---0.9850232110666791,0.9877191250372859,0.9867488819940853,0.9877938996616515,0.9844361374850378,0.9844287845118709,0.9814322679094302,0.9771732257167349,0.9852406450361715,0.9838603676747877,0.9820948551623639,0.9796822005480531,0.9826568439557363,0.9904581357438755,0.9783257677782722,0.9773747657319997,0.9936124884062246,0.9916855687678017,0.9902691996485304,0.9772869678223769,0.9686417925314842,0.9711282998086868,0.9773324373132612,0.9688824974846979,0.946432672624022,0.950604055713333,0.936337133504362,0.9368335313709987,0.9188642516142987,0.9225709267920175,0.8626816637421839,0.9257613761363831,0.8724644994575076,0.8602216333776007,0.8824498029263896,0.8819658113781352,0.8738434558821216,0.8648620531224966,0.900084110670138,0.8927723700642668,0.8997055785318192,0.9488230071635408,
pre_model_seis1_20250809165445_9.dat---0.9967967886209473,0.9965422727467635,0.9976914300541383,0.9971128618142664,0.9958745384990506,0.9952236764609488,0.9937909826115452,0.9911728814925073,0.9938211140249779,0.9976889730593395,0.9981415992750938,0.9975876416460407,0.9976208117700472,0.9985497416463471,0.9966497526463525,0.993453202052939,0.9878733542033044,0.9857088605135425,0.9847146470811143,0.9789788926261168,0.978275066464455,0.9784209112337224,0.9826087119550324,0.9797139727329635,0.9788637143268415,0.9747636545543048,0.9662499206912294,0.9620419436193832,0.9401909449294399,0.9355525853439435,0.9457067968364136,0.9406532313392968,0.9386217774851165,0.9487306491536933,0.9496991256724396,0.9453051946083202,0.9298550852349926,0.9181683096509542,0.9142436628104962,0.906322676179695,0.9192510541806187,0.9709325124841156,
pre_model_seis1_20250809165439_359.dat---0.9769706449342892,0.985559512606033,0.9930493613768069,0.9902580310269967,0.9939719514956232,0.9903725448427424,0.9904087126281735,0.9886621085948268,0.9829723934127889,0.9836655956617156,0.9731714642669508,0.9791050944539643,0.9808120838722689,0.981961985720131,0.9764254925689329,0.9916385719377713,0.9951843759322313,0.9917949812227304,0.9951614224999095,0.9955455729908701,0.9859145843568613,0.9829339953900827,0.985678799177445,0.9890784721223913,0.9932962724913624,0.9911739950407076,0.9776214183433743,0.9683688277678352,0.9668267257368404,0.9543448662670805,0.9510361562175621,0.9556760635062996,0.9592446533944246,0.9622067568958138,0.9498192608311555,0.9490525753119087,0.9501917731284424,0.94765046359651,0.9421329611238571,0.9406346461956276,0.9402082878678806,0.975116669678274,
pre_model_seis2_20250809163939_825.dat---0.9288590529316141,0.9673320627118237,0.9568074541043468,0.9354201078905477,0.9634218530211783,0.957683879811839,0.9421562761852336,0.9419418784767141,0.9468756450796149,0.9306247657164477,0.9295856629569432,0.9251977726965678,0.9658754581269832,0.9702887356006015,0.9766751416805612,0.9885813742056527,0.9902956225873671,0.9906548794191731,0.9861202730991196,0.9815767921243104,0.978005608971143,0.9734781299907671,0.97634165349848,0.980865367876294,0.9713927882401822,0.9538159497044799,0.9599924797198958,0.9521326465524325,0.9441118095551386,0.9434868262481843,0.9679198442118326,0.9743047603835348,0.9650164908555428,0.9722947785009216,0.9776340165432668,0.9735266010044912,0.9712052483991579,0.9819880963263272,0.977245864241541,0.9743854887821596,0.967700214214545,0.963727301274316,
pre_model_seis1_20250809165457_187.dat---0.9805548788743131,0.9813724017870958,0.9909350796750154,0.9900548297622547,0.9846931504841421,0.9805671998242601,0.9757364640892368,0.9757165428266672,0.9674363643363912,0.9407579135479518,0.9464893708145933,0.9584151338377987,0.9337902490717049,0.9619116637416893,0.9594804576088932,0.9288320064857386,0.94597696230085,0.9569398131113255,0.9137396915467572,0.925541394536012,0.8512539601142294,0.8386352094336414,0.8596563893458089,0.8620211221904484,0.8341783546368101,0.878870303039255,0.8296848641918255,0.863537610020604,0.8514545434196733,0.9117232478159439,0.8936117208137949,0.8871346765795856,0.9107845184968024,0.9392338073095569,0.9464972363603086,0.9460669479480082,0.9517017522100873,0.9348120301739161,0.9512383240110576,0.9652764613229506,0.9552493991148403,0.9283308304100445,
pre_model_seis1_20250809165448_278.dat---0.981947229632336,0.9898702648380409,0.9926244449159365,0.992559599852127,0.986843394672586,0.9793177015236371,0.9846638709342754,0.9776733987124708,0.9869609129104214,0.9802900543211444,0.977413613527116,0.9825782789035239,0.9894313963450128,0.9870302501292624,0.9889289389286884,0.9872964414072118,0.99407915371394,0.9968204994551988,0.9807407819773788,0.9795934587685902,0.9841914888072995,0.9802087373611076,0.9818894364730889,0.9788832773470117,0.9783720592680841,0.981308485251559,0.9714102271220041,0.9557658428279062,0.9606933303256694,0.9639357898065545,0.9597539362564398,0.9608081007969825,0.9505484804067033,0.9339915002805512,0.9421493581810756,0.9493216586204684,0.9387044056510682,0.9152356696637465,0.9034478378129004,0.9191313398230522,0.9272802741539473,0.9696023151635639,
pre_model_seis1_20250816100543_9.dat---0.9903308039086606,0.9894738857865564,0.986057559011304,0.9912447206640702,0.9896431865587169,0.991954875683139,0.9890542733766309,0.9926018598052201,0.9899333438875898,0.9884957301872074,0.9890652138166263,0.983137582238208,0.9900320483354439,0.9859631745860018,0.9868372779864779,0.9693708772253796,0.9687619099348259,0.9882636983747838,0.9894569141252103,0.9942437716809852,0.9949491978503473,0.9964875954471156,0.9947828563026601,0.9914563270766047,0.9889379422759513,0.9885123971684624,0.9888137744961808,0.9855240810554567,0.9839828988935494,0.9696580568518518,0.9402844957389423,0.9625251480444136,0.9578732348869039,0.9552188315624209,0.9505451302161818,0.957149877809158,0.9579793664774794,0.9569774323633122,0.9607347419687708,0.9650039447166588,0.9668325308633814,0.9794671358350936,
pre_model_seis1_20250809165457_414.dat---0.9894693642093508,0.9816951482974624,0.9848002015676004,0.9863105703149911,0.9744347454491818,0.9665161714317843,0.9535503241002911,0.9443707084987032,0.9503188125693498,0.9077953534282981,0.8988644999518738,0.8489448424279169,0.9000289435730907,0.9048282917549691,0.9575495936005008,0.9897064957619065,0.9944819896303304,0.9867479074180351,0.9806463556168246,0.9765401123069409,0.9723698387874277,0.9626693899979895,0.9613327303741458,0.9531973331869835,0.9469574791191971,0.9520828613080737,0.9561117092636758,0.9657031673904178,0.9684841270071155,0.9611662257671133,0.9619649469411404,0.9503029723716734,0.9498943208519902,0.9543979063811779,0.967566784425142,0.9789451080932067,0.966878334444262,0.9790113934026006,0.983184561824692,0.9863590025552532,0.984556320637491,0.9595301694156142,
pre_model_seis2_20250809163924_826.dat---0.9928859041980149,0.9935110836834498,0.9897323090175011,0.9909231722152942,0.9868277485678748,0.9875655720707159,0.9822798182067287,0.9235082308535578,0.9399171100738972,0.8867708377785684,0.8671536433879875,0.8648664089894486,0.8705120351109481,0.8965376805527802,0.8921391188965144,0.9069161984852158,0.9350645442808816,0.899217826469049,0.9092166543394231,0.8910655259765627,0.9081107147739348,0.891706057202717,0.9247491993433689,0.9205578471717649,0.8742060502027125,0.8642412849920009,0.8938398956311274,0.9065602147940065,0.9108553462414497,0.8998647500920245,0.9264678636048402,0.9209940635474162,0.9165879979287791,0.9223352411602774,0.9299648857182508,0.9371598171598005,0.9402841868753248,0.944372843844936,0.9498313173554083,0.9535098087661675,0.945974284372496,0.9241167096081275,
pre_model_seis2_20250809163930_327.dat---0.9727128821945107,0.961400827261332,0.9760798433499555,0.9872852766826693,0.987384910886861,0.9876351631689927,0.9803991022525791,0.9785347067520875,0.9787138124296996,0.9794735382142251,0.9673607283539986,0.9636474703232896,0.9727246480066862,0.9705865687732151,0.9701065702139344,0.9477986445653885,0.9528641287577276,0.9544017069047237,0.935654927910694,0.9458188529851111,0.9094691847090535,0.9479091266315371,0.9479046022774896,0.9206253930353088,0.9325864725732413,0.9312605148549413,0.9171958969347469,0.9429122087754213,0.9175155961305242,0.9104230099395826,0.93045685484006,0.932655582051832,0.9324578676095875,0.8975113580010028,0.9333660340936948,0.9366855456517911,0.929414574804124,0.9139938489569377,0.9338552884442047,0.935794930991759,0.9459268226996236,0.9480610981461988,
pre_model_seis1_20250809165433_441.dat---0.9893407646362141,0.9804955004596266,0.9941457800573227,0.9943855447116252,0.9910302620771604,0.9917364601079254,0.9927263723977595,0.9916942989299331,0.9880474657329054,0.98437488910284,0.9776073072817029,0.9724394538129503,0.9845240173771437,0.9836501943159137,0.9834631287191942,0.972268421531116,0.9467955838275282,0.9536370931006138,0.9403509333213583,0.8572564095005546,0.894509575561969,0.8894053205600547,0.8896741228670423,0.910722712170084,0.8969395528504513,0.8633461144435506,0.8860024431746223,0.8337890225724066,0.8751917857829293,0.8823396483023587,0.8780738571912429,0.861837387352838,0.832444482287861,0.8439548099225317,0.8133674783470567,0.8208097276734098,0.765400991859202,0.8268463364135176,0.8180982999848684,0.8532570557709144,0.8041511322239507,0.9124422375198598,
pre_model_seis1_20250809165451_229.dat---0.9698379546692638,0.9787792882922803,0.9704812353654284,0.9742971054113909,0.9855891356982885,0.9844303786165759,0.9828026266539531,0.976289912881588,0.9710763281435898,0.970026477595793,0.9863740925573117,0.9866591053826668,0.9886279549074142,0.9919148887844169,0.9927667088256501,0.9868000720461981,0.9728204369902801,0.9705576472521278,0.9724847708062,0.9671832289201976,0.9725382027714492,0.9729839558168197,0.947159488424666,0.9655628819283927,0.9383653497186719,0.946889823866155,0.9459554439501702,0.9275758242003687,0.9530851479794532,0.9545269417916709,0.9488479620466859,0.9636640829773852,0.9525330674034044,0.9460459768413859,0.9436593583666641,0.9381288758619818,0.9441664437131285,0.9334194922393111,0.9504277829289096,0.9458559077258669,0.9309022593947922,0.963465698042633,
pre_model_seis1_20250809165433_166.dat---0.9113303539159923,0.9576096695090573,0.9574235332423526,0.9594976379853926,0.9583685697934053,0.9574046306528624,0.9516761758537214,0.9650729001157806,0.9636298320058257,0.9746485599399517,0.960533028864184,0.9622459350617598,0.9505955027595044,0.9367156921493566,0.9452937957976568,0.9370887129610673,0.8821952370946164,0.9223403817457065,0.9134436228548891,0.9472235634772107,0.95519989497694,0.9653401569189156,0.9774952803559724,0.9673581013964385,0.9100718054218674,0.904428327994073,0.9069352184795676,0.9307147750393657,0.8391378301676112,0.8773230919929008,0.8924644206259735,0.8794044253126648,0.9267519006413427,0.9727102653447601,0.97394917634545,0.9788753560021264,0.973765974023787,0.9715943638917752,0.9713257367503587,0.9715788225003673,0.9672590418234691,0.9421468610191711,
pre_model_seis2_20250809163927_0.dat---0.9949667937427329,0.9968125072288516,0.9969801528623877,0.9973503715839972,0.9972901694262345,0.9963667148986289,0.9960241102630547,0.9936350382760435,0.9914757408208199,0.9914292354796305,0.9855426246532369,0.9834912469582249,0.9755926117699363,0.9785467485468595,0.9567110665000671,0.9573701366973247,0.9510239744382787,0.9654091012483732,0.9877295773585814,0.990794903089052,0.9836637862473245,0.974780765645125,0.9747800026375045,0.9543290448510617,0.9680641684547833,0.9528714985257574,0.9081546182293704,0.9009798086196089,0.8245684568220284,0.9012647297592326,0.9012658063367646,0.9404514776483026,0.9496733451189527,0.9683908372478232,0.9762057119939349,0.9703770496832214,0.975037560580759,0.9659750785195618,0.9615394015334635,0.9584411624199898,0.9556668891293362,0.964659122581615,
pre_model_seis2_20250809163933_667.dat---0.9917474134411813,0.9809401452447796,0.9883950774224949,0.985545591843424,0.9823399335209709,0.9821429122791867,0.980763471518368,0.9778238990135912,0.9857959005287584,0.9853664227232738,0.9904435360563674,0.9947294319583473,0.99655585211082,0.9966706000027913,0.9932567760379092,0.9883599215691022,0.9968669868852297,0.9956775866829021,0.9887472872791423,0.9816696241972728,0.9806991023343932,0.9805127428456737,0.9765379528376733,0.9719791673151226,0.9731401645264449,0.9739358922858737,0.9459360295489148,0.9629712587176545,0.9598306125026533,0.9501498347235837,0.9503752196480627,0.945907171154882,0.9482626710097757,0.9389019633678358,0.9097221128940973,0.9369982609825218,0.9576531224431252,0.9633558499757153,0.9646032623538727,0.9687350743603709,0.9654833373949415,0.9729153456960756,
pre_model_seis1_20250809165436_271.dat---0.9701189186682061,0.9613428617816365,0.9493775792312155,0.9442989841211865,0.9533251937924369,0.9271710207708115,0.9109179254174258,0.9048961507077407,0.9250693916501448,0.9406284959161837,0.9441447310084472,0.9775794909003854,0.9741697936052512,0.9894336914251592,0.9923285509919426,0.9937962326467569,0.9907897723212344,0.9945827809215474,0.9937460988540533,0.9907910717783591,0.993883224245662,0.993783351773317,0.9954154359014756,0.9953794422974743,0.9946483132633112,0.9891275140839515,0.9815546808663652,0.9826990469303195,0.9753372061659271,0.9814406709508938,0.9815192273275392,0.9834029344792894,0.9808692419262546,0.9748900163686081,0.9557522601764369,0.9572094770320524,0.9469605816823246,0.9503785505580181,0.9613579415520206,0.9581373611636477,0.9639994946334413,0.9689330417045967,
pre_model_seis2_20250809163912_697.dat---0.9556851562719167,0.9789121369279866,0.9805754233933113,0.9733629283175113,0.9761810113332121,0.9631078577214809,0.9668995095853614,0.9831876569857386,0.9840539917187121,0.9881731283533075,0.9910439355959866,0.9916599705911062,0.9953653879893635,0.9920628671256995,0.9872835645627936,0.9929354923434304,0.9782846076125183,0.9801752055486486,0.9710024151983104,0.9722565408780819,0.9791547711680909,0.9773574159299417,0.9849786945504857,0.9671391384377068,0.9653800475068033,0.9642757460423407,0.9445328781691559,0.9565405776907073,0.9273151157358415,0.9311457458281169,0.947196646629195,0.9431064800040639,0.9453912966931295,0.9482235272443319,0.9477300695057327,0.9462211773047609,0.9213728139510926,0.9174304602818607,0.9094315876321801,0.885244712664332,0.9232952905761099,0.9618212922341574,
pre_model_seis2_20250809163918_372.dat---0.9898520957933268,0.985839421067067,0.9891970880116958,0.9876070465110597,0.9862889929742953,0.9863977084689494,0.9837300212721003,0.9873410168959957,0.989637811991737,0.9890113052473102,0.9848765856602812,0.9856294846424707,0.9943943490543805,0.9939648744250192,0.995252884056673,0.9934110627889314,0.9959104380925038,0.9935644300144207,0.9913982076997049,0.9934735398016923,0.997646709034733,0.9956731434768173,0.988609849888891,0.9884508452520631,0.9741933416285461,0.9536791314696754,0.9744299208977877,0.9699960312947495,0.964002167996522,0.9471206583896074,0.9517940756285708,0.9454092655794493,0.9551540384380762,0.9501724824647197,0.942236237076312,0.9524849431705349,0.9414183619889446,0.9147504186473948,0.9315070556598881,0.944042465537563,0.8998384303521154,0.9726679984961604,
pre_model_seis1_20250809165448_639.dat---0.969148778955739,0.9813554206897057,0.9759952592763166,0.9835311127719991,0.9750541061528846,0.9662843040484768,0.9805181711035823,0.9813943661655526,0.9737516141996989,0.9647899630988244,0.9620469882765478,0.9600389974212342,0.9759052731758053,0.97917533198983,0.9831355942715335,0.9909190646008983,0.9874004401956944,0.960556983283969,0.9862319254214643,0.9787873615273133,0.9741766912249842,0.9528767293328948,0.9247891257055136,0.95323350217759,0.9449342665322615,0.965897821080274,0.9469998218709402,0.945445752651651,0.9568356682629658,0.956525071946664,0.9693017204130234,0.9542329924027072,0.9517836896467058,0.9499955090941441,0.9087601404484063,0.9322123414376821,0.950405729091039,0.9532735354684342,0.9498450765105488,0.9502488622791894,0.9654571814478371,0.962762250869574,
pre_model_seis1_20250809165454_755.dat---0.980818626320254,0.9819916764368538,0.9899762783858634,0.9916781852077688,0.9890770023310272,0.9921369006868154,0.9887444777873416,0.989548116352319,0.9760953396977627,0.9748029620507512,0.9704004396804041,0.9843583875626676,0.9858475883979471,0.9967067667114635,0.9937603693740693,0.9947512698719417,0.9959259040982966,0.9972836422401985,0.9896523893370244,0.9834400617544078,0.9643083481948098,0.9567589170884914,0.9485818322179408,0.9562492213009383,0.9606829479902026,0.979514255408476,0.9698722050384664,0.9665306607102856,0.974931371761247,0.9708937270773984,0.9815935408350983,0.97609105486225,0.9756589267784792,0.980727060433611,0.9789187882269353,0.9849640848395353,0.9840598132717665,0.9848309149148331,0.9853914445387966,0.984368183200778,0.9855779363451778,0.9804268687639195,
pre_model_seis2_20250809163927_599.dat---0.9772228833416973,0.9582022470664927,0.9813417669408347,0.9792924976584892,0.9795878433966058,0.980549113820077,0.9864469342516539,0.9780710538793174,0.9883564172057019,0.9865315907744799,0.9950048687236677,0.994224310303389,0.990032727000059,0.9926367428993673,0.9921160059135399,0.9932903821790264,0.9909815384897032,0.9866274251929091,0.985949332677119,0.983302080620479,0.9815028112091738,0.9768184014348102,0.9733805266202544,0.9615573925774651,0.9744153838355292,0.9710288940235362,0.9403569212770273,0.9517435210450214,0.9325724149525064,0.9339639565022839,0.9407496909784282,0.93839549854972,0.9308859617366508,0.919763345243651,0.9411613636633975,0.9558528844211518,0.9535261149354001,0.9574258592720802,0.9499837984111675,0.9580996156064824,0.9664657787687722,0.968522387741442,
pre_model_seis1_20250809165454_784.dat---0.9803691731807593,0.9836859492431319,0.9879159768402335,0.9797233956353959,0.988025876866911,0.9915387518254982,0.9913190945626743,0.9937835629485606,0.9931658812924454,0.9909036375211762,0.9888705374444272,0.9849944463446679,0.9852106623122767,0.9898512362938298,0.9872812181275253,0.9913534756486265,0.9950309142605714,0.995078823045309,0.9950605263373676,0.9878804761685872,0.9862219348580561,0.9788624091480788,0.9872409892541616,0.9839409541250765,0.9826647888317064,0.9842993347855115,0.9710021743294759,0.9647782572551542,0.9742615033649155,0.9599009423350786,0.9739524144152963,0.9759525456216372,0.9734561654476196,0.9674073716480287,0.9513849378948721,0.962350156523631,0.9547221286553674,0.9551471738522461,0.9416490829469794,0.9140102657174892,0.9143843873230936,0.9765520374203284,
pre_model_seis2_20250809163933_411.dat---0.99531185779726,0.9964065747732431,0.9951573455092003,0.9954358630464424,0.9947962301440654,0.9930748803046259,0.9938844063161958,0.9892847345691194,0.9883947985264634,0.9720934029720181,0.9713159814265024,0.9678790681608596,0.9642589046835189,0.9750150839420411,0.9827135726186018,0.9826148403304055,0.9749319741092016,0.9777217409815473,0.9749084268791721,0.9737564114430473,0.961980737717708,0.9576615788113266,0.9728865945903604,0.9650980247104629,0.9722442233635669,0.9563812403594253,0.9694037147790396,0.9709443409642425,0.9700322640721166,0.9685514067266134,0.9734728705647931,0.9755660549646239,0.9725117960340907,0.9821007636007312,0.9723761480800167,0.9787609955723016,0.9806455917669645,0.9684204359610196,0.9757982255864963,0.9638192729255107,0.9707556906448856,0.9765455626909717,
pre_model_seis1_20250809165445_822.dat---0.9831478345107034,0.9877922272379466,0.98585764587432,0.9893205424753121,0.9890958425372871,0.9911801807521411,0.9922263736594986,0.9918742418702595,0.9862302910825089,0.9872495747149046,0.9890603229738275,0.9849221045936399,0.9798261560458287,0.9765515295571343,0.9803357634548076,0.9780891971427716,0.9711628338858992,0.9727886921424476,0.9831287184882568,0.9880899130358429,0.9798340968397696,0.9809909947907496,0.9576611506897759,0.9609935025091327,0.9782693800590174,0.9813565297788547,0.9753587201352457,0.9703170794929961,0.9645135477609565,0.9691521436032456,0.9640406577715234,0.9602898837987955,0.9465422956660633,0.9573647459915184,0.9678260466314359,0.9731383445654368,0.9900710033213324,0.9883096933520586,0.988999097685137,0.9898723065081075,0.9772596459610041,0.9782948988523779,
pre_model_seis2_20250809163912_377.dat---0.9883601410565794,0.9874965641671263,0.9907281424911346,0.9882567361479105,0.9884413505096071,0.9873528039462426,0.9913729228259773,0.9847450941419593,0.9849644140522295,0.9742214622336989,0.9741136918458133,0.984669580258494,0.9830439663631785,0.9820207784849851,0.9757545902668142,0.9748976766953671,0.9900564042375727,0.9882089585309619,0.987395647372239,0.9946673240833342,0.9946992280432158,0.9944232789026534,0.9886411163379588,0.9788796052686347,0.9708447803821494,0.967991128282884,0.9673281896948024,0.9657276715618408,0.95529549097648,0.9642469270090186,0.9607014487819187,0.957442373028845,0.9725221910945709,0.9640374418544669,0.9841154635423374,0.978821747315882,0.9717532525824228,0.9742037710020147,0.958613536330186,0.9454221933638545,0.9735072148196772,0.9778045438996839,
pre_model_seis1_20250809165451_8.dat---0.9867144642208102,0.9842348167362335,0.9874111756745455,0.9795765353361716,0.9845996455597734,0.9853046918281769,0.9840311952887715,0.9774709574234853,0.9621651698735236,0.9473933945217324,0.9388177911104715,0.9496258933456813,0.9177169788491546,0.9725942045605712,0.9767475482684513,0.9737911687893527,0.970836985941153,0.9691620697028425,0.9765066877805287,0.9764568408726749,0.9735290687674527,0.9514634481395808,0.9190540328081056,0.9295576175142757,0.8734203272470721,0.8956962021086378,0.8913978433257436,0.9298716816225476,0.9271240011518874,0.9126670248369934,0.908866142144525,0.9113326098591378,0.8898796250878314,0.8778989877893795,0.8189620075452475,0.8821240706554639,0.8940765886431485,0.9031649917919393,0.8866015679712296,0.8856548089026188,0.9229191378101061,0.9362541463757813,
pre_model_seis1_20250809165430_249.dat---0.9828445057200577,0.9638379728631478,0.9843612219959097,0.9762870732168041,0.9854838349624659,0.9817419682713441,0.9773228659599943,0.9753671568179204,0.9713840054959804,0.9671316412727279,0.9803451002866683,0.9689063432315108,0.9758033104786238,0.9707418660431103,0.980839373926801,0.9793357944215059,0.9703697737292432,0.9823811558120414,0.9790098573808079,0.9666193455506001,0.9798012537603676,0.9697993941284219,0.973777726232003,0.9830422179779827,0.981331130696451,0.9716006185343693,0.9753855311281671,0.9743657389774124,0.9734241888625801,0.9647324841988852,0.9725256361795186,0.9764912536152278,0.9704922821625732,0.9746430497796106,0.9678538670261498,0.9727052156993158,0.9621684836000247,0.9729159199181936,0.9728195682167344,0.9719068321967429,0.9610132922956333,0.9742173134786253,
pre_model_seis2_20250809163918_253.dat---0.982035112397317,0.9789221975939274,0.9837870886068638,0.9684754567582027,0.9771587588613396,0.95486759454453,0.9686046233552874,0.9258713212197225,0.9680979961643101,0.9730847643050716,0.9338662557388888,0.9624110714761346,0.9575846741453029,0.9626318795517956,0.9529523654207596,0.9669805205580373,0.9819103486964621,0.986348204996533,0.9663303399201851,0.958495553804358,0.9356112179271189,0.9544132418008596,0.934465162564449,0.9149152811298874,0.9025603075145542,0.9004028666184405,0.9108152220681496,0.8839834192820657,0.8640404738226688,0.9008378241473427,0.8739175817072705,0.8710549819968524,0.8098653583927424,0.7162620054481266,0.7716705318973365,0.7430666631740347,0.7156716419885544,0.5744909133443493,0.675408434971475,0.5423687073636959,0.5295480602916541,0.8837996591601621,
pre_model_seis1_20250809165442_382.dat---0.9942099197190037,0.9951393182645816,0.9960031125878027,0.9964706473660389,0.99501455927815,0.99652936001256,0.9961728763657721,0.9960498205289906,0.9952713688892381,0.9926154981188564,0.9917395123988657,0.9904560081429478,0.9887116286222125,0.9984850388609955,0.9985702486065142,0.9991001946307924,0.9974155663811962,0.9978451281368159,0.997476245916148,0.997480981397069,0.9948585935383354,0.9938435302762897,0.9930671892966805,0.9932905190161155,0.9930997884056709,0.9930295953485404,0.9930521541778239,0.9925520539505165,0.9864750645650615,0.9882229394555517,0.9879714624377421,0.9843782411910493,0.9844593741076635,0.9841159018531758,0.9702395257576385,0.9713883776577134,0.9818135541400994,0.9820957743219983,0.9846893654267908,0.9752075854585002,0.9819883798720452,0.9907462440116962,
pre_model_seis2_20250809163936_45.dat---0.816496353810329,0.8658370989232207,0.9104383549289349,0.885486669686604,0.8705737318375552,0.8350178854014154,0.8546229263116213,0.8721770272256171,0.9373015789391189,0.9397573876318468,0.9700146281286554,0.9805502089859255,0.9831763255866174,0.9815506507410071,0.9756794866373107,0.9689435179848852,0.967491926301989,0.9580932045433653,0.946595853086788,0.9516385137643169,0.9458653424407918,0.9388152946823258,0.9582233487636413,0.9488321894682119,0.9480965482630391,0.9125564228102008,0.9248688070514506,0.9114031693162361,0.8493320862227819,0.8907179648971366,0.905405960175036,0.9245137190265389,0.9453161532323853,0.9523908392928027,0.9547302691454236,0.9170506327058809,0.9077101577475521,0.93038536637152,0.9352838123115229,0.9379792939416717,0.929134086926915,0.9253671901280535,
pre_model_seis1_20250809165430_389.dat---0.9828755591981281,0.9734598524329946,0.9881688055503283,0.9798839196600051,0.9817285121035774,0.9800890394080369,0.9836103200845049,0.9850453798333167,0.9827014932342295,0.9790283747386158,0.9731071584520842,0.9802173026181311,0.9872871894815655,0.9916967593246656,0.9934451450882302,0.9957526787539485,0.9948120854260643,0.9952973349138685,0.9948089145002544,0.9942891237025553,0.9927071135308619,0.9934801790089571,0.9885697405527615,0.9836282486333269,0.9811209753234803,0.9795026974057172,0.9771320020312819,0.9756178354726871,0.9737506122117422,0.9675818135032092,0.9665860747677386,0.9559945104866718,0.9590017930352166,0.9419824933065654,0.9459123816938841,0.9566191139793861,0.945501628701978,0.9485386937623501,0.9514824465034876,0.949967301780408,0.9611817187784362,0.9759308371457381,
pre_model_seis2_20250809163915_584.dat---0.9957947829334381,0.9947425665305154,0.9953674931761561,0.9935061099253055,0.9908797796437615,0.9918078236960847,0.989273475046627,0.9902452416174811,0.9911397526027707,0.9898832537590047,0.9925636061983271,0.9927079873125384,0.9918783057006534,0.9934236095351158,0.9919624072403382,0.9897654004960311,0.9864110000761589,0.9889439593335763,0.9968343460881977,0.9981622597084966,0.9909422700263041,0.982563221861901,0.9902657361763157,0.9759590870381738,0.9849769558803912,0.9849763340807073,0.9836486560697381,0.9751921400391679,0.9813558010400337,0.9656480833760726,0.9658175689198388,0.9653944249951928,0.9611702530069798,0.9674363869016803,0.9689948184662107,0.9738367137322534,0.965511491861032,0.9691173377591048,0.9527911143149422,0.9418046949053561,0.9459478387379929,0.9814303436539016,
pre_model_seis1_20250809165442_460.dat---0.9872373258597349,0.9922946869164007,0.9951899321614401,0.9933132315256696,0.9905850187283325,0.990937933876997,0.9921638447079879,0.9901774678981934,0.9921642969424145,0.9925591506308389,0.9932852984376797,0.9910372721134812,0.9899172807189799,0.9913680939286923,0.9956656939362875,0.9937931739268446,0.9914890074494368,0.9878653294061875,0.9824886496935676,0.9790863158931058,0.9665669618324054,0.9590549179460361,0.9607000684710543,0.961296544087654,0.946149532052796,0.9564056906098793,0.9609998410785358,0.9434824260234036,0.9522653124184844,0.9418843171977132,0.9516004150457987,0.95718732305713,0.9528958412670293,0.9534143213565156,0.953976712694938,0.9472846928673199,0.9538038594048994,0.9456839470843305,0.9522117875631689,0.9598616988126688,0.96199036320072,0.9719837946054821,
pre_model_seis2_20250809163939_108.dat---0.996712218084502,0.9973391133731979,0.9959249368453882,0.996022028311809,0.9937600207121801,0.9930489510304239,0.9898386816408806,0.9908021317292258,0.9928953712634353,0.9883450157291701,0.9913534311365041,0.9910199966123334,0.9909261744564032,0.9977507567007557,0.9980309634771348,0.9945962816087685,0.9964643016719585,0.9963824226638528,0.99593418704225,0.9942638835795539,0.9921394810429897,0.9887651846675986,0.9862481398133051,0.9785854917247656,0.9842685051131522,0.9849683203696367,0.9828494436697418,0.9740253211431121,0.9726884749084049,0.9697233180857391,0.9671100639362885,0.9638824744617442,0.9580888799725837,0.96740936402884,0.9669510185570438,0.9676481926480356,0.9658252614280051,0.9760918734186617,0.9802414014089036,0.9743361754966952,0.9711659656195482,0.9842542248581588,
pre_model_seis1_20250809165430_505.dat---0.9772825343120475,0.9898080940624181,0.9920803808739594,0.9912457039310365,0.9865997091073716,0.9851434458537961,0.9809387080250689,0.9420543977633475,0.9594736016206832,0.9599724815664558,0.9577106974347953,0.9519810586867296,0.9417844750309874,0.8834453828479016,0.9062578212814009,0.921497123264985,0.9648255738348676,0.9590296606253781,0.9766086793364462,0.9531661221006619,0.9591808704571904,0.9531507975909449,0.9591147508231072,0.9301437294873992,0.9086565682515757,0.9120890650947372,0.8800157335962169,0.8751729191729142,0.8408608710103507,0.8211041122090906,0.8600364774188524,0.8704337695651844,0.8857122683010227,0.8596934752418078,0.8824454827214776,0.8932870405198743,0.9048945162193998,0.9181068468088462,0.926928517021322,0.9220924977104991,0.934034704034123,0.9287331869467387,
pre_model_seis2_20250809163927_528.dat---0.9451542025656738,0.8922085608646764,0.9259109481576083,0.914081492618842,0.8187470078115735,0.8568463264432618,0.824093735628939,0.9355325696142551,0.9508516288480878,0.95621910906314,0.9608613396012897,0.988805360113817,0.9916812596667328,0.9934376173204208,0.9941652379142499,0.9921830916670434,0.9904805447450954,0.9892710414754288,0.9873045219424971,0.9801363420281649,0.9780438106300134,0.9695218320262775,0.9722245403825028,0.9672725989177725,0.9494311465870948,0.9274772096237798,0.9454789282765365,0.9176320772971076,0.9057494580908025,0.8794386959734348,0.8409359197642042,0.8032451085433855,0.79853711828853,0.7975216361961804,0.8506213095264562,0.840967262810407,0.7986810896219065,0.8250045521233799,0.8401280731763685,0.9036862299013572,0.905941129115788,0.9147685771942459,
pre_model_seis1_20250816100528_35.dat---0.9806247976896703,0.9842648635202617,0.9912305191776394,0.9903024591908991,0.9869168979766737,0.9908610768381303,0.9920463806168941,0.9944996259172766,0.9954239724443716,0.9966145367959778,0.9957782505116669,0.9930863058637913,0.9930715260969559,0.9893185380577438,0.9920883997203448,0.9913868591109222,0.9945955226795442,0.99626948711026,0.9961099939875033,0.9942199099033966,0.9822851857520409,0.9789846513539929,0.9750821290002394,0.9704315116678341,0.9767539646864318,0.98298409673792,0.9823262426642331,0.9808556124282362,0.9808874678687006,0.9751995314019033,0.9732865668431938,0.9755452408892653,0.9685022431632329,0.9669986961072776,0.9743225456510587,0.9691262288850112,0.9736356110705404,0.9701136679439053,0.9620772376423639,0.9671573705112687,0.9623924056133643,0.9826258080754126,
pre_model_seis1_20250809165454_377.dat---0.9904552362347093,0.9737717118839844,0.970353709018982,0.9742900496880254,0.9863091517508841,0.9802662439356086,0.9797586661112568,0.9775160183695274,0.9808851626929934,0.9677521087988195,0.9650605125136796,0.9745863853621278,0.9665411189117127,0.9694945630666822,0.9659827738531298,0.9776794832357019,0.985889159430002,0.9898244423341443,0.9724405297517473,0.9726537647443387,0.9752833206695356,0.9768215550754092,0.96788741679567,0.9628960609227492,0.9736963754453991,0.9663542435862107,0.9731574825975928,0.9724524142540375,0.9567243980754017,0.9551947908930013,0.9334311941469908,0.943314572509382,0.9494970147624985,0.9565019114136692,0.9483167834798277,0.9392369954924759,0.9617800815794045,0.9635301360744305,0.9593395344879264,0.925094468926939,0.921442296308588,0.9659381424191511,
pre_model_seis1_20250809165442_231.dat---0.9899470017268749,0.9816747960694472,0.9689678795369939,0.9787408015240553,0.9859740099066674,0.9857750886843292,0.9815449432703656,0.9743875018241966,0.9829258104236684,0.9818789279902055,0.9582607014485106,0.9695826881644393,0.9746907291855168,0.9777161829331092,0.9793920476246931,0.9863134689112278,0.9859347285851056,0.9770275247788611,0.983672167769852,0.9727375244170204,0.9925607607966537,0.9841548043806501,0.9797603133936754,0.9798357692742822,0.9770324330843905,0.9628623082243122,0.9288667259479326,0.9113403020560977,0.8506281044571323,0.8477000119777204,0.904743267131602,0.9099765666648271,0.870007834522598,0.9111910996097158,0.9317057219259026,0.9242942581336248,0.9087666631699755,0.9145292419599461,0.896322082101072,0.8828218593065441,0.9036912288061135,0.9499984361390225,
pre_model_seis1_20250809165436_741.dat---0.9828451838304032,0.9889180119154868,0.9842199698014935,0.9890718335290303,0.9919745404482038,0.9899047308550161,0.9894034123016122,0.986311944478417,0.9862864074584943,0.9851628507675566,0.9927848052487698,0.9959584274433146,0.9943267465917931,0.9977840814246582,0.99701519494351,0.9942998589984999,0.9902115556382476,0.9871104498024674,0.9870841931798509,0.9868679743975748,0.9927152308336776,0.983836932618825,0.9793414643433467,0.9806188983838924,0.9795074468384054,0.9795188382043655,0.9751543513586616,0.9645640955398557,0.9548492294893495,0.9655392420102052,0.958749761853956,0.9668000016756566,0.9685774646054572,0.9696856268503208,0.9501852654668412,0.9536369954819424,0.9243666519627585,0.9284277171790887,0.9269257709217524,0.9352432991776963,0.9500265753802304,0.9752637325178217,
pre_model_seis2_20250809163918_614.dat---0.9169431871347495,0.9306682450107131,0.8583963348317583,0.8897032993535523,0.9129225104233306,0.8882973347557617,0.8933284297610529,0.9051010904304043,0.8866505718742468,0.9431255114190553,0.9748480476645945,0.9907754795897655,0.995359591562859,0.9982339782564674,0.9982586299390875,0.9802862071281779,0.9956077929355317,0.9920822810754921,0.9776893906712629,0.9816758848614513,0.9806545362084614,0.9749094211640268,0.9876476634547311,0.9831996386520124,0.9844981250935674,0.9753848504740199,0.9830172105301748,0.9673457722142558,0.9789749313587901,0.9574212961850843,0.9416502688277412,0.9478477891344423,0.9424965104138102,0.9541693735715903,0.9494566213844129,0.9577053414798303,0.9430811652684401,0.9505743359945625,0.9193335804678141,0.9299805530161448,0.916167528588209,0.9520846417600348,
pre_model_seis2_20250809163939_787.dat---0.9521083654524937,0.9744160988866585,0.9838465992886499,0.9906785118527069,0.9859195617989891,0.9887861445675212,0.9872310567135897,0.9896969101502178,0.9827229806698362,0.9904450390995869,0.9884322059786964,0.9783454509903929,0.9859995851309974,0.9861780081194276,0.980024281184391,0.9701977227144148,0.9625812430485253,0.9584794679061451,0.9503187314899549,0.9602692341821477,0.95061034142766,0.959742345145465,0.9657471520199132,0.9731925067347474,0.9595109415919647,0.9731575888993717,0.9667677430337646,0.9528181881834645,0.9353393260489143,0.9627730868114273,0.9666806803308297,0.9419670416327902,0.9613747223186958,0.959931354490724,0.958540092542227,0.9605046707576664,0.9551063817612503,0.9517979908505091,0.9649762113080739,0.9604036092198674,0.9754600372437973,0.9683677856482552,
pre_model_seis2_20250809163939_889.dat---0.9518698606657637,0.923994667086321,0.9456688566337301,0.9362623259139835,0.9572847356066578,0.9569499925156476,0.9474493030513236,0.9359726545650882,0.96897333865657,0.980276094791519,0.97980485247382,0.9854882386151909,0.9858905266901362,0.9807357897259755,0.9701686406446713,0.9665369339091647,0.9635539222363562,0.9529980230882638,0.9511212777599762,0.9646451439384367,0.9637509779886445,0.9481159396377956,0.9603087594009635,0.9573243265366088,0.9701996579755889,0.9615700847209926,0.958109327944498,0.9665126130275853,0.9648059368138602,0.9689340114390701,0.974843620736716,0.9736134475724625,0.9721829932258562,0.9775243109607282,0.9707509639035135,0.9704221280577068,0.9712215237065317,0.974704225732238,0.9677210570298285,0.9727260934286373,0.9709979958819869,0.9639508579095223,
pre_model_seis1_20250809165448_615.dat---0.9799517266792083,0.972823398159183,0.985307477593528,0.9804324917822668,0.9655743993787137,0.97666771585349,0.9705866836453179,0.9708479369578376,0.9780367451691311,0.9621815432365542,0.9678838221839074,0.9545084659084917,0.9883065893998649,0.9964469056826178,0.9962129973995901,0.9917209087933573,0.9797929685359186,0.9582197779462527,0.9523814056531591,0.9476501901801615,0.9779036634651108,0.9646911782627756,0.970875196005786,0.980414746563309,0.9831280429480782,0.9837877932655756,0.9896454097208962,0.9827849776779138,0.9770768955822718,0.9797290441824902,0.9681833784054963,0.9658848394759123,0.9741399981833789,0.9739408668182163,0.958104231575242,0.9444373698363404,0.9593852953628568,0.9597024566566366,0.9468550290631812,0.9663587595021079,0.9732863218389702,0.9720938937690512,
pre_model_seis1_20250809165457_353.dat---0.9913267824474364,0.9894324163197605,0.978118567458401,0.9913827917612924,0.9898892260715024,0.9883756353791854,0.995868889403536,0.9952418895625126,0.9943658989470199,0.994260631120434,0.9951687438657446,0.9929941205860146,0.990574090169396,0.9933190117416758,0.9897359638653292,0.9911154463135339,0.9914326084563757,0.993445547819158,0.9923716047247833,0.9914574328412796,0.9806148906824861,0.988829647393699,0.986241991054698,0.9839731961194996,0.9803975070421261,0.9780739933745081,0.9706648246774645,0.9633086871906004,0.9578181814922587,0.9535280089413258,0.9382385284398937,0.9434801613174575,0.9413102538464427,0.9450641424375743,0.926117170594699,0.928144129973249,0.9266213006725994,0.9065923336915118,0.9070964027392593,0.8977155627285871,0.9017175621481412,0.9691567262295719,
pre_model_seis1_20250809165433_64.dat---0.9521417245435239,0.9785597073736008,0.9541280206132916,0.9769185619045334,0.9560644808115898,0.9648101817719787,0.9646579942081098,0.9446346704153081,0.9702921714647681,0.9623188258493003,0.9700128385667989,0.9725674059009869,0.9796892554885643,0.9712787403631238,0.9495392535276399,0.958518215114511,0.9304401793976923,0.8994650762249617,0.9445526887521343,0.9779449613476314,0.9557210176237317,0.9782084938063309,0.9735925880737248,0.9612645914247454,0.9522419031006153,0.9548047963438856,0.9354101328867223,0.9333184837090799,0.9413167983647096,0.94597219572878,0.9556177928003744,0.9594549965633956,0.9621633587037649,0.97016734954866,0.968124505220397,0.9546773811026403,0.9551982433778721,0.9750244612120049,0.9661558183618105,0.9557066178229064,0.9455343453016549,0.9580051420662891,
pre_model_seis1_20250809165451_557.dat---0.9738740168955099,0.9737856046878901,0.9641443494179553,0.9507685553137164,0.9747692184744704,0.9793979527179375,0.977422030838415,0.9861822896773975,0.9822136372218873,0.9851039261818395,0.9867858634424662,0.9863980126651436,0.9830820268782698,0.9728271797484389,0.9827867285932548,0.9968266394376588,0.9959774645429638,0.9940901010237635,0.9933715480423034,0.9857785703577696,0.9728852419621951,0.9706757743054694,0.9712802931604712,0.9909653165099939,0.9867243099481203,0.9753681655763861,0.9759028728346052,0.9639810677555346,0.9691165550650629,0.9686592790763795,0.9763939326177072,0.966025878464999,0.9655185753898361,0.9565332904750503,0.9407876988988496,0.9390092022266963,0.95864448900057,0.9727219036304628,0.9773424555489466,0.9798103737052132,0.979707746378045,0.9752107350899915,
pre_model_seis1_20250816100540_83.dat---0.9837776578667053,0.9951810711804588,0.988533800242795,0.9960313465397649,0.9955961724870749,0.9957082719092782,0.9965141259869174,0.9942735078221577,0.9949796784726612,0.9929933002720701,0.9876644595954499,0.9884448288175061,0.9851371268627307,0.9872902988458058,0.982633243584403,0.9881720254362236,0.9858716937360613,0.9914247435947163,0.9934075205134113,0.9933934958512037,0.9852560776954049,0.983121785716944,0.9703504780596822,0.9804103282758967,0.9800793242187187,0.9668233585889777,0.9779739073779758,0.9834102233241002,0.9842103298576931,0.982164528523151,0.9845993357022313,0.9747060752841634,0.9676305522477879,0.9554773332789631,0.9464463055132081,0.9402014323924199,0.943999161665279,0.9476629141715658,0.9598646014917995,0.9605515529322285,0.9654050959202148,0.9794481237038002,
pre_model_seis1_20250809165439_700.dat---0.9444591601516984,0.9815397024724095,0.9716798323616861,0.9625638541559979,0.9727705523125498,0.9829906724732828,0.9752287667873192,0.9772405629122579,0.9754444885062059,0.9821900519282495,0.9866586198630253,0.9791779160690769,0.967849733463808,0.9758803293347411,0.9733646158669064,0.9851718472908406,0.9899654243034058,0.9924150281988406,0.991118957252116,0.976687678422457,0.9645670411539723,0.9765887592684557,0.9882036017915385,0.9758280170471243,0.9592039860609415,0.9812998161951563,0.9810214183813968,0.9802216635378969,0.9790567382126959,0.986361174858907,0.9873905694400119,0.9890972319428393,0.9885413748697185,0.9863099309966337,0.9881789935495817,0.9886945630794151,0.9852040941485513,0.9756874975228289,0.9831821143229438,0.984955173936331,0.9867597301496218,0.9795305191364252,
pre_model_seis1_20250809165433_23.dat---0.986329298109059,0.9760340774693291,0.9844742507531401,0.981451586517563,0.9761508440599262,0.9769652796506327,0.978090086818133,0.9758391767270141,0.9651251073320636,0.938754361192141,0.9376776710677625,0.9597619510678067,0.9789737918290304,0.984199268736283,0.9949879537814047,0.9913850438087913,0.9930481763705236,0.9945157396188837,0.9865622297296356,0.984316495172113,0.9694431864537915,0.9509440738786603,0.9728522808758653,0.9727044236274672,0.9644838612765347,0.9796716318552859,0.9773238086858266,0.9739173387276462,0.9789595914009426,0.9816316987811861,0.9822832609369859,0.966547126517129,0.9751630330539424,0.9771125997656476,0.980021415635931,0.9823582916715295,0.9844785324403086,0.9844327042375627,0.9823306128512312,0.985375661540268,0.9822331316278923,0.9768026989183625,
pre_model_seis1_20250809165451_853.dat---0.9719177431059658,0.9756049765097036,0.973593644037402,0.9678242739361043,0.9835394820857284,0.9874158886438958,0.9824801714748735,0.9749122587509443,0.9904425792468274,0.987752602414295,0.9927283215375883,0.989168799080049,0.9913063446492775,0.9862694271380115,0.9883677335487171,0.9920828158492829,0.9938805122341487,0.9934010468870246,0.9933335885453416,0.9958470400195397,0.996474337896482,0.9886831839071202,0.9868853930384653,0.9792432836199606,0.9841343346787065,0.9793807252565239,0.9791342089556159,0.9779672287727614,0.9765608524026335,0.9753080248276955,0.950381306386359,0.9704839175463029,0.9685760313527683,0.9660341794534736,0.9617331785979555,0.9470392656236705,0.9423394380574474,0.9229679293475326,0.937016467290996,0.9346190415129536,0.9451298668666881,0.9751697913435816,
pre_model_seis2_20250809163921_669.dat---0.9789141474939081,0.9885738547615115,0.9859303111575292,0.9784755246614033,0.9785469182815874,0.9642211401810283,0.9527954462992464,0.9710698655764518,0.9929485359188822,0.9949184374996363,0.9929660408547255,0.9810618116047528,0.9902303489198857,0.9949129553919928,0.9919529843496466,0.9867333641797388,0.9691517642980013,0.9861011668701083,0.9726901797389883,0.9804929675024356,0.9642244772168808,0.9878794298544716,0.9758860366675023,0.9792983774639977,0.9780861269417407,0.9824683565893912,0.9820893832918012,0.9786860208240037,0.9773290781896785,0.9652318767695325,0.9495552178170287,0.9366308255163655,0.8702407220041101,0.8759415262511019,0.8749394487819278,0.9034277869093224,0.9484090589782724,0.9659404234472061,0.9733799621936223,0.9758470464677269,0.9790792824426031,0.967250200735604,
pre_model_seis2_20250809163924_327.dat---0.980970467835875,0.9866690517013997,0.9706495495071453,0.9857768029684216,0.9902897486923468,0.9849493283722417,0.9824038886919048,0.9851479598838688,0.9785462530931539,0.9743974965858436,0.9773013470524136,0.9824054376872479,0.9773420306228067,0.9688550740160753,0.9582458933476903,0.965256566055467,0.9724069085205443,0.95734515973855,0.9639598203018843,0.9760877282632301,0.9709195903091502,0.9713604925443722,0.9380434202447508,0.9535552676001909,0.9476532794886104,0.9523749487387178,0.9583887997423325,0.9387515623524413,0.9114008143435331,0.910490304596485,0.8780527527140549,0.9127121130507302,0.9039295835075855,0.9067125438565127,0.9432682183268299,0.9568267421870796,0.9585625827548969,0.9583533434373024,0.959608558282508,0.9355230090104033,0.9217419836451454,0.9562740591139451,
pre_model_seis1_20250809165457_769.dat---0.9895520675924218,0.9922451442683793,0.9927032412363133,0.9924943397312395,0.99473596956354,0.995214224687635,0.9956706410877371,0.9933442892236116,0.9945831495789813,0.9964578089316464,0.9970527832180998,0.9956341185322383,0.989005044753843,0.9726296292356609,0.9781723791920308,0.9783390941370125,0.9825924488215996,0.9817453601220837,0.9794171582406044,0.9780616347554515,0.9813575374267003,0.9830911470806823,0.9786767937752247,0.9567021839522857,0.9710236025895218,0.9719014339102356,0.9609496908184763,0.974110721067897,0.9764274640224875,0.9791979415116818,0.982879488527514,0.980316872969803,0.9863120879701537,0.9854818333385785,0.9851336890749316,0.9821696344407804,0.976229596442549,0.9659934897056348,0.9668355188183425,0.970172688705669,0.9731458276235723,0.9818965797727524,
pre_model_seis1_20250816100534_17.dat---0.9863440754956773,0.9908007473896732,0.9906537315193874,0.9899657388420041,0.9901995670057193,0.9920831155253914,0.9913764209446952,0.9938724499477205,0.9937568472885234,0.9943020602652876,0.9923987604651558,0.9911163414591604,0.9898497684549897,0.9878758298812005,0.9890404984906552,0.9938301132257499,0.9985419422663051,0.9968578265926143,0.9955415552649478,0.991694565824269,0.991505564142305,0.9868943037363931,0.9921776357447535,0.9899740743337437,0.9801819191683302,0.9796686410469914,0.9848665582333225,0.9858436497043777,0.985951195004399,0.9769479881086544,0.9755054257126842,0.9676558707694725,0.9666765942014974,0.9566159298746352,0.9458389207261375,0.9238487347251778,0.919171630071826,0.9111838303168266,0.9351926480388547,0.9383865364596101,0.9498233420091392,0.9776588523970307,
pre_model_seis2_20250816100724_46.dat---0.97985504998002,0.9690183740461431,0.9791998027857063,0.9814438399378814,0.980528704311046,0.957127499304297,0.9615314712273838,0.9712053848558823,0.9527841975462086,0.9590706597629658,0.9671100780252824,0.9667149019202194,0.9797431123991418,0.9795490958869845,0.9806765202967291,0.9682438553632376,0.9630541494691393,0.9658385631557351,0.9911517569269106,0.9846559363948401,0.9866064456648995,0.9756361575094806,0.9768992527639934,0.9662773305840928,0.9649270046289401,0.9663733382761032,0.9634043185610365,0.959436052394919,0.9622740028995022,0.9610579479045162,0.9580996629615935,0.9535910877441969,0.9553178462996444,0.9656713812169072,0.9678843441428712,0.9673721436951543,0.9588903223472469,0.9409526487055873,0.9045781618832339,0.8954215637149467,0.8968352361724421,0.9630733952113919,
pre_model_seis2_20250809163924_617.dat---0.9887388914625792,0.9809358488665118,0.9815760613126727,0.9875230709007548,0.9774448006018746,0.9809245452044774,0.9723669146549494,0.9757733601859352,0.9749399593663038,0.9768974872710916,0.9733741647555534,0.9643980826637097,0.951810971093505,0.9490387923325547,0.9609042534462714,0.9766558001540874,0.9641000660394538,0.9571209930277945,0.9535758104534516,0.9349279587308766,0.941886330530617,0.9413095675836369,0.923297213142089,0.9469515892863054,0.9380108602869982,0.940054283800381,0.8823311596351574,0.8970668330179035,0.9189512500055653,0.9406334724386548,0.920026895620332,0.9365378119918493,0.9373218078136006,0.9144681831546891,0.9322138378291555,0.9014858620204257,0.9457445261565376,0.9327298861291836,0.9452794118715038,0.9299898200633325,0.9469963630481811,0.948690604828061,
pre_model_seis2_20250809163918_53.dat---0.9935749499995883,0.9925776735545789,0.9870822143421946,0.9909611102581867,0.9836333744310121,0.984033144365435,0.981966473183847,0.9863867870855816,0.9860341362532224,0.9724378032004845,0.9699815811115178,0.9810605316302167,0.9871675608580833,0.9813615863119637,0.9599784173024078,0.964697817253359,0.9822636200859752,0.9838899582676675,0.9854959652767816,0.9763492527827455,0.9738189937174399,0.9762143004888811,0.9607724972221992,0.9563676710157952,0.9623663786439157,0.9431783137564619,0.9559965333828273,0.9657232477009606,0.9784612028318739,0.9759890666730613,0.9585712362880079,0.939241336521952,0.9429772392893931,0.9354961576915749,0.9500447308635143,0.9500244714907944,0.9465012620579316,0.9694335018616018,0.9820931727159432,0.9846942693211282,0.9851392775304688,0.9713180199663554,
pre_model_seis2_20250809163933_380.dat---0.9731785289577963,0.983477210016877,0.9670237809314186,0.9824929185289266,0.9670746879139612,0.963011684858578,0.9745291097740905,0.9520275860630245,0.9592157064760392,0.9692521001320086,0.9723762917218456,0.978812908350299,0.989118595261932,0.983921740631868,0.9811149987991775,0.9936050606204977,0.9924915609375649,0.9913235611589555,0.9838022690431244,0.9848424189790967,0.9781796327481196,0.9840728742992378,0.9854288501968581,0.9866364465426246,0.9806281854817595,0.9781685300556677,0.9741378992900727,0.9787415085207799,0.971007491110357,0.9737680383874419,0.9843883232377382,0.9812575465956682,0.9795794422350816,0.9710460904155881,0.9842744792955646,0.9703687539004476,0.9781380980454434,0.9771927402745219,0.9703934624630899,0.9711472157184675,0.9743025833715326,0.9774524612522719,
pre_model_seis1_20250809165457_872.dat---0.9629635308509685,0.8917061877271056,0.9477375015740701,0.9435760960943795,0.9190849766510646,0.9429888528694744,0.8952572229365567,0.9255639711735839,0.9249850246908101,0.9106721174401393,0.8621140157739112,0.9302719819764729,0.9202309708096575,0.920423888293466,0.9392859500077746,0.9692521437619257,0.9651686469060102,0.958824688478054,0.950130532972838,0.9288753396849379,0.9057580427154656,0.883394734491616,0.8888368775655118,0.8876513536250483,0.8922105843627046,0.8957912697567931,0.9097221811215173,0.8841276738413538,0.8944918093610855,0.8857274393607943,0.8492761725508967,0.8616990391996211,0.8974980495883995,0.848113535743908,0.7877065518269125,0.7891241066239543,0.8040388290482324,0.7970258609475144,0.8271436520463501,0.7825213827633852,0.8131019544675041,0.8925384083337019,
pre_model_seis1_20250809165442_579.dat---0.9827606718177282,0.9806142839789502,0.9842330014504834,0.9787412604951734,0.9812797265344299,0.9796317248405444,0.9832089970815475,0.9877895000749262,0.9780284533914607,0.980496544882155,0.9906143547719711,0.9923489206161541,0.9946596425538738,0.9942334811703156,0.9948009463076289,0.9924727760853542,0.9929514892291788,0.9917659448980488,0.9913505630031201,0.9909338915406463,0.9904947355362017,0.989829560962551,0.9862235274835423,0.9858811332826694,0.9871142583101801,0.9863424917213024,0.9890402618091543,0.9836782447973831,0.9822806990137986,0.9750524892846308,0.9703086013523661,0.9647958863751346,0.9327192589435602,0.9377271633347953,0.9354178863723598,0.9344160408891464,0.9266826884631877,0.929233660135745,0.9281115146786686,0.9331231288218799,0.9138201408256711,0.9732977938321371,
pre_model_seis1_20250809165448_213.dat---0.9817185894120388,0.9821494770352848,0.9836042454107041,0.9878126047622814,0.986354090874271,0.9847569848431678,0.9852372655701084,0.9742555641828238,0.9723047826325774,0.95430579104311,0.9743887991360952,0.9708556928995195,0.971255049015196,0.9583254407371663,0.9687156705655745,0.9704020576846314,0.9752660587366724,0.9980231521659427,0.990471625248338,0.9782834259224835,0.9561552036959249,0.9441220278006676,0.92773568375679,0.9351991138811077,0.9609967647231148,0.9497903779571806,0.9736819407707404,0.9749841397976114,0.9735322034793789,0.9749723886859938,0.9759926846944821,0.959243732471598,0.9561174729712095,0.9445620132936854,0.9575932010346714,0.9071173961098898,0.9361090202905628,0.9353932566576165,0.9263146322706167,0.944779805461312,0.9474815539622097,0.9636673410157162,
pre_model_seis2_20250809163924_271.dat---0.986465280698475,0.9723694490653868,0.988618962289095,0.983865442171128,0.9846538736836569,0.971452396774505,0.9685182231060152,0.9731180335942211,0.9725429443298792,0.9631608911782625,0.9560550468908195,0.9400238801892481,0.9756645023117166,0.9859340491257543,0.991140627090668,0.9812084515060646,0.9760063202022816,0.9801975130490544,0.9824907322348925,0.9778971570552007,0.9737275560408069,0.9708931762443563,0.9753970843625186,0.9731636648043261,0.9786940084221141,0.9742974094665667,0.9728954838082556,0.9816141268397958,0.9750922415303312,0.984320664070744,0.9843320216168521,0.9872524094438675,0.9845177620437829,0.9895270272441687,0.9881191803702506,0.9887908555898185,0.9869587356754721,0.9852722014263928,0.9887709249155586,0.9910763277280873,0.9873482704863533,0.9788645099677251,
pre_model_seis2_20250809163927_849.dat---0.9353732235303298,0.9432060735245855,0.9600651268236522,0.9580768893453958,0.9543312743019439,0.9202417229824311,0.8939118757962696,0.8380151461714933,0.7553686827118191,0.77009135461305,0.6601562067361731,0.8362610784288176,0.8884877418279431,0.9239314456769618,0.8839727129654069,0.8461449169119737,0.9023017644066674,0.9118466240220932,0.9275505729613018,0.9126264672645313,0.9166692379873899,0.9553420682828517,0.9803067112706803,0.971704687351697,0.9796298030185209,0.9801120783602564,0.9725014689178527,0.9835110654842643,0.9868405294608017,0.9880970677024299,0.9856606624235451,0.9851923364064576,0.9792192054736735,0.9807441623794472,0.9797980393759128,0.9789320585769442,0.9829164992995132,0.9745718991280552,0.9755244060860291,0.9698871566201454,0.970788887789094,0.9292661203024001,
pre_model_seis2_20250809163933_412.dat---0.9909205925695199,0.9913848527415592,0.9901074950495502,0.993082203542122,0.9899156506236472,0.9889198589634466,0.9888234993312618,0.99061221958267,0.9919533009123519,0.9929801338819698,0.9922278854520115,0.9912939700667439,0.9916862999167081,0.9888742219956325,0.9902093616728166,0.992412188053995,0.9954471564703948,0.9944095564327281,0.9962651825823013,0.9947635907265806,0.9913916784953375,0.9921304362899447,0.9864223752613908,0.9887871092763039,0.9842239984342409,0.9843466210674637,0.9777680929975026,0.9722949254482499,0.9761341730927827,0.9735988765631048,0.9653307771780847,0.9574249938313789,0.9669639627351303,0.9664754210428596,0.9578570578831174,0.9528040500446342,0.9692503047172645,0.9590915195786466,0.9771343239821886,0.9730856476095954,0.9814622169666626,0.9826894581235097,
pre_model_seis1_20250809165430_481.dat---0.9846119694023417,0.9833533978045361,0.9806397864758435,0.9697655015885736,0.9711074861543224,0.9751935714999533,0.9728256134105364,0.9702133120786236,0.980340474862666,0.9831236396386832,0.9855460572336144,0.9794316006306766,0.9775098385513381,0.9778889287501463,0.9809323377837488,0.9948368469542098,0.9921876730199822,0.9866259094538339,0.976805344377162,0.981999844033009,0.9744517154476109,0.967235149633649,0.9693519532629535,0.9695368574081976,0.9595469655736567,0.9727016693071638,0.9709560409494419,0.9563809171883603,0.9636217825095077,0.958476531027251,0.9736506341367445,0.9736760306798178,0.9678611164117015,0.9705468244442048,0.9604801467242227,0.9752556596520425,0.980331616271897,0.9811726587830147,0.9831977802207904,0.9851148614858165,0.986345916798707,0.9757276088200139,
pre_model_seis2_20250809163915_261.dat---0.9854557458417168,0.9805003118302338,0.9880619905747366,0.9849438428008429,0.9782451925680566,0.9749770044128574,0.9691450572743578,0.9681234863898402,0.9584008125182216,0.9526696974699421,0.9502144801726233,0.9474957069013621,0.924454207028234,0.9336058803164661,0.9521006489514288,0.968675558490002,0.9778093739351975,0.930244283373008,0.9655962793570719,0.9680983803598994,0.9487538398259117,0.9578858586188173,0.9551558033503275,0.9478141995342673,0.9499518887862384,0.9553755849459358,0.954653814459974,0.9586282784248246,0.9611871772207172,0.9550619663630846,0.9503147068331824,0.9582591736541185,0.9611171112491996,0.9570676846711537,0.9525399741847567,0.9517762550717873,0.9567088790176272,0.9599286996809782,0.9704143773076924,0.961845099931954,0.9759854324271858,0.959981554783557,
pre_model_seis2_20250809163921_122.dat---0.8850616801753468,0.9211280076903448,0.9369647822241102,0.9040272896967596,0.9350676733239353,0.9301771698813445,0.9378412322237446,0.9458839387349315,0.9284360910425112,0.9707683684107727,0.9858801101644948,0.9842604172344405,0.9910243986962217,0.9917798125315753,0.9924694695063996,0.993522500141036,0.9916993991413925,0.9937506424956557,0.9920088138787989,0.9937750977740071,0.9878060782362647,0.9908940058409303,0.9914890591973983,0.9883386665483999,0.9806226055791226,0.9706511022182841,0.9648222109451849,0.9465645708880229,0.9669292804582059,0.9820378736079726,0.9834278365304104,0.961621400110275,0.9701109302910822,0.9549411507205096,0.975576031149993,0.9777612371031857,0.9781932261212776,0.9742743236713444,0.978260496392976,0.9524518672877685,0.9523189412179424,0.9666980436362043,
pre_model_seis1_20250809165445_773.dat---0.9808549901391855,0.9741827946408605,0.980578857066592,0.9742266914165604,0.9696199010284623,0.9680180278738848,0.9615726617993913,0.9284078989472356,0.9270478145228033,0.9218928696770322,0.9481506531725193,0.9704709134963136,0.978290858619718,0.9792709985471031,0.9628707265549248,0.9654091825525587,0.9637232326643193,0.9456777113444387,0.9577882976955969,0.9553847213605481,0.9387939294080226,0.8984095578073696,0.9162661390262755,0.8584783350416236,0.9142684036945714,0.9249501777872979,0.9169803994369032,0.9222824490161868,0.9274600959029426,0.9226564880036665,0.9300979853408842,0.8881517708540745,0.8717430419511176,0.9026665060250868,0.8822261119808195,0.9042807670286942,0.9169327968554976,0.9260609390092087,0.9323670510637498,0.9058334369812101,0.9001252967382057,0.9344993044408162,
pre_model_seis2_20250809163918_259.dat---0.9815068420236375,0.9904966120784849,0.9822933111299642,0.9847237773207451,0.9829063812284351,0.9795546856908788,0.9791862168336228,0.9866125628818169,0.9829217765391435,0.9809180130760634,0.9944398703352412,0.9924239158919234,0.9862663481207551,0.9887317185482536,0.9874574059242048,0.9845661795334602,0.9858167680694594,0.9854763125765378,0.9879756709525137,0.9869427080983042,0.9875228706643694,0.993289182589137,0.990976848489492,0.9862368700704411,0.9726383439718366,0.9586541847732732,0.9614591555531251,0.9638010019185466,0.9774912973784641,0.9849048812506123,0.9679089424579188,0.9768614904717016,0.9700707544224647,0.9840280330992501,0.9774677496139264,0.9727639458322221,0.9748983620594125,0.9552870684229927,0.9538835129571485,0.9634666724928224,0.968988403174749,0.9793613816711548,
pre_model_seis1_20250809165448_111.dat---0.9768790168155222,0.9786410837636227,0.9707975324234727,0.9784593969759571,0.9768436286877841,0.9761876374402868,0.9646322262812551,0.9739085939366007,0.9564074309976964,0.9652518942066942,0.9754064557282026,0.9795257900773162,0.9700333384343983,0.9835024160055228,0.9849914996956428,0.9941932568277776,0.9863497113835777,0.9929098759252075,0.9962979512209733,0.9963607734940655,0.9921392622517882,0.9874432640888279,0.979744061703003,0.9763562402462449,0.9765486689702214,0.9658018866761735,0.9653009925811697,0.9666371052669921,0.9691066402252214,0.9754354945737831,0.9749384729284541,0.9730126874428008,0.9577117392565848,0.9734484325977351,0.9678530401020552,0.9823966623427637,0.976059407372327,0.9702785778133007,0.9782802181327591,0.9802793668602511,0.9738086921501949,0.9765892786318106,
pre_model_seis2_20250809163936_110.dat---0.9577704544711115,0.9713916915212275,0.9855424619095953,0.9824382622575706,0.9829895716852288,0.9786837848503789,0.988289683655521,0.9921072092143703,0.9889180662344661,0.9880685746689938,0.9979521523555155,0.9969983790548618,0.9986244027487429,0.9982232469338667,0.9936844051055889,0.9927672267027304,0.9922545085918408,0.9880025608067016,0.9886416445233025,0.9881432192859456,0.9764023035476365,0.9849168929313927,0.9829177830571824,0.9812091038358242,0.9796787428841341,0.9650158036793097,0.9723948709964984,0.9781960395725214,0.9786393973023771,0.9646724505067061,0.9739924401188089,0.9798873875100882,0.9638677614114948,0.9725909269376143,0.9712758279189848,0.9761173164685905,0.9763794856755459,0.9710704010496863,0.9673359059902419,0.9711571013219175,0.9705340395127259,0.980725450946508,
pre_model_seis1_20250809165445_572.dat---0.9461569390871912,0.964603988857791,0.9708543525284243,0.9850176522199025,0.9842194482469979,0.9820170883020597,0.9880266393583718,0.9872189917749655,0.9878667959038582,0.9861564632855739,0.9874485179286913,0.9808938434012766,0.9926438655344908,0.9967519331404405,0.9968157030510855,0.9972976123975633,0.9881800261339831,0.9917820283081088,0.9948621422722785,0.993557679997959,0.9952475659208078,0.9803687475841388,0.9661364333756634,0.9665458482050693,0.982437238778207,0.9785318878408054,0.9884168470080446,0.9793889692065351,0.9830230925462491,0.9778823231699171,0.9800491418174906,0.9596229464539838,0.9614291812703984,0.9586751631240297,0.9354212113005929,0.9527408519904597,0.9464835828241235,0.9569384590280996,0.9573387995182627,0.9632177162016762,0.9768004889792968,0.9768065416554844,
pre_model_seis2_20250809163921_539.dat---0.9656684564887188,0.9606975604610003,0.9660565034150942,0.9596306447533738,0.9703216706176032,0.958220686891433,0.9621542175061699,0.9544560595080631,0.9431818164140798,0.9254962965691529,0.9143720131982663,0.9780919331135746,0.9814172998409395,0.9387413658600493,0.9300698585745331,0.9861185406409122,0.9802925392603171,0.982312887985249,0.9762161584335944,0.9739103931018712,0.9816323523299926,0.9808211598797936,0.9835580071426057,0.9841599117768403,0.9722581473753158,0.9698988398855487,0.9802857138662643,0.9808894390861884,0.974490957242836,0.962782946564985,0.952260761778915,0.9336067693627546,0.9328290987680503,0.9417610768258603,0.9260675190599648,0.9271865562777297,0.8750919831283593,0.9146295049870089,0.9164864503969524,0.9088233666367137,0.9148774336337513,0.9541908511863517,
pre_model_seis1_20250816100519_67.dat---0.862955965451017,0.9262122817614165,0.9325277725528414,0.8073465367785067,0.849492936222787,0.8120825598683109,0.7301364698785834,0.7424806852931637,0.8121475198358094,0.7991221907311029,0.7988658908218262,0.8998514761951857,0.9541734425057194,0.949737287321707,0.9450122964631313,0.9540421355620247,0.9555031942059468,0.9446184871040161,0.9248648322357298,0.9257955814272572,0.9378193846659885,0.946945661775004,0.9490947540615716,0.9462640997373016,0.9192948603442539,0.9229894975958526,0.8440095843824174,0.8692670198814065,0.8890583171499982,0.8815788744222867,0.8598707382726953,0.9181577811854341,0.9284450341909815,0.9353084454730343,0.9491969860969373,0.9379943310653491,0.9629403188845602,0.9468483303890461,0.9574837841113291,0.9434508518056423,0.9620540009466383,0.9008546877720444,
pre_model_seis2_20250809163927_533.dat---0.9862214790273985,0.9952229664886956,0.9933529254379594,0.993119153447992,0.9913112760702453,0.9926481381057739,0.9893574154371901,0.9881369258079927,0.9862897433411087,0.9828745655316095,0.9846354672251373,0.9608712528430369,0.9575927689624771,0.969739366688658,0.9708314940109676,0.9794019741190145,0.9673793807737018,0.96804039820427,0.9807372554349768,0.9908426890863996,0.9843050923901043,0.9731686847867349,0.9716824570694466,0.9625845193333888,0.9620717548421999,0.9673496492655763,0.9712900363264347,0.9629977915168664,0.9566518118748671,0.9554329532341759,0.9391500982853254,0.9496641139058591,0.9452882362930322,0.9538910640961313,0.9535345484012656,0.9555360483989572,0.952979501957398,0.9602372067597338,0.9656323343867598,0.9573844436681004,0.9660046029929161,0.9706205752641434,
pre_model_seis1_20250809165439_162.dat---0.984508685014435,0.9883244172340638,0.9828230221437065,0.986223396711295,0.9877186001598778,0.9880739860687907,0.983811117360189,0.9787129845141807,0.9576884491933247,0.9358083105078147,0.9393796694411835,0.9368753036478278,0.9424830055200573,0.942766246442717,0.9271698905866246,0.9073727270818813,0.9569912153619006,0.9654386608891576,0.9640559319469443,0.9853487888002678,0.9944611037138752,0.9916169434197264,0.978087357263453,0.9652075525097379,0.9494699481337956,0.9456790755473342,0.9522376579939904,0.9441450264779129,0.9428190011848891,0.9554062611819388,0.948312191897001,0.9439124120433079,0.916026031476995,0.9358658125995984,0.9277364706143992,0.9210417247535593,0.9350908353851118,0.9404060666588178,0.9443672890251436,0.943570198090383,0.9492152736377693,0.9552743571276824,
pre_model_seis2_20250809163939_30.dat---0.9820119665558859,0.9824637606655621,0.9803473986305943,0.9725016616083884,0.9661371727728106,0.9692901054442015,0.9760077996230273,0.9721149057295743,0.9671479370349502,0.9685599205330061,0.9633056029405772,0.9808697037313409,0.9747408853668077,0.9810552959594667,0.9744859862652012,0.9886904539115575,0.9965485066398683,0.9945830359264021,0.9884973730328759,0.9779732494702976,0.9827973096238222,0.9835780453467118,0.9872950699171031,0.9811268816916937,0.9816891483004664,0.9779293014695473,0.9845767798349769,0.9918613021413862,0.9832937968894665,0.9874709168707368,0.9706724415793021,0.9692326311254897,0.9540308777820451,0.9443297160432125,0.938724078477571,0.9501061804654042,0.9487799209811079,0.9442708913649427,0.9289309869105244,0.908033901456909,0.9143724502085342,0.9700106183005696,
pre_model_seis2_20250809163927_806.dat---0.9865112590481253,0.9899652373949613,0.989110118818695,0.9939225409524434,0.9926947835279128,0.9914365661699575,0.990158907038363,0.9868034792861414,0.9895735967480903,0.9884053048709958,0.9870307257974608,0.9865308493123627,0.9841387681633409,0.984576466700114,0.9894232881388881,0.9924091046041732,0.9925885868888392,0.9845859225200624,0.9843121917089432,0.9930127228934416,0.9878632414085614,0.9869359209131994,0.981720512156714,0.9753674847632761,0.9731083887802676,0.9729048135184305,0.9646920758325255,0.9555569348648021,0.9494737209268699,0.9502668467987597,0.9308649363125095,0.8942190623638762,0.8772339926447631,0.8590119241317203,0.8543378034747438,0.9063804305562291,0.9150544308354658,0.9133132779837121,0.9007825148765718,0.938595952913009,0.9435663084934137,0.9611814876861643,
pre_model_seis1_20250809165448_369.dat---0.9811253360506221,0.9669465048600931,0.9821586062219699,0.9867380715530247,0.9894997358812637,0.9925077697267847,0.9944349374388937,0.9962987762040337,0.9962190590183412,0.9956677155274917,0.995120366388974,0.9970741321924363,0.996526530067933,0.9950543353427852,0.9925272380889331,0.9941743395953404,0.9898639838369307,0.9750258083835792,0.9697819812173287,0.9868219859570443,0.9879014990804338,0.9827004951156838,0.9821723673426255,0.9817299491181822,0.9781832428545267,0.9731582805617356,0.9670529661017406,0.9669436055733305,0.9713064821030609,0.9672493884129575,0.9628774974273737,0.9630220482320845,0.9746673677033472,0.9693968511043345,0.9729492123299992,0.9721779634122218,0.9738680067826002,0.9787358114460579,0.9646341039580286,0.9687028771824734,0.967173303107172,0.980491964207409,
pre_model_seis2_20250809163912_256.dat---0.9894046915677497,0.9927824685695926,0.9947204199613726,0.9906700943383833,0.9917433275794025,0.9929144085569906,0.9917758788565141,0.9926791097039471,0.9885962135001922,0.9887659990542689,0.9906644548182664,0.9924575696111352,0.9934708864292219,0.9949127005543076,0.9911849358106115,0.994374136872223,0.9954720622365615,0.9951685439922734,0.9969108253290154,0.9927449415038597,0.9867607110826322,0.9793674938379876,0.9771510198004172,0.9823136510054,0.9876919366091809,0.988600976050708,0.9877212561334517,0.9871972627291685,0.966959201555652,0.9532555281366789,0.959095852478726,0.9372372387697254,0.9425764617147873,0.9097186634693395,0.935950001145712,0.9055565836557293,0.9295383706024655,0.9052089231969618,0.8635866986588606,0.8315859863047342,0.8381567673290491,0.9660157134905671,
pre_model_seis1_20250809165451_437.dat---0.9815473156645159,0.980226982731947,0.9732715786035098,0.983748678885658,0.9713986999066015,0.9828232584655463,0.9858009592177409,0.9824074555325814,0.9810468172715208,0.9715145947816738,0.973306088930839,0.9712799106516504,0.9735975290514043,0.9744092199270779,0.9808298869729526,0.9822945125249231,0.9863805896178968,0.9912210561287365,0.9935071978334001,0.9965550735654187,0.9920754677990877,0.9781973158423966,0.9639812681634304,0.9581414500901948,0.9451362424158815,0.96076480965449,0.9370680826578994,0.9328555455670744,0.9499447715558826,0.9431688839121176,0.9323129598079992,0.9054793008501094,0.896746705310831,0.8941196066660189,0.8527068770750025,0.8896868559631406,0.8483028344202395,0.8491493852713423,0.8549087840731247,0.8793311795690463,0.8914353682025051,0.9481141731983755,
pre_model_seis2_20250809163930_652.dat---0.9863511022048517,0.9819569927653906,0.9835856382584133,0.9811512156196993,0.969185214668902,0.965854975838472,0.9657014134892978,0.9411629265749007,0.9557109117021729,0.9306619636262576,0.9473476000989854,0.9129990187711814,0.9382712601884984,0.9495806150206779,0.9720437173852237,0.9653566686182171,0.9735520876098775,0.9798829912785865,0.9807846326951735,0.959633099678774,0.9662672522057612,0.9429991943322508,0.936768068980972,0.9206146581196576,0.8892642585576728,0.8955766068316915,0.888779850575833,0.912037187227233,0.9142001021561259,0.9097768912318288,0.8824119293239772,0.8915734562311127,0.894389730769677,0.9080427512700221,0.9095194776154373,0.9091265170943583,0.9094705651808023,0.8891979660396979,0.8963884849470053,0.8832963339369854,0.8683472808801453,0.9331420148683366,
pre_model_seis2_20250809163933_301.dat---0.9850377236537589,0.9834306653200081,0.9755528840926823,0.9797664450838083,0.9868784558879374,0.9842901281109593,0.9869403667121935,0.9877546809537943,0.9885277747892947,0.98475424928354,0.9895000903505274,0.9919495687257804,0.992260440143821,0.9895186049245552,0.996935056377832,0.996158755624612,0.9861195352258559,0.9777132890406228,0.9622214387182868,0.966103230813525,0.9808580883191425,0.9866778556591996,0.9722401646688767,0.984876886266499,0.9764983684888168,0.9873926357160949,0.9792992909912035,0.9830023375377108,0.9770349911759859,0.9755221192593194,0.9788821383437099,0.9773748044417828,0.9864593669082253,0.9910393000036772,0.9910088517353367,0.9899192671483972,0.9872450372460411,0.988045547755805,0.9834921215648773,0.982068204464208,0.9845459077040184,0.9837779675422518,
pre_model_seis1_20250809165442_232.dat---0.9927274157069607,0.9938021458393743,0.9952105624353489,0.9920773102014195,0.9948044573933756,0.9939829638883968,0.995696969533788,0.9956482903364783,0.994750138463957,0.9950248954653846,0.993760902037814,0.9925963573436762,0.9940183164552603,0.9941140742824683,0.9964647781739949,0.9942233800218635,0.9972088916814368,0.9980928665557278,0.9966403887012654,0.9979958510008962,0.9977422489187987,0.9969480110538629,0.9962946920321113,0.9980876198945794,0.997083094471542,0.9957598491787458,0.9876447347688557,0.9803490947045369,0.9674306676276173,0.9763231871243523,0.9703193472994366,0.9801775476758631,0.9817993936196654,0.9878445455846583,0.9840141264526658,0.9873355850541159,0.987650592598999,0.977932937326644,0.9863978922944302,0.9740419620765358,0.9828361513617547,0.9900696155277718,
pre_model_seis2_20250809163927_742.dat---0.9792272263360184,0.9877507526998691,0.9848074873892098,0.9915775516687553,0.9931053174209361,0.9932885436937797,0.9910711954201894,0.9894081932583441,0.9790744420901601,0.9849080791917042,0.9791626559202912,0.9861571379875669,0.9886681268630978,0.989631973859629,0.9913241341665616,0.9947029452785023,0.9975403004565384,0.9982018167632322,0.9986763628673049,0.9932666844321754,0.9868887104577083,0.9749938403104342,0.9755426662169673,0.9796387638454648,0.9787762770064622,0.9627510829887544,0.9557999214964416,0.9414278916723768,0.9543021550684588,0.9636055729947803,0.9580312852890912,0.9452079981317331,0.9516363568713387,0.9553673942780467,0.9782899402447786,0.9695898907686875,0.973551236349951,0.9589440118796817,0.9668941655191514,0.962328247719739,0.9630288166140096,0.9767840769143394,
pre_model_seis1_20250816100519_56.dat---0.9881168479299568,0.9848734766674855,0.9871811861313285,0.9879120796077099,0.981946819759693,0.9834564882534075,0.9880869423731691,0.9883333881664527,0.9861240946358303,0.9922158863109628,0.991152516119196,0.987070242166784,0.9904173822691346,0.9925157281256597,0.9924611531470883,0.994091571058141,0.9875979783730583,0.9762915176211127,0.9646684532144771,0.9766307935260684,0.9630411954202273,0.9752271890673101,0.9803292746470398,0.9722441605336005,0.9726431511231654,0.980625278390308,0.9857537481352191,0.9854209491229987,0.9820572716285214,0.9771773976260771,0.9758793053066374,0.9497986810482665,0.9276225108359945,0.9388457730843688,0.9434649281233807,0.916792116174946,0.9398727530438401,0.9308712390628555,0.9537290301460741,0.9626266964172083,0.968479637638466,0.9732596788300788,
pre_model_seis2_20250809163912_557.dat---0.9937353936360098,0.9917372920388081,0.9927244191661546,0.9904195860331442,0.9847257703298549,0.9900594883280166,0.9847210656776152,0.9840364678172355,0.9744402999116387,0.9741980158773537,0.9677281217638237,0.9775002219329094,0.9836706960088283,0.9874748170290423,0.9905724565778481,0.9856211121871843,0.9897757203496732,0.9878310919142247,0.9877015375750088,0.9858522112094976,0.9772508900786953,0.9718513235917329,0.9868354778144158,0.9622011059850798,0.9564461208615654,0.9590578919548287,0.9454157583884474,0.915320592864389,0.9359256286175284,0.8903586442126752,0.9204973282021569,0.9341717858680153,0.9225999849672363,0.8815821910297266,0.8713061270787743,0.855484570655934,0.7974411970925036,0.8371502761878168,0.8582312365150125,0.8642194063360669,0.8480981519473828,0.9462432067222889,
pre_model_seis1_20250809165439_251.dat---0.9931853585944578,0.9870984962442985,0.9917169931235882,0.9888115895699856,0.9896271363041664,0.9796509797466801,0.9814340261236687,0.9756563613873883,0.955001784047844,0.965758790858327,0.9624557830214607,0.9738731095674528,0.9835968511052074,0.9728964808286327,0.9901794271270001,0.9916270881149734,0.9922309432769636,0.9965273821636412,0.9960067730391218,0.9927455413573755,0.9848501650367764,0.9753723667727653,0.970361281369179,0.9733718132048712,0.9631001151086829,0.9674296526410047,0.9765253855527299,0.9764906702887712,0.9398420575221635,0.9584755790793587,0.9660447618317417,0.9474043225618602,0.9681099411873294,0.9599266307403719,0.975717288879952,0.9687814201771087,0.9734778204863437,0.9749439076142369,0.9709447056529921,0.9589810867343185,0.964621121415291,0.9749964143770753,
pre_model_seis2_20250809163930_472.dat---0.9639828072704746,0.9760768159218899,0.9760429906692931,0.9707972075272949,0.9798413176644853,0.9695246641156123,0.9819661580636481,0.9762912526126832,0.985027817527364,0.9816741768412792,0.9757591817728933,0.9840043508438581,0.9814155874951882,0.9758003979379443,0.9512684032919659,0.9882697443437369,0.9946145380005469,0.9940244623989101,0.9939567995407619,0.9922639924924918,0.9922049186342389,0.9853053658325389,0.9860851736745196,0.9688438934948079,0.9695350075429346,0.9607803783125335,0.9789074243512053,0.9765986375814627,0.9773683744820064,0.9723055777204536,0.9771054161091141,0.9747807022108138,0.9680390105338019,0.9640470208436327,0.9733054634561279,0.9709444646933053,0.95066858404928,0.9579747743817127,0.938692962888319,0.9486060694708666,0.9365724151056319,0.973689617114674,
pre_model_seis2_20250809163930_4.dat---0.97954292237845,0.9820573920442829,0.9880359097091844,0.9910664257632608,0.9884953624392295,0.9888252578203599,0.9883601644926041,0.9875778522070034,0.9874839518293544,0.9788926501443419,0.9648502388822408,0.9527287801681902,0.9353112740843816,0.9301061084138703,0.9412017080643614,0.9536538011900705,0.9744199377764242,0.9799329834437313,0.9805717678190703,0.9823916117459587,0.9670511587557061,0.9747706667076027,0.9602115432280411,0.96828832610106,0.9470241301891624,0.9473387496900576,0.9412354653613474,0.9588000298211388,0.963125502466845,0.9638941975442186,0.9661280733839197,0.9687800222994081,0.9751826452280858,0.9790169040930289,0.9757861988344732,0.9717110134801538,0.9690165258105798,0.9688174856107695,0.9743130071340613,0.9795255094105995,0.9849253968499295,0.969767040302843,
pre_model_seis2_20250809163915_897.dat---0.9706112571999119,0.98801728587567,0.9730650955341489,0.9775578324729259,0.9695540045131772,0.9789389529202772,0.966381285717274,0.9632022732484454,0.9754629817664047,0.9843190203160681,0.9856463277173452,0.9827529184092324,0.9965147462289176,0.9969469998333771,0.9960486293759485,0.9904715579198278,0.9941171763839499,0.9948500725775393,0.9927667572714988,0.9889902208835896,0.9913225198955495,0.9930452902518996,0.9922399951017566,0.9851511770528927,0.9847088825251878,0.9892669302173075,0.9829711973418013,0.9841743531484372,0.9797542030979592,0.9847475165640021,0.9827845616063062,0.9791244962743204,0.9779933242276699,0.9772413258499162,0.9739426408438242,0.9713897357427129,0.9751905391226758,0.9813712899672595,0.9769958498204466,0.9823084784069634,0.9839126454051429,0.9828256670397452,
pre_model_seis1_20250809165448_869.dat---0.9883086728603157,0.9816557081758853,0.9893626753231168,0.9744149163873798,0.9754817731045342,0.9844107563828705,0.9729773807793406,0.9693317769678802,0.9761884158028007,0.9865954319590846,0.9813319883137986,0.9834650490467313,0.9844101155399202,0.9892748710334226,0.9948427705982109,0.994856790811951,0.9900270539114099,0.9713604653649065,0.9662277195965465,0.9706639974735366,0.9794653716753728,0.9788947430613906,0.971569593493212,0.936404668810562,0.9244766723200134,0.9085295933849715,0.883980807016662,0.8983614922809633,0.8913261621323991,0.8930662724252261,0.8972374230613193,0.8593475078776794,0.8771811821490385,0.8761718272126304,0.814659562249338,0.7615763025400023,0.7452885900674102,0.733059049575292,0.8362720843824436,0.8409870462030928,0.9344648710118488,0.9284758329845,
pre_model_seis1_20250809165430_591.dat---0.948545175898283,0.896784005377655,0.8981584389971701,0.8955739177662344,0.8916769655451696,0.8979903204854486,0.90899127285406,0.8875814778405275,0.9450033620791406,0.9845289876659168,0.9906405022750968,0.9862571565456509,0.9819654099374238,0.985049857023499,0.9704462573870523,0.9738158425826365,0.9607457980208888,0.9430076007570206,0.9395858259959262,0.9578159230927428,0.9423104782039544,0.9442515510660807,0.917203330736209,0.9470954628593465,0.9354453646284354,0.9474374388704155,0.9371586964160916,0.9137106077197049,0.8951655400963415,0.9079264028823736,0.8778240453074174,0.8883341449473708,0.9281664400372438,0.9240104112187093,0.9161707582720268,0.9260550604444202,0.8823578661434345,0.9243812398123965,0.9206048534606452,0.9373138109347545,0.9563992465096736,0.9320362646023074,
pre_model_seis2_20250809163924_97.dat---0.9792448802174868,0.9650336478829779,0.9743134896530846,0.9895940037311508,0.9864945171683773,0.9891720697493461,0.9903047682604652,0.9875846578001786,0.9908323175577669,0.9858526437313639,0.9893505750766832,0.986998794440049,0.9921763157880313,0.9974195143575225,0.996426808017817,0.9875770978401334,0.98703000365482,0.9810585357083169,0.9801245090541731,0.9808891802482227,0.9903748819375171,0.972451294669214,0.9616113730456451,0.9748303602778384,0.9834917026350829,0.9847787891514163,0.989124624981867,0.9832289862834749,0.980273701788714,0.9662770900627551,0.9550296262998268,0.8999888844812893,0.8826724579751469,0.8887181212181391,0.9068200597661776,0.9345302520552057,0.934005567968016,0.9268484503441058,0.9377721746920052,0.9714685617938785,0.9666527429712639,0.9684982447399155,
pre_model_seis2_20250809163930_471.dat---0.9191576797051192,0.9472340610303462,0.93920378388898,0.9506215954978445,0.9679915830958786,0.9589759925591327,0.9645477966479041,0.9558476931502803,0.9657158361642988,0.9744708011687978,0.9623018268779838,0.9682397468915046,0.9727763693988309,0.9787242453203533,0.9826580946717853,0.9916093667183925,0.9817129598640857,0.9616514903394153,0.9758135453642577,0.988447051539737,0.983653285420316,0.9828404849397826,0.9706828966897079,0.9776774713502003,0.979685937981702,0.9584660064423486,0.9629526576194639,0.9270730825025646,0.9165535880911133,0.8619421485770979,0.874763127774674,0.9242549622512174,0.949054719120518,0.9344600824670316,0.911132140720496,0.9302667778542285,0.9503246047274573,0.9044743046508885,0.9187899780028054,0.9231112051341995,0.9433872144348013,0.9510548340645744,
pre_model_seis1_20250816100519_76.dat---0.9827349742561146,0.9738622115653168,0.9760461082620128,0.9796247518534339,0.9883273616222077,0.976937363231108,0.9763584833381042,0.9675971177939873,0.9749009524347034,0.9637203352831017,0.972769032569186,0.9744242300460665,0.975420050517442,0.9878470183309234,0.98631756688712,0.9816740921232819,0.9927945314599051,0.9955862274912114,0.9963916029884694,0.9894428287492641,0.9832319613690055,0.9771899944661361,0.9776002640882373,0.9817540852198292,0.9658897448182129,0.9673976312426238,0.9729976081756387,0.9608611885733991,0.9665450401442869,0.9768812820111938,0.9849129355691932,0.9872125639998359,0.9872886811837205,0.9861010640311709,0.9704530987324618,0.9634407402606802,0.9649721700124106,0.9687576654555462,0.9749421888052054,0.963910822534761,0.9657036803495064,0.9770932012645372,
pre_model_seis2_20250809163924_149.dat---0.9779594720947081,0.9735754549665588,0.9667995715798015,0.9733241993820126,0.9855980684217335,0.9874111715974785,0.9892977644569323,0.989442368660947,0.9869246267509133,0.9870831171690557,0.9925972217167875,0.9931737952044468,0.9962641352744522,0.994487687639834,0.990891841082817,0.9902914747542579,0.9840145639629589,0.9855142647863899,0.9884819450281354,0.9895276316968364,0.9927183252181788,0.9876876288432141,0.9879308270979563,0.9864780769205688,0.9789878351060092,0.9878986978151496,0.9869981486793521,0.9878103659058592,0.9893114740527698,0.9894924531974845,0.9897931126604981,0.9839664307810277,0.9807268239632074,0.9820536895745219,0.9812098513755113,0.9782948491779772,0.979573120135304,0.9799424094303144,0.9786682507564946,0.9757051002995667,0.9749878886935947,0.984948676485649,
pre_model_seis2_20250809163939_816.dat---0.8937544611666403,0.9012171623898931,0.9287248978098424,0.9579164192625409,0.9210291282516427,0.9297880897846167,0.9231677308884393,0.9287949216712752,0.8917866603129954,0.8324684793242255,0.8161653955777461,0.8399336700925857,0.9487633360468277,0.9666730487763363,0.9813306656560383,0.984514282698131,0.9856675262778628,0.9807598914303592,0.9757633625748229,0.9646246593518992,0.9734733242507059,0.9536790196472547,0.9531382028337759,0.9557855192133906,0.9412704224646782,0.9298884066862699,0.9448013318783813,0.8933821065717704,0.9121409780822528,0.9089714856231018,0.8887204835644775,0.8743235925537309,0.9197020828591622,0.899945319284178,0.9574437731986477,0.9523122515352911,0.9679606418485682,0.9512193169279489,0.9615333933013323,0.9647649462168605,0.9715174292682721,0.9324101906623115,
pre_model_seis2_20250809163918_471.dat---0.9726329600123855,0.9530448393798305,0.9672179711012793,0.9761575826580251,0.9745410578774352,0.9656266476730322,0.9616957016185665,0.9702794416742955,0.9605850481887391,0.9665112228964945,0.9858724192547328,0.9902096327612108,0.9838308962526385,0.9726470726567024,0.9466384994345638,0.9711239273420441,0.9870050286872927,0.9742377961283013,0.9746456501269283,0.9420901754197364,0.953877674101497,0.9600269741273286,0.9599728255896778,0.9269575883170224,0.9214170695352328,0.9356081625010416,0.9289107646113368,0.8883251590994717,0.8761600339435783,0.9533319440151704,0.9450576591004783,0.9303126887469538,0.933732554752476,0.9554247839686081,0.9741180857481284,0.9675449301934547,0.9718885941933829,0.9712712029147196,0.9687254230948995,0.9666902777696489,0.9678370331043803,0.9574093902578715,
pre_model_seis1_20250809165433_275.dat---0.979425228334576,0.9866645565108317,0.9830826825789694,0.9851918088515714,0.9749241979604681,0.981356660290786,0.9857128850386242,0.9775625546238234,0.9845608198828033,0.9866645343164924,0.9784906082394239,0.9904085199462549,0.9905341274649685,0.9899252116257998,0.9895215449406606,0.996789598390468,0.9954014227552159,0.9942721716585933,0.990910669270071,0.9847987505587561,0.9867450516709523,0.9921595420544671,0.990178894735727,0.978156834123793,0.9704666658156538,0.9696615456615396,0.979044960807645,0.9664403641359548,0.9770958565130526,0.9753160455727883,0.9811919528501996,0.977910948333343,0.9805274394836465,0.9823487731266355,0.9737962204376593,0.9753376925201659,0.9781267045994358,0.967741950794409,0.9720936973736588,0.9504744464081772,0.9652314518245994,0.9808840388312847,
pre_model_seis2_20250816100700_95.dat---0.9866781634366859,0.983675615827175,0.9836872547998351,0.9870251628680511,0.9915856957460224,0.9907485062085911,0.9951403950096998,0.9967119934738201,0.9973718428039764,0.9960640929886349,0.9955822793583335,0.9954551130282947,0.9946164680697637,0.9937953123233804,0.9964680511936351,0.997691636225684,0.996539560729135,0.9956124372587691,0.9940203177703506,0.9905994582982008,0.9914320666343415,0.9921582577338737,0.9915059017493194,0.9940251173399429,0.9918768018854073,0.9925058447513064,0.9881256694057622,0.9887510769407337,0.9851408700515092,0.9822725566608305,0.9818612898652159,0.9860812398732768,0.9877748871983463,0.9853285358514456,0.9913116807186754,0.992807139414421,0.9897684783488263,0.9859968941705358,0.9862818019898355,0.9817021973102474,0.9745607309464679,0.9902521560063015,
pre_model_seis2_20250809163936_292.dat---0.9905380082773722,0.9842690271817024,0.9902986153409084,0.9924477718290847,0.9936508948910592,0.9923764071373832,0.9883987771763568,0.987789196613944,0.9892442648632384,0.9916633507422062,0.99134613222923,0.992272072561042,0.9936295927031376,0.9953375989754972,0.9945685496319663,0.995942847383656,0.9977324213720289,0.9961484836625083,0.995961325686105,0.9910451255597935,0.9910981548848506,0.9930028023795046,0.9903482408426177,0.9823711735643964,0.9710953102061155,0.9695024145243047,0.9627308930685454,0.9583088390364995,0.9357589808291984,0.9562466413727584,0.9543336880200219,0.9528736363450414,0.9411222402099556,0.9572734915435022,0.9436174517895028,0.9398597727820348,0.9449387281539661,0.9466446300871865,0.9425857668455968,0.9516768981920269,0.9497844933506002,0.9751179198011326,
pre_model_seis2_20250809163930_143.dat---0.9781964986898803,0.9716177163511494,0.9721238069789723,0.9635090587983464,0.9471723865494163,0.9451281886709992,0.908930229371899,0.9037970882276447,0.9108490201344142,0.9090361345688917,0.9673556086174545,0.9865381339298318,0.9892188511573238,0.9914288453183157,0.9937057064113591,0.9882515694824947,0.9676732677496734,0.9727136731698811,0.9491257455752088,0.9466661282084007,0.9391623722619252,0.9649396732934528,0.9700144569422969,0.9696381966366326,0.9747621323390488,0.9655698481632686,0.9745655368107602,0.9684177068887551,0.9793163350932724,0.962852502985289,0.9343432261242532,0.9555552932296375,0.9409041536647903,0.9444921743719721,0.9393592733916016,0.9293971631339728,0.9404532565196637,0.926572761719894,0.922331896898033,0.8900804524797529,0.8896008474342092,0.9523260223986348,
pre_model_seis1_20250809165430_716.dat---0.991815342315771,0.994819915472486,0.9958053155687006,0.9958319110502586,0.9957662147896328,0.9921660202738135,0.9917170439109674,0.9897614080279764,0.9902398975007627,0.9898309400601202,0.9919654597286174,0.9932245651216847,0.9951116773245173,0.9925780146560041,0.9967423707044206,0.9979302687428163,0.9942223594055656,0.9911376199726001,0.9802048675647046,0.973825824719896,0.9811343611627172,0.9736459964099174,0.9726643744991491,0.9662448728164965,0.9628727497771118,0.9572987448973549,0.9632286984061456,0.961570140570121,0.9554185278296798,0.9593090096668394,0.9403327507592093,0.9573397727677228,0.9745401285352331,0.9643743983373333,0.9560963804317174,0.9542869766036927,0.9489174668284531,0.9500178340577916,0.9405429134345156,0.9635073226890523,0.9536487575227959,0.9754070540223014,
pre_model_seis1_20250809165430_425.dat---0.9734877960822254,0.9729361323938525,0.9736847269146477,0.975318217035134,0.9505255861698871,0.9655753476832091,0.9474783697274105,0.9530508446065927,0.9537710407427429,0.9651680097254566,0.9604488770578216,0.9906131503984961,0.9971672548975405,0.9973007393641855,0.9980061170927138,0.9906483607726196,0.9957796264234612,0.9906540740971236,0.9721200368494043,0.9720433573456877,0.9699095435545979,0.9647071554311962,0.9549297524913721,0.936493716270068,0.8756685928203116,0.9027581760218315,0.9046226565108937,0.8997538414263831,0.8849832632841497,0.9121539093562446,0.9390571311519768,0.9301191426772423,0.9342018583553632,0.9309135462738636,0.9389327355310493,0.9446749051710196,0.958646409504417,0.9679190306971134,0.9662276858216124,0.961702903933796,0.9480205786875153,0.954199370740298,
pre_model_seis1_20250809165433_194.dat---0.9880999962927286,0.9894104830120958,0.983257997673377,0.9871870667932034,0.9876587282731841,0.9734905675776513,0.9755478828407208,0.966279408317341,0.9684911299753456,0.975328645736012,0.9778577977198183,0.9716866991576679,0.9933493291576039,0.9949974323499639,0.9929643111591182,0.9920031096859487,0.9880105176545944,0.9901447441225407,0.9940420567973883,0.9960687301816863,0.985677680381265,0.9739679769204491,0.9512022899310845,0.9491417914936428,0.9621168280947504,0.9757435955148015,0.9769128765856294,0.9773235664073722,0.98348136049988,0.9874022730964644,0.988795239695933,0.9844224783595569,0.989100620219494,0.9888089896278555,0.9876975260856969,0.9806360047851689,0.9694394287565937,0.9782404723371962,0.9773055748841416,0.980373937621283,0.9634244947787366,0.9804168692818288,
pre_model_seis2_20250809163939_753.dat---0.9390920960231647,0.9250483445277224,0.8960111873849402,0.9556330432688206,0.9133453287935059,0.9278645311707483,0.9540670154848424,0.9501436874946461,0.9624774929290499,0.9713088788506944,0.9672830221226737,0.9751086418188155,0.9636991009298929,0.9338805652006295,0.9156916674600609,0.8875848540579981,0.9962061886571572,0.9821874321159234,0.9567858980857251,0.9387014684114992,0.9445202811317932,0.960317749613877,0.9561547650720156,0.925229827601399,0.9428153569093805,0.9124880831839466,0.9150098303856595,0.9174040015912595,0.9341655135858896,0.9256515084325116,0.9274266803014254,0.9232913801934914,0.9346681298164955,0.9322690469413344,0.9397010641820037,0.9354073300289951,0.9436236166454046,0.9553638413825941,0.9535874754692002,0.9471420205697623,0.9485409004314939,0.9411438743477669,
pre_model_seis1_20250809165451_741.dat---0.9842237652499063,0.9937505845334629,0.9940579716198276,0.9931414466946134,0.9959809104573242,0.9938270824218266,0.9887038678572728,0.9806136937461576,0.9768169322520984,0.9753908527140335,0.9708273201185281,0.9621096651440154,0.967605523525564,0.9492660803479498,0.9723296620389711,0.9709451786917461,0.9872511829120261,0.9901913110491872,0.9929702141986799,0.9955221603385618,0.9949434188046381,0.9955640443169692,0.9955037713963071,0.9960088693677209,0.9966472179646323,0.992909902538431,0.9872466031022736,0.9861594132258555,0.9876176081243435,0.9817107644227575,0.9810390929089846,0.974593772062728,0.969716948044404,0.9656438265988571,0.9647563486135446,0.9548167471500184,0.9587024103664998,0.94830119394779,0.9492212362104456,0.947284426807695,0.9512091012076049,0.9784176127583968,
pre_model_seis1_20250809165451_116.dat---0.9875216916827683,0.9883585680125349,0.9805293905256786,0.9913407687452069,0.9888657967303045,0.9895793480692052,0.9911875694541963,0.989755298287635,0.9867985092147159,0.991829660839062,0.9925030947234434,0.9928315423086893,0.9922254107122311,0.9924484690170587,0.9896198109728149,0.9958006058152622,0.994712633725997,0.9957873707649352,0.9973276670081602,0.9936301035201265,0.9954211688493916,0.9947608834369522,0.9929199654305263,0.9939123761520051,0.9931108255142095,0.9914290005582261,0.9943362671212145,0.992059719727763,0.9941263496610336,0.9905590746084758,0.9921307162891263,0.9920661848030908,0.9909278258810619,0.9914736516097458,0.9857693597367843,0.9870657229651972,0.9863135700393736,0.9838074004118863,0.9845800136630954,0.9863658078861071,0.987004328874044,0.9907998420329105,
pre_model_seis2_20250816100703_8.dat---0.9838884445502433,0.9799903221741088,0.9860394963580166,0.9805666226995152,0.9875837139429938,0.9848086674538199,0.9859667920878846,0.9833741176481482,0.9849827700545379,0.9810902737748665,0.9859487746277003,0.982594410109485,0.9842898950911296,0.9864428632540614,0.9870402101016527,0.9888257709678064,0.9938889461339249,0.9955798647576578,0.9958900636725039,0.996685682854229,0.9872211238454589,0.9846631557367372,0.980991537245664,0.9762517862832825,0.9814968891366448,0.9775557458624279,0.9721616207618811,0.9709599318920612,0.9663930512740586,0.9678257941987147,0.9780453422305705,0.9806508693970459,0.9919723845700105,0.9913502835801752,0.9924579342252694,0.9909152450945067,0.9916255622752669,0.9909276762226699,0.9869845957441249,0.9919402125897525,0.9897722686832972,0.9848205051991195,
pre_model_seis2_20250809163924_82.dat---0.9897017173493343,0.9858139460994001,0.987618520451908,0.9875359330361794,0.9830961997860442,0.9690359745749151,0.972708656580825,0.966038905704345,0.9609277202087576,0.9750251342950922,0.9844894006878016,0.9748925690210619,0.9684545063227887,0.9520412030964052,0.9548358547603452,0.9879956755229593,0.9788691657647426,0.9758937891843185,0.9668965274397564,0.9732828654868257,0.9631449847614815,0.9489913082010509,0.9101385781281509,0.929520416437387,0.8670872708640157,0.8957989106397701,0.8609770368660546,0.7674956425981969,0.845373739244766,0.8834291432063518,0.8881445006331125,0.9125973466402287,0.912818545750652,0.9304138930337328,0.953877294568187,0.9570464579397641,0.9478006370706045,0.9535545494758801,0.9427080513658929,0.931202358461277,0.9099823336604953,0.9416404210956307,
pre_model_seis2_20250809163927_74.dat---0.9856324522684337,0.977965078366849,0.9882838333261763,0.9870148792199303,0.9895542543568857,0.9862201327812136,0.9887697246355336,0.9902500885485147,0.9900742166959544,0.9935699614871222,0.9946393647324914,0.9966628111256224,0.9913214757166697,0.9951218701212045,0.9951229538569475,0.9851163084219019,0.9923997339219053,0.9945286067741347,0.9923118400994069,0.9875901517769183,0.9704648875332222,0.9675241041068403,0.9698571751724513,0.9769539287175315,0.9676442744895272,0.9758395025314637,0.9709246695340538,0.9703702936170542,0.9535686178316563,0.9543969861264967,0.9465213062956118,0.9380963810565626,0.9433336914121546,0.931866250245901,0.9348845555852058,0.9489880495285151,0.9466798146976527,0.9388248209566489,0.9180738430612112,0.9116317572957409,0.9556423716368172,0.9705911468211254,
pre_model_seis1_20250809165445_560.dat---0.9755212350822667,0.9368291670867773,0.9747239972336117,0.9738130740856259,0.9617372226785944,0.9601470972920098,0.9420034091775786,0.9143566836489385,0.8743064034013835,0.9271524873016993,0.9198991713038925,0.9380032677840124,0.955258552695029,0.9559432030365711,0.9488783703278979,0.943068775321635,0.9251477417084462,0.903315581242768,0.8831343379270866,0.9282638989549232,0.9165098151315711,0.914069512411957,0.9160398395077994,0.9065865106738467,0.9160056925014297,0.9186023132965235,0.9123435209199021,0.9076946461195153,0.9048104779351955,0.9259983767120793,0.9361140300383386,0.9419630253974537,0.9133478934921185,0.9356691980424612,0.9598995916928216,0.9691856756734548,0.9663824450732933,0.9597685521900876,0.9627751927919855,0.9520267656173294,0.965851295052253,0.9351987328673699,
pre_model_seis2_20250809163939_729.dat---0.9869016641043209,0.9880207762238368,0.9851391218745078,0.9805061988856142,0.9885469845123017,0.9909869134297059,0.9898214781250767,0.9879258287125269,0.9873227727990691,0.980962953900555,0.9853807809558152,0.9986860584213829,0.9951087536184002,0.9940872230518969,0.9881455530640412,0.9824566730578347,0.975950217698484,0.9847260081375202,0.9812505836195088,0.9878567770560431,0.9828230904757574,0.9875766437774753,0.9878100737688703,0.986139904281365,0.9892660292169526,0.989169918561761,0.9906344454068884,0.9901635526944673,0.9880696900852568,0.9889824929510265,0.9877530939050291,0.9840467376699701,0.9879336054985616,0.985020289742264,0.9831729598682766,0.9717017440951069,0.9823462166285619,0.9735940624543,0.97381745456938,0.9738975241438823,0.9552433078194885,0.9848523453381243,
pre_model_seis2_20250809163924_568.dat---0.9560882898035725,0.964920534496095,0.9819827495543075,0.982306391619061,0.9870763715095808,0.9857594838964893,0.9870941779416208,0.9893732618889134,0.986808225186949,0.9874659583005378,0.980677731530004,0.9809214800079005,0.9883228941089686,0.993807340135538,0.995512153876583,0.9942897619553981,0.9942259865998714,0.996445234615324,0.988219781987513,0.9868705304949005,0.9885364659544976,0.9896938949145361,0.9788938575528463,0.9789461108793944,0.9820979222623356,0.9797490852772499,0.9766549485714239,0.9768624328931585,0.9851808469811648,0.9873802091263875,0.9826904147015119,0.9797619934500632,0.9807933725974936,0.9788022666220417,0.9716754873211582,0.9631016317914597,0.9475293028107236,0.9630328532539785,0.9610873822653717,0.9549350530603383,0.9588287415235824,0.9798634783736545,
pre_model_seis2_20250809163921_671.dat---0.9526196944623846,0.9838932086299257,0.9769283619274901,0.9807154260600881,0.9770618026791564,0.9817846240005065,0.9814033911328133,0.9731875144793857,0.9664558280780154,0.9834109422838427,0.9828993496784527,0.9864771810366048,0.9926942840925305,0.9943738893963938,0.9931835593036134,0.9940508499453486,0.9961797906259642,0.9936395384534888,0.9883554859034946,0.9509442426748659,0.9715549099426504,0.9861851130353882,0.9849766632091128,0.969363980606707,0.9633815719211983,0.9511580912403088,0.960667198232731,0.9583039733762256,0.9775271191525133,0.9774447136619357,0.9596226661492285,0.9572527094548479,0.9517380026237022,0.9632147145651069,0.9604305695637495,0.9673126999639209,0.9571720332554833,0.9746791267653453,0.9640421045558327,0.9441986301050456,0.9705341043294194,0.9731956014769465,
pre_model_seis1_20250809165436_349.dat---0.9811275559431893,0.9783984526557685,0.9532795597531233,0.9621471913866005,0.9685990519013238,0.9548918535404385,0.943492027160992,0.9410566146303553,0.9361803849530965,0.9177051624995066,0.9380703568173713,0.9373872874642933,0.970330315140563,0.9633504562406979,0.9842401778294672,0.9887356900255564,0.9808968027200924,0.9832549845260086,0.9835496169921503,0.9594716246122522,0.9621376494875717,0.9650463966729748,0.9705024783513811,0.9787706499184292,0.9785022111524008,0.977296301059479,0.9811622589929566,0.9849521943760039,0.9864321672750992,0.979279349228073,0.9810119046267216,0.9843528014724154,0.9814760353386354,0.9807084192624027,0.9710680223784718,0.9580238252252219,0.9598883800098913,0.9220994266809567,0.9506353675443069,0.9325012542161288,0.9483589060370584,0.9648871016121812,
pre_model_seis1_20250809165454_633.dat---0.9830794714880892,0.9892974479121825,0.9785822357131858,0.9836380991521173,0.9764008156368066,0.9705409683859297,0.9664815844637483,0.9720341926594162,0.9638560971008376,0.9605217857743069,0.9788951328328025,0.9865192397318597,0.9886510995456009,0.9895311790555721,0.9939158977859432,0.996809827074453,0.9977129537418312,0.9987968387393393,0.9977042131201296,0.9949313246687048,0.9942079890451723,0.9956084687386346,0.9912702833863293,0.9925107898785857,0.993472466598677,0.9819681534283942,0.9698164746534726,0.9733813589422537,0.9656827267420598,0.9351825259198895,0.9647623798697751,0.9683439481573276,0.970565184547639,0.9603207222308232,0.9626121571523274,0.9635872082793272,0.9558758390348755,0.9629606771646895,0.9616901850131198,0.9535213116081299,0.9715189151582756,0.9769941504910399,
pre_model_seis1_20250809165457_579.dat---0.9880115535701199,0.9856374364327647,0.9892962039048298,0.9914181460472008,0.9937137877365176,0.98871308355297,0.9915133848280997,0.9888881895408561,0.9894016303978179,0.9880987889110792,0.9882992269297453,0.9877392887917325,0.984270639479745,0.9824637017898415,0.9874600056647806,0.9863508506725711,0.9930422997817078,0.996693242189702,0.9832556870944835,0.9882890409999889,0.9932538687616798,0.9876298486611425,0.9703881295322416,0.9838173370548381,0.9877011288338999,0.9869227556033119,0.989051089757465,0.9883383109948077,0.9908658099571418,0.9804329581725718,0.9699561159381611,0.9599273571293512,0.9456577389429206,0.9320548464914394,0.9255161889351743,0.9604262019293796,0.9675083624328153,0.9670854039008265,0.967339709509047,0.971435761104983,0.9565708030167657,0.9793764857311349,
pre_model_seis2_20250809163927_146.dat---0.9672498152936924,0.9500619226386643,0.9557197704308685,0.94732917190938,0.9467564931639488,0.940131595624812,0.9542649179053746,0.9495845747165917,0.9191417352495703,0.9606710298662484,0.9484011534864616,0.9518326721679556,0.9686919079626694,0.9697863019932353,0.97857448429942,0.9757942605870045,0.9964562083883778,0.99774940352154,0.99871530768926,0.9917595601187119,0.9924444918422836,0.9832862789673154,0.9589627069719756,0.9453397834883257,0.9474382875782211,0.9363303768623321,0.9442584478967176,0.9499482087142973,0.9351533248724011,0.910985215994874,0.937985243563665,0.9293677478413405,0.871202779176701,0.8898915754878255,0.9142582445708357,0.8737273671929573,0.8811214840666314,0.8793121224271261,0.8780900745224517,0.8857125540317226,0.8991201881006876,0.9417709461264506,
pre_model_seis2_20250816100700_60.dat---0.9610648035922299,0.984998097164768,0.9645701476787515,0.9815603669929239,0.9808437912957145,0.9830087511717273,0.9870054540003979,0.9917705031547567,0.9920938501680848,0.9945453172469548,0.9932498110847306,0.994264700867077,0.9910095058407096,0.9944193157835365,0.9944019509107447,0.9943251822593123,0.994790515821459,0.9981980637992044,0.995136338750968,0.9943885298132161,0.9968185861130661,0.9968404593302087,0.9960113463011492,0.9951415925585606,0.992771607352612,0.9911628867479351,0.9885563594560889,0.9858752774811297,0.9866240819948973,0.9865753614341954,0.9845135972007583,0.9905394544671875,0.9911512587454349,0.98953310394045,0.9866439714914012,0.9845917268366597,0.9822384482719586,0.9793208144191414,0.9851785657815348,0.9781592322199831,0.9836805440568969,0.9882334944780122,
pre_model_seis2_20250809163936_854.dat---0.9299408220448595,0.9532046465483388,0.9565218847688275,0.9456773198037931,0.9446190608223158,0.9357696246997844,0.9450905275565898,0.9304261126544696,0.9611212611140254,0.9923482029386403,0.9834830880436125,0.9920238783642057,0.9932723967203814,0.9914410061181349,0.9928843962519136,0.9930259853419593,0.992110620157605,0.9886140345712665,0.987264773646833,0.9816112574352016,0.9879732692629584,0.9899695619037114,0.9907277583671492,0.9917538305304517,0.9894396558871448,0.9784619081148994,0.9811521195064912,0.9673050793254856,0.9638942129815035,0.9541733447054437,0.9510571763124095,0.9475776862397999,0.9533174343080619,0.9552062043043965,0.9399124925101513,0.954856985406068,0.955227941989386,0.9716174415063987,0.974555425017118,0.9866095860045059,0.9820661774587407,0.9696903949084154,
pre_model_seis1_20250809165448_777.dat---0.992817340142849,0.9902871309897969,0.9928943575491981,0.9944101482826183,0.9911865333973765,0.9895273826732146,0.9929986927001779,0.9944909083169521,0.9944123177082326,0.9893263606426533,0.9897010487675173,0.9923166204639742,0.9920440097465636,0.9910226122013193,0.9816759160649478,0.9882673613082117,0.9877385633191916,0.9966636348667628,0.9932144761406421,0.99131479081296,0.9869113037054962,0.9917766380646285,0.9903715749720848,0.9901335800296241,0.9929605463534253,0.9948649783165918,0.9933167154623901,0.9923249078798213,0.9887498848374513,0.9893128122005704,0.9906265510699116,0.9914275805888673,0.9895814198904092,0.9615774722132912,0.9815471889377946,0.9508723219393003,0.9632177407087248,0.9551204382804197,0.9689122582536057,0.9704537566774398,0.9755689636246043,0.9862424107341855,
pre_model_seis2_20250809163930_268.dat---0.9895246957621724,0.9958176774475456,0.9940700332656629,0.9932380412865118,0.9935676994208136,0.9921669751902985,0.9928076140237645,0.9941398533402969,0.9895216987615382,0.9956891114295782,0.9932559502045232,0.9942419402664099,0.9948350893984405,0.992920005796947,0.9931071239770374,0.9924963077139874,0.9918036431806951,0.9886747129290592,0.9884399008047575,0.9947559988528881,0.9866781907290706,0.9853218961475282,0.9792333627363755,0.9809877120738656,0.9795804217172255,0.9743055270181206,0.9747575973308001,0.9829779569876725,0.9827609411550253,0.973741797948388,0.9713091933811248,0.9723717080228914,0.9679587107938049,0.9744803422335544,0.976362348596702,0.9742741868249435,0.978142714071375,0.9815751284908113,0.9844027166094726,0.9801599941152446,0.9804619398209756,0.9852906941428754,
pre_model_seis2_20250809163936_393.dat---0.9219604898524969,0.9373727349637501,0.960674770521242,0.9516553237689203,0.9590131657402042,0.970665199001816,0.9750142285527059,0.9768588151933074,0.9787128834986526,0.9807897491510339,0.9909322051587972,0.9889113465787325,0.9939343753816384,0.9952847241982408,0.9972210793532535,0.9955131764203231,0.9954874169557438,0.9912500669590352,0.9881553009184515,0.9728758865762593,0.966752709419106,0.9591132046725798,0.9480720464006752,0.9005633209185119,0.9013535600927209,0.7813348297597367,0.835865546206419,0.8055823722016989,0.8612957774269964,0.7977603229133094,0.8413197717206833,0.875731542747427,0.8746553650511497,0.8856871820077379,0.8697192740277626,0.8202617646068742,0.7596945954807509,0.6050099777657822,0.5851121233434666,0.45925904613524465,0.43489124587574457,0.88515411018339,
pre_model_seis1_20250809165448_114.dat---0.9331280370277759,0.9718693098019671,0.9728065427983952,0.9631223451060907,0.9712932205115842,0.966543434569448,0.9766329903603946,0.969732178423923,0.9680166033407956,0.9600234202881321,0.9624341012462664,0.9482842957737199,0.9751630627033686,0.978041122159774,0.9798079145159597,0.9883130465195167,0.9948066477608013,0.994471945159384,0.9927618488001626,0.9947475904359532,0.9930990074768652,0.9892832222373138,0.9909924270083826,0.991499728527667,0.9934483010168944,0.9888052710150038,0.9848615461970439,0.9865879418838787,0.9888417071269657,0.9898269694364207,0.9898453526547035,0.985611921943477,0.9885592759058066,0.982597636969057,0.9768475509267152,0.9701849676175078,0.9508610052592217,0.9491177927999248,0.9539536669859316,0.9574312471091966,0.9621705347146737,0.976254310539416,
pre_model_seis2_20250809163936_108.dat---0.9833159166200465,0.9815535676994088,0.9825430899961507,0.9815989423890233,0.9771989447313529,0.9750197325579777,0.9832507734779574,0.9819450887435787,0.9808749646492438,0.9862552374880963,0.9841229524851866,0.99086674201928,0.9903277948309489,0.9906676547998498,0.9857641294253163,0.9902725964277134,0.9865321337971282,0.99419988169443,0.9924582323041926,0.9885291286240177,0.9938234392262573,0.991994404587017,0.9863307237759787,0.9790166800229096,0.9656142623695264,0.9531888511726853,0.9600435612683001,0.927543940322911,0.9398026699728472,0.9189964579836127,0.9024903102859265,0.9160774333695336,0.9158131607028185,0.8858413406517153,0.9029686330504312,0.898736262634705,0.9131496133311028,0.8995194706301336,0.8499157742862884,0.8583764466491778,0.8737662452913448,0.9546416386913686,
pre_model_seis1_20250809165445_641.dat---0.969183853169948,0.9510299194643762,0.9824001476087538,0.974652589864928,0.9781441775997177,0.9798094352792422,0.9793290235931361,0.9783861029754222,0.9664108987539828,0.9715099047514578,0.9621152190848229,0.9531807114414803,0.9740903096662151,0.9656916616027601,0.9827566887403697,0.9965134447957141,0.988713099207165,0.9822282936403958,0.9666542031898766,0.974279303136994,0.975826368142211,0.9742587198903527,0.9759317629281599,0.9768598085621694,0.9690587915333484,0.9790164686038152,0.9676590351518345,0.9754269072964327,0.9783585677504744,0.988059023612259,0.9836462847165048,0.9819043337531653,0.9816497873970835,0.9819444901290159,0.9787012907333436,0.9760198602159444,0.9668843251150464,0.9515560246279707,0.929365497565509,0.935584352169505,0.9424660867053902,0.9718843115650313,
pre_model_seis2_20250809163930_747.dat---0.9560543153644452,0.9837256726659221,0.9821875398872061,0.9855848646855933,0.9857880156840305,0.9837977664684991,0.9740105512180257,0.9738154516272938,0.9729906870042796,0.9683720032710251,0.9667412650683105,0.9751489507565007,0.981214922666546,0.9816814640977907,0.9614407490907516,0.9858380415948539,0.9972988661076233,0.9969642260563536,0.9964339214993104,0.993277432732624,0.9948127325990196,0.9904174376056315,0.9700527274871581,0.959269897740807,0.955150121672461,0.9512874671076277,0.9642977039699528,0.9653846426203524,0.9509792603752193,0.9463823575618616,0.9803944912937242,0.9801620808258277,0.9720036236506473,0.9568024182921293,0.9545282921644969,0.9626586384565072,0.9622674491323829,0.9731365897263488,0.9750494627055761,0.9697695382723269,0.9703455253363451,0.9733541260034972,
pre_model_seis2_20250809163915_17.dat---0.9800961513554874,0.9920525771283024,0.99029023295488,0.9928770310095658,0.9921383377277749,0.992471368175273,0.9885368447180644,0.9827680341704399,0.9748437844275403,0.9784690378496074,0.9748843626560353,0.9878458732620731,0.9914676222268617,0.9948738632243906,0.9970404888401803,0.9982565318697781,0.9976985949495781,0.98995834945836,0.9823771144069096,0.9918055958782975,0.9894904853541031,0.989256113876554,0.9851828542940558,0.9868277173296566,0.9712295130392211,0.9649505002180427,0.9738043186541328,0.9723561772067989,0.9741124151108937,0.9778367385818577,0.976143803259227,0.9710026275615404,0.9695552545640406,0.9386802035710162,0.953787850687397,0.9435379421288725,0.9525776071649428,0.9543517220686624,0.9588361132791204,0.9646800167312023,0.9390287300204615,0.9775117195363704,
pre_model_seis1_20250809165454_270.dat---0.9882601149750002,0.9620478536870436,0.9730210961228487,0.9703619607054751,0.9604128139510713,0.9352502414304272,0.9196827008563399,0.8730481578515424,0.8143422611185269,0.7896959753067296,0.8882747737045124,0.9272691628655275,0.9335186555757661,0.9666289223455754,0.9670528116998661,0.9670112182620613,0.9712673273790269,0.9719582200352629,0.9531960199393232,0.9618650668223704,0.9706888726784173,0.9596116485935934,0.9584979682816349,0.9179485587001905,0.9305553364899838,0.9301065472650287,0.8814580510612429,0.9223616528315728,0.941526778711563,0.9331400095356494,0.9688433981750435,0.9825522079002265,0.9803698344461093,0.965239620679055,0.9633009785199373,0.9546009790982172,0.9573671132716558,0.959987939058565,0.9005483760469667,0.9517893826484516,0.9121431312789173,0.9399220424367395,
pre_model_seis2_20250809163912_310.dat---0.9806462353131101,0.9867190657903071,0.9810136411677595,0.9819973163923668,0.9863930146378103,0.9839852132782467,0.9835966430440336,0.9828281710809117,0.9808521628725378,0.9832806247209865,0.9846923861737299,0.9861444595113613,0.9856472319210552,0.9838631046762611,0.9848184389331185,0.9881458283260048,0.983060750812839,0.9822121324115238,0.9811580322717752,0.9787875123746993,0.9813281638210651,0.9739904403681511,0.9723939287042018,0.9661841406639268,0.9825576940846507,0.9802841786165836,0.9688803947670714,0.9611011580991792,0.9600658031402799,0.9691794565099955,0.9554218132603792,0.9600930511177083,0.9247467767403432,0.9425768750633791,0.9274413779319663,0.9517391981068457,0.9588619651956664,0.9558098974570197,0.9360283789145399,0.9348446569797416,0.9646250872312474,0.9706828390849851,
pre_model_seis1_20250809165439_14.dat---0.941343769508293,0.9733617225657472,0.9725025984646254,0.9756897458591021,0.9709266114383419,0.9690888499365712,0.9637407452834957,0.9444447784057406,0.9702203918729762,0.9564324215334885,0.9831042317368931,0.9944620902778349,0.9953671549746165,0.9928921926143801,0.9878393547222822,0.9872443542489059,0.9934289956454284,0.9962144454267473,0.9971347477948201,0.9940542157581534,0.9865693165634974,0.985729313972761,0.980270218219593,0.9808387928758238,0.9805332088209789,0.9856754094677868,0.9829796810253764,0.9830456435825804,0.9688990742073927,0.9623507031715333,0.9470683373331519,0.94445360402091,0.9342585714033229,0.9507879840209943,0.9334249962149437,0.9509166068124935,0.9495018729575294,0.9690938184317122,0.977854575779118,0.978710593340019,0.9827317523471705,0.9725655486009058,
pre_model_seis1_20250809165448_463.dat---0.9254356344736416,0.9607025913185835,0.958164011956891,0.957821177221551,0.9604425566021851,0.9537069604465239,0.9533692244121005,0.9658300728668914,0.9588337781932817,0.9660183058333575,0.965814154936444,0.934405770773937,0.9511362784730846,0.960784080840278,0.9869206288311966,0.981056956131339,0.969830313037186,0.9766676012889595,0.9686412757834592,0.9721011776989456,0.9792021890358681,0.9700534942495486,0.9719859960267583,0.9841108455041776,0.9836653924925258,0.977403241986011,0.9801369388696219,0.9693970557643423,0.9525729268598281,0.9428511514191471,0.9416948198678147,0.9323053801055273,0.9353791543018987,0.9454355859740219,0.907497419641172,0.9562046856294751,0.9587654004347246,0.9687947546774041,0.9712548459521383,0.9839073746474583,0.9694417290959396,0.9612132422842743,
pre_model_seis1_20250816100531_90.dat---0.9804518633753447,0.9874935181930985,0.9879044736910143,0.9827933138796167,0.9816893779916491,0.9779876787864464,0.9672250896127735,0.941386144454832,0.9544548102878538,0.9524500737759306,0.9763396869392109,0.9854109201291892,0.9918447328222875,0.9898458748867802,0.9965495441446957,0.9921516302761619,0.9873280389361941,0.9751269959512295,0.980686328185819,0.9818416805905379,0.9823864902856358,0.9865343080345612,0.9902415453156423,0.9832664092242784,0.9668100688631364,0.9434292325001049,0.9277867453324161,0.9303068972629037,0.9207018566878383,0.8931269353650888,0.9006176085394338,0.8219907823627842,0.8051284856805324,0.8500626171746833,0.7910471778135234,0.8238040972021587,0.7478401849776369,0.7219355074413906,0.7952010210666067,0.7985295421003015,0.8087401001732744,0.9258646192759658,
pre_model_seis2_20250816100657_12.dat---0.9794925238466159,0.9588427277486085,0.9642417476919204,0.9720273927403486,0.9548370372803774,0.9700376891987103,0.9702588685662361,0.9596466480448878,0.9658912038656282,0.9734265159321857,0.963515991042745,0.9609415777751926,0.958052372108681,0.9621184832980267,0.9534348202134992,0.9506349055719925,0.9933642026400396,0.9950831311917591,0.991284966495799,0.9820110948172164,0.980446707087062,0.9655270594192653,0.9354637487455921,0.9340431581759496,0.9511335908632043,0.9137052998752695,0.8906670202262199,0.8554805326347232,0.8321141311399887,0.9011580097568119,0.9301201162986812,0.9607171325694593,0.9467320201738496,0.9655278459875973,0.9568898027121929,0.9592018756224443,0.955522388117904,0.9684435580252988,0.9567665984314796,0.967038500699144,0.9614285172408089,0.952860280826181,
pre_model_seis2_20250809163933_756.dat---0.9641261760373803,0.9873431578531863,0.9892702895045653,0.9811215064735752,0.9937025779474141,0.9952317690127422,0.9949123297448946,0.9947682306101969,0.9960999652175886,0.995520995838456,0.99407867628059,0.9946228662944642,0.989222806690734,0.9943595478444047,0.996970117294802,0.995127780848162,0.994814141007821,0.9922170121548206,0.9930296601064477,0.9905524745174525,0.9868989904118705,0.9870951262719164,0.9874957759050629,0.9753836993767635,0.9749206932433463,0.9658462956948894,0.9683358229964883,0.9606432368186845,0.9695593502331085,0.964029969485984,0.9799385934315553,0.9863224031560002,0.9848913346782607,0.9763792542234345,0.9741288588961563,0.9817743980558091,0.9372724622647084,0.947751663239889,0.9503406938853444,0.8997441404837077,0.9390787471679778,0.9786566729561134,
pre_model_seis2_20250809163921_43.dat---0.9953451284388302,0.9955696804076672,0.9929547458565859,0.9899884329236234,0.9928780787071665,0.9886160869270676,0.9765815197435392,0.9644545027685045,0.9671436364786465,0.9647516563107044,0.9658306211285276,0.9800812887350195,0.9801897058820268,0.9939374526462967,0.9932703081146439,0.9968525857631033,0.9964656253329962,0.9951148310405455,0.996320414071939,0.994886734387041,0.9945007525550768,0.9936677261388169,0.9895959034216835,0.9887582611483648,0.9898544512861249,0.9897151027055544,0.9933496494431839,0.9923031014375664,0.9888334602577598,0.9931686289937725,0.9937359771539638,0.9938910335231658,0.9916331589972165,0.9933739658878352,0.9890539563899748,0.9891022817117303,0.9804502937441432,0.9829647394707711,0.9882844705428101,0.990191646947376,0.9895790899624359,0.9882253826191166,
pre_model_seis2_20250809163924_325.dat---0.9724816099693817,0.9605539944638886,0.9748228246051964,0.9792192794849967,0.9652558536853034,0.9570983620903739,0.9626460848256357,0.9689992300729805,0.9650576937699769,0.9729297784310682,0.9693091399599333,0.9939706703487763,0.9953895889016761,0.9964291041502878,0.9923490629113922,0.9956548870528886,0.9859585975889171,0.9659043897799318,0.9644872117246902,0.9833656149625801,0.9805580418610884,0.9827075165526689,0.9690133443168092,0.98621538994158,0.9822187060315591,0.9664069303372729,0.9778946698881155,0.9677046382474258,0.9746223611425531,0.9798752674717461,0.9711453395141024,0.9673496466170387,0.9719035370236954,0.9535508724093769,0.9601673461356269,0.9776770874492469,0.9817658260685567,0.9886229581885817,0.9868997860328136,0.9829567815490248,0.9784526271460615,0.975843698846459,
pre_model_seis1_20250809165445_179.dat---0.9766701431461617,0.9539328026367885,0.9724040081766194,0.9615025025566872,0.9394947779718398,0.9515651345026068,0.9564444281421293,0.9389028701707498,0.9627750762597265,0.9687915479136899,0.9765095280653635,0.9932197447974568,0.9940662377426918,0.993483713062638,0.9905467206887321,0.9876310603795182,0.9923511705376664,0.9957842845248046,0.9959432016817974,0.9935681193894016,0.992095984267733,0.9934969194199212,0.9899832574051436,0.9718323417579454,0.9765582162634242,0.9805729061847546,0.9746279766475712,0.9576179434368179,0.9719613715671134,0.9626999865192892,0.9504164632721663,0.9611331710385006,0.9032721203280765,0.924526125249596,0.9518788853849631,0.959335684732884,0.96517150273141,0.9740829144142383,0.9647299532245787,0.9663634198055803,0.9615503892598195,0.9694998684209414,
pre_model_seis2_20250809163921_708.dat---0.9897523846074575,0.9864102472724174,0.9924082220068814,0.991857035825852,0.9913248136811225,0.9878065731414548,0.9846868629773653,0.9854564239274919,0.9815136804216039,0.9732353724511302,0.9720670018824734,0.9685277540215546,0.9781396054473188,0.982072254076792,0.9917975878957193,0.9842472116348997,0.9837224844708637,0.9858005663068925,0.981938304730964,0.9825887065726355,0.9852464783381977,0.9894969690678312,0.9783785239762803,0.960490712969098,0.971446965454985,0.9646604107735645,0.9764980807513725,0.9752561271860687,0.969005082649891,0.9441534734232794,0.9418914990692773,0.9180331159413064,0.9206388897771854,0.8605064477160019,0.8765886642992972,0.8868384359417548,0.8851319236065458,0.8524840789845093,0.8869603288879848,0.8718349706930683,0.8954756963091082,0.9557651211992558,
pre_model_seis1_20250809165439_771.dat---0.9604329578844294,0.9562724552473949,0.9841815941757023,0.9672688634786729,0.9802596721182248,0.9818999190659435,0.9825450607242476,0.9831767772518478,0.9758672796026654,0.9746655774787121,0.9740454404540047,0.976363961702605,0.981711481878182,0.9898986352851018,0.9901060088796806,0.9860483973403802,0.9572115828598805,0.9422406001817186,0.9310485929808461,0.9093587047667577,0.8744918994770574,0.8840218857269748,0.9273903606193362,0.9434957237053458,0.9079945626193908,0.9305915979299246,0.906141347644158,0.8560770788927017,0.8320376458024138,0.8404081978765389,0.7679198101166802,0.712431668923547,0.7664693863351423,0.7253906750337628,0.7157472483676891,0.8207451060523202,0.8579180948302673,0.8520775893919913,0.8633258550554165,0.8909834054110762,0.8864486226966388,0.9060173494113505,
pre_model_seis2_20250816100718_36.dat---0.989770229119706,0.9860181059090186,0.9874371268516623,0.994560637511537,0.9937534750567528,0.9902688877929202,0.9887043838361913,0.9812712407497747,0.9710420582077488,0.9700799240403924,0.9567658483569574,0.9597488125947798,0.9560412596617641,0.9848444356909172,0.9883794513771691,0.9788444108707122,0.9842998174739848,0.9896793967449405,0.9940172807224795,0.9789864316325568,0.9885562237939054,0.9857693192155229,0.983569394516139,0.9782353850152558,0.9850028797508299,0.9813447219523258,0.9885654363898438,0.986431657784846,0.9889200736732329,0.9899629189043436,0.9842825506991962,0.9803806252395102,0.9765126922857418,0.9852226456116094,0.9804502130275814,0.9733922520138298,0.9758435544311482,0.9755004738858892,0.9698271718494778,0.9737147240447074,0.9638207163259146,0.9809711913320199,
pre_model_seis2_20250816100700_38.dat---0.9467850423709231,0.9663571882783113,0.9691297105416602,0.9590529026688737,0.9707178991578341,0.9713461219206564,0.9740879565139269,0.9713282778922715,0.9798569550985733,0.9747840292520893,0.9795932664599076,0.974616503884444,0.9675923787923578,0.986541150005662,0.9827397552537779,0.9753515549531288,0.9802876256596855,0.983684453869562,0.9430617714569249,0.9412510633114182,0.9147834223114429,0.9231067089621868,0.9511247039525303,0.9685203793432314,0.9205183878805061,0.9318004767465528,0.8912341970157744,0.8287834128963001,0.8316202389350394,0.8887914636500588,0.9187288549350725,0.9195023193470093,0.8952703964569939,0.8917347723318787,0.8423307703020366,0.8588669157920342,0.9034253615856316,0.8756330271932518,0.910492082487505,0.9232990970988757,0.9401215497888653,0.9348257108867016,
pre_model_seis1_20250809165445_570.dat---0.9925673937404915,0.9923497997971716,0.9900676930304332,0.9890636966544345,0.9904076351622387,0.9888793202435451,0.9853632141966921,0.9831439758683361,0.980702515548695,0.9753247906475608,0.975812092860313,0.9724423754022863,0.9736720418851217,0.9758955623102471,0.963719595879411,0.967093258130786,0.9617518639463629,0.9615460896461017,0.9753337463755866,0.9673705384124471,0.9738476658096814,0.9652544081424815,0.9823185893515615,0.9642425094926057,0.9761397067976425,0.9664407841316245,0.9685004387507686,0.9664753309949131,0.9517737547311623,0.964611881342676,0.9610038296315219,0.9508382302812443,0.954920915995355,0.9490776736728224,0.954215153172519,0.9578523376173218,0.9607992081416331,0.9800547626278383,0.9816144953278593,0.9852725023204238,0.9879403438233632,0.9723341883389095,
pre_model_seis2_20250809163930_598.dat---0.9756323041382848,0.9690912309002795,0.9681781637643221,0.9416211631812339,0.9383902167052233,0.9478579173979218,0.9242749460262146,0.9383059010272862,0.9763004996171633,0.986559995573457,0.9808065735139574,0.989246133617423,0.9799159086431241,0.9911315018211312,0.9938757284672947,0.9953485296169827,0.9960445346238382,0.993171090128933,0.9877162246658255,0.9825898806325248,0.9617423394946152,0.9310306929958533,0.9047952130378775,0.8944138582765478,0.8555693148796626,0.8567292427860503,0.8191727821383362,0.8468517264981449,0.8650471573111945,0.8910995858662305,0.8909434002078596,0.8856848184804232,0.9064818682676973,0.9120072733994787,0.9061356976532068,0.9091828085870306,0.8774415338779705,0.8740955746770437,0.8343660876507458,0.8094803399456835,0.7919908502988368,0.9239102587900709,
pre_model_seis1_20250809165433_778.dat---0.9941558327530576,0.9917530489364642,0.9953648247428976,0.9916823515099473,0.9933288602202026,0.989470387877851,0.9892840665632456,0.990029986552367,0.9888279782138515,0.9857661047685741,0.9849000594254096,0.9800081786609389,0.9963455365418369,0.9975384819209776,0.9976848123365198,0.9943426748784546,0.9966368452260024,0.9975209457605481,0.996125494962754,0.9972889345104212,0.9925120573968174,0.9865865567633461,0.99343535662482,0.9954539895504116,0.996518208149546,0.9959820750745313,0.993186324626757,0.9948066188543788,0.9911261676506877,0.9917566848552803,0.9869955616402591,0.9860994445827195,0.984794577653898,0.9750243824175935,0.9830610341000633,0.9701553357131483,0.9801484371717132,0.9802571055726262,0.9698641366513752,0.9738692330536615,0.9759960110634509,0.9889191391592539,
pre_model_seis2_20250809163933_93.dat---0.9708978569602652,0.9641410968467209,0.9517156847614011,0.9696776171673738,0.9416302342883937,0.9596103858896883,0.9591146118403246,0.9350966032619186,0.9084018823285516,0.8913884359642112,0.9082498583644432,0.916454502996951,0.9094109099949144,0.9445625122170549,0.9813788660278288,0.9859964679576121,0.9835351833278612,0.9833109591391365,0.9817699382788666,0.9806574911242537,0.9796666500880021,0.9695197210293972,0.9594255051943295,0.9578503641131705,0.9743090290313359,0.9818526961205332,0.9769104432661472,0.967239693821615,0.9483937654468493,0.9269770288160192,0.9375648753377067,0.9309974524714915,0.9447145946263219,0.9176419763238463,0.9157723905003552,0.8911036000561984,0.9299137290369917,0.9384445756670579,0.9794001744139378,0.98218151928523,0.9824053638498041,0.9516899084691245,
pre_model_seis1_20250809165445_172.dat---0.9740231142205377,0.9766465332619222,0.9779722167162402,0.9800189800795889,0.9680649444790153,0.9694107703945052,0.9434128585462052,0.9477431051793586,0.9416773434531412,0.9166967101364448,0.9236509297240768,0.9819838572784467,0.9830893765853563,0.9812349380699007,0.9857945570130017,0.9743815694274371,0.9825616261215112,0.9736267279374352,0.9489563627691834,0.9827821335921174,0.9724577998677868,0.9837561412042486,0.9853422857701853,0.9776251347592929,0.9725334868318153,0.9716096192138727,0.9593920726280498,0.9740492149454455,0.9719744974514053,0.9744096581340455,0.9719592718668386,0.9779582226658774,0.9648440408700992,0.9488272217817024,0.9620760028376338,0.8683822052853528,0.8896509053547176,0.8530001616165593,0.8678657056685383,0.8651304163022141,0.8827445676477356,0.9538857875046058,
pre_model_seis1_20250809165430_72.dat---0.9734286143814576,0.9651889008108151,0.964540175966862,0.9704281434681999,0.9659430823266542,0.9608365029234707,0.9626351379976016,0.9312901372257627,0.9239866465728105,0.9650305015404209,0.9499637691531643,0.9474589611115797,0.9857655662945874,0.9910241865270669,0.9911710923721889,0.9887888683671948,0.9605284499782397,0.9387161601834141,0.9472433436534441,0.9372036964819694,0.9401505383512807,0.9134954908744912,0.9005343465814396,0.8501661772321051,0.8480455648535301,0.8311713526674375,0.8137653813729884,0.7793980962566759,0.8329641811469551,0.7990820380552219,0.683134153922565,0.6560760657946896,0.7410450992066016,0.7303880558673665,0.7473377964965995,0.7866543438591626,0.733786628147681,0.819849571131703,0.8330554972431762,0.8346350485283971,0.8244942464614045,0.8809854051558141,
pre_model_seis2_20250809163930_323.dat---0.9906743328741681,0.9829089651148941,0.9948265571099809,0.9940022871102858,0.9927748828460244,0.9929086863293975,0.9931259803302267,0.9911586581132942,0.9884546769112041,0.9878445956530204,0.9816643848332025,0.9855112692589754,0.9857680695775691,0.9882051468916989,0.9892884049329949,0.9910434839277122,0.9921365433820573,0.9852772569226748,0.9859541767218715,0.9821147370782195,0.9835301431751324,0.9930629728999179,0.9933119165190559,0.9913997830465028,0.9867521384762915,0.9880932628759201,0.985188910401153,0.9779055088454778,0.9775717972276964,0.965748082694168,0.9721029739257121,0.9752469250231702,0.9855996753407898,0.9824176851684109,0.986600690738731,0.9844925349616667,0.9889357020862319,0.9897136633697504,0.9889376309240584,0.9883921803151614,0.9903009126395884,0.9866084923554649,
pre_model_seis2_20250816100718_81.dat---0.9842270973972123,0.9848661283897886,0.9724246134968803,0.9739251646206325,0.9826633114878482,0.9811065947475932,0.9838456504565917,0.9844949748177827,0.9839685901701288,0.9871125860487127,0.9895904665240951,0.9891809181577281,0.9863485419935317,0.987851976706297,0.9964377435592054,0.9985202475451533,0.9991068983248242,0.9988087159186809,0.99771613127126,0.9961725294573865,0.9935465836843859,0.9919760327390182,0.9879459239455982,0.9815940280342339,0.9629339532774741,0.9664164459534544,0.9628101941231484,0.9675934281125457,0.9681212241499153,0.9659357531074932,0.9700592109033751,0.9706363459715757,0.9677217094984145,0.9650316401710551,0.9711931463238896,0.969332813117064,0.9783795370662791,0.9822625709589199,0.975230464005858,0.9776425014921548,0.9782829576869883,0.9808052523271752,
pre_model_seis1_20250809165430_645.dat---0.8839380891640516,0.9452488860661326,0.9093501284534261,0.9079038623847356,0.8747301136569121,0.8823141894826574,0.9372893126222984,0.9476264044025019,0.9272689930365006,0.9441844141646878,0.9508329742208976,0.9839273689540332,0.9810965740083315,0.9899194721584972,0.9876223315341344,0.9850572173986136,0.9884735107333809,0.9892551025213431,0.98656682787042,0.9792700598431094,0.9737011552406254,0.954477634450271,0.9671325880793571,0.9511938332976708,0.9423332889481872,0.9210957580840975,0.9050930667458569,0.9461822387993157,0.9299800970165829,0.9515379156114065,0.9656765080353302,0.967590336242158,0.9702461064345499,0.9377265676743031,0.9577788125192671,0.9577213573102205,0.9691267725842195,0.9811824896499235,0.979898353245095,0.9665542423086168,0.9696117869089028,0.952383335167381,
pre_model_seis1_20250809165433_771.dat---0.9593084604025577,0.9805164628436647,0.9877606170334257,0.991762058178774,0.9851348212294723,0.9862684821110403,0.9774010732960055,0.9571204518507319,0.9370105661756061,0.9137032773768693,0.8756967472068645,0.839697683245561,0.8937173906300422,0.9336365358547011,0.9504613006029055,0.9390275358734881,0.9463121093553379,0.9448592490943181,0.9170618074971623,0.8654914063830045,0.8398583613660429,0.8376961239778361,0.8394683517971803,0.837857956963835,0.8685000665712033,0.8623975066669983,0.8588549657321437,0.8591862235982264,0.8675948964750684,0.8558148263772737,0.8098145308815449,0.8584012806939483,0.8114304381115671,0.8201453966908413,0.7799743853776427,0.8302535411198207,0.812036411628385,0.8073773052081402,0.8021687099342051,0.8260042341195696,0.8163413490365046,0.8849542658187686,
pre_model_seis1_20250816100531_7.dat---0.9577411643960291,0.9695641052418593,0.9629368864154546,0.9765363957802109,0.9830685441069528,0.9780987462640566,0.969631493321425,0.9643361786622345,0.9208830403337153,0.8788362757955018,0.9255611486658105,0.8946852025115215,0.9260851139113391,0.9522260959508911,0.9533384942258065,0.9760434367718636,0.9817402143402246,0.9817473612418477,0.9691090389144535,0.9775763939917552,0.9797154735587208,0.9693989440690571,0.9834885659095068,0.9785454667722996,0.9780450580094576,0.9718170706559599,0.9726961074614405,0.9722647017383825,0.9709681594715064,0.9640031138954611,0.9725916973014878,0.9791048043878927,0.9848518950443557,0.9826059702399809,0.982890075335817,0.9815382472793783,0.9707604607376216,0.9613632863690377,0.9446595150322677,0.9560912527031971,0.9535501100571122,0.9636754952895831,
pre_model_seis2_20250809163939_766.dat---0.9898555403398986,0.9907285406228084,0.9810841599103847,0.9897309772277894,0.9887186328615711,0.9927193533716354,0.9901093421272317,0.9890354623914186,0.9880183631538355,0.9883674765953778,0.9836232532090233,0.9814221513833375,0.988901798681853,0.9942712167823514,0.9985994125391641,0.9990497093709922,0.9989911454542635,0.9988115267532561,0.9974981912159782,0.9945128413723499,0.9939802061106117,0.9899763892662842,0.9894524585582944,0.9784425537247704,0.9733252654273907,0.961349670159135,0.9617002450395602,0.9669521902995565,0.9752182507125067,0.9869754729673855,0.9907285910246786,0.9732269711773517,0.9374149930497713,0.9120312175828192,0.9450522666945852,0.9445542956740937,0.9233962213976453,0.9325911544615602,0.9178552978178239,0.9249022247718398,0.9157585932708482,0.9736325274281231,
pre_model_seis2_20250809163927_93.dat---0.9788700107324898,0.9906799701512778,0.9909148246523851,0.9945150571765914,0.9912289921001404,0.9898037208796254,0.9910910592893433,0.9904754377292266,0.9889863110085632,0.9915739748511905,0.9805185621263811,0.9860814315774226,0.9764730711910615,0.9718926161161914,0.9714774131151714,0.9708831942817565,0.9780286634913037,0.9732380160004057,0.9635875561925572,0.9629586196845906,0.962393951629748,0.9707385401315222,0.9433349649399008,0.9610559804448414,0.9704844921228447,0.9692971186924264,0.9610771885529307,0.9712829916893263,0.9577694535745224,0.9728760550015421,0.9633319249258882,0.9578937936533786,0.9592500381589846,0.9634008773229393,0.9604180358827399,0.9772983442141753,0.9785187523878648,0.9817782037950846,0.9802017952006065,0.974785013764011,0.9819370895751778,0.9744488562928814,
pre_model_seis2_20250809163921_331.dat---0.9616792679349014,0.9554302948921888,0.9776924809882562,0.971563931577076,0.9658838966727371,0.970425068123719,0.9730288259240143,0.9749737787647351,0.9743884460456357,0.9764561853758694,0.9602501141110882,0.9551476759207563,0.9691036577134167,0.9773477961933269,0.9880265675451806,0.9876930936600508,0.9791763244146937,0.9809337871071642,0.9844354009774835,0.9804399629664886,0.9844175224444774,0.9868084901771778,0.9842509864385182,0.9788309029753351,0.9569409265216771,0.9637691460417689,0.9611269491371324,0.959879772032406,0.9665633681901659,0.9547023113574723,0.9650025317582338,0.9412123514259431,0.9499684287379625,0.9583972791265957,0.9426425143986533,0.9435166494018803,0.9383590759631418,0.9413135319900566,0.9196500740554971,0.9335842753992549,0.9269231642219744,0.9639496782610757,
pre_model_seis1_20250809165454_570.dat---0.988072069532849,0.992914963477308,0.9922411841988736,0.9900575503935551,0.9944659358281512,0.9915528160529423,0.9862155966315402,0.9821859736514653,0.973478428202204,0.9618065107730002,0.9572438223523794,0.9925757276436056,0.9881482929952805,0.9853249623200423,0.9872313782056447,0.9878428214196928,0.9888157075745787,0.9881827022477284,0.980277730197916,0.9713907797697059,0.9761626814300938,0.9809063173176613,0.9854375294088342,0.986542034280933,0.9879371584456912,0.9745478701878707,0.9737861007670774,0.9692047491368603,0.96055037570347,0.957287701988264,0.9411564432614822,0.9429299970116999,0.9296836657878861,0.9242384896559163,0.9109104253031196,0.8929988030500815,0.8490753679063173,0.8597064011696034,0.7873971764036799,0.7404530670673244,0.8365774026640024,0.9523784075955203,
pre_model_seis1_20250809165457_657.dat---0.9910400498719178,0.9952362200821755,0.9966971489052304,0.9977744538779485,0.9966096520189425,0.9968919832409836,0.9937352868510952,0.9934626765501788,0.9902730726487098,0.9907270252222664,0.9847951601475908,0.9787998801891006,0.9775967568232595,0.9800898147834067,0.9838090297108176,0.9773044116625971,0.9843857170110132,0.9935280086595202,0.9934433849387487,0.9843229022700049,0.9826242001308405,0.9916947298145503,0.9933278928257873,0.9907297901966091,0.9923519835432209,0.9892185269775986,0.9878585035638843,0.9810370162571862,0.9774104981323294,0.971270400734112,0.956716225051305,0.9476599777168421,0.9273043691424852,0.8997259928646703,0.914772684555641,0.9197739146406332,0.9239786419054635,0.9282699617301391,0.9380553943529564,0.9385597613363296,0.9303974416593862,0.9722746473804266,
pre_model_seis2_20250809163918_465.dat---0.997303788955293,0.9960054825009611,0.9957070299260716,0.995550724962882,0.9923513684799592,0.9926229352525104,0.9890508240832945,0.9805422104956423,0.9774481339579328,0.9578469032437601,0.9695151545411468,0.9429589433796444,0.9631632432959071,0.9626879778855512,0.9668240546863873,0.9739666340903839,0.9729869015168779,0.9877936735884356,0.9906336126015866,0.9924354589109284,0.9883771579388007,0.9900539395956612,0.9731966781596263,0.9695638136675176,0.9610496332688899,0.9481528581850496,0.955699222570361,0.9488539459505291,0.9563236093571275,0.9738639665865778,0.9592747328325538,0.9523680667335094,0.9061019489154252,0.9360431595888002,0.9027541353734241,0.919591611328985,0.9448754875356808,0.9513450330408341,0.9696894618466403,0.9664926040046211,0.9671306563288884,0.9667852872966992,
pre_model_seis1_20250816100525_66.dat---0.9751387790184209,0.9766178513101672,0.9900582812153208,0.9892566770240286,0.9849257545443563,0.9831698051155922,0.9804519400179756,0.9692000941849448,0.9533556193491101,0.9634875852021336,0.9775873995083812,0.9656103832279095,0.9811064499361879,0.9771902850083354,0.9761925214675361,0.9868121452758849,0.9280138384219733,0.9396184834753412,0.9278307895254371,0.9680016495746006,0.9669197538873814,0.9257824441429147,0.917731234617066,0.918713580788447,0.9099144797617675,0.9143988796751594,0.9100781410325445,0.890093474058307,0.893601181251004,0.9355085725412452,0.9451938082855169,0.8962577087567363,0.8756231270412497,0.8474742432221826,0.8467396599040108,0.865690448773769,0.7943426527157088,0.860617879120701,0.8517786917183698,0.8655535250395728,0.7650710593514226,0.9266027043436271,
pre_model_seis1_20250809165445_830.dat---0.9837626186794911,0.9807251045665071,0.971964838693036,0.9841746062742049,0.966005748269517,0.9714420836309279,0.9732690180537457,0.966892439957709,0.9851778056721308,0.9933664538616463,0.9924320181539479,0.99517655367444,0.9938997781749509,0.9885965137882103,0.9883880279014915,0.989900639892978,0.9940513517334116,0.9902565252923085,0.9910857070339655,0.989888505497901,0.9862998006680259,0.985570652848747,0.9804701721670127,0.9855654498497336,0.9827946919940006,0.9791414298908913,0.9850882046578276,0.9784900312893416,0.9599482443366396,0.9691703651014201,0.957086542977793,0.9314439636111607,0.9405699175669828,0.9607950875849369,0.9725298775520641,0.9854176957485322,0.9864187311057755,0.985513362153697,0.9793126129885407,0.9755657597019374,0.9714275058668291,0.9787579619137663,
pre_model_seis2_20250809163933_722.dat---0.9574220488068768,0.991228317470406,0.990671460235977,0.9874846082942408,0.9937237053356753,0.9931536602881867,0.9943798299413693,0.9944238434746037,0.9928541210210038,0.9937551350987203,0.993295820849522,0.9966852369445656,0.9977594047202597,0.9913580984001524,0.9931352556559975,0.9898535835794543,0.9907747675612338,0.9894649734822654,0.9807149232043759,0.9764411375748012,0.9797361656253697,0.9860592774285478,0.988062743754118,0.9858806423432609,0.9845549376139426,0.9833868212320331,0.9824245317004825,0.9816598519193456,0.9819604956214736,0.9841749397883586,0.9843472597275644,0.9831438016931051,0.9743347869447492,0.9714541177345402,0.9700792262780386,0.9771342375560731,0.9834113166664025,0.9830803073953788,0.9840031765763795,0.9855999924101055,0.989635566470512,0.9856757104492554,
pre_model_seis1_20250809165448_897.dat---0.9850653246320472,0.960539868229792,0.977654399953961,0.9755881414601254,0.9700464863383664,0.9831267099392786,0.9729003311115669,0.9800747427139719,0.9770636376391623,0.982052092004517,0.9784638656258318,0.9702472661801491,0.9813137857148533,0.9820468516317931,0.9875628183523868,0.993948709759992,0.9967626304740917,0.98598594570758,0.9941207540729367,0.998712877917192,0.9959129307903223,0.9955804574879255,0.990540154466115,0.9900752020697242,0.9840122199496236,0.9732759391877328,0.9533814068095068,0.9546367650343942,0.92764042821538,0.9233892600173412,0.9374605912028078,0.9117013867152124,0.9377429768939703,0.9501520959815108,0.961991606998947,0.9366492404096873,0.9352081043260272,0.9423068850028546,0.9599497241201435,0.9637342933029261,0.9508804005204573,0.9685243733893222,
pre_model_seis2_20250816100715_6.dat---0.9563359097037976,0.9459272163571121,0.9145286011108226,0.9291531750357399,0.8942014873309478,0.8678737766527931,0.8659384014346531,0.8605334004515027,0.8982453902956963,0.8729156947119255,0.8842096057611121,0.9368727833704035,0.965176837504356,0.9624894459198355,0.953764816239334,0.9644745761897403,0.9613894820029774,0.9478193665343283,0.9461542522889074,0.9554037387047212,0.9652912061232045,0.9724669440635997,0.9707296172835039,0.967891186024695,0.9713487441348483,0.9701162727395969,0.9774823890399091,0.9645867143843649,0.9575776716149167,0.9628662967392693,0.9403157748713395,0.9102096097379601,0.9330025965897685,0.9222137036588617,0.8662110636672403,0.8500787244643006,0.8621635171111878,0.8490481822557867,0.7729916061911556,0.7828375080531775,0.8672214857809144,0.9200014334665929,
pre_model_seis1_20250809165433_37.dat---0.9759238611499004,0.9823707417565646,0.9821227721952712,0.9917607688107305,0.9896149439533823,0.989211871824723,0.990119491719852,0.9889918334683606,0.992666023692733,0.9927348708227091,0.9899453129955234,0.9875320442155894,0.9893454673910941,0.9883106149063978,0.9889630043914789,0.9895999435082052,0.985571998250903,0.9838923838092634,0.9197458728043032,0.9259636595449001,0.9612499090001627,0.9655218675826025,0.9695398008746189,0.9729884587953478,0.9825804327672226,0.9850992186114262,0.982066656975803,0.986378120164313,0.9754943490798416,0.98228440677321,0.9869259477228919,0.9874102624866563,0.9840006167258533,0.983440740519987,0.9839133586053025,0.9844089190753503,0.9822984581912567,0.9764847711792957,0.9729871433566317,0.9690170144383995,0.9662012343819039,0.9796263211834139,
pre_model_seis1_20250809165436_753.dat---0.989995204443934,0.9900929069107295,0.9893562736739235,0.992508005611088,0.9901940856153075,0.9908299676405209,0.9879092926846571,0.9878507672636767,0.984989346563107,0.974814985398076,0.9695170814687168,0.9609195780767258,0.9781056318255806,0.9716220400853968,0.9807939852019161,0.9737358444481261,0.9695629900914621,0.9817500342199794,0.9749320617402647,0.9817680917120224,0.9730890663094969,0.9618719218751977,0.9537234372203012,0.9445234097970037,0.9435681688441051,0.9360641286745515,0.9442912153416481,0.9361941305504256,0.9430190579327059,0.9356616839512607,0.9537322218845373,0.926753473633554,0.9370759553279502,0.9506986169291854,0.9502572143054334,0.956228431613713,0.9495661820945087,0.9310262495072686,0.9369546997862662,0.9332461914464488,0.9046546368985637,0.9615475187463252,
pre_model_seis1_20250809165448_729.dat---0.9915290768892048,0.9897307187921229,0.9904170456374747,0.9906127054876289,0.9892773652873806,0.9786918491255099,0.9799330107592041,0.9732918201484111,0.9776268178315238,0.9717706077809664,0.9853931275193016,0.9914287326747097,0.9930635565166129,0.9871545028521169,0.9841635667964342,0.9854149090181513,0.9960290539753476,0.9911530677695413,0.991539304632118,0.9888218847569413,0.9887040709283396,0.9827676513835786,0.9822372487128394,0.9793347395613773,0.9729199430613872,0.9645799344229579,0.9513705240522824,0.9578371877176597,0.9511759577279651,0.9590533886701113,0.9656537679218652,0.9352237538814615,0.8588241028073957,0.9106516134148779,0.9236272437930985,0.9234350147200031,0.9199056477871373,0.9125328859753338,0.9363630861993469,0.922329303727074,0.9280969785940032,0.9647235797392878,
pre_model_seis1_20250809165445_241.dat---0.9866979575691359,0.9881990297631448,0.9842840762352861,0.9800345881937129,0.9790774214767775,0.9719933231587001,0.9588647550774252,0.9474684541636269,0.9535989891229923,0.9435061608566809,0.916164561204804,0.9394949117327767,0.9402308792723315,0.959195818401721,0.9328285296993132,0.9689191360256565,0.9858217080497786,0.9774370344253912,0.9831730375035596,0.9706830607995307,0.9607460626837669,0.9784798495780651,0.9867994858359006,0.9708764325244447,0.978060043630152,0.9755922328048896,0.9799872691006518,0.9867598222116167,0.9841652910897317,0.9770016552672285,0.9695977499954788,0.9708648748356731,0.9752264607895696,0.9760646460835971,0.9739684593065904,0.9738551078816924,0.9594172864163137,0.9657362715627398,0.917316586678898,0.8975482278254666,0.9145912568976368,0.9643982562373766,
pre_model_seis1_20250809165451_406.dat---0.977764606108584,0.9747772284537893,0.9720433487269822,0.9775670459302976,0.9643988997968943,0.9710030407527569,0.9769540563654103,0.969352512627159,0.9684871113892947,0.9642443133815409,0.9801082338785824,0.980620212126682,0.9855005500467805,0.9863555647880308,0.9764700546100876,0.9640584141735874,0.9689986013758964,0.9677123244685822,0.9821087099435754,0.9698075107142548,0.9731155213020022,0.977514347771399,0.9790446420299498,0.9656193925181228,0.9788577241218289,0.9854126201704032,0.9849877223476761,0.9818326882095145,0.9743353915316888,0.9738220916924522,0.9777614233288349,0.9797314386562622,0.961927599747012,0.9757399868777057,0.9741516590713135,0.9774259933848289,0.9792329628249115,0.9827508336759485,0.9800186693357096,0.9766211056813253,0.956642808280248,0.9749970478589732,
pre_model_seis2_20250809163930_655.dat---0.9857867430572922,0.9838045141876275,0.9885081268627413,0.9857847346088103,0.9847599262889264,0.9787481777452208,0.9812272337986054,0.9712519902441508,0.9777471767981126,0.9712331160503769,0.9464810020499997,0.9745222019848832,0.9754925440411462,0.9884977421975681,0.9867123678393112,0.9823756668503356,0.9787043769586882,0.9817126690340218,0.9831698365383514,0.9859382330121079,0.9819423724072252,0.9835860323215416,0.9818812328248343,0.9767729394721042,0.9778864908019343,0.9734175679277352,0.9655789518081145,0.9652408435068653,0.9398289371165396,0.9463983687528732,0.9545753019653221,0.9535049684905911,0.9375583706350075,0.942154466924178,0.9541742275843519,0.9539295368274009,0.969319693586961,0.9638240651120713,0.9588959034623149,0.9547249225570221,0.9465193591190678,0.970101778862252,
pre_model_seis2_20250809163927_296.dat---0.9861234092097328,0.986403735461756,0.9886541211531483,0.9878775451899869,0.9861520619052428,0.9855066366337716,0.982138904638729,0.9803221365821082,0.9830601483381334,0.9787096594705473,0.9850203559056891,0.9775449367100197,0.9935719011812782,0.9990587369106577,0.9967021806033811,0.9946368097354751,0.9903895773672632,0.9953485476404272,0.9962455218766215,0.9960942137381249,0.9951648229699042,0.9942309912896605,0.9878799279937253,0.9759940684942137,0.9760089317108052,0.967326169803947,0.9706132190497901,0.9461109042588659,0.9738165500404034,0.9543424749840883,0.9616509737665461,0.9709434461037704,0.9728836146682337,0.964973952215206,0.976329377625639,0.9769670418679103,0.9779544462669992,0.9754161235294823,0.9804524003993665,0.9777550174196356,0.9790013831674704,0.981106755557994,
pre_model_seis2_20250809163936_671.dat---0.9814240503392123,0.971949482130904,0.9869924537548419,0.9858281518576821,0.9834065681659913,0.9810438415757782,0.9769811524600188,0.9814319264253809,0.9845898838124728,0.9897967718500441,0.994804328709359,0.9890745534192422,0.9831358922327216,0.9791200881710331,0.9734509479528265,0.9759504471347875,0.9704328104647864,0.950821123780766,0.955407577978683,0.9509300332792715,0.9492714526206737,0.8948447420073737,0.8387837863978178,0.8595974921324137,0.8875474026692677,0.8546998705373496,0.8715582766781025,0.8898072142690203,0.8985274747378423,0.9362309022914177,0.9331909147087398,0.9273205121376353,0.9013160641593211,0.9028584202042018,0.9212915117936384,0.9166004327339479,0.9616549667934,0.9728555383137198,0.9812804735487726,0.9811341234751733,0.9829209449241514,0.9465820634787753,
pre_model_seis2_20250809163933_146.dat---0.9805075918354667,0.9798661911691967,0.9686750815087215,0.9808611059149053,0.9839864686557797,0.9813411073856672,0.9785909556717938,0.9768405001220068,0.9791408256508738,0.9759251998412531,0.9786885773110894,0.9800250896397654,0.978273027012065,0.9777778625016751,0.9842499875142989,0.9886630036046815,0.996399289677013,0.9933130281511777,0.9921376598827307,0.9866385677826974,0.9828448737826451,0.9743652721912176,0.971902596224279,0.9669973852184133,0.9684868615662293,0.9568482814363201,0.9687581228322351,0.9573931209281216,0.9699509768213045,0.9611800491773282,0.9632529748184512,0.9610227748299458,0.9536835892868133,0.9569994705117354,0.9421011293611475,0.9525279082096139,0.9354200459878542,0.9245865315286647,0.9357457668493185,0.9074116020112956,0.8853606977978347,0.9667985646878932,
pre_model_seis1_20250809165433_282.dat---0.9912139139655658,0.9914054771415799,0.9909260910007172,0.9844797491618895,0.9869089248170966,0.9872268798538277,0.9739347544306393,0.9700862209687954,0.9393634636851684,0.9664234812462008,0.9749135113907396,0.9723901508863504,0.9467317210652102,0.976455088477862,0.9657857899017893,0.9761893140595831,0.9831662067526126,0.9872090632115011,0.9761671595603376,0.9853541320049101,0.9780963699839849,0.9845112028195847,0.9804940523566302,0.9820240821722034,0.9775424929496698,0.9735052130625746,0.9601440077452433,0.9629359421856676,0.9576621660941486,0.9586024862129824,0.943562862844516,0.9503527457760045,0.943046722902102,0.9285887552264454,0.9412162184947882,0.9467614271288842,0.9517863159778642,0.9469019927754687,0.9423259001576021,0.9353721794326476,0.9142553335940286,0.9655126722798879,
pre_model_seis1_20250809165439_605.dat---0.9761857054052372,0.9806170873293948,0.9836898031732616,0.9853484792439293,0.9839966380571549,0.9921057670935242,0.995308473860666,0.9951143213084697,0.9953138884505228,0.9956110210968431,0.9949638201839336,0.9964213724662936,0.9953313301139396,0.9961732149357609,0.9914180075704956,0.9892039997210148,0.9923766835536,0.9912965311838781,0.9884225459968748,0.9852350312354881,0.9887369969721517,0.9848662414163716,0.9870901477783361,0.979045969300663,0.9786458091252552,0.9808534928015908,0.978865531563142,0.9774136014585167,0.9791122756567391,0.9719641728357175,0.9729760692588448,0.9622536953842207,0.9479263676400552,0.9535947697375892,0.9700561539163592,0.9678454737387708,0.9697634022251376,0.9605010620197468,0.9466163731796193,0.9303491248187652,0.9574231509999859,0.9792691122879966,
pre_model_seis1_20250809165433_862.dat---0.9574546446494704,0.9860295606338288,0.9730266112655063,0.982922404995515,0.9815073422035633,0.979027685244865,0.98409502760143,0.9869768749696219,0.9800536322608169,0.9775749018916556,0.9864194414042456,0.9877899987133346,0.9901429947706698,0.9908720156867908,0.9950338538801242,0.9943877434601556,0.9959657322760942,0.9987617874149334,0.9961921154813272,0.9895763015324428,0.9840658234347608,0.9770538278089099,0.9693233255226391,0.9707594416718935,0.9632653010995087,0.9580604107869977,0.9532804839993217,0.9310337755978395,0.9372790192942523,0.9215393209158227,0.9035479557035035,0.9391299104700662,0.9191629499935475,0.9165561743766929,0.9239946016422328,0.8833317758561757,0.885150394957235,0.9120448337004528,0.9044200499832435,0.9119544866915186,0.8766524947635174,0.9574491958196716,
pre_model_seis1_20250809165442_182.dat---0.9895883428331891,0.9909993116886896,0.989537668119682,0.9890163500876642,0.9786796302892531,0.9789470689293102,0.9612896273211258,0.9303401828409221,0.904126955282948,0.9022332173797354,0.8669961764385068,0.8743491016448246,0.9158963014002561,0.95505513613327,0.9875605357069193,0.9878434164478975,0.9766151353124363,0.9869400857699219,0.9893681764689423,0.9842634180271312,0.9756230264886673,0.9700232168701568,0.9720769408151265,0.972032520480877,0.9751036954199341,0.9783301640459204,0.9811867597190059,0.984090416357474,0.9838553949497438,0.98172519980387,0.9849537020551887,0.984530837379019,0.9816722387904049,0.9814784791137993,0.9802388793462099,0.9827082460062336,0.9826401604503577,0.9825693783613351,0.9800302662372037,0.979330461735013,0.9824314234373831,0.9686896889264766,
pre_model_seis2_20250809163936_109.dat---0.9466380921864282,0.9020073700858058,0.9342436521282962,0.9612642840453013,0.9536150501012042,0.952766948597096,0.9679913710995764,0.9868348788646905,0.9896926198386378,0.9982208497804648,0.9977600874593133,0.9964353277671215,0.9911552186313343,0.9832064060795194,0.9874752162961401,0.9692822448300594,0.9544574367316012,0.9617186240085431,0.9641374498073125,0.9920624842690822,0.9939664516471823,0.985596779699269,0.9915594639581832,0.989493499208057,0.9884521902028485,0.9779494083803476,0.9707675635555455,0.9551815745842924,0.9626802707892511,0.9587593878769023,0.9598340362621204,0.9516537351764335,0.9424437483953201,0.9455121066422257,0.9276586645641491,0.919309059215847,0.92156651098382,0.9122744915878013,0.8876701208598232,0.9187158518137568,0.9174845469030888,0.9602315871930194,
pre_model_seis2_20250809163930_151.dat---0.9831691903203658,0.9926371935173928,0.9936264224048696,0.9919214263972238,0.9928217846153831,0.993706453329949,0.9935473088418473,0.9906896243360849,0.9831742690666231,0.9673402832231042,0.9135011852182874,0.9407510412522115,0.9477299151588238,0.9400671416451549,0.955199831013639,0.9474270995920008,0.9715734206146299,0.9831096292985824,0.9786113161542395,0.9796535052519306,0.9540677353522666,0.9490541264835058,0.9663279081316706,0.9683279792777557,0.9805218933878289,0.9701835026282497,0.966242935591325,0.9576419119850537,0.9488305574698754,0.9330900269796641,0.9356475919373087,0.9681801590540211,0.9448454214491323,0.8786793353280065,0.9112285660410807,0.9321017706503913,0.9201913497543344,0.9481531060715707,0.9546067525394863,0.9488565719364451,0.9419420010277322,0.958999493764123,
pre_model_seis2_20250809163918_711.dat---0.9406373884497361,0.971841681025284,0.9830032824667304,0.9866134602090025,0.9863209856552938,0.9841751245481507,0.9888257302203955,0.9921440626010806,0.993406501739431,0.9926422812841551,0.9925578701055282,0.9930878719050906,0.9923090067889273,0.9938222959103341,0.9947488267543193,0.9966677970388022,0.9971281080030574,0.9975392137326943,0.9915601632373662,0.9885787069463607,0.9810945763163714,0.9664723231933444,0.9732431143443102,0.9705940715614744,0.9721823095591233,0.9695641262674803,0.976460964289483,0.9756295562208672,0.9796820228794437,0.9806388911705923,0.9840726551135802,0.9854669512594112,0.9818679815451542,0.9636327612914783,0.9604279537116208,0.9488594918081362,0.948533986220857,0.9479828823866335,0.9567097584024957,0.960841000140685,0.9693170032836277,0.9783142619411687,
pre_model_seis1_20250809165436_89.dat---0.9710756496244973,0.9902969203678843,0.9876715379390698,0.9866607638093857,0.9916021741707044,0.9916472549495322,0.9911941792560184,0.9868374840095936,0.9878490703955571,0.9847809618506154,0.9759843724552022,0.9784231635052001,0.9754516415460751,0.9927876170184204,0.9947831272743612,0.9954804989451688,0.9967270574771183,0.996226151424506,0.9949562939171532,0.9974197848038289,0.9968354257227122,0.996450392221853,0.9950867509229528,0.9936594145740864,0.9900379865099785,0.9905057877094369,0.9874181491285913,0.984869157177746,0.9829043299474718,0.9835091091528732,0.9856860917468504,0.9842313808240836,0.9838760002410839,0.9796378095575516,0.9779174936543588,0.9729160622742581,0.9714291012335992,0.9651491430214704,0.9578283623431924,0.9457885894687533,0.9301473898152194,0.9835058446826345,
pre_model_seis1_20250809165457_385.dat---0.9899520709417542,0.980492350847533,0.9835781247613529,0.988097431454898,0.9889815475033674,0.98634339050553,0.9877349595139098,0.9877955644908135,0.9862085364267387,0.9894994371069455,0.9876141113396507,0.9825304527241007,0.9904698026799502,0.9939961630126355,0.9836997873706247,0.9880880519345816,0.9907836520686897,0.9911996154228087,0.9949352580942565,0.9954464496749469,0.9934581986966097,0.9830552855984154,0.9846350335199948,0.9853722436714945,0.9890823975119631,0.9878442322880238,0.9838711708404354,0.98708224849979,0.9866467897790387,0.9866386816613135,0.9831808807442259,0.9861478096954612,0.9844985983999818,0.9869231392641696,0.9886347966942061,0.9901694987125681,0.989438697753833,0.9876957890702857,0.9875615166883077,0.9850442024763599,0.9851240133909109,0.9875500483617676,
pre_model_seis1_20250816100519_91.dat---0.9884932744878813,0.9863768001979565,0.9872858362047778,0.9862500919556609,0.9875500382278352,0.988829665028381,0.9871914273519866,0.9883779878534467,0.9878117508890469,0.9792573972681116,0.98575919324742,0.9918192289846183,0.9906098000285437,0.9923152339701428,0.9907092741241663,0.9880412067738841,0.9858371339894094,0.9891692282243021,0.9925990394720943,0.9864880786523622,0.9792302660853958,0.9795436771690491,0.9660099927696497,0.9795852708628625,0.9779851932161079,0.9736228461714286,0.9795827221651837,0.972300522824185,0.955702635014523,0.9622557727219677,0.9584085289422011,0.9444649537977611,0.9221184883252157,0.9254193995180651,0.9251778393293677,0.9112249087174479,0.9088635589268906,0.9213514518228137,0.9095210622449695,0.9272003428521706,0.912983074374838,0.9671542486532708,
pre_model_seis1_20250809165430_533.dat---0.964913325075658,0.9864023348922444,0.9767661613008061,0.9879060391792179,0.988872192159037,0.9911958961784116,0.9902281964331116,0.984956787658321,0.9921788522816877,0.9918819782359516,0.988835201262553,0.9920682515047967,0.9919015880952718,0.9795774434406448,0.9784193453397306,0.9913937105549587,0.9957497581382923,0.996359814318905,0.995090367332302,0.9948399227322766,0.9920816733332044,0.9933159163711531,0.9954049593628976,0.9940961296515273,0.9952472743408504,0.9907893029912253,0.9921610069311773,0.9942288454689545,0.9897330908002367,0.991344037047534,0.9790298184286914,0.9685993767024346,0.9607686014286687,0.93267270877369,0.9222854046576587,0.9045336348185178,0.8711616095704966,0.8238645172570986,0.8067806805613408,0.7577362994481474,0.7010481674925677,0.9589370785744451,
pre_model_seis2_20250809163927_211.dat---0.968259770760302,0.9734221548299479,0.9780981009314204,0.9812438263765805,0.9853289557953773,0.986178032942399,0.9909701300419149,0.992558224821511,0.9931001173134398,0.9919071246647757,0.9948020992142651,0.9942308094370355,0.9930042948260971,0.9908397634897859,0.990975056143006,0.9923869358026454,0.992279448848763,0.9892828868705298,0.9936995285074883,0.9870658578637816,0.9655775751610671,0.9706427162704979,0.9846800352753934,0.9813164070930631,0.9535829466788367,0.9301321020198844,0.9079288004025321,0.8680928738269251,0.8673421342685292,0.8757775839766934,0.881050173875036,0.8335575604003,0.8459930407477337,0.8937363279428373,0.9161030546787461,0.8882719220444297,0.9326385617104296,0.9170736747810296,0.9098399136297001,0.8120241815687558,0.7187845127811996,0.9417994931369434,
pre_model_seis1_20250809165436_235.dat---0.9754179068896609,0.97794901500393,0.9583791556646712,0.9789844483215085,0.9514989239719851,0.957060263911824,0.9780488427887837,0.9517368252670892,0.9691238770082926,0.9437986594590816,0.956878073546317,0.9723132872781894,0.9753913070343565,0.9654915603463764,0.9817310202397359,0.9863248113086169,0.9831855217882738,0.9885107709480287,0.9769791578991737,0.9835175190114974,0.9779868431730598,0.9809491268110448,0.9763496644442483,0.9731031810292381,0.9851319133737027,0.987299645357728,0.9796069122346877,0.9860935116094076,0.9857191091586763,0.9839339109352803,0.9816588212977745,0.9806730867038659,0.9786354094354293,0.9791110846601006,0.9831526021670469,0.9721931407570031,0.9656031692250153,0.9435091031397178,0.9298852183712705,0.8680434784124348,0.8916713286709497,0.9683568587476843,
pre_model_seis1_20250816100516_57.dat---0.9738196133315679,0.978875593962166,0.9799088553681723,0.9598625913962218,0.962466186585912,0.9231873616426044,0.8962225352756265,0.879864877988972,0.8560068066346845,0.8171878793685804,0.8791834966003201,0.9507482776278123,0.9510860549309128,0.9627453761040342,0.9752350654131403,0.9818820201763053,0.9835623957442017,0.9781245417778504,0.9641725617654389,0.9708035752177652,0.9680871087156763,0.9566905151425943,0.9514521296214383,0.9458778073695396,0.9450790240409876,0.9203887178303373,0.9311746336812764,0.9339376976212603,0.9429916185765322,0.9243408588396962,0.9490304639082026,0.9465887881802065,0.9297184071295825,0.9373742516626332,0.9531633497995907,0.9442570920889303,0.9610905658816498,0.9671766495547243,0.9654129845526945,0.9704536597124962,0.9676886698259701,0.9448029429426416,
pre_model_seis1_20250809165439_336.dat---0.9658321616819949,0.9798490641335444,0.982260814493944,0.9805297371638061,0.9777829288648519,0.9867059460059403,0.987578698553137,0.9827219160769496,0.9794253962420123,0.9826047604390655,0.9845781175801838,0.984342842912962,0.984598893762302,0.9857656487927555,0.9825517487049139,0.9829083324084533,0.983980013255242,0.9904423326758895,0.9889407197329233,0.9872925602874839,0.9849833013409792,0.9742769351539877,0.9683278277748758,0.9516436468625185,0.9423848438106082,0.9374426299304599,0.9368526248327429,0.9362661803007534,0.9110791479583925,0.9292139233808769,0.9136597001025931,0.9357158920221849,0.9275861670134442,0.8693548750371776,0.855177663494357,0.8418700584574551,0.8234551671435862,0.8209072006916123,0.8104490920931448,0.8095313177029788,0.843831580441569,0.9410903026662106,
pre_model_seis1_20250809165442_283.dat---0.9932903223862134,0.9914970829872568,0.9934983407864892,0.988142708529988,0.986141622313687,0.9908333017996952,0.9845352881284144,0.9867101748060755,0.9922894533155749,0.9899366031143855,0.9903861810953449,0.9825631796592414,0.9788831926703119,0.9689390659185084,0.9842177940164253,0.9814169164192555,0.9879311938101136,0.9861787820478877,0.9914069175119,0.9936198464767111,0.994175909583174,0.9891030952820209,0.9879193530784469,0.9832434484380403,0.9884625901122167,0.9891069909683553,0.9892220777496891,0.9839983127765327,0.9791355263751881,0.9736085827483532,0.9779396501701187,0.97833116946069,0.9844922693919064,0.9814012347915687,0.9872142579227684,0.987448957949979,0.98426758792596,0.9884872673542894,0.9893957663187929,0.9910067805097329,0.990681462636668,0.986367323398487,
pre_model_seis1_20250809165451_786.dat---0.978258317594882,0.9768426607145722,0.9687181201390498,0.9761279063855569,0.9696429871204126,0.9679938375268861,0.9724907230116124,0.9791137291568655,0.9819395692869297,0.9802793298640834,0.9772128542794338,0.9827041068231142,0.9864223941855972,0.9843039312270617,0.9797789761637544,0.9861370487085691,0.9858740934421906,0.974100989090754,0.9872090067358027,0.973959182619953,0.9794027741044485,0.9724261920005404,0.9681972622014982,0.9706078941884602,0.94650207185972,0.9443929653745246,0.9469429897377817,0.9505779534581349,0.9539687671961642,0.9537560606563237,0.950256198660931,0.954028859626636,0.9469965657758905,0.9327328834937908,0.9539888189934033,0.9620000319696939,0.9825302377350638,0.971402393986169,0.9659519242875239,0.9643129485023972,0.9527961082892127,0.9681190650286682,
pre_model_seis1_20250809165448_789.dat---0.986577621855762,0.980426785693076,0.9759664677437753,0.9778187575821721,0.974407274926416,0.9669769947744622,0.9345287390505154,0.9450993999891235,0.9694578901433918,0.9788876182958127,0.9786581441333213,0.9788155404737149,0.9776088473705276,0.9885042961899511,0.9895131124536305,0.9854987291469417,0.9865635380495867,0.9902240508755212,0.9927467300637881,0.9922891718947366,0.9922598985181341,0.9913457188341289,0.992315474975287,0.99141734917574,0.9909991987995832,0.9873907859328682,0.9872420755153263,0.9843506182018134,0.9828184425482708,0.9814847719686629,0.983936260472842,0.9832271431801264,0.9853394648581755,0.9837038947141156,0.9845275896775477,0.9825297767190193,0.9836655454581814,0.9807388783010441,0.9790069406618185,0.9809460791297608,0.9830295604374305,0.9815328092386855,
pre_model_seis2_20250809163918_171.dat---0.9752005064137101,0.9684541188108805,0.9757781354305609,0.9706141271668011,0.9744765074274565,0.9709195032304612,0.9784360418654552,0.9641824227023303,0.9804961671601345,0.985730342539572,0.9867060531551175,0.9812183670688112,0.9776877116657942,0.9621738885640725,0.949211461340682,0.9203925487646684,0.9039172429950286,0.9016523422287919,0.9396880858347866,0.9543956341702191,0.9413655839100402,0.9493489600409502,0.9374878922488545,0.9075645622544156,0.8900364335301227,0.8456630751497757,0.8405619499328767,0.8253404106988566,0.850690524952375,0.8380642918193785,0.8370151011671279,0.8250963290410136,0.8612968403979202,0.8566093817614365,0.8519871304061336,0.832721730074858,0.809660444859401,0.8531681741735868,0.8664116642613465,0.8884025034163309,0.9189169427935192,0.9133839301323332,
pre_model_seis2_20250809163924_212.dat---0.9682151374705769,0.9428472835957005,0.966414665806251,0.9627207860073123,0.9448246348281653,0.9331325378386949,0.8629942418026838,0.902603902999047,0.8516364970976903,0.8343026033344408,0.8386089103349302,0.9033136306953078,0.9015692475460605,0.9066477099533405,0.9004148823563448,0.9292557020765452,0.9197109911260061,0.9129823650615662,0.9112604431545192,0.9131736086170488,0.8964888105567298,0.8701812280704363,0.8774005829342835,0.86960409653535,0.8558632499763466,0.8582624463873197,0.8461664380601076,0.8610668864333931,0.8699842910681046,0.8717493788618096,0.8716332092839179,0.8649884425592471,0.7978667348219363,0.8311034987869881,0.8350477189574625,0.8317782266805118,0.8161611032320892,0.8808106705247096,0.8942000794827396,0.8941331240221104,0.9207009637966814,0.8858980722618173,
pre_model_seis2_20250809163927_793.dat---0.9752308652446506,0.9805184763269646,0.9730983241299885,0.9678547579398776,0.9713640254311554,0.9748921905155375,0.9732134093165508,0.973511478230637,0.9747663545653443,0.9755035379093836,0.955750228378228,0.9892216947730345,0.9867430994579497,0.9766260814448845,0.9929635859637737,0.9941182184605635,0.9902716177084694,0.9650263850366827,0.9698830995506912,0.9753096845382762,0.9720724584593319,0.967275396608292,0.959569691709012,0.9734454453377339,0.9865506959328811,0.9909211993480442,0.9879192100296744,0.9901737786790403,0.9893972719685799,0.9796183137253446,0.9829347731897256,0.9730343269488407,0.9634649109068045,0.9685515670983215,0.9447161498454708,0.9581720146091662,0.9411642533763186,0.949914933933024,0.9367869780078372,0.9490684639416117,0.9361918392421373,0.9716295314102402,
pre_model_seis1_20250809165454_557.dat---0.9465081949067096,0.980455513462166,0.976246298754433,0.9608371082705898,0.9446299740706464,0.9610012919809334,0.9388547363081413,0.9187993831566286,0.8706005936841136,0.8804209739199217,0.8659847927076444,0.8971552852725,0.9144205687369732,0.8909164669990008,0.9046844414204129,0.8695444122067735,0.9037816696158437,0.9065131176448221,0.9061509585227226,0.8819221243893282,0.800112909067189,0.8484937802092566,0.8188130319395316,0.8284764991440641,0.8371659546523518,0.8574672902273819,0.852661257355353,0.8115251171658652,0.7671836725034785,0.8325837537515631,0.8379074154457788,0.8394590639119909,0.8773520845458886,0.8699179922657526,0.9121763499771317,0.926192830657925,0.9324283341903401,0.9293631199888271,0.9123519875021004,0.9337076086093477,0.9381358062555843,0.889826921107244,
pre_model_seis1_20250809165457_281.dat---0.915019956731902,0.9217325820129378,0.8887939420660645,0.9266583107220454,0.8739696059134641,0.8692545298090163,0.8863024934475388,0.8491170630613366,0.8990116842126304,0.9393358113182734,0.9152453161670491,0.9199973377228459,0.95094580925818,0.9777524199614008,0.9808364245924184,0.9682977550168114,0.9729429069207315,0.975005439349092,0.9566924522931405,0.9662183990632734,0.968182398698226,0.9704179423513937,0.9667656239832103,0.9637278880207283,0.9808135338090108,0.9787476965117219,0.9723114876434615,0.98010867743712,0.9852901704618056,0.9773507434958377,0.9880277555477935,0.9874106199637973,0.9821762147754329,0.9736932247554022,0.9860755058170387,0.9829452968741922,0.9682369406946626,0.9700090455465471,0.9736688064271817,0.9619729001120797,0.9699452793076205,0.9522197071188881,
pre_model_seis1_20250809165442_696.dat---0.9757788233742911,0.9747772525607494,0.9817278390628414,0.9795561347015898,0.9785195158963308,0.9802580763988656,0.9540240956814948,0.9696099798603919,0.9544110017124294,0.9602272281676028,0.9660263998407352,0.9860932705607055,0.9814364544168781,0.9786787080235256,0.9849121361983298,0.9870499670567475,0.9862551331932005,0.9845714639200279,0.9807633229112487,0.9682492412303326,0.9674345245239798,0.977883491298971,0.9801273984525289,0.9786375858926246,0.9734317301455754,0.9737671373527115,0.9740370104468475,0.9747348576525565,0.9719423681947236,0.9558938901615351,0.9578523966011363,0.9606219402182539,0.951082937714138,0.9507010703545985,0.9545878622293028,0.941816485354914,0.9536805159678418,0.9452066503729297,0.9410471811447249,0.9567508622728669,0.9555336326483684,0.968529209116328,
pre_model_seis1_20250809165439_242.dat---0.9843649717403682,0.9789810308177722,0.9819123334285887,0.9909097928984961,0.9898051291310059,0.9927239418987328,0.9925944301507454,0.9957441383529898,0.9942091998522931,0.9943705087531299,0.9936349664804609,0.9929087491449663,0.9920467307237549,0.9949095211946783,0.9970276099660357,0.9970111338856115,0.9944428499149304,0.9954084506628157,0.9943385445328516,0.9890628821535582,0.9815947626667216,0.9693176085109497,0.9712348955728227,0.9763345413884952,0.9797333376858662,0.9784253980877529,0.9801493634065982,0.9730226221812908,0.9548813483270342,0.9455600411473388,0.9393604216331972,0.8996443813864805,0.9225449829318073,0.9078599003740263,0.9083841119032178,0.8839424305771661,0.8453112217564377,0.887665809252633,0.9012862856691796,0.9114148108492477,0.9047034764940425,0.9624092357923436,
pre_model_seis1_20250809165442_562.dat---0.9885448277873081,0.9709793714840699,0.9668937773269637,0.978245120319326,0.978738632554988,0.9591188900542196,0.957383715096762,0.9152297041000772,0.9238894648267443,0.9300632853294498,0.9342166288205719,0.9220423180332699,0.9669265118765948,0.9728958820291769,0.9746272845690527,0.9797259748771395,0.9815010532695494,0.9886033972787965,0.9950955675186005,0.9955107911979147,0.9902008383347517,0.9634054938848229,0.9476230536313318,0.9621103117720203,0.9678844090122035,0.9667895572136896,0.9571464887987238,0.9769311349548361,0.9722661199833715,0.9596854329109576,0.9802098608981158,0.9809833077572249,0.9776097417780619,0.9770688706015731,0.9701731130232538,0.9719670379400666,0.9745952584305697,0.9806441863361794,0.9754299566986488,0.9758147237255245,0.9799567313812129,0.9680177518882369,
pre_model_seis2_20250809163921_613.dat---0.9709664040607104,0.952301436783037,0.9767474381396127,0.9720925599454118,0.9728264367439236,0.9824414807779638,0.9770587866125937,0.9674139619463155,0.974361959010099,0.9878267677509176,0.9922605561425919,0.9935074139214662,0.9871116371599814,0.9842156192417822,0.9689364442583176,0.9631259540176808,0.9661297252126135,0.9696313351858094,0.9791483771346161,0.9660697432873214,0.9652250725546448,0.9689810128056553,0.9698300252365032,0.9693296334559512,0.9618352780383608,0.9480776604626748,0.9446720053266906,0.9606530160115261,0.9668537084877874,0.9658399303935193,0.9452367496683696,0.9621629572400748,0.9352998245263479,0.9142843251390625,0.9393413284850658,0.9024035713479048,0.9168306570232391,0.8598907967910058,0.9033244059974878,0.8341277818951838,0.7962878557181018,0.952064917900925,
pre_model_seis1_20250809165448_296.dat---0.9929324210864124,0.993363208471616,0.9878286342980069,0.988752905165538,0.9879030641586308,0.9786601864918268,0.97369615845329,0.9647806134736944,0.9416890740592965,0.946036701547311,0.9291270344914566,0.9642355032306558,0.9453116115054601,0.9857717071885763,0.9954710239865384,0.9934799715645533,0.990663573711761,0.9934746740673004,0.9924423370451172,0.9852384034131709,0.951869384090546,0.9726427360838358,0.9387421288550758,0.9004238548188106,0.9046632911835636,0.8706681861595331,0.9452840212816493,0.9766435160857331,0.9689980552751342,0.858680297470231,0.843927143456144,0.8718142501452726,0.8629440620343637,0.8593572331469913,0.8671423168100229,0.8460234873131256,0.8356748276850071,0.8949375055494949,0.9104070631904885,0.9359453666511215,0.961693586045055,0.9392522224571076,
pre_model_seis1_20250809165445_209.dat---0.9745897753126029,0.9785570662612462,0.9903358190372015,0.9915842580642507,0.9850045953377683,0.983092187145137,0.9871537097094742,0.9828719521395424,0.9853002350428318,0.9873843417019652,0.983373313187502,0.974871164669064,0.9721959330611264,0.9654185425023719,0.952681488619871,0.9411836008983396,0.9638832386522282,0.9733632925203315,0.977737336244502,0.9695844617884964,0.9597039935199821,0.9399756348904916,0.9500846060854141,0.9795727875330502,0.9795143626877272,0.9531582162586362,0.9568286807195778,0.9469389131000185,0.9519930654363186,0.9356435598516386,0.9174097994026971,0.9195277731380772,0.9195288078899526,0.9274734339358649,0.9301983640559205,0.9360236964647515,0.9541890080360593,0.9549948495768681,0.9689364610196801,0.9728078059669072,0.9736777960642863,0.9621548275007263,
pre_model_seis2_20250809163912_496.dat---0.951002678765945,0.9568138710248113,0.9483062629297987,0.9560433023211652,0.9495915148748628,0.93914540185691,0.9414620579333228,0.8936543270645422,0.8694895149391445,0.8550393946876019,0.8837928550437358,0.9250088518036326,0.9370873668288779,0.9629559827722048,0.9525568167120906,0.9672492923893672,0.9659504403225968,0.9566292813825619,0.9698226748716745,0.9628109520005937,0.9454550831551155,0.9555932262277566,0.9646035621286283,0.970596408921838,0.9696481531011301,0.9521092896241244,0.9585660105323515,0.9536061438373024,0.9539089583693814,0.9610609975874486,0.9565809260446051,0.9652885320292474,0.92335950726681,0.9215518127550436,0.9022165154611247,0.9281582982244787,0.9292487668315168,0.9406831262036882,0.9646852482035135,0.9761640325717991,0.9703425073235855,0.944093657242096,
pre_model_seis1_20250809165451_130.dat---0.9869220310716748,0.9826817059201576,0.9832578507241756,0.9798409752531229,0.9678711949749003,0.9630442460396252,0.9618421913549129,0.9596923963898017,0.9624465608686542,0.9765958215088241,0.9783162160644832,0.9800490937972574,0.9829327164772161,0.9658776933766157,0.9784898350628957,0.9767237374586341,0.9749664387410352,0.9801077114209403,0.9816298208409722,0.9693691282384103,0.9677500103639489,0.9598376258296687,0.9560182507376602,0.9609894712044172,0.978984366013204,0.9783224596022837,0.9644633822823239,0.9512411341934918,0.9620002730943474,0.9662118670237224,0.9562745429076234,0.9781852720148411,0.9775413181210516,0.971740229427983,0.9725663991956017,0.9731066345432646,0.9617247821156352,0.964382031983078,0.9577655679613071,0.9633247180569264,0.9735746413534361,0.9704551791124422,
pre_model_seis2_20250809163933_682.dat---0.9020749806222159,0.9053328305761619,0.872020114157743,0.890394540192377,0.9276868386242032,0.8852347820084795,0.9472846408796628,0.9524083142231752,0.9622647859478789,0.9605658508686306,0.9669269154525851,0.9824397571374964,0.9808304198285113,0.9950423247696023,0.9934743689365793,0.992459337752145,0.9728285670218657,0.9515170255814418,0.9847542372339761,0.9891049229573136,0.9726032795382387,0.9426737889190584,0.9543889790633614,0.9703193834179759,0.9787021856064495,0.9763184266019268,0.9646450860054328,0.9667676350199707,0.961316954765802,0.9643278182935872,0.9538276234784557,0.9695560437074082,0.9824344351313279,0.9867023146642345,0.9851315922766032,0.9707229353051589,0.9562861823155666,0.9549419154042842,0.9571854313293913,0.9565922469798365,0.9580527843924206,0.958491282853379,
pre_model_seis2_20250809163936_826.dat---0.9892295635439181,0.9832552686825352,0.9848144315085607,0.9887585338938868,0.9840105716549016,0.9763403389626957,0.9781301904464307,0.984111630817849,0.9625985269699078,0.9741720128956102,0.9759653636934373,0.9567523310025458,0.9731027807225621,0.9834771149610734,0.9965083339867213,0.9970720735434089,0.9903237093832146,0.964119461125875,0.9574883997570905,0.9608563197601826,0.9636111174914284,0.9668934248307178,0.9686935786059113,0.9539052142761003,0.948915110879628,0.9549480972308826,0.9558363775090988,0.9493147581509247,0.9390365563320372,0.9339778970190211,0.9165792085325779,0.9200055442309945,0.92037076353971,0.9525545383864433,0.9740277306541352,0.9721557279599425,0.9169542941349085,0.9173545952340482,0.9490878806023119,0.9217478613978975,0.9511495636762485,0.9611757755606677,
pre_model_seis2_20250809163912_448.dat---0.9885991148808123,0.9827963239358389,0.9907335041716914,0.9878258971732797,0.9910140443169927,0.9916534508261421,0.9922919897021522,0.990218353967138,0.9906812374408187,0.9842832688350516,0.9887206385383609,0.9883143676427257,0.988134268091197,0.9931061338081424,0.9939589354817556,0.9930895856233036,0.9895829831670119,0.9836466772179219,0.9795459673538559,0.9657519521230354,0.9639036988271622,0.9780545411652896,0.9710973156870844,0.9756517119203264,0.9719864328482425,0.9796752580152349,0.9705353498228649,0.9690430357247533,0.9607100591999214,0.9407449721871006,0.9474200578699334,0.927902437093723,0.9180795955250048,0.9152875827249506,0.9612480356994142,0.9474251798970053,0.9389053811165591,0.9484448948201789,0.9054693776527227,0.9520413399240487,0.9423037899768606,0.9692653351706249,
pre_model_seis1_20250809165454_823.dat---0.9910258018632427,0.9926930600829289,0.9880967473092243,0.9883013030302801,0.9784504789181235,0.9906336680431417,0.9880155418211717,0.9829995413408305,0.9916281357431301,0.9925547082231942,0.9929054946391723,0.9928071196647735,0.9955755485192996,0.9995034555232344,0.9979814397339619,0.9981011451145766,0.9944387946302706,0.9893775383107699,0.9771500494692521,0.982564595029636,0.9818034067823033,0.9859751793299133,0.9828032457799855,0.9835026521315765,0.975377810613164,0.9872460402521086,0.9883273274790452,0.9931164040332586,0.9916942843677797,0.9922381927423087,0.9925529053872385,0.9865187946543108,0.9912110819822874,0.9841143776315145,0.9871062178219594,0.9838874234901338,0.9782202336611623,0.9840416869121233,0.9724231451277988,0.9776452930527101,0.9783268653669818,0.9873887008685336,
pre_model_seis1_20250809165445_651.dat---0.9924768600741186,0.9924799278416444,0.9928969785257958,0.9935063746459367,0.9940406218709295,0.9938341337287271,0.993282707835419,0.9940620304295138,0.9921865824715709,0.9918848327534611,0.9911629864447831,0.9873637919329958,0.9872345603854779,0.9895033873489395,0.9940511250383677,0.9983079193599677,0.9980482199976825,0.9950532179919028,0.9967088190035667,0.9957409551456916,0.9910985772609354,0.9889047799772932,0.992075913806752,0.9906401020867399,0.9803251780110981,0.9820838566577149,0.9785957651336914,0.9812890999498204,0.9811161871443291,0.9820016283926581,0.981547199570694,0.9822721590916461,0.980903078126236,0.979035736977297,0.9750604281344205,0.9624830246436702,0.9735763354953365,0.9700490635590183,0.9816133538882342,0.9725017723043269,0.9623345054450312,0.9861788726459373,
pre_model_seis1_20250809165442_77.dat---0.9804062984727558,0.9888821995702125,0.987740886439944,0.9887478491063286,0.9895750978210504,0.9927607289303654,0.9921877847110694,0.9898557955603091,0.9868292320657406,0.9751602454545982,0.979050409848319,0.9834522689483423,0.9854359815066,0.9901965361554311,0.993380008009062,0.9943420472173815,0.9941935649296841,0.9942964466782944,0.9943804211463415,0.9949770527512025,0.9937905207924763,0.993811750612593,0.9942653605419364,0.9910748571744852,0.9906168388723116,0.9888185535957198,0.9887130269835148,0.9866829115722155,0.9859756731975089,0.9838335906510629,0.9786247621175415,0.9801756427613533,0.9770720359026814,0.9759368235295962,0.9652071865795252,0.9727985774329869,0.9698612015960496,0.9762585791689571,0.9817631907930152,0.9796245419886648,0.9771513988689753,0.9855587287818587,
pre_model_seis1_20250809165439_482.dat---0.9552510099956597,0.9414224926978026,0.922163477713347,0.9427250372601713,0.9153265431565827,0.9260914147042795,0.9248970972557756,0.9549992506315252,0.9681828580358206,0.9782659945492082,0.9628590917914261,0.994907744841936,0.9927652938575267,0.9841271926206852,0.9854532972055045,0.9885097726099824,0.9843083871651784,0.9823345120875749,0.9757718778845402,0.9729840090580198,0.9565209208378509,0.9638362722881316,0.96999758051289,0.978348023185885,0.9636244353016351,0.9680522895808866,0.9664371216203225,0.9750201465407083,0.9745917436967395,0.9709455523306928,0.9682831191241624,0.9667238462407022,0.9686348872970943,0.9723927537815935,0.9743280416972027,0.9768906146372063,0.9776610587153296,0.977225327441359,0.9865489383426702,0.9811475462964819,0.9817565077645288,0.9676173922526004,
pre_model_seis2_20250809163933_653.dat---0.9680324356214394,0.9659863524524344,0.979602725941541,0.9739447959857003,0.9756948133055916,0.9752148788099111,0.9775011193590368,0.9616894346447913,0.9261316003489758,0.9194904517570153,0.849023450885272,0.9258235110884769,0.9550796100111397,0.9803122222082964,0.9830999258515165,0.9908255158591516,0.9840235434167574,0.9828972632264452,0.9761472430546821,0.9696226967458367,0.9613130361254274,0.9508097061035296,0.9563712909383165,0.9383248399765347,0.9601806244239088,0.9585910607645067,0.9557227102069751,0.9558353616790864,0.9399072658375839,0.9231453128711479,0.908367545407839,0.8632121838640938,0.8309878856926047,0.8392613262668667,0.8344699417549191,0.8887766239069721,0.8733435375090393,0.9078607628856757,0.9088017078946427,0.9253159269453762,0.9156080056419472,0.9369841523724634,
pre_model_seis2_20250809163939_448.dat---0.9072557744764469,0.8450811620000485,0.8409741398931853,0.8321179416823603,0.8461176413394822,0.8079357155309709,0.8905030761957144,0.8745217210136313,0.9507074790386604,0.975334481295169,0.9916390207287272,0.9978667402377237,0.9978715135854382,0.9937004284417739,0.9831864609559531,0.9784674023914092,0.9810851773845063,0.966722699401951,0.971968014298465,0.9737673802158725,0.9490744589439363,0.9499307236442351,0.919938513017108,0.9474660440519832,0.9388402329682671,0.9268513938558033,0.9401708347753757,0.9405133550383412,0.9340031931895177,0.9402051059067041,0.9236718109157108,0.9189634378416479,0.946531525821442,0.9462899522714018,0.9726406667049678,0.9754174525124663,0.9636380996668976,0.9616390353818163,0.9599038529846531,0.9565632099357194,0.964324298307897,0.9386195406791066,
pre_model_seis1_20250809165445_10.dat---0.9803732397659934,0.9877551561239478,0.9878528782580835,0.9730558834846216,0.9776456279794821,0.961857106723865,0.9380049752418218,0.9141916999999891,0.8398113162822916,0.781035303106871,0.7212493699606011,0.7252931254163621,0.7098435022196778,0.8736644292839268,0.8983181422847016,0.9395296549845058,0.9169850603018141,0.926098260383583,0.9381835949686708,0.9116687855392258,0.9310414744582707,0.8997695615663841,0.8526594316738504,0.8605239903184811,0.8798417160150541,0.8676996625749919,0.8668800266781842,0.8460518340993691,0.8222119828714732,0.8969309294207475,0.8650543809822155,0.9261509647814119,0.9258495799720113,0.908815579353686,0.9350314943147899,0.926446446632153,0.9317385254546828,0.9423675126086494,0.9489964859163361,0.9627215808185636,0.9616195671901477,0.8990443863417439,
pre_model_seis1_20250809165433_621.dat---0.981208731539365,0.9847501874804152,0.9858800334572239,0.987644689591738,0.9892183106559406,0.9897343983871968,0.993116517048791,0.9942288243155714,0.9931938176853746,0.9919007317573556,0.9880881173044873,0.9908013313069302,0.9911429914312146,0.9935500944311295,0.9935832715868319,0.9953434214508391,0.9972854834060287,0.996461184955358,0.9959051889972775,0.9812701437213212,0.9797776941857378,0.9683433757025515,0.965056438738513,0.929052037592254,0.9187494020979532,0.9054305848634895,0.8565593616548124,0.8512813953234866,0.8945763877969272,0.9224521127125708,0.9351441969915617,0.9306407091913982,0.8899429966380223,0.9152771103809896,0.9185722525196877,0.8811413176735051,0.9079640214188237,0.8823104221623604,0.8826689627633754,0.8715692824115105,0.8545426116684383,0.9481795157316674,
pre_model_seis2_20250809163924_148.dat---0.9771873750355862,0.9831207320487165,0.9828138853218048,0.9737277318201105,0.9722566804369585,0.9701220137579365,0.9684889080429965,0.9629927434669022,0.9645144346140847,0.9585479163499298,0.9327233951320181,0.9345706689440335,0.9373860871625181,0.922112025958919,0.9341092483659683,0.9477797184232655,0.9433452523239573,0.966522829637455,0.9605346532460912,0.9616151641217121,0.9736211045613383,0.9741527827393467,0.9655863203672994,0.9612297835331027,0.965992625757352,0.9654540675133778,0.9604853731844343,0.9589500862195746,0.958410098000534,0.9582327078765405,0.9565853281226878,0.9583831106513843,0.9627735103648658,0.9600510260703013,0.9491674433665647,0.9365358280120446,0.945732920041251,0.936956322559295,0.9451612400301829,0.9412054739601728,0.9346235690324606,0.9566771264920751,
pre_model_seis2_20250809163933_341.dat---0.9819734516050591,0.9890470126866823,0.9931337048031833,0.9889844561916847,0.9875781983659842,0.9915731252760761,0.9931123714627353,0.9908587953439534,0.9872723548879198,0.9768627316818075,0.979489397402461,0.9728180377747526,0.9715609199076002,0.9794209094208017,0.980840373327476,0.9871804493715048,0.984341693745318,0.9822024473267236,0.984416240924629,0.9881754336916851,0.9882695655755512,0.9784653737102115,0.9866224072189762,0.9822367967629715,0.9803937955187016,0.9756195227728698,0.9832064565202953,0.9847288998422391,0.9760850817231721,0.9670672873226926,0.9646207615454737,0.9593401855109733,0.9713548182559191,0.9671172743533302,0.9713683061983767,0.9727787210601555,0.975244852834809,0.9781882846032256,0.9777478489547888,0.984917197751968,0.9875957711951953,0.9805807637665835,
pre_model_seis1_20250809165430_813.dat---0.9885371031820235,0.9908446448169226,0.985354550246584,0.9890037851601682,0.9901704173223397,0.9880845171723924,0.9831328278062497,0.9718280195657363,0.9651378043992453,0.9707809525994014,0.9398664154012183,0.9759401672539126,0.9744339745411981,0.9748451989929984,0.9791306066025095,0.991842814048562,0.9865495799014712,0.9842018526960855,0.9831476324017525,0.9835631860553399,0.9814938322252212,0.9684504086285145,0.9612601563275163,0.9664213718951377,0.9625375744958058,0.9735307874791729,0.9724130480040641,0.9695861442932797,0.9696751618139617,0.9722216668166742,0.9692773968293653,0.9644489299794672,0.9512594726353831,0.944735192196089,0.9635617341581763,0.9660969306935495,0.9594781169064664,0.9679400568932837,0.9736283765072714,0.9774873525567248,0.9740113455221298,0.9733149050493505,
pre_model_seis2_20250809163939_168.dat---0.9947886595454726,0.9934956284594187,0.9914701309705896,0.9763246754651866,0.9826907794622419,0.9727103229888425,0.9609517467557288,0.9714588967251013,0.963833182773724,0.9789302806829494,0.9777097791677999,0.9724274788671603,0.9739910336265417,0.9608405153839631,0.9647622647304737,0.9542231882206478,0.9599279780457631,0.9610335960673657,0.9490086696709306,0.9345063639168278,0.9546068673962231,0.9333997544324614,0.9556436380985971,0.9613066167339563,0.9680193025012214,0.9650234379216204,0.9611362946758983,0.9492494328480943,0.9476777329009453,0.9264673214023639,0.8684715105889357,0.9213435419954771,0.949485295351267,0.9280368667351834,0.9140134515932212,0.8780649826610228,0.9056722795049534,0.8567924596534983,0.8229740135166898,0.8562657160025294,0.7654075007686084,0.9410766631416952,
pre_model_seis2_20250809163924_121.dat---0.9839466972957287,0.9814745686398287,0.9752464606673956,0.9732505792332123,0.9802548100140439,0.9749600262740085,0.9252111349318886,0.903774665641598,0.9032119235838134,0.8543430880178465,0.8763223970110352,0.8828648108412425,0.9097168306240533,0.8258310378502117,0.8759133486433919,0.939978314665863,0.9063735869719531,0.9469638849989441,0.9256870087307418,0.9297067368711768,0.9147686580140408,0.9157445932800911,0.9463358898613934,0.9527065535661456,0.937749543062043,0.9456306438426066,0.9335049176325999,0.9341846672874087,0.9338264949020034,0.8943160133937914,0.9203305686186757,0.8994458283992386,0.9649478180924786,0.9414952500076146,0.9793115076752138,0.9819697972120327,0.9428964769839777,0.9299576606996809,0.9427602597670013,0.9586298520117813,0.9545262124871645,0.9317090516659745,
pre_model_seis2_20250809163918_35.dat---0.9678322115897333,0.9759639111825725,0.9773182845651537,0.9823812071088492,0.985477268429379,0.9838055058656491,0.9745076858290367,0.9809037442025245,0.9818744822877423,0.9787318824613518,0.9796040481299862,0.9836158916273096,0.978237169314338,0.982446755067666,0.9626139682254571,0.9734577866137841,0.9969333379701063,0.9948955513186871,0.9977449132035242,0.9908853072352728,0.9825888098293547,0.9736152292934718,0.9791542038100998,0.9752231882354461,0.9733234469399055,0.9816373603604911,0.9858730817709661,0.9810719668688056,0.9706578084073477,0.967465214863441,0.9770469336591994,0.973007808140516,0.975291760922326,0.960172718917006,0.9772726071710868,0.9792836282789228,0.9810509015014431,0.9784243024922198,0.978424641219484,0.9792777184705237,0.9753336359217146,0.9788884848610219,
pre_model_seis1_20250809165451_829.dat---0.9814240088072932,0.9766978149501235,0.9843225175852697,0.9792372834148507,0.977988865489914,0.9810673353484427,0.9596346069638899,0.9573538198773335,0.9500763124444733,0.9681053275908433,0.9628521982255404,0.9471431073031987,0.9397457789090892,0.9529535665800465,0.9636594185148022,0.9771364600821079,0.9713296758975655,0.9729222199074979,0.9856860817968245,0.972282097788262,0.9657654900011428,0.9731795208799486,0.9713232090222327,0.9755647008901256,0.9696991412460381,0.9675894425048396,0.97171894313013,0.9638185290530721,0.975745161203462,0.9737556734812225,0.9742545064662395,0.9749002235100411,0.9758180478767833,0.9774995719587878,0.9731204140372662,0.9731070113909182,0.9722951059934087,0.97156579469881,0.963045916768858,0.960521463084273,0.9559334108446442,0.9693131652565756,
pre_model_seis1_20250809165436_581.dat---0.974305660905759,0.9826697582572466,0.9778624694844577,0.9722072424320913,0.9750249754955632,0.975015447273637,0.9711361831322968,0.9696874804340688,0.947910690985972,0.9575916788605452,0.9564934787144713,0.9495348464715755,0.9328684687815046,0.9283335203881107,0.8814506029661995,0.8212826080454074,0.8682259333659103,0.8679065907209215,0.8527107687695029,0.8644447663986435,0.8848827091547727,0.867573024961263,0.8836722684987026,0.8393913338957505,0.8466245878622267,0.8407241919901238,0.8719318910629937,0.8851862708544602,0.9218074545899547,0.9356313429193059,0.9658438650542827,0.9590739229017543,0.9138186233432565,0.8731871149931573,0.8942289537307581,0.9065751576587446,0.9404790974601738,0.9522674149310254,0.9538349648134383,0.9628544604834129,0.9668408704298086,0.9193437242310548,
pre_model_seis1_20250809165448_432.dat---0.9821143200194759,0.9881882575936166,0.9868857841943458,0.9828714446851399,0.988706085742359,0.9884299074620708,0.9810506467711737,0.986967041575862,0.9863480711707042,0.9875498846371132,0.9933774706035637,0.9934966342265171,0.9883073633890823,0.9845546674870366,0.9905335979599678,0.9955522472134432,0.997883688287062,0.9980189659109963,0.9979101180698963,0.9976564364258308,0.9945812736245148,0.9918065271572281,0.9921969458922237,0.9850417121758756,0.9859970623179471,0.9815814185897099,0.975853658331948,0.9856133858578929,0.9747482925647938,0.9555110599170595,0.9380520267835001,0.9373187686492266,0.9529175791188029,0.928023226196225,0.9096071118994047,0.8893225593169904,0.9096442308964777,0.9220734084934964,0.9175280970883622,0.8793591570368141,0.8958417603029507,0.9682688267228463,
pre_model_seis2_20250809163915_356.dat---0.9676732254573939,0.9757174333868573,0.9910321602184201,0.9815442590028277,0.9895089357984359,0.9781071288979548,0.9890992124261542,0.9860652910647152,0.9853676365667253,0.9777698073659823,0.9699500533122036,0.9615089342037593,0.9609233382313119,0.95568554353822,0.9734498388465467,0.9841896535532002,0.9778226336448218,0.984039682546641,0.9768137312759236,0.9711971772449849,0.9857257933877157,0.9778323003531056,0.9821342151976015,0.9876647833567577,0.9845496814691926,0.979047450021566,0.9495214345556239,0.9446002832799248,0.9310903225120298,0.9282833908414287,0.9142542493678911,0.9391618561528104,0.9507949146082303,0.9408564980804268,0.93270296696642,0.9333197437197437,0.9200121299295108,0.9056671657158447,0.8921905504368477,0.8608898244062212,0.8371819214871452,0.9564621256690029,
pre_model_seis2_20250809163936_331.dat---0.9929535659743625,0.9947878393808783,0.9950123501637839,0.9936940125230063,0.9966286640138285,0.9947338334279681,0.9948493094748804,0.9932113168775523,0.9935321664153307,0.9877345293596521,0.9867868595537692,0.9926069584291298,0.9917947642166198,0.9946318279343309,0.9957093618860269,0.995038725431379,0.9964882747179142,0.9926520039382596,0.9882549259656801,0.9889768252885325,0.9882529385889949,0.9913526702250074,0.9910527628133528,0.9887113245008378,0.9858375977700767,0.9861031907240446,0.9885734519149444,0.9797358117686956,0.9772986051592443,0.9745151046549965,0.9756515187561484,0.9714173371022167,0.9763294749101858,0.9696170726777151,0.9676406287641693,0.9571087589168256,0.9354243598555895,0.9306290704655295,0.8797985769533705,0.8478799372953677,0.8515801334874052,0.9749899620067707,
pre_model_seis2_20250809163927_331.dat---0.9613673172297438,0.9457580675050572,0.9776955301453157,0.9734327510248106,0.9699149009512962,0.9487265775224261,0.9626773330177402,0.9568243724447255,0.9454775547497978,0.9484470986129887,0.9525109947353643,0.9680502185413861,0.9580437936301822,0.9320625073052297,0.977729473799711,0.9723932492310778,0.9743717610930879,0.9687672192502929,0.9691524869056345,0.976632851129059,0.9765103917462863,0.9833447915830679,0.9689883293285223,0.9636922980569577,0.9674399192516947,0.9462481148368025,0.9330627567503015,0.9450168317994286,0.9466355159926084,0.943906809212507,0.9536883822078874,0.9594157296832666,0.9530750833894076,0.9484746138566228,0.9244374734602531,0.948621926534677,0.9518700914655809,0.9284313868026851,0.948217115978296,0.954015191503919,0.9486247745155199,0.956920819189786,
pre_model_seis1_20250809165451_843.dat---0.9941466301482236,0.9943555761045796,0.9935672791103632,0.9934852416774576,0.9896983720758821,0.9887940702792503,0.9869522438044923,0.9846197973490433,0.9851495349147413,0.9797466709897614,0.9851164032078188,0.9872214220160954,0.9881195057801813,0.9894559842179874,0.9882828887191285,0.9929793351019751,0.9970297876770539,0.9952967011858644,0.9912773230052128,0.9956030753332218,0.994730119130254,0.9905170887698982,0.9877400058385427,0.9774387875098676,0.968830611785587,0.9786695434121551,0.9719503088193245,0.9752837213807958,0.9629794115315101,0.9606858121443752,0.9566610331110016,0.9606515673796333,0.95298184627531,0.9561312632799396,0.9409552823449989,0.9303562557248103,0.9524034575254827,0.9451154865762731,0.9352118390549691,0.9324164905164053,0.9049452798236751,0.9740866598691011,
pre_model_seis1_20250809165433_467.dat---0.8950553213041644,0.9290739791659113,0.9238608812998041,0.915409014253984,0.9175758843929074,0.8858930482927417,0.9345648307228646,0.9455437440714137,0.907946890093425,0.9483858846231968,0.9676128030864849,0.9637395958505028,0.9723058345866734,0.9679911639997407,0.9677729983769165,0.9823674571430281,0.9832961306699501,0.9861574470127153,0.9844996896606426,0.9902297707649204,0.9816680484609098,0.9784558625776826,0.9769305418660371,0.9682660163379951,0.9703226655786626,0.9708090737018581,0.979701651362376,0.9810436954526189,0.9640695252814125,0.9719056729808949,0.9655456742576344,0.9550792121538627,0.9691121334081928,0.9663778306256974,0.9613469593950644,0.9709766245883007,0.9639610367154519,0.9589331466898904,0.9731776113128577,0.9657981339559535,0.9373745366663228,0.958539951774187,
pre_model_seis2_20250809163939_894.dat---0.9903363211228275,0.9834803489168216,0.9908725765118125,0.9834545467094288,0.9859042359417302,0.9790857828473071,0.9691969853514784,0.9654409466607191,0.9328424971040301,0.943280104220794,0.9610730990377269,0.968094849258278,0.9480032487930362,0.9775502149423969,0.9754513759099436,0.9685696370171133,0.9779726418999211,0.9827914794224266,0.9811380678169682,0.9787582572398668,0.9680272972640468,0.9646690954406663,0.9742166548875164,0.9597427918125341,0.9565862426763019,0.9614576219316117,0.9600577533889727,0.9548265458456259,0.9303660825120732,0.9360664027379482,0.947396786738486,0.9427313662051413,0.9584787788721825,0.9592677836118852,0.9600961173031367,0.9361724171987241,0.932010413104932,0.9172143119669572,0.869107498099421,0.8838942821714166,0.8556438304481236,0.95539822660835,
pre_model_seis2_20250809163933_210.dat---0.9887870043101731,0.983202210436885,0.9935076367632045,0.9906634099753379,0.990425871346143,0.9795994619750203,0.9854797573946837,0.9800830505342369,0.9683880468592531,0.9766882007473926,0.9686523391501398,0.9734286476992117,0.9854271990680024,0.9832727735716442,0.9888245636110047,0.9868365546463449,0.9984882937626444,0.9960789915206295,0.9831925829330627,0.9708948223322814,0.965712508044132,0.9529609406772164,0.976707515942115,0.9801561300460854,0.9869322272110428,0.9794257402352042,0.9673793952409694,0.9536362536569217,0.9524649074831443,0.9417987202094967,0.9381144551365397,0.9352218250440232,0.9651931117674405,0.9560121492261265,0.9598154172464893,0.958635230781832,0.9198311229932002,0.9112003237329986,0.9453315269522645,0.9570975160600109,0.9431578313829198,0.9687489333587186,
pre_model_seis1_20250809165448_281.dat---0.9762519543373627,0.9633630849692864,0.9783458475908051,0.9765508887230261,0.9656180026928551,0.9521263319861245,0.9458994788509898,0.9242366673029284,0.9188396336870535,0.9074369240451255,0.8778746012587191,0.9207317005897656,0.9444192629473356,0.9369771295160582,0.9641563670219749,0.9324899944710279,0.9769470396507183,0.9840276931282795,0.984250024354957,0.9730029960651754,0.9834629593744055,0.9761606772118931,0.9742108918140692,0.9547473904892437,0.9605980283494305,0.9311767430175407,0.9597657159182017,0.9646821795167754,0.985303277068321,0.9860564321232151,0.9890508121047382,0.9861388709151351,0.9787633721678438,0.9627118452973855,0.9409077710760205,0.9494090411373554,0.9376139623234097,0.9298166851090578,0.9136037608290338,0.8732694753387301,0.9056933708456236,0.952358265493098,
pre_model_seis1_20250809165451_735.dat---0.9859543580787152,0.9705976732687651,0.9707416848293776,0.976830197137792,0.9788064728955443,0.9783946744399991,0.9766537767540645,0.9600144590361404,0.9673622587300466,0.9656108454449601,0.9669617689934554,0.9687054475788034,0.968322909348728,0.9786135756460964,0.9873510198617291,0.9882000312377252,0.9947291977028372,0.9915400718161193,0.9872504679807727,0.9833034058532247,0.9878102244373869,0.9807543093547437,0.9601019547517081,0.9210735580694709,0.9246526689353183,0.9176971998757603,0.9539027504922639,0.9584162800086947,0.9625451834661441,0.9714059522674429,0.9755414018519469,0.9792012465192068,0.9730408366979363,0.9753657135036273,0.9830464171817621,0.9798420893847075,0.9804374182471941,0.978676730134686,0.9729547986938707,0.9805000386382641,0.9786764296213832,0.971746036555327,
pre_model_seis1_20250809165445_132.dat---0.9935194761181119,0.9927886561980604,0.9883221707500148,0.9917845993909962,0.9948144383243577,0.995653581658133,0.995930678479617,0.9968559492182902,0.9963588499701701,0.9971364099962307,0.9967302506975187,0.993194626101531,0.9916549436340637,0.9921028254406044,0.9929418161220895,0.9951204929830401,0.9952109023977226,0.994930758945661,0.9986126306093893,0.9973540615926187,0.9963266533881998,0.993644487652204,0.9900614255731598,0.9933574639897877,0.99477826272584,0.9879590079972037,0.9763934695133026,0.9753723763573927,0.9789418519059752,0.9630163477322253,0.9598736879814304,0.9476005144695369,0.9563716282857537,0.9621286386698357,0.9544183994601472,0.9515968417583649,0.9633263458055978,0.9352521335702342,0.9586993733061903,0.9627505564775765,0.9478275569113095,0.9814808571258412,
pre_model_seis2_20250809163921_789.dat---0.941624322087255,0.9210106846249381,0.9014970428368411,0.9084062091517139,0.8999601143117077,0.9516924142180723,0.9198306571386281,0.9467130393368303,0.9571022800014043,0.9533724983377527,0.9614908755698083,0.9664848812285292,0.9796570990712495,0.9902491184216782,0.9961601786156918,0.9751348906298817,0.9590403323450307,0.9725912758174735,0.9814375696198608,0.9663744131924711,0.964855332733038,0.9511702227572841,0.9424745547578697,0.9482320982942282,0.9466564446479797,0.9154511759248344,0.9110690961832825,0.9209583716613038,0.926409539272917,0.9232062393544713,0.9450327962762598,0.9370743225319178,0.9359833052734343,0.9349607403874065,0.9279114413396866,0.9496894536079631,0.9557685497362124,0.9595229237631503,0.9465003913175879,0.970858575437381,0.9733898311232907,0.9472440317789835,
pre_model_seis1_20250809165448_708.dat---0.9436491696786575,0.9361370543517873,0.9420904805990016,0.9172192422677227,0.862940619402068,0.892946728596918,0.8932543421502324,0.8619436476208568,0.8837701603664533,0.903206147226017,0.9585987522807041,0.9804390922449299,0.981052745247358,0.9753760914347774,0.9804023230095394,0.9823602799310661,0.9824645442584783,0.9907387406813399,0.9882193550652261,0.9790253632733037,0.9823911386468174,0.9856841646731919,0.9837016555660087,0.9788707524792717,0.9749951598041002,0.9734148146813277,0.9617638257782136,0.9603410441034408,0.9491896319832074,0.9727897313661513,0.969105255210345,0.9458560068178304,0.9008261917782394,0.9232144326552415,0.9543542835360035,0.9404361943682814,0.8397527021360962,0.8167636607631753,0.8183193344083324,0.8284965713033426,0.8597354408978626,0.9355082164059246,
pre_model_seis1_20250809165457_418.dat---0.9766026896136026,0.9825365979076505,0.973623778834088,0.9588186142509401,0.9610992897284348,0.9594886437595633,0.9518574694097198,0.9470248561297153,0.9178540477691416,0.9393908071729915,0.960570714034932,0.9716965243096595,0.981959546927725,0.9833398171835018,0.9920466171779095,0.9929975391363387,0.9893600971324924,0.9730123096580544,0.962356406503008,0.9550518343024996,0.9696522232654893,0.9591399168883842,0.9562824111220318,0.9336802781709275,0.9643603032460848,0.9695572578877374,0.9763431459222204,0.975426101520928,0.9742184020614028,0.9624904310510166,0.9702523986093862,0.9611703155339887,0.9526029684176821,0.9428893194552066,0.9286952604908513,0.9312503425887946,0.9536587975181886,0.9492172247162947,0.9387313192093859,0.9689796901789824,0.9661117912235744,0.961838978049281,
pre_model_seis1_20250809165436_665.dat---0.9636225968728698,0.9611648910832475,0.9769809481543079,0.9868109276750765,0.9872947013069355,0.986187426887384,0.9887217195732338,0.9900180368890864,0.9813157414352436,0.9889313394649488,0.9873222441939185,0.9898844853654828,0.9953044850149912,0.9952243509769242,0.9909753056656345,0.9850258642916048,0.9866050877047123,0.9903911303294104,0.9912868406242547,0.9912670217083834,0.9854397696883113,0.985878887154699,0.9904042388817293,0.9889313638168064,0.9857075766076502,0.9801414111324633,0.9816375795452973,0.9778326747525781,0.9795628931051378,0.9737843898014003,0.9652810462349077,0.9681395318751542,0.960463730614115,0.9671970924636654,0.9693941648254537,0.9752948805929685,0.9800090501590956,0.983297736905459,0.9839644055413507,0.9820287351174347,0.9829174744087777,0.9819913116693196,
pre_model_seis2_20250809163936_757.dat---0.9789429580571494,0.9827240733891003,0.9830609889733212,0.9820387696332583,0.97209301518296,0.9631748810827689,0.9639502054159058,0.9406543439663502,0.9435836447060421,0.9098619127630085,0.9373119128854908,0.906875418438732,0.9045245139725185,0.941292215827698,0.9681481582957157,0.9865622885521691,0.9895188133453631,0.9918773028172272,0.9838631872748065,0.9903272894171276,0.9926759005483493,0.99040425602229,0.9847767171388487,0.9835448292031106,0.9777203152698473,0.979203181957052,0.9763698697471108,0.9596863050037276,0.9579674577347398,0.9593470738873735,0.9441491980357313,0.9463053955910325,0.931228270692382,0.9649191879586616,0.973692743519444,0.9811055502762627,0.981405255022106,0.9665970804203288,0.9641770306075939,0.9365451531054078,0.9436908279052305,0.9638023778937399,
pre_model_seis2_20250809163912_690.dat---0.9792187673446457,0.9844827732674013,0.9662417623992654,0.9729043429564413,0.9619059279170128,0.9679770595715396,0.9679833625418374,0.9598406323503371,0.9586807248481446,0.9689021654647632,0.9634573052947328,0.9688297235497669,0.9657475692023684,0.9746514215948672,0.9645869675115061,0.9672181201850517,0.9580644638675855,0.9648941213129014,0.971508648069963,0.9673667920271808,0.9704121842191187,0.9672636175052304,0.970263788851311,0.9700414928324634,0.9722552917067219,0.9742953601110075,0.9578908932195213,0.9558582289185897,0.9638673012533985,0.9670308137449427,0.9713275036243314,0.9671315460429584,0.9519172963751955,0.959447838859912,0.9622083513596693,0.9524623214706416,0.9614284218560857,0.9653614251479592,0.9512397394222507,0.9593992633277485,0.9738256496458578,0.9658388044090788,
pre_model_seis1_20250809165457_402.dat---0.9803187384675689,0.9813995260416907,0.9888564968917954,0.9884070076047298,0.985765204638647,0.9751224776669594,0.979427449558189,0.9729734455460207,0.97832865936055,0.9810026503888932,0.9834385242103297,0.9884986103824006,0.9864579222359237,0.9810153665080381,0.9935507029739615,0.9572459632140232,0.9738196737320417,0.9684153166834572,0.9672314238931096,0.9688429419329965,0.9635648463791721,0.9883147617430587,0.9752623409136884,0.9486989258303038,0.9421368800515959,0.9230409859262153,0.8676700653433603,0.8313594381298322,0.8421856781729148,0.8066177691766369,0.847403592944002,0.8098519159949648,0.8632588389001077,0.939527704891138,0.930913860919961,0.9590885621015545,0.9403631665366315,0.9573366489361814,0.9571439744521608,0.9573360256531519,0.9599272502278087,0.9461249106135552,
pre_model_seis1_20250809165445_254.dat---0.8967211795595286,0.9377757453377651,0.9271709925618137,0.9277604797217248,0.9700621341825227,0.9752320462537122,0.976997770445295,0.9791589150400496,0.9510809767794298,0.9811269705873528,0.9803399316831121,0.9785524476838203,0.9841651366614709,0.9885477790844092,0.9675938664137637,0.994875406728016,0.9803612730181189,0.9490241398562412,0.9575790226603186,0.8991492229335728,0.9473974671808517,0.9365548091729361,0.9030404470411848,0.9235556047063295,0.850778216627634,0.8951765441767935,0.8774406160353213,0.833259537825493,0.8478603871019045,0.8275165775577008,0.8686697778218908,0.8340332651329393,0.8352195134812139,0.8535203620138588,0.8918676613534859,0.8851974358925585,0.9117923794029231,0.8813978350874194,0.8825499058508663,0.9247033942080284,0.9460856468920217,0.9209973858964732,
pre_model_seis2_20250809163933_779.dat---0.9826019786474568,0.9574013994980457,0.9730425841613526,0.9748372554775185,0.9625180376344158,0.9524405390186577,0.9641151829997757,0.945027563980609,0.9621925979780391,0.970086291917193,0.958845847033389,0.948976369868591,0.9681353633513381,0.9614293070045867,0.9716799408062499,0.9806176853144275,0.9821711744962133,0.9874730610308223,0.9771449719334541,0.9498230537704946,0.9584225005333457,0.9520965188655223,0.9472904725868612,0.9557257268148429,0.9516654216106759,0.9324511285032562,0.9386538349403807,0.9586007676267976,0.9533547079505992,0.9659696810828992,0.9647067092972272,0.9603980481549592,0.9552674562643666,0.9474263709435843,0.94299921967994,0.9454457979901972,0.9375985483740686,0.9239138350546526,0.9408468653831334,0.9079216218768884,0.9200858710037699,0.9558878368405027,
pre_model_seis2_20250809163912_361.dat---0.9825723598685754,0.9875092062385095,0.9850274498525199,0.981625131134437,0.9898033058000573,0.9877786795415514,0.9797865709263373,0.9902293913811125,0.9863938282643,0.9819723313266433,0.9837014827468693,0.974371836254844,0.9753810652881757,0.9851832791235277,0.9860058060358403,0.984088155525907,0.9823202349666077,0.9772032577079726,0.9699993507577929,0.9736411720326955,0.9692055200176029,0.967572086087851,0.9648035502263971,0.954202315986685,0.9724652088639691,0.9486595381382661,0.9325337335941002,0.9329490287608928,0.9318489713320124,0.9007863196555406,0.9225416217108132,0.9058785409051165,0.8975713870599433,0.9000513926398198,0.8895514030988869,0.9233129604976822,0.9032500409594092,0.8988304829244762,0.9257019040111987,0.9073588960432312,0.928679831146124,0.9542036250837633,
pre_model_seis2_20250809163927_671.dat---0.9800879495601864,0.9857595363373911,0.9874229633896316,0.9827534844851691,0.9855074201161773,0.9812905469108945,0.9842424147033726,0.9789949656271427,0.9774438124270712,0.9802029813633522,0.9812506366428903,0.978117613417389,0.9826323725716325,0.9864953820127866,0.9932240035461899,0.9931197882201686,0.9930982311729781,0.9898988425764051,0.9929883524600116,0.9948992100352185,0.9888642834784019,0.9804280870302952,0.9716142225037878,0.9684636068824212,0.953706307871352,0.9394722896578968,0.9122422579135225,0.9034646897691773,0.8622135026947922,0.8705797840397214,0.8908545810891448,0.9067539475640839,0.8846816944461324,0.874949920217517,0.8788078191199494,0.8863589079162284,0.8507250605514565,0.8541850010085466,0.8684758741692837,0.8399581501773478,0.857354065052119,0.9427703551397373,
pre_model_seis1_20250809165439_679.dat---0.9902078809380181,0.9910984530845335,0.9758311964467714,0.9770752443539719,0.9821026440770246,0.9872270904417862,0.987165536015132,0.9831252341027894,0.9909856092391482,0.9926848279250641,0.9897467989882088,0.9805263895558266,0.9847747836261213,0.979788773295565,0.9835564953583188,0.9814853966187066,0.9644319884008535,0.9664266631077688,0.9676449379364361,0.9492633922075178,0.9303640710976989,0.9141065471333872,0.948744526996465,0.9421040532867836,0.9608119976626884,0.9564536997108993,0.9626421129586036,0.9498716631756962,0.9477186879414121,0.9207923713636628,0.9319166497247092,0.9090565666612312,0.9410649631198962,0.9596450797785756,0.9648204928172904,0.9604515051540279,0.9473052085030961,0.9473707659462637,0.932679991200963,0.9110868051089788,0.8968138776696555,0.9595358773836961,
pre_model_seis2_20250809163915_480.dat---0.9640309002242595,0.9557705235882508,0.9832821783044291,0.9829981968674631,0.985512148520015,0.9864645101250543,0.9907958848212526,0.9940043365742375,0.9936862673348514,0.9910750487708277,0.9896572101080405,0.9885601891427973,0.9922387660883352,0.9909519254966239,0.9931650143446381,0.9927452231927668,0.9963319229913029,0.9971681816441343,0.9971719843683573,0.9962388269524101,0.9965291974835231,0.9959625533559568,0.9961700099211562,0.9895950303708733,0.9908943616742067,0.9916887596903742,0.992893688969573,0.9905455709502669,0.9864320063406333,0.9897068949836654,0.9895969858071049,0.9822155448832377,0.9850571906135365,0.9738636715426771,0.9669518550423502,0.9708321143406428,0.9616198549337595,0.9472517276394309,0.9639927074130054,0.9550682301816253,0.9690590137332602,0.9840921026666074,
pre_model_seis2_20250809163924_265.dat---0.9769301924497511,0.9823653617006743,0.9776410403442831,0.9804287408033927,0.979344008972095,0.9820799316750192,0.9817875625520814,0.9853234152134136,0.984404673669059,0.9901156806291818,0.9908155575161496,0.9912173890760536,0.9770613630688124,0.9817528076540226,0.983624972275805,0.996318850787041,0.9858782593657518,0.9875842432133395,0.9878434305899768,0.9897176508630993,0.9728275997954129,0.9685699035425986,0.9720791280834749,0.9734992776033797,0.9695308239965137,0.9508494917532704,0.9629574262151815,0.9339438129855514,0.9361962468808043,0.934319171747013,0.943446476588974,0.9555546040728498,0.9521132620057193,0.9580913398946758,0.9339721893175067,0.945272141366408,0.9351260673929656,0.9243816988924553,0.9401827125163635,0.9528448380066237,0.9636634454703872,0.967601385135296,
pre_model_seis2_20250809163915_539.dat---0.9747275600498018,0.9673027896377177,0.9758540026982268,0.9524336429966351,0.966051711547059,0.9686068227230505,0.9735083936650826,0.958168204352219,0.9499043763667065,0.9558995776507683,0.9624351148230866,0.9586717542422893,0.9625481588775544,0.9669277141194815,0.9266627475070929,0.9391494360920019,0.9355405495744601,0.9039935496065594,0.8806518905830203,0.8673550758915765,0.83405043434543,0.8197083707838496,0.823930240773174,0.8699874014644724,0.8957725618747474,0.9132689643861641,0.945199905199347,0.9237005596646461,0.9373981279852013,0.9587292713254564,0.9488108737082313,0.9522559133737335,0.9623200630465117,0.9583826722839875,0.9563050173619481,0.9665213858102173,0.9629916902774442,0.9758012078835632,0.9758172085906033,0.9746674900482637,0.9668656005047812,0.9382653178950282,
pre_model_seis2_20250809163915_424.dat---0.9823545460678639,0.989427281888721,0.9896013974176319,0.9914919779243457,0.9912056942055987,0.9866247368780173,0.98994583232756,0.9870377808861883,0.9799563915216803,0.9753205594608289,0.9687709722679689,0.9567186072598828,0.9312504489528834,0.944032628849449,0.9388566464302821,0.9167622206982304,0.9680776605138427,0.9407825801992461,0.9521360644138557,0.9562136231263978,0.956456774064139,0.9436486988269172,0.918921892164879,0.9348679146717852,0.912879953919894,0.9672736103395685,0.9568166440632578,0.9682576285186579,0.9548678110475414,0.9362433691809942,0.9440961777480817,0.9384831513040308,0.9230353917187355,0.9177018045125273,0.942990884092157,0.9742471000550889,0.9733960870505898,0.9789294063426928,0.9772396782134763,0.9624214686013518,0.9659956759335074,0.9581789944795206,
pre_model_seis2_20250809163930_763.dat---0.9943276062091908,0.9941425545749774,0.9937362583343629,0.9921544765526873,0.9916493037207053,0.9923528348041902,0.9918554539257922,0.9890019141364134,0.9860833038130868,0.990873136111368,0.9905658622645482,0.9847655601692104,0.9764317766708525,0.9794144884303164,0.9862474426715926,0.9867546060234325,0.9881934375349228,0.9815359868895273,0.9830803706697714,0.9888676095316944,0.9913346232071784,0.9890683034289243,0.9794518657373816,0.9862756293976166,0.9851106622579615,0.9761237054369735,0.9858957728919682,0.9886902176641341,0.9840813213822455,0.9896564914012892,0.9844679828596073,0.9840629411720085,0.9867158745991159,0.9812577300457601,0.9843905300153024,0.9840503823519681,0.982377956898202,0.9786577429864646,0.9775374508385494,0.9699765946121881,0.9249548601545466,0.9842968932287325,
pre_model_seis2_20250809163930_395.dat---0.9909791724936465,0.9812399887649118,0.9846617209194363,0.9923494515715131,0.99108710032197,0.9929960387458409,0.9937435100554147,0.9889106852422109,0.9915817616182877,0.9933036928259228,0.991965975137473,0.9922714513428585,0.9897145156955587,0.9922667914573895,0.9952782191818189,0.9979009698961541,0.9959808370897718,0.9970587706121589,0.9985590548346155,0.9982483557037747,0.9982509932218685,0.9976414763230946,0.9942049914222374,0.9918841140776801,0.9840136150643674,0.984169720772495,0.9794692871618956,0.9774673900056012,0.9768180762536252,0.9803789465270648,0.9829383100365331,0.9842330334218033,0.9872112241921569,0.9840524053956816,0.9796861077816804,0.9705500190078954,0.9693062971478494,0.9639155004129983,0.9616159566269681,0.9613040736329793,0.9533445472782329,0.9856720524213525,
pre_model_seis2_20250809163939_288.dat---0.986445091110675,0.947903798190199,0.9826250585309859,0.9801779403696127,0.9644721946085648,0.9708981317560237,0.9489422074216001,0.9437159931789091,0.9259424185709241,0.9218741404228362,0.962343654840408,0.9875830308777602,0.9927839265589247,0.9906549550539083,0.98033135041527,0.9753693900609182,0.9728844991331478,0.9681510485393345,0.9758873719776023,0.9903884441553044,0.987009538733041,0.9906611713063049,0.9748529052734766,0.9743385657602628,0.9461421248167048,0.9595652571986155,0.9642930153637234,0.9749965616955607,0.9760694755694304,0.980461622469561,0.9802127320388717,0.9743123828196989,0.970193361499013,0.9650709358274245,0.9555640367812651,0.9390993991783663,0.9514295487640453,0.9259709543916331,0.952574110483689,0.9607480181467507,0.9533195354582636,0.9664941438865516,
pre_model_seis2_20250809163915_774.dat---0.9381220013149252,0.9507307783682957,0.9616223267849882,0.9782481723400461,0.9761395272742769,0.9767088307354855,0.9592726946169241,0.9650392149294326,0.9526060858466856,0.9296952966845178,0.9431421025349486,0.9262435836032358,0.9565715255682787,0.9619681910252359,0.9661694220645972,0.9767114172781617,0.9686548866709167,0.9716395160024206,0.97137175391802,0.9883941074690566,0.969986107615233,0.9597092001675384,0.9822674104041711,0.9624489887067152,0.9663867502363238,0.956767204269631,0.9532578223923632,0.9500500349243839,0.9780010598417734,0.9703911466962564,0.9741981212341534,0.9824794599889177,0.9892923692621798,0.9863257506079135,0.9787602563285276,0.972440613849743,0.955300126044464,0.9455372420172043,0.9434870599237449,0.9398163816357057,0.9411795006147428,0.9628569278485887,
pre_model_seis2_20250809163915_668.dat---0.9807536625754905,0.9622102982177785,0.9725749959414537,0.9748582237639837,0.9858296904541919,0.9851583527110802,0.984694460569651,0.9853875378701463,0.9891757064560025,0.9891223274232896,0.9859134136560813,0.9873328347822043,0.9839988880056667,0.9843121751565105,0.9933463810150425,0.9889936667205316,0.9925713811487861,0.9859982442990805,0.9913099572813401,0.9894116925258791,0.9862260690519579,0.9864839367533093,0.9762363070533407,0.980333206141287,0.9743000238236164,0.9641105010600627,0.9595196649551047,0.9416435773370492,0.9561629458191706,0.96532185263865,0.967118710336301,0.9715827108034869,0.9707206350349059,0.9763176268751897,0.9835719412650515,0.9860346399660914,0.986776992030026,0.989468872599289,0.9904422675347411,0.9854358718217652,0.9886584648694535,0.9799858709352206,
pre_model_seis2_20250809163924_274.dat---0.9832926128734474,0.9572060124180582,0.9779773010560094,0.9799244457682313,0.979970104531725,0.9747363957630691,0.9731968895029912,0.9766819842062656,0.9663602167460452,0.9634792810044238,0.9553207840736804,0.9593451022622924,0.9515788760991527,0.9943023568168176,0.9944090026078419,0.9904426288275217,0.9731841007434602,0.9763004297192703,0.9463243297319688,0.9401829288238713,0.8580927262011702,0.8585739141787186,0.8925312507989818,0.8817681608708344,0.8949451988777462,0.902079508835077,0.9148900030568125,0.9226449767263027,0.923416197507175,0.9189166575270342,0.8756313403043328,0.8864468918003475,0.8991792683957429,0.8777033753564668,0.8702200588584416,0.9220508855844133,0.9015591143854286,0.9365994991885049,0.8955398736239791,0.8952251124413272,0.9397809161793984,0.9337075783969362,
pre_model_seis1_20250816100519_3.dat---0.9399933508446445,0.9729511328575494,0.9752888598263605,0.9764664209668159,0.9705738303152771,0.984874176899189,0.9868694513598478,0.9882672560911471,0.9884240091691052,0.9930326772448218,0.9944143719570756,0.9896043322105033,0.9880715923908123,0.9848389212613737,0.9882342153511665,0.9782355808932084,0.9676394788792484,0.9637847270041618,0.957488798933187,0.9295201951321729,0.9248640282697389,0.8852747623891108,0.8616223474696764,0.8459077294243895,0.8443188604304656,0.8585888445038207,0.8379211287220998,0.8222079501373484,0.7922989639663921,0.8327801527754688,0.8025456864637618,0.8510879853816061,0.8368413038725213,0.8287899986811776,0.8475740083242671,0.8995174626880621,0.9065397715157281,0.8146491055641872,0.9139485371757826,0.8978217154603437,0.9118864420822171,0.91550146743624,
pre_model_seis1_20250809165430_833.dat---0.9478467403504681,0.9845813710371045,0.9879039632495459,0.9766090514712095,0.9826630357049515,0.9842858694436244,0.991938478883116,0.9910670659250207,0.9887821284537878,0.9948331920084991,0.9921463350766656,0.9920267291804007,0.9873099808418613,0.9733191565884705,0.9845430071950998,0.9900467408699364,0.9826916796320797,0.9608094053900322,0.9555694110148168,0.9833660708269141,0.954722939871704,0.9792816748461,0.960236798292402,0.9517178112153966,0.9665841537269658,0.9553024524654835,0.9731765485136887,0.9658797598082584,0.9688316191124428,0.9509264525025073,0.9715489020051472,0.9481715160626872,0.9641891366480895,0.9690365043097829,0.9861797142729214,0.9883978454917942,0.9869938660417937,0.9853975817851987,0.9898150151822195,0.9880399488282606,0.990328681619614,0.9762706911157577,
pre_model_seis1_20250809165454_578.dat---0.8995099325473906,0.9568633240769635,0.9033649142874323,0.8986427904391955,0.9569745561611247,0.9709973378239595,0.9618329311939373,0.9736040274052161,0.9646794425354666,0.9792913043398529,0.9864251245842179,0.9877442757668012,0.9882843770261971,0.9872219039671447,0.9882718258997226,0.9930265772872324,0.99305099885985,0.9984569301576838,0.9935284277798719,0.9957794285071216,0.9968952258121146,0.9972752677326167,0.9969585773033361,0.9915841897937655,0.9856044340227662,0.9856996684772307,0.9871296637730234,0.9896679212410565,0.9901319682919495,0.9849614497183584,0.9770355604921253,0.9814826769441163,0.9796875649505551,0.9770425291992108,0.9697207775757335,0.964632670137466,0.9668027176571208,0.9515846445600055,0.9595949724156558,0.9655563374447728,0.9680224498414666,0.9742590658056298,
pre_model_seis1_20250809165436_8.dat---0.9784574608931612,0.9489493280889584,0.9790511433797658,0.9811554756480891,0.9600411247487088,0.9602012671203315,0.9707495021382713,0.9555717039843322,0.9552314402451689,0.9116897414915034,0.9709826451777198,0.9750381181306761,0.9754595281919245,0.9800238255505925,0.9885254310915085,0.9965816023706928,0.9957250171992678,0.9916536152899375,0.9922295842146339,0.9903793951708365,0.9932290375801504,0.9935480832636097,0.9874777858133599,0.9821945167878599,0.9855405183447343,0.9756131690528778,0.9781485516941918,0.9774108356586512,0.9770605605509379,0.9753216226486299,0.9701391067865954,0.9771946056133188,0.9682499313980326,0.9796438085046587,0.9770085020179308,0.9809642553986454,0.9850057153426012,0.9848331873511516,0.9846479372198816,0.9858465588933094,0.9872419210127592,0.9771711502697555,
pre_model_seis2_20250816100724_84.dat---0.9385796563341086,0.9841495645632304,0.9758585798813599,0.9857736419582315,0.9914510836184738,0.9889556415547668,0.9915899793115033,0.9812740755144975,0.9901671180125615,0.9875787406751705,0.9882074180030701,0.9884801198053121,0.9976011760888989,0.9982136558772073,0.9983800783417262,0.9974789764846539,0.9920628643029249,0.9915997285926239,0.9817832913222699,0.9774856129938375,0.9734243192645297,0.9762865268530787,0.9735298743751396,0.9599733369447637,0.9324942398311897,0.9300654958050485,0.9184016301402191,0.9270214426306661,0.9010166237297367,0.8770350091918425,0.8778159018456159,0.7669769362434553,0.7684148093053714,0.824696731413058,0.7791975947994209,0.8386540391595471,0.8077231400352739,0.8611250502777811,0.8809784619688671,0.8662302178090547,0.8664988122692119,0.9325422243202269,
pre_model_seis2_20250809163921_522.dat---0.9787324260518617,0.9459828967063302,0.9736503086222957,0.9783437230562797,0.979197169237059,0.9822501479756724,0.9748702825966626,0.9752444258288869,0.971035895071338,0.977393974414817,0.9770673115279132,0.9810565705671958,0.9846501845068596,0.9843164333879487,0.9750934865143848,0.9605170752229126,0.9591748318654796,0.9525868871174136,0.918663307209627,0.9165951287076951,0.9140447689550549,0.9491857667006227,0.9266970020350106,0.9422493598012018,0.9040111924395688,0.8659350822167398,0.8289532947516596,0.8112970657725068,0.850473023229834,0.8562155298131254,0.8571136022038788,0.8663613097737648,0.8276999309866107,0.8399469514850108,0.8334268910169728,0.826808857881028,0.8638806936471727,0.8587782386941447,0.8932588398926035,0.8618128103624052,0.8959006555936199,0.9175725203278334,
pre_model_seis2_20250809163936_717.dat---0.9899836515435334,0.9887128875503799,0.9879029247406007,0.9859039342779456,0.9892672185653627,0.9837214593283802,0.9815261195155759,0.9792512103807113,0.9748052816169626,0.970335943985726,0.9686755878069825,0.9531164607680073,0.958334831283302,0.9612366877092308,0.9615292248762958,0.9717981515308393,0.9707111845965498,0.9667590828876215,0.9574756405202015,0.9513469349119829,0.967200008851309,0.9738142208048889,0.9852010917827422,0.9887009825815105,0.9895381093861481,0.9856344954043142,0.9731316869004119,0.9698130337714386,0.9397739813306332,0.9364315102555539,0.939053616652491,0.9510276385931582,0.9467393311410542,0.9422680538643394,0.9506764580472586,0.941907092037016,0.9606730391854084,0.947298720607269,0.9675101585755456,0.9745030159781122,0.9741566360658926,0.9672548122003093,
pre_model_seis1_20250809165439_12.dat---0.9545676431389467,0.9830947139608684,0.969262471287266,0.9764999757591067,0.9825604692781531,0.9759472853341205,0.9633007166605558,0.9601235519571253,0.9601841810102857,0.9486903006418956,0.948100290878694,0.9341675892046216,0.9561011693280934,0.9468026609792632,0.9367509687003108,0.9536287328325691,0.9578232275528498,0.9828893299725159,0.9806220383147005,0.979819534250169,0.9674443452271851,0.9553527305693574,0.9470529145552548,0.9547506971754947,0.9734888987972645,0.985631976168618,0.9457008659517739,0.9493224206397307,0.9508434499227258,0.9509253031192159,0.9613431779688091,0.9700732988791834,0.9707753136864988,0.9696488300623055,0.9716642418635448,0.9638456381896563,0.968448145454395,0.9583903441184739,0.9558345010627946,0.9565653427431026,0.9639154882119345,0.9619988969612056,
pre_model_seis2_20250809163936_57.dat---0.9898405525793248,0.9878329105901213,0.9867132973609682,0.981095500304858,0.9723229575839487,0.9272472893863896,0.8771260983907931,0.8312912956546572,0.7717282639051912,0.8553319178158036,0.8127838109455898,0.8782793883932166,0.8749497399491303,0.9297157041302039,0.9539921940811124,0.93968079999653,0.9617441893283233,0.9607130783958784,0.9690068787261422,0.9348766456917217,0.9331400032694629,0.9436255784806981,0.9106982801660912,0.90526194856692,0.9199136477290439,0.9331859665412923,0.92728011958187,0.9491908783215772,0.9513998393323251,0.9450822760063663,0.9495581349174504,0.9547765698018648,0.9427700184287012,0.9432307576929758,0.9462916019268225,0.9509404993980966,0.9637166028589428,0.9724551662616371,0.9668604629339862,0.9750107148089321,0.9727210880910097,0.9330093333738041,
pre_model_seis1_20250816100519_80.dat---0.9745186421519657,0.9788465695772316,0.9895481716912885,0.9917698428832659,0.9842022184217561,0.9902814449850661,0.9891942944497725,0.9872199081380432,0.9832526325348028,0.9893907870553189,0.9929560913523217,0.9916180120299926,0.9909922111656834,0.9925184713910358,0.9916355562313149,0.9930554511377281,0.9924729211107531,0.9931617519029443,0.9905125727800264,0.992084466183451,0.99463100651382,0.9951735427229604,0.994860858834361,0.9963645896566616,0.9954600999753651,0.9945393079378398,0.993632395957013,0.9954073497112379,0.9909559803754007,0.9855232779530945,0.9827070751586761,0.9796009140171817,0.9658278668107236,0.9704690123327677,0.9668804676755496,0.9637614812516389,0.9546286782513994,0.947972334004377,0.9353494501755013,0.9297627402417168,0.9509874315762433,0.9820421433733484,
pre_model_seis2_20250809163939_810.dat---0.9950594509736337,0.990311201477199,0.9940353370187835,0.9936222225571022,0.9886239511014409,0.988406774917623,0.9779705001466534,0.9771128326980496,0.9726727294994268,0.96769636908778,0.9344274550104629,0.9497064069477434,0.976685287656901,0.9806223786855657,0.9812355982722816,0.9723246766435586,0.9829748619402487,0.9718870465549637,0.9614083976494346,0.970214368927375,0.9700436340930885,0.9653031365851729,0.9863536345689606,0.984790339461292,0.9554171059640642,0.9778450939490111,0.9668141723059198,0.9826211727730406,0.9862851366119448,0.9783263160916491,0.9793995082644746,0.9785443214026676,0.9778005962046397,0.9732044077318854,0.9778086851828169,0.9808241219067487,0.9815509245889334,0.9815067490801055,0.9728984897047749,0.9729227488367914,0.9675472788860602,0.9762147663892748,
pre_model_seis2_20250809163915_829.dat---0.989720705532761,0.9918663949725388,0.9930872017865686,0.994066067616152,0.992173034698355,0.9921875399223673,0.9928169422030615,0.9893096161021796,0.9920390869800583,0.9927950618360102,0.9919193048717114,0.9877653024560406,0.9751434652239056,0.9825296630701438,0.9803893219077808,0.9820890348027373,0.973388982557586,0.955114187945797,0.9481356498295155,0.9385452874061212,0.9207900743433768,0.9269017794716424,0.9306061352505758,0.9320523509978158,0.9253076919457136,0.9263494376874509,0.9284273386358484,0.9358536995760813,0.9237822202975453,0.9385509675783942,0.9392539017904341,0.9065418093796669,0.9367371579638533,0.916834638179403,0.9134062020066591,0.9103180499513072,0.9292889592544624,0.9215403732021366,0.9130467386523976,0.9428002783857944,0.9143997698817088,0.9528749128330164,
pre_model_seis1_20250809165439_570.dat---0.991280090712978,0.9932142234729595,0.9921422633099757,0.9911552996684223,0.989188362216745,0.9768940660028201,0.9757124622242613,0.9755124465685991,0.9751828315273997,0.9570875571591603,0.9726552088767048,0.9727883217020868,0.9746557962521148,0.9808348053100269,0.992037187363639,0.9941651001156371,0.992965525240689,0.988460682402889,0.9674376680172266,0.9778119965053125,0.9542960716386424,0.9418624690246984,0.9280621009747596,0.9388797284605771,0.9590761276737215,0.9567464560411066,0.9450623988391843,0.9427643719373008,0.9565207954631945,0.9541848872991495,0.968950500920153,0.9769306929287873,0.9715732766114973,0.9707363797896605,0.948681005291338,0.9657420521607067,0.9574724600881344,0.9360988203565155,0.9474452913104654,0.9217878649088059,0.940746586569061,0.9662146886082221,
pre_model_seis1_20250816100543_53.dat---0.9806097754001842,0.976460837104533,0.9740377476584032,0.9837861043629268,0.9824738855850527,0.981419472817352,0.9726517862071883,0.961359675084462,0.9642960291579776,0.9581457933019147,0.9772397819411622,0.9769024965214486,0.9803763087147396,0.9798617904133431,0.9889115467242172,0.9866253925157228,0.9911293441781431,0.9935024630785398,0.9934611988349149,0.9955322063244183,0.992492712363572,0.9900280227874808,0.9894690864167381,0.9809421523131956,0.983742085668319,0.9685223399898731,0.9804502487214863,0.9695577403679562,0.967573965074085,0.9685422472089124,0.9683165458984897,0.9513255894220225,0.9638910182551601,0.9566455219944618,0.9562667925608316,0.9477612002095427,0.9437267712101031,0.946976106551733,0.9547605129610841,0.9470497830856273,0.9344729059113659,0.9722267557292359,
pre_model_seis1_20250809165457_659.dat---0.9741622160322565,0.9694576025405937,0.9654986359573462,0.9513003593529737,0.96669246744069,0.9554988098164338,0.9683847169174984,0.9592173008433917,0.9695455661107575,0.9558737035529208,0.954628432024466,0.9526852591240764,0.9801883512193533,0.9947082779031636,0.9943427223037528,0.9911169408654085,0.9906074483284506,0.9815201528079167,0.9889424010610333,0.9926594513620318,0.9883706299779917,0.9768796297189479,0.9781884651557113,0.9726638854107699,0.9739532978298889,0.985995554314085,0.9820999720208519,0.9761440578320526,0.9746941166237131,0.9802158008029719,0.9842042444786501,0.9869557069873004,0.9902405341004126,0.989333797972045,0.9930500979279807,0.992147345284442,0.9905615340514609,0.9874391253214037,0.9872907414666254,0.9894382914884107,0.9796617681172411,0.9784526685962798,
pre_model_seis2_20250809163915_666.dat---0.9931726746508208,0.9958180304005652,0.9935249783243006,0.9960726353415719,0.9961115132546912,0.9938564419395763,0.991709383474381,0.9873969760395879,0.9863446129216012,0.9907860779391643,0.9938097682413158,0.9931445349997255,0.9857084873512275,0.9888303940556507,0.9825430958096232,0.9874196364002765,0.980307211910622,0.9866452512528107,0.9800825855610666,0.969517604116105,0.9664962941144735,0.9581978088640711,0.9613898619451874,0.9616014679010728,0.9621344939056533,0.9481653087112737,0.944902193503749,0.9326534990272778,0.9351129043791345,0.9258802412857882,0.9235790282946533,0.9329153021887936,0.954710459922009,0.9423575138129355,0.940603800123249,0.9183661515839521,0.9322954003356629,0.92465873499278,0.8756751301062777,0.9004017966033386,0.8566837067504848,0.9602825120082078,
pre_model_seis2_20250809163924_547.dat---0.9710595754994221,0.9701835423628721,0.9330479091188466,0.934167376531074,0.946690918176264,0.9339303812494221,0.9305781779629013,0.923241689808381,0.8855846063858948,0.8816581842061598,0.9526001712769931,0.9569789008010005,0.9538759813806599,0.9584533124978084,0.9645601597039931,0.9557433665134316,0.9649660928362037,0.9692232785457909,0.9488573264581839,0.9345897766697303,0.8969216006302295,0.9380769587960257,0.943443817364314,0.9112977288923102,0.9276153920145146,0.9365942978027203,0.9459025855749699,0.928666767384159,0.8834693201846961,0.8979144705677906,0.9436611702951385,0.9502633609066775,0.9409386444337245,0.9422056929468352,0.9167059439917892,0.9008280769792021,0.9462622066942296,0.9120394339051366,0.9669339312655376,0.9669681185117427,0.9598638712535283,0.9372332711800073,
pre_model_seis2_20250809163930_358.dat---0.9794895533139386,0.9792900618439813,0.9772730760519687,0.9824063907271515,0.9830108511276855,0.9779234771877154,0.9741904250884885,0.9699295271338892,0.9687371009313459,0.9562739101162562,0.9435379706592563,0.9178193394245652,0.940634171304563,0.939933928561209,0.9435199558035648,0.9577829033708335,0.9773830213419109,0.9781330735387987,0.9830302693297931,0.971081295382568,0.9832707654418514,0.9851457024560765,0.9863066649886214,0.9731438434315841,0.9783909237326344,0.9814734019313288,0.9876481113162306,0.9910365196288192,0.9819602097348317,0.9734817157483883,0.9785698059585125,0.9783357753455445,0.9703659710221559,0.9696322081671775,0.9697075739058649,0.9664092469210409,0.9739560819804022,0.9741019688002762,0.9725952625559421,0.9553758135561614,0.9305678494891778,0.9698257492280998,
pre_model_seis2_20250809163921_460.dat---0.9809896959027684,0.9825273123662734,0.9845034877279389,0.9829901770911924,0.9858888953724801,0.9866579868160135,0.9849357691787091,0.9830062661635093,0.9661188206174112,0.9612931957238197,0.9789048446977583,0.9836745411462609,0.9867712249527363,0.9855114391727707,0.9863343127294826,0.9878095045820869,0.9891803455228578,0.9950991633732448,0.9976518730101708,0.9804941810007178,0.9846821294455739,0.9817541809828715,0.9855360558389934,0.9862093643169131,0.9881259794216779,0.9892136391933457,0.9945249095194584,0.9912993132870728,0.9801050348393501,0.9791676039392082,0.9804974327042649,0.9717357892463316,0.9687705832157112,0.9736691673731303,0.9726225723074712,0.9671064817807244,0.960323050040817,0.9596562254658768,0.9612154467635273,0.9553414433891018,0.9507376529200539,0.979332612027797,
pre_model_seis1_20250809165451_621.dat---0.9773569141528531,0.9925538326662735,0.9915666359565517,0.991530831023621,0.9940015354136394,0.9937451350737974,0.9921059130631378,0.9922328504546826,0.9892709331692323,0.9895752640487994,0.9953563811710425,0.9965526278915251,0.9947729481070473,0.9921567038567659,0.9892298866185952,0.9971655826524637,0.9956283594983869,0.9935269558616514,0.9917678774351596,0.9948234205262744,0.9953953841736416,0.9946835082451845,0.9878354568228503,0.9754961671027981,0.9657463628274409,0.9662056401880434,0.9796221533898672,0.9791967488021589,0.9696319067367499,0.9662253365816653,0.9630383177312642,0.9505860186922831,0.9617139671020601,0.9410283076768116,0.9514773074487157,0.9283893968240341,0.9424184482800948,0.942543533994371,0.9061675705662262,0.9477332552228388,0.9348172004215484,0.9754846970115154,
pre_model_seis2_20250809163912_798.dat---0.989131522585838,0.9826726361941241,0.9897785318457655,0.9927144648035816,0.9903178132455008,0.9912400425455825,0.99331123095955,0.9931614383413785,0.9908392215625523,0.9919097211718323,0.9898527037622409,0.9881037579754984,0.9845236448768736,0.9801357158520289,0.9780928428362199,0.9890722085357532,0.9827539730896565,0.9870372863828598,0.9884915301299833,0.9843759743780742,0.9855686876715106,0.9850971289626735,0.9911894745334884,0.9916314543573119,0.9874390336064849,0.985600278350166,0.9824289012428666,0.9838476128002649,0.9847992695728337,0.9881882576588861,0.9842513071906128,0.9709254015312753,0.9827964886889189,0.962772484438058,0.978216366861969,0.9706301192307975,0.9723493261363556,0.9498055047018543,0.9503347499771512,0.9451352685129076,0.9363295853236724,0.9811427551810963,
pre_model_seis2_20250809163930_357.dat---0.9788475584602184,0.9833292065520952,0.979780200880695,0.9842486617798321,0.9917127210611378,0.9894336763854455,0.9863953234910819,0.9917732077807112,0.986822979373207,0.9921001447672428,0.9919291617254904,0.9941157695138059,0.994039607936909,0.9955709987345533,0.9970864246769134,0.9958329675601536,0.9925338606463855,0.9846648040028924,0.9835991608618092,0.9910149554142047,0.9850348578985977,0.9750731459338497,0.9742837252676332,0.9767101642717962,0.9646520616199897,0.9653702333319931,0.9682916431133167,0.958772335562114,0.9725676560027172,0.9671786855830024,0.9761965919537225,0.9738541014150405,0.9798245734808956,0.9747762357228476,0.9768383968184192,0.9758708105117975,0.9682322631856793,0.9566230069906224,0.965615297426893,0.9652507667614973,0.9577349736292573,0.9795995833679628,
pre_model_seis2_20250809163924_224.dat---0.9753321826926666,0.9878647668133022,0.9792304447562035,0.9848847670027895,0.9824315952313981,0.9809222761232931,0.9759366553569385,0.9797759874857592,0.9744663726959728,0.9727398619585118,0.9583526728959596,0.9649233100353554,0.9637020237456276,0.9488794054873191,0.9523107873285462,0.9568707793304934,0.9754129996149754,0.9820243014657907,0.9742914424839876,0.9711698698543335,0.9766735505195422,0.9808162047015024,0.978724882039304,0.9671452511101205,0.9578791120254219,0.9479991721716899,0.9469739652569565,0.9336792602428852,0.9246745438177155,0.9010206578293206,0.9154557406954743,0.8727412965820343,0.8880822783531076,0.9168601818867955,0.9196412097243174,0.8912876732709513,0.8892716222887466,0.8845121343582742,0.9103459428258275,0.9180515770467087,0.9056507601469409,0.9480246224208015,
pre_model_seis2_20250816100657_94.dat---0.9858218063781364,0.979330389140631,0.9661850001462167,0.9778551422034296,0.9824300455121718,0.9819732311281633,0.9776417145749184,0.9833491563254445,0.9748587191688423,0.9818042651537505,0.9850380688041516,0.9853654327143747,0.9871510865716716,0.989668749746751,0.9943531728905506,0.9918974863904999,0.9910707300634152,0.9936948823105455,0.989587046323971,0.9916852245752196,0.9877492755595397,0.9929712999310872,0.9939202430108094,0.9927933605495655,0.9882834733343474,0.9830926914637994,0.9788043916592993,0.960062393348594,0.9360287943575438,0.951915490178282,0.9282878780997124,0.9428483433650071,0.9361362225061058,0.9447571135129833,0.9296921263217987,0.914631378569208,0.8688843030293842,0.8302604120143703,0.9181234894901059,0.8696180052751038,0.8502528261604223,0.960728655167315,
pre_model_seis2_20250809163915_296.dat---0.9914359821857516,0.9905644965117341,0.9904143240528096,0.9836226245977284,0.9888068771146168,0.9893432083277107,0.9853616219310202,0.9843399859931907,0.988349692871018,0.9672664221547459,0.9460022179019731,0.946416740640989,0.9489973142378165,0.8932045567186023,0.8149264619332072,0.8812192146706475,0.9031880820401483,0.9431102203096712,0.9574200273204706,0.9576763797168893,0.9557632933164031,0.9621989215433144,0.9457161042579751,0.9287900964150475,0.926967921644967,0.9454373556498771,0.9586617095998675,0.9441569967058125,0.9198693757989589,0.8408536306674965,0.8812072454851678,0.8862132303100019,0.8982194328019965,0.901437480099242,0.8849814659558343,0.9015121356886796,0.9265891664416862,0.939727839842828,0.9281248491112192,0.9253307701172532,0.9194658113131545,0.9359241776584762,
pre_model_seis2_20250809163915_815.dat---0.9939803698506376,0.9881981592948098,0.992757073785954,0.9899230984079481,0.9871504459420208,0.9841371809366531,0.9882911675490387,0.9765097803911458,0.9829105044977426,0.984928997023755,0.9935209433006622,0.9954885468891457,0.9890226529444184,0.9834789029164255,0.983554225840083,0.9789029598940987,0.9881855926203346,0.9945667889293747,0.9826617067347208,0.9903649073318718,0.9936856850325886,0.9915918458273053,0.9915555077957824,0.9897451951202382,0.9912233852220241,0.9915535416126725,0.9913350683528679,0.9880687902879902,0.9839169945230126,0.9808046390963978,0.9798606078110285,0.9756534861641504,0.9721952250221987,0.9578070585541688,0.9694677973270703,0.9678454343445329,0.9685790782169214,0.9737501101970026,0.9801318929146479,0.9818686793167605,0.9765872181759654,0.9840429572194187,
pre_model_seis2_20250809163924_727.dat---0.9445227402769165,0.9594921116904909,0.9835994812896579,0.9568847379276095,0.9660915960860266,0.968459549953634,0.952361137187719,0.9547584768825137,0.9473786538603899,0.9720694275190097,0.9546298288174005,0.9477405676801123,0.9542542381044061,0.932838439204571,0.9502224539335187,0.947991437052734,0.9556289257844534,0.9475102933614273,0.9111712359239191,0.8973556761876543,0.8933166760903727,0.8632880283738671,0.7960234236866036,0.7659495251326323,0.6845961522352235,0.722766028667857,0.6932276587463415,0.6635348749747523,0.700167441544332,0.7512077296629344,0.7709433247047248,0.7880308866621142,0.7976058266015473,0.7798610223017544,0.706180226459243,0.8176063211870161,0.7830827032479498,0.8590397215910937,0.8489284279613274,0.8706586897617272,0.9029131640111001,0.8649728990811871,
pre_model_seis2_20250809163921_605.dat---0.9838801801856755,0.9862877981017296,0.9816386845613946,0.9753863613967848,0.9822934600948798,0.9866296277634802,0.9857936861120398,0.9882107031761512,0.9934785272636177,0.9932827488011521,0.9893497727212961,0.9938056313020041,0.991027540449426,0.9958073434789683,0.9962149261315906,0.9954452358024279,0.9956725313096783,0.9976818049576534,0.9966352105403719,0.994808438368789,0.9885822059029875,0.9829745932302139,0.9812327274541894,0.9727089632000131,0.9478434485780938,0.9083302909987293,0.8877041945436462,0.8938943089300782,0.9156248948219126,0.9095861231563804,0.9128912152538728,0.9431559458919915,0.9196798343064716,0.9397173335065109,0.9386792144914257,0.9484913381018665,0.9367014447907853,0.9508277129916699,0.9367198970625625,0.9506946510063874,0.9490225883235142,0.963863247294205,
pre_model_seis2_20250809163912_668.dat---0.9869621479821913,0.9764334386261733,0.9888151216207678,0.9869886145243854,0.9910610693871071,0.9900309556402642,0.9889223075491302,0.9919783480500346,0.9912288945736726,0.9920348190458371,0.9896675169538086,0.9873987013677394,0.9873213853333374,0.9916639284442219,0.9921937447105669,0.990758019087597,0.9927044925814146,0.9937462009350585,0.9862355953395167,0.9831021022233271,0.9817517303514738,0.97124240066724,0.9592867993308382,0.9523296812291837,0.9658491940121728,0.9624938853848182,0.9741468043119841,0.9700496123738337,0.9670360127253244,0.965367553598345,0.9561003465260933,0.9541468090923283,0.9657782532066271,0.9687096609974089,0.9681280313683446,0.9710712532391366,0.9700829585838595,0.9751757316901867,0.9782431778623285,0.9744381442447241,0.9698720100867783,0.978062133045346,
pre_model_seis1_20250809165445_218.dat---0.9922980585517481,0.9938379491913635,0.9849224153491987,0.9893907075598088,0.9916749315900412,0.9898740927236358,0.9839610065175947,0.9834680732699076,0.9859473043549974,0.9867717632118582,0.9859761389828661,0.9843299867741764,0.9818910267716859,0.987851606892123,0.9948987130084346,0.9945207802468635,0.9942950554280272,0.9935328173342981,0.9912962950966958,0.9913305538501075,0.989033706752439,0.9903515044779244,0.9916632142131004,0.9911258133870245,0.9862305847578545,0.9875705140354147,0.9898000596635815,0.9903246525076631,0.9905011436832694,0.9907088329816341,0.9926276662289026,0.9924878241734447,0.9898280311893082,0.9904524602395602,0.9897003504524432,0.988419658008831,0.9851816695522163,0.987663974018477,0.9783570546204153,0.9832304431612559,0.9827022665094156,0.9887812366175516,
pre_model_seis1_20250809165457_765.dat---0.8803995003144868,0.9538374108088802,0.9262116610567122,0.9657522095806355,0.9716851054139777,0.9579093104803186,0.9711559079036823,0.9725946631362824,0.9874152829898292,0.9888913116058411,0.9858358584393927,0.9832898140570208,0.9819322810137034,0.9857647133780406,0.9956519821683766,0.9800463029424163,0.9788689441892509,0.9853194771492388,0.9833621341161222,0.977132186653947,0.976038174006693,0.9617744849474255,0.9729115988117026,0.9543252332891199,0.9623447467242634,0.96829850449725,0.9655485487497624,0.9309171911623207,0.9533433702777099,0.927752468509408,0.9430218278540248,0.9466195630517468,0.9594294505038661,0.9542244304814864,0.9456074329391535,0.9680944877565988,0.965293678363899,0.9718595704202692,0.9697855652235717,0.9594046543645072,0.953412628653831,0.9639771626338236,
pre_model_seis2_20250816100721_47.dat---0.9820011081113007,0.9815033640069116,0.9782635397587166,0.9753124020169784,0.9636957473778875,0.9651051516306328,0.9269221232888021,0.9442021184867451,0.8735427769805232,0.906411287926286,0.922327172480157,0.8777614007159888,0.9294532364899866,0.9718449442860079,0.9772540695377496,0.9828017918388846,0.9827633101339281,0.9733275797666251,0.9777203420512827,0.975805329047868,0.9749838264716066,0.979199677067137,0.9870001382126691,0.9739967318384664,0.9766500382832841,0.9782114464106073,0.9831966560087461,0.9782994221232284,0.9775959003237779,0.9769465371818411,0.9700135176408734,0.9540568960393869,0.9494213474464068,0.9464767612484436,0.9360208713501885,0.8471086858818093,0.9023979033868261,0.7764113735111444,0.8250778929289981,0.8352674676350118,0.81505639107108,0.9417416653169463,
pre_model_seis1_20250809165439_58.dat---0.990663966209164,0.9876941834692092,0.9824132634018495,0.9908835833686519,0.9795420921226516,0.9832454729333864,0.9783134661099443,0.9470990532209618,0.9148742873892045,0.878560477563499,0.8875303499204449,0.8155925077184213,0.870054424570101,0.9228574313096211,0.9410757810814105,0.9562206642405962,0.9784469556842731,0.9893127237636699,0.9933684765387227,0.9925781680978754,0.9930356748772444,0.9911156369847742,0.9936009039478289,0.9846894287952547,0.9873945125845608,0.9678878558893651,0.9696887587536176,0.9538342355261115,0.932877161279302,0.9370904656240009,0.8934132934203388,0.8945439551636716,0.8134736587127686,0.7220820232807005,0.746388281532349,0.8107780314082585,0.8614304920538423,0.8696623423114985,0.9070322303581708,0.9220403091480103,0.9100103769559564,0.9278633404224704,
pre_model_seis1_20250809165442_824.dat---0.9898546406807672,0.9918163646564754,0.992569628034887,0.9902470287750175,0.9862499929418427,0.989633096402022,0.9879746124093234,0.9825369407776217,0.9769849277953941,0.9746357027998658,0.9303205908358484,0.9262003921989893,0.9478946254691801,0.9565803450125198,0.9534177833734416,0.9441428591610435,0.9548673807054313,0.9546392104796079,0.9633079361303695,0.9609342243412422,0.9582479859713877,0.9509991218191727,0.94045165878282,0.9230686463376149,0.9145500031237133,0.9362718606489738,0.92098571362688,0.9236670698812175,0.9148461505937773,0.9477831267124462,0.9544080005872014,0.9372819566883277,0.9375019883642931,0.9469499128392916,0.9557740463818523,0.9431639182857253,0.9623998331512823,0.9523733392977977,0.9584054720491018,0.9635805781561246,0.9593203514405026,0.9550448540907415,
pre_model_seis2_20250816100703_91.dat---0.9720676975510384,0.9709382893442805,0.9732038137845602,0.9810559378507065,0.9685521332363615,0.972523704604011,0.9798465283206469,0.9785149355887207,0.9794088731764482,0.9797164354406247,0.9847905265900169,0.9759581469718099,0.9911485932809173,0.9911278003798464,0.9936174322755327,0.9909326605766391,0.9895587841609311,0.9920934305225122,0.9950639733546548,0.9935718078704154,0.9957269167117132,0.9896311509386613,0.9752623187057764,0.9768197021194307,0.979249357673422,0.9866625070923855,0.9737514108472908,0.9933718412864017,0.9936441099754115,0.9856303173788972,0.9818400452663453,0.9884503242328876,0.989018692758617,0.9910978003187616,0.9923084057320474,0.989071638172504,0.9868545319181742,0.987145833736775,0.9850232021775102,0.9801980656505512,0.9772015720390764,0.9841866158442273,
pre_model_seis1_20250809165439_431.dat---0.964841128832474,0.9780593934734619,0.9823278096472193,0.9880071138795852,0.9879931667496985,0.9919286660605984,0.9863417791474947,0.9933879858688706,0.9921732886295903,0.9905287559542677,0.9884141237443752,0.9931428038170869,0.9951305794633057,0.9984313133752518,0.9988178299185189,0.9897805673151268,0.9925366631521936,0.9932075026300652,0.9958173790182566,0.9893661462521078,0.9849594913781838,0.9900560217384531,0.9858378415658123,0.9896152652585241,0.9867065945276119,0.9910603293603824,0.9853520627390019,0.9724019845070749,0.9898193110283134,0.9864118196302236,0.9896701792962066,0.9850249229412803,0.9890045859921542,0.9858728215242728,0.9766768659825613,0.9762242305339889,0.9814276968319683,0.9799698188980629,0.975829867612761,0.974523890492024,0.965465942528908,0.986149891251154,
pre_model_seis1_20250809165433_662.dat---0.9904097651568201,0.9932536247523318,0.9910080327871676,0.9858238669162256,0.9884801616357906,0.9822958384622239,0.9851880369717999,0.9792779978843774,0.9876190375425263,0.9859068772907755,0.9891526589138459,0.9910000544240063,0.9943088670305189,0.9962911274653348,0.9953486654314544,0.9919155562014033,0.9940464130912072,0.9954912240998969,0.9929916660156259,0.9884750023853928,0.9931525067908797,0.992799761836504,0.9909516287655783,0.9924413366132604,0.9874049031716943,0.9744700871348203,0.9713357865335006,0.9727631358922133,0.9739626949394501,0.9684735975246342,0.9568507055541176,0.9434275967777191,0.9627936217940797,0.9336314575514161,0.942999325819341,0.9320635683918693,0.906450506861623,0.9458374389762133,0.940102210179469,0.9434450472298558,0.9373789308000191,0.9746590322828532,
pre_model_seis2_20250809163921_691.dat---0.98845383065712,0.9899119709877857,0.9862897725690998,0.9867575172735947,0.9880686016064635,0.9872208263197385,0.9886410742542959,0.9828840223324389,0.9716608530634645,0.9793771665710448,0.9717086027322906,0.9752950524557328,0.9975916982744351,0.9988992369592801,0.9973169709889032,0.9884995990655717,0.9813317140956077,0.9783030085867659,0.9793885513580557,0.9855496913484949,0.98743509876257,0.9892064543920056,0.978165068974696,0.9720836026849909,0.9716643286645025,0.972761832697181,0.9775099282426302,0.9715577194658824,0.9714897930419187,0.9713475579508128,0.9462183917340443,0.9384774100076623,0.9121133114588614,0.9154043631101278,0.9123497036896538,0.9150981564031503,0.9157277635496832,0.9055608871260843,0.9217124758707975,0.929657600299745,0.9226579910777383,0.965886565870852,
pre_model_seis2_20250816100703_37.dat---0.9898028491553871,0.9948690348093103,0.9919382336391327,0.9898700354548278,0.9889388721203823,0.983187170841204,0.9795679888018344,0.9626539998590774,0.9803928306912836,0.9772207955254033,0.9621669250427722,0.9613261396009258,0.9439616929835647,0.9407880622551906,0.9123648350776554,0.9548850251623229,0.9725826909210696,0.9630401899800686,0.9756850036484239,0.9778609549840902,0.9769473857801078,0.980131561477381,0.9678567634334705,0.9683764143040882,0.9467056136724067,0.9575924477373869,0.9335752142430072,0.9121603288053842,0.8604414834096582,0.8936158253651941,0.8759685983331791,0.8936930989129441,0.9111152643782177,0.9479317633020121,0.9596743686221209,0.942002923577433,0.9448984744316772,0.9329454123989323,0.9269948454533901,0.9040084316784623,0.8800779164546902,0.9492638406420749,
pre_model_seis2_20250809163915_871.dat---0.9941190925792404,0.9862454016910809,0.985651262920383,0.9917531622943409,0.9885415779121488,0.9822369151134821,0.9848698682820214,0.978852044851036,0.9801302231150951,0.9800155338211736,0.9833939161355341,0.9796513330461261,0.9838054095389005,0.9858321782579452,0.9905125930335305,0.9944924070056391,0.9971117575258568,0.9981210307151266,0.9961564565009738,0.9935411974771658,0.9929976062381016,0.9910063727368986,0.9908990996531432,0.9834682904308794,0.9748113762378964,0.9679067519872584,0.9702825176553461,0.9644561006056966,0.9626386191420178,0.969691126717596,0.9749558253453775,0.9663475886732301,0.9809376469400479,0.9786859135365223,0.9858912704584565,0.9861022429602296,0.98331985428742,0.9841373233050195,0.98810313663218,0.9851838018741004,0.9871441813875037,0.9835121953322372,
pre_model_seis1_20250816100522_11.dat---0.973812832126828,0.9474655541929451,0.9720046131844269,0.9640206063621769,0.9811650427092448,0.9811278482256909,0.9746433382503265,0.969781040172855,0.9816331987314291,0.9816541887884065,0.9749668139300854,0.971600787790188,0.9806426343067585,0.9790256464353331,0.9725275993581818,0.9818533949715088,0.9853529954446788,0.9876155792290032,0.986496997052514,0.974113146557733,0.9721099897436526,0.9711653509688086,0.9646144122650968,0.9656332667133298,0.9420744125007429,0.9587624903219352,0.9561665283267815,0.945787759028855,0.9660701106675827,0.9518401839122618,0.9365034018492098,0.9226220711659253,0.9370057815518372,0.8970350291345405,0.9374023609302401,0.9454929383844941,0.9240251545753224,0.927964434544686,0.9468095407045759,0.9460852037184342,0.9255732126047784,0.9600548168642297,
pre_model_seis1_20250809165442_178.dat---0.9739681084945964,0.9727172941710582,0.9762032932221781,0.9816590437029633,0.9752714938871053,0.9706739563651183,0.9562037277279266,0.9297374208475891,0.9576558611642628,0.9697532780493406,0.9711852026865195,0.9482862864577383,0.949496806663339,0.9628495942679017,0.9571918926024944,0.9566235386627925,0.9604658260911793,0.9447288554325118,0.9780778925346136,0.9761255183694091,0.9747063278306454,0.9755185127533569,0.9763418059774833,0.9695884086120923,0.973492941622542,0.9712512948853251,0.9673677923815072,0.9665376388652265,0.9775783372688986,0.9764061869170356,0.9781442673768007,0.9714070779125132,0.9750259351397498,0.973185437249194,0.9694055115800949,0.9784878065974176,0.9719828017763869,0.9693872916299741,0.967972368073499,0.9702940462266684,0.9715901763330607,0.9681596794734171,
pre_model_seis2_20250809163933_686.dat---0.9892185519093553,0.9908104204563479,0.991245725186773,0.9923002166100512,0.9897338862222699,0.9902013235150118,0.9752462310067896,0.9762351016681516,0.961122479025944,0.9565536713363058,0.9647908797904624,0.9631343615938412,0.971222304247298,0.9461776546830343,0.9728309591755432,0.9817188571051374,0.9776269185995313,0.9847861688502038,0.9832833608208275,0.9929380264520216,0.9863236393489062,0.9899327117668237,0.9886564813120728,0.9855319537203254,0.9827996523412958,0.9755454176096796,0.9722222500498046,0.9786225076390939,0.9847480626141458,0.9824308616793618,0.9861921010085442,0.9834923458242253,0.9673462855171372,0.9787785621611791,0.9801528448836715,0.9798302641599945,0.9749730182129719,0.9794709807478157,0.9826180480852146,0.9817648587764872,0.9813047379306525,0.9793637727718119,
pre_model_seis1_20250809165457_391.dat---0.956919558329055,0.9725557327533889,0.954211926078273,0.968081718025124,0.9686311158150253,0.9563497471498511,0.9526832732162743,0.9724352141127359,0.9586136774768622,0.9896238879027208,0.9848660628915209,0.9865163150757333,0.9707425908850112,0.9912736750593728,0.9905461724834221,0.9865459728096315,0.9847868930411291,0.9841374757027004,0.989562559580596,0.9908237840931369,0.987276435053048,0.9799643244080102,0.978559169887075,0.9753292721336927,0.972850265146067,0.9705539844324538,0.9633332826729649,0.9459650400453199,0.9342495025620514,0.931902613651712,0.9236339034745586,0.8904524093767475,0.9112858572419974,0.864327412063725,0.9208244006209692,0.9211263400667757,0.9186538975778158,0.9154498683025313,0.9329181214901375,0.9285845549796342,0.9238235242939349,0.9561212568771413,
pre_model_seis2_20250816100709_2.dat---0.9951075621965391,0.994585291809628,0.9902071349075555,0.995081527041013,0.9939256765400736,0.991112461256229,0.9856698929851739,0.9836987975927896,0.9756739259956955,0.9573289778612611,0.967675236787319,0.973890786214184,0.9737020195103042,0.9880421333379678,0.9845074443800084,0.9952347397649415,0.9971177630565518,0.9962320779629222,0.9971068631477291,0.997174528885463,0.9965386598242355,0.9934889856134776,0.9797730680200254,0.9782271839002677,0.979362614845912,0.9815940142236879,0.9793002263506934,0.9617935255056602,0.9254220457303965,0.9514447638229272,0.9644412355534902,0.9690327348699893,0.9711689641129074,0.9698969859974903,0.9752207110032134,0.9679433172129456,0.9670407104163168,0.9719940763558473,0.9649022025198309,0.9654683489401528,0.9707668222663535,0.9784852692272966,
pre_model_seis1_20250809165433_580.dat---0.9882604133320172,0.9913759583275902,0.9847720736673778,0.9882796115504376,0.9849073683610682,0.9805934154645934,0.9685470689759192,0.9558687001598297,0.9592733051120861,0.9639464071007648,0.9758547696153747,0.9708229157270164,0.9896457090218184,0.9956428087760781,0.9970489410795111,0.9951719813594808,0.9930057089377186,0.993738800462955,0.9930910492147562,0.9834492512713747,0.9585157817612499,0.9723385741379769,0.9549497868515939,0.9641846802271821,0.9717027703311932,0.9545257376338094,0.956565097382586,0.958224575837171,0.9746987219639676,0.962789638293985,0.9522055645368953,0.9734555384083927,0.973587723537457,0.9618900203997652,0.9703413975648122,0.9583168722797295,0.9650088736128375,0.9803494352465317,0.9813845662736754,0.9782810174634178,0.962098674105215,0.974114909887005,
pre_model_seis1_20250809165430_186.dat---0.9937608640242024,0.9905178697892737,0.9907568115430466,0.9893236212677248,0.9862501607729365,0.978397841412228,0.9726285609339778,0.9632531372768822,0.9754217571926406,0.9816009873042236,0.9582152420061923,0.9878548589925695,0.9877168813485265,0.9842229446256932,0.9771800940274096,0.979112954090967,0.9768802735322117,0.971360273827273,0.9690482546931909,0.9733558841282821,0.9674522599046177,0.9647425331332193,0.9679893414881102,0.9610871710276052,0.961389851150519,0.9559434654874355,0.9547207658525638,0.9272075964422771,0.9429392901171955,0.9416337233641244,0.9451054667395529,0.931646126010753,0.933260299424915,0.940235369943763,0.9432261052922664,0.9468341543468266,0.9616334205553032,0.9712256290525806,0.9631248687332348,0.9759126610135599,0.9804471253178225,0.9664540609070169,
pre_model_seis2_20250809163930_574.dat---0.9890119857385077,0.9886866783186028,0.9883657355643986,0.9889195477606945,0.9895321502892468,0.9847274420483417,0.9856190607794413,0.984096306195395,0.9787843804465325,0.9643525906300806,0.9594333017927357,0.9705271318663299,0.9717369662762141,0.9718184084775839,0.9796382392428972,0.9826251007937848,0.9754276265069107,0.9658396992724436,0.970092813771146,0.9806405232599847,0.9709855689593663,0.9523003989926528,0.9535481293455195,0.9353022572365769,0.936474662224822,0.9454398787123689,0.931470800466962,0.9077520418942183,0.9367112430380881,0.9417892726413479,0.9609308465294091,0.949524551756488,0.9612781335332434,0.9325899326285918,0.9399936457195657,0.9432355963972971,0.9428112783853929,0.949572172028687,0.9497107514961942,0.9299592176150586,0.948088657174814,0.9607157250197056,
pre_model_seis2_20250809163933_603.dat---0.941380115596235,0.9287392442526632,0.920944291178451,0.8584640811881237,0.864001065424388,0.7708183467033043,0.8024471095976546,0.6309066206379529,0.6336433890288182,0.6982653984716222,0.4875815191837727,0.7856978261083521,0.7649072908756617,0.7076331959314779,0.7143802675260522,0.87475886377593,0.8789397659407767,0.8963960689625202,0.9070559552534843,0.9297258654414213,0.9085918565807123,0.8760900422395909,0.8085185207537627,0.7361836365971074,0.6990258151873603,0.7280461326406218,0.8069344422927434,0.8173917461665777,0.8661717751260517,0.8715406403391233,0.8661299392836456,0.9039160694545431,0.9019287009035882,0.8707586861814963,0.8523249685818222,0.8777765844994676,0.8563441842753237,0.8197715729030476,0.8811148309141403,0.9058347533164202,0.8986861953860829,0.8231650579195583,
pre_model_seis1_20250809165442_897.dat---0.9895600217649428,0.9784077781230777,0.9720920266845633,0.9626553609578666,0.9701152187225642,0.9493851617230619,0.9019002269164909,0.8754077883949393,0.8802475648993503,0.9051624867994447,0.8782589071925195,0.973358726537842,0.998616550024919,0.9876431790058582,0.9744890548256732,0.9936908089270173,0.9934200803342884,0.9829398842435777,0.9806055627456279,0.9733680903017824,0.9549360594238981,0.9553358979858934,0.9445535590463199,0.9015423729590442,0.888088918936145,0.9119928012171072,0.9310640253023257,0.9412678265581411,0.9376916139268013,0.9620747337972578,0.951520691421217,0.9523313231625328,0.9556482106811538,0.9572542603065873,0.9533788178598384,0.936247191948152,0.9476463144522087,0.9746851231942009,0.9507212853188918,0.944948649906484,0.9388606592168648,0.9491003613596699,
pre_model_seis1_20250809165436_432.dat---0.954324898524682,0.9731218442905896,0.9706575496295696,0.9647737539147602,0.982203653085542,0.9777488090179,0.9737075824195911,0.9626591883007511,0.9700679087976462,0.9793647098977479,0.9892379025524962,0.9934521197675323,0.9952646505160371,0.9954966980652568,0.9939386615577878,0.9949219114936985,0.9960730667903561,0.9962986076603848,0.9970492509278331,0.9952937484772184,0.9894166760962647,0.9836221873720873,0.987091168362243,0.9878659081483053,0.9798245081087499,0.9777777243008188,0.9725443338924216,0.9717715186926426,0.9621596566968149,0.9674965313569098,0.9560621854570479,0.9381180591909848,0.9328556094786893,0.9449747053034985,0.9441960395721464,0.949800238287957,0.9441576725177638,0.9492864666386728,0.9308024825402754,0.9354372159352202,0.9432718439934904,0.9708338840885459,
pre_model_seis2_20250816100724_97.dat---0.9850563132793551,0.9884389404578824,0.9897982814038477,0.9897796099352824,0.99186325641564,0.9913857335021923,0.9837199835822481,0.9726282796774579,0.9760780994662495,0.9633702398628624,0.9536478565136024,0.9619131942127332,0.9557478092768261,0.9837617928057709,0.9824191529977776,0.9626498382036077,0.9623335287734396,0.9778500346057235,0.9793325473100838,0.9803984763592106,0.9802137399279319,0.9596933834297889,0.9386538643611589,0.9490454890760254,0.9344122461945233,0.9351183092932688,0.9557368049610259,0.953926210143225,0.9388121729097861,0.9475526732940827,0.9431822250145085,0.9009026706782932,0.9054521536512906,0.9180487890604588,0.9458949709620826,0.9435810591129233,0.9452596784388094,0.9541992905724448,0.9578872225117251,0.9612992948942868,0.9656216972122056,0.9601626076668691,
pre_model_seis1_20250809165451_797.dat---0.9554605665274789,0.9824699432006528,0.9752527900492882,0.9822846384224437,0.9794750242309768,0.9802179469776099,0.9833784806029168,0.9790057928709128,0.9866027634512154,0.9904818907966937,0.9905898904172784,0.9956360511911821,0.9922237516340678,0.9849606591212025,0.9722745878213062,0.9769626406029929,0.9819546929977132,0.990120907392686,0.9731926060801341,0.9864531962102205,0.983822379268377,0.9813733508148647,0.9772105715243479,0.9790907119740321,0.9656713862872249,0.9692643960897301,0.9602564865818325,0.9531607074074918,0.935906933394384,0.9432250993519627,0.9410466237654035,0.9298833348469088,0.9228557951313345,0.9108147696396812,0.8808017829762876,0.8596232019082254,0.8600308543729914,0.8892365689396867,0.8662225689058136,0.8683397882008729,0.8826246063036346,0.953645383860587,
pre_model_seis1_20250809165451_227.dat---0.9829229163207696,0.9883436916329186,0.9796538710490513,0.9814829774020968,0.9857786887962825,0.9931809831246817,0.984003948119734,0.9889507666169245,0.9860904422687737,0.9808388508487454,0.9771815051515482,0.9770711750318246,0.9839680718730228,0.9866205400529843,0.9851809781273118,0.9730915866769098,0.9833982976896238,0.9905440678366463,0.9848159789952503,0.9839508484723312,0.9772887948858509,0.9678080503210653,0.9772696687244546,0.9756716274414058,0.9644475372623478,0.9704343915152882,0.9517990493169779,0.936877770525538,0.9370439794614502,0.9106587240791304,0.899139878662698,0.9112669238824505,0.8842169019697501,0.8194987457372399,0.787636132563715,0.7866824647280667,0.9107710159974292,0.9333676991179816,0.9230228090257973,0.9411508019241577,0.9462112127423512,0.9509593747798187,
pre_model_seis2_20250809163915_733.dat---0.9349663376153795,0.9704299809830137,0.9864516694715638,0.9840098096707381,0.976760053868839,0.9788289664094699,0.9696634283008887,0.9643545056151184,0.9523439854412413,0.968090093954917,0.9697638173980105,0.9641607002017163,0.9960178009114227,0.9959219451835156,0.9928924061080152,0.9914479966353059,0.9947462861684778,0.9857694369838128,0.9538369234484956,0.9508983524053115,0.9730457041206926,0.9803667774888855,0.9832197034359904,0.9856371689406718,0.9830363875269679,0.9872351067510645,0.9814889887043379,0.9706725591898597,0.9708959053941091,0.9521001094384247,0.9490106283594155,0.9431950025340129,0.948417915443946,0.937624968041416,0.9425632999645593,0.9543169676315684,0.9527752376517817,0.9670371605211028,0.9629001583383078,0.9537773328867185,0.9421953889752221,0.9683626089783979,
pre_model_seis1_20250809165430_821.dat---0.9803100839829089,0.975800800580117,0.9571680509401055,0.9555691408273953,0.9725732927576858,0.9701140619727656,0.9543262870938524,0.9425942941582233,0.941806385654641,0.9471447498001797,0.9280013867945494,0.937445968962958,0.9197767553787041,0.9615343609978861,0.9610801543302487,0.9553279877919554,0.972824332960927,0.9705405993855238,0.9617420786927589,0.9333703064299257,0.9604742206126908,0.9751413386477711,0.9767220706489194,0.971979147841682,0.9588652552754057,0.9655453175422399,0.9763621060500886,0.9799116189421992,0.9826543256362937,0.9810131260445878,0.9792529591842186,0.9765168351269089,0.9676103986681931,0.9567672994744192,0.9457509347505927,0.9222206434549512,0.9490660244532623,0.9531493433555821,0.9554372827618324,0.9595932384405697,0.9572810538519343,0.9597650151282353,
pre_model_seis2_20250809163918_422.dat---0.9851834017481689,0.9788691303183693,0.9793040881451048,0.971783490315853,0.9778712446223613,0.9753901372262807,0.9692484124008274,0.9724655415990516,0.9715342038651598,0.9759640575261053,0.9686442089023848,0.9837039943392065,0.9779502012348662,0.9693591575461266,0.9664489184474929,0.9620469549192524,0.9875777700207982,0.9910956940581734,0.9911116108488839,0.9954792410287225,0.9916289253222568,0.9899755523739009,0.9888573872928254,0.9791349705263555,0.977237897488844,0.9730768575952361,0.9788347407285396,0.9761249570515538,0.97839263333103,0.9795584352882036,0.9788951359836576,0.9678065208666288,0.9777722441206783,0.9783851329922832,0.9744905932882372,0.9723024725308563,0.9738267026042651,0.971187919941351,0.9605053840884834,0.9618806416236267,0.9577610106884753,0.9765528676790359,
pre_model_seis1_20250816100525_99.dat---0.9934933340870495,0.9946048888143109,0.9930431461459174,0.9899347818644577,0.989068561578448,0.9827830618010321,0.9751585946100939,0.9768146405831897,0.9661043042163323,0.9666434777771451,0.9655760198053582,0.9805762888590652,0.987227173694129,0.986922162189196,0.9895011779179504,0.9834189592214735,0.9847969859951836,0.994878206308164,0.992281951528323,0.9920097273305183,0.992101890535104,0.986383542521995,0.9782194171441035,0.9766730163946166,0.97807298197895,0.9831477395012912,0.9928720247289889,0.9859034856147095,0.9449427163247271,0.9593677423132054,0.9383199815429623,0.9037979775598759,0.9158154343204996,0.898648303388906,0.8931218629968821,0.9381539956392378,0.9576600452689815,0.9516326711937498,0.9635833853495509,0.9648003190733357,0.9643613685595984,0.9695711547872832,
pre_model_seis1_20250809165454_93.dat---0.9704644949758513,0.9705810971257338,0.9694161436501455,0.9663370385031298,0.9698233884262872,0.934486847851082,0.9397870470737121,0.9583485764345568,0.9333346029034494,0.9346648878115089,0.8989421597136698,0.9209013123916344,0.940125423558289,0.9630927494885478,0.9749262926543887,0.9648823028045718,0.9694433321248733,0.9847530213680058,0.98245550417387,0.9610221353938977,0.9463771756238823,0.9454521360174165,0.944226595807945,0.9306133617017333,0.9133219591197647,0.8786992683430043,0.9065202544674575,0.9188741993494144,0.9305579459066332,0.9302713667610629,0.9470183613205431,0.9251081451102091,0.9374868437267938,0.9333817196812796,0.9204488561703661,0.9091628782077615,0.9249767238409309,0.8992675630872153,0.9288397331966758,0.8951343394490731,0.8994495779210042,0.9383653015423747,
pre_model_seis2_20250809163924_426.dat---0.9717924831998197,0.9910259938521052,0.9828532403922962,0.9912145084855196,0.9882526523193211,0.9916183744516324,0.98597879433843,0.9826211671854945,0.986563934343384,0.9965338792232235,0.9964270979216056,0.997656896554496,0.9966265061571787,0.9943943740081866,0.9956926582220601,0.9951842306596869,0.9942005133183126,0.9928986157888429,0.9959148496019576,0.990061014525447,0.9866919036977154,0.9698824851871158,0.9680272242054195,0.9797955437907981,0.9823583996272819,0.9727461880530023,0.9817781547541748,0.9552399933519434,0.9667980316676421,0.9854571974373421,0.9796859976792228,0.9646122539933953,0.9333851090152095,0.9484975553823491,0.9649538601718395,0.9663421643812542,0.9657066666064222,0.9691671370844426,0.9718395289092975,0.9670558288541644,0.970830772639523,0.9797161897814279,
pre_model_seis1_20250809165445_168.dat---0.9903513938609149,0.9890215334734328,0.9882027906825188,0.9866342096738931,0.9755064955229208,0.9727685079707444,0.9790559732990417,0.9604622283344982,0.9796592651324845,0.975641494471769,0.9812044346793747,0.9808968591124305,0.9874743835954682,0.9874282053510982,0.9839214372114015,0.9892659907444746,0.9879642742375747,0.9846927956006182,0.9852328892024903,0.9816147803780739,0.9755767953840292,0.9625173633633994,0.9684388398636105,0.9569416022769714,0.9484144691742812,0.9548542931841749,0.9377228100315927,0.9414860405616486,0.9497983323741165,0.9252389829351443,0.9395532967473843,0.9216634553829379,0.9100543632428925,0.9043787535905308,0.9436172205986654,0.9388727127146083,0.959990923676688,0.9685348884248473,0.9623337800069901,0.9732619567481559,0.9728845300515994,0.9649545208016949,
pre_model_seis1_20250809165430_17.dat---0.9804253744078235,0.9789841075783879,0.9857475536259173,0.9894152812107291,0.9893260360983122,0.9835688224878029,0.9755954619855202,0.9766307590774411,0.975218649220585,0.957357509105148,0.952368290969448,0.9474055433462725,0.9443265614436434,0.9337153909312732,0.9533186587333686,0.9593428864603751,0.9487830145412781,0.9300498859386861,0.9164906701623523,0.8822230711561997,0.8671454206935543,0.8931135944671501,0.9212625654626061,0.9186237740213138,0.8183091532594785,0.8885824168705551,0.8724698631399574,0.9008489043430371,0.8438634328842943,0.8591519477400699,0.9045127598792543,0.9425214832321172,0.9466765305138908,0.9387958214616876,0.9532112728181064,0.9433205065283166,0.9610718760375864,0.9592107436991598,0.9733805495630158,0.9706790889371557,0.970804246743484,0.9367768166043012,
pre_model_seis1_20250809165457_811.dat---0.9813524727896871,0.978499870669158,0.9797034267924889,0.9762591591933766,0.9679725453964717,0.9729916239531036,0.9743048570118231,0.9530113596742826,0.9533974620868463,0.9522661805927549,0.9321488306666433,0.9455441937404425,0.954857178023474,0.9770708801706854,0.9833237557669434,0.9865992422770317,0.9824026634493883,0.9777886168893412,0.9836955279457282,0.9869525461016408,0.9880742930005759,0.9887151364548468,0.9843960413032707,0.9811891978407262,0.9795403991250446,0.9776543995265816,0.9763428307079884,0.9780823782273974,0.9787438529507637,0.9813061981473096,0.980216873642798,0.9807847223694459,0.9845673567198484,0.9847949542208925,0.9863064574396173,0.9908481209785692,0.9879097928659164,0.9845015074254512,0.9784740538545348,0.9560756854454432,0.9424492145576611,0.9749052648779509,
pre_model_seis2_20250809163933_66.dat---0.9619277443527304,0.9726471219353048,0.9743435136800707,0.9760368247635096,0.9750976793386615,0.9799427479156523,0.9851791595496594,0.9858525330968148,0.9842191519317185,0.9827341764326912,0.9823763468891864,0.9798651791901258,0.9693100609140319,0.9726039590000287,0.9903135726201137,0.9913434666786404,0.9922644157453597,0.9800864886435812,0.9896649634372479,0.9894440740770402,0.9914172419705095,0.993085812397956,0.996706435501737,0.9955892611334399,0.9712002521641082,0.9390292576655878,0.9182844406454016,0.9387055816240482,0.9421506175721658,0.8888409561888921,0.9129218638861253,0.902982149480763,0.9475945301197014,0.9261034504535469,0.915151257083753,0.910544691592848,0.9047567578985715,0.8958229379156025,0.8655574343580295,0.9011728760410656,0.9540576434823297,0.9567543568138624,
pre_model_seis2_20250809163927_317.dat---0.9580871802886336,0.9480072726370709,0.9622280146284886,0.957160123730005,0.9225194104538595,0.8912938971582186,0.9033849582996146,0.8910534447341243,0.8678311388497718,0.8688802804610132,0.9084553475870796,0.9453821763654593,0.9774077520799095,0.9804773103887561,0.986875018843892,0.9853266591912443,0.9810526338255888,0.9846261540295149,0.9918690461568263,0.9927276070689708,0.9969231914755843,0.9945441258733035,0.9892912377285955,0.9906305069305259,0.9892937264276519,0.9854633681083828,0.9755330825049261,0.9509887423263567,0.9555049552944195,0.9392154702823211,0.9187320107173474,0.8820090323091606,0.8701184661327843,0.894661649443639,0.8890765624985197,0.866061823527769,0.9061991770581734,0.8915430763995453,0.9120725856472891,0.9033739086870874,0.9042091860724307,0.9392705198103378,
pre_model_seis2_20250809163927_263.dat---0.9896453993800947,0.9916714257818243,0.986769357038501,0.9889873364329079,0.9861573294003199,0.9859534791746339,0.9830165662981223,0.9865773183214286,0.9854677212671189,0.9841222417542264,0.9864378157214263,0.9835480304142501,0.9789297564062679,0.9756058995058152,0.9721657030018728,0.9755911023514129,0.9931688480982157,0.9825936449047438,0.9768188026045143,0.9854828704501833,0.9879791330778455,0.981063397557622,0.9744741657137239,0.9743231364236912,0.9797174234701638,0.9821962440586163,0.9707003348982917,0.9710341908814494,0.959327748493806,0.9879352073588835,0.9838452444774828,0.9903619709356524,0.9884211944537735,0.9831245650606782,0.977977749037312,0.9706960932540983,0.9498462845464493,0.9381742096384516,0.9453420538964628,0.9414560891673718,0.9587320838836619,0.9774497358193505,
pre_model_seis2_20250809163930_220.dat---0.9606322194608028,0.9468892779415911,0.9419712995555657,0.9456226575587361,0.941801122595455,0.9608070487379896,0.9717360335370624,0.9728372232782603,0.9845021310798743,0.9815518901680143,0.9907857426075621,0.9900035759027679,0.9946854323382789,0.9948800071541352,0.9931212220873259,0.9950439111966383,0.9896089576045338,0.9925716270973977,0.9730320148527088,0.9659410755676511,0.9549993525131228,0.9501925294767674,0.9596149380334095,0.940774332394039,0.9534444704613122,0.9667601170531686,0.9655716822314669,0.964885181451903,0.950352521182757,0.9313456730980866,0.9335596857340853,0.9381771868685017,0.9359676390557411,0.921972616566998,0.9066874563665828,0.9035422357532186,0.9179164167640106,0.8896798385016563,0.9148493020788715,0.8836470448425507,0.9090252435920393,0.9531948764473817,
pre_model_seis1_20250809165454_657.dat---0.9856142378843872,0.9769325019863693,0.9697694855221817,0.984893605088142,0.981405657527707,0.9780510831279603,0.9865976532558532,0.9860433691978842,0.9825303328203007,0.979008131062965,0.9866555795577518,0.9920697696518251,0.9892251506904425,0.9896956549243315,0.993506991230673,0.989856950476595,0.9911096432245278,0.9788480656440746,0.972555964955258,0.9624389344584495,0.9676909287591431,0.958650023837637,0.9807217456236382,0.9816234044756161,0.9797007429299646,0.9620528354972014,0.9637213920389712,0.9387106656414634,0.95548361306876,0.9444128093449224,0.945484647492427,0.9599808915106869,0.9728756766705852,0.9630617577366521,0.9684485233369476,0.9736940772981802,0.9693400187098704,0.9700427715185519,0.9756804618470601,0.970506828768827,0.9738621588263876,0.9739647496883211,
pre_model_seis1_20250809165436_43.dat---0.975110727569426,0.9777984709571346,0.98840915106641,0.9862623219565502,0.9862736210712888,0.9867775167894937,0.9863469814754113,0.9855094011461148,0.9857038235245869,0.9919851106035533,0.9946384202608808,0.9968873293233397,0.9974309631930496,0.996304178843909,0.9950909962703484,0.9965334417977907,0.9911909979588513,0.9890127724785059,0.9852872305043265,0.984509926728251,0.9865801137274547,0.987268910275871,0.9813227835883166,0.9857996281209676,0.9875092683650731,0.9854009042261469,0.9830548601699589,0.9797849210106802,0.9720825807409229,0.9703368201331076,0.9454523171612577,0.9381558345437827,0.9443886293010721,0.9545507154379944,0.9704473030469007,0.9587672883997611,0.9562878473156692,0.9589990003687032,0.929267097637162,0.9531818912644787,0.9585056183228805,0.9771757979677415,
pre_model_seis1_20250816100525_31.dat---0.9509708265360631,0.9764775267570301,0.9691887216803189,0.9782746465946457,0.9623864897031437,0.965855236538089,0.957557052382787,0.9546595446151991,0.9630592235844119,0.9283231205746827,0.9516586074649366,0.9579820635370149,0.9569430116982196,0.9498490885343308,0.9600554005351225,0.9926484690632748,0.9897915590885801,0.9820835080397142,0.9727810911886822,0.967973874936057,0.9621156570193898,0.9660938469829283,0.979615339261976,0.9810808044281006,0.9737890405135907,0.9713463089719666,0.967063609940961,0.9714553159843209,0.9521788460180522,0.9633164502713588,0.9570236275879372,0.9501478896676997,0.9454264433902578,0.9402049193816142,0.9177045916548098,0.9519117456986799,0.9657894886426843,0.9623462542750196,0.9573675086601479,0.9500461672357707,0.9464659252900508,0.9614880205836495,
pre_model_seis2_20250816100657_88.dat---0.9689211102936888,0.9873857257134498,0.9858413085711073,0.9840148476977215,0.9823596475611955,0.9821580167033257,0.9758084392241845,0.9599387053512888,0.966630061293242,0.9595587932358342,0.9486622053589852,0.9313929563906971,0.9853048490773016,0.9884425091410197,0.9946511513529747,0.9947333803996112,0.9819853006063773,0.9842060934140727,0.9850288098881561,0.9882592729477825,0.9878303444188415,0.9765761813550706,0.9549847903363099,0.9668079707328148,0.9463857204401103,0.9435941955063897,0.946504548085649,0.9470611640571739,0.9624165911605118,0.9560798393742419,0.960284259645896,0.9537243390522058,0.9505074474796884,0.9469780043890615,0.9360694786625843,0.9395986398421202,0.9436521473859344,0.9477034192692209,0.9368111427034287,0.9459060263222636,0.9468792700611347,0.9641863098659182,
pre_model_seis1_20250809165430_652.dat---0.9795788548035352,0.9621991314916337,0.9814636602144293,0.9797969832733384,0.9733986126075261,0.9754993051285739,0.9547179606676862,0.9594641268261467,0.9628154415415312,0.9687912155757669,0.9674117475180601,0.9699365408032109,0.9846001953604082,0.9909358527106562,0.9922995309055926,0.9975554507152072,0.9978806445636524,0.9988523297585781,0.998004096555703,0.9966787681035992,0.9822392673178546,0.983352802276481,0.9817198626068798,0.9766631946971888,0.9790523389856075,0.984910754015224,0.98579000607153,0.9869751743311189,0.9821113975915248,0.9885911861996595,0.9861509810179372,0.9754384161540606,0.9668342946257865,0.9489287577363977,0.9646984516767955,0.9472977184775372,0.9156191839883054,0.9236281169757666,0.9194912703798765,0.9071318203643306,0.9198812735226346,0.9706923589789591,
pre_model_seis1_20250809165445_660.dat---0.9840381392116281,0.9863765839950045,0.985064702769164,0.9818440042875395,0.9816627932551385,0.9823497006422949,0.9803347990858952,0.9744815162019613,0.9761479516548036,0.972947924833747,0.9733295193938608,0.9790907040676057,0.9890770208068602,0.9898195490360926,0.9980286021213876,0.9981482515574042,0.9977053385357597,0.9820851067837558,0.9739755030954064,0.971714939071756,0.9767857743203022,0.9757932534492438,0.9494983186012036,0.9720271603034943,0.9746780029103336,0.9691957805916194,0.9778248276460509,0.9733140278928021,0.9758865106571686,0.9757520401747033,0.9711459763878083,0.9652736857800873,0.9684688225974787,0.9551075082867061,0.9340888682450558,0.937405548366802,0.9161618140487165,0.9213074754068233,0.905767507716224,0.8598567331603502,0.9125091552993482,0.9664895473719362,
pre_model_seis1_20250809165451_357.dat---0.9847919905340976,0.9907566983354402,0.9901606377877415,0.9880124939653555,0.9923933970617972,0.9885391116844521,0.9896372974301401,0.9891676132538024,0.9830157114596653,0.985291214774788,0.9811685574477373,0.979526644783191,0.9851059637884108,0.9880355153530033,0.9924079387440349,0.9913311924418287,0.9922268329193237,0.9806781255843889,0.9819301821967408,0.9744422190979888,0.9764784444596918,0.9837995121544559,0.9759021285101714,0.976891280100877,0.978909821927117,0.9756595413278325,0.9767101769646891,0.9672642554230613,0.9702611775434126,0.9463066420219788,0.950537242418907,0.9390117229098226,0.9381024103134085,0.9322588278808056,0.9003329979541513,0.9426661559381595,0.9764992104493457,0.9764221005981225,0.9573914207790489,0.9543638491052548,0.9580752236276402,0.9727430117329728,
pre_model_seis1_20250809165430_176.dat---0.9916623161123531,0.9913138946415805,0.9901766351777314,0.9862049307143143,0.9821713425326376,0.9772715677045329,0.9822601439463426,0.9786702293782015,0.9768532553021165,0.9726894928160309,0.9766339518716621,0.9233577057038032,0.9525598257108356,0.9560066029173553,0.9359022395642548,0.9847065227273613,0.9778680928148612,0.980202841992681,0.9834314107585339,0.984949051837371,0.987125896137478,0.9686717835871577,0.964075440432305,0.8940534190566019,0.8962992497417049,0.8960628282179174,0.8974340496879285,0.8671516644626366,0.9008471594803096,0.9074695745147858,0.9179975990334148,0.9438422817378728,0.9571843647149494,0.9516024379093381,0.9482299623117332,0.923504801274328,0.9220663267790473,0.923298873768324,0.9244057814566119,0.8898229178455518,0.9266905320626827,0.9486031463033474,
pre_model_seis2_20250809163921_65.dat---0.9775261426528467,0.9822678429570489,0.9765443773724876,0.9808192212314766,0.9792346937664935,0.9879280100161717,0.9774656061387906,0.9861594168217687,0.9772887044318681,0.9857342987010027,0.9824646512975279,0.9742990975973332,0.9769577580923813,0.9828522507106475,0.9822661208310262,0.9853219754417917,0.9802965549281963,0.9889152389642658,0.9953744999727847,0.956631468667764,0.9674263028681369,0.9767317146179861,0.964798632296263,0.9830606661317874,0.9839772477880131,0.9787137984845274,0.9769771975822453,0.9697639594092102,0.9559010150704891,0.9680804747783055,0.9673635700840679,0.9565030084003068,0.980155320475534,0.9765642873612349,0.9821162902084336,0.9560254047812676,0.9367746384309684,0.9429827267327128,0.9201944550556488,0.9268652801815217,0.9244413238891185,0.9710186645175963,
pre_model_seis1_20250809165457_544.dat---0.9947836248999334,0.9961484048150884,0.9968573811444936,0.9971601387685264,0.9957913247011195,0.9960745907489322,0.9949802222420503,0.9914036834411459,0.9904468232257208,0.9947251957644966,0.9948975000881076,0.9908643999961241,0.9984764892595437,0.9974487895803661,0.9958950150122361,0.9987124825495017,0.9978684088474735,0.9979859697296235,0.9993702346753979,0.9983783318783355,0.9970197248921466,0.9965504482267366,0.9909929969360769,0.9905001522682867,0.975536139256313,0.9748683443303889,0.975057069352528,0.974947079726069,0.98559997438542,0.9860668707198915,0.9831089299947762,0.9854720996377635,0.9833636169912038,0.982046667144294,0.9643228571492493,0.953081738690071,0.9683972811352131,0.9713366487250102,0.9769604488214267,0.9742579230664905,0.9469268761629418,0.9866995829019636,
pre_model_seis2_20250809163918_125.dat---0.9912278997481571,0.9932870121287,0.9928363146602187,0.9942281538148697,0.9940875862354942,0.9930368637126915,0.9941394690422399,0.9916576559968728,0.9911076838820919,0.9938650218037532,0.9920262634736233,0.9908646450895554,0.9845220111727272,0.9831391806857143,0.9795185698652696,0.9783399483478901,0.9880403339792546,0.9885517523431085,0.9878236682071844,0.9710752715620796,0.9752328659847317,0.9759245189987267,0.9828402726665931,0.9825899127000995,0.9676494076223002,0.9615292106371592,0.960750174941121,0.940930028491254,0.926385148999117,0.9176117912673625,0.914176838699721,0.8926331171681867,0.9153063334609867,0.8838025085700204,0.8267440886891466,0.8389209755396293,0.9072379216103966,0.9201844368180998,0.9324221409511774,0.9421550959484694,0.9186050005684023,0.9574879779532732,
pre_model_seis1_20250809165442_0.dat---0.9840465271932087,0.9785178943108631,0.9874873908049477,0.9859905522018606,0.9875971957882674,0.9840619866693486,0.9874068088681746,0.9823628029377388,0.9800570147808818,0.960659386720475,0.9842996227989118,0.9826779812053856,0.9692213262935844,0.9388678964770333,0.9325267606050397,0.9650156740735012,0.9727236331852627,0.9634689067313843,0.9019235368501097,0.8931648833281318,0.953370621082122,0.920279590306932,0.9146804342922281,0.9213520755424562,0.9369667408818162,0.9187789023501671,0.9181822807145851,0.9421729421646674,0.9498924456137136,0.9741464352208412,0.9644163378956933,0.9641821392553428,0.9591724986361166,0.9595244873493289,0.9570148195994829,0.9659405410566274,0.9657591898459955,0.9592487601198857,0.9464665853565687,0.9613412098522985,0.971157187108141,0.9572225367333933,
pre_model_seis1_20250809165448_427.dat---0.9894167279317564,0.989490154681058,0.990141531443474,0.9888424408503975,0.9911037292444368,0.9932122902573466,0.9918599976648702,0.9912711952652371,0.989619186869529,0.9898947015944053,0.9894967124358551,0.9875865064015905,0.9845417420758288,0.985778371168995,0.9945943397776281,0.9934492481424791,0.9898032060903503,0.990797451565834,0.9965500629273909,0.9932571612865406,0.9968931741899996,0.9951502087490355,0.9967117040199989,0.9867651413730997,0.9892249516481998,0.9810493858987742,0.9883527516942526,0.9742381859958348,0.9721090139744892,0.9606906788318573,0.9646635325820802,0.9614501206831524,0.9579669157821583,0.9623081770102774,0.9597236392278242,0.9719471570383086,0.9719967966323477,0.9826146799793631,0.9712142684656309,0.9837905741747445,0.9830295973086337,0.9834779856813431,
pre_model_seis1_20250816100543_1.dat---0.9794548476914379,0.9704293579555207,0.9749985277411046,0.9680590081159055,0.9761707523696073,0.9832230959833922,0.9847749482985152,0.9651504698063974,0.9877786052818471,0.9785040722823598,0.9851398444740579,0.9766656587675173,0.9823888409154587,0.9845567691931358,0.9853991847942636,0.9805391272096925,0.9935773800772066,0.9980336474643831,0.9954903065674586,0.9939142586860817,0.9828650638393966,0.9764865362425889,0.9675774550730222,0.9663043412227522,0.9542867451576196,0.9619775860761249,0.9675248371219318,0.9804699056651803,0.9834854708139216,0.9842245559424893,0.9833743686737235,0.9822467705456641,0.9755463379842747,0.9829523103601087,0.9831168746636076,0.981170017336152,0.9822870706775687,0.976566790329532,0.9633319750588105,0.9604742388223506,0.9570797145967471,0.9779901870702175,
pre_model_seis1_20250816100522_71.dat---0.9869729180289277,0.990387305213033,0.9875001722795237,0.991557722322613,0.9899155548488117,0.9864854527913334,0.9894920732500797,0.9849751139460342,0.9865898195225594,0.9797950000930968,0.9751132136209367,0.9548737062469139,0.9624734900473347,0.9587523501215852,0.9829510388499172,0.9881591470883057,0.989229740572764,0.9876525176258285,0.9819068910002516,0.9803006406604894,0.9807300280769075,0.9662126000808756,0.9733315041034802,0.9691871352129309,0.9633538101274116,0.9652164578857658,0.9907911795386503,0.9852694716228259,0.9815038641452802,0.9342674338452203,0.9406611959103915,0.8990386588943434,0.933663235384502,0.9098252067906748,0.9026081469745898,0.8961484142577145,0.9239808869091237,0.9343113793624197,0.9279706414782806,0.9289156222793037,0.9423607154618826,0.9630349135725103,
pre_model_seis2_20250809163912_717.dat---0.9562551329721478,0.9143216489648239,0.9486478950103311,0.9049576540147916,0.9403686899013575,0.9600554797256674,0.9499573906535455,0.9394259786460878,0.9598768727583447,0.9609133900300887,0.9661771295149812,0.955894314461596,0.9557259200782305,0.9526185212638255,0.925949552801696,0.9437869535425242,0.9748185018694296,0.9507894266431309,0.9295550724342332,0.9037191818674838,0.9334821297311323,0.9420858867305517,0.9536686726267282,0.9463593188742713,0.9578782818155703,0.9492795505079509,0.9476619108495888,0.9381393183404257,0.9324101437933282,0.9509081869880829,0.9366305699451791,0.939273391694597,0.941126938343472,0.9531008266473356,0.9476602675376448,0.9336424013345767,0.9459342365602509,0.9329510294385652,0.9061822234134952,0.9360617522939485,0.9226472029215853,0.9424609499400631,
pre_model_seis1_20250809165442_464.dat---0.9832704888528058,0.98246301067012,0.975330762421769,0.9736550207669464,0.978112466746289,0.9753037978234674,0.9867847713824209,0.9854724931122802,0.9797230743188893,0.9791634411376374,0.966698272203598,0.9674491960682147,0.9628786226619073,0.9855576461764871,0.989078832474363,0.9900916544022775,0.9893734365787006,0.9941196900368434,0.9912300928407305,0.9901509234636677,0.9894494441435024,0.9879248456896178,0.9908607181627337,0.9921220397750473,0.9920059323964147,0.9902102211968373,0.9893553257663591,0.9878487840607583,0.9908634802075788,0.9848684224017086,0.9829724439325043,0.9817133807439936,0.9684630194373898,0.9584646380069756,0.9369523662002607,0.9197560008311075,0.9262716023830483,0.8889906027939022,0.8581628569169851,0.8969968096173265,0.8917178127496598,0.9690702058915394,
pre_model_seis1_20250809165439_562.dat---0.993129570341261,0.9959768833126593,0.9948080078560517,0.9938144672819237,0.9947026950651341,0.9949454984229625,0.994218437144449,0.9928004869365656,0.9913587681064182,0.9770218689791719,0.9789627076278851,0.9806209361982511,0.9896445122726197,0.9922404275268165,0.9926853051025285,0.9911391448051176,0.9869694982598731,0.9859384157722901,0.9812030965007151,0.9826808966042851,0.9881137290253743,0.9925474979967702,0.986695480467876,0.9855136633961595,0.9789358885889959,0.9758041403130686,0.9617128163370358,0.9639389711564372,0.9553671131451179,0.9610794733841005,0.9409379550980989,0.9385801555109226,0.9489335400585698,0.9306882994731123,0.9419521593162389,0.9406645468023398,0.9466360011143752,0.9525856693577397,0.9563021761912822,0.946213012257049,0.9490964097926162,0.9738331786073233,
pre_model_seis2_20250809163936_482.dat---0.9881817941605501,0.9760123249782168,0.9822793077734576,0.9734260967617441,0.9716002712087208,0.9800879718473762,0.9600953418056118,0.9726204374130119,0.9618901744855941,0.95444690695634,0.9701474271839432,0.9702458987270093,0.9797676170643486,0.9796617616398532,0.9632435647649954,0.9582824147899299,0.9632712080994295,0.9768838199025993,0.9788380024963487,0.9731058895883528,0.9627675496489839,0.9708614034056108,0.9673093866631437,0.9757461995296092,0.9653225924290351,0.9802316975377893,0.9740390011127827,0.9787432971434213,0.9804577845922487,0.9799400596371003,0.9808631424298053,0.9778924747349221,0.9824961393587892,0.9833330813134395,0.9826618478838807,0.9780789748059615,0.9783671003944475,0.9775275666866506,0.9753697260587347,0.9634313081113666,0.9595286101581673,0.9733916384215446,
pre_model_seis1_20250809165445_638.dat---0.942489861989732,0.9735478475816195,0.9451025983682072,0.9623251560599971,0.9374112975096589,0.934673423540142,0.9182537338197394,0.9291369357630299,0.9371423717098879,0.9200708060011005,0.9664683016592194,0.9750660062473108,0.9927616477456982,0.996222140626827,0.9979827572103572,0.9958931957257431,0.9947172960444979,0.9951385337666304,0.9951475789595079,0.9923289160906317,0.9881632309453994,0.9762223991230946,0.9695485195196412,0.9843855445776194,0.9728632968981015,0.9763361312121646,0.9767616373593351,0.9760442021725091,0.9695494763152125,0.9761430751103144,0.9756508217962112,0.9810256259367549,0.9817504352289314,0.9762373454455886,0.9807437101214229,0.9790492070749885,0.9661593032038254,0.9486249875556986,0.9495689874937987,0.9343357892792025,0.9357654230851925,0.9677270623384034,
pre_model_seis2_20250809163915_794.dat---0.9855920204525166,0.9762135977555488,0.9857767875414797,0.9775974923249303,0.9834145139357189,0.9883048979144775,0.9832525052370317,0.974408849506367,0.9682922702962848,0.9622121931023835,0.9391456866626857,0.9477982824160437,0.9465331411954575,0.9530062445189705,0.9551899601587285,0.9586866275647755,0.9605529899295397,0.9421506106440818,0.9466844913908452,0.9602504965823009,0.9471854581403792,0.9646501017474881,0.9714306058988859,0.9746156363701617,0.9636535761929104,0.9555967559877332,0.9573549843427341,0.9428412595838349,0.9587863001400944,0.9483712096798799,0.9699040916940773,0.968103935685221,0.9733751662538416,0.9738131587438893,0.9704359331225229,0.9724569874316631,0.9684451005361577,0.9711786838027846,0.9648416699479846,0.9462505293695819,0.9525540191644167,0.9636807029991806,
pre_model_seis1_20250809165436_454.dat---0.9898537657300633,0.9908137520563666,0.9912113363858153,0.9847277764878384,0.9885221258302367,0.987740200324841,0.9895731446534711,0.9871724602502753,0.9824561361528243,0.9795238403094004,0.9769614602452799,0.9666454512111383,0.9784369432138164,0.9750467931412852,0.9853079768058437,0.9938049618761107,0.9943487512047076,0.9949682304899352,0.9929709701886142,0.9936694993773291,0.9929714634246462,0.9926646116882137,0.9974297556189566,0.996599511517586,0.9965430021620324,0.9937356289884177,0.9934638105194797,0.9891907955137886,0.9886753014137347,0.9840863321570454,0.9794697535482875,0.9805506248070265,0.9684270992675458,0.9695349721204498,0.9713444035136624,0.9732590968506647,0.9793494024740491,0.9824154200655986,0.9891346199971213,0.990215597385235,0.9936585913023197,0.986011594396855,
pre_model_seis1_20250809165442_434.dat---0.9957672421586964,0.9967914920805009,0.9976035977181037,0.9960222416368553,0.9965280072024338,0.9953963751097695,0.9950725515864979,0.9944208881848452,0.9944291373918359,0.991310696892675,0.9967828189927118,0.9960230081897462,0.9958485587257275,0.9918642000197986,0.9942013607155508,0.9943131563998917,0.9963271014219849,0.9961325335047303,0.9931630807663345,0.9922716058092822,0.9927459941982207,0.9960135831905365,0.9976002925270889,0.9934908919478321,0.9908216305399179,0.9912760419824458,0.99207856496228,0.9908613503488366,0.9893995357712362,0.980985653618689,0.9836716641512094,0.985623392656854,0.9857555787600242,0.9845824545967767,0.986705027403304,0.9868887857034733,0.9853446962550455,0.9820423169933317,0.9782206023970904,0.9781958446712533,0.9504051038982723,0.9903165527093094,
pre_model_seis2_20250809163915_891.dat---0.8046322065373633,0.890062784904058,0.8484230785655525,0.8612728885633507,0.8658215127164777,0.8469930251167259,0.8588118585181626,0.8296102491354613,0.822034369227577,0.8820123113079661,0.9005758497488422,0.929395052444417,0.9589742229119385,0.926567780639681,0.962426066276621,0.9762188670223658,0.9806317576775957,0.9774821374228486,0.9846088137636833,0.9862277214367443,0.9884990067954351,0.9799859366624872,0.970637790913692,0.9764489404107229,0.9462944099581792,0.9418518879036031,0.9392874722851644,0.951776652075044,0.9120113053840881,0.9161522357820786,0.9041885026243127,0.9013463667818113,0.931409333288593,0.9291406418264769,0.9594810415711624,0.9510674389683035,0.9561869400908394,0.9627491535559398,0.9589384736125014,0.9471305776351179,0.9466389808041811,0.9259513571431014,
pre_model_seis2_20250809163912_218.dat---0.9657014985581738,0.9748657939536209,0.9696603483041959,0.9771654934274416,0.9556415723359937,0.971090235375077,0.9619867854128006,0.9754714548953649,0.9548015432848538,0.9772323395539158,0.9759246797777695,0.9656932423646025,0.9799885461743058,0.9736188675045658,0.9893076094251538,0.9931627114148339,0.9927332858243517,0.9963548405066948,0.9965717684617975,0.9960147034715042,0.9911254600454416,0.9808909508278492,0.9844339451430727,0.9873362813990176,0.9779907540800258,0.9782456614938823,0.9631709021939895,0.9549867139100867,0.9459743763675382,0.9569445171885004,0.949226503064359,0.9579904850960395,0.9527328945149514,0.9542407597217811,0.9576020081499912,0.9595201890740448,0.9653086736688368,0.9552994454381902,0.9620014571153576,0.9571199295628667,0.9398310220200651,0.970120981709827,
pre_model_seis1_20250816100522_30.dat---0.9898068982084344,0.9913188892914347,0.993112178923251,0.9903204585581181,0.9851437464433294,0.989016418999641,0.9889781153370474,0.9772330963458156,0.9789696681242651,0.9830571581836517,0.9749462513267103,0.9970076630431731,0.9959251337735688,0.9954985479423372,0.992763205314068,0.9867918940554654,0.986232557318778,0.9895703043545869,0.9895776383591108,0.9838116374624136,0.9788651924899998,0.9690104788156034,0.9835548589141647,0.9766351246592854,0.9800235730394024,0.9776811469266433,0.9590733001854407,0.9640454087826344,0.967584091018247,0.9688831095068018,0.9711006048169013,0.9774941906874399,0.9761399447749761,0.9811148431672085,0.9835687855586431,0.983524149777783,0.9846578201793824,0.9873923761738616,0.99062793066078,0.9905252815151965,0.9911091730641911,0.9829681181970679,
pre_model_seis1_20250809165436_184.dat---0.9841855377616306,0.9749963060685579,0.98270064977664,0.9811381572297049,0.9669076896796216,0.9789249257862852,0.9676600139316592,0.9697149645808495,0.9893131110330003,0.9851685447223605,0.991552290151018,0.990168684384783,0.9912185127769778,0.9870846083198391,0.9851751438421725,0.9848045173084979,0.9879501543114052,0.994010098268875,0.994669928533957,0.987549616409626,0.9818287729190823,0.9672638364755413,0.9597936448108051,0.9714147096200579,0.9698115889519974,0.9625990695402049,0.9673842506219387,0.9718577572881473,0.9629619625693092,0.9676103608477651,0.9638903690037942,0.955777047628441,0.9557812090949405,0.9496120519627282,0.9389010093966167,0.9542251262135628,0.9284923044044194,0.9418272155798378,0.9200026119595036,0.938412125751167,0.9430244353846835,0.9694479247537077,
pre_model_seis1_20250809165451_617.dat---0.9826669776274547,0.9812228824020873,0.9846054267634854,0.9761375329068341,0.9685463618869801,0.9544016522643648,0.9316121601925543,0.9053567155718025,0.7839268858736776,0.7456609741861255,0.8715763911579172,0.9210004749327851,0.9688827632339698,0.9772981338343395,0.966655378369101,0.9617662516527897,0.9648587957471289,0.9675292739381393,0.9727064931606427,0.9571335527026366,0.9499913998268752,0.9504262252759146,0.9386985537266699,0.9476372496841531,0.9495834536649691,0.9643875829842833,0.9524395743026243,0.9774529376750435,0.9628048390440451,0.9764529327234798,0.9732394092776366,0.9829125608076402,0.9783969740776629,0.9789104339098896,0.9817436187038934,0.9809868782970966,0.9808145269664855,0.9809484000371615,0.9820664422197407,0.9808736183857067,0.9836824192212823,0.9536096368101723,
pre_model_seis2_20250809163921_875.dat---0.9868030637811194,0.9877817248243794,0.9779844290317417,0.9867205470668169,0.9810642652673415,0.974611477269938,0.9718854678521281,0.9767185616058656,0.9716038330647077,0.9604856477187879,0.9371735544458579,0.9245988436050079,0.9133183219106012,0.8291764302748715,0.9117271994076424,0.880502362953114,0.8972260144733758,0.8859353320955838,0.8913689889117782,0.8661089711122242,0.9296666537114993,0.9392483137058422,0.930268672517888,0.9523988913451592,0.9609381256555337,0.9605897043188732,0.9687472168702504,0.9673361038733406,0.9555875386158874,0.9540893782745435,0.945546294643951,0.9274788837386114,0.9271075207148491,0.918220952225654,0.9206393278642259,0.9139896372165985,0.9029789663884163,0.8875353750479612,0.9031950550136865,0.9021419299047235,0.9267172889450328,0.9343223626162297,
pre_model_seis2_20250809163912_251.dat---0.9644661467224926,0.9607224721774303,0.9748562032158256,0.9794104188080055,0.970866607410102,0.9749158669097013,0.9795107957686874,0.973283796736771,0.9786332309726317,0.9795410327661149,0.9807086170498528,0.9901732881849428,0.991201245282527,0.995948186775483,0.9951571916604348,0.9949925122639071,0.9929444174523144,0.9900688538667594,0.9895927376969167,0.9893125774693671,0.9841199960509921,0.9781022830698124,0.962409240468999,0.9646205141350029,0.9603763170171661,0.9561889683867699,0.9465838738910581,0.9637527483569442,0.9600476054233501,0.9702826737582962,0.9556167629286496,0.9483066771131439,0.9528075678136716,0.927474218267667,0.9417100222546124,0.9257576568332859,0.906836033742977,0.9047330998661984,0.913202130879482,0.9021840605967266,0.920462179467385,0.9632166055978649,
pre_model_seis1_20250809165448_466.dat---0.9481686050549893,0.9600671182018357,0.9841865171140635,0.9804495553973864,0.9863532436895426,0.9823285216381663,0.9891919764134327,0.9892858939471403,0.9890982086805458,0.9905429674146369,0.9910014729258994,0.9920033497431128,0.9936590562043806,0.9966528707844242,0.9987024128089846,0.996685343537194,0.9964304202121304,0.9950574932198838,0.9956383054360329,0.9926173733000074,0.9953835197505335,0.9913295428138393,0.9898288496098794,0.9865661887603692,0.9893728477103015,0.9877536024526251,0.9842161799431045,0.9800341190177938,0.9697214589717252,0.973635338464111,0.9669946346457686,0.9667075797062747,0.9620740708542994,0.9782058244982218,0.9812536399911866,0.9853577126926548,0.9840051907724203,0.9837564182031943,0.9858771750858593,0.9816617751235868,0.9831973802736683,0.9842696037820782,
pre_model_seis1_20250809165439_317.dat---0.9873591664204906,0.9891023513248431,0.988841750590584,0.9929383241300733,0.9891765665532136,0.9901368551425963,0.9908941735324132,0.9870243349114949,0.9843845270242791,0.9694674491696992,0.9779203961429771,0.9606778574485153,0.9734960356355393,0.9739273255240324,0.9822570280824775,0.9854827755546846,0.9857515948289828,0.9735108546732593,0.9714289468037698,0.9794815202782458,0.9699691618654499,0.9662759500697193,0.9520580912347058,0.9395757557825074,0.9561369554425313,0.9357419287661904,0.913029534551569,0.9296174791598494,0.9223840768287187,0.9184371167642631,0.9365622395981988,0.9403682082217004,0.948537070284344,0.946189390954833,0.9449667751607473,0.942077463147074,0.9492904296286663,0.9389015196058501,0.9544327796386891,0.9423810505051615,0.9418473952041718,0.9615131757606611,
pre_model_seis2_20250809163912_386.dat---0.9816446590203882,0.9891730922122468,0.9926760693336109,0.9946224078703905,0.9963802711271286,0.9969403672406606,0.9938725227627654,0.9940978232964433,0.9930569855836052,0.9905555964967373,0.9874552423732227,0.9907137048983805,0.9885318647529681,0.9941426715915723,0.9949325062032639,0.9980234151387267,0.9981537335864767,0.9977960045507083,0.9982567066359059,0.9980111105818288,0.9974972240792105,0.9963304722480147,0.9926961110546165,0.9884065698392206,0.9823590841559001,0.9803968238186214,0.9795626164074638,0.983856337676806,0.985397179955892,0.9864828496291994,0.9816966126058222,0.9834626160833871,0.981876363956651,0.9817048455735607,0.9827069598411792,0.9791213587625813,0.9823443747888889,0.9804046868567942,0.9824094002076829,0.9813895682027683,0.9824419205035004,0.988819042231824,
pre_model_seis1_20250809165436_506.dat---0.868132211855168,0.8077075319195219,0.8630588833619623,0.8602282735150377,0.8875812974590604,0.8993749708959512,0.8949623958544494,0.9174454718304719,0.9339495621964665,0.957347085192879,0.9584055882937708,0.9422145461018343,0.9722603952682441,0.9692847730859492,0.9801682919245507,0.9847653758670755,0.992614979333837,0.978141114047714,0.9704132222938174,0.9712335319109918,0.969336735947217,0.9522646309150128,0.9605171937775185,0.9626300322403126,0.9708527577315722,0.9773354127969155,0.9688386358206665,0.9808917819172653,0.984550485145187,0.9801920363721945,0.9821461151767135,0.9877731642717389,0.984591071112414,0.9807885774349386,0.9822480991859521,0.9850084309173515,0.9731541191617137,0.9709731481897346,0.9757757906063772,0.9777610146778671,0.973834790756769,0.953433012838151,
pre_model_seis2_20250809163936_790.dat---0.8956054551285058,0.9146490977077962,0.9110939528100557,0.9615994522447474,0.9782607639168032,0.9901979774458869,0.9920497144736202,0.990978374365864,0.9836368048545904,0.9855889529704618,0.989872450045119,0.9921234045921966,0.9928082747321214,0.9893562045184531,0.990264930020556,0.9853721535100475,0.9834281581756869,0.9809969010679104,0.9896069525395867,0.991452956665312,0.9910511142151761,0.9920109633063927,0.9894070882693478,0.9816735641811132,0.9694931520212828,0.9732188830898937,0.9762513463122013,0.9912027268457211,0.9867014046460606,0.9811546263140327,0.974926645193672,0.9651778284392591,0.965849561397751,0.963806873121741,0.9624806282971983,0.9517333604471997,0.9422439852253697,0.9372434827680169,0.9397175030789308,0.9314065825523747,0.9328424555212323,0.9704521148055923,
pre_model_seis2_20250809163912_79.dat---0.9606032605181474,0.9356736058089854,0.9738239818307939,0.9668214605927656,0.9581523359856275,0.955685072713223,0.9688799618314571,0.9677254645832877,0.9607137091479342,0.9593859502755535,0.9779313183453454,0.9675589776232241,0.9837815181717943,0.9828563739055041,0.9872333103550123,0.9826111270832856,0.976179267949079,0.9791516737629359,0.9834318402472578,0.9800680978130293,0.9786970062317006,0.9869903027580862,0.9789257642416342,0.9793449866103487,0.9853066648601095,0.976971503885152,0.9691945169309526,0.9639475483840573,0.9713335427287235,0.9737916545497847,0.9715633085072846,0.9606064094561299,0.9494337143299311,0.9430241081059588,0.9560830238311103,0.9466631786172753,0.968277920137278,0.9660349024118432,0.9708431975553933,0.963647581608064,0.9610261474387519,0.9690237876030198,
pre_model_seis1_20250809165433_673.dat---0.9715478731187341,0.9830361249238281,0.9827931946997784,0.9827321234709181,0.9856018540413587,0.9845212241879422,0.9870230272018186,0.9886638676610859,0.9871075599101691,0.9933161909464084,0.9939848208053335,0.9966015438098728,0.9953089746575178,0.9968878602091097,0.9960630056296891,0.9971063667489397,0.9946470021119126,0.9929302818953648,0.9931726740635216,0.9928580839360127,0.990345372243058,0.9921263647731565,0.9857814444863101,0.9874441879507334,0.9923823143761747,0.9922224039081823,0.9920426272794374,0.991556959848751,0.9902600979137968,0.9857855526928998,0.984313679626743,0.9783019006473219,0.954468851905965,0.9279807863793295,0.9338047871988246,0.9034102776291327,0.8947865265564006,0.861511802928308,0.8774262813456167,0.8952396524537316,0.9077390934923877,0.9710935273089166,
pre_model_seis1_20250809165451_742.dat---0.9953942991274295,0.9967800063469947,0.995017645617526,0.9947326913377332,0.9939176005457473,0.994459475772001,0.9932053674241133,0.9928592874002512,0.9930207363163716,0.9939131668262358,0.9944791730970769,0.9941193658088803,0.993738271491389,0.9921076693081998,0.9932712884591356,0.99566071339523,0.9950347483307851,0.9939335546091775,0.9925875534612512,0.988186678122253,0.979995984090661,0.9721462927413832,0.9731310001821012,0.9723867940200203,0.971166067722856,0.9670396981782364,0.9616624858414673,0.9601401271606184,0.9628600048652738,0.9588542701519306,0.9644873582544061,0.962436242686184,0.9580964803170504,0.9667771842169829,0.9586484003821243,0.9508594127329061,0.9572831240635143,0.9624517723328758,0.9640259773305682,0.9696556411663828,0.9691458185385705,0.9790163275554609,
pre_model_seis2_20250809163930_107.dat---0.987832750945785,0.9922949693316505,0.9851376213488716,0.9882810281397623,0.984930057062831,0.9759510456262189,0.9756637955729344,0.976169698075908,0.9826871667085358,0.9875388492310595,0.9868833385855754,0.9734733932824431,0.9730294387312027,0.9393362979156666,0.9552047792230203,0.990472359866599,0.9834364688477831,0.9935775839894819,0.9880410294640728,0.9810134277559535,0.9730979925933817,0.9584421617137838,0.9703780462747474,0.9366419002266765,0.9624824260884385,0.910138101674463,0.9121885573063762,0.9181417134756538,0.9318978781516774,0.9394812655521582,0.9345758080521616,0.9334310496992526,0.9258991060496448,0.925601017394608,0.9311095951401337,0.9304141431193276,0.9419485162894825,0.9322613051517138,0.910134003217939,0.9022718903775191,0.9142776557075588,0.9559943715356598,
pre_model_seis2_20250809163921_729.dat---0.8685597001980616,0.9195982026021056,0.9730127424876109,0.9692671965315653,0.9575363814633147,0.9329395884093212,0.9463351345903274,0.9477879377426571,0.9325161847958783,0.9043026691173706,0.8846515591745818,0.8701271466501694,0.9059469860944588,0.9251438669931458,0.9421050639140037,0.9632189760656762,0.9638007468248578,0.9831004352479721,0.9795718986686165,0.9773593333758478,0.9800044415190191,0.981946265624928,0.9731610662804762,0.9495337153156577,0.9598054856462709,0.9828154379859301,0.9477341369962076,0.9474123286702577,0.943910035602253,0.9310851961246704,0.9181414922964397,0.9381919766096417,0.9555806763147666,0.9786132156500049,0.9810392010725258,0.97906385271592,0.9849268457230221,0.9876783174085579,0.988653454764541,0.9875306865363199,0.9829167547925216,0.9518689349901821,
pre_model_seis2_20250809163939_297.dat---0.9797594171118104,0.9879151570665102,0.9873479391971584,0.9907039904125792,0.984287889164726,0.9876883802016002,0.9853111911969639,0.9838377570898641,0.9815423872280487,0.9603655261340832,0.9471465053208665,0.9551361310191984,0.9696911489153595,0.9631853762856986,0.984338131185737,0.9912547017021254,0.9874058546478465,0.9942137028090738,0.9876880541286159,0.9777092664098278,0.9684264948667752,0.972401281197826,0.9565173716964455,0.9606447119703674,0.97005226583627,0.9713367785860987,0.9545115522772658,0.9395857688543365,0.954691298662253,0.931808519525422,0.8563973897043612,0.8676037109743553,0.919857265230497,0.9104173311897011,0.9149510152937822,0.9029766177624623,0.8990471343849612,0.9132527226699703,0.8318392793815417,0.8671077278063047,0.9128917167935182,0.9503133283388343,
pre_model_seis2_20250816100706_47.dat---0.9850453028008856,0.9877451565727797,0.9905301187700816,0.9928651025903893,0.9882696471923507,0.989867770317424,0.9942136914828343,0.9891295574460177,0.9902115422149079,0.9846897438876202,0.9873182710100348,0.9805371169170756,0.9789824604179964,0.9678804484831733,0.9759430535472914,0.9787216134776168,0.9798566668509108,0.9834677189499643,0.9891367072176565,0.9959389172449113,0.9960229213624586,0.9948460206941793,0.9887937242116147,0.9735559208857167,0.9819095032022632,0.985511980571138,0.9898097513227477,0.9838793118427828,0.9765197611591164,0.9799482676922839,0.9895056045752141,0.9887252039254668,0.9820002446681124,0.9593360851520787,0.9541838874533757,0.9614756820136396,0.9439305002981616,0.9696130376548444,0.9536150605091749,0.9390158705458931,0.958232008057302,0.9795312428094997,
pre_model_seis2_20250809163918_64.dat---0.9863324062323668,0.9956773588342689,0.9946075726544057,0.9937305627924241,0.9941123392591489,0.9931532946038187,0.9895035377702,0.9928877572781983,0.9920105978350058,0.9934000946862942,0.9896020503820028,0.9888924369314219,0.9882841531529192,0.9908215967533544,0.992284478335297,0.9853200960997145,0.9855769282873417,0.9933550497391024,0.9902324439303756,0.9951804173766099,0.9927574093417677,0.9911189916708293,0.9952160299248987,0.9943880835136666,0.99623504184164,0.995593048525849,0.994938411344749,0.9958521993909998,0.9956352645241707,0.9936776451721538,0.992806104558209,0.9919649060325791,0.989428101313999,0.989394195599507,0.9858410907136836,0.9851158303871526,0.9857053337858372,0.974335457190732,0.9725688355764626,0.9734333669344294,0.9783068970833635,0.9899823760331938,
pre_model_seis1_20250809165451_678.dat---0.9804413149370683,0.9807483506366584,0.9770352232823764,0.9716522801873316,0.977385056129953,0.9764356286270566,0.9814695844882314,0.9878093056943176,0.9900538696444702,0.9876199272790221,0.9845820285482798,0.9797496988226695,0.9860949473149475,0.9940036679696379,0.9940764066406815,0.9709583948986912,0.9885320561007821,0.9857673531850721,0.9865080637712502,0.9784413545929715,0.9752946423454677,0.9770199337897651,0.9690023578922112,0.9702743511780106,0.9548949540925904,0.9662312747638533,0.9624227896677944,0.9803066407520911,0.9795100706013662,0.9835855015915811,0.9751613920521487,0.9881377642149574,0.990513701396315,0.9941522244080911,0.9923939564327974,0.9896400247332118,0.9863132575213475,0.9814676475538578,0.9786610820691355,0.9701990224268909,0.973881828063965,0.9804494861048516,
pre_model_seis2_20250809163927_802.dat---0.9764726307648022,0.9857863609421091,0.9819177909149254,0.9862945007768291,0.9778743998510933,0.9852818099077951,0.9728011816703759,0.980862834866534,0.9869668910910013,0.9882906471265606,0.9820340661745949,0.9830967219126513,0.9816564699637823,0.9767972551463924,0.9652606364273009,0.9730733081689854,0.960577515061319,0.9418731144985116,0.9453316740335592,0.9593857606545652,0.9561179059165543,0.9177849800807725,0.943208030138785,0.9122335491220832,0.8958001343836045,0.9176877567561464,0.9067051934365389,0.9251080407793133,0.9313005665056131,0.9351509354524706,0.9277313763233199,0.9342119134994391,0.930013478711638,0.8941187957340017,0.9063437399418275,0.8349030968885446,0.8757228852909561,0.8730537270898542,0.8611203782068872,0.8780190299925319,0.884810586979993,0.9398239431996233,
pre_model_seis1_20250809165439_416.dat---0.9932203187567723,0.9839573706955631,0.9902070238479144,0.9935192006187424,0.9890937860889141,0.9925662347276002,0.9822987994431385,0.9885793761531766,0.989214974579121,0.988942535477626,0.9870354701192923,0.990543604073472,0.9840186505036771,0.9867018764015345,0.9920902966556359,0.9915133894804116,0.9915746453024683,0.9934891654868047,0.9923284311897463,0.9903384691577733,0.9911340135548546,0.9904152278466595,0.9859152636743856,0.9835336820701236,0.9848513130296555,0.9862139818224052,0.9837598883222239,0.989103633073889,0.9909855218561567,0.9908538834295635,0.9916320959228218,0.9914112784473745,0.9860136296960269,0.991164075782989,0.9908835424935648,0.9872755691796061,0.9796026561297453,0.9850623154877824,0.9695646881181887,0.9787316479831747,0.9795027365922045,0.9877766893481166,
pre_model_seis1_20250809165451_257.dat---0.9804360214144668,0.9860478457150251,0.9878268948598039,0.9868472116280093,0.9912748528996629,0.9898355709452659,0.9818499771212087,0.9870484348026936,0.9879771630395706,0.9881644060937731,0.9867484607334915,0.9920637197176477,0.9917251783712775,0.9915880065742307,0.9928679224848045,0.9920822125321823,0.9847250341821219,0.9898008581403658,0.9887828771108353,0.9872704145313693,0.9904435461816792,0.9879792777794463,0.9883137063412821,0.9879363021755718,0.9932601198686819,0.9913249231448222,0.9841431438366114,0.9877260096845677,0.9778952030876543,0.9722328963480482,0.9507607342332317,0.930411765110603,0.9084300632535285,0.9244931295085919,0.9214960475603365,0.9380131111168538,0.9333884310779937,0.936785115408488,0.9451782753674948,0.9358243597897898,0.9280555521043803,0.9726598725823773,
pre_model_seis2_20250809163921_436.dat---0.9887591027324046,0.9935922857379524,0.9942897899030804,0.9932922084139039,0.9943921337916856,0.9931962735657095,0.9909092047612907,0.9886563959527609,0.9778579443943544,0.9597490874978246,0.9661501490588673,0.9584401914101293,0.9299006211909914,0.9695482505564549,0.9847290772881995,0.9839808873358742,0.9845578393064346,0.9873142334619974,0.9885858382248978,0.9865041985624251,0.9897118037776564,0.9909132513446914,0.9879895972819536,0.986304657093057,0.9714713639204886,0.971848718711843,0.9754272306394092,0.979496408171636,0.9851922787645858,0.9818155052803136,0.9835334840052722,0.9781818045332942,0.9790483745197307,0.9857846320910071,0.9834654343292399,0.9811833829147003,0.9907610247055304,0.9926220872471189,0.990600830977297,0.9918440855396509,0.9896946639903762,0.9824706422679533,
pre_model_seis2_20250809163933_577.dat---0.9720574168037146,0.958489328839311,0.9739349983904235,0.9684361397285938,0.9588610643833916,0.9546792665024917,0.9470759106065424,0.9385022992835087,0.982052662110019,0.9898259153020726,0.9850013308234032,0.9902764490208471,0.9964626698660213,0.9988812515123546,0.9975054797162032,0.9936035760721952,0.9830466644379794,0.9832339098088825,0.9718528428645961,0.9902304583176659,0.9913937930338701,0.9814238160742855,0.9515971194846881,0.9428880449065418,0.9443276482465778,0.9509197635796051,0.9544923390028073,0.9714700746818736,0.9783443073788792,0.9811342559286738,0.98142143293138,0.9757245262151435,0.9629222807219964,0.9631606085888103,0.9687936921629962,0.9641341490119704,0.9739647763371757,0.9590714478910048,0.9204337439292005,0.9321730461872677,0.8590634953647125,0.9668991218548701,
pre_model_seis2_20250809163933_793.dat---0.9951057497552932,0.9936682056759168,0.9964976345461818,0.9953379572149567,0.9946644081172918,0.994656575291476,0.9943849902195844,0.995413374566266,0.9942048033370972,0.9923611647785311,0.9889852027582473,0.9876737743741861,0.9836007051349311,0.966171727443433,0.9686181428427035,0.9776721137294959,0.9880053772207475,0.9882151157575292,0.9929742107737091,0.9863325401023953,0.9813303771983887,0.9812707845635696,0.9914461198377369,0.9902673693367054,0.9776638192400909,0.9827309629082677,0.9839929944608918,0.9727645232668527,0.9785538775610015,0.9722891043934856,0.9682820792481974,0.9747471280145885,0.9776277163313573,0.9643795486648402,0.9770447472167618,0.9643528788534165,0.9687640196944196,0.9745205875783581,0.966558794223156,0.9739120424465946,0.9708914065921898,0.9821447476895325,
pre_model_seis2_20250809163939_644.dat---0.9878149678084545,0.9833302543617283,0.9707249496120915,0.9846284272734102,0.9904883906211789,0.9897344522773098,0.9909057058370829,0.9880793224140326,0.9886136091146336,0.9897243286834552,0.9900516817647498,0.990123888367759,0.98080712589019,0.9837275083092945,0.9723785619908777,0.9756375432005773,0.9828821877303895,0.9825966398051578,0.983484040912331,0.9750317861747131,0.9585939474159895,0.9679488721667733,0.9576592141335846,0.9694313195118457,0.9636619680095898,0.9724102288592774,0.9458362944938399,0.9596842876955599,0.9664711459788148,0.9622842434442432,0.9607218135447265,0.9370141919881941,0.9640068710708611,0.9640481487155486,0.9653339082233081,0.9715687716512157,0.9827188308818091,0.9864179838609639,0.9831737758448528,0.9881178894997079,0.9848936670092338,0.9754332377109598,
pre_model_seis1_20250809165454_237.dat---0.9547193783229468,0.9606021243785624,0.9561124520767862,0.9608578070323276,0.9692498593431162,0.9591101358202035,0.9570584373256845,0.9454967271327502,0.930334424080272,0.908215004388938,0.8643421142604247,0.8376288919697064,0.7502259799396651,0.8355493897371249,0.8531411459011794,0.8961254734385311,0.9090210754895389,0.9251670844239233,0.9579162115398702,0.9510588919954157,0.9483812088958115,0.9383054975932045,0.9146495044212584,0.9596669016815151,0.9535130296351174,0.9203761271838694,0.8857801106752863,0.871030714635482,0.8454863093055515,0.889926025994064,0.9057393456622019,0.8940906329783881,0.9246637247140186,0.9297197949859055,0.9400831055783835,0.9394449986635807,0.9384928391886984,0.9487156824210639,0.9571369421193128,0.9606250057502624,0.9629707324101094,0.9197739230021963,
pre_model_seis2_20250809163924_209.dat---0.9772179783188853,0.9795641787444425,0.9777797188007328,0.9852942136354557,0.9848530456300668,0.9861601418765927,0.984079861811406,0.9785520444434831,0.9682910586880925,0.9556393985739757,0.9484048683480394,0.9305128901151127,0.9458051232322411,0.9341453517640628,0.938968887072388,0.9528881633243672,0.8910157748531075,0.861502884016348,0.8572963313368923,0.8465944074898487,0.8515488567965737,0.8398806359092086,0.8446544787010422,0.8432267080133746,0.8096143442653329,0.7732681189292179,0.8696231577568645,0.8644272066769372,0.8165886463580037,0.810807492149084,0.8251478158862091,0.8530199044671638,0.8540833811672435,0.8297505590005152,0.7931026621359664,0.8240991482587218,0.7739475225438827,0.7926149370548217,0.7653001389087386,0.8008032476151754,0.8372287260457989,0.8818854636759861,
pre_model_seis1_20250809165439_699.dat---0.9014566536733876,0.9676420951037268,0.9633163045407641,0.9396027951747258,0.9622421179012113,0.9609821509023784,0.9544604282736795,0.9375140487004169,0.9608420942054854,0.9659771993845974,0.9374340878299912,0.9585526708670395,0.9643510217869451,0.9621647991823152,0.976280350927367,0.9759758115660215,0.9821198737236617,0.9944482825295333,0.9811583607327405,0.9606732737100198,0.9727219725829728,0.9703996310964155,0.9766317973270761,0.970081229908081,0.9795524742275334,0.9430333449304673,0.9520384948853474,0.9227626469873946,0.9423520302352041,0.9433435597300656,0.9488103314706807,0.9382251795917556,0.9353265207440232,0.917100707898196,0.9144033407085167,0.8696363479661299,0.860123061406463,0.8586647049319278,0.8327435906126938,0.8919035296851642,0.895578071936909,0.9425030973068054,
pre_model_seis1_20250809165430_220.dat---0.9908180745274217,0.995631158503327,0.996484250954845,0.9950967867629135,0.9912358331319872,0.9917469720093988,0.983426468239644,0.9844558791561099,0.982886619485559,0.9711738316189613,0.9641031938574488,0.9598272074498377,0.9526164399150842,0.9670414382103348,0.9607371472838038,0.979739210806334,0.9848976225359748,0.9861336950766978,0.9846542377379466,0.9866448828119572,0.9860907860532857,0.990963855487407,0.9879359338322519,0.9822557874373897,0.9869166096025972,0.9756335019658706,0.9786460657494455,0.976943758317538,0.9780960857079957,0.9767121553241018,0.9717176976397883,0.9769062676968524,0.9845497935900743,0.9834615127847939,0.99210832903798,0.9923138344295347,0.9834674623035567,0.9897388918856466,0.9811762722768071,0.9837927061652011,0.9842695526844945,0.9817816539036147,
pre_model_seis1_20250809165433_789.dat---0.9596705592878352,0.9766615069738475,0.9653425947066293,0.9758479247312593,0.9864164891724903,0.987184176430864,0.9895035484470326,0.98964087626473,0.9902629533248368,0.9868948393254795,0.9882504177534339,0.986477641909248,0.9881214014754272,0.9886668280918138,0.9984889502560292,0.9962822172023229,0.9969310019387537,0.9926528677167146,0.9908126332192788,0.9915750519289397,0.9864261711163327,0.9840924303793921,0.9660625374246146,0.9653696960952205,0.9701045475771708,0.9825906732159498,0.9679986049315292,0.9673240605911837,0.9713815191303438,0.9811122910444178,0.9798009744110288,0.9620827541344433,0.9669468982931907,0.9227554654908772,0.9366446453727648,0.9524335393475591,0.9333118573694492,0.9477710793834321,0.948930043259493,0.9665417049369321,0.9615155030949106,0.9743141823599315,
pre_model_seis2_20250809163924_589.dat---0.9477168713581544,0.9715529823892726,0.9772594073778508,0.9823312816294758,0.9756605414430428,0.9836367106335603,0.9838726772186176,0.9860868369205564,0.9840164908061466,0.9805987386589308,0.9905554471933042,0.9956328379256763,0.9923217161009883,0.9917626396865212,0.9971869008344059,0.9942749115783257,0.9891032920685953,0.970219343578294,0.9721813185685068,0.963495275830571,0.9691627865646419,0.9678333719781309,0.9777015220658216,0.9674591227191871,0.9786548446377984,0.9770899915811334,0.9617425258953661,0.9679450112990401,0.9570214534289007,0.9637067998321961,0.9715730870289498,0.9650195813958803,0.9533079921255009,0.9690266377897372,0.9613477984865414,0.9558841023139742,0.961446477249423,0.9594275442858562,0.9719063420154526,0.9666942658996823,0.9753315835503881,0.9738719283888878,
pre_model_seis1_20250809165433_11.dat---0.9812801937598837,0.9606709807736171,0.9834711310890639,0.9797770511482407,0.9751310964446706,0.9866134399186737,0.9783229956159314,0.980686773122362,0.9781397910148771,0.968505540970694,0.9655416260089893,0.9586163509071692,0.963637588666651,0.9620796297189984,0.9360237671658408,0.9677303108579779,0.9628255193151188,0.9700545709287569,0.9566061147318425,0.9581027554048286,0.957897774028404,0.9524247714288828,0.966864366476256,0.9338166249733543,0.9338817236199578,0.9451307124314434,0.9305444412489965,0.9296486743508374,0.9286379257428993,0.9140979056254077,0.9249244045483704,0.9379945496152267,0.9177569108227646,0.9368560760306026,0.9187952730112808,0.9419122049817785,0.9417628672328555,0.9522085230815109,0.9366484435058522,0.9484311720245828,0.950496505548973,0.9530377823876687,
pre_model_seis2_20250809163930_876.dat---0.9752291879346898,0.9769819616742286,0.9567910267418073,0.9822632853472537,0.9828181081485483,0.985090872079621,0.9857770948336804,0.9846027062397863,0.9814965482957082,0.9785758615987997,0.9746094922867442,0.975920526583553,0.9795268235975564,0.9896702605377701,0.9821520446453573,0.9649919698152913,0.967946982760797,0.976731515682746,0.9690317984135791,0.9492772126342818,0.9584871625123779,0.9548106712932574,0.9720797193721052,0.9714117632430647,0.9714883064266696,0.9617532580110518,0.9589283297902677,0.949498668072531,0.9439974915420017,0.9342171895953296,0.9358859460854035,0.9456828035572631,0.9307046558657368,0.90799663639043,0.8688442289968699,0.7681002520274927,0.8207397642229599,0.8347129796636925,0.8215437623203786,0.803524703411199,0.8170791599585513,0.9402676276148886,
pre_model_seis1_20250809165436_656.dat---0.9645368645639063,0.9533738938388225,0.9792125648244332,0.9715445687491928,0.9790480865342662,0.9747762584057315,0.9771935728958941,0.9644567087273417,0.9637573759172191,0.9421369368493436,0.946229456951491,0.9883201264811664,0.9914097307947596,0.9927975807028471,0.9918820837782958,0.984195843109552,0.989556283044313,0.9946426216323156,0.9958624174254704,0.994430999839098,0.9948395500662381,0.9945015790101942,0.9924687468873342,0.9922565051383407,0.9915599681824437,0.9874719111159052,0.9904843115935148,0.9894827538293519,0.9877039544536174,0.9814337499595603,0.9588150256137509,0.9562910618844318,0.9448585469986481,0.9479876644240527,0.9414483367699819,0.9217178588937449,0.9356101833071638,0.9234947723200315,0.9317167449613216,0.8868333528301977,0.8906882611382108,0.9678299710839875,
pre_model_seis1_20250809165430_875.dat---0.9785653918811497,0.9729995154676147,0.9768282727365522,0.9785951710014845,0.9602406232259121,0.9647807810759836,0.9732239578792802,0.9651730146669839,0.9596178772964709,0.9583801816766262,0.967860484011587,0.9627928092655684,0.9598191828257308,0.9574588951806361,0.9249970622841265,0.987880334244075,0.9976474863879359,0.9865529217460032,0.9843049375668992,0.9733946664183706,0.9563967452778354,0.9548603641535357,0.9593533098160695,0.9467241045681665,0.8994851012574644,0.933864904097611,0.9243461969154417,0.928947753024709,0.9186637270181489,0.9077445170525531,0.8897095110004188,0.901727280024894,0.8798372270488962,0.8487379966071903,0.8504870513891712,0.8628826410506535,0.8863319147971996,0.8751659627843135,0.8900883015302232,0.8933645840558875,0.8978029506539913,0.936527700267399,
pre_model_seis1_20250809165457_158.dat---0.9750497419553087,0.9643211577719228,0.9715167493160684,0.9715153093002665,0.9539569700798944,0.9351871552271597,0.9183279197259779,0.822095464154065,0.8333343306017449,0.863963675510751,0.8662824233127288,0.93621010445373,0.9632441323161014,0.9644624369457454,0.9508039041209713,0.9607252989064279,0.9842428286516859,0.9821297462578295,0.9768232952423767,0.9838718062913825,0.9730124604685524,0.9768504872413657,0.9759540068143195,0.9781113388063803,0.9808467442526747,0.9751637397982581,0.9722615503252019,0.9812986762867956,0.9823474749305771,0.9819849035461818,0.9830674727225216,0.9861737313234218,0.9849644412979226,0.9837692296571312,0.9826084276042326,0.9786461772467933,0.9762760607501296,0.9404515490502265,0.9519058964809972,0.9062259360489741,0.8931135655671741,0.9542219102527307,
pre_model_seis1_20250816100519_48.dat---0.9826417334865718,0.9742454995175686,0.9808435405950995,0.9840896494219793,0.978759162804432,0.9786401641828517,0.9802093253789782,0.9808454943979623,0.9714350576807723,0.948888201665639,0.9812094313215353,0.9754848496135938,0.9643144623548011,0.9850852409266181,0.9853737460819206,0.9815103090003251,0.9778932200874304,0.9756178998810973,0.9792303138686252,0.976137822787631,0.9701129099335234,0.9636057826833667,0.9593250288975749,0.9545513265418438,0.9539474639230121,0.9481324811119625,0.9584282371313863,0.9479831073977728,0.96086183707077,0.9418051285052214,0.9364228172678462,0.9505742495758434,0.9446653054920697,0.9391213600393126,0.9256806999068895,0.9131114687755635,0.8983718409518782,0.8836313075144459,0.9204230961065724,0.9089603069200476,0.9150940652140944,0.9570064620979619,
pre_model_seis1_20250809165448_707.dat---0.9785058783197391,0.9903807947725489,0.982285012103931,0.9883575572502458,0.9906974239145646,0.9877442893468996,0.9894065038001784,0.9893468057722458,0.9904636809331487,0.9936263492419006,0.9930961338781069,0.9867307087776286,0.9857748699950782,0.988717635858545,0.9874433723575365,0.9910716441264733,0.9944047111799215,0.9941131032748668,0.9929182263863098,0.9882530949821143,0.9893589128979733,0.9885168548341869,0.9914224210136271,0.9910235263316867,0.9905048226071939,0.9922658547476907,0.987542945569802,0.9820129670420856,0.9755436393026996,0.9713013601309669,0.963402860922027,0.9676680601427683,0.9571292892110601,0.959584659314721,0.958267780911008,0.9632367312372523,0.9830292571849121,0.9882433515414641,0.9855021213263698,0.979290914688529,0.9675444547074823,0.9833105019984749,
pre_model_seis1_20250809165436_23.dat---0.930458328711013,0.9541001186076724,0.9451166094642773,0.9673181305662039,0.9702919323712796,0.9825258587868745,0.9813161111973103,0.9884121457636823,0.9910253046134629,0.9942038158469533,0.9922701088536208,0.9914125287949597,0.9936569077072412,0.997056614304255,0.9973967087701076,0.9833192376218726,0.9802478530857512,0.9687149731008381,0.9790069153875762,0.9780539223882905,0.9787265558922591,0.9776835424017872,0.9486175495368345,0.9520643744206955,0.9562768248249198,0.9551543969082688,0.9419056926221524,0.9575686800103431,0.9388614088771761,0.9559341190522509,0.9539483242520197,0.9474982407121205,0.9467284937981393,0.9343217099527695,0.9397081415029818,0.9265178065165504,0.939501838185636,0.9277237995018635,0.9108449280574288,0.9003387499985662,0.9129971916684136,0.9602152803569861,
pre_model_seis1_20250809165448_71.dat---0.9772754984382185,0.9847807798556832,0.9860372557606805,0.9802217519680385,0.9888814867646936,0.9863693018907534,0.9898882936256049,0.9879093408755202,0.9869355900435456,0.9807570728232161,0.9793702967613186,0.9773616222388655,0.9797750843574322,0.9928431082413167,0.994431042849276,0.9956287630304812,0.9948802223885765,0.9961529245417469,0.9890606639059046,0.9866639723797151,0.9871461675130179,0.986389374456757,0.9911068188731942,0.9863254890072811,0.9870835212961714,0.9827585185490474,0.9802253971573838,0.9608775406777499,0.9719425663375192,0.9761223915264859,0.9721698503583761,0.9610988928899794,0.9813083925266514,0.9631552914851886,0.9837344885833397,0.9832622025899297,0.983753137224559,0.9821322129881279,0.9676855231795635,0.9489610645973451,0.9581992683182349,0.9812356629969873,
pre_model_seis1_20250809165448_52.dat---0.9786413672037974,0.9854533538214678,0.9860402341955395,0.974817822416456,0.9553429988817054,0.9692528899297994,0.9622346155949181,0.9099944278645353,0.9316869414130529,0.9533478854505223,0.9690772582152797,0.9840180557940669,0.9906202254708301,0.9902174696579931,0.9958128693148415,0.9976741982461664,0.9916001618755379,0.9840673857641188,0.9825324977664881,0.9818832274743042,0.9710693943668987,0.9695418691658055,0.9662419552338541,0.9701917661532855,0.9688490074012284,0.9594837319470138,0.9745583585799613,0.9744488391070355,0.9706707951281359,0.9773295252459046,0.9605518416844079,0.9545100161470208,0.9408654746871504,0.920545425372565,0.933128206636386,0.9584659582518276,0.9622882697818417,0.9597345340004196,0.9401803253370997,0.9040345656069225,0.9449801679315077,0.9647801442467729,
pre_model_seis1_20250809165448_694.dat---0.9946976140291983,0.9947043640720896,0.9933344352888468,0.9939466783352343,0.9949438091698282,0.9920661910483333,0.989364962863717,0.9875278881948674,0.9871404574574322,0.9832937685171711,0.9857546415657137,0.9905454704039922,0.9926216596212554,0.9913447507142079,0.9916699611303185,0.9947333588291867,0.9953804757680522,0.9955421442717852,0.9978324441164005,0.9991224338194461,0.9955537298775897,0.9877874295555381,0.9803186108154822,0.9854500447204196,0.9812421391076651,0.9634034606579641,0.9606792991343802,0.9717316668501982,0.9513974595781105,0.9604447206048198,0.9542422216513982,0.9444869264764046,0.956703807965575,0.950317453620637,0.961550882401146,0.9648571604315441,0.9757905980770301,0.9727595761378169,0.9810380915516137,0.9858143749363759,0.9850782693815979,0.9808833032378141,
pre_model_seis2_20250809163912_279.dat---0.9242286553430338,0.9823696347467099,0.9841925439643116,0.9854451108251213,0.9846613276211023,0.9745549608447778,0.9830083193655943,0.9736813719564081,0.9871629034708208,0.9890913037028114,0.9876921606743289,0.9908940162765955,0.9948664743460963,0.9942759960563826,0.9959795819966614,0.9974621497435985,0.9975628288510033,0.9978134672025585,0.9957410990759288,0.9908785303576945,0.9801295696498119,0.9783723506886751,0.9782661532672046,0.9800341743675731,0.9802749684119261,0.9843674917499501,0.9857343351211881,0.983826344773966,0.9837792076679206,0.9831614802977706,0.9773656733109033,0.97616714630052,0.9685339146540253,0.9657625250366126,0.968569513012418,0.9570755280158336,0.965658744979834,0.9583146486524345,0.9673814876374773,0.96544906314243,0.9743136773842028,0.9798561081596149,
pre_model_seis1_20250809165454_114.dat---0.9800270028196916,0.9761027083852167,0.982112664482521,0.9838585948754287,0.9818167244790041,0.9854918878855908,0.9889095070529648,0.9919030530392183,0.9933068832869388,0.9915750464200036,0.9925905753869622,0.9939588496762046,0.9967626155329563,0.9974351939484355,0.9964695988407836,0.9961657708813033,0.9933436809660422,0.9855826959614074,0.9863952500771405,0.9766307067315637,0.9776669238527022,0.9848150774058408,0.9875154939013627,0.97319240807452,0.9874877376737781,0.9859915501622548,0.9752492515876579,0.984319001897607,0.9813580010695708,0.9809513878054518,0.9774847509414346,0.9740298232503019,0.9758334137948043,0.9734187967988828,0.9604107811671039,0.9714754105642553,0.9703247802305613,0.955854488493049,0.9640818936285314,0.9635367280372826,0.9703331056681548,0.9816041418715726,
pre_model_seis1_20250809165457_139.dat---0.9607520900125592,0.9822113273051705,0.9912130975506898,0.9924123209617424,0.9899079997238622,0.990390736140794,0.9891030041648354,0.992227517608296,0.9878390793368439,0.983961855274316,0.9710467668100214,0.9658133768083224,0.966018250181882,0.966105176045909,0.9744829499516977,0.9766627504588303,0.9747718538295012,0.9661514954228986,0.9680432039999967,0.9697275117207265,0.9660907567227481,0.9645389228940463,0.9946798591208167,0.9867241334793964,0.9746818419525471,0.9811681183898939,0.979806465812199,0.9769368208756654,0.9734560060976885,0.9659412850723436,0.9639065216986467,0.9549280109950796,0.9399821595739285,0.899510535632594,0.9154495189212659,0.8983931936009977,0.9185117293569971,0.9248999014168343,0.9321208340424126,0.930658526884445,0.9134121381129371,0.9637716986332289,
pre_model_seis1_20250809165442_541.dat---0.9898121795430369,0.9695249441079388,0.9745566777482998,0.9724552619298736,0.979771096178342,0.9637204864616589,0.9600491289632656,0.9554183518529822,0.9636621325025532,0.9833667412466889,0.9814856196884989,0.993789452318041,0.9977283372450778,0.9960528320173735,0.9982057854887825,0.9984096267334213,0.9977901404012165,0.9961541784985373,0.9943342389964104,0.9919542270123903,0.989371457711454,0.9852007379088739,0.9799000141625652,0.979376241528177,0.9787366921236381,0.9747237358311485,0.9795231822789092,0.9823926583655358,0.9734114940897515,0.9778699373971519,0.9845332837553091,0.9787822909463535,0.9896990225885626,0.9880092079409449,0.9912119475288418,0.9923090717155799,0.9920388570940767,0.9881975682595885,0.9866009338473981,0.9868461275872427,0.9779739382897505,0.9832914595093962,
pre_model_seis2_20250809163936_876.dat---0.9754286458897596,0.9869575599498339,0.9864571931634061,0.9889597488695548,0.9861871283123925,0.9903613411366017,0.9847829643701671,0.9865090747477518,0.9822539596336527,0.9798776864310256,0.9712405706453507,0.9729877814370421,0.9625047390185094,0.9643595727550348,0.959740324039422,0.9726155022538421,0.9739079221297221,0.9814651737933541,0.9863104759154973,0.9771440317557386,0.9783288051788319,0.9919132462383743,0.9780337605920749,0.981505707283957,0.9827294084657326,0.9707431723958173,0.9483673735814897,0.9518115440420125,0.9460339349629214,0.946150400182955,0.9610106571006247,0.9542630322261778,0.9610821880571545,0.9651620324732387,0.9615259898291212,0.9544680766917725,0.9618001514735972,0.9544550448910105,0.9489574896769188,0.9649132394280824,0.9566089751028702,0.9704857469785954,
pre_model_seis1_20250809165442_559.dat---0.9843850807924541,0.9787175880318725,0.9830496932594663,0.9832965889415365,0.9781915219136678,0.9788386837453247,0.9684810978894575,0.9792388387668682,0.9771348281941042,0.9794333868381389,0.9724895768338985,0.9794575943897786,0.980074886494164,0.980472576015727,0.991947265101215,0.9904919870895157,0.9902616413766927,0.9937115874372306,0.9679476619027976,0.9753983117242635,0.9756023792546582,0.9836870267923523,0.9842520910186643,0.9757303336410008,0.9701956181498448,0.978262706261381,0.9702075008723978,0.9751523255604266,0.9764286907860207,0.9803970412657048,0.9815628569253637,0.9773163502012686,0.9795105687695176,0.9810778729845283,0.9852899821205737,0.9827527441546561,0.9869711992085645,0.9889396282439494,0.9900804047681931,0.9903670890943956,0.9907132911701316,0.9809150755605309,
pre_model_seis1_20250809165454_858.dat---0.9892856351200962,0.9841599546496123,0.992465756158203,0.992340601893371,0.9884683216949397,0.9867852043134131,0.9849567638184762,0.9741621649387676,0.9767365301628846,0.9691446002354931,0.9435580920356929,0.9270570969258646,0.8888350408758853,0.8444313774811197,0.7747471624465219,0.6934113908730802,0.8311702000074039,0.8316735273106618,0.8871607138312952,0.9099621676158115,0.9089561101609079,0.9157471072476484,0.9449363221898118,0.9457843531171183,0.937336520658859,0.931242057779469,0.9351076037553729,0.9182962842611342,0.9108092148982434,0.9287774202385586,0.9254201437410385,0.9280371254954904,0.9386329508284342,0.9324078085778347,0.9241045907534605,0.9318991809786124,0.9282410914361119,0.9045639207228587,0.8570984198040763,0.8850688464553714,0.8982699918962811,0.9195426674972019,
pre_model_seis1_20250809165442_542.dat---0.9830517410403822,0.9734943333251742,0.9740201122448585,0.9830989011295144,0.9887052608199391,0.9836780711902545,0.9850050627544272,0.9830529787428506,0.9804550612586217,0.9775122277508759,0.9883705903898448,0.9926275336367241,0.9967011694466006,0.9967206123437258,0.9769835559353901,0.9653183052639448,0.9672767887218304,0.9726567899028641,0.9723433526959744,0.983748474099322,0.9834032996351691,0.988721156343959,0.9891247838652669,0.9882806475703447,0.9894496275733835,0.9907566973146892,0.9952949234560294,0.9967576977881921,0.996706807689494,0.9935172237633791,0.9924824253634543,0.9921405604967974,0.9822196978954828,0.9898197882331804,0.9827846109316064,0.9870248331231106,0.9840588535272607,0.9867925925833141,0.986549878260998,0.98785255560336,0.9901037234558114,0.9853332513943269,
pre_model_seis1_20250809165454_268.dat---0.9896206497722748,0.9901487546462324,0.984079610991404,0.986262381381349,0.9678956638068391,0.9563556970975551,0.917865223939053,0.8945823537961297,0.7881378695836938,0.8666659670365896,0.9098133265695951,0.9351984525624586,0.9425797343531171,0.9526862175774541,0.9183728763940538,0.961210022181158,0.9695840873744743,0.9778489730911938,0.977623901878738,0.9743419392192362,0.9689396207474347,0.9433775046473135,0.9404469068038168,0.9300567187213314,0.8971228076530091,0.876098366026701,0.8390457212045541,0.8472027926408382,0.8142977012222733,0.8543003844914453,0.8533339724698643,0.8686623943908719,0.8861127849977732,0.9018827629778812,0.9064355457199429,0.9028821778087142,0.8643875722188358,0.8750178324210206,0.8902190444187332,0.8991457723080862,0.9127755235886374,0.9154296978227239,
pre_model_seis1_20250809165454_883.dat---0.9689975218324115,0.98123254403853,0.987992734404641,0.9908290797037027,0.9900149305483298,0.9920530813822462,0.9904458438697388,0.9893662749672051,0.9888320022799909,0.9889820961406941,0.990817663686845,0.9922204370626644,0.9941902915490954,0.9916856440474089,0.9844853396972084,0.9794827559554246,0.9868044211823397,0.984296304105485,0.9763805201492709,0.9704070790011836,0.9624454889345965,0.9618274496703462,0.9297612225155932,0.9364426016156928,0.9378884010620314,0.9353566456032065,0.9651143265399676,0.9527886259652842,0.9711716118337586,0.9335372215816478,0.9190530508431648,0.9458917577331611,0.8877171136255096,0.89485105044705,0.8889467895282233,0.8842748869384393,0.91442518785517,0.8750252667879291,0.9000807239088553,0.9142547732379562,0.9100115562426756,0.9546434711725531,
pre_model_seis1_20250809165448_492.dat---0.9438784338919484,0.9714370176426086,0.9742926777603664,0.9782183514082953,0.9801772154117283,0.9794044113824223,0.982792939260553,0.963675873340381,0.9723425705397215,0.9839919462104261,0.9802911951112407,0.994339885609411,0.9907320506784861,0.9877244644132586,0.9853416685217421,0.9922596596018959,0.9882861208891336,0.9763137242948632,0.9624542236679472,0.9266220110038177,0.9319193595249632,0.9712551718708516,0.9705364271728789,0.9908879306669484,0.9845228835087402,0.9657423340805384,0.9636957060630371,0.9601597946481538,0.976990888243274,0.9626580676876932,0.9676657886921262,0.9672347217125777,0.9718024518090974,0.9755883371200155,0.9787467633433758,0.9811432342724907,0.981151691616356,0.9819691720701056,0.9795103951683276,0.9797600384833363,0.9699273224678417,0.9738401200210481,
pre_model_seis2_20250809163930_6.dat---0.9774943098296262,0.984010944623468,0.9891512869034099,0.9899839800160728,0.98987226457382,0.9862346636471891,0.9881336970298991,0.9865305392371334,0.9859867624360843,0.9870709645002529,0.9827441858337198,0.9864167160869806,0.992955071058807,0.9954364852133094,0.9971306828471106,0.9968367757155744,0.9959792017827332,0.9952929279384716,0.9946576476444289,0.9959923553923153,0.9968467057352003,0.9939485905143843,0.993633371313021,0.9874419181828369,0.9821839870567342,0.9794293584734761,0.9600217174244944,0.9638329155103798,0.9672095232159148,0.9551605030913628,0.9474052550353654,0.9398707091314566,0.9648072374022099,0.95906112387123,0.9599637972623516,0.958759083803578,0.9571382914630001,0.951133998732556,0.9338165858908349,0.9387595403000635,0.9155209204267382,0.9757038194182345,
pre_model_seis1_20250809165433_762.dat---0.9732211668190087,0.9806618382772216,0.9854518577197794,0.9878413987872224,0.9775903472138634,0.9877438870923977,0.98886235836417,0.9803135632424325,0.9818212281654106,0.9817109131600678,0.9930062260715258,0.9964963504060107,0.9963678988395915,0.9971031070460546,0.9941903304616825,0.9935713270038764,0.9967198107327526,0.9930908678926246,0.9885629990357383,0.9831577862527698,0.9689607603450173,0.9691582255671896,0.9860080014938423,0.9922166521359066,0.9892255611174918,0.9857619554087601,0.9789590266463684,0.9819945478281533,0.9669530885353729,0.9651846240251524,0.957223593639829,0.9362568470164268,0.9136087944795256,0.9401938064433838,0.941351467310278,0.8803190359751585,0.9340334295343155,0.9197895010070276,0.9090434803741905,0.9165010209252462,0.903540664763034,0.9681407157842892,
pre_model_seis1_20250809165430_864.dat---0.9840993464106105,0.9857009150549808,0.9933735471720835,0.9912802696272826,0.9921867572800167,0.9927466605326042,0.9924106163886414,0.9883435403860626,0.9774838555936147,0.9772568912359366,0.973867878441657,0.9706217057252148,0.9853025714009928,0.9922262252125511,0.9867469055333739,0.9828624516844735,0.985315620228738,0.9834970575574608,0.9815151076962904,0.9730542071061702,0.9810288081806348,0.9673255918903729,0.9635046213791524,0.9631316594085783,0.9513536623300489,0.9453306509202656,0.9562885920260242,0.9622964303367444,0.9680798170396565,0.9705337556264696,0.9761941462557018,0.9788625407623278,0.9816354986404855,0.980136913743499,0.9776869725456194,0.9750623596853448,0.9712594959065087,0.971547978175344,0.9800374588325329,0.9788252976366008,0.975861550720768,0.9772164861539374,
pre_model_seis2_20250809163921_438.dat---0.9921072219926909,0.9925652493859918,0.9951314180309997,0.9935218686843441,0.9950953529588167,0.9948238455107616,0.9889722820495815,0.9901299771533599,0.9896753663574193,0.9842109721098757,0.9874020845388481,0.9799330276611368,0.9788071004611685,0.9508773163659021,0.9395045756127618,0.953377253643117,0.9424292515669268,0.9231963664914723,0.8736852912237119,0.9170971940422956,0.8816625862988939,0.911769123752644,0.8811884702830587,0.879699214798056,0.8849877663222164,0.8893328433692218,0.8725374394915232,0.8654107170268021,0.8711055806683713,0.8649971162022791,0.7990102708348843,0.7142858518541737,0.6693232490817762,0.6583156074638029,0.6617861199736754,0.7932771016696442,0.8343815130052512,0.7535833727202744,0.6925983381983862,0.5128007504721597,0.5312499551010218,0.8728255123031535,
pre_model_seis2_20250816100706_58.dat---0.9938670712519845,0.9959719404166401,0.9953675727218291,0.9954568202313554,0.9956790833514604,0.9954154718869388,0.9944059790613778,0.9933385163381362,0.9901058008790931,0.9894564791843276,0.9918112718730849,0.9913995693634949,0.9928907618114328,0.9949662256667693,0.997934807549594,0.9989370785025272,0.9985836491642708,0.9980415165033448,0.9967809115908693,0.993494855363833,0.9876553881992407,0.9831734216840756,0.9744737122408529,0.9763143469976743,0.9717634727225627,0.9609012123281064,0.9506485222941015,0.9433820401108775,0.9395019143259323,0.9391868122403857,0.9275704345397859,0.9381426141210715,0.9255266349880049,0.932695848330479,0.9300869247213622,0.9310307738959474,0.9111655569167089,0.9374785712597417,0.9279576430160755,0.9339684841397021,0.9471253430866085,0.9698452452407726,
pre_model_seis1_20250809165442_354.dat---0.9682094417030094,0.9480216061077071,0.9689254279157553,0.9628869077033485,0.9728294241639737,0.9681021714151603,0.9781762345189192,0.9796051160103437,0.979613498492023,0.9876557894048498,0.9871140141501834,0.9844415828456675,0.993269316441039,0.9970565874044945,0.996995308284293,0.9791311339427454,0.9444374785324833,0.9648014666475884,0.9761903877739065,0.9851962986254281,0.9817727735713628,0.9815104040167469,0.9864165600835205,0.990968937723131,0.992338565153125,0.9865801844610973,0.9925270577739876,0.9898888393770547,0.9890835935428927,0.9816573124545362,0.985063092293703,0.9852308404593727,0.9842754662168163,0.9892476542214428,0.9889639230097826,0.9894949324791736,0.9863773502516713,0.985367874497539,0.9749353839338435,0.979732219863322,0.9823842466398669,0.9811335708318762,
pre_model_seis2_20250816100715_38.dat---0.9816301096129866,0.9860155740724121,0.9914091828685927,0.9901948081945344,0.9860433793349741,0.9856717164258578,0.9767597822126509,0.9738757506616873,0.9711872706634566,0.9606883836290087,0.938171527942657,0.9530467925158795,0.9671354743378704,0.9670785106357807,0.9824639425907282,0.9906785317243025,0.9934754864943143,0.9946760532994798,0.9915741767277675,0.9935081112112901,0.991436004130427,0.9882114092358726,0.9854886950914077,0.9842996292348607,0.984822455968789,0.9778605868196147,0.9607381668993805,0.9716503678958452,0.9696393780355775,0.9652404505316067,0.9555434613793713,0.975835785515853,0.9685038067898551,0.9583802448727125,0.9642119128346918,0.9566957879934666,0.9726615155407354,0.9687747331765456,0.9511162020803353,0.9598848864974053,0.9383087867907951,0.9737704593285702,
pre_model_seis1_20250809165448_741.dat---0.97595772386888,0.9849800783891083,0.9804055292536651,0.9816042398736106,0.9684665209387852,0.9767806505166144,0.9743099057183112,0.9609291284034418,0.9511306003082046,0.9423968064181152,0.9220346146552456,0.9153951639483118,0.9146255700499965,0.9207692090548018,0.9231980448950677,0.9227605365126884,0.9390719966235699,0.9285298185426453,0.9233924186052525,0.8992459078999808,0.9184162144795213,0.963029046118445,0.9801869804829619,0.9844342216091737,0.9849301088905325,0.968550740110818,0.9710796778214694,0.9624784134291343,0.9772414973952821,0.9826522761640667,0.9650989763777551,0.9433238373337207,0.952105316236546,0.9390156419106517,0.9470959910011433,0.9292693240094327,0.9084519335393613,0.8719190923749206,0.8899987206562934,0.8785752696030688,0.8411731572168989,0.9430490463716463,
pre_model_seis2_20250809163930_748.dat---0.9928684829084888,0.9927352248180659,0.9918323039010059,0.9918470730623136,0.9946473814520542,0.992792023005205,0.9888909069943492,0.9952633281470904,0.9911191675644759,0.9955538514972139,0.9929792545121735,0.9917584186317657,0.9925205962066018,0.9918571857186853,0.9978011592288396,0.9967520474745605,0.9964724376641346,0.9976853223133456,0.9990592441148124,0.9961239435969972,0.9917369885889404,0.9908572419548961,0.9861455794052536,0.9953180927002124,0.9950404185653929,0.9958547071636231,0.9922586966456897,0.9816672222747015,0.9776650552468756,0.9604429668522946,0.9706843191151144,0.975979711616257,0.9618999864593265,0.9592829741534628,0.9574505293575576,0.9654158994290895,0.9635452876526891,0.9558976435282809,0.9617585350916594,0.9731162596153513,0.9646986328164254,0.9843238073425676,
pre_model_seis1_20250809165445_860.dat---0.9721862495034441,0.9838776194401352,0.9742479196556239,0.9760178805968674,0.9868585482296036,0.9656857731196873,0.9795815855158605,0.9650288831124609,0.9687663357214491,0.9626676452691911,0.9595868555010033,0.9495913164974811,0.9836616266690873,0.9856732603017252,0.9916981971636316,0.9893489593965046,0.9990944372263858,0.9975351534178653,0.9925312277976677,0.9882319864008108,0.9829439874701029,0.9511649193358809,0.9651310204470761,0.965005518186125,0.9628447554357142,0.9642524370280506,0.9744869822645424,0.9807462790037365,0.9797476234952665,0.9781642715846144,0.9608522506246355,0.9631398586368027,0.9451090247672721,0.9293742976940115,0.8679776193469911,0.8939819000940976,0.7695754797197033,0.7823038622818466,0.7844118331195943,0.7733996114145681,0.872480553794785,0.9468040377141929,
pre_model_seis2_20250809163912_235.dat---0.9718521639910627,0.9844838614079285,0.9868227586886371,0.9837102253501697,0.9698483270265912,0.9798873427452345,0.976647861215971,0.9724313060574239,0.9817143261114707,0.9763459599057085,0.9835595105402126,0.9832633976397261,0.9903008551875075,0.9947425881419462,0.9973312167991683,0.9961845038946319,0.9954457031228612,0.9968913923936306,0.9979589000913206,0.9968373616415817,0.9962767420241763,0.9937484027927854,0.9948926289147813,0.9943032961517633,0.9915570041368239,0.9838428786223561,0.9840231162938626,0.987896242245919,0.9861671908838037,0.9741583873755887,0.9742359201071125,0.982273627940012,0.9755752166344661,0.9700464338741079,0.9745088112715249,0.9665276869624474,0.9777312820409599,0.9687581453000662,0.9802502189625726,0.9798311587770742,0.9582724377187031,0.983198448560578,
pre_model_seis1_20250809165430_514.dat---0.9730254957232142,0.9822838036645022,0.9861980775826941,0.9789391290052173,0.9807250074729691,0.9753646754803162,0.9623406455000859,0.9471535231089387,0.9345265943195004,0.8833368262716158,0.8826141674976804,0.7933994446429199,0.8713408935964438,0.9755927702610221,0.9767744555350476,0.9896980838311216,0.989505297122447,0.9888973807667134,0.975237632861662,0.9520244029151389,0.9429053767763538,0.9661433936976381,0.9547959240177005,0.9369383534240588,0.9099187937776196,0.9192202602751782,0.9420875790635298,0.9402935113245626,0.945186182948782,0.9478074729474129,0.9551469685099588,0.9522418849031719,0.9289984246802092,0.9239777949339809,0.9178227379975776,0.9242411823080753,0.924039632030884,0.9124740077022897,0.8866027523180068,0.895900911837386,0.8995331099984479,0.9396403551861479,
pre_model_seis2_20250809163921_552.dat---0.9876292328850101,0.9768143404900576,0.9826270472424286,0.9926261194801324,0.9891159052446284,0.9829798767360737,0.9863409085292043,0.9862520916793367,0.9888497265242162,0.9896451525734977,0.9910371150401662,0.9914885399219653,0.9887955200117248,0.9942955637548128,0.9937524325244255,0.9947978340797642,0.9945932190509195,0.9888984808580743,0.9857565062240142,0.9908866083028645,0.9900021150883377,0.9495126857885517,0.9560392812113192,0.9438874293655224,0.9392111859881457,0.959018082184724,0.9574254393769601,0.9627126847204431,0.9529626306082666,0.9077105340421747,0.8586665939064975,0.8865345618566949,0.9011784983379021,0.9298639024502796,0.9029455746229638,0.9315965472290323,0.929830802691705,0.9325644492122965,0.9122909798132546,0.9560434521037232,0.9255075280613032,0.9600655409710587,
pre_model_seis1_20250809165451_585.dat---0.9693410591811668,0.9603658070789525,0.9782472097556099,0.9799948379572448,0.9747527090513637,0.9738581751644767,0.9640172220982547,0.95419035931158,0.9601593557561762,0.9428976379211753,0.9287907116370581,0.9687194576411963,0.9843163392868131,0.9864268541320417,0.9903419980469981,0.9815949839903141,0.9521009949111509,0.952888502290005,0.9339057759991614,0.9237786155846395,0.9286642475714397,0.9380741682689948,0.9277542291658133,0.926311610442338,0.9388100300693653,0.9115597790242896,0.9244590185697875,0.9145585330035844,0.9171587599380999,0.9293917076566182,0.9322832950609514,0.9147290816684548,0.9340669497045392,0.9366942993310435,0.9404837952647683,0.9475830117129235,0.9171729153566192,0.9261026349497496,0.9454758986609714,0.9428399735725067,0.9506642461129303,0.9464762632171014,
pre_model_seis2_20250809163930_299.dat---0.9904769370782829,0.9918203102074232,0.9919860028723347,0.9902362634884625,0.9873262866483509,0.9826745808698141,0.9672764894601105,0.9790950030099589,0.9662604742412627,0.96471918029143,0.9615584702557634,0.9669295045011815,0.9693739893410204,0.9646715871761256,0.9712491360143953,0.9726334103389697,0.990082561420584,0.9891259233435636,0.9880358050918792,0.9874026283652189,0.9750650293500662,0.9677724507099748,0.9630193213123499,0.9505843824929804,0.9671966102773984,0.9685597328340041,0.9753820874008594,0.9702431704966141,0.9594956751707464,0.952539711977707,0.95649614730685,0.9565073723719699,0.9563171348756238,0.9447056043275689,0.9365778382823472,0.9515184251751544,0.9495596226457441,0.9422024771845255,0.9558117497419015,0.9683692047567241,0.9618695634142923,0.9683592160029643,
pre_model_seis2_20250809163933_267.dat---0.9804025048247141,0.970822391249796,0.985391711865738,0.9868902392990432,0.9892474007370194,0.9881684212797301,0.9812684050115857,0.9874851394823627,0.9780255037919586,0.9829418307777877,0.9782316388254793,0.9904082322802042,0.9903642958473978,0.9923801840704244,0.991107819439764,0.9939554385859085,0.992767442404001,0.993787699515031,0.9820431334789778,0.9889277023207319,0.9883423895179044,0.9910214581729317,0.9894682027473833,0.9904695351796268,0.9927474177870124,0.9955464919554261,0.9891473849091479,0.9810810225852676,0.9844710152255717,0.9725174787981172,0.9767223648067083,0.9655692666925894,0.9684232093644851,0.9613283724650217,0.9477231722501722,0.9521559969050513,0.9721068108269381,0.9770052378756982,0.9775602297963086,0.9764247016155956,0.9792099571727689,0.9817965573594484,
pre_model_seis2_20250816100718_75.dat---0.9848589285018248,0.9754298877936427,0.9914688767291705,0.9917274541944883,0.9914384133984478,0.9915631663656365,0.9913016845758095,0.9899359678344359,0.99023638935627,0.9882060300108172,0.9883292074057017,0.988144383374442,0.9899125776581381,0.9926949055411254,0.9943237886114145,0.9965469301448753,0.9981831063876542,0.9985745604978091,0.997998496837676,0.996227357870299,0.9874665600649623,0.9825509364158769,0.9633850786611272,0.9344503596301788,0.9285416950468899,0.9455354476886935,0.9551790750025969,0.9407378876317699,0.951794075781407,0.910034710616629,0.8838192778593078,0.91782765830854,0.885977216620472,0.8574362290888542,0.8685926142922777,0.8823163667839504,0.8321764131910373,0.8861609684673337,0.939276882987073,0.9527087727536764,0.9588691101721352,0.9559009621988894,
pre_model_seis1_20250809165439_597.dat---0.9745976096462283,0.9757053359680534,0.9703398511596819,0.9671691797411496,0.9760910848240281,0.9471996350925211,0.9675917951712998,0.975018412929487,0.9706863911476434,0.9756099589080907,0.9747953739243262,0.967643649013729,0.9738883435615105,0.9730538674198117,0.9916201164871201,0.9932173381466173,0.9698062057068123,0.9508709772705397,0.9790286357467828,0.9785773434355386,0.9856155989280415,0.9684602457839788,0.9475179317104611,0.9579696250121977,0.9690332312273983,0.9716009057725585,0.9665071201923454,0.9620462507055317,0.9500454467304347,0.9572527250615894,0.9631526331546472,0.8995425962941584,0.9285213233014392,0.9051585229866191,0.919222183741838,0.8976204698420601,0.9088218283144629,0.9502135419040276,0.9432384739667294,0.9480748203166236,0.9553408021931278,0.9587187166449086,
pre_model_seis1_20250809165448_417.dat---0.9886541644505937,0.9866166229411247,0.9729803122062706,0.9794794295523886,0.9839441695342133,0.9797821574878419,0.9651094927543171,0.976992958782939,0.9797260952377997,0.9705167534562792,0.9792690866941389,0.9762623765649947,0.9645070176516849,0.9628272207069766,0.983310958148149,0.9800872308297663,0.9796011189031112,0.9729477007205963,0.974074543695738,0.9772861868465328,0.9833101834513913,0.9760490842544606,0.9851328261343402,0.9847705019868757,0.9841051133916188,0.9714744175166465,0.9800104131564433,0.9700812032290304,0.970740123544268,0.9578824689138875,0.956011778044615,0.9650680056426546,0.9615829132713819,0.959998912196268,0.9578327558570251,0.9705268323982057,0.9579377547355359,0.9698876576611165,0.9897307716800641,0.9913341616261224,0.9898683264081181,0.974812482982086,
pre_model_seis2_20250809163921_342.dat---0.9673500748960628,0.9756803119541947,0.9695533785270705,0.9856086485860868,0.9850596208402174,0.9881094240796701,0.9827870004813106,0.9888394024121918,0.989724960684231,0.9870181686102766,0.986110528937043,0.9730071352564933,0.976855835834769,0.9821238040163722,0.9781221032238562,0.972763365682315,0.9644593488007261,0.9608197759722095,0.9668791735360432,0.9800940540716006,0.986920790407591,0.9872097546137577,0.9894917989481268,0.9865166814160895,0.9874828152505734,0.9831401291138969,0.9775650308573278,0.973671337556157,0.9725611580779007,0.9690216111405409,0.9739273173633434,0.9582238754033929,0.9669212502951934,0.9663649593601559,0.9320715672594524,0.9494155584805576,0.9290510083015265,0.9260922521086108,0.9403234805030125,0.9363705574040674,0.9189072866988798,0.970054056999095,
pre_model_seis2_20250809163933_858.dat---0.958144255989359,0.9571074588998841,0.9785850170736234,0.9790843078673913,0.9718378842009159,0.9869868806497558,0.9809044082266285,0.9799490159254122,0.98875739875587,0.9901973770833554,0.9829030410929116,0.9836037915748873,0.9790253633163145,0.9795395159749823,0.9785193236030555,0.9825912591168146,0.977111733075037,0.9610109737778352,0.9531517175615535,0.9605548665665095,0.9632680098956865,0.9744128744262298,0.9643314763532735,0.9620075478728519,0.9677202711484781,0.9561648307435219,0.9658778174975169,0.9773008072729542,0.9701645127072394,0.9751758017325807,0.9722601691466479,0.9691082388812856,0.9677528043807596,0.9699001489139815,0.9675108130819009,0.9503735373032088,0.9627206813594734,0.9601000688201831,0.9624434294281532,0.9558305977902234,0.9648316302946915,0.9704590648629984,
pre_model_seis1_20250809165442_212.dat---0.9808864495496803,0.9778689592472211,0.9861163526295591,0.9872546984720064,0.9814633097856086,0.9890774007623496,0.9915682478710164,0.991754819870847,0.992865636112568,0.9899450040581692,0.9848179095322529,0.9857061702985693,0.9901561642063162,0.9928780384361806,0.9914319612983565,0.995212351926709,0.9910061207950797,0.9907151270423742,0.9909104780583534,0.9862197638164482,0.986215665439818,0.9919750125219109,0.9923461365896575,0.990266616668424,0.987205765762583,0.9872076911816372,0.9825575203405486,0.9849235750159975,0.9884594941778223,0.9867686238921493,0.9848618858506646,0.985570136054943,0.9863958981143666,0.98660977675297,0.9883269321696794,0.9886090807313735,0.9880295087026647,0.9904774577156454,0.9914850025689177,0.9923318907508824,0.9916430191136552,0.9882956500947798,
pre_model_seis1_20250809165433_737.dat---0.9803423941369067,0.9685996505714767,0.9800359441930779,0.9782407775660021,0.967685309856643,0.9640061805758922,0.9557621161926599,0.9229735529683134,0.855319072548632,0.7817033782022502,0.6645436851302803,0.8162874675221138,0.8398026680272532,0.9553875125911346,0.9534924203654794,0.9508723857075596,0.9690902407884343,0.970894946571919,0.9794109563422667,0.9693853986094421,0.973003085290322,0.9695021796370539,0.9673926916455007,0.962248302729888,0.9561142941954571,0.96878022665186,0.9650677041912624,0.9687394069770684,0.964063197118986,0.9648998915500765,0.9518025100675689,0.9328066256838867,0.9388580352652339,0.9496156780172325,0.9189662273291838,0.9456619123730715,0.941032280947952,0.948374248945867,0.9679630710824448,0.9755692874150561,0.973659109849092,0.9397062445227268,
pre_model_seis2_20250809163930_351.dat---0.9921623764957888,0.9939261508930072,0.9920474529141122,0.9899218568384444,0.9868977730773525,0.98404940508766,0.9814362741600176,0.9880069646610156,0.9908013823156927,0.993679812805614,0.9943586649275306,0.9970602979455225,0.9969186170082539,0.9945983254393257,0.995731722815006,0.9945376652250183,0.9913330219882835,0.9891030778741385,0.9919882558444253,0.9943297666479931,0.995633135621264,0.9790645676071634,0.9745601335662316,0.9698931338817095,0.9736715118536576,0.9800233213568509,0.9739679504277777,0.9769335437990483,0.9751951677753536,0.9722536566402106,0.9631875509470281,0.9581311121492255,0.9454248756558051,0.9287753735145047,0.9221747452430483,0.9281917022478794,0.8716034622680511,0.8977218878557411,0.9187379867453206,0.9081768200023912,0.9140084968231124,0.9697614390474529,
pre_model_seis2_20250809163924_695.dat---0.9653592378298393,0.9805320501135263,0.9841826260531819,0.9872961286707478,0.986962504848846,0.980840375355417,0.978637219746936,0.9695676254125667,0.9774590716146784,0.9546039314159229,0.9611199088661289,0.9698321364299296,0.9784889778743322,0.9834162845527336,0.9916169921827653,0.9976137329168739,0.9934737300369252,0.9947150275822072,0.9951229404796279,0.9754751491626807,0.9644585544675068,0.9864212666067709,0.9774617250785504,0.9774017804711795,0.9695483191491802,0.9765430903315186,0.9687773090569919,0.9738116754507034,0.9675861082825359,0.9550811565460877,0.963043555376567,0.9755005299958348,0.9822950406453577,0.9819976995379545,0.9808840559315275,0.9794340257118664,0.9639477566619334,0.9603724273498486,0.9518787898731015,0.9331345936036698,0.9180690986156033,0.9735113221924426,
pre_model_seis2_20250809163927_678.dat---0.9899125842993377,0.9694922547317577,0.9873513201222226,0.9837269111918304,0.9778519060475179,0.9819579714127552,0.981215604898874,0.9664208371355316,0.9436344199315702,0.9505109375383894,0.9558141914344396,0.9498912443249058,0.9606339428274037,0.9457184044520562,0.9692688117373806,0.9574039734555423,0.9662775856667856,0.9811373762250064,0.9850642110504924,0.9802226317454167,0.9794961743395898,0.962639376941876,0.9639867040578496,0.9563540743869513,0.9547828669601713,0.9553185575240449,0.9514720976338463,0.9588373379315529,0.9542591099141164,0.963934238611979,0.9572722799616771,0.95486756111251,0.9461737112252975,0.9467013164392963,0.9399827266458206,0.9365334674418581,0.936194159713482,0.9390528892536862,0.9352556271729467,0.9519586443382184,0.9465316707247672,0.9603685783551407,
pre_model_seis2_20250809163921_644.dat---0.9666201108791267,0.9680181146899771,0.9792879194186954,0.9580175701367812,0.9695277946416418,0.9731353278739302,0.9727903162243808,0.9698673365765624,0.9759947803251764,0.9787368561568919,0.9772583900303644,0.9872787341160841,0.9818372521620633,0.9714831969072714,0.9882188326961567,0.989458126908673,0.984684200206713,0.9716810090446294,0.9767960356466284,0.9775649099486086,0.9711839070860883,0.9706950620159241,0.9806990138259604,0.9688295246455259,0.9541861925678239,0.9568602423403455,0.952362039708293,0.9480887332314045,0.939665329311001,0.9479314060829134,0.9475155654583867,0.9343960334764068,0.9347406534778148,0.9396454067528959,0.9317955016743422,0.9467206797909344,0.9482603283010411,0.9110013113391765,0.9251666921957542,0.9421206993563541,0.9029747299890201,0.9603194113955552,
pre_model_seis2_20250809163912_685.dat---0.9807800465724599,0.975765600815569,0.9852017568548118,0.9797167546222759,0.9815053652230613,0.9817724628347628,0.9644866095804047,0.9651434269941146,0.9579770016095387,0.9248437019981186,0.9413677960939693,0.9450727755252087,0.9358075614873561,0.9341850205811366,0.914230108323833,0.925965089967227,0.9394357209084215,0.9212525313861185,0.9343453827306268,0.9291019359072521,0.933522383206762,0.93774529418,0.9337154738050255,0.935238812869167,0.9108010987143093,0.8843892996269166,0.9158696567014398,0.9338096172297408,0.9303161224211906,0.9201888533389309,0.9233552194992444,0.9341887583346218,0.9369792575596502,0.9568365949209225,0.9520302879620968,0.9635649239047638,0.9630691570491521,0.9596792659902023,0.9588464526949564,0.9598406252476068,0.9546405696014372,0.9443069359725463,
pre_model_seis1_20250809165448_262.dat---0.9887984829079217,0.9801178318728069,0.9910562403609755,0.9935424635769892,0.988484971283146,0.9872721960275851,0.9829585921251028,0.9808744794367462,0.9610739864201399,0.949210696203123,0.9253893645311989,0.9476119756474779,0.9424356823607627,0.9417336614619195,0.958277612001308,0.9598184236449101,0.9295941234870729,0.9465600399016062,0.9332078303477745,0.9312267779788007,0.8870042328825564,0.9235874077899763,0.9101651979645637,0.921715070071429,0.8921519265698115,0.9171556490212767,0.8819007160438677,0.9009895142757138,0.8912265744996274,0.8853639772471149,0.8434864249081518,0.8503503729468874,0.8007407180986916,0.8111441919859238,0.7847603436130621,0.8116648184230572,0.706761476399086,0.652646907654821,0.6867288641561916,0.7243028794816297,0.8284949832129344,0.8958923824103352,
pre_model_seis1_20250809165433_287.dat---0.9692836680083263,0.9847861127336506,0.9864691983957891,0.9879498202122315,0.9870520079289206,0.9948325154056668,0.9912831231551142,0.9944732287040925,0.9950634883762892,0.9929859634313186,0.9927592561407059,0.9881163845688894,0.9855350876154853,0.966808101631357,0.963530671725146,0.9790857387274119,0.9760549318141977,0.9835634813083317,0.9847598879695502,0.9841841860545226,0.9745133874867803,0.9643444383245083,0.9421842931213069,0.9374634409385291,0.9507397573391843,0.9537794423231608,0.9688453038179341,0.9715449418304881,0.9730049129966709,0.959531854658223,0.9500759814827768,0.9305362173416463,0.9134545318109644,0.9074669708632563,0.9149888321118165,0.8828521257942377,0.893786722864491,0.8881314507492492,0.8658272098640458,0.875477013175481,0.8995705900926835,0.9562608847047422,
pre_model_seis2_20250809163918_604.dat---0.9931949304653235,0.9902766291622235,0.9955719294835902,0.9944576444080053,0.9942974945431635,0.990234900611452,0.9838154434505578,0.982035484851327,0.9680495768074798,0.9630398688967327,0.9472858525226691,0.9505122191200882,0.952286031151879,0.9801805921254924,0.9855682707106771,0.976557177098767,0.9888464673498819,0.9899698341775195,0.9934571424417827,0.9937468056020093,0.9915617011721737,0.9875858298588632,0.9781608193786947,0.9673760553180852,0.9607389107036413,0.9627973494305764,0.9663916025535091,0.9739460292540857,0.9816802091265562,0.9830290665719248,0.9801231715418415,0.971719506951523,0.9668472601085107,0.9680333743864951,0.9562994733357909,0.9569892090624537,0.9659455130396093,0.9648960468803783,0.9641593624462063,0.9665330436227066,0.9768636310597946,0.9757332063605859,
pre_model_seis1_20250809165430_691.dat---0.993875239283179,0.9947304449025319,0.9910680543194581,0.9891443406502255,0.9831635127965221,0.98163194169516,0.9754637625053078,0.9762235987637667,0.9749519158023076,0.9732718937122403,0.9574682318122824,0.9708435575483255,0.9567832506318067,0.9802078451531828,0.9864524563727352,0.992648594847232,0.9828272615878844,0.9885071964954213,0.9851600439781609,0.9763523383851004,0.9534817452570867,0.9646935377505215,0.9518772249256807,0.9695523331784534,0.9514683773487582,0.9506461435913589,0.9552290558058288,0.9571298085255907,0.912157704205519,0.9214714576833689,0.895562835716574,0.9540781632740963,0.9804506000654056,0.9790778941749826,0.9701724627355546,0.9741836325972382,0.9738316618876338,0.9687810702090028,0.9735622583445657,0.9764196330648441,0.9807906775912619,0.9689120429067357,
pre_model_seis2_20250809163933_51.dat---0.9745853050452272,0.9361358404153672,0.9683558802520522,0.9575361547905629,0.975256629225527,0.9723136536586854,0.9668306353064772,0.9781751663419278,0.9853093540190373,0.9893890722147498,0.9907636973721818,0.9889065598954259,0.985210615477862,0.9916529292749263,0.995029770394392,0.9941318191632246,0.9970565717471569,0.9942425114286833,0.9897793565002646,0.9902659925523853,0.9883970135806824,0.9883959573142201,0.9864895875937674,0.9829447876049523,0.9663920552142558,0.9732813537794403,0.9588569587354377,0.954154069137626,0.9629320237726686,0.9483347039499306,0.9455349276776029,0.9500592902425595,0.9491610188653924,0.954710779539813,0.9389516878156464,0.9452614800151908,0.9525379112787725,0.9508416369650204,0.9635309253195353,0.9514529659265988,0.9650890791674153,0.9706887250871382,
pre_model_seis2_20250809163927_790.dat---0.9882565253730972,0.9820227070455749,0.981423188631632,0.9837405500379316,0.9793700370323412,0.9735048519243809,0.9742317529306979,0.9771900037537247,0.9726173712658134,0.9831675702950354,0.9865797370313917,0.9898231380434197,0.991082614670836,0.9876293861591142,0.9822220359283412,0.990906335420896,0.9886361533264317,0.993709619751785,0.9950643354315853,0.9904532991539196,0.983830694592622,0.9709204843648329,0.9782076593929376,0.9835610169110928,0.9829676362346322,0.9781589598287963,0.977900510293682,0.9543702308714119,0.9544423891991606,0.9564690716525138,0.9427655413437517,0.9448005677096902,0.9194707418205145,0.9180524308219368,0.8864133082600373,0.8885627678087367,0.905529327788951,0.9244260759030608,0.9205090890026891,0.9211072579399259,0.9296627391927796,0.9637502369302855,
pre_model_seis2_20250809163915_501.dat---0.9579316317266756,0.9472090277641153,0.9671335666096896,0.9711532130716497,0.9794430126674594,0.9822683340824847,0.9885965917313901,0.9825939494247992,0.9751704476142048,0.9689495586995952,0.982697326693221,0.9846665152469487,0.9823607679159886,0.9884428865023949,0.9828112567840215,0.9890396856481961,0.9959655536276533,0.9985541995134366,0.996427192467628,0.9971613988621094,0.9925789598609911,0.992877369945028,0.9905128081718938,0.986319057041747,0.9828797521193308,0.9805296301859704,0.9586496142710671,0.9637178823849881,0.963746996560651,0.9502354693352655,0.9687343043780725,0.9715259351372368,0.9409662943817623,0.9338575315917897,0.9321351282176306,0.9027930073256238,0.8823495719011802,0.8847150857138044,0.9221198105909247,0.907091586582231,0.907630263602449,0.9642571262427635,
pre_model_seis2_20250816100712_95.dat---0.986187045249536,0.9848462341702402,0.9822655048272655,0.9892154894123011,0.9876874539603332,0.980599229773829,0.9829203712964589,0.9865099477396664,0.9874414500439208,0.9876872139162515,0.9870597039784091,0.9774611343516262,0.970775350697429,0.9604652216388224,0.9525341314262243,0.9531403426746711,0.9721322350877601,0.9885497909096915,0.9797510116222362,0.9836261279545723,0.9867237154281938,0.9849609568283889,0.9841684066783505,0.9852602655880777,0.9772373180049033,0.9754874121709284,0.981492515355795,0.9799541037873656,0.9818541271684426,0.9793369563865776,0.9831113027853154,0.9698785992847864,0.9791375545305673,0.9511401570759686,0.9725854168692569,0.9829089739669333,0.9857978185514962,0.9778548004227635,0.9773018824920251,0.9672208128968924,0.9712939262783142,0.9784283417873803,
pre_model_seis2_20250809163930_173.dat---0.9865136651378904,0.9771730774656278,0.983412912343649,0.9831448739308556,0.9776686167027903,0.983360625227745,0.9733760725622622,0.9847046211759587,0.9787135899913687,0.9777674186042983,0.9793710563502495,0.9750273767367444,0.9887137854135257,0.9764589784074816,0.9889101663079581,0.989378886058061,0.9880575465625074,0.9922002252993459,0.9895157194497842,0.9838197495133066,0.9792134511157261,0.9824876900743721,0.9759155556306717,0.9729096702571098,0.9704408142796737,0.9464825196018138,0.9412941161816563,0.92787855104478,0.9020267069424873,0.8789339199769224,0.9254383414034871,0.8983826070059043,0.9133044690766965,0.9369768668160947,0.9551175978931019,0.9619151382148455,0.9684409259735225,0.9508006388073058,0.9634145157464662,0.9587614370848492,0.9452030743440224,0.963722623675925,
pre_model_seis1_20250809165430_893.dat---0.9828554725804284,0.9775254526130717,0.9798743282663384,0.9718041256670721,0.9767956986895147,0.9660810865956565,0.9428358095751752,0.9720834029564227,0.9484575216723318,0.9519766213630589,0.9504082543094636,0.9626734923920189,0.955441314493291,0.9556588847202615,0.9482840186611529,0.9514498451544824,0.9445324172380608,0.9262871302619976,0.9385172126163994,0.9030392551334954,0.9401514353083499,0.9475596823245014,0.9603785968288718,0.9611377414491664,0.9432118287427066,0.9488746673700933,0.8983709329772575,0.904829587719771,0.926760740443424,0.9324937782947443,0.9169961484192195,0.913926059732541,0.908797617216137,0.8770513754009034,0.877613150064874,0.8756433521968058,0.9026582729545676,0.9123269272234412,0.9288998864616957,0.922075010195474,0.9198291735755337,0.9372235929234091,
pre_model_seis1_20250809165430_206.dat---0.9805113065438904,0.9780193296405357,0.9774384126055419,0.9784066669812894,0.9749458879414737,0.9631157352068153,0.9644644341148403,0.9757028960596081,0.974523042226562,0.9739742340379614,0.9618309477686692,0.9810424152939144,0.9785096741353501,0.9776394239308842,0.9799676233680225,0.991737831122381,0.9945225936787085,0.9911148633937287,0.9946749255699104,0.9939115632773413,0.9884735121852105,0.9753390022009654,0.9829407747988788,0.9681346158585291,0.96101270831044,0.9566371663159988,0.9604264517469242,0.972667243194517,0.9757077249251996,0.9793259012222963,0.9841049181759859,0.9790844957699371,0.9841203880295541,0.9810311182439418,0.9695585612511111,0.9747092922203139,0.974534291156035,0.9649168984495363,0.9756206668692338,0.9600196053156985,0.9732314111543434,0.9762841598607824,
pre_model_seis2_20250809163915_211.dat---0.9894947214761145,0.984202831599499,0.9906668308067813,0.9881838021198142,0.9833353052950174,0.9802982586732082,0.9785858162595742,0.9736270705183061,0.9679773526511276,0.9711446140911557,0.9729480371075415,0.986130614604885,0.9798913169571803,0.9896678434929371,0.9867414027296001,0.986448068897204,0.9797315318348726,0.9873011916609312,0.984679558324102,0.9704655086252897,0.9854460907409277,0.9754016866130698,0.9867646897977352,0.9850694784270815,0.9856813329817924,0.97987235651739,0.9867629831133645,0.9881695396030079,0.9840026812453097,0.9750047780389859,0.9711080353045881,0.9703115187420385,0.973050836523231,0.9759138822714227,0.973352087262226,0.9540556071799301,0.949175507176106,0.9371905523459719,0.9332584025547247,0.9491374899756468,0.9301690628142982,0.975132201876927,
pre_model_seis2_20250809163921_186.dat---0.9516226907287914,0.9776812891367678,0.9839267775389593,0.983709620783634,0.9773862120680218,0.9815096725047537,0.9807174617603333,0.9751767782040125,0.9827902585792052,0.9704607817569749,0.9735082252241953,0.9628345948427507,0.9587775889008394,0.9768206369195335,0.9855910638561987,0.9920145925584024,0.9921761684145581,0.9951679346701313,0.994603704838175,0.9941457635302401,0.9941435697927521,0.9944441422422944,0.994243857355864,0.9937352661651975,0.9941963941348272,0.9892172827891114,0.9855594075592355,0.9855332901350498,0.9850416106502616,0.9845528211815066,0.9844306375361681,0.9794378812201293,0.9779445138676198,0.9849334540351864,0.9759105113958305,0.9637920724582447,0.9396923388271696,0.9398315300821675,0.9542576150696264,0.9480843595968071,0.9316350431263902,0.9773473028301933,
pre_model_seis1_20250809165445_512.dat---0.9912857969702764,0.9900067248793445,0.9887609197475897,0.9819805979469562,0.9848537481122499,0.9751242980800185,0.9667950998298538,0.9726469996745507,0.9584047535754874,0.9698017391522846,0.9681502174820839,0.9631441657656804,0.9796428286653651,0.9867883247866462,0.9926753113391024,0.9930152834130638,0.9915710600605135,0.9913691084961361,0.9943370633790181,0.9904865290944467,0.9815067319322275,0.9735118133420324,0.9738332744639571,0.9602049037949488,0.9805168135359172,0.9859119930256462,0.9902180719403628,0.9843212939692929,0.9739796974438223,0.9589878462653156,0.9265650894032974,0.9470285626740044,0.9386714575552798,0.905777982274618,0.9083008426892675,0.9285688502528527,0.9245276989920642,0.907462111886303,0.9324384940976542,0.9350663619498639,0.9245490945306238,0.9651899891821957,
pre_model_seis1_20250809165454_537.dat---0.9908621112764271,0.9927365490324834,0.9923414625378582,0.9922153675409915,0.9913759175686866,0.9887078034923599,0.9863784695675226,0.9846084212893904,0.9702757667438214,0.9363935978182888,0.9083490237735826,0.9380474731699379,0.9528491480844514,0.9522801203595193,0.9553265819117704,0.9571819283909507,0.9601075705132127,0.9736265566179,0.977391943105846,0.9700856683677105,0.9743913483675258,0.983914829528358,0.9713699613236837,0.9404162749591352,0.9403953446101498,0.9444468842656691,0.9500576656747087,0.9682946414730681,0.9748174830594512,0.9765467739986168,0.9788837476578878,0.9760726100281205,0.9715162371661148,0.9784134529888759,0.9737524232743641,0.9430358486582013,0.9438398564872114,0.9521997060052123,0.9675086465581363,0.9706560036532247,0.9657238395747434,0.9662779283042722,
pre_model_seis2_20250809163927_579.dat---0.9820307149765891,0.9890142979230278,0.9853328239223912,0.985607678632337,0.9884970120987201,0.9920385354141034,0.9904465551987851,0.9895721076031891,0.980797742097133,0.9753254317794291,0.9773711445228924,0.9834862412533801,0.9818842497478929,0.9883092102368578,0.9935537481522074,0.9932594391033607,0.991921717623577,0.9866990392624424,0.991276707646804,0.9956283070684175,0.9947218949236585,0.9851855639497077,0.9846105030219178,0.9805786863170021,0.9812813927822012,0.9728062853370432,0.9749131079861599,0.9798083133935914,0.9809578157841097,0.9871638197813809,0.9866605721681273,0.9775385706984262,0.9812194293438371,0.9851647328371426,0.9907699409890719,0.9894096847813879,0.9802022366057009,0.9723094291074925,0.959691681563684,0.9463201591860007,0.9423470727613749,0.9823344779898182,
pre_model_seis1_20250809165448_521.dat---0.9620339695391809,0.9902145589596618,0.9806757727518844,0.98628226191032,0.9907890055558417,0.983725363286291,0.9843051148489448,0.9824388578579474,0.9891910950664665,0.9880330021918601,0.9911519125995596,0.993826788967884,0.9950023585037798,0.9953023075170245,0.9891504550439564,0.9930078652160398,0.9957761441640846,0.9933529222251943,0.9918163113051262,0.9867462569768066,0.9815564196549051,0.9799859622827664,0.9826780129451275,0.9658464710980156,0.964375595298321,0.9476596782128563,0.9607530259919933,0.953087790017989,0.9346403408465956,0.9235220487663541,0.9139099556277528,0.8704583442464686,0.8949900033358517,0.9079018702879225,0.8723182119089652,0.9043356023932357,0.901421875770532,0.899705695797872,0.9070032507727711,0.8783439742774366,0.9139623527513521,0.9566165562627548,
pre_model_seis1_20250809165451_643.dat---0.9772553063652111,0.9837210148296945,0.9627499363639205,0.9750012360005486,0.9754663906616284,0.9739534746826667,0.9827916729045578,0.9851656718178742,0.9901497127659579,0.9938678638159348,0.9919152127359055,0.9946800955049762,0.9968430758154306,0.993727505185083,0.994946170764478,0.997465698677896,0.987005315624295,0.9723876723603122,0.972473288937158,0.9681561247178552,0.9403060532984111,0.9451538438109203,0.9682646855168958,0.9666171406528253,0.9616005139974574,0.9666586378733544,0.9696348934259876,0.9749557166719046,0.9769212636060185,0.9746538382664994,0.9742979601313644,0.9783355285576061,0.9682304118389209,0.9578514240020043,0.9599284053922685,0.9650694749867291,0.9856077192941862,0.9795182339150641,0.990137690905136,0.9910248703685973,0.990482913729466,0.9769505770920244,
pre_model_seis1_20250809165442_574.dat---0.9844246805243718,0.9682952607691055,0.982855673706833,0.9762829487871963,0.9845112086442022,0.9743736050190503,0.9713713782033198,0.9543283907184728,0.9305392601074958,0.9214036349579011,0.9224208254006592,0.9098436120029684,0.8831088061036549,0.9430501728263673,0.9604807329957206,0.9946443464170323,0.9954014832182798,0.9931324270616961,0.9886494098481469,0.988280494586524,0.9878532968423125,0.9905320312621713,0.9841731588929366,0.97384687301241,0.9733226441568648,0.9673803929819855,0.9607219444022873,0.9751515509262126,0.9808231154552078,0.9813116712474553,0.98017193887381,0.9774560645268935,0.9785590583805536,0.9841484457713281,0.9830993859018319,0.9840355166157757,0.9765558190790473,0.9801533300447698,0.9792985191115527,0.9745172773811985,0.9716943687294233,0.9700537745242689,
pre_model_seis1_20250809165457_519.dat---0.9773746847867021,0.9888227574128433,0.9906794483895007,0.9911426886774196,0.9891431409354965,0.9875737079923658,0.9913199140412029,0.9919376351195337,0.9944301037763806,0.9935538733428888,0.9918813127771892,0.9947317191352111,0.9916688473283777,0.9955609097984975,0.9984313720815654,0.9977826212644924,0.9945491839551044,0.9934879969692519,0.9895153799603911,0.9856536370138967,0.9847968672539927,0.9880230243975908,0.9882424408291596,0.9800620691121672,0.9796349641882822,0.9796287570291041,0.9843657404267914,0.9825066894503023,0.9785198874405105,0.9817542196134769,0.9813377129148236,0.9769306528537787,0.9675058762921537,0.9527263214621555,0.9641519936277596,0.9613139384813657,0.9649163617434644,0.9688851943634171,0.9753748612985902,0.9786001151857904,0.9764913556848974,0.9835368287416559,
pre_model_seis1_20250809165439_715.dat---0.9756455406927866,0.9730675086616846,0.964862077129817,0.9729387799250735,0.9752648179236048,0.983181548125107,0.979618106846799,0.9856280019485605,0.9773112096930306,0.9828840309227298,0.9703029289469527,0.9815495959482927,0.9825206155004818,0.984832756868774,0.9880328585415481,0.9866324723074389,0.9823099245041459,0.9774709045233879,0.9809061099678706,0.9830822124388675,0.9680846469177639,0.9603740728236202,0.9373189116476228,0.9529210425562509,0.9646969987891187,0.9720905759431515,0.967071401058614,0.9513014234774342,0.9061678579268776,0.9167729848481024,0.9099727971574434,0.9336129509716317,0.9507614390328682,0.9134396538168505,0.9375232568106563,0.9341380422086408,0.9513938607287042,0.9674930412979587,0.9731252589046722,0.9759994490195979,0.9783343895046893,0.963674050167298,
pre_model_seis1_20250809165454_820.dat---0.9782276726064505,0.9878166414776743,0.9894007926526988,0.9872538508454707,0.9888062556835246,0.9866581941304106,0.9833442551866977,0.9822214255005699,0.9745289842207705,0.9732649458149604,0.9625158025614965,0.9564814479455752,0.9795939917262417,0.9867666606410992,0.9935448648791783,0.9957592702837835,0.9962933887086473,0.9941590695378844,0.9938176613592086,0.9863172903280996,0.9793753194679583,0.9746408980988801,0.9798610911516498,0.9850281202131753,0.9857069398879118,0.9813794222175937,0.9755507015409751,0.9703990877103237,0.9575793831315027,0.946095488656751,0.9216877799775122,0.8535705930994523,0.8714030271137005,0.8698255364975976,0.8025991798517366,0.7871750032989464,0.8172344664123252,0.8240146883359902,0.7824937471964264,0.8600512225660907,0.8970434435883322,0.9438899416123239,
pre_model_seis1_20250809165433_216.dat---0.9715968511454642,0.9912941816294117,0.989049341702829,0.9805378763466952,0.9866148421463549,0.9919378016171948,0.9884368657507084,0.9901290089919409,0.9925072886552996,0.9923699124029597,0.9922261501678967,0.991267416266526,0.9836595274690247,0.9810048401424719,0.9832244157377213,0.9665256293602639,0.9782217600444271,0.9802070681332239,0.9784281211312468,0.9695436590600339,0.9731802786305029,0.9722987560594862,0.9528393066592382,0.9510674584139202,0.9598421484298493,0.9639120776917525,0.961886376381012,0.939679210516359,0.957097587047564,0.958273722415713,0.9601810720232564,0.970535917079644,0.9724696077918396,0.9677676674577412,0.9746744732226821,0.9767349795128061,0.9665847039195821,0.9734983690615983,0.9693381875372015,0.9739069515160692,0.9712379132275644,0.9742875444511484,
pre_model_seis1_20250809165436_117.dat---0.8740251353042632,0.8119332425280363,0.8595640581628596,0.861525582821898,0.9005761806035791,0.8331826086048411,0.8641115900294424,0.891897699335219,0.8863205111335098,0.8866792711147437,0.9528655042119846,0.9405846664600735,0.9516627953927839,0.975170048312764,0.9924599438994496,0.9923926445475681,0.992924152152096,0.9927800941296069,0.9792764725070923,0.982423952282672,0.9779221258827407,0.9741263932309235,0.9768293427593042,0.9757993175578447,0.969579983440705,0.9712899115083415,0.971557822342547,0.9609609181832871,0.9628117114570505,0.9607136542862914,0.9387919823867581,0.9543369627424804,0.9607065407299699,0.9630432104854504,0.9542618747713741,0.9402942083882978,0.955198388744314,0.9589691587125342,0.959065571997623,0.9677186348223018,0.9585853715805982,0.942315103403542,
pre_model_seis1_20250809165454_230.dat---0.9783841331109081,0.9628345089832641,0.9837952447215594,0.9858245235270356,0.981843001301498,0.9908598520524841,0.9871718235968531,0.9931129494238162,0.9956525035822339,0.9902731079682028,0.9924334599392028,0.9930898782454858,0.9937501505392439,0.9942739005210719,0.9941537248300245,0.996373317609715,0.9954022042098069,0.9942200504342315,0.9935818309264477,0.9937200664904974,0.9947754119856992,0.9945938004313194,0.9941370126494972,0.9930049812431191,0.9947912316085165,0.9904266980484703,0.9888807368704616,0.9870004340943787,0.9904563294357956,0.9901924440484376,0.9874298515826293,0.990174382140854,0.9830416269759202,0.98827014215607,0.9852747489334218,0.9892383241884285,0.9928548151466889,0.9915980644193347,0.988282527135786,0.9879741952532575,0.9880787337682904,0.9897860176617063,
pre_model_seis1_20250809165445_6.dat---0.8141507962747078,0.899174034047358,0.934593141865629,0.9565639035308365,0.9733005710385068,0.9705616790239784,0.9861740995254615,0.9924129289931304,0.9909031020516766,0.9934733860416404,0.9963728326067987,0.9883589506905632,0.9747590564747108,0.9936209221633816,0.9824120663521451,0.9892585167297284,0.9826924832055006,0.9918157287409302,0.988572321103264,0.989006748975991,0.9908761539963961,0.9785303688216901,0.9871393731981962,0.9897027671623592,0.9859111237067664,0.9823638277474415,0.9918069592397848,0.9875584032836732,0.9881202211400398,0.9902940940042388,0.987561307566348,0.9872955720940136,0.9913150087840787,0.9911433165862633,0.9894729864489277,0.9913123170926771,0.9917803263190178,0.9859568728250616,0.976429018417666,0.972735284769694,0.9766853188000001,0.9781016558887874,
pre_model_seis1_20250809165457_29.dat---0.9794099518273175,0.9848902181190288,0.9847957631047118,0.9699483973504341,0.960087191053718,0.9552922255054999,0.9501821946274397,0.9508430917744616,0.9442886248039064,0.9562501987943813,0.9585549103072526,0.9757206183874144,0.9817101593883331,0.9797389443741531,0.9605992302463531,0.9605702131039016,0.9634939955454834,0.9607843833330252,0.9447055788688117,0.9388080710657336,0.9214846533555924,0.9283653007216842,0.9195161346494918,0.9460143221186071,0.9328875362555514,0.9105213965218927,0.9378670432139675,0.9205181969617451,0.9119696618139093,0.9292491875289208,0.9351410821574283,0.937434863327783,0.9149326938436705,0.9357063183596728,0.9247818614087923,0.9378711883132576,0.9536692102069239,0.9460806637490589,0.9355378872004233,0.9352587701880747,0.9439549148524204,0.9468155328861033,
pre_model_seis2_20250809163939_224.dat---0.9948662882485334,0.9911339075222215,0.9932998884537547,0.9864118127377443,0.9897129092990135,0.9850761837076129,0.9747431176350863,0.9696425634157867,0.9506759524209116,0.8791525162037348,0.8848193696156501,0.905596681835809,0.9281600970131211,0.9490638967198542,0.9600195474679019,0.9811258976387444,0.974965539019086,0.9867257366072906,0.9882176701665972,0.9797131965295972,0.9785011606515615,0.9844375914203265,0.9771500170946763,0.9866578228118031,0.9873137698851233,0.9758431229853589,0.962734788749056,0.9702906176393657,0.9707464823849048,0.9603142773918782,0.9552552327944336,0.951852105381904,0.9531385665188327,0.9704126620056945,0.960050435692794,0.9711746575954361,0.9678189127176935,0.9710856642511672,0.9639826189937668,0.9657761444054958,0.9637679360260948,0.9658884721867175,
pre_model_seis2_20250809163930_675.dat---0.9630171147392815,0.9737759705611153,0.9648156709591862,0.9772785024896573,0.9626150141643037,0.9627179902783918,0.9347844426650123,0.9125950238166448,0.9412100678504697,0.9337484925813794,0.9559552762738693,0.9657670501844553,0.9626391365586688,0.9782481232830982,0.9919563169880592,0.9929326770237069,0.9909577118714045,0.9930152327964292,0.9939339630054885,0.9892393487369957,0.9851680518313596,0.9844069074033762,0.9743450180799698,0.9758034547195759,0.9816150195984636,0.9590835364638589,0.9647404660052407,0.965615930010107,0.9356946730635113,0.955558664426832,0.961935633553876,0.9526877255677547,0.9661372705721565,0.9745289315396803,0.9725238789966498,0.9845592038290868,0.9781861467738846,0.9816677950039879,0.9780623223728662,0.9750362619587437,0.9693832912738888,0.9687303246310359,
pre_model_seis2_20250809163918_136.dat---0.973955862789449,0.9616897226243198,0.9485790397294689,0.9726770575052772,0.9530287885925625,0.9585899107509741,0.9538757867793501,0.9612593231344491,0.9476041397300777,0.9439266571040729,0.9655800549421162,0.963772905836826,0.9594579381227651,0.9512967811181817,0.9407855486205138,0.9819856847780963,0.9883493404571925,0.989904489147896,0.9742735942237839,0.9691065636540391,0.954188836218578,0.9532511940136598,0.9543077300985334,0.9767392516408435,0.9658778963316365,0.9714229868868566,0.9618883526558596,0.9516365411652355,0.960879176743852,0.9664161235028139,0.9670434992545985,0.9739186915724094,0.9790292267804174,0.9818309499556983,0.9802817963577081,0.9777324021246002,0.9796884042970491,0.9788136642011125,0.980775753980013,0.9804605476636927,0.9808603934572006,0.96674981972058,
pre_model_seis2_20250809163933_462.dat---0.9850430665954394,0.9898116959336872,0.9850706661545832,0.9839732471427567,0.9848211076211187,0.9833308037907742,0.9808200612512437,0.9825595349095542,0.9894179900461114,0.9877268281873558,0.9825763617633491,0.975212282849724,0.9449075272110277,0.9207224322945611,0.9425401874793756,0.9536526208077662,0.9653364137208993,0.9634656254132681,0.9687535724283716,0.9679862688063702,0.9484231864849059,0.9780850319809841,0.9834928709785418,0.9580641434885369,0.9473023605178953,0.9261050745221056,0.9426677784858921,0.9280876509711672,0.9163664841875181,0.9410900910917084,0.9356194260700289,0.919168361974141,0.9238672572948222,0.9477543796261386,0.9443070477152297,0.9358368226342644,0.9419739189661163,0.9491933706366424,0.9433733744087451,0.9539430870799412,0.9508784105299709,0.9573982542451862,
pre_model_seis1_20250809165433_94.dat---0.9693404130563867,0.9754547057694989,0.9875677133619741,0.9852560691155051,0.9860381712381648,0.9870081078728378,0.9830564679593073,0.984386729628385,0.987569608199662,0.9806662155419585,0.9773306819353423,0.9831991703342381,0.9848103114931123,0.9877984434023994,0.9931357044861542,0.9970549719608006,0.9972446903773888,0.9951825569668796,0.9900055195743827,0.9930791205419506,0.9886023723273125,0.987115812804806,0.984003619363785,0.9846479532243915,0.980035250893152,0.981631523623376,0.9768756646316076,0.959569036240007,0.9612801704156516,0.9675509856034379,0.9732953857672597,0.964085289100361,0.9650075592311683,0.9685563941740261,0.9568829022754101,0.9622104483049099,0.9711891373449133,0.9729973217276161,0.9612158971264855,0.9543129881981971,0.9489317512418871,0.9779312886935633,
pre_model_seis1_20250809165454_297.dat---0.9551333539123752,0.984485289602185,0.9756133990937426,0.9843997521034187,0.9838749174165422,0.984295013755794,0.9773415422807377,0.9802259456992821,0.9821127425866717,0.9844651120632574,0.9810834934671667,0.9881615667534658,0.9890806990685278,0.992016987813477,0.9914017167687784,0.9964452018639901,0.994802567527613,0.9938545348799157,0.99423289559873,0.9964958399204981,0.9954215290245928,0.9959933539735012,0.9948757344872217,0.9927913477978314,0.9907958342965153,0.9871236626307927,0.9896853177111343,0.9875899345756879,0.9832439042664723,0.9900421133107598,0.9836170929773196,0.986669741267771,0.987656487026215,0.9857244186172888,0.9833185177331605,0.9810962125734968,0.9788658088211825,0.9738658870860595,0.9791717562064743,0.9782024277173614,0.9766500259286244,0.9856566751269669,
pre_model_seis1_20250809165433_882.dat---0.9877782581907131,0.9882925915985418,0.9806095630895132,0.9844349674436123,0.9902361470541792,0.9842945660693291,0.9890721899102178,0.9855122524085027,0.9896682978087299,0.9900012574965935,0.990922132603049,0.9901254514741807,0.9825708636825089,0.9809540046024086,0.9819083422740179,0.9925788074232113,0.9928556971035113,0.9882712023973628,0.9903663062313499,0.9914861397995205,0.9927416159419056,0.9879568825879113,0.9889636523479447,0.9899675059432165,0.9873568256658753,0.9835402075038174,0.9815065982655299,0.9803363491428415,0.9780333667965617,0.9747746179162405,0.9725901563008456,0.9713106196256505,0.9541134068617233,0.9390258497296561,0.9348755737807547,0.9342157616948829,0.888238287051411,0.8948677881665161,0.912561865784503,0.9305272447223705,0.924848754220948,0.9720559016759064,
pre_model_seis1_20250809165442_767.dat---0.9820162727416752,0.9873241225347201,0.9848622976225135,0.9856462203490585,0.9934722410153919,0.9936920040362991,0.9934209187714934,0.9878092311732268,0.987962513335953,0.9841658640514849,0.9826548472524677,0.9818381173346434,0.9848147302765868,0.9905804004290486,0.9889399259972699,0.9888863669089738,0.9948238675302008,0.9945200636451823,0.994356601499546,0.9968734194131404,0.9920002663996911,0.9856231603206058,0.9819662777395133,0.9742302640467736,0.9804328470045912,0.9737838448125683,0.9474558530619417,0.9597278892513436,0.9624209013696129,0.9809696701237841,0.9621753436743277,0.9810382576916823,0.9496599820162005,0.9264192505129937,0.9242760095106218,0.9234173480678527,0.9373072536343284,0.9607224221169933,0.9510801090594215,0.9535521009986112,0.946938720555493,0.9739965316558008,
pre_model_seis2_20250816100709_96.dat---0.9678255815956809,0.9749184547516855,0.9487562001055977,0.9452665229410464,0.9355449942644761,0.9384664967701156,0.9417671835701988,0.9158884527087267,0.8727578239632249,0.9169576462518985,0.8876959768399583,0.9302369676162534,0.9923421711743498,0.9792221909408608,0.9216633005101659,0.9127743835566784,0.9331549249174621,0.932819824993175,0.9501803573821048,0.9564464149474596,0.9566461217782327,0.9664256532821648,0.9709508968185288,0.970587796102438,0.9578374015360791,0.9515588826814823,0.9541512849713457,0.9341911121634676,0.935108768016001,0.9511289839240106,0.9581847485662057,0.9649584421792895,0.9731075965899483,0.97256092612843,0.9727271092754525,0.9686700048998832,0.9703317392046092,0.9748708970759444,0.9751081555382682,0.9689369627919084,0.9650199143238459,0.9504329089670404,
pre_model_seis2_20250809163930_524.dat---0.9793221207509759,0.9907745881767407,0.9850596320921473,0.9902979071186139,0.9573988747958124,0.9796043972362894,0.9514534002139516,0.9065292468701335,0.918111755224219,0.9263038315956925,0.9530412721625746,0.9523887649844949,0.9662252075545744,0.9723059444881187,0.9895165659278075,0.9921543737669289,0.9886293241933827,0.9807392448349683,0.9843961460383008,0.9870447607298236,0.9769010548047629,0.9886518798246124,0.9801960286975662,0.9803274483582547,0.9701159612822866,0.9459050825892529,0.9589252034067145,0.9421332214211051,0.9258569082084879,0.9370395285418652,0.928153270595671,0.9312577237001581,0.940989137251961,0.9176426658346729,0.8927241657603655,0.9179064536710175,0.9690078230759553,0.9688359916604478,0.9602945162965244,0.9535763009387004,0.9622432789708931,0.9585361220401664,
pre_model_seis2_20250809163936_376.dat---0.9948895570190461,0.9963025391030831,0.9954892775408668,0.9961413233580595,0.9931830363275048,0.994592684807736,0.9931614115663635,0.9890815146004965,0.9914086449139216,0.9887031631730001,0.990565888324276,0.988132080850562,0.9905891923555067,0.9941138264185173,0.991602212513919,0.9886196891091615,0.9853088235901334,0.9851442969028146,0.9897982343799907,0.9801863331093481,0.9620413956696214,0.9759033089599833,0.974885980514116,0.9515481361430094,0.9514508188878835,0.9385263906947212,0.9600565969301297,0.9678568956061184,0.9684603189974188,0.9668189848031007,0.9795334907304165,0.9905626514520876,0.9866240541516756,0.9897288596054586,0.9880745668876181,0.9766432024091837,0.9695741561067032,0.9654845133986483,0.979506175374312,0.9813085248707764,0.9799424097350311,0.98101329663152,
pre_model_seis1_20250809165433_1.dat---0.982689175125651,0.9726404008038972,0.9781235483633195,0.9635985751988734,0.9601398534340226,0.9661717542102517,0.9591939961513417,0.977479821000035,0.9789825629590679,0.9865948153313955,0.985961780663578,0.9934449916119173,0.9962981226770697,0.995629726708362,0.9945315883570763,0.9948746247615715,0.9948745075706706,0.9934200196765671,0.9874103026433352,0.9849344191316705,0.9791169741466694,0.9628133399663797,0.9646636130863842,0.9663633825948594,0.94213682653713,0.9774949183300815,0.9760629730861101,0.9813365454533796,0.9758575317800802,0.9828168097845505,0.9825404516866818,0.9768027158232113,0.9739709542915204,0.9746138363393599,0.9774690190201311,0.980136072936664,0.9817612390414688,0.9808647983647493,0.9796162822703026,0.9592777317462498,0.9554258614376202,0.9775155235147136,
pre_model_seis2_20250809163936_409.dat---0.9879146042462277,0.9821972433162843,0.99259534213224,0.9882024515883041,0.9924305435252855,0.9921623736650915,0.9896040831543405,0.9910677181780868,0.99188201780917,0.9891562860443702,0.9886075428692332,0.9878209767659056,0.9872489594523228,0.9891564950827287,0.9921883032676196,0.9920165635769105,0.9867302263580832,0.9822810063493237,0.9831341569975115,0.9797991233289604,0.9811365600399962,0.9801891112510543,0.9835352404251143,0.9840877746819152,0.9868658475532154,0.9813918820426762,0.9824626415681286,0.9736692264450925,0.9616935415485067,0.9538330981005194,0.9599344175337035,0.9488256562577464,0.9509322051098448,0.955211946942153,0.9619762932445812,0.9642101358694448,0.9657098977339549,0.9626117160854842,0.9753174782885526,0.9739501646979644,0.9652041647952423,0.9785108540956801,
pre_model_seis2_20250809163939_172.dat---0.9849242486078116,0.9756612626262755,0.9843134713960405,0.980639306982612,0.9763335624445879,0.9607983154723739,0.9604977714393604,0.9343114705894955,0.890561154398212,0.8706835966048501,0.8585576284269938,0.8960211611764143,0.9325471374221288,0.951246720634437,0.9862218939886416,0.9871715161509801,0.9866955189422317,0.98418425236562,0.9808180653405223,0.9770085329597441,0.9742630385569335,0.9679457508169621,0.9680970034313825,0.9653728520321245,0.9671316421126597,0.9563189152081399,0.9628696524402705,0.9460605834718546,0.9584400930064181,0.9628899060954343,0.9418894254454633,0.960499084175181,0.9151829618602961,0.9344553394494663,0.9138765141965377,0.9092460689195971,0.9524182784122198,0.9511781052455528,0.9690585722732646,0.9749662080858843,0.9770285230173068,0.9533752464932262,
pre_model_seis1_20250809165445_256.dat---0.9915568182089232,0.9861992368706967,0.9908762167550481,0.9890326553476579,0.984565409885968,0.9769347933221083,0.9862043040089025,0.9843749648810275,0.9770797323538885,0.9755443817216936,0.97319914433676,0.9743499450856589,0.9760701312086663,0.9689293633066587,0.9679432066345521,0.9747840646684747,0.9814832235716354,0.9996191838391375,0.9940111353493983,0.9920088410035588,0.9792441417498919,0.984255744533541,0.9828912761246626,0.9771819030852112,0.9652714124995041,0.9744758943299455,0.9885005022442607,0.9755287330596455,0.9810283516715487,0.9527020120825143,0.9567924533320848,0.964183743647995,0.957504226793922,0.967818434596078,0.9698318740356378,0.9710341485629492,0.9568698463594222,0.9464320186170313,0.9410765016449348,0.9246736354062521,0.9289448459820486,0.9729514256760855,
pre_model_seis1_20250809165457_813.dat---0.9813402285896434,0.9818302763443909,0.9661366842145817,0.9794003124585701,0.9687126639599407,0.9657095435932476,0.9697086189030237,0.9689323705620112,0.9762648419272963,0.9849869987511897,0.9854263588845082,0.9808886805325087,0.9754835912916755,0.98387250625375,0.9891331790321223,0.975359659366178,0.9774783267862597,0.9777387881326488,0.9696738235781466,0.9628895219687704,0.9737939668769595,0.9771281414996527,0.9699644291113487,0.9620619181597049,0.9545398536961582,0.9682900652257613,0.9534888712988445,0.9441709197746837,0.9314054585355007,0.9213196386551156,0.8933210840978176,0.8116191569643025,0.8779286439068261,0.8208923879760721,0.8003969881461549,0.873342520808982,0.88995492008157,0.9307395972114322,0.9303180700085506,0.9375386330197311,0.9366293409813289,0.945849062955292,
pre_model_seis2_20250809163924_616.dat---0.9831247627518334,0.9905332961926488,0.9911587498848842,0.9912233317322034,0.9938518081502474,0.9920217751786914,0.9911842734868207,0.9888131842081069,0.9737314090329161,0.9583279093469342,0.9700504686833006,0.961616619930445,0.9888047980598818,0.9830235698189589,0.9805402936394207,0.985975202328001,0.9888537056796972,0.9949342235947081,0.9910329466378287,0.984227328873771,0.9904429889465393,0.9783249730005127,0.980629795820851,0.9882751546565959,0.9871439823771547,0.9900047432553283,0.9826497536826412,0.9774058916080123,0.9800254558159549,0.9818479645125364,0.982480333897097,0.9794047538307838,0.9805006043164676,0.9787366682920903,0.9786451227570135,0.9772757712017405,0.9806923037336294,0.9774993595621151,0.9828420473149997,0.9807882561746832,0.9815545802400151,0.9829317112733674,
pre_model_seis1_20250809165433_684.dat---0.9870551935526416,0.986096913607059,0.9844870025046684,0.9705573735589671,0.9821765908456874,0.9746047845323982,0.9636209892940464,0.9531926949006325,0.9489785894138814,0.9759658192338053,0.9827474714135491,0.9905479750524077,0.9943068732177337,0.9925307383002171,0.9934426978776907,0.9928089314405615,0.9916585986632566,0.9912727102214669,0.9917288660856727,0.9879765145812999,0.9843420112571861,0.9816915608452683,0.9696342059292486,0.9434525798152575,0.9108521999589069,0.8891262465345271,0.879139329989966,0.8623231397632356,0.8967258881099428,0.8282521509743902,0.9038133630566346,0.9276334576403327,0.9492018809122991,0.9660535227884014,0.9677977439410693,0.976245472131114,0.9844399157017447,0.9832453535228186,0.9875322230075557,0.9879081360033216,0.9862788515123788,0.9610108917486154,
pre_model_seis1_20250809165439_322.dat---0.9408767151359151,0.9335267750898928,0.9169758527874814,0.9624571304171475,0.9636653299075314,0.9643572652288032,0.9737900483625398,0.983692396812152,0.98333527694652,0.9814659103193701,0.9883904737395593,0.9878262678458856,0.9866169948575023,0.9928157377503485,0.9901244104998175,0.9922371690836324,0.9862264443207502,0.9871649253643991,0.9871146150653088,0.9703958250414954,0.9660657463552235,0.9789626565233086,0.9857778948822683,0.9583470820159881,0.9398332053421333,0.9084533238797582,0.9330563776843466,0.9451439073132377,0.9296686756487224,0.9600019358480205,0.9407873602563421,0.9151067525959573,0.9172485278544431,0.9313750184576128,0.9444213840245936,0.9564414180898845,0.9180562488549411,0.891899675673924,0.9331943545688368,0.9237500860928941,0.9015800748822256,0.9549323724736761,
pre_model_seis1_20250809165445_892.dat---0.9393908490486047,0.978910608665444,0.9789908564456083,0.9674761674677098,0.9800409208269428,0.9782434140835241,0.9786077365243221,0.9860332117476122,0.983145180049028,0.9849994615138112,0.9780373402996316,0.9805546336185729,0.9743189260071493,0.9692531475263895,0.9721500553042635,0.9808815616860838,0.9855737140446669,0.9846950671151442,0.986364632219456,0.9841036691682177,0.9823630479546923,0.9881058711873513,0.9764935966997514,0.9811275379912959,0.9800829420618457,0.9763667827574078,0.9815305350006217,0.9721115900575226,0.9770794984248956,0.9750262318982368,0.9734426949090785,0.9738502561213382,0.9765706430823701,0.973005615475525,0.9604579151331527,0.9654906455446571,0.9730070498194089,0.9657473878709896,0.9622186423224394,0.956201128019588,0.9663944679060962,0.9753279325268401,
pre_model_seis2_20250809163927_646.dat---0.9893111215023043,0.9821381765320729,0.9875273752180267,0.9800866960273175,0.9764681046650113,0.9808776030143241,0.978902338017595,0.9676498082583488,0.9577250260615248,0.9422199692811261,0.9513269703060183,0.9688085944296362,0.9668733025533366,0.965216399271708,0.9806751374473439,0.9821300748587064,0.9848699875705216,0.987160676738456,0.9906840809657099,0.9700251041778466,0.9871538391989758,0.9847208747797378,0.9727544946916016,0.9755687595214513,0.9806985917812399,0.9768234333940916,0.9872473453960404,0.9686340547840897,0.9542437845667826,0.9612067686400665,0.9635065151026012,0.9461709776829971,0.9577213172279239,0.9441993474217334,0.9347941008118188,0.9129270589935907,0.9380976505330892,0.9334346452460691,0.9177020684658171,0.9391015894238818,0.9434538505228786,0.9651423808556926,
pre_model_seis1_20250816100537_23.dat---0.9692560810585885,0.9466297603728052,0.9234167213688557,0.951637222651733,0.9432358420123776,0.949073227054883,0.9312792663197205,0.9386168752347296,0.9373672691385004,0.9524103633969427,0.959600743964487,0.9393529673584557,0.9740555394612288,0.9817385707511982,0.9879098130939479,0.9918955127886634,0.9934476863745421,0.9929677431998898,0.9932782150995761,0.9900101264769152,0.9913093133271077,0.9936131969933766,0.9930206270170264,0.993251709696858,0.9901006254281552,0.9905829463017897,0.9888685160386733,0.9759918255982115,0.9776486979588218,0.9753023799561705,0.9772056512999536,0.9821813278052723,0.9872210369298815,0.9849601665924338,0.9837761170829745,0.983853444358818,0.9802515560630658,0.981565821227745,0.9792051405154236,0.9730008478005492,0.9748662657326899,0.9732916283147085,
pre_model_seis2_20250809163918_80.dat---0.9915927417938507,0.9890370785272362,0.989722152530325,0.9871937168179992,0.9784478284551397,0.9720827404629553,0.9628347416995412,0.9686718570617406,0.9597038914169262,0.964844592658269,0.9615429882440346,0.9688402195450652,0.9826218206719666,0.9903051740867717,0.9930014529994459,0.9925956257090813,0.9924860055303364,0.9868535039170304,0.9868285149376703,0.9865778378266852,0.9859688796536034,0.9790676949763826,0.972243292413992,0.9713382071168558,0.9653431257140466,0.9714041180065199,0.9687576924509114,0.9657168020197723,0.976824971395791,0.9777515206431985,0.9758033539523707,0.9788455745882713,0.9775018181107759,0.9768538485566408,0.967203831934661,0.969783358926974,0.9640697555227082,0.9662325192356367,0.9743594935833645,0.9818189863591165,0.980090287593296,0.9768966736011455,
pre_model_seis2_20250809163915_570.dat---0.8399751905047247,0.8568903746835288,0.9173961056653568,0.8964647103213865,0.8101969917272908,0.8820419837857589,0.7822314782810837,0.8916844256098995,0.8901947524703299,0.8953681298912711,0.8766881654095834,0.9315358454558745,0.9767934963212093,0.9733992900061715,0.9745803946796163,0.9782464302920514,0.983702727996785,0.9842615007590609,0.9642369548441468,0.9671807855669486,0.9570308597071369,0.9544816876638725,0.9552438129803065,0.955391609426127,0.9599017704414015,0.9653871442517533,0.9559187038597573,0.9613206170189786,0.9634361115821745,0.956537265142102,0.9652005761568652,0.9571401693352372,0.9473063241594366,0.923951465215268,0.9433656127173056,0.9555547038455253,0.9701070254433493,0.9740205130152302,0.9740626462746249,0.9627001106750529,0.9789018332075597,0.9368300072290522,
pre_model_seis1_20250809165448_502.dat---0.9840116322087208,0.990225124547339,0.9901998139026232,0.9926400989298836,0.9886011960149175,0.9875241900217636,0.9870583312315455,0.9837098915715968,0.9723573860324898,0.9540559908606604,0.9612280252107369,0.9257750875678317,0.9562984355797389,0.9512886297912104,0.9466371495525269,0.9678486393803869,0.9794447354721629,0.9781749488395725,0.9854093670355196,0.9931094590338211,0.9937212990599725,0.9930631198739533,0.9869131591636597,0.983841213173398,0.985483828609661,0.9848855625243006,0.9789511699484768,0.9671805480991423,0.9729995299041434,0.9660128401826164,0.9673635407543938,0.946327435689982,0.9417806015389767,0.944464156137583,0.9351390954113569,0.9349992687541431,0.9410674600309192,0.9387827293830632,0.9297695686766507,0.9317166173806193,0.9490872730533803,0.9670523939057426,
pre_model_seis1_20250809165442_272.dat---0.9827644384451291,0.9865431898533183,0.9795411556575568,0.9873406695312004,0.9827126686497726,0.9803045219444644,0.970006690416695,0.9618242622040158,0.9763337605565245,0.9840875510562738,0.9875621668982133,0.9899425522442504,0.9953763876853519,0.9979287040029194,0.9980395473838952,0.9963621781565859,0.9944111562572276,0.9919414044494405,0.9917232174506627,0.9897858250678615,0.9863462676436572,0.9829856979544521,0.9761364757074847,0.9829583121011053,0.9804280993010032,0.9827662969941491,0.9723089457400405,0.9803543893564051,0.9713759398240243,0.9652436367201992,0.960544118470368,0.9363205012956711,0.9434954270970887,0.9358786756044123,0.9362828838313396,0.9396185371668244,0.978997592266405,0.9703144793012086,0.9482508976864554,0.9581802756414195,0.9610841998390295,0.9749854560354657,
pre_model_seis1_20250809165442_723.dat---0.969851728717582,0.9776622542118018,0.9672222219905064,0.9708974522266771,0.9725906738479805,0.9662031615875788,0.9424383349449879,0.9513506147383854,0.9535824283798754,0.9678752017389288,0.9751256919981125,0.9766294422117546,0.9924503866519585,0.9951430503924048,0.9962173701047675,0.9943507640357503,0.9901456247812025,0.9831919318262208,0.9917197462095243,0.9955124057427683,0.9933680411645814,0.9824041265596541,0.9623898754678033,0.9217800792411656,0.9162668615674993,0.8779962095969147,0.8918530120873207,0.9129760307935271,0.9207952201339477,0.9492517060533594,0.9223748703524557,0.9730853646336504,0.9756117117713304,0.9790268238387069,0.9805151998995356,0.9738810330721983,0.9412540087195495,0.9567154904341123,0.9494440557368706,0.9227444401147158,0.8990208502191565,0.9593394023852883,
pre_model_seis1_20250809165439_132.dat---0.9767079961124455,0.9453274960433242,0.9799633553410392,0.9681137110112897,0.9760088375681131,0.9476340654352337,0.9633791041043511,0.9394002040385508,0.9577438872055639,0.986081031073451,0.9915572711948341,0.9929130616807064,0.9896670182896923,0.9939718607363203,0.9950294418340254,0.9954349561378595,0.9685055019407997,0.9657181290011182,0.9764243452190465,0.9837652884566958,0.9841673903632406,0.9750194437573028,0.9737279525116522,0.961330156855829,0.9574334048067226,0.9704368441094785,0.9565414153839398,0.9523411486280445,0.9610908039435964,0.9586403329104844,0.9398304090232278,0.9581390450095462,0.9404818321093951,0.9500983918564613,0.9518113716313144,0.9401273467175065,0.9471536553384662,0.9417046474880602,0.9429709855581758,0.94625895854814,0.9533481349352572,0.9647804935100073,
pre_model_seis1_20250809165451_704.dat---0.9911532099116094,0.9906016608565549,0.9900343600124285,0.9906896455654015,0.9883124237010774,0.9850198845811237,0.9868446416727865,0.9801724042451991,0.9822081940428095,0.9909994205055136,0.9933750653693018,0.9919823951973805,0.9838040447411451,0.9841463420954285,0.9829905322986698,0.9803724490117136,0.9703321779003727,0.9692981514038174,0.9783055403132992,0.988085086575304,0.9806555596102884,0.9683827376044853,0.978487137671786,0.975798177869903,0.9719909760262304,0.9639234200666713,0.9473912699361744,0.9527416893408281,0.9217806160997449,0.9779392761804286,0.9808498276547879,0.9774682151033244,0.9683550332063182,0.9742513885556634,0.977596155460085,0.9749456756111864,0.935180359228569,0.9528979095501253,0.919073379473759,0.9134992853458798,0.8743735491509536,0.970397787042637,
pre_model_seis1_20250809165448_68.dat---0.9807501585366224,0.986183619985096,0.9763482006764603,0.9870421618448,0.9775717949546654,0.9783773147151313,0.9836976907783406,0.9828837124793216,0.9757411411444232,0.9716777634693213,0.9791820531547352,0.9833278618021072,0.9839139379268351,0.984213051903733,0.9908462837586077,0.9921861556194707,0.9949343972308559,0.9945144091953493,0.9953017629089154,0.9924804828268428,0.9941100736984566,0.9953465506428303,0.9893689887967341,0.9851125690114176,0.9764933534588364,0.9743101400399492,0.962532400711435,0.9618410513851864,0.968534282392141,0.9676565695410643,0.9657121163713216,0.962490568849339,0.970557886430195,0.9734760093064687,0.9664210406194765,0.9594606680185503,0.9536586654311486,0.9329727494743801,0.9459126052668857,0.9490724521537905,0.9391674977403885,0.9752532242500397,
pre_model_seis1_20250809165436_664.dat---0.9914602344505132,0.9945391328621046,0.993060662477261,0.9942222378696063,0.9946307916668478,0.9927776982739741,0.9920997652487266,0.9904176844222953,0.9818479012724016,0.976756303845737,0.9853600505659988,0.9839583938301659,0.9941399033942466,0.996786790498813,0.9969787705375001,0.9974406065384819,0.9981131114035251,0.998266225970738,0.9980456901532855,0.9961215337905447,0.9971065103174639,0.9956725036892419,0.9957739741453456,0.9954504198982752,0.9940532659712586,0.9954125279699503,0.9935876967300499,0.9911784438457785,0.992037654322652,0.9940377182123173,0.9949997463517968,0.9953964788945225,0.9945346987201334,0.991240084493947,0.9883137046483176,0.9834648955642951,0.9766187669228786,0.9714462252693442,0.9585775563574095,0.9567290203183153,0.9540171906140201,0.9891871359104901,
pre_model_seis2_20250809163936_889.dat---0.9801290997173758,0.9480161015505034,0.9824942816247432,0.9744963174220096,0.9836727584700177,0.9784194215522212,0.9794539036403543,0.9826054299855161,0.98513395833246,0.9850935564594056,0.9880306542286804,0.9880927841691874,0.9928045376475281,0.9980765421897473,0.9974528662923695,0.9978640199340731,0.9969136964987685,0.997017813757614,0.9968941149503086,0.9950879573947454,0.9949396490801612,0.9933453707533949,0.9930937489431494,0.9913667028757385,0.9886472004865122,0.988910193942612,0.9873288211433027,0.98845136009462,0.991244868340903,0.9919355541632693,0.9886388282268622,0.9908743772894345,0.9905878284866954,0.988815079589616,0.9825345385100974,0.9832510430213003,0.9890227485620301,0.9897185675303696,0.9841629782688815,0.988112893173716,0.9867829559561817,0.9877930518111332,
pre_model_seis2_20250809163915_213.dat---0.9791259180152659,0.9804351839919884,0.9771282355649699,0.9865508301479106,0.9887814334059327,0.9870320185474171,0.9881076006700847,0.9876266936933342,0.9917181862561799,0.9920607279709126,0.9769440768881057,0.9803087320612835,0.9635414960846432,0.9830342696577123,0.9888726821636663,0.972800719179131,0.9763597407964242,0.9712580371009508,0.9572765009657523,0.9212536237603386,0.9121465032863569,0.8866935296182185,0.8819146300608531,0.936314033561033,0.9051862415265324,0.9171046552385561,0.9299463765151255,0.9556240119303334,0.9421311752146524,0.9298688014267763,0.9280642261206804,0.8806728816368565,0.8607821287137163,0.8328265029591962,0.8138134733791522,0.7794026670862756,0.7661939757169679,0.7532322340919937,0.7335241207043272,0.7801900875505929,0.7505239785024578,0.9177164132137231,
pre_model_seis2_20250809163915_303.dat---0.9897050042718936,0.9911223528918701,0.9839885989063776,0.9893486082722184,0.98832782829369,0.98646398509713,0.9883218886043539,0.9864617414630663,0.9910403669579717,0.9904078316466042,0.9930443790134382,0.9928725417457486,0.9916763305158447,0.992222499779525,0.9930022892807197,0.9914996314367939,0.9953590107583441,0.99477414443951,0.9901476319046586,0.9891319634015757,0.9868541358400376,0.9780795197828966,0.9775155948310366,0.9707370167845684,0.9612250730330121,0.9644309522836231,0.9703171718538967,0.9712761575962855,0.9826287733769602,0.9767978260534905,0.9778205945047439,0.9660785208994157,0.9687643744923427,0.9659489966781307,0.9572350150716871,0.9599567194843124,0.9677036507354134,0.9554025456123771,0.9469929989166187,0.9498733432255578,0.9177939598650555,0.977618330965922,
pre_model_seis1_20250809165454_263.dat---0.9543087686964431,0.9822668741502157,0.9820342435122956,0.9826684984191346,0.9802550933249446,0.957648343707573,0.9412963275289701,0.956623316165849,0.9206538213941716,0.9184122411067606,0.9280948470384851,0.952059268578128,0.9498040622773076,0.9774478346186848,0.9681306651020531,0.9656176548853281,0.9406707737356198,0.9359767701912355,0.9315324402790416,0.9536795642789556,0.9569501529941645,0.9737320523404345,0.9818209872622,0.9589350577658651,0.9624006513637691,0.9452029282987042,0.9268488756751536,0.8948189507799901,0.8804263312124573,0.88442997904297,0.8691510315570036,0.9264236915411141,0.9204218854607022,0.9042871273057654,0.9442801481969164,0.9661442550242919,0.9677413745920187,0.9728684553384536,0.9552783318102729,0.9677081416563612,0.9776946430855257,0.9467499136901301,
pre_model_seis1_20250809165454_507.dat---0.9960550662883195,0.9946627933260306,0.9953702577942967,0.9944539761593424,0.9930628830059788,0.9924223465450139,0.9881444319756442,0.9883533945784105,0.9876752831716822,0.9863453051959611,0.9815336548363327,0.9728542365789578,0.9712189058408409,0.9691917076264135,0.9785046088095846,0.9817566329937302,0.9917643649423856,0.9650033221341214,0.9749580222880087,0.9711024996274493,0.9672339930762371,0.9738379533862356,0.9668118413697415,0.9841112788323974,0.9810810973489676,0.9764113779228446,0.9741565854947051,0.9708956909543026,0.9414196079658813,0.9023397335049448,0.8926100913280851,0.8328876783616447,0.8418743821226978,0.8700107775767034,0.8698600657564733,0.9135667280267579,0.9157392395823998,0.9405758333871299,0.9517216524372262,0.955864865502523,0.9685366007478191,0.9577068480098592,
pre_model_seis2_20250809163915_49.dat---0.974724130461709,0.9808448567828978,0.9851980802658039,0.9825843699860298,0.9889788273203274,0.985959704334663,0.9865441755979515,0.9849313661232199,0.9844500366111301,0.9794822671526229,0.983567231165338,0.9753113379589976,0.9954746078939367,0.9982702301323984,0.997048288109728,0.9903099647817557,0.9827139321112792,0.9847865013820701,0.983900375235126,0.9831412088303069,0.9822419666691826,0.9740355384056488,0.9550871851884125,0.9475784476920409,0.9700536368594478,0.9698902186268546,0.9607684866808466,0.9702792482447217,0.972187604967127,0.968543536437646,0.9533203987015739,0.9465661632886144,0.9647790635434126,0.9673987098927228,0.9624182734177632,0.963073772490333,0.9728897992707904,0.9622195058862745,0.9716763561667163,0.977083377602519,0.9790550995803616,0.9755943385817145,
pre_model_seis1_20250809165454_212.dat---0.9720013519807802,0.9811041855790723,0.98786451186692,0.9896976508038227,0.9868384111292849,0.9850836590756166,0.9829522692226343,0.9737979637835646,0.9649955541214449,0.953206487976952,0.9537763845705766,0.9456740952328716,0.9298379476726607,0.9628402624744004,0.9854437346531325,0.9928427317240831,0.9950367481384748,0.9985775854082733,0.9946228503407505,0.9911458344091453,0.991434850090335,0.9907244844413556,0.9880029818149946,0.9808832725178315,0.9816314380593055,0.9876909416963472,0.979192021524506,0.9798216481938714,0.9846868988778352,0.9841030764234748,0.9834978486286903,0.9791552881235254,0.9667998855810211,0.9723263089821575,0.9627494662656588,0.9608669433893773,0.940141702772776,0.9440048450222092,0.941994067629448,0.9402635454417876,0.923186667577232,0.9729389854443461,
pre_model_seis2_20250809163927_43.dat---0.9785128037263678,0.9935813400572067,0.9934249126013486,0.9927602958336696,0.9944981527803338,0.9934587046514313,0.9918245481922837,0.9896890379549724,0.9895974045304555,0.9840936929741695,0.9909358983987917,0.9944290288034212,0.9914504795766662,0.9910960406328096,0.9932083672641904,0.9902589190235657,0.9880655981943016,0.9813248907212885,0.9833993873432914,0.9722403746861649,0.9805358720859938,0.9696783207212656,0.9688534045018216,0.9695067292135922,0.9543146711340975,0.9571133350438747,0.954426005899218,0.9322421593237425,0.9505396890315794,0.9454112413372454,0.8982110452024233,0.9259392271305095,0.9123177894235018,0.9525358143864824,0.9617832237438794,0.9192560614545736,0.9436626057123406,0.9181569082945988,0.8908309681021943,0.8631475902559539,0.8855356987327921,0.9617523960653271,
pre_model_seis1_20250809165445_115.dat---0.9894901214066354,0.9698692493635176,0.976356963873903,0.9708032994704504,0.9716624186736355,0.9823827343035066,0.9787057920036533,0.9817122976567261,0.9782718230289978,0.9733613312270774,0.9805257918342524,0.9815465291954723,0.9829592807167662,0.9767943194700486,0.9573690768069195,0.9544799005209077,0.9866854720682801,0.9901039296157623,0.9949578519787422,0.9876246157788142,0.9832141477135334,0.9756788650743531,0.979686108501807,0.9699468596820741,0.966982800074643,0.9709790848272501,0.9592431343594241,0.9613007333990918,0.9553016858680963,0.9532523881290271,0.9599965993633901,0.9587784809163041,0.933840039358268,0.9470180832484376,0.9232129466695859,0.9391198221689534,0.9334527145574162,0.9035626338297622,0.8983646824421021,0.9304778226959584,0.9389356719220521,0.9636099537511122,
pre_model_seis2_20250809163936_291.dat---0.9799805951455327,0.9836104330155698,0.9752474496483947,0.9657747459399375,0.9540968786714447,0.9341697999708806,0.9166411546160498,0.922364286960486,0.9402275481174648,0.932439092813273,0.9703339789038116,0.9916510345442529,0.9857035086235172,0.9888094489196931,0.9762726992227889,0.9682535657031297,0.9659760948879472,0.9606641859472937,0.9349467088087446,0.8939326631314005,0.840045991811298,0.8779825890357161,0.9242019123732729,0.9287813857781106,0.8623539260948141,0.8242429914964451,0.8744370634346343,0.8784440359922534,0.8588902770874088,0.8922540006822973,0.9010885991382029,0.8902704832693183,0.893778982542506,0.7928240091065175,0.784697324994207,0.8783054014117951,0.8693097255225206,0.8442184518030138,0.7827128981133108,0.7642686177985203,0.6117494467239231,0.9003891216537,
pre_model_seis1_20250809165457_50.dat---0.9574688817454542,0.9412839222850291,0.9692874292139199,0.9709309974283544,0.9677966151491556,0.9724244112571847,0.9653760163485463,0.9642265976984402,0.9784769859294157,0.9680635288234589,0.976010605386098,0.9792451936597181,0.9805972205558927,0.9836385473938428,0.9834103164503237,0.9879574070648697,0.9920102941039478,0.9917914737652731,0.9912461528243284,0.9794639094549196,0.9749517871824476,0.972398862041573,0.9685647574287805,0.9798110083399361,0.9812737317743023,0.9704936247250256,0.9544763511368372,0.9603869505668533,0.9392668015093363,0.9553423164170908,0.9625762442955437,0.9539452442505766,0.9703365718072845,0.9619248979257344,0.9627022768908995,0.9655313540545584,0.9730995070825409,0.9586511306393705,0.9649706980489816,0.9728045562752342,0.9710988779537693,0.970129611143533,
pre_model_seis1_20250809165451_299.dat---0.9845194816362849,0.973608720358899,0.9679459484491254,0.9707233661241317,0.9736875787182323,0.9744098314187724,0.9705221964366488,0.9741094389068852,0.9778246495167652,0.9876568523770666,0.9888450239543332,0.9905539007603563,0.9792971931882253,0.9639089073439205,0.9605657175453111,0.9551835189780976,0.9424071480141168,0.9417685100386224,0.9373044834056105,0.9122714215002505,0.9296122662743692,0.9487141186930363,0.9499614516346578,0.9527602730487461,0.9506998421550945,0.9640358062683815,0.9653616699831755,0.9738701850219589,0.9767605702879544,0.985466337618143,0.9860991872452154,0.9839009391061215,0.9770370811042403,0.9698015948222929,0.9735315783659864,0.9735726761852342,0.9620909626602095,0.9521829197763741,0.9568196733025098,0.9610260385167484,0.9533906834932894,0.9652148718106195,
pre_model_seis1_20250809165445_693.dat---0.9678382133703154,0.9814047697625253,0.9830080926976075,0.9878373457891536,0.9869183345557806,0.9664744838134467,0.9690771969658479,0.9887027488013933,0.9897906957990448,0.9860717901984594,0.9892283101486283,0.9842201983608962,0.9840176522187448,0.9907686005961089,0.9965814923717766,0.9908483962236306,0.9747236878118186,0.9744282848182368,0.9724423771650574,0.9589409395777804,0.9217149751259686,0.9345013303765025,0.9445035646136224,0.951929450062552,0.950026298443173,0.9659074510794182,0.9625981051917007,0.9790093808908801,0.9745294049107665,0.9389739267995587,0.9363741287508207,0.9683565646332728,0.9638903250463218,0.9592920275252547,0.9409780902724548,0.9495896511092937,0.9593504953487496,0.9831467917119765,0.9832170940413358,0.9816320591534174,0.9869266391042577,0.9697505211033548,
pre_model_seis1_20250809165442_667.dat---0.9950267826432934,0.9955825263311981,0.9937188685330076,0.9949245132971521,0.9925107958360855,0.9870061977175524,0.986151750493416,0.9742172042393151,0.9685094299842019,0.9734785888831702,0.968041225540265,0.9309193324598263,0.9507635458856113,0.970892334894926,0.9714186824904877,0.9891326158280711,0.9947281257526197,0.9934887783019978,0.9825843306363149,0.9814249008118114,0.9844522114580543,0.9755927006596369,0.9716122767288027,0.9684764988273338,0.9684938839534041,0.966410494272496,0.9640917531145629,0.9609998548480061,0.9548663687593922,0.9612370570953582,0.9589189822388782,0.9377423007817756,0.9364875528057652,0.9170650417281216,0.9012154704915172,0.9020989739656541,0.9172096915981139,0.9266240317506289,0.9420521006538972,0.9547025260965056,0.9425304058436906,0.9635951392251686,
pre_model_seis2_20250809163939_393.dat---0.9920518236230002,0.9914284265374592,0.9876762655842186,0.987849750587471,0.9927641336190793,0.9912128350019468,0.9916312047618875,0.993370266668061,0.9954673119387372,0.9965169552754272,0.9931905226886724,0.9956668166280886,0.9962292982595338,0.9966767275144629,0.995742596828185,0.994460748726741,0.9937371608612032,0.9938430338278758,0.9952051086162202,0.9960544252115011,0.9969338598032628,0.9949379523553202,0.9975831759298436,0.9953852541911794,0.9909982941933899,0.9917714859246313,0.9914450177297073,0.9900647228967077,0.9939960241528043,0.9936973976504305,0.9944267328548752,0.9824599117793879,0.9846559139481199,0.9823963384913104,0.9549748554254649,0.9515600971266222,0.9469529279536522,0.9383763450638481,0.9201300466042389,0.9256505535080981,0.9198387144078863,0.983146610603672,
pre_model_seis2_20250809163924_64.dat---0.9877050688543094,0.9899424076754874,0.9871692480122416,0.9811780715505316,0.9879539087369442,0.988734326885683,0.9919047504501671,0.9910354817569734,0.9885111221489798,0.9920803622993714,0.9923301494921261,0.9940042529495854,0.9943104755157692,0.997905673520586,0.9981865996813204,0.9979150314551486,0.9968217919529263,0.9984191379967858,0.998445625368971,0.9980127860225158,0.9971063955397197,0.9964578259827246,0.9963680540979247,0.995829401288814,0.9965688715442003,0.9960665437945938,0.9922099212782385,0.9908836076054448,0.9900747778581905,0.9896074134491561,0.9883155968690839,0.9866374541867814,0.9840511496010061,0.9807132763533728,0.9822034222181734,0.9836719503088408,0.9767828372132139,0.9745228588549847,0.9667648305222443,0.9759543172331049,0.9805474625563756,0.9896074205044535,
pre_model_seis2_20250809163915_216.dat---0.9902674993461361,0.9870895058484229,0.9940436599257514,0.9943600575656909,0.9922957484373953,0.9902681293412473,0.9884697198258166,0.985664022515106,0.9746958020992238,0.978917994739867,0.9828499420288533,0.9844118140747685,0.9875011687803783,0.9913232127992885,0.9893657979024699,0.9946768843025987,0.996604599643798,0.9971864359793284,0.9921055331582853,0.9928853530086463,0.9826027317601294,0.9801810704360123,0.9809810317331121,0.9811154891148193,0.9866198499130576,0.9821753828666551,0.9804422714099719,0.9698258130769948,0.9457906667700828,0.8999719860413178,0.877631621478569,0.9140951512908778,0.8686531014096435,0.8533425701963849,0.8786129082105215,0.9049098038777961,0.8969581010535582,0.8999136614275104,0.8482831212472156,0.9054674018663629,0.874323763118127,0.9560214726737019,
pre_model_seis2_20250809163939_823.dat---0.9609129231318724,0.9562791491465327,0.9398607241335553,0.9322705983977386,0.9513647621531499,0.9382111488441719,0.951005839307475,0.9678676096633939,0.9638506246052697,0.9899466083332623,0.9939180824948634,0.9951070399359383,0.9946342193220715,0.9944905357279726,0.9955811181652794,0.996438157576242,0.9922696307766898,0.9796110120989032,0.9892684104836307,0.9835064597639034,0.9808533748888807,0.9787257156006344,0.9870372974908699,0.983973647672196,0.9889482403164913,0.9842501308827749,0.9792485468018473,0.9839931450923384,0.9752911100102096,0.9597278683322679,0.8706686441424808,0.8730282560263428,0.8963783082473207,0.9290745742805991,0.8676507631659999,0.8594759207723798,0.8388723245491057,0.9097202001901233,0.8806768894238378,0.9029935561861895,0.903129836799149,0.9512222684130235,
pre_model_seis2_20250809163933_333.dat---0.9891935521400622,0.9891806923304212,0.9877595138693627,0.9885395052388924,0.9888519122887127,0.9885549575979049,0.9894187019408462,0.9909011669659881,0.9884829051823596,0.9878864321207333,0.9889590782296277,0.9868304397360934,0.9861347865796418,0.9891809435803828,0.9706558972592293,0.973037830231045,0.983871661420743,0.9877080568139149,0.9832175676584886,0.9822140682399267,0.9828068245343408,0.9905843976904914,0.9870290760619895,0.9853416360762863,0.992520932840706,0.9928797642148469,0.9765712811931992,0.9759172339655575,0.9755349722343956,0.9803996265524935,0.9796803454721656,0.9742833585450027,0.979480106465916,0.9797795717831005,0.9803832708069845,0.9857382048916,0.9853730720146185,0.9819898854366981,0.9752218380291041,0.9726724128815437,0.9740115731649348,0.9836287574214717,
pre_model_seis2_20250816100724_38.dat---0.9604795833472362,0.9053542521160732,0.9292896327924504,0.9389866078047966,0.9612799335323654,0.9567567848833043,0.9434829309350408,0.9617727550401938,0.9529911905681335,0.9802095163753018,0.9802584828008434,0.9835167999941758,0.9784895328993575,0.9893109527022369,0.9932824251133984,0.9962327348917681,0.9964834176633098,0.9888854942299752,0.989589752095392,0.9914056472239826,0.9869754383092683,0.9818901730695647,0.9872114890456074,0.9893488148018375,0.989218538283039,0.985830583538996,0.9880039579097256,0.9835793991153767,0.9741360070254831,0.9637340742620083,0.9704375982197087,0.972505163285864,0.9767172428628701,0.984934813938034,0.9658339439465424,0.9679699319695786,0.9621008652721331,0.9649651843128737,0.9643568921158628,0.973757412405166,0.9771686980260157,0.9728959670420704,
pre_model_seis1_20250809165442_278.dat---0.9815508307745067,0.9781775084273474,0.9910886657777122,0.9911337128240548,0.9952752009803806,0.9937521998270155,0.9957172376652913,0.9892040637931349,0.9921333514948274,0.9933969957576502,0.9931420460851005,0.9870155617917367,0.9887096527449126,0.9935075901013322,0.9968182239023096,0.9970325192453376,0.9959875205643923,0.9947462365313963,0.9939248875300245,0.989433345704927,0.9883836243056373,0.9624325889212463,0.9638489649854873,0.9651907926599018,0.9721154880813326,0.9752561824634842,0.979679339527856,0.9784457461378762,0.9798457620105955,0.9741078160853891,0.9675203681404977,0.9753821714013949,0.9741819964681679,0.9722955003697008,0.9621808905584026,0.9492026498130498,0.9597411836318401,0.9432826278813007,0.9357810431252832,0.9426736533516141,0.9327552349679613,0.9777085604002782,
pre_model_seis1_20250809165454_505.dat---0.9656451466559657,0.9704387220538094,0.9625598697110367,0.9696798559604278,0.9678185079131644,0.9592008870322429,0.9683070471788268,0.9716821368502903,0.9850428739960891,0.9883405994050724,0.9938824922892602,0.9883000368675804,0.987429414048206,0.9898338944650223,0.9895594449269114,0.9894143681955235,0.9931491620664009,0.9880512934773086,0.9815587126365009,0.9745059705760928,0.970715679585721,0.9647990773066685,0.9608862666390724,0.9586993383662118,0.9382851414347366,0.946462134214562,0.9448814209788353,0.9483829773548963,0.9605504980870948,0.9513580126281727,0.9529721934902742,0.9557600466248017,0.9567820585342987,0.9509769384715424,0.9493767016857619,0.9371087763291087,0.9285666889191265,0.9261815970063129,0.9070004584460541,0.8815571034922691,0.8762166643696003,0.9598029319578258,
pre_model_seis2_20250809163927_713.dat---0.9925525170444991,0.9946233621939387,0.9880388736855383,0.993000897646311,0.993464976621456,0.9903011313224064,0.9904857412012857,0.9875446744108306,0.9851201611284776,0.9850760313814199,0.9834917816910888,0.9879487151882924,0.985984754976802,0.9959958311327559,0.9970886263234854,0.993976034734473,0.9840281694655643,0.9697004713969208,0.9621030173491041,0.9724346126501716,0.9521572859844053,0.960747747638219,0.9514888576328508,0.9677724448859685,0.9696921694676871,0.9662255077603207,0.9549129254290445,0.9503755666078317,0.9603943907123677,0.9631019540905176,0.968550932502562,0.9726847503238539,0.9658412252119153,0.9591200444173519,0.9596145287152194,0.9588801997615962,0.9709836752353295,0.9594775266271303,0.961051627297259,0.9728456777746809,0.9517421821748112,0.9739176000437988,
pre_model_seis1_20250809165442_616.dat---0.9400923192106658,0.8938847136981801,0.902641666508434,0.9093091691632149,0.8240829153857869,0.8677207932052755,0.8260020971898127,0.8101022005988167,0.8265415695662743,0.9108614094420602,0.9415058327305573,0.9628574078311428,0.9712300123402438,0.9757782130703601,0.9847797001925473,0.9907557905502514,0.9860446265885635,0.9776395707224264,0.9843444357348957,0.9732307849298398,0.9782250753265036,0.9812059390211553,0.9793792500880611,0.9855627214112712,0.9848926095519844,0.9817909765471914,0.9785173415505856,0.9660573987994744,0.9680776788146409,0.969401893524023,0.973268296858133,0.9673461990238549,0.9704289875455006,0.9688103210914497,0.9614499702920616,0.9321368948196856,0.9472335967267267,0.9452602315207618,0.9365234286908701,0.9455316492606106,0.9476025766960261,0.9445880064834125,
pre_model_seis2_20250809163921_212.dat---0.9920640934432224,0.9932008753970003,0.9923927045556968,0.9862046222325406,0.9886729467292942,0.9888791233579275,0.9901591258209014,0.9846176826457285,0.9855475789093184,0.9908707753257955,0.9898180634246435,0.990378211228802,0.9861173000330474,0.9795378569785321,0.9842509132896505,0.9905625780182454,0.9930112670528197,0.994555086846275,0.9891219610022793,0.9917691965979392,0.9929762380899899,0.993651644744345,0.9940877624382319,0.9947076634685222,0.9906995186313446,0.986326877076295,0.9859428528630608,0.9790766081993925,0.9747536737679542,0.9728123492543088,0.9654121593715139,0.9591147238004628,0.9651668276320655,0.9669272564299528,0.9662312545935977,0.9642241001269579,0.9576792446134333,0.9634561584511749,0.9612700523914985,0.9567491308687747,0.9611229622887149,0.9813200249266155,
pre_model_seis1_20250809165448_853.dat---0.970694458661682,0.9857844314748279,0.9921699532312724,0.9924710279644713,0.9915103509683605,0.9884406232169224,0.9865043478820638,0.9874975625051864,0.9800293006586261,0.9819545654576706,0.9803222147042611,0.9667682483745847,0.9550461958582362,0.9542779750412369,0.9717546690026818,0.9538965533652451,0.9416035881333531,0.9438293466743889,0.9432224165479212,0.9095836274088974,0.9175249993293307,0.9128660644326619,0.9249000372443033,0.9268276169682536,0.9385055751002337,0.9199034442210711,0.9050129736704204,0.9517745999521228,0.9509884137720946,0.9727783517884492,0.9665361962240071,0.9378946592580522,0.9186909515064977,0.9145211035219206,0.8980903868524592,0.9166293907872372,0.9421247501983094,0.9475598687380612,0.9392568003998141,0.9741795682136769,0.974498275885866,0.9519128167121154,
pre_model_seis1_20250809165436_652.dat---0.9394020063499795,0.975958853331026,0.985989860284684,0.988318866350412,0.9849580441534465,0.9889012035231834,0.9858085247745468,0.9917806792219224,0.9897542380575338,0.994545816834057,0.9943110938788888,0.9942843249516736,0.9917362339198915,0.9873356709963397,0.976745163089209,0.9824763606962922,0.9871074796480048,0.994923831511144,0.9947251360621023,0.9974703356060963,0.9931386380364199,0.9885290768541161,0.9881134058059027,0.9898819327740513,0.9838744212194109,0.9816870341445622,0.9816908586119741,0.9834822475018676,0.9828728873724575,0.9883655898105731,0.9884802492985081,0.9875094252651558,0.9846894975358144,0.9773052240441182,0.9736180325561299,0.9707566155610846,0.9679466751186747,0.9747454976708723,0.9729631515532502,0.9692780211263345,0.9725161694177495,0.9836092286468163,
pre_model_seis1_20250809165448_645.dat---0.9924265844462349,0.990993056502531,0.9875336959537254,0.9801366280518207,0.9803856604952259,0.9794265663664934,0.9749508528595205,0.9758811991540587,0.9809456678914146,0.979471601528241,0.9798999715981582,0.9847474135595083,0.9916790291380686,0.9913313024760193,0.9926195359972916,0.9910784942729058,0.9896807218256423,0.9884302026117847,0.9865148727549536,0.9875240064793229,0.9838213812960676,0.9711448357347136,0.9628595804600062,0.9673750255189576,0.9608735899374022,0.9809840415979894,0.9792186165929319,0.9729443501556507,0.9761208490765118,0.9732287039360531,0.9578725274428651,0.965660841981859,0.9568010293637008,0.9583957791827432,0.9577431633979325,0.959051235883167,0.9616549647436454,0.955416782640326,0.951317157659823,0.932326827664472,0.9438520667903373,0.9740078150004896,
pre_model_seis2_20250809163918_547.dat---0.9898833592359806,0.9876301338238324,0.9831935168654846,0.9873445183984694,0.9870647691056257,0.9804023670326962,0.9822877748619595,0.9854120747144481,0.9869676755039821,0.984504504803922,0.9842303327611122,0.986935905093364,0.9808233146892487,0.9872367982812117,0.9930360482884368,0.9917340376738268,0.99393795434223,0.9948178034597563,0.9888940070863453,0.9624638472709974,0.9456603322027842,0.9490335265656542,0.9835913099561551,0.9499080809625668,0.9180930805158531,0.9444941723583806,0.9442151015037266,0.9057234354781108,0.9449515307797366,0.954579108336913,0.9516110380170045,0.9463419661753935,0.9413715008325481,0.9084464125660183,0.882687926985492,0.8401921246059346,0.7756552351863446,0.7926477273655297,0.7868911975456325,0.8121316178674493,0.7672513492751836,0.9405921589847642,
pre_model_seis1_20250809165436_517.dat---0.9733455649185523,0.9672578050322221,0.9798782704042573,0.9668006453266211,0.9768917764532884,0.9878370243017821,0.9876627151087285,0.9800157684878144,0.991864790336813,0.9913384201339798,0.9935463007951187,0.9918585535603957,0.9908174807991177,0.9818254490878244,0.9879804859167098,0.993046800961551,0.9941750134426048,0.9901773853988888,0.9887008245629718,0.9858490451328243,0.9903392892753694,0.996296139031079,0.9941750004565308,0.9821756416389085,0.9750617601773542,0.9702105672050487,0.9754588387060653,0.9655804743718661,0.9753913025586696,0.976931094117427,0.9766241183653253,0.9766641168479836,0.981539216392022,0.9779840628555994,0.9836786052406862,0.9833844643369257,0.9644522405080896,0.9686022098322165,0.966750166510777,0.973292644248483,0.9632632883536887,0.9809445210046871,
pre_model_seis1_20250809165451_798.dat---0.9668139274682767,0.9668449859946158,0.9799413320148904,0.9875487499633344,0.9799497765369868,0.97736478381825,0.9720449526111338,0.9756483497224859,0.9774274551869139,0.9692177093325774,0.9658358563755681,0.9843390339022703,0.9842530887415375,0.9759976906800671,0.9829771947756697,0.9897669868273603,0.9882482643531129,0.9751056581632549,0.9757992006191039,0.9731041357513894,0.9809038498460971,0.9764623883356546,0.9676401045608758,0.9727573969529748,0.9678422220629583,0.969211933992989,0.9692457457279703,0.9715357560277024,0.9779188920717822,0.9689487111678071,0.9630347393331444,0.9680645149604336,0.9691116446289204,0.9709528991575656,0.9695064090506682,0.9754623337814622,0.9767147926469644,0.971589620285299,0.9663156393654355,0.9562565437083808,0.9513998348589753,0.9733928074478747,
pre_model_seis1_20250809165457_404.dat---0.9781005999993906,0.9806393210883064,0.9865058734116969,0.9802368033479222,0.9834406407474826,0.9866748352623852,0.9817936065075344,0.9698095018726937,0.9829880282091804,0.9787739697674919,0.979119553021067,0.9672583125020213,0.9878449348650753,0.9920947220371471,0.9936763073651672,0.9966788670750872,0.9970575383484482,0.9945081577212438,0.99254579629426,0.987376104105261,0.9879338234419454,0.9847129017360078,0.9816307696638522,0.9707234244766452,0.9703731248806946,0.969034188828757,0.9687703911101474,0.9616526586215461,0.9686105721026664,0.962443358685466,0.9505224303857316,0.9548918923508593,0.9529397044783048,0.9578093941714437,0.9593085043996565,0.9459601733898962,0.9649556045394986,0.9691902388986041,0.9716047083952658,0.9564697043330784,0.9485190661505875,0.9745165880143786,
pre_model_seis1_20250809165445_129.dat---0.9774627127460138,0.9767538892138606,0.9776454329208961,0.9794012833700513,0.9813163069083461,0.9764516121186345,0.9743468351135239,0.9716827047828862,0.9733579106454915,0.9666203140666794,0.9699928274324748,0.9706602254652125,0.9726512369109507,0.9819389467445035,0.9932228796239764,0.993070426952713,0.9924591117567709,0.9859128758387739,0.9700700143940232,0.9610830242906423,0.9563884980860835,0.9354529119898712,0.9571233771106539,0.946369669900922,0.9477872577858613,0.9199038884251974,0.8813780549735442,0.877026580861466,0.961763148806281,0.9778385448475271,0.974244939559586,0.9466946395343221,0.9575877121427111,0.9436583593821195,0.955347253850398,0.9591478635602424,0.9608192118295834,0.9623529917304959,0.9615063196253595,0.9492587304482005,0.9625963512264866,0.9619596799261786,
pre_model_seis2_20250809163933_548.dat---0.9941294271340159,0.9925802006149586,0.9949274042331945,0.9926500538270416,0.9938504523538226,0.9923325548338674,0.9912155535014211,0.9894045825212794,0.9923312080167422,0.992805462123021,0.9895337279048357,0.9916020393885521,0.9912110308966111,0.9920751457338906,0.9907197530843902,0.9908664327765732,0.9951914614403826,0.995577689234061,0.9882515587737191,0.9874930432449152,0.9901850471823119,0.9868768960644423,0.9840325022617353,0.9858928976433079,0.9859987667319626,0.9847283328549382,0.9840475699048542,0.987056888493471,0.9829836337923392,0.9808773486565306,0.9793968445910314,0.9775028933141857,0.970074963312076,0.955046827505711,0.9617651636785892,0.9745707089765804,0.9738981765880391,0.9803586523522249,0.9749171826429756,0.9597324489399768,0.9676827427250733,0.9845457382890156,
pre_model_seis1_20250809165442_294.dat---0.9920822000285336,0.9905574210562968,0.9900295396242715,0.9901284144288973,0.9899282507617176,0.9887620648095304,0.9891945993683178,0.9878245400778132,0.9896263872025897,0.9911708655114659,0.9919582062892401,0.9913145078598876,0.9904367265906434,0.9869736483558663,0.9879812519232983,0.992433740248022,0.9919940414983595,0.9880166926485522,0.9864949823226218,0.9843874735231153,0.9829085680301058,0.9769359020209152,0.9858996848379269,0.9633319918324701,0.9677588972793018,0.9616651291547298,0.9348175409196879,0.9604394114391535,0.9423056086055206,0.9655194727539498,0.9535102366496725,0.9638186204155403,0.9514042990540194,0.9338492719890044,0.947785754436945,0.9433727801391992,0.9410067207725783,0.9313725384158943,0.932734707375719,0.9425524000296116,0.9223765613079773,0.9706502841850968,
pre_model_seis1_20250809165448_539.dat---0.9775031958552856,0.979397314580145,0.9807023412866298,0.9790743509061698,0.9797106863503344,0.9809300544994071,0.9748397709070011,0.9782720851589232,0.979253633434894,0.9784654937447845,0.9800800139436302,0.9713295073066883,0.9756322625695699,0.980247971322277,0.981223720567675,0.9920550853465793,0.9921565649790817,0.9920123827520227,0.9889755232245317,0.991944225287101,0.9947675345091944,0.9928431032976621,0.98945362087329,0.9771508281375864,0.9770355016932851,0.9553283179134592,0.9614263105077132,0.9723756642270317,0.963606100603613,0.9540131298459356,0.9417123995981324,0.9274823896277471,0.9526875694311125,0.9449227970186754,0.9611067471260724,0.9638030853173661,0.9656361347770985,0.9731350750079909,0.9726679698015555,0.9793786085784898,0.9809384112914081,0.9740311581270036,
pre_model_seis2_20250809163939_632.dat---0.9831180078681031,0.9780344204759357,0.9906733478522324,0.9793751444524501,0.9821196627685718,0.9767822489772741,0.9711728146046592,0.9621566152746583,0.9680459512453918,0.9477861347916516,0.9653090335749434,0.9712878063922582,0.9910576386199096,0.9927013082915264,0.992481460670869,0.9976200319411755,0.9913690577003597,0.9857306193946715,0.9890003239003081,0.9915147922588898,0.9936953491233278,0.9877026430201364,0.9872268172248724,0.9871168148433745,0.984746639726386,0.9801773273700701,0.9788892316459773,0.9814593080360325,0.9778125364198162,0.9795716992690868,0.9779237057716933,0.9642730266589967,0.9660488285256498,0.9631737414895365,0.9715623771796563,0.959471467108513,0.957432361076291,0.9701510060432387,0.9701465397033892,0.9680510596503531,0.9653353882461168,0.9775440070533745,
pre_model_seis1_20250809165436_21.dat---0.9589272110550122,0.9870663089653926,0.9874821656483181,0.9840052817721112,0.9913968340236479,0.9900345521399433,0.9841274076659036,0.98338010345696,0.9837269414701334,0.9906317896494321,0.9906847485864378,0.9968938543677007,0.9965864624414076,0.979201558129041,0.9758947424075614,0.9678244137419385,0.9760238422378137,0.9838131415028775,0.9831074197586912,0.9785052436467122,0.967465766656389,0.9660607563958027,0.9655088267073965,0.9681201008872379,0.9659687644013382,0.9508491895588311,0.9589045259916417,0.9527850889520942,0.9605044777435,0.9652235420885903,0.9658549892197916,0.9644581223230088,0.9726831491316266,0.972060659959391,0.9726325045662416,0.9636265729828528,0.977888910480138,0.977593138985857,0.9755149149156714,0.9794280206235212,0.9730665603694529,0.975256405014815,
pre_model_seis2_20250809163918_708.dat---0.967195953474969,0.9595419975277665,0.9880306694544063,0.9770612326015331,0.9814552167110804,0.9861240406882017,0.978206517613604,0.9838498715813307,0.9685404300424624,0.9862930079899699,0.9829148095516868,0.9622810825070963,0.9562068142435735,0.9554309047870506,0.9567584959383159,0.9597808795609711,0.9531667477692041,0.9594163213553736,0.9424295539543216,0.9537045552519745,0.9476226821645765,0.9189774019035788,0.9542981834259296,0.9510458119348765,0.9703861416680785,0.9741275841696614,0.9716743818859143,0.9741523678228643,0.9686563423703985,0.9677625349092992,0.9679415730810174,0.9718512699044342,0.9782141361720913,0.9752260309842767,0.9789089710497901,0.9796309915982551,0.9778609916455417,0.984079413065416,0.983840439819531,0.9732042784670453,0.9658706687927361,0.9681395438887855,
pre_model_seis1_20250809165454_61.dat---0.9882646054046742,0.9915393665890809,0.9929971570123796,0.9921236719617857,0.992355253741306,0.9912162637717874,0.9900403587740478,0.991357550271835,0.9932914365736062,0.9925985435891772,0.9921172904100676,0.9928860967418219,0.9909973103250044,0.9898336220859235,0.9856177808832436,0.9868972382081785,0.9673981460730251,0.97256503607342,0.9672078318825617,0.9532114273811919,0.9774421366896842,0.9807418962811288,0.9654446121258943,0.966359923823485,0.9629241346678911,0.969192348932609,0.9661707634453635,0.9721261257198169,0.9561859823996723,0.9594338584093345,0.9589484726162536,0.9244552563196197,0.9498092963582778,0.9506170289156047,0.9430669519610007,0.9369593332630666,0.9392724873905982,0.93142477757448,0.9303163486469235,0.9328771914157449,0.9071598829449974,0.9681815804306233,
pre_model_seis1_20250816100540_54.dat---0.9804066766292657,0.9891042155212846,0.9845569448430503,0.9885810406242509,0.9904128101585583,0.9898251125846781,0.9783104229873737,0.9914001833291957,0.9939624109969492,0.9936736921340855,0.9938747945552907,0.9881866208059998,0.9867064995647147,0.9851671360195805,0.968065829884194,0.9787952170318103,0.9478553335120953,0.9624035039632954,0.9384265832447843,0.9506134968780184,0.9525983646590218,0.9421213518197609,0.9498636492098369,0.9586566576571441,0.9524896451686514,0.9519992446260709,0.9488821439297161,0.9422525378988067,0.939965393726899,0.9356300491884606,0.913703800925006,0.9089951281583839,0.926787243308034,0.9304800222833538,0.9328271883118424,0.9462853184033192,0.9676996736935993,0.9768641954337025,0.9592185089328013,0.9492991438651641,0.9284208144120825,0.9608626488019545,
pre_model_seis2_20250816100657_0.dat---0.9909889789700955,0.9851717067137516,0.9887912898538195,0.9861583677029523,0.9919716317228853,0.995221455462215,0.9940726347014714,0.9959011795227306,0.9968618840026007,0.9963560191663006,0.9956418513907868,0.9967800226585461,0.9954675931836406,0.995416480268102,0.9957222972075577,0.9948185371927444,0.9968690155100982,0.9973564408706109,0.9984075988342271,0.9971754037372997,0.9956201821542575,0.99517471211472,0.9936333754084505,0.9875180170891052,0.980797022213536,0.974450335279946,0.9483682331728335,0.9460447994682326,0.9046847849211751,0.8593141878166473,0.8791109776556761,0.8892198283727464,0.9337581351506677,0.8994089574749922,0.9403792369625242,0.9317459223906942,0.9320046993548894,0.9295748011643697,0.9281659741980481,0.8878128296882968,0.8943484035942477,0.9638118488858167,
pre_model_seis2_20250809163933_485.dat---0.9427970036837758,0.9643090585975822,0.9530591820195768,0.9484805732711998,0.8934498668555058,0.9415166567478814,0.9234171568765911,0.9306393126889364,0.9309565646236252,0.9291798526658507,0.8929063810014148,0.9479377314620689,0.9397010650163156,0.9398629079834776,0.9351325171821209,0.9459779733164069,0.9348488372101472,0.9096696388281253,0.922731757762276,0.8514593749503804,0.8945344473683534,0.8461813421198485,0.868232112555975,0.9005963549918067,0.8904393061958434,0.8882091830064206,0.8784610679336567,0.8979393180246864,0.912739956292656,0.927081499017748,0.9413350850681219,0.9476422154917377,0.9549076444534998,0.9311030446508789,0.9499428138570759,0.9715986621957273,0.9809239871871444,0.9710593715703256,0.9712959317787841,0.9713833623106197,0.9753640985452163,0.9280244931063264,
pre_model_seis1_20250809165430_703.dat---0.9909251911658405,0.99157324573048,0.9863805491361439,0.9887429892301036,0.9931623034185895,0.994011447351252,0.993633495458561,0.9924244597731745,0.9917647002389796,0.9898806311992251,0.9857168052664002,0.9877708184614725,0.9796443197438327,0.9924125333993811,0.9959506041427436,0.9949125686248358,0.9911626275009828,0.9833520193307621,0.9464631373461657,0.9187800469066135,0.9884250942169636,0.9938224004279482,0.9645528531032231,0.9663480538434776,0.9682297525896926,0.9758437018737786,0.9795811446732526,0.9821650932891189,0.9801844127499408,0.9651528128789109,0.9000871362027367,0.9011474582944268,0.909056658448241,0.8818076368254616,0.9084850811490093,0.9538491995275594,0.9549024538027017,0.9525798816710053,0.8953844755065936,0.9069451470589954,0.9154270157463328,0.9642107794464616,
pre_model_seis1_20250809165442_359.dat---0.9871912265147846,0.9857763209112115,0.9700641235405234,0.9723217819315364,0.9747093794015387,0.9501377356818117,0.9491925698997453,0.9345947375279922,0.940767925583499,0.9676942180222966,0.9759112272450718,0.9701983639295277,0.9648966647429303,0.9718279460585286,0.9763132958892248,0.9864490319815173,0.9781747699472118,0.9864332345206303,0.9856834443386807,0.9889671417008599,0.984757177451934,0.9867183512119037,0.9843255982062572,0.9832097350309198,0.9811882090876147,0.9754500678566322,0.9728422015863186,0.9694706160730848,0.9741446682649197,0.9699727869495918,0.9661517371706637,0.971021313478607,0.9657651623218996,0.9663702894024744,0.9619926788817209,0.9401393016526625,0.93630351745622,0.8937434219241469,0.8871098525309705,0.8936610433768845,0.8814908469517888,0.9625154564935693,
pre_model_seis2_20250809163918_304.dat---0.9814684434256373,0.9759059102385264,0.9853814402937573,0.9881775411017885,0.9885048788566455,0.9837742065080061,0.9873782369081778,0.9872184833508546,0.9798232964541136,0.9664918008431432,0.9763438156387844,0.9792152386713988,0.9863291147089652,0.9946890137839655,0.9972676651364165,0.9952025010107421,0.9973157401823464,0.9969827836886835,0.9939837805161501,0.9908961098334789,0.9934867213247291,0.971423164687858,0.9597716242446149,0.9726413279029622,0.9568675871977629,0.9669070018082538,0.9814478214520564,0.9837882832160149,0.9805462462338869,0.9739805718935368,0.9792946875933434,0.9666188063851608,0.9662107758585298,0.9735638650533852,0.9693272745734186,0.9647544407389052,0.9741476777081818,0.9758509254573006,0.9745864395031094,0.9755585331580434,0.9774423445766607,0.9797699054077875,
pre_model_seis1_20250809165433_33.dat---0.9839968985064661,0.9853510395896455,0.9841783932436594,0.9802099353094353,0.9866419332181728,0.9843324414187189,0.9788438453298192,0.9919452019509846,0.9928643269326899,0.9909533007057968,0.9952492081563763,0.9958928767125971,0.9974467462233684,0.9972098517308605,0.9973316452522094,0.9934735516196436,0.9972806941132603,0.9954709916574127,0.9913776508642893,0.9911250488545814,0.9915838509346907,0.9905466899753712,0.990988453271206,0.991517185961518,0.9904732709455515,0.9856425292576386,0.9868667762911643,0.9845939499669063,0.9785680860508775,0.9691332753188103,0.941322102035887,0.9545934453360613,0.9365731175226479,0.9186977284830348,0.9491538464650876,0.9479349683637852,0.9287556238215989,0.958111957297028,0.9337322577784269,0.9651600604413131,0.9449476684393444,0.9768310347645838,
pre_model_seis2_20250809163924_355.dat---0.9847069666420898,0.9927674792418635,0.991636048546869,0.9900262499420143,0.9834940454748947,0.9900203769677061,0.9906092993971048,0.9826860386354582,0.9840398443548001,0.9903922258979415,0.9882046840617842,0.9885747469279992,0.9873830064836374,0.9912281291705433,0.9916756126161539,0.9926514971818916,0.9926586181484945,0.9910211854184058,0.9932013248904158,0.9900214865574868,0.991323429410326,0.9924414294504929,0.9958165276198596,0.9938095300517437,0.9884972855730779,0.9826603081866055,0.9611055993173635,0.9701563687626179,0.9640820799953013,0.9796746577768428,0.97640088188591,0.9711953942306808,0.9609411075733184,0.9761392567704789,0.9775298466498568,0.9804110746509328,0.973250062050108,0.9800457665854266,0.9577214263405368,0.9711315523555066,0.9635530526153832,0.9828020854734126,
pre_model_seis1_20250816100516_67.dat---0.9844676458444773,0.9778937361246762,0.9890749585604199,0.9890880544095052,0.9841566660643283,0.988156253617556,0.9887459764175356,0.982090651980253,0.9774143337637557,0.9778698905705254,0.957141424756876,0.97226043895645,0.9546292325255877,0.9492889806434623,0.9820176883687634,0.9828079499008608,0.9910861634526281,0.9900421804739807,0.9863665131732854,0.9840394581196523,0.9862806603942765,0.9853799685572732,0.9913058069001195,0.9934358179113456,0.9912246902613062,0.9868930680146868,0.9787380911662965,0.9777379486096303,0.9750074518735892,0.969534598409765,0.9725306309947402,0.9721983182603111,0.977532975176393,0.9829941697754451,0.979813714363581,0.9805191895222675,0.9801193663881221,0.9760354698011429,0.9708913234111708,0.9671065901254629,0.9618803820584698,0.9791658153585359,
pre_model_seis2_20250809163927_346.dat---0.980751804377808,0.9861638702591988,0.9876707066198848,0.9882830965262126,0.9855757502621222,0.981402405299148,0.9816480309594565,0.9824545621309965,0.984150748205486,0.9798772807879339,0.9863993477949637,0.9925392692415266,0.9902651871664276,0.9971418416747398,0.9985450021179442,0.9980476069745985,0.9969507202411497,0.9935989029080838,0.9955414184862834,0.9901825500458165,0.9866101568002469,0.9853436907780904,0.9902923530138574,0.992257683049261,0.9888815229636483,0.984144880799681,0.9833845579586328,0.9645395601738291,0.9459818904912567,0.9542156555200321,0.9575265022743895,0.9701654538632462,0.9731035850664976,0.9756748481089815,0.9784942674562589,0.9806675442536169,0.9764472043889639,0.9834922300063788,0.9835971374087135,0.988248111316127,0.9885471073878243,0.9831416108575441,
pre_model_seis1_20250809165451_808.dat---0.9799501955614376,0.9870753877954229,0.9795666481119956,0.9853850536075965,0.987861555126562,0.9911332005171977,0.9895234462223703,0.9936490558245166,0.9918792966371447,0.9920955559050129,0.9885531799699744,0.9837551344791445,0.9897679681683433,0.9945383520510572,0.9939108112839844,0.9935618416232609,0.9968558695334545,0.9889410336279747,0.989656772729175,0.9873347468238449,0.9869343407152903,0.983032904142321,0.9849266181784054,0.9874715684918883,0.9892430999469601,0.9777440647576566,0.9827032540079904,0.9806104741922893,0.9799346201077114,0.96966414198595,0.9789969923589409,0.9739204047456659,0.9829000911127819,0.98202069617126,0.984456441748195,0.9801236929002225,0.9750876126327137,0.9699449645319175,0.9652839110906862,0.9716721405719515,0.9745943863928338,0.9840551591800757,
pre_model_seis1_20250809165430_36.dat---0.9897674991925608,0.9892893593327644,0.972060114683958,0.9875266256430328,0.9738589037439281,0.9833623031358285,0.9790801721316427,0.977176860099591,0.9860059877609526,0.9792546926736648,0.985307705368379,0.9831796405562718,0.974087058065206,0.9803235465845372,0.9761282874050669,0.9798505594100473,0.9894575055364524,0.9809561380306129,0.981492269365695,0.965039222276127,0.9731891141943967,0.9715617306810117,0.9693799097695477,0.9756774213777178,0.9714353481110797,0.9667781340072386,0.9747245732137656,0.9555911261609752,0.9715397650470933,0.9608240699465819,0.9813405709420424,0.9781115939389938,0.98571446669985,0.984490389922402,0.9787484074848386,0.9829140522782178,0.9793202108080667,0.9811918388487085,0.9740964463537168,0.9639999657834192,0.9484480253148496,0.9766410149239227,
pre_model_seis2_20250809163936_395.dat---0.954360831391222,0.9618725554566387,0.8951375086673341,0.9193429513362515,0.9477036422846701,0.9169760864461926,0.9033949592024771,0.8899492709085846,0.8531411242713511,0.891114508153198,0.8764390015196772,0.9802483261394845,0.9797132115648658,0.9889542396356029,0.9970117422582239,0.9953501422032187,0.983629479490132,0.9746017103874465,0.9807871732763995,0.984113939752828,0.9763058195940867,0.9837211391433376,0.9761383692248867,0.9798652254192438,0.9788921959611302,0.9717027290291596,0.9717211558334731,0.9682231911583796,0.9666304575912924,0.9661856474230818,0.9675970978178274,0.9656554959351484,0.9768576278995048,0.9780447849727254,0.9820940696497437,0.9746343322288413,0.9796242610406632,0.9731364288504996,0.9739178321165363,0.9643007576494873,0.9443424095437204,0.9583764251811845,
pre_model_seis1_20250809165454_871.dat---0.9379506359059177,0.9619387328710289,0.9834434572375598,0.9653216412646423,0.9839060720786843,0.9833094828836174,0.9707938938204028,0.9624145961872841,0.9854752085867461,0.9874109081738345,0.9765957806420511,0.9757990156975691,0.9801461197628426,0.9869294515475027,0.9871427399595604,0.9810181645797028,0.9797116379668499,0.9908005227147281,0.9980007201315545,0.995861933459073,0.989351442355136,0.9808095823834547,0.9800291438151291,0.9825643408389308,0.9872470055558311,0.9735165711786365,0.965229928774813,0.9210938557796371,0.945978942475034,0.9380510718111523,0.9064395678981378,0.9463101048869225,0.9778158420540578,0.9791257757739898,0.9591194658530693,0.9221477146783833,0.9116769401116127,0.9118889792545792,0.9166106130254095,0.9099956059257862,0.8571263202080592,0.9618560861002173,
pre_model_seis2_20250809163930_213.dat---0.953470610312625,0.9404794889540674,0.9665983812957694,0.9668210652307024,0.9415923582164497,0.9501304131138791,0.9545694336734487,0.9337389726477906,0.9296482116355599,0.9653114851334612,0.9410686059961679,0.9530841126017466,0.9450437875278899,0.9583220377523746,0.9848016097517022,0.9747552891326545,0.9814680692824702,0.9819817430310405,0.9856572250668972,0.9763197924992205,0.9636343372179459,0.9604244384513425,0.9621745847116396,0.9223174400070915,0.9093730800305465,0.9147878121780206,0.929354669516983,0.9389304514277378,0.9520216581780114,0.9458578437746424,0.9412440453010981,0.9604623963686748,0.9351494151092372,0.9305302958415257,0.9622465632394354,0.9475983132735972,0.9448114569717182,0.9472927399038561,0.9440850540497279,0.9727338558414522,0.9623300886183555,0.9520054447041112,
pre_model_seis1_20250809165448_218.dat---0.9779013110596323,0.9702055664369371,0.9654807450048201,0.9779736004616221,0.9719212079063292,0.967030181850597,0.9713555180275156,0.9640890177660147,0.9661320576063065,0.9654862288867199,0.9738518154498222,0.9793932140189313,0.9693025008867705,0.9887238289667127,0.9934664276391444,0.9847098602502101,0.9894944597382854,0.978385444052005,0.974388626470425,0.9659044564082158,0.965746898851472,0.9560639758967475,0.9618667113413432,0.9680060908367804,0.9607509571918836,0.9722033638019448,0.9721966049610277,0.9699825691263546,0.9669054072376203,0.9606571499817357,0.9607544317859775,0.9663931750365101,0.968964290598561,0.9677744854229907,0.957729571184271,0.9761142150655717,0.9618726386144686,0.9734438073486157,0.9746766006092183,0.9603594274338951,0.9713842906412026,0.9704644568745175,
pre_model_seis1_20250809165430_831.dat---0.9724775542951267,0.9838870762654451,0.9844354066131884,0.9836505480091443,0.9814862616936765,0.982939601345503,0.9814907117288156,0.9871129243449274,0.9796925472968733,0.977152428016965,0.980707795451087,0.9800822445575599,0.9800178683243953,0.9805731692767509,0.9810492738490133,0.9864920032667663,0.9902250659360048,0.9951783122873643,0.9976239150979871,0.9943180555123381,0.992911276658196,0.9901767891605857,0.9829400341422815,0.9851432106362707,0.9870321961672237,0.9772863409274842,0.9714594089038621,0.9667246397155448,0.97365271319341,0.9742670393278652,0.9703574123171793,0.9732139425966077,0.9774188689135452,0.9779046356326532,0.9738174741048158,0.9589810905026316,0.9634118775590863,0.9468191069284074,0.9591333788391437,0.9491024212862846,0.9519350356065147,0.9776654062509397,
pre_model_seis2_20250809163918_553.dat---0.9893803005346813,0.9891020458167755,0.9853678411303168,0.9847275709145971,0.9750045232729363,0.9838734814432852,0.9852688550211538,0.9767092919195238,0.9899559851071756,0.9795842223253212,0.9861303851311547,0.9875823861252082,0.9834700936629004,0.9811930014162908,0.9881271995490077,0.9836129507024367,0.9900227978967144,0.9915610410187562,0.9982666308112405,0.9960363553664707,0.9894072845550624,0.9882447874681826,0.9894762985486899,0.9877048255610372,0.9872793906822293,0.984837110243266,0.9819475986168235,0.9794203769881192,0.9784364938731093,0.979655969893184,0.980192164084327,0.980108600363904,0.9792157325270544,0.9762164372862012,0.9713341113214856,0.9695140289434473,0.9632282474989053,0.9672971906895217,0.9633524218122286,0.9445248490787707,0.940793153825554,0.9806625373909038,
pre_model_seis2_20250809163918_151.dat---0.9757194518574469,0.9763934509359954,0.9860906303686153,0.983812358318414,0.9817900915712698,0.9901538162030598,0.9897225010664613,0.9854469255535161,0.9882193547672457,0.9906931856927752,0.9920289096971485,0.9922034738580355,0.9905012220868116,0.9865396903295188,0.9856122928923539,0.9923036630266665,0.9889742085147462,0.9948710806707918,0.9940436245616655,0.9968877168474775,0.9953224297571254,0.9942514946444165,0.993797418072608,0.992749330760561,0.9693782644463182,0.9744781286425378,0.9534775963924591,0.9725219257451327,0.9637994633576075,0.9656690395133491,0.9760510872494961,0.985727989350422,0.9860780246656633,0.9848975174872949,0.9831785300106364,0.9861865256905987,0.9858007755579358,0.9794565065978799,0.9713493001913388,0.963935222578651,0.973446299031927,0.9832575736235116,
pre_model_seis1_20250809165430_86.dat---0.9504695823774755,0.9846549731517047,0.9842546154238114,0.9882497937147068,0.9871638135377662,0.9901667527253976,0.9904949601670098,0.9866635493014247,0.9880540401608446,0.9929067242201137,0.9931503468592575,0.9933535289474756,0.9948321072154755,0.995900499355045,0.9936157273374883,0.9909933740144191,0.9629041135678786,0.9796187756048618,0.9641643868934774,0.966398636378072,0.9578636021667487,0.9692991363191483,0.9458273953056648,0.9594336616507085,0.9666962062216226,0.9671493748232175,0.9583076522292047,0.9321755280147919,0.9509567665931317,0.9530484955228774,0.9586187802628467,0.9453828159022706,0.9446581826577978,0.9360562952989884,0.949829966676664,0.9559807788772808,0.9580249783775979,0.9639668376417558,0.965255474277614,0.9648109370510712,0.9551827989550048,0.9691838040434079,
pre_model_seis2_20250809163927_125.dat---0.9830961049924026,0.9917925477754148,0.9929111709288966,0.987345486102049,0.9896522340013115,0.9892153370997185,0.9814178519646295,0.9841781900198118,0.9814524512496716,0.9817913123837002,0.9857645933288519,0.9832521913120507,0.9810488794324516,0.9841926923034523,0.9873499646150484,0.9853370961046335,0.9888869630497206,0.9928646072856272,0.9916105465273403,0.9878527429041476,0.9787649381933317,0.9705297637721466,0.9800232839281589,0.9787768116295441,0.9735689722950568,0.9751442956248013,0.9882505607046731,0.9892926750924567,0.9865035413521518,0.9812560588645346,0.9744577266544784,0.9748311334535539,0.9698905637249207,0.9697242719306832,0.9577448605315354,0.956302153645066,0.9352823092774776,0.9415708242164013,0.916882275391243,0.910844712591989,0.9226507122910722,0.9747147660621026,
pre_model_seis1_20250816100537_80.dat---0.9908373178297457,0.9816991139794767,0.9934204891483974,0.9882047554632842,0.9867601466201905,0.9863185951800612,0.9731804112250202,0.9750296776648306,0.9619509307857499,0.9831999203762543,0.9870780002333512,0.9935300964148711,0.9910720398470403,0.991993274552768,0.9888691683913943,0.9979076685269365,0.9973817115140332,0.9938435073500174,0.9886496573026552,0.9898697953805948,0.9965731392519367,0.9923302911910569,0.9885092032754343,0.9921482110723666,0.9834116818388221,0.9797353095150945,0.9770825373266795,0.9701439516382777,0.9666867100940331,0.9680609455097796,0.9670100242044604,0.9720864533315995,0.9714343154467476,0.9750927531152834,0.9697017503027774,0.9761085835627826,0.9733495778540819,0.9628711643984739,0.9567170886039245,0.9703537353859758,0.9412705655558934,0.9802798602502965,
pre_model_seis1_20250809165451_47.dat---0.9600977240884282,0.9645745845117271,0.9579939036599441,0.9630424377079074,0.964909763947096,0.9665335805384468,0.959241987437137,0.942743565954889,0.9601013515111562,0.9686879126494219,0.9687975884742754,0.9872233764951045,0.9871821738274839,0.9889947231756157,0.9885712838951521,0.984924320874175,0.9793043172753545,0.9853256729815913,0.9900661641487066,0.9901015911389967,0.9921626475748858,0.9930834971484802,0.9929685608009189,0.9908120352652969,0.9888355387728345,0.9799232088415797,0.968779396057631,0.9676089496986883,0.9688763935463958,0.9726754559904001,0.9738693307910112,0.9775109678117097,0.9805187571697422,0.983461730570523,0.9886477888504829,0.9771016349779835,0.9665765016073102,0.9603075377988721,0.9610707383950194,0.9605428836109207,0.9594613274067195,0.9747125099263423,
pre_model_seis1_20250809165457_445.dat---0.952299713956004,0.8739061922309815,0.9657664858624954,0.935268703976267,0.948254305856266,0.9635345294564867,0.9684961859242716,0.9687814905432766,0.9686569696504429,0.9669435487580945,0.9672258693813653,0.9751984105867076,0.9861685067355982,0.983889548795435,0.9922425039776558,0.9759430686581465,0.9621479251818835,0.9521048274952673,0.9625273991730867,0.9597200254016386,0.9627239345932589,0.9424470684476554,0.921140647818919,0.9156254857364747,0.895832962157691,0.9003255273994585,0.8326163951001692,0.8008361895536293,0.8556323798428217,0.8083333826551875,0.8305835973111056,0.7774814703867061,0.6225351342486061,0.7270072270551196,0.6949207975379407,0.6876445493652311,0.8187978498007753,0.8294334237785942,0.8224099886069771,0.8986555853053878,0.8584888071589435,0.8934767954990736,
pre_model_seis1_20250809165451_147.dat---0.9850184134139294,0.9835758912291102,0.9787583873238263,0.9861852721748517,0.990800500188296,0.9926553686356312,0.9942873858329179,0.9902347603662466,0.9855569606161637,0.9852666389704386,0.9895487117260454,0.9909300192604407,0.9932585666895603,0.9932039084592732,0.9942669110195563,0.9936666436830668,0.9929023490664939,0.9932504264098603,0.9943340707836202,0.9911030993146401,0.9896077304204216,0.9773444293490727,0.9700110793943528,0.9679130172134389,0.9769860533594343,0.9792968986125776,0.9508376192235618,0.9323447078582346,0.9627191651311612,0.9457402883906125,0.9542780384856545,0.9187681547621669,0.9365825613934541,0.9357269229228043,0.9113977420503019,0.8906718214463825,0.8848002583710625,0.8669583145113685,0.8788151388146391,0.9143839366002211,0.8985315804344912,0.9620126766807171,
pre_model_seis2_20250809163933_541.dat---0.993074467479819,0.9916680588457321,0.9893203136267894,0.9884460497559093,0.9907061210406743,0.9875828441137142,0.9890303903219426,0.9863335258017177,0.9889419663759386,0.9857844015340101,0.9894883916036639,0.9886312466157134,0.9852313360538814,0.9848155619445048,0.9769783001324666,0.9860854811098944,0.9848342159610689,0.9961393275404955,0.9973479708025743,0.993047117055266,0.9867837547321537,0.9745607862928013,0.9674763620697316,0.965212992121789,0.9654445960173265,0.9775418442833023,0.9769911108152712,0.9662877632350538,0.9571931977614623,0.9578076511218027,0.9611517331716053,0.942966859196829,0.9426076065039987,0.9607382942116603,0.9590205631184826,0.947922800282554,0.9522688985028397,0.9510795228064802,0.9395998978262865,0.9137927850058392,0.9400349518988637,0.9726822209437053,
pre_model_seis2_20250809163933_753.dat---0.9955609283447295,0.9947764505798498,0.9971838039666134,0.9963486015696797,0.9965507547094993,0.9965760428401971,0.9965040325848484,0.9967360506253584,0.9953038596920125,0.9954030264051085,0.9966127336650985,0.9962756518110308,0.9972849405472681,0.9972561181774502,0.9992288029384387,0.9968681532159878,0.9981104456322897,0.9963719547655401,0.9938738176847393,0.9941483667894555,0.9935007391031597,0.9925730684470172,0.9926246696823058,0.9906340256265088,0.9899633947267972,0.9867352691760968,0.9790737345903161,0.9752197982433907,0.9701074043348424,0.965421890522541,0.9414134958193555,0.9166986755201317,0.8497564352430823,0.8601549965914443,0.8008100577225447,0.7914321983405567,0.729193552174897,0.7198790783554846,0.5934658315788911,0.6833495383972447,0.7046682198662515,0.93545489294166,
pre_model_seis1_20250809165445_658.dat---0.975379290580932,0.9863204083845694,0.9867745472641627,0.989475834339559,0.9929751523687608,0.9834070992327174,0.9877673649545744,0.9821895347460601,0.9825091082950185,0.9763672839756194,0.970919056139676,0.956219335291891,0.9568279796448865,0.9424564305160339,0.9487026344855068,0.9579482922614769,0.9528822283733397,0.9595926490453788,0.9752029481068021,0.9727951615545891,0.9705704282310945,0.972069087544255,0.9796595785291664,0.972877148337682,0.956757507264133,0.9664468814075289,0.9569794421790034,0.9591966925038055,0.9573477818523608,0.933492062132993,0.9546159016071661,0.9477957323811774,0.9689070113660841,0.9704809358596748,0.9734569422683039,0.9631125172018792,0.9790566856077139,0.9703525708948151,0.9807689366184805,0.9814723652583424,0.9846982399520302,0.9691908972819329,
pre_model_seis2_20250809163930_187.dat---0.9547575423274928,0.964843499992969,0.9651189102871861,0.9664374189929203,0.9655567585778432,0.9449141625831173,0.9478802620600366,0.9517727443648176,0.96210024500727,0.9706067664406516,0.965927560007995,0.9425851110485247,0.970053475797659,0.987159826979052,0.9896959265843938,0.9913079678648742,0.9936565687615727,0.9902297825619203,0.989347352889849,0.993439229516807,0.9854102488961193,0.9735534573181794,0.9865301398324989,0.9843687615890222,0.9815436699522839,0.9779234735560159,0.9739067916000429,0.9693659791513807,0.9743662207747542,0.9675844705564558,0.9629411655989168,0.9628738996924232,0.9685171382701798,0.9587057088130942,0.969223342498401,0.9730603257347541,0.9745231260222571,0.9709932629419484,0.964807161268606,0.9672325711517663,0.9588842336662982,0.9710660063788377,
pre_model_seis2_20250809163927_298.dat---0.9804612044004508,0.9423207653201282,0.9749132796367296,0.964297940841395,0.9408237669237568,0.9484214928009499,0.9094126434514584,0.8824009933402401,0.928578187834471,0.9318017581066041,0.9267665553099603,0.9873478655518091,0.9910872329285494,0.9785492917567999,0.9874119653031201,0.996108562529331,0.9967304383237234,0.993940361137841,0.9813752744164189,0.9478237613815271,0.9398900859635247,0.9587018904215869,0.9452090313004251,0.9545471184763185,0.9506403377886355,0.9566333933257929,0.9536579655442388,0.9468939022603396,0.9393822253659851,0.9236071745100346,0.9227267115178117,0.9029555547707011,0.9357098760904099,0.9515456075056206,0.9233709163509823,0.9403299932960353,0.9066125628661432,0.9143964222076285,0.9322567363647095,0.9384798753152797,0.9259842010540767,0.9476610956973547,
pre_model_seis2_20250809163927_233.dat---0.9898054360880111,0.9849617885743618,0.9913093791292436,0.9904273271774047,0.9907549155852461,0.9900427810948067,0.9893417415170467,0.9855105528082306,0.9852711956804454,0.9839025836455734,0.9589372422691543,0.9665970440753545,0.9399711428111434,0.9333850513911344,0.968985047339002,0.9773444364256211,0.9791732899967902,0.9745077856131549,0.9820801746626737,0.9810540623283309,0.971353687321153,0.9727297823970055,0.9612839057681289,0.9584161167708393,0.9396860662138702,0.9413824114779944,0.9587024763023055,0.9578687825958808,0.9574650887893155,0.9421427635248165,0.9272306010250464,0.9325088202504992,0.9393235809302649,0.9308742162708704,0.8862086193742513,0.9262923280865937,0.8766344717999947,0.8949830229817438,0.8903230603434269,0.8601818733135232,0.8958112962983674,0.9527991695133811,
pre_model_seis2_20250809163930_790.dat---0.9944539712193626,0.9971776117105509,0.9962372200327682,0.996343851145711,0.9970039132678173,0.9957469820135737,0.9893962202440367,0.9879350326205564,0.9729525005962225,0.9371229583905921,0.9182006634090575,0.8987273423011399,0.870604002143441,0.925017415210963,0.9458682166401584,0.9582869529466018,0.9570367833376348,0.9527035470691724,0.94638865115187,0.9314352523250994,0.9431335269642429,0.921512809916028,0.9018122081519823,0.8913409405655295,0.8887119317985451,0.9320637463746533,0.9200757782582164,0.9275611501289021,0.9405619540028608,0.9357388792673128,0.9252635648847387,0.9238341289712364,0.939273962615086,0.943367895968434,0.9331364885989486,0.9373158569952207,0.952387827099594,0.9553782316174523,0.9607062771168782,0.9454936591286643,0.9440632332102836,0.944667637546613,
pre_model_seis2_20250809163939_134.dat---0.9034554064272695,0.8896864551701898,0.9451878581457956,0.9411178133311624,0.9241061810754447,0.9279122223620518,0.9457782283356007,0.9038630353057753,0.9118477284132458,0.8429661748798284,0.8555257882123266,0.873401407029287,0.9220342655176719,0.9402036730541604,0.9579763588525168,0.9539868243481552,0.968153596778762,0.9736670209979645,0.9709621813920355,0.9681031925945742,0.9620152479145738,0.955024092342468,0.9299982632183748,0.9352924765759926,0.9313172815100638,0.9358300171070637,0.9279570520155136,0.9282325520410133,0.9219990827030163,0.9285120958204209,0.9234603816784882,0.9236524090668892,0.9368031993475167,0.9384110778896769,0.9404483724533983,0.9233220495291166,0.915563857964965,0.8994484336668598,0.9217020277929526,0.9153999804015,0.9149668827300435,0.9275437133169202,
pre_model_seis1_20250809165430_256.dat---0.9496173842762348,0.9593560603529713,0.9619068915727356,0.9718173240978489,0.9555892787862047,0.9490517413233813,0.9476285717210057,0.9389693230300475,0.958264480748081,0.9626981556134815,0.9645706072331445,0.9858841953925366,0.9819733229279044,0.9835667980908901,0.9909204536974457,0.9900479528627735,0.9840062030615676,0.9881548611662073,0.9855108544273191,0.9788608148447159,0.985164138898466,0.9846784885370068,0.9824772487321377,0.9768061526448999,0.9784226042849097,0.9773457769763648,0.9804593154426272,0.9808872948991662,0.9796650365550754,0.9772263029558464,0.9725336800867413,0.9542547138001761,0.940504911377054,0.9108122759398317,0.9605071643687441,0.9582406046501206,0.9647003658415296,0.9604124133908531,0.9574833698581767,0.9541661772045602,0.9248303389533618,0.9670725280640035,
pre_model_seis1_20250809165436_532.dat---0.9681260900609584,0.9519071549859913,0.9732434641240784,0.9798289463708372,0.98284966818583,0.9824220157075378,0.9854671588023838,0.986723111485306,0.9916318031202509,0.9899363967164918,0.9915283891460432,0.9948397041211089,0.9953823931802465,0.9888887355117975,0.9891073437686241,0.9881813430149011,0.9813369649250334,0.976505212161749,0.9815387590173132,0.9872452952562314,0.976280813762828,0.9818862282300059,0.9818461984206159,0.9829933227846317,0.9756719733782919,0.9636006945420519,0.959294694404218,0.928765271384394,0.910749629001512,0.9226739963071745,0.9195100454773216,0.9083579449322586,0.926664322726203,0.9590046294000304,0.9710931020821363,0.972839241886076,0.9708013889757597,0.9771428305163938,0.969302270908147,0.9635993170631755,0.9357536789409453,0.9688907693850459,
pre_model_seis1_20250809165457_66.dat---0.973320305494676,0.9747747728345653,0.9701090303846512,0.982878271355296,0.9797318100450376,0.9821522185275532,0.9844267524426162,0.9883946223271053,0.9811469548387955,0.9809415534537037,0.9795940746751168,0.9685262128369182,0.9364744981173929,0.970963557638922,0.9665366041458693,0.9762667505379922,0.9653066787436488,0.963536858589266,0.9676962996876032,0.9773489414118309,0.9380563556936619,0.9696627579670342,0.979312671504606,0.9188201958840861,0.9222045303746289,0.8722305371251343,0.9102262785899847,0.886151050136139,0.9182065435839001,0.8921342949465264,0.9182175794182219,0.8688215449995281,0.911909864337225,0.8704857287493505,0.8706100641442207,0.917089007566888,0.8833192053561294,0.9232003348253475,0.8741789251927476,0.8892201633420198,0.925642584259119,0.9397518777093913,
pre_model_seis1_20250809165436_121.dat---0.9901043253578188,0.9849153089418567,0.9872700173407168,0.9888686294905825,0.9827230887358346,0.9839581183076629,0.974760287421032,0.9580615819120618,0.9467481533738002,0.9335835326803654,0.9548381386857606,0.9349889800540269,0.9591128785254556,0.9498162984964136,0.9529189693611386,0.9671722227131546,0.968647751679354,0.9566424859949345,0.9529485331879449,0.9397348908921613,0.9456247530480653,0.9422798629166323,0.94642004349519,0.9484237443085795,0.9491477143312015,0.9468931903716922,0.9420413419534679,0.9659148244098702,0.9635912190109378,0.9687215400272469,0.9676894092352636,0.9659013012032541,0.9661049643578918,0.9763721570970975,0.97168820619269,0.9731969092423063,0.9625835881596945,0.9648216820120338,0.9604472688252932,0.967588551765474,0.9680883405503632,0.9617403611138128,
pre_model_seis1_20250809165454_523.dat---0.9492198389009987,0.9878654106463889,0.989515466763783,0.9820647516817401,0.985543345471442,0.9889644749773449,0.9885798211344445,0.9842871026696328,0.9845870907647163,0.9836443792706546,0.9754296316055733,0.9800983959026149,0.9842301443124759,0.9836986285609087,0.9838492910441828,0.9820864159754868,0.9804730103681546,0.9668545735659342,0.9266011994649361,0.9180910804561646,0.8753449752866004,0.8524059318765554,0.8675441242483847,0.8922773640994727,0.924405849301555,0.923549159854699,0.8887829331441784,0.898971266891362,0.9161227324697626,0.945630080505906,0.955424259601203,0.9495464763522908,0.9523495208862557,0.944769600442895,0.9609374080802904,0.9215933303232005,0.9332760251763373,0.9326986152056206,0.9432908439484708,0.9474070326997698,0.9416700658126549,0.9481385768230499,
pre_model_seis1_20250809165442_100.dat---0.9869388985215414,0.9918947735398295,0.9779434649798834,0.9890937656913482,0.9705003838830241,0.9444854120279805,0.9348885408069147,0.9089718103095794,0.8574822601489475,0.8856682426373089,0.846844056594951,0.8815707706458809,0.8865316922639394,0.9122741365949223,0.9019721296331588,0.9109517878503125,0.980730480695874,0.9833092450077018,0.9430565145720804,0.9112917937604991,0.8767907021973121,0.8525175650117185,0.8591220709515996,0.847957672656706,0.8444255603193881,0.8427448763980765,0.8913113594974862,0.8968411661419553,0.8824255453295309,0.8739030331263303,0.878615996912187,0.8835649074581599,0.8741742733991382,0.8679642591832027,0.8409613781831524,0.8612359639386447,0.8654383790856238,0.8291025677124205,0.8677370226474903,0.8863504406785183,0.8979028278041284,0.8982314080194743,
pre_model_seis1_20250809165436_617.dat---0.9684395452073729,0.9761608498126598,0.9673559960871194,0.9697658390866694,0.9617964653740071,0.9618437783656841,0.9627190613475676,0.9418274940840646,0.9755778347308566,0.973920888249069,0.9760095526792103,0.9734075786796592,0.9871986672037919,0.9815039916760337,0.9893868342903904,0.9930730745128273,0.9987380969972887,0.9971708788032202,0.9945148702023678,0.994650029834223,0.9949134017224289,0.9940853227529445,0.9927620329435005,0.9902334199738866,0.97826643017676,0.9762820330426312,0.956893414396796,0.9527534666925896,0.9537717259417049,0.9733257794705172,0.9801056373914653,0.9744341304588717,0.9760856237295765,0.9684307415523955,0.9648505104461957,0.9584345207624202,0.9363849963140237,0.9380374793627377,0.9446413836670933,0.9112619810474674,0.9061037510275156,0.9699297343926243,
pre_model_seis1_20250816100534_99.dat---0.985263002427946,0.9887706526395883,0.9857087076160148,0.9881071022459119,0.9895897301802775,0.9922869405704311,0.9914798028215283,0.9894042445852472,0.9880027992918488,0.9830241258656011,0.9855006513586323,0.9890648380475239,0.9931785818436761,0.9924165749847643,0.9924125039824017,0.9959808658205493,0.998663654689652,0.9965808311158487,0.9891862346428645,0.9906019873386338,0.9850343918665815,0.9831704316497119,0.973437777542215,0.9696074233633614,0.9564179637751238,0.9619529471937976,0.9547774078896405,0.9446195157551499,0.9463154296950526,0.9102339201247178,0.9290305377035389,0.895938619496447,0.9148013147360735,0.886569515118424,0.9059207390318589,0.919153114864578,0.9179449468886586,0.917972685907648,0.8949807646757697,0.9178931567265596,0.9320106714584281,0.9615367587202994,
pre_model_seis2_20250816100721_11.dat---0.9941793429904462,0.9944142996005585,0.9943261733935314,0.9950041055685033,0.9932525886905279,0.993433912803242,0.9921149491355317,0.9890596733107362,0.9828551453246911,0.9874321550643127,0.9883294533921301,0.9859852625757223,0.988612603760123,0.9890315728121075,0.9913358787893104,0.9913219691116673,0.994697150617099,0.9943657485393098,0.991673613806174,0.9919288651369809,0.9921040647453894,0.9864894316815014,0.98807511693326,0.988800028651636,0.9802478858218283,0.9669527391913416,0.9599057858654406,0.9731592647129416,0.9770818927209958,0.9738277669474068,0.9727812013664007,0.9746691167240575,0.9674682776619525,0.9635107950359735,0.9526304469387273,0.9499643992001712,0.94113976865298,0.9245555892589528,0.8902037492366083,0.8556690225500901,0.8563818065980664,0.9721700637784979,
pre_model_seis1_20250809165433_638.dat---0.9755248522253256,0.9505283194415323,0.9634780951812496,0.9858314990179049,0.9815464416065293,0.9754589194318875,0.9416855327478543,0.9428599006981051,0.8863292189006807,0.9040184028921042,0.8645074050071295,0.8463926113729843,0.8314789529027321,0.9227991250139053,0.9653981668720368,0.9820330626884572,0.980129139567385,0.9797523072293606,0.9136794642905084,0.9096872014244408,0.9222049118747591,0.9576700469080174,0.9645267737265932,0.9364009482156007,0.9470238084436721,0.9562927652556792,0.9534742027693787,0.9562694699729427,0.9720448438479552,0.9781435929423634,0.9797021027716638,0.972745250970114,0.9762495584075046,0.978945108292856,0.9782026024075354,0.9750726924686755,0.9751747883670613,0.9786385091025603,0.9749112481018756,0.9724255761895623,0.9850064282430248,0.9510791182388171,
pre_model_seis1_20250809165454_576.dat---0.9881553305729524,0.9771697440272646,0.9876868055341601,0.9806542350333124,0.9796082255492169,0.9832770232802374,0.973934165156201,0.9640251348333485,0.9609420960331789,0.9667876909631489,0.9500681403327382,0.9772722454599818,0.9925351636010736,0.9888437347405283,0.9890468238545927,0.9818717165000043,0.9915195769927609,0.9918978053391404,0.9878166034254029,0.9830652685744992,0.984321548171336,0.9804942849512908,0.9826563909811185,0.9749806786018675,0.9871543156082988,0.9868997847469143,0.972295980013998,0.9637620784453793,0.9462589942700222,0.941144506144451,0.9683747155795274,0.9633940252097977,0.9717495807026738,0.9767653698237552,0.976575071371874,0.979185479252757,0.9574850491637173,0.9495157171976631,0.941977865756048,0.9700649050789089,0.9574891529371996,0.9738712932637158,
pre_model_seis1_20250809165445_400.dat---0.9866834799438735,0.9901271874522307,0.9898158883364426,0.9866300682134376,0.9868946343118812,0.9832127282598114,0.9836044465444704,0.9828273900052626,0.9819294643464215,0.9842549597248568,0.9820102894243031,0.9619729406106958,0.9579490690453356,0.9470996230589545,0.9593048073161894,0.9747273690924589,0.9827351512376564,0.9851347770341445,0.9878811839463364,0.9922778560967691,0.9965097139847973,0.9913474482701009,0.9772615731376274,0.9701906183568277,0.958449973786922,0.95658077565415,0.9663429586988276,0.9602018076987817,0.961160784539638,0.9544053753737266,0.9441074003670351,0.9197515138731843,0.8929696076200251,0.897803049732078,0.8903602902279436,0.8728414020483171,0.8877244041875053,0.8884633057149159,0.8834827224525913,0.9184657295786035,0.8742684704005803,0.9548722497489199,
pre_model_seis1_20250809165457_560.dat---0.9676782614655162,0.9545462030662021,0.9778593550570999,0.9727530153806286,0.9786381161016797,0.9735867075679021,0.9529735047580379,0.9648335649433585,0.9443711139033479,0.9468018706371439,0.9207247325471909,0.9433579069836194,0.9651129927376179,0.9549495749842566,0.968335916653479,0.9789784352272287,0.9804128349102263,0.977078662419492,0.9748080870169846,0.9601963294405594,0.948804998083523,0.9406436183416568,0.947027361233385,0.9376334130920049,0.9380753482432036,0.9437823769636808,0.9158621142810068,0.9348812037770391,0.9161359609472283,0.9125518194736394,0.8927014272564017,0.8941205210657565,0.9188106077595039,0.922060617721125,0.9063387740576966,0.9065612573206049,0.8947026703066934,0.9116180323761305,0.9192111059827981,0.8810815888413125,0.8915329180295515,0.939808168803793,
pre_model_seis2_20250809163927_219.dat---0.985019255596061,0.9842383100428979,0.9827811817641559,0.9882959042228199,0.981176721011217,0.98807939259754,0.9835689069803822,0.986789858057419,0.9758663216837701,0.9858146782967726,0.9831268679777947,0.9715768797897221,0.9798187393688469,0.9863066086224813,0.9844846193961274,0.9888360767643524,0.9770366044551959,0.9610212240118365,0.9739710912837733,0.9642250450602476,0.9702878189405536,0.9893602253508171,0.9799569474464724,0.967220225099144,0.958137703667725,0.9701334459045997,0.9653953798580726,0.9758054511965538,0.9743930173943297,0.9593625563317191,0.9667053964672493,0.9692695138358459,0.9664000029676834,0.9642688500876825,0.9643375315401057,0.9564991579902656,0.9680763506172329,0.9596660571776731,0.9741093793426243,0.970707319353429,0.9759547720840308,0.9745873509667613,
pre_model_seis1_20250816100531_85.dat---0.9694383935821652,0.9732967640962146,0.9835294759569062,0.989034461383412,0.9888470709017856,0.9869056512566545,0.9789058158946391,0.98674441935621,0.9875940460169745,0.9875370032004465,0.9883120876019945,0.9874166235790692,0.9793547910213247,0.988024465399739,0.9898471421654076,0.982199282807831,0.9894540690423234,0.9863604203686664,0.9863308262682186,0.9796835667783618,0.9499863901731783,0.9586932917707033,0.9735707395675746,0.9750699301556128,0.9719566364731469,0.9678510935665161,0.9687712514685408,0.9692996318264261,0.9734559353875007,0.9628727787402891,0.9717325061358908,0.963644817579495,0.963389999011835,0.9368012557284042,0.9385371409547592,0.9233277792683894,0.9341347033165478,0.9263197124621715,0.9246357120692583,0.9363545352190698,0.9399483419769251,0.9687602575495264,
pre_model_seis1_20250809165433_724.dat---0.9236830408996087,0.9758710779368913,0.9800698806320891,0.9812056970577349,0.9800974462578236,0.9776036546170525,0.9700203951074837,0.9596450745495096,0.9732394180611892,0.9677324680884163,0.9618836948600905,0.9582437569732838,0.9476539623817134,0.9726689680957818,0.9788291046571178,0.9878850405370451,0.9880238058543731,0.9839014738976168,0.9844511658178521,0.9686730165794847,0.9708002397385476,0.9520416011882981,0.9649257100432511,0.9596779260887007,0.9732035272257773,0.9561206798772066,0.962356810471088,0.9779389086699138,0.9717808321849205,0.9740082029349807,0.9689769007448468,0.956414151081133,0.9576701226592046,0.9318949371181358,0.9487748723958815,0.9488991587715726,0.956383462806915,0.9616069906157166,0.9497617672647368,0.9513308736166765,0.950306723094569,0.9650306473525421,
pre_model_seis2_20250809163927_836.dat---0.9469447037162784,0.9724234598025252,0.9630279043598459,0.975606443683087,0.9731247182814639,0.9802720201723648,0.974761538863002,0.9668899126891916,0.9606555487160757,0.9308525669442941,0.9132645671682522,0.8977104343292054,0.9479621648913765,0.9539258420244767,0.9618109104312501,0.9656360302455852,0.9699714393230842,0.9717793261739315,0.9754241832199058,0.9656240336016135,0.9600180439998554,0.959363274880528,0.9455031694631767,0.9580704425495783,0.9567058300052371,0.9571850250623238,0.9607468124275844,0.9591172954340126,0.9384774187850609,0.9364530898265706,0.9600838636191023,0.9325968023595709,0.9488906104274335,0.9629430381275499,0.9496909454703405,0.9605317868900551,0.9634457213786499,0.9635503327505845,0.9483432797013763,0.9572621436109293,0.9631345785360276,0.9563361281449354,
pre_model_seis2_20250809163915_492.dat---0.9435509880967287,0.9791569715098106,0.9638627319652178,0.9640987289680137,0.927002351300935,0.9486458289953685,0.9213754848254158,0.8962271650966015,0.8909295594494815,0.9196711835444307,0.9335052759611506,0.9443946463575119,0.9504033324583361,0.9519295139762222,0.937570289516424,0.9630082313196562,0.9772434697385174,0.9744024563206111,0.9522867765246269,0.9750174847813817,0.9475312729668743,0.9694185609972071,0.9523531561383144,0.9454932339424659,0.9554671925958105,0.9516157744290561,0.9485341490357936,0.9489535658426513,0.9643289149125833,0.9541860645672771,0.9557287479796756,0.9577386010184868,0.9624802811012241,0.9626103549610945,0.9643588762401929,0.9539532209520017,0.9452088731307237,0.9225463871769831,0.9275627741521991,0.9130776796938012,0.8929018210532652,0.9465934627705885,
pre_model_seis1_20250809165448_273.dat---0.9765441178321292,0.9784280713073372,0.9696812055144489,0.9837280669709504,0.9856910063497056,0.986083646190257,0.9732955685965758,0.9747158538416288,0.9733856815830926,0.9756809416217271,0.9811004746483799,0.9882529110546877,0.9889217466665129,0.9883036540921472,0.9888328849205616,0.9892336234367038,0.986097603197224,0.9826347924725017,0.9691250128697187,0.9478842801096852,0.9569030001096026,0.9635005227878357,0.9531794734296795,0.937022722983976,0.9506500477301995,0.9575589046742842,0.9386043182962827,0.9517613111627251,0.9304925739429831,0.9390262757717988,0.9389603523015053,0.9273585138532281,0.9412169122031834,0.9416164234783172,0.923828046896226,0.9391063390833333,0.9259749945521696,0.9228032715520719,0.9484988515195037,0.9548390592019235,0.9529680959342193,0.9605729549936833,
pre_model_seis2_20250809163924_715.dat---0.8343245100915236,0.8896944907579889,0.9251898378600262,0.9393373618685428,0.9300615798441072,0.9348682872206929,0.9322799466349695,0.9405319769228683,0.9357738530562371,0.9144134905316931,0.9272915809901819,0.8950615709902636,0.9088578632950468,0.8928230084471506,0.9316698053495441,0.9603629802992885,0.9712438580527891,0.9893888033935524,0.9891382983752254,0.9835883536757841,0.9747016539378208,0.9597711237410541,0.9470144673854144,0.9460816545291741,0.9308197742765469,0.9409693628045269,0.9215742350449737,0.8961228220863441,0.8374139191975086,0.8237453172729804,0.7262913670955922,0.6655212363964896,0.6413943234048066,0.6120399604400693,0.6035562694902968,0.5977185628143308,0.5543426739574894,0.5400504137820354,0.4704559325069956,0.5257447285813576,0.5312584527202878,0.8359143831493553,
pre_model_seis2_20250809163936_493.dat---0.9839301537127291,0.9850658762963604,0.9826136401801615,0.9875447811222186,0.9771430148928071,0.9660977716496977,0.9544738955538947,0.9732702938492157,0.9768494631301744,0.9590916242778612,0.9629082176510624,0.9777830461329642,0.9885786014302888,0.9877673030669042,0.9941797977233102,0.9881429894008211,0.991140827141175,0.9897049414140182,0.9900101747546225,0.9835727695037164,0.9898842484439291,0.978305392133176,0.9645057778067666,0.9571860517564678,0.9631707730216865,0.9712432269977618,0.9643635276231369,0.9636658309926037,0.9435730693082526,0.9334244625527501,0.9475854181205662,0.9460841900876787,0.9616614978743351,0.9602142397116074,0.9498561645021405,0.9490924468507114,0.9338881906174172,0.9335677416516981,0.9237561842019058,0.9040988604362636,0.9236156267203804,0.9649417586413477,
pre_model_seis1_20250809165457_24.dat---0.9342632417662692,0.9640447962217781,0.9203252368077796,0.9396121490764796,0.9289742416414845,0.8902114280686128,0.9241182871690597,0.8622918773364276,0.8940956588421481,0.9072597561870912,0.8973572991274203,0.9250838044702222,0.939957422848175,0.9779453892649651,0.9669071754628749,0.9884276519947499,0.9892916118783454,0.9940393537344132,0.9948691299320003,0.9909676906811915,0.9922620724662642,0.9901714961536591,0.9793535251717225,0.9788839465610216,0.975743306465461,0.975212068173917,0.9722979742427647,0.9765602894575136,0.983540979537523,0.9866386158190988,0.992070525048166,0.9872875990948958,0.9921797753266417,0.9847468413110437,0.9812979103912485,0.9820977501595984,0.9872577970749943,0.9852315877701628,0.9832823182664704,0.977385351777045,0.9747666987923559,0.962641747111538,
pre_model_seis2_20250809163939_420.dat---0.985514318438234,0.9741335450218294,0.9869190212704448,0.9782888780447072,0.9809849371436493,0.9818868645669064,0.9856907500843928,0.9856035411654028,0.9818863983823628,0.9871755861357294,0.9882445763378338,0.9842157362981092,0.985135261468499,0.9942830865969298,0.9983491129614629,0.997595525478982,0.9982061406282271,0.9988787447270286,0.9955779371478521,0.9930191905303822,0.9935329201386235,0.9880568349810835,0.9869609413062992,0.9930645249740458,0.9919329415302122,0.9915880875156142,0.9885853550549468,0.9921739932067463,0.98988128730447,0.985515173941981,0.9905598707879308,0.9950168870160028,0.9964693150421565,0.9943397140149106,0.9902903369256505,0.9937107197525821,0.9877452383668991,0.9908793417597523,0.9828587668571135,0.9871524872672461,0.9700382387000109,0.9888278568017866,
pre_model_seis2_20250809163933_398.dat---0.9846257636631357,0.9857128540373462,0.9859545031070708,0.9870252326675519,0.9864122388951159,0.983387550482128,0.9796717783725524,0.9829287615776571,0.9751747638188261,0.9870116417116737,0.9838038157722311,0.9849237319287353,0.9934131831932662,0.9934113427749617,0.9952168138411942,0.9515274112341799,0.9732393450101554,0.9887553490855971,0.9841766877708501,0.9765802016927705,0.9739989907736797,0.9739441560936849,0.9680946403016366,0.9689303808630954,0.9404947342137292,0.944712208081519,0.9564283764517527,0.950948563411582,0.9545379612098989,0.9597885301272018,0.9322082330931203,0.9493855629412199,0.9462357631180434,0.9557104475296114,0.9520660445914366,0.9542233067161114,0.9441933259653551,0.9245525600040451,0.9460966754311122,0.943857845809117,0.9512995027909599,0.9671868482964616,
pre_model_seis1_20250809165451_215.dat---0.9520836900278348,0.9780342439345385,0.9899085941345825,0.986845524717535,0.989529118668824,0.9921247649151232,0.9891059409380369,0.9922932584207835,0.9870414788862789,0.9753063343162357,0.9600710062657145,0.9585979067710099,0.957499246789075,0.9386785544654539,0.9582593942144734,0.946275018379907,0.8894217041092128,0.8938972123951695,0.9362098521699751,0.946354970333025,0.9488381746233169,0.924477096518831,0.9444921859157076,0.9524406875333791,0.9637921651115124,0.9601450556029553,0.9567617290011281,0.97137118005448,0.9753350817538049,0.9740472205252653,0.970832554253043,0.9602920383739166,0.9386009651097975,0.9403971183069111,0.894934025634821,0.8937279947398709,0.9082115531908267,0.9344709277794954,0.9339040747991997,0.9447804291280728,0.9594939590942415,0.9528996105342282,
pre_model_seis2_20250809163930_401.dat---0.9784653099227063,0.962674086843516,0.9773680817276017,0.984517447988304,0.9701616728257089,0.9619570358606866,0.9543612959738287,0.9514604338107499,0.9455411388559254,0.9432156897083578,0.8983070179106128,0.9467563151861309,0.9477942479608205,0.9672049144976983,0.9880895807199571,0.9901289488748451,0.9802963738434745,0.9725843857592477,0.9698780934595338,0.9303830758096374,0.8806191273421432,0.8858409945266428,0.8819620558963865,0.9362103857963242,0.9262655004032084,0.9194377575034827,0.9404055916272889,0.942784012083242,0.9249824802921571,0.9312295699686124,0.9344687165446954,0.9210909317625243,0.9174917478818123,0.9107933155842486,0.8898698473507736,0.8853460049296732,0.8952634293530586,0.8665989315773273,0.904200772939996,0.8886368496102928,0.9349161484439339,0.9351112029013944,
pre_model_seis1_20250809165430_706.dat---0.9751657815059261,0.9747347531986873,0.9725097887267281,0.9873401565970861,0.983455274749977,0.9854178778524262,0.9807450399242617,0.966955140864345,0.9673754708220078,0.9508914491418524,0.9539455992521447,0.9700580512668474,0.9685676075468856,0.9851894728147925,0.9876588280352381,0.9920943300028013,0.9880960794859169,0.9879072583220374,0.989058190011612,0.9948872546606929,0.9953905591916038,0.9910617217678176,0.9914322857371356,0.9924098943417351,0.9874035505532681,0.9855652721264948,0.9807370174453918,0.9753358227496771,0.9719501805709501,0.9635428725990512,0.9481589982102163,0.939019450407096,0.95301606418938,0.9218433718329604,0.9288399356554746,0.9632717386448691,0.9741187380352899,0.9850230579834158,0.9796277763809701,0.9675146766591485,0.9702466546586431,0.9738430010859235,
pre_model_seis1_20250809165430_876.dat---0.973893226881445,0.9724420943710589,0.9567515541940935,0.9772612225793309,0.9746297948527096,0.9812463337622992,0.9788457561330886,0.9817364148266157,0.9813275708056464,0.9701912885787966,0.9516766699708086,0.9489391818111281,0.9650299281340579,0.9597073264316872,0.9632471528419283,0.9853607189586723,0.9835360839230116,0.9802700344608068,0.9871302712629467,0.987177416604967,0.9757046136795506,0.9809610012949738,0.9788800471215099,0.9686126199388141,0.9646668509517984,0.9476947076097323,0.9177417184135245,0.9194553686206447,0.879954300943324,0.8997364228268178,0.8580417965360916,0.8457171017430604,0.8619231677055029,0.880729153298462,0.8988177939126306,0.902161152777825,0.9033522227335758,0.8900953547954986,0.8658799105866405,0.8391734374350008,0.8680150631900715,0.9392125328658572,
pre_model_seis1_20250809165454_262.dat---0.9884150467762346,0.9875931555138715,0.9874304482491912,0.9751628736060157,0.9828937859455283,0.9794976044039024,0.9682289077098643,0.9716482490735046,0.9660433313124527,0.9587250909022595,0.952860005151093,0.9513780163132793,0.9613688340720243,0.9744181300683419,0.970013525364825,0.9762582541439185,0.9879217002895682,0.9860753992046872,0.9872729105223984,0.9890318074812694,0.9660119292793715,0.9692501610480135,0.9557735924225288,0.9742267485799783,0.9774703004672166,0.9793449847431518,0.9799862272315798,0.9882964603073204,0.9883461150582368,0.9856297607076039,0.9820576376118817,0.988330084379049,0.973070872931942,0.9586302722130865,0.9609342044833118,0.9596663064261223,0.9609040060056663,0.9608834062018847,0.9649393608754986,0.9614359942399455,0.971685120947411,0.973392942006464,
pre_model_seis2_20250809163924_701.dat---0.971203167438203,0.9726453153720955,0.9733696470432028,0.9542146754083002,0.9665207383749143,0.9590502131657661,0.9353358654438424,0.9435445794197318,0.9119451753083399,0.9097995637793357,0.8539174753612996,0.8830206264893261,0.9735513526872591,0.9975198964884824,0.9911914507539374,0.9853873646349628,0.9503074931439394,0.9045889989446668,0.8812493684940506,0.8980006561286287,0.9352770763348165,0.9435134753494474,0.9470395381976145,0.96308401466048,0.9386101383813494,0.9229423733931885,0.9289059865665555,0.931135021144307,0.9408594614746159,0.9317157920500223,0.9424514425204294,0.9335795045563019,0.919171378185774,0.9097016604907223,0.9048864578953112,0.9150016822928602,0.9396067543829092,0.9205447620087726,0.9331783714060383,0.9407079834246093,0.9218168328802073,0.9360998373530883,
pre_model_seis2_20250809163939_696.dat---0.9786878180713514,0.9652187238005473,0.9824432713721116,0.9861641404070851,0.9889358451191146,0.9908704436593463,0.9845828812339146,0.9871527140806026,0.9907507047768263,0.9852118297647867,0.9804501784013716,0.9813735591640558,0.9789048557168523,0.9858493079941473,0.9819124640013039,0.9798688971827432,0.9878782889216794,0.993604735926342,0.9933137052428154,0.9890037958787129,0.9746943688010195,0.983866151652908,0.9901951175875235,0.9802560478770679,0.9568950527643371,0.9607045200178896,0.9643830877826605,0.9464411815282148,0.9576725275138512,0.9311985586283762,0.9570626629148601,0.9404159466906509,0.9603162162299128,0.969924634884771,0.9539476162331828,0.9553153349106643,0.9549353609510671,0.9620797626502657,0.956357081750776,0.9704748618035247,0.9706889511046407,0.972926907438875,
pre_model_seis2_20250809163924_320.dat---0.9646368854038384,0.9588621008868364,0.9522806974770701,0.9579791480624764,0.9686951946778736,0.9494150968788998,0.9629514652659238,0.9621805743931956,0.9485611593565989,0.9491739485869727,0.9512656412261633,0.9846777817363201,0.983857439848432,0.9804776839359506,0.977871514630208,0.9750676176124976,0.9740373184728578,0.9748116365028329,0.9785127845454751,0.9923088393705837,0.9666422919625021,0.9550945742592967,0.9579450411699687,0.9629521146411406,0.9628621368955319,0.9475256164744419,0.9317572139993708,0.9276377103315598,0.9114256018000328,0.8888492650962672,0.9045066529300062,0.9071660176273775,0.9178271485797147,0.9195461694961383,0.9168426605744808,0.867760839841058,0.9214632649717576,0.9329713891395517,0.9135702426795579,0.9298874120598292,0.9457645226680353,0.9472590833187469,
pre_model_seis1_20250809165430_221.dat---0.976544598353139,0.9753754973852142,0.9575766265268496,0.9650884440053213,0.9492428854438714,0.9389853820795208,0.9343081369175936,0.8911961349992052,0.9461993281007943,0.9711529620596381,0.942992425524063,0.9854577096534016,0.9811111474493622,0.9764108097305413,0.9868316383764666,0.9870056608125567,0.9795397201097192,0.9879305962979903,0.9832218366699363,0.9831089684836294,0.9849039480551006,0.9903637467486748,0.9868476763354577,0.9862353755207739,0.9888641107777935,0.9869509573038203,0.9836675190783246,0.9715379210837783,0.9752017307148076,0.9672003022803203,0.976080708624176,0.9841077347327576,0.9853223087428277,0.9796933572826887,0.9771036684694671,0.9719214383284548,0.9767933223709259,0.979380288635337,0.9806995655313914,0.9799864078899152,0.9781034484248443,0.9729328303880601,
pre_model_seis1_20250809165448_792.dat---0.9886585726711244,0.9890767588518646,0.9803419033334787,0.9734176899972367,0.9799266807128508,0.9776037143814519,0.9642381870933737,0.9471756953842289,0.9605845333653831,0.912888781552804,0.9318776023350399,0.9388601166370008,0.9775215527918439,0.9672283832060494,0.970700443829803,0.9782150013835537,0.9772261415499355,0.9753946111091318,0.9780213348687701,0.9795336716904708,0.9760198166571032,0.9647206546008221,0.9582602267177531,0.9514883856831456,0.9690657203579672,0.956026796711134,0.952063682824557,0.9589780361660781,0.9264532000107685,0.9343868708003987,0.9215482085472176,0.9220662094600158,0.9178748216909384,0.9321147059231598,0.9220341568577752,0.9108212306673805,0.9055008180438082,0.9272258073556552,0.9458575159185955,0.9377193142483655,0.9571715603161317,0.9535582711293701,
pre_model_seis1_20250809165454_863.dat---0.9825342310262665,0.9844086231620554,0.9921955634374925,0.9931485089109326,0.9925413923571664,0.990771220163188,0.9851993060261046,0.9891523800794001,0.9899307779707506,0.9883993674842948,0.9874951798041934,0.981297726520051,0.9815914535876447,0.9894315559391146,0.9904896160168118,0.989297934493766,0.9918792768841241,0.9902254770272324,0.9899145218453801,0.9932611348162922,0.9935062100506792,0.997868831203928,0.993996360892971,0.9902225975623453,0.9888500718953714,0.9843311314968606,0.9857171725014656,0.9868967432356646,0.9813061564475335,0.9842834222498464,0.9874563798960628,0.9901559093294122,0.9880154699849115,0.9882591016692402,0.984676331861092,0.9760660283510657,0.9682986546539928,0.9737540918778801,0.9741110435433145,0.9838405570566113,0.9851752602049931,0.9868281164272561,
pre_model_seis2_20250809163930_564.dat---0.9864168703014353,0.9943637546855517,0.992829150773907,0.995044067309102,0.9962502739962119,0.9951587886930648,0.9946440657632715,0.9951394594926276,0.9938110593149793,0.9926251551263753,0.9939993700023968,0.9939639539404341,0.9925885633923808,0.9884751464869939,0.9835081159687421,0.9902016402346127,0.990544958366334,0.9842966854471148,0.9881952031319851,0.9899265028627392,0.9919729334040394,0.992380512512682,0.989813578092585,0.9752958856081407,0.9619774920772196,0.9689981206147613,0.9775795863358325,0.9617581204196464,0.9613614361987002,0.944214704627559,0.9469225128773229,0.9500556652576763,0.9002163404457563,0.9447158486015566,0.892141154412459,0.9251611940188567,0.9076838118898918,0.8973390417831163,0.9377867838281031,0.9062476796536584,0.9521903370779361,0.9687267201226282,
pre_model_seis1_20250809165454_610.dat---0.9662437900674956,0.9848078698124182,0.9863340123446741,0.9876543915089374,0.9785041896547504,0.9897553674435846,0.9841732408434974,0.9878735511658784,0.986851683818518,0.9914268358833076,0.9894263808744397,0.9859228462760272,0.986465851159031,0.9771290445009425,0.9788420720665532,0.9788610378382735,0.981416588154305,0.9821258495434309,0.9816575805640886,0.9949974943390051,0.9921310795834901,0.9897227362822739,0.9912352051421464,0.9769686591833201,0.9665150989372276,0.9575990337406919,0.957422062487869,0.9687811519081762,0.94177137888521,0.9643088935880838,0.9618090978545447,0.9689107637368644,0.9743718266453785,0.9699237904395629,0.9667269683486847,0.975769185265375,0.9691813556146913,0.9713423664163124,0.9781298285103754,0.9689427565226175,0.9658923601390932,0.9770225677339308,
pre_model_seis2_20250809163933_90.dat---0.9730297649651697,0.9612092482453496,0.9751360372443716,0.974432608950158,0.9757233070231814,0.9717921015879113,0.9773993685914731,0.9779639987985048,0.985781824161679,0.9871795384974228,0.9857804881245149,0.9814263684090053,0.9806790390065798,0.9768601469470619,0.990722996599277,0.9878689677140785,0.9880209629034039,0.9672774059612522,0.9623117254613412,0.9594951710783234,0.9353094755905501,0.9459654739781218,0.9232486010892139,0.928743340370857,0.9300714372039387,0.943820786622612,0.9496929568707776,0.9410489517183668,0.939113551151443,0.9611282420965337,0.9610536292954608,0.9671433292951733,0.9651627196721116,0.9681598488206994,0.9657746778834291,0.9597324060172544,0.9571442019073296,0.9565975766912849,0.9704048405160319,0.9716959712095485,0.9677289761431374,0.964605660107657,
pre_model_seis2_20250809163912_179.dat---0.9862804845007492,0.9856665549617981,0.9707538359823882,0.9804959538833042,0.951426823293847,0.9591724954631529,0.9355211058829933,0.8748334253680065,0.8750749822431079,0.73652157026617,0.9161100450643691,0.9117692354112839,0.9724753790789928,0.9750981684181844,0.9755966363627416,0.9827643691536724,0.9833620680184739,0.9717094716583214,0.9611491551227231,0.978771172139735,0.9786269583748033,0.9702509193190151,0.9752415738316725,0.9721733280900857,0.9717424854812617,0.9699036032235351,0.9743815741246229,0.974814104571362,0.9735516743778032,0.97107813758696,0.9757842218354519,0.9783296544799557,0.9803617616568047,0.9764065985870841,0.9732029410600113,0.9672004547761711,0.9688407242399718,0.9674802433178352,0.961730258059502,0.9457814364159909,0.9561636138647394,0.9577463219402113,
pre_model_seis2_20250809163936_374.dat---0.9712348688794012,0.9859451386938053,0.9739643677772523,0.9805715588213632,0.9755627027013344,0.9736948230399203,0.9759709982849989,0.9645549054062723,0.9881959439530187,0.9917728154364356,0.9899348603923342,0.9882569800353129,0.9877518260746652,0.9936186884032779,0.9911146582269441,0.9932781208823073,0.9885940825779455,0.9917424536368383,0.9928253085354084,0.9928447098576797,0.9912640391069929,0.9909411931144273,0.9953734085531996,0.9917433148929938,0.989007302210502,0.9884867384219818,0.9884263245294608,0.9879850678954988,0.9856731703510742,0.9889156651556791,0.9894335056117023,0.9897130629610483,0.9883098228861881,0.9857687245503371,0.976385497210132,0.9625016008383392,0.9719695393865203,0.9583746614104075,0.9506288054632165,0.9431230973676391,0.9647939771826523,0.9822011787979638,
pre_model_seis1_20250809165442_852.dat---0.986290451451874,0.9823204983960314,0.9861976578061666,0.9898876204485566,0.9879895524509117,0.9789428690171286,0.9827054304274783,0.9860739866783449,0.9781271464499448,0.97877595293837,0.9863180540196322,0.988099750972687,0.9883214571975497,0.9885867638190166,0.9849878893101125,0.9857023253090489,0.989403793088681,0.9941035611390915,0.9958441152935628,0.9952970964647867,0.9941908102657803,0.9868996435407218,0.9855454611538561,0.9828098602707723,0.983477104891781,0.9794226932132629,0.9746680142167069,0.9717792257842507,0.9670213380059154,0.9637385177703999,0.9567555913282116,0.9613637592114728,0.9557679074866803,0.9469986590038368,0.9420883441060698,0.9190821592126497,0.9046670220880632,0.8533430444766845,0.8852564825893929,0.8767877389296382,0.8649713393831384,0.9656246509660549,
pre_model_seis2_20250809163927_52.dat---0.9782335880291806,0.9895250333017634,0.9864769891227531,0.985797524734274,0.9891018594391524,0.987481315793639,0.9856763862634046,0.9814533805162929,0.984391390977135,0.9871393263998716,0.9892661131773198,0.9892715619980872,0.9924211889684375,0.9940032888109174,0.9948081788990951,0.9906094692723121,0.98531102263832,0.9725973855584371,0.9735783378452791,0.9842333997092874,0.9825312958648059,0.9772921219525664,0.9769014596267924,0.9763173382720328,0.9631219648827954,0.9527037620495253,0.9400081656508229,0.9520043505016863,0.9466391693412716,0.9404901135152258,0.9504411054467689,0.9560364340385502,0.9521800526672357,0.9410189543622046,0.9334330390833018,0.9274951413337059,0.9420254858705386,0.9331218794866416,0.9417577088980573,0.9554945688833091,0.955511584914581,0.9687293277584728,
pre_model_seis1_20250809165451_35.dat---0.9838776069467,0.9921797445231884,0.9898768392265913,0.9876254239940128,0.979738054281459,0.9756724137198821,0.9750477718764746,0.9675667142267408,0.9333436554145933,0.9198402997090677,0.9057114410240842,0.9249503801820429,0.9689992890176702,0.9657087201457673,0.9532210202443587,0.9456862341718899,0.9663136623392672,0.973630059460116,0.9625657963953409,0.9705797110715294,0.9614073055268033,0.9577350582732462,0.9653653220521782,0.9682408708188128,0.9551069933290456,0.9386762856335656,0.9507122828248209,0.949842273677597,0.9091176233495423,0.8917735820290446,0.9288737868452677,0.9220464183168064,0.8993271986586678,0.9274717629534983,0.9291649229327941,0.9113028668658315,0.9240166092257139,0.9186785761376625,0.8966342249354307,0.8945408308429516,0.8789574772146965,0.94441773440036,
pre_model_seis1_20250816100534_4.dat---0.9912373598524946,0.9930794288161424,0.990395687422486,0.9880055536805575,0.9803355503343195,0.9750976481917151,0.9759886411486491,0.97418906883647,0.977367671791568,0.9764531335095792,0.981949775529576,0.9955211916271347,0.9936874637198951,0.99616187642254,0.9924545390208964,0.9859822426561156,0.9832543164237917,0.9728315396318185,0.9627745851578966,0.9624072997164707,0.9619605107537008,0.9498721768774584,0.9546705165432385,0.9573190670507579,0.9323018990118297,0.9571953177010083,0.9661439939114509,0.9672962505759638,0.9658669470565098,0.9798102842602018,0.9778933974021251,0.980942983780885,0.9850935038536845,0.9773398618101253,0.9725593139611322,0.9769483895751304,0.9672118588947798,0.9726628722365013,0.9739120952682133,0.9549409607548748,0.9610792631089198,0.9741999033628927,
pre_model_seis1_20250809165430_549.dat---0.9734586400791924,0.9778621331032908,0.9584124620932531,0.9754003680794539,0.9556364892099969,0.9673548748452659,0.9473215294956617,0.9610020942859017,0.9341529140503794,0.9610423274545938,0.9416726712776083,0.943971981012068,0.9781564334465304,0.9892992240062433,0.9830053385080302,0.9941605734728002,0.9885151778498199,0.9839379731740794,0.9813592475756089,0.9790413148014703,0.9674751191886625,0.9718126350825527,0.9583303370168379,0.9562721213413166,0.9603973537035445,0.9419815379245102,0.9498512189562879,0.9423792546581866,0.9575460131490839,0.9541519283399861,0.9396960015650591,0.9268574392527,0.9223885366641803,0.9206790037326472,0.9311521405923895,0.9541211626093655,0.9602065025066795,0.952386775540081,0.9440152874395532,0.9527564287414086,0.9378894339282549,0.9579782926769401,
pre_model_seis2_20250809163924_175.dat---0.9830636242441444,0.9854949548444442,0.983926858133974,0.977966775520266,0.9780079165832475,0.9784988219979724,0.9835774566241225,0.9711699001627614,0.980000052110142,0.986153701466209,0.9854186043264249,0.9836974272893572,0.9810230904429975,0.9878356548995954,0.9921432805701879,0.9924954626812998,0.9915414071600286,0.9916829276999893,0.9884733667514455,0.9929765301396186,0.9909775684014129,0.9879992381222971,0.9902278573710124,0.9899916409928494,0.9775341554619571,0.9712099016742667,0.9743371089429848,0.9823496501729536,0.9816086907083069,0.9718740082238784,0.9745981568330856,0.9706971610011427,0.9725978349392318,0.975114557650848,0.9745915667312655,0.9685481639009476,0.9721338964632052,0.9723648404659652,0.9752942287395355,0.9803801304455197,0.9789987102821825,0.9811848019798309,
pre_model_seis1_20250809165445_576.dat---0.9446376377720647,0.9735387044155428,0.9674523646506993,0.9739031047200956,0.9565255883399638,0.954101151655303,0.9614448288674886,0.969234850936643,0.9452918476572187,0.9535524336371254,0.9448235310561641,0.945934875741216,0.9521372180939647,0.9739872301533791,0.9795384659044476,0.985934013246965,0.9803274324060534,0.9838364886354888,0.9807690369786956,0.9868253588355671,0.9800600828848319,0.9814019466637416,0.9830648386560173,0.9683011225673881,0.9545475191686127,0.9589845192323171,0.9584856903946974,0.9652340032964656,0.9690024069607004,0.9744576165182484,0.9752471905617964,0.9751936412554134,0.9758480812619158,0.9800261958379187,0.9739237229549744,0.9779598611095197,0.9765155731927261,0.9664058982098608,0.9685080022540243,0.9775734942033575,0.976465819085494,0.9690488631701003,
pre_model_seis2_20250809163915_802.dat---0.9714367570420553,0.9662105548730439,0.9566648169906603,0.9706431995759187,0.9731338372155535,0.9687986557843542,0.9807995122085742,0.9799967936662127,0.9733745285491917,0.9766904899905426,0.9639051529010716,0.9825495167124685,0.9832660074907152,0.9814554377128393,0.9765941768818395,0.9746489848372673,0.9733834242419879,0.9822051319952424,0.9816310311825268,0.9487206649874323,0.9557771877233263,0.9546453038874557,0.9389576012481682,0.9722788353632644,0.9408723504453333,0.945236325282168,0.9199565008214732,0.9093791000301737,0.8467364299292807,0.8553492001781902,0.7159914399418263,0.8165072594321878,0.6632865940699046,0.8387546310244662,0.8968705925942695,0.8829710538880917,0.77221208147768,0.7493512349333448,0.7538414102943226,0.6640887840607971,0.7182274325724681,0.9067658542448218,
pre_model_seis2_20250809163927_725.dat---0.9887899824682603,0.9866950208507884,0.9857133411483423,0.9862640061458929,0.9721545759213439,0.9726123819169462,0.9754113620198518,0.9571124362887323,0.9659709395740786,0.9616809934059726,0.9392881444645442,0.9402818904345696,0.9486272752976617,0.9593423578706256,0.9622834894785827,0.9709798566044557,0.9867462212576901,0.9726463854667624,0.9854388094887937,0.9849547071015736,0.981113762542092,0.9601233223118613,0.9669180563905887,0.9631241362733584,0.951463043684268,0.954119061418797,0.9773044669346389,0.979688594162796,0.9702527061421,0.9795916716836556,0.9833907666282518,0.9791499139015677,0.9782106819549732,0.9782953280763728,0.9698353084600277,0.9736063321362437,0.9742873221528086,0.9757561241058796,0.9811567689847553,0.9792901371192122,0.9818898396737871,0.9717454029742318,
pre_model_seis2_20250809163933_816.dat---0.9875208484822742,0.9788725512363532,0.9891340100104363,0.9896327484438552,0.9911518546975001,0.984355189112816,0.9849109428159162,0.9797864072088118,0.9905245786951081,0.9952563285495696,0.994765313287351,0.9981999380672723,0.9975119442295631,0.995333356910955,0.9950120137926555,0.9979403708793307,0.9955798820541467,0.9936351283539987,0.9857790607053513,0.982036614506047,0.9903698433124858,0.9949434804705526,0.9960507669380642,0.995302651824272,0.9947968190342673,0.9953037293840079,0.9952886960203152,0.994539681634134,0.9940543277038468,0.9939236480720561,0.9924607302350514,0.9927077270729361,0.9929321909538265,0.9919593054968289,0.9860099124574458,0.9851219841367933,0.9861210225915434,0.9737188292757732,0.9799985392303121,0.96639689881882,0.9773327589604849,0.9896651859917837,
pre_model_seis1_20250809165436_272.dat---0.9802009774811896,0.965224534123962,0.9740494825610165,0.9814167473505038,0.9743572436191827,0.9772436528148442,0.9760606982494417,0.981584487929411,0.9792470420261795,0.98155056547092,0.9854970962705063,0.9829302605105548,0.9844884394883966,0.9821494160557286,0.9765925661393141,0.9879529108918709,0.9830034112315729,0.9841014297366464,0.9313530498571304,0.9145857112367936,0.9026821254993301,0.9404485453201289,0.9472682285579169,0.9553685911294174,0.9548016177769597,0.9156338645134555,0.9222550413869612,0.8762023097144054,0.9346889628110221,0.938410266748564,0.9013306753128746,0.8489641473295457,0.8657787064649634,0.8202537277636474,0.8510310378076578,0.8880153272949446,0.8853401752415982,0.8866679944273373,0.8487980866639083,0.8923417865819506,0.9135557030510032,0.9359372352303108,
pre_model_seis1_20250809165433_500.dat---0.9652937509322576,0.9882828969065286,0.9873590016109554,0.9832347975815591,0.9780543110818315,0.9830684943879662,0.980538561339967,0.9590353763703168,0.9693675451942396,0.9764460227888945,0.9563762135730707,0.9751020993046149,0.9781931910741294,0.9743639522446094,0.9744257539236748,0.9840964125636759,0.9802901944872454,0.9653767657047362,0.9812258672086035,0.9713450339041936,0.9786052595750429,0.960889929509783,0.9755450837960883,0.9496644296759729,0.963197257357643,0.9605727155290069,0.9546889765009865,0.9618270299160282,0.9396864714605927,0.9370390491453362,0.964465448838182,0.9632937725192529,0.9455512867728716,0.9663979710876734,0.9584748021995385,0.9679448374217864,0.9583544679908169,0.9683669635786151,0.9662251981859651,0.9654021166573501,0.9749903473588983,0.9681136501770857,
pre_model_seis2_20250809163912_672.dat---0.9606242248620159,0.968667290757494,0.9839218581771668,0.9820043134114557,0.9789791950575003,0.9741058405258748,0.9736191676234242,0.9693553464592738,0.9697984346390254,0.9459916719274971,0.9493073671306169,0.9521560211761859,0.94384528376546,0.9487906359779978,0.9784439767474875,0.9754925113295901,0.9766679701584859,0.9757327210345893,0.9785562921026426,0.9720870603567626,0.96780639488961,0.9477458329028333,0.9511079980822397,0.9462931533228541,0.9516090360437255,0.9496873514814173,0.9621401036682081,0.9615318573545862,0.956866405496448,0.9571181499814937,0.9545209221826791,0.9512786564406176,0.9489022661428358,0.9469029673556567,0.9494577196626224,0.9432563280176659,0.961807379128533,0.9561653505933783,0.9644850291908744,0.9641210521692034,0.9585116122758903,0.961206408526925,
pre_model_seis2_20250809163924_443.dat---0.9381818578762859,0.9857582905117505,0.969757790941315,0.9775459074025132,0.9715851757517096,0.9825795850996037,0.9797724173396514,0.9796284453267812,0.963845092933681,0.9498116653361882,0.939306410736159,0.8734551264247198,0.890554133227204,0.934621384809691,0.9164493717920416,0.9904036710077939,0.9910328429632039,0.9905164192211047,0.9760209445303284,0.9637086615432665,0.949915954204451,0.955984513023318,0.9552703290164575,0.957984251143389,0.9567904796603555,0.9414063712209763,0.9313007465501653,0.9054451151657571,0.8884673132411764,0.8808005453757853,0.8671037785465316,0.9258342349706697,0.9227834145227588,0.8813779969829534,0.928647991826595,0.9032249921243516,0.9321542035914985,0.9463639675640555,0.9442274897615993,0.9533676268645888,0.9669900267933008,0.9429262569981882,
pre_model_seis1_20250809165451_898.dat---0.9775973641475749,0.9916726380809261,0.9927695536740947,0.9938915668811003,0.9878873470996338,0.9929342375390283,0.9902682318554836,0.9859736468281065,0.9842778731833888,0.9835917089575998,0.9907986634370411,0.9904404392263522,0.9941224458556869,0.9973141200877056,0.9969202167187134,0.996144334336,0.9948695505674775,0.9964750568227727,0.9910560161636248,0.988171242218692,0.9872916919807373,0.9759187301661321,0.9746032562505809,0.9738018774204604,0.9816908083740038,0.9760019642582041,0.9841643194929897,0.9852491933462011,0.9852660397235189,0.9873919163285296,0.9780853725809153,0.8596663474394413,0.888148921134738,0.8666150170150028,0.8950281916978083,0.9485684600597264,0.948863210676458,0.9065464422971335,0.9417698974086752,0.9281708875810538,0.9071225347269657,0.96822295935708,
pre_model_seis2_20250809163930_582.dat---0.9894539321557018,0.9920859220965609,0.985101919988964,0.9860615632750072,0.9906463804367129,0.9858272830730551,0.9839274959703909,0.9877983846849587,0.9859653886914027,0.9865948008523744,0.9827599374236282,0.969032771970065,0.9702077730094543,0.9792667395012362,0.9940918305072277,0.9941700121891979,0.9922313975775561,0.9918125244419075,0.9935861106854817,0.99270554286478,0.9894875043365727,0.9834214933126666,0.9856251370134952,0.9873127889013195,0.9646026543914109,0.9296378978847852,0.9448860319598565,0.8715783351664272,0.9206558392995967,0.9138859702419797,0.9113628321223056,0.9073132845194034,0.8888518824134647,0.9204751948565132,0.9378853144409903,0.9546842460131594,0.9404920887456396,0.9380966762437292,0.9316372936521385,0.9571941527289266,0.9549799022525028,0.9626193715095743,
pre_model_seis1_20250809165457_581.dat---0.9624045592308845,0.9765253059278426,0.9749205194308875,0.9855437759951302,0.9863256243408955,0.983192730457654,0.9872705496235517,0.9893292224059397,0.9867952769303483,0.9882822228047003,0.9758294131520744,0.9647046062276613,0.9181428612558343,0.9539542761717363,0.9227893450661193,0.9692330220557035,0.9789343809328278,0.9857757290447704,0.9827654328194358,0.9861683906469272,0.9847210150181486,0.9711028884693922,0.9699112853329784,0.942026734016173,0.9435697753502774,0.9337913653113439,0.9131928622596049,0.9316229243565359,0.9463107792819258,0.9582846891560195,0.9669812860372687,0.9754389638177458,0.9702430783069594,0.9682155857845846,0.959015323231318,0.9459968667979123,0.9597133057985521,0.9529740861224427,0.9637120725281041,0.9545279471995209,0.9556768909461788,0.9640467553571689,
pre_model_seis1_20250809165454_2.dat---0.989297876856207,0.9803202321037481,0.9871429074675621,0.9860680379721128,0.9883671993178021,0.9786947718974264,0.9822285889012338,0.9833909465468457,0.980338905555097,0.9824551630631471,0.96750279499001,0.9712593804105769,0.9475416579908569,0.9755996367144011,0.9661601359619127,0.9735567888398614,0.9933974715682249,0.9971167760372285,0.9908387999626347,0.9804496210856325,0.9823766172711036,0.9888200007326919,0.9888072166711931,0.9823202883970538,0.9682334414059688,0.9516793306680096,0.9560125637894897,0.9663728764936136,0.9481119300546161,0.962204885569181,0.9588662102629776,0.9441482291499508,0.954528745480752,0.9731509712097355,0.9696549455586609,0.9530485209351144,0.9635017304237126,0.962400094894238,0.959458687535311,0.9628283741067356,0.9584956746953448,0.9721158299645846,
pre_model_seis2_20250809163915_12.dat---0.9772275034856397,0.9763941778665333,0.9717736678461922,0.964467215637501,0.9582619995934912,0.9132156064898295,0.9149032604968558,0.8920866932815263,0.8933771961440444,0.8403613026245358,0.918775600309149,0.9549125404570287,0.9860667078509756,0.9792731659216188,0.9547371083482805,0.9839628390914431,0.9801272617388009,0.9737403415835711,0.9838005720762478,0.9644141560108815,0.9328166939717688,0.9107731127378944,0.9104210598290111,0.90638029274734,0.8975974947435206,0.8898120898394108,0.8803776348174857,0.9127407623260793,0.9010323802710386,0.8992584743536606,0.9061530316885571,0.939004357861955,0.9402573068209351,0.9508675018776517,0.9700859672386735,0.9693363150352381,0.9689353934488558,0.9640645193412809,0.961863535283372,0.9706989424964931,0.9707357799475561,0.939880282037364,
pre_model_seis2_20250809163933_177.dat---0.970550100071744,0.9787524644107705,0.9758491528751987,0.9867036210195774,0.9834964985759229,0.9704542217072136,0.9674108885505873,0.9483242303003766,0.9540595510531841,0.9401273406645909,0.9455148831232167,0.9317882689222641,0.9093558123071772,0.9088210134874216,0.9206606258127881,0.9287486022563725,0.9538605088994281,0.9765481276281439,0.9744184833603617,0.9617064214493237,0.9451623069935403,0.9326537280211112,0.9428030762223928,0.9477161525787112,0.9335144917534939,0.9371826872209317,0.9189168987793155,0.9039040313218012,0.9128109894621705,0.9245693566195701,0.9370376009125052,0.963608680616282,0.9620671293435371,0.9526122150792543,0.962016645056877,0.9556645633817189,0.9660543448473631,0.9530671632247383,0.9592708063721788,0.9479816715422379,0.950863944814556,0.948698275625365,
pre_model_seis2_20250809163912_401.dat---0.95568994293214,0.9681538295405209,0.9575521702383624,0.9366797041723692,0.9364229915719234,0.9135018645666677,0.7987475469804334,0.830809290914999,0.8603328007634629,0.8461356185988128,0.9320097721576704,0.9636119566511312,0.9791185907349506,0.9965511276280768,0.9922809381099348,0.9866652223189196,0.9891151613588084,0.9732638056170896,0.9734778814226301,0.9825403046292462,0.983095468918171,0.9795097569065626,0.9689739913921999,0.9511023761691246,0.9581396337721936,0.9409698956899285,0.9444229217961226,0.9495069964250805,0.9609058162100613,0.9758845040363373,0.9848657091178983,0.9875215758075984,0.9834373094015424,0.9840026162552006,0.9766669536658692,0.9759824442134561,0.9816984076989873,0.970976257513749,0.9761509318511729,0.9807767624263163,0.9768384550610112,0.9552216903716277,
pre_model_seis2_20250809163936_53.dat---0.9554799415780495,0.9758822790900009,0.9781665601779735,0.9724738098158136,0.9795984759869633,0.977287792159806,0.9808097281666002,0.9847770773759599,0.9856029006289685,0.9856922694044405,0.9933174438628586,0.995551478418652,0.9958919063112501,0.9972809766174393,0.9986818725636726,0.9908778029225341,0.9910720187874927,0.9884289305115483,0.9874469184480468,0.9934576756424628,0.9892938868788685,0.9891141052439585,0.985023557562905,0.9739367233899828,0.9774290091044868,0.9666134948721107,0.9690674069087613,0.9605312471515887,0.9686069961288801,0.9649520704762683,0.973202994303194,0.9712855586019925,0.9748302784927202,0.9649007629550613,0.9646358175651883,0.9606666247976442,0.9547033429211076,0.9625412825620611,0.9323907911760333,0.9418394831355403,0.941974599935046,0.9754955583569253,
pre_model_seis1_20250809165451_612.dat---0.9579182055550243,0.9703694701789066,0.9744134338958579,0.9631962928618794,0.9832957043245132,0.9857711475967972,0.9830574565879427,0.9869627340412703,0.988215967432601,0.9846583188981622,0.9875930640007019,0.9882680404647266,0.97435000442163,0.9703568177364066,0.9787511280416568,0.9895007346250805,0.9943487996299094,0.9950731968017791,0.9925064153252035,0.9941323157519669,0.9949888481188647,0.9983159460597043,0.9980587428687453,0.9969544581027265,0.9952869814129541,0.9943292770933728,0.9916339728230544,0.9902936607894302,0.9895528032092356,0.9892428502463866,0.9885598050668574,0.987049497758551,0.9851618007424852,0.9851955680745849,0.9872797362470603,0.9873043669773052,0.9858291939431085,0.9866516862147969,0.9850578910506406,0.9791734967668577,0.9719789211807639,0.9856253354370611,
pre_model_seis1_20250809165457_489.dat---0.9919965200915386,0.9917848509913744,0.9861548011348654,0.9914133515086404,0.9870600081590163,0.9886982044927245,0.980651787728197,0.9795895199865323,0.9739490350269877,0.9642446913382849,0.9338511857794038,0.8894479590671934,0.9224252513293952,0.9522359657501588,0.9613070109177253,0.9906585550587418,0.980400551015178,0.9903234419934003,0.9912347350489242,0.9836138254659945,0.9892348191769245,0.9923836348492971,0.9913106359220214,0.9790035508896897,0.9775423134097997,0.9762244731566281,0.9669808224931963,0.9711475231196042,0.9650128138790702,0.9662781450702552,0.9709531892444773,0.9670958334265529,0.9712402216687327,0.981386079107023,0.979235160474154,0.9631185122364077,0.9798122573302307,0.9802030576499156,0.986569773782124,0.9837378125168396,0.983338616684321,0.9744597682432082,
pre_model_seis2_20250809163930_178.dat---0.9936432241669014,0.9877807713266049,0.997481644293417,0.9965674933860705,0.9954194404726097,0.9960060026512205,0.9915053899026423,0.9902586740709716,0.9866988195461897,0.9889034461669549,0.9916035109065432,0.9919690511577628,0.9911156548320347,0.992202555954327,0.9942242909433732,0.994817556219993,0.9950600574848862,0.9928432767475098,0.9882317345437168,0.9814298835053058,0.9846665655551218,0.9794286837812931,0.9899716245692185,0.9796271102017565,0.964502094818856,0.9529652414488287,0.9454815594169192,0.9398882887447076,0.922922532867007,0.9314774033729919,0.8956452893550771,0.8485008941338071,0.8609133280158892,0.7691179621499423,0.7895394360999963,0.7440585905171397,0.7536684920747552,0.7135615626513173,0.7157591381250703,0.7191905225771287,0.7675098768515912,0.9269794798928646,
pre_model_seis2_20250809163924_693.dat---0.96669518474231,0.9773060018926225,0.9634197553749295,0.974086472153118,0.9773048544374278,0.9705967469035841,0.964788322737351,0.9625972427850613,0.9418653626870376,0.9598141014830845,0.9709457523414904,0.9799227091295325,0.9846263820657511,0.9822712899528883,0.9767911848595108,0.9918368296907835,0.9932973301219511,0.9849563871718239,0.9774310681660967,0.976607288805972,0.9782279497252115,0.9749693025522517,0.964784433764771,0.9708842380317622,0.975386738397439,0.9748190718224088,0.9721418227880644,0.9699672401714909,0.9720645662698798,0.9662231112558182,0.9734462132400472,0.9688653831740085,0.9332808267815316,0.9311852194435039,0.9221145745029976,0.9255367017612639,0.930034255356308,0.9222374297872269,0.9556127258705964,0.9515754137290973,0.9492716902880047,0.9648729067369761,
pre_model_seis2_20250809163939_319.dat---0.9821006038621889,0.9935799639497018,0.994515995909217,0.9950299106859205,0.9937298487638057,0.9923391641174083,0.9908338115949199,0.9818856756520477,0.9690269768932035,0.9654785842489052,0.9596072725540171,0.9707759834760674,0.9645481035482147,0.9743233764723507,0.9814281907621856,0.9857099042651987,0.9737453187988867,0.9468477126670634,0.9746984636820165,0.9796323151395759,0.9715488692348392,0.9604826565493756,0.9523530623808901,0.975728529735138,0.9771991791841013,0.9786717843361087,0.9779580139542494,0.9621695455418031,0.9641354131972497,0.9647511248493851,0.9504558101492457,0.9595613369409519,0.9721651136164132,0.9799496085148369,0.9758940493030799,0.9643075533388034,0.9771978827999944,0.9749201797188305,0.9770971835356823,0.9765738754602822,0.9836580832311421,0.9743077081125682,
pre_model_seis2_20250809163927_657.dat---0.9785399378000507,0.984139724756442,0.980344234591042,0.977062864368035,0.9798109257359787,0.9818305018018288,0.9804636513050112,0.9675464190186559,0.9680976750987734,0.9439633965781687,0.9138151304291557,0.8971883556293376,0.8817623200145046,0.8997385692848083,0.9847292263091835,0.9925718379629201,0.9960602163376062,0.9949450451577604,0.9862190180080282,0.9867189945768,0.9846144543932117,0.9883007978320946,0.9933735031351731,0.9827044952923142,0.9867518217946885,0.9822275315860532,0.9710280422002316,0.9650295503147766,0.9622534379453933,0.9504343171363576,0.9580755518218474,0.9371080606886567,0.9468189838803355,0.9618910922238698,0.9775498466981394,0.9666627769853945,0.943854133731337,0.9504228522427477,0.9406271903922215,0.9160704558213505,0.9525188672657313,0.9632650197108782,
pre_model_seis1_20250809165442_650.dat---0.989328694639986,0.976722500889183,0.9722530450059008,0.9898014048060986,0.9858052242876488,0.9827139295888474,0.9868323586299621,0.9914637413900099,0.9917975475366647,0.9922395882249372,0.9909930363013698,0.9929236497159019,0.9926265024109435,0.9974225877704381,0.9977992279595309,0.995810703297599,0.9914243211795389,0.9915057566471681,0.9918637843383641,0.9914688895475647,0.9873833380912113,0.9777317237196737,0.96004617504588,0.9682530242886274,0.9486324371835748,0.95934440556061,0.9475214087577036,0.9146110835227071,0.886068591491952,0.8692817232946128,0.8153166412311889,0.799533101179221,0.8632881545768523,0.8693162646903865,0.892922552675352,0.8730210528017591,0.8871103420687588,0.9200223779947947,0.9385675143336492,0.9275306384606986,0.9462825432968767,0.9498678436203355,
pre_model_seis1_20250809165436_504.dat---0.9551152760196921,0.9729067873828744,0.9875412015820522,0.9814883615399902,0.9764525557936217,0.9684077402362126,0.9783434421282482,0.9644497470046005,0.962103843764529,0.9751209421935487,0.9673844917653573,0.9720834157972449,0.9767233830368147,0.9858482535161008,0.9614418896822097,0.9659240655112372,0.9840818142651939,0.987916615188358,0.9895571509768311,0.9946749917888423,0.9945144196290796,0.9905351519905926,0.9847299969772457,0.9860092222593329,0.9827840438699328,0.9781598322918559,0.9763361111816001,0.9787253654796536,0.9706913069593983,0.9694018828032182,0.9720596292505279,0.9757698968193421,0.9780152551942489,0.9674131098718172,0.9799962718113187,0.9677761389546394,0.9626645663088279,0.9737792656409928,0.9678845429698769,0.9685988472442283,0.9776129784292893,0.9758786293929412,
pre_model_seis2_20250809163933_364.dat---0.9798151787401809,0.9801065705877458,0.9732187575736242,0.9809370765741104,0.9774753137687676,0.9742842915645483,0.9855890559977906,0.9811069393617029,0.978170262597267,0.9819192697303138,0.9817485619858067,0.9840761335165137,0.9859956418573066,0.9857621334908553,0.9705527413442906,0.9768693968120692,0.9833600064241206,0.9916846587672822,0.9928099621137841,0.9849819070785563,0.982870324434143,0.9874524620631773,0.9866394133026775,0.9846222877369246,0.9915171076093041,0.9900439352731567,0.9902288250451873,0.9885727639364088,0.9870975913435358,0.969025095186963,0.9766082973650371,0.9705146981825932,0.9737469939591243,0.9763886038389766,0.9645985127395308,0.9644718734141869,0.9598940043345389,0.9446180123247476,0.9589868947240264,0.9558786675738166,0.9619880921957034,0.977956788206595,
pre_model_seis1_20250816100534_45.dat---0.99237880628565,0.9943869204962664,0.9902012297820264,0.9914866492996043,0.9918681517346389,0.9900396853998181,0.9866467592491269,0.9853212832054331,0.9715718110551681,0.9257839870717631,0.9108191192837414,0.9018454357917797,0.8520819756078619,0.8909730844707944,0.9001948156520106,0.9673850235435129,0.9802351328109952,0.9809104663597649,0.9782780235697965,0.9878138964413203,0.9794649962973313,0.9652571683452345,0.963153718563615,0.9574582930311921,0.9669507126285734,0.9583016268502311,0.9550571870664598,0.9577060538378984,0.9455458250570893,0.9397331128365258,0.8889088294310721,0.9305018577157047,0.9166312608606946,0.9016258378388392,0.9134021856430015,0.9272553230162014,0.9104671885361625,0.9127546604058547,0.9042814102110048,0.9178451413732268,0.9078583694105242,0.9461069028309148,
pre_model_seis1_20250809165448_84.dat---0.990837622715269,0.9892543869070204,0.989139307157721,0.9875298057742532,0.9869961524487173,0.9830407441514529,0.9658466464755345,0.976969435749076,0.9578661683234582,0.9725012886135478,0.984875796074925,0.9896904688930064,0.981214423921721,0.9722153088038518,0.9868205833481534,0.9891930954514739,0.9794482378000928,0.9727810803815288,0.9593213537288326,0.9808686013773968,0.9740334618275642,0.9675969923386352,0.9565450974735372,0.9435969092191012,0.9478000908575593,0.9545703536336186,0.9681867198368338,0.9473761936746232,0.9538550342451411,0.9506201590847753,0.9440528335138157,0.9567337919841892,0.9621629611537188,0.9604750812041589,0.944829337692862,0.9442092309211768,0.9463263165828709,0.9346308889372765,0.9375743721294182,0.9303522757802041,0.9184022646930508,0.9643985579239306,
pre_model_seis2_20250809163936_636.dat---0.9864238573306001,0.9716688925830442,0.9659703157061534,0.9663294977715843,0.9764573431059566,0.9779384797272185,0.9707067438735347,0.956832666957733,0.9688788051523098,0.9791564919680165,0.9907073675957204,0.9928561387518944,0.9907568992520588,0.9840591977821108,0.9828336698598008,0.9835547871237695,0.9586879080511667,0.9666951045193105,0.9537547550725813,0.9612603310321746,0.9594641942695867,0.970688564408311,0.9797796666977348,0.9706171291249366,0.940363611184085,0.9201514613590035,0.8986222424429833,0.8755493772467878,0.8451979452797441,0.8861540959207287,0.811009687376833,0.899265025615274,0.8944598189580844,0.9102938569237004,0.9137432752398931,0.9174318928682389,0.9225260617891327,0.9081093626846517,0.9226775931220469,0.9359586277893541,0.9535920866997712,0.9444191422004297,
pre_model_seis2_20250816100718_19.dat---0.9766330376626057,0.990128423143942,0.9811043851080652,0.9905923590322556,0.9911924301730726,0.987735757814785,0.9918245004638936,0.9901844053733566,0.9920137409981211,0.9934969883658501,0.9929626349109778,0.9923432942488217,0.9949477287695251,0.9876888669615888,0.9938684789214827,0.9910645586122738,0.9757866186598388,0.97180065029726,0.9770200496011894,0.9842449229011592,0.9876090162261881,0.9920987144534628,0.990649874131897,0.9902309227938583,0.9924969558781646,0.9785321009861148,0.9770797370719768,0.9621680830788053,0.9719103500100322,0.9678248935979794,0.9741975731238138,0.9731590618116555,0.9746770025266466,0.9837059895084882,0.9840902016141722,0.9845462367819732,0.9819214757874323,0.9776715909899962,0.9674267248219286,0.9719705010863516,0.969436724550621,0.9829277454354054,
pre_model_seis1_20250809165442_886.dat---0.9308612531799332,0.9515052593008242,0.9603676054925491,0.9737035434529528,0.9659326309024455,0.9658539309690043,0.969676014375063,0.9487065793659755,0.9413322089264183,0.9679787512562575,0.9677586632090527,0.9774763128274484,0.9894796024931902,0.9966863920730291,0.997000296056895,0.9913895113020932,0.9917500885244811,0.9695584984765827,0.9625130406657517,0.9585595887262177,0.9727148224150233,0.9798496186811487,0.9809955570670287,0.9904529292449742,0.9918979581998563,0.9906722256166406,0.9840557871513661,0.9751629261628475,0.9658939927243153,0.9697872690911126,0.9607927517271337,0.9496636112846473,0.9426220893736584,0.9455450644001276,0.9668792856784663,0.9810734203044955,0.9834311329319412,0.9864019023201624,0.9910662645362852,0.9923421004682488,0.9865534126694523,0.9723400949664659,
pre_model_seis1_20250809165439_223.dat---0.9904081932868305,0.9925008904696727,0.9911882727801654,0.9895762784590402,0.9883251544047654,0.9831551816039872,0.9850217452983951,0.9798641403644684,0.976819540710282,0.974110584826308,0.9780724282696073,0.9791360066344522,0.9939919234403087,0.9949001467608146,0.994188002272075,0.9887672179805994,0.9844951773436248,0.9870221753513584,0.9925253930777508,0.9797478983083383,0.9740267180918412,0.9528803327175599,0.9368145614983521,0.9566283648377523,0.954397562027772,0.9520563514185274,0.9633020939612357,0.947573054084215,0.9480155458581778,0.9598444305480777,0.9656858963849402,0.9500487093384201,0.9567459762234538,0.9645888961840139,0.9443931115934593,0.9590052171901958,0.8296294690718222,0.894865262123842,0.8359490609150224,0.8234100787804675,0.8756203357266915,0.9577877409809437,
pre_model_seis2_20250809163933_52.dat---0.9882674510922013,0.9722052209513752,0.984626171811935,0.9733700746542013,0.9717290222602443,0.9711786953898152,0.9498724162281549,0.9516872068054514,0.970663170418143,0.9828815446810537,0.993504716983522,0.9948836755272318,0.9924309109818059,0.9874689460010742,0.9929873364417746,0.9921746559649469,0.9917735730697687,0.9883426377131329,0.9847310429653844,0.9939047733788616,0.9818592496481355,0.9835441547210358,0.97354140687363,0.9563093518648161,0.9360803359709879,0.9439324869629269,0.9724628145240168,0.9912638337957207,0.9822409526949692,0.963985185934079,0.9456008236005516,0.9552872042131282,0.9453672620925186,0.9106574040894229,0.9413905724629082,0.9379390807524407,0.9481563765609929,0.9571793243046784,0.9628266407385309,0.9744641813227548,0.9798449980015291,0.9700638264499964,
pre_model_seis1_20250816100519_98.dat---0.9727096488148121,0.9828477072435151,0.9839377397356448,0.9877116309390134,0.9864158789412314,0.9897922039331265,0.9835654195133037,0.9811360727156283,0.980212198131813,0.9817367286142241,0.9608153456630313,0.980523041811426,0.9747799820438814,0.9898539973334789,0.9882053928153266,0.9812514120024253,0.9771703956569303,0.9837442492989004,0.9885714835217305,0.9891296235893712,0.9883087470967631,0.9823136208692517,0.9590479996696004,0.9720565785173902,0.9715666703667569,0.9449843423069714,0.968727045601412,0.9578864045699275,0.9678068966294235,0.9685722951061679,0.9809596466136139,0.9774185355496492,0.9783706235837437,0.9684936226151025,0.9686775092543222,0.9645754090859064,0.9505639027795959,0.9474172480116381,0.9632811408257914,0.9623805137225107,0.9660829496160548,0.9744780940173267,
pre_model_seis1_20250809165448_306.dat---0.986804335081419,0.9732292591079401,0.9859824628492305,0.9830015112029903,0.9820201821782822,0.9829161401539382,0.9803123518332727,0.9865768118402489,0.9921120761817949,0.9947369838207046,0.9970053413848549,0.9947821916399305,0.9923381772301821,0.9965839694325359,0.9982674079585648,0.9972532267733608,0.9985407460476127,0.9988150132615743,0.9969215288961278,0.9968460284526465,0.9959362019860414,0.9943178236011907,0.9890138546967102,0.9902827619602573,0.9888755327349368,0.983883246196098,0.9836649530141319,0.9711067409024837,0.9648365578663706,0.9600626332059451,0.9670843579550212,0.9590700419492443,0.9589360102848903,0.9729906991629284,0.9675744832941566,0.9744609099475132,0.9707306949099568,0.9541998081086966,0.9622510979000484,0.9668437067298387,0.9561950200691456,0.981642997117142,
pre_model_seis1_20250809165457_509.dat---0.9639504628663246,0.9859232122661086,0.987994470565981,0.9896267894389861,0.9931677443747341,0.9938327236588053,0.9946995948615558,0.9929873690097847,0.9942321131723465,0.9936139549147708,0.995360405090257,0.9959259204895606,0.9953848160086856,0.9944999917808584,0.9951917037286899,0.9948044532554808,0.9897841873864356,0.9874942962961305,0.9824202736142155,0.9744783799827651,0.9772834716210665,0.9793866995910876,0.9734186609624618,0.9659567269730812,0.9596292511549183,0.9722558471758552,0.9509139078319139,0.952726988881857,0.9356678022918276,0.9330551668362301,0.9042449287843001,0.8626111514907556,0.8228620572113818,0.779016021402015,0.7535350091856452,0.6945237392683725,0.6332691199340531,0.492379406111885,0.45067471436397716,0.3597414224871136,0.3038739588626659,0.8890829003703649,
pre_model_seis2_20250809163936_483.dat---0.9933661941740334,0.9937089734499803,0.9927225626395366,0.98648606993148,0.9853562246952948,0.9871150638423989,0.979999041193555,0.9740619972308563,0.9837762737662942,0.9868316416710544,0.9859384432084363,0.9858756606056669,0.981697487243963,0.9777896250846063,0.9816958540938003,0.9755531088979942,0.983018991423863,0.9865676889045815,0.9873596355112338,0.9749905982925526,0.9798298970801534,0.9772748125403518,0.985353331524772,0.9900725952034545,0.9934194433120899,0.9936733411710916,0.9908104692990395,0.9882301796199066,0.9861111878155535,0.9879138936194616,0.9880800744116873,0.9896054726355408,0.9860213017992691,0.9857017564928642,0.9847199043201715,0.9847207826583104,0.9851745888378827,0.984387524583428,0.9891612797010476,0.9877771995229184,0.9905670791648535,0.9856711524676837,
pre_model_seis2_20250809163933_876.dat---0.9780041830881823,0.9557081735397954,0.972364901852107,0.9698084680952356,0.9647674424858688,0.9480266365630576,0.9464961391405281,0.9354330271528507,0.958848155589385,0.9602765838632967,0.939709159486526,0.9183702036401709,0.9386388428249718,0.965440194168016,0.966500682835031,0.9574769543098424,0.9186805432116684,0.9177697994068112,0.9403149038197108,0.8982566629955098,0.9126484351505357,0.9477910593164085,0.9538211956797191,0.9526932797397057,0.9586765485618612,0.9611406704241053,0.9543074454406979,0.9443078314390091,0.9324966315714657,0.9171312054839994,0.9221618015959708,0.925533703352717,0.923406792611545,0.9525472173845967,0.9609092086197581,0.9619502610689191,0.9100010505684973,0.915381927158494,0.904112821119465,0.8727348932531063,0.8871986227146139,0.939557177081067,
pre_model_seis2_20250809163921_136.dat---0.9700697425635837,0.991371988729746,0.9886783568877311,0.9891290943201119,0.9893114720373919,0.983123424046938,0.9822280945227845,0.9799873276220857,0.9743765920926776,0.9678730465268031,0.9726977889587193,0.9741478791473267,0.9810709255890412,0.986233685542327,0.9862409324858348,0.9900727784813551,0.9911278629302741,0.9923020673073452,0.9948222301569087,0.9951369242812154,0.9936012850589344,0.9930911960267381,0.9914725589229659,0.989527296828613,0.9871973916197919,0.9851420414640565,0.9746854449015298,0.9695879036711025,0.9677474088180315,0.9675049798490326,0.9659253949024836,0.9451659852133377,0.9743742030608606,0.9820244368267186,0.9784370208101756,0.972508420093553,0.9804256278644684,0.9584470570957605,0.9773472741126331,0.9707445851098672,0.9774866097704471,0.9800596667378365,
pre_model_seis2_20250816100703_45.dat---0.9906795729394702,0.9838081489091777,0.9908384460396692,0.9909974834985229,0.9886672998710329,0.9865279232061186,0.977861717628821,0.9821248932729916,0.9713364498953013,0.9739752874606932,0.9774039029897742,0.9852094731293229,0.9939955883102906,0.9882135100056146,0.9604329380252699,0.9754891916194397,0.979080262354957,0.9817780105088564,0.9767821537526972,0.9818498256366935,0.9722931577941629,0.961141750055204,0.9643180250545769,0.960926374877399,0.9417840928136704,0.9263011740861727,0.9119442991415391,0.9399087864775538,0.9352937725139823,0.8933126442750664,0.8844429335518663,0.9035788497069157,0.9002809283414926,0.8919914542362991,0.8981794216498236,0.8418753145064265,0.9123755718831593,0.924702826796103,0.9318855859341276,0.9505644357043395,0.9507997543223722,0.9520720300677308,
pre_model_seis2_20250809163939_150.dat---0.9877194210516833,0.9798292262447765,0.990020583984688,0.9843052019019697,0.9858599080584086,0.9842347927361838,0.9867205451992013,0.9827665102246271,0.9844555085809565,0.9826185452450266,0.9786869288226355,0.9662623458391355,0.9549848639705176,0.9788479025611714,0.9734267429886241,0.9828049255212727,0.9960278337643064,0.9946097555437412,0.9856128742304735,0.9801732352728123,0.9428693275206317,0.8941518660462239,0.9198047649094184,0.9189533434078337,0.9358875495519287,0.9403301102582534,0.930869061941433,0.9222215580992202,0.9354049193768466,0.9302666934272683,0.9390824614264666,0.9395449992647439,0.9657025497180168,0.9679908022466679,0.9338629087549062,0.9072934501062755,0.8988762444081626,0.9010246750350449,0.9404508426798897,0.9319059056305918,0.9561970590863846,0.9559185059667906,
pre_model_seis1_20250809165457_804.dat---0.9862519695900634,0.9888834675910363,0.9928541003025313,0.9935525315895575,0.9932649113152687,0.9918964279215654,0.9917838814582809,0.9907250808051131,0.9900431204414479,0.9912931650123684,0.9921831960626194,0.9956914300145872,0.9962685804459115,0.9947786395326655,0.9976631134069953,0.9966850525149997,0.9932390184658403,0.990775537820145,0.9899204805890478,0.9725233936880628,0.9697747856002296,0.964372512539161,0.9620518167112138,0.9699805857890039,0.965965279514876,0.9631239554085086,0.9467326384170854,0.9633069194106932,0.9492474205802719,0.9666237740371872,0.9714234554163186,0.9706305468362039,0.9456977212444677,0.9456553222276057,0.9562238034645947,0.9635547933868872,0.9621509647637339,0.9644514932132816,0.9649771697159623,0.961934378485463,0.9589758822316995,0.9760276175015262,
pre_model_seis1_20250809165454_215.dat---0.9313935355122414,0.9667221979817484,0.9430443921594415,0.9534609877646848,0.9725261946838085,0.968127029791398,0.9663981755022074,0.9717895181325805,0.9608297057607125,0.952949166330696,0.9523972180387347,0.9238157052811597,0.9083821950962301,0.951423623555185,0.9547699637484164,0.9062526234661681,0.9247418588638676,0.9308607029609038,0.9295100925950573,0.9383626087533704,0.9309164638969989,0.9480373880976264,0.9636721110749092,0.9568329613705215,0.9623452542751153,0.950428386063247,0.9546780226437639,0.9678257356626967,0.9692399841706555,0.9697080563943957,0.9673620085628295,0.9567341865671668,0.956822997079301,0.960599339233581,0.961501097215541,0.9648290317331605,0.9637078566081353,0.9673126149565104,0.9692309176965327,0.9644730445859501,0.9600745799593331,0.9530265739957704,
pre_model_seis2_20250809163927_627.dat---0.9632991180822654,0.9332374991286277,0.9418441624837971,0.9342646329820933,0.9134499836774385,0.892010824021512,0.9328516907936302,0.8874542186755282,0.8890776745529612,0.9290207124471066,0.9537877597478307,0.9682704309176324,0.9848608029027872,0.9826956730628968,0.9831056074140844,0.9781703382872695,0.9728340224742358,0.9624098645617394,0.9719602080811336,0.9756021546257072,0.9725578405463551,0.974113802776463,0.9670020785317816,0.9669770201004456,0.9660853396581611,0.9609154186810269,0.9619829563713445,0.960842596595612,0.9580000340060894,0.9688647025014764,0.9467655235569754,0.9515026009973199,0.9434404081428074,0.9492308972457802,0.9693627341607978,0.978837002596004,0.9770004896918719,0.9803251411842578,0.9790930174421433,0.977649820476299,0.9752659322083599,0.9569761643022354,
pre_model_seis1_20250809165448_817.dat---0.9954082474758389,0.9932541014729759,0.9963635801573685,0.9966172481479945,0.9962821995376152,0.9928330276250616,0.9952119824782177,0.99194736442475,0.9943445740722311,0.9915418351117936,0.9924806549584342,0.9949016845716664,0.9932581999725202,0.9932671933672341,0.9939774276742857,0.9879478403968001,0.9937473294311326,0.9953798429348035,0.9953689097280026,0.9806090018867809,0.9791162976039418,0.9822907404667229,0.9832593103998662,0.988633273326986,0.9719311370446162,0.9710030549223458,0.9681151059999219,0.9652203822497744,0.963005328726542,0.9437527300164067,0.9441473353097347,0.9524836770970551,0.9417146021183915,0.9480475230804017,0.9513291760141499,0.9532906536305007,0.9327081005750504,0.9142580220605492,0.9127534129652032,0.912676709433341,0.8992346319235768,0.9717978890339167,
pre_model_seis2_20250809163924_46.dat---0.9502542780633398,0.9519727995447835,0.9547610598708947,0.9593935160882623,0.958519582236651,0.965841719604838,0.9787735395448794,0.9894782746605901,0.9928587468123128,0.9904245248025046,0.9939128447294034,0.9920036267505613,0.9973663887815621,0.9925460830481077,0.9897456430660391,0.9909056568609051,0.9908617432440177,0.9817510839668658,0.9688480809353519,0.9785655204758495,0.980048029830523,0.9840601780370105,0.9762559663158026,0.9775591641810035,0.975956304081049,0.9344946138697816,0.9461299210231764,0.8184844356958941,0.8794675873127192,0.8468088946068263,0.8678559366811381,0.8691788192875437,0.8929048087946315,0.932520656874001,0.8954981188874152,0.942822209677721,0.9475937937756899,0.9583186981192985,0.9444407396644267,0.9430084052041856,0.9399178102876559,0.9517587757389077,
pre_model_seis2_20250809163927_557.dat---0.9740202045326518,0.987618112052995,0.9882437347520487,0.9835589897275873,0.9885327830344091,0.9868615557705238,0.9840266824479714,0.9778822470959643,0.9674297792660486,0.9590754857338204,0.960589211396709,0.9653297414794925,0.9843860858450365,0.987776338675875,0.9863706925738956,0.9946288817418103,0.9974149352066989,0.9771033522509097,0.9478044127625881,0.9690397902290091,0.9782049171913635,0.9755004653336861,0.9736750281679691,0.9638790263683074,0.9584346222714872,0.9660819907939703,0.9399133401691881,0.9439464720833989,0.9583962200329805,0.9744070056838383,0.9756764852703141,0.9553387184363819,0.9508029958390084,0.9338763473149018,0.9493303402572124,0.9275543109307819,0.9081892926512776,0.9154949992474635,0.9191086562997954,0.8983594533820293,0.9253884012213249,0.9624207830615298,
pre_model_seis1_20250809165451_184.dat---0.9873205962177595,0.9864061300114794,0.9865020794960795,0.9719647264996595,0.9854935586765462,0.9757477558138893,0.975412213060134,0.9777817545473786,0.9734540826000362,0.9614469973475148,0.963215653084069,0.9635880288733248,0.9718906283563115,0.9809104521900992,0.9943074965665541,0.9951694726631815,0.9955664650109242,0.9882668914740838,0.9873160903925698,0.9894800594042726,0.9960850984575741,0.994174046335245,0.9844135895391212,0.9868155283411679,0.9616537805763958,0.9786036671414794,0.9682958318689909,0.9784566137340891,0.962446087320455,0.9794621106672632,0.9782216343444192,0.9611422221994863,0.9706120428066102,0.9652303808345878,0.9639053720300244,0.9568772875913377,0.9294665747068869,0.9437165580865611,0.9701018913157177,0.97417174796061,0.980490906047294,0.9755020513217363,
pre_model_seis2_20250809163936_405.dat---0.9904926424480183,0.9893577414690603,0.9853903362239268,0.9809336339365332,0.974069169033195,0.9677383473437244,0.9632392894353671,0.9652846086069503,0.9561619400842617,0.968841844199326,0.9814471293441757,0.9896559435319495,0.9804424677765642,0.9911184022362994,0.9821597755155298,0.9899725944133468,0.992413950317683,0.9882416969127457,0.9838549102377081,0.9789274877178317,0.9694437396522382,0.9615484105486058,0.9613052005091134,0.9576753820192567,0.9496812764581627,0.9658397949347238,0.9714204429119938,0.9541183752667445,0.9402751389455266,0.9547906099875295,0.9382140132626071,0.9319864942419988,0.9412174029532058,0.9491243926409217,0.952822353687025,0.9536557149379565,0.9524247846362933,0.9518569344093786,0.9457487214094931,0.913166620545396,0.9145437751097755,0.9641610607281011,
pre_model_seis1_20250809165442_836.dat---0.9787522140054965,0.9720101118682685,0.9803193416733407,0.9714373658624171,0.9879558645404003,0.9867090787181884,0.9834723464492102,0.9920741614821548,0.9862986139379897,0.9851494516770641,0.9881468912548602,0.9909421496016505,0.993896313254906,0.9975215997335989,0.9980273190381254,0.9981296953726402,0.998386286125465,0.9978764810431557,0.9929498322233211,0.9940971640202142,0.9947827847197743,0.9920047700775035,0.9958174525613066,0.9880765907321261,0.991436143603906,0.9886312636823641,0.9916483321033241,0.9896204422170499,0.9901422475885654,0.9851209270591257,0.9865576150406714,0.9885874709270389,0.9900660604453055,0.987469101549643,0.9848127354123254,0.9833250581113646,0.9818514728492314,0.974917246516235,0.9644101018659895,0.9742895477466987,0.9616690367210676,0.9868143581320263,
pre_model_seis1_20250809165448_409.dat---0.9540023118077643,0.9640326991580627,0.9558302143210973,0.9615732267181983,0.9618604061643812,0.9732143029568048,0.9572693148402412,0.9622481936321251,0.9781609853136071,0.9825745231781216,0.984515464252876,0.9842866865597846,0.998385350792581,0.9926471474293631,0.9918549251945831,0.9927682708717861,0.9822119384662689,0.9859091347192246,0.9846691028319546,0.9814924830568628,0.9787542865662379,0.9743761612740418,0.9687849472696253,0.9744815051576289,0.9740651632232755,0.9714757826675461,0.9718124856794134,0.9712729254311268,0.9679023479620525,0.9733128580739641,0.9731439004738873,0.9732084877825524,0.9687037930182573,0.9810754516672361,0.977795718664202,0.9785751578563672,0.9814066971238001,0.9813169188296228,0.9809646259517852,0.9863888044735641,0.9781222658916678,0.97601090164155,
pre_model_seis2_20250809163933_296.dat---0.9850740764135982,0.9848223412549433,0.9734963521693576,0.9735257878880145,0.965492622303166,0.9723744610705911,0.965873746778883,0.9680693220903817,0.95719163458319,0.9625061245485627,0.968121795880555,0.9669264309629956,0.9831008214350242,0.9769999724499341,0.9786368976545,0.9845738162534784,0.9917201121137412,0.9934740721192554,0.991301771904009,0.9941464131915807,0.9919177276044094,0.9865722323926707,0.9831977529714988,0.9876374034481129,0.9789083782829843,0.9739877004667096,0.9781572833374885,0.9776210991601177,0.9684233100483545,0.9468105444946218,0.9450286784820644,0.9689928433115139,0.9804606336736846,0.9886625558762169,0.9906633849334349,0.989435986420836,0.9837284575169435,0.9863349921321859,0.9830178648180048,0.9834022976764987,0.9829539401551296,0.9778864302504693,
pre_model_seis2_20250809163921_433.dat---0.9893979892602662,0.9949452426043554,0.9932178763598508,0.9894162043879201,0.9864289257346025,0.9816909046172436,0.9823141546713625,0.9702937369013804,0.9638337613107044,0.9797727672649922,0.9878457427398455,0.9921742598911559,0.992948181858676,0.9950039310494834,0.992331693436974,0.9887955238284076,0.985853058562987,0.9969877801070955,0.984997932674396,0.9854964426301472,0.9754677232920687,0.9780966812503289,0.9810006939207275,0.9701984902949542,0.966020112004254,0.9904567370254002,0.9796599534290377,0.970594636057629,0.9715194651178682,0.9623024760257165,0.9687761919387607,0.9694343908807591,0.9739480828563574,0.9737866242393908,0.9707566509112094,0.9695049055296845,0.9803944788842286,0.9651962033059485,0.9688339581538827,0.9832722300492632,0.974941931948096,0.9799489933416444,
pre_model_seis1_20250816100525_26.dat---0.989660854127167,0.9876888025035726,0.9857354637632362,0.9862353904763904,0.9835268537320786,0.9916666622380022,0.991179577757522,0.9919343339513197,0.9940307089030892,0.9946954815541753,0.9943405092130895,0.9964796724999685,0.9968714082650008,0.9973160236061804,0.9969679513143911,0.9963502730860753,0.9957541074334262,0.9965819645655722,0.9971296161393088,0.9970846013055861,0.9974389013110644,0.9969978004776537,0.9967749191191598,0.9963694945665222,0.9927773130855604,0.9906028537700995,0.9897202694483566,0.9840150178526207,0.976874774494334,0.9691699634301268,0.9551016570167861,0.9536777061840929,0.9283039383642715,0.8998754208458268,0.8038450458904943,0.8576683785821543,0.7712823653471138,0.8253338207116911,0.7983389110509016,0.8540127754420513,0.8810385045181938,0.9580597582425422,
pre_model_seis2_20250809163918_311.dat---0.9762129974153139,0.9871405312062812,0.9792936481369233,0.9813255211043803,0.9858918947739969,0.9865618546969732,0.9849934273824937,0.9797465006422971,0.9830918724692832,0.9749360629551485,0.9723179555307705,0.9764558473536803,0.9871959564587621,0.9797025880883617,0.9714972456633558,0.9782598842246618,0.9785711171413722,0.9823249640353092,0.9837671748466122,0.9565469856632465,0.9705394288100813,0.9643641000914092,0.9586528827342196,0.9813931796996287,0.9694260309582743,0.9783165054030476,0.9736852014119834,0.9795825745311718,0.9606194925918227,0.9623178746219229,0.9736245632174867,0.9550504686095612,0.9624956604214014,0.9508084443126783,0.9627611693129118,0.9776798467452252,0.9800930857035186,0.9696011385288523,0.9698293271754681,0.9686550372981949,0.9677920201122077,0.9737346844409827,
pre_model_seis2_20250809163912_687.dat---0.9970996795927111,0.9943062495841676,0.996937261108971,0.996831604500299,0.9962056326136028,0.9956946594654014,0.9960791328280267,0.993667361483859,0.9909200077790874,0.9903975573650797,0.9901387452392344,0.9928224452374398,0.9891173407198713,0.985285567417177,0.9928364464066674,0.9930936096385043,0.9877269419926442,0.9932681976127962,0.9858564901787943,0.985732029233033,0.9818586991646209,0.9910221257243539,0.9796189445316997,0.9841176456181275,0.9868456778697435,0.9845833150306639,0.9836094568453874,0.9554208794009613,0.9527182149008093,0.9410748173013017,0.9419334349839512,0.930686250233206,0.9315186688861831,0.9210826987612053,0.8906187862538036,0.9384317604931731,0.9447585780643366,0.9479247054285717,0.9558049352380832,0.9565332989418128,0.9355638060913027,0.9726766746283091,
pre_model_seis2_20250809163933_558.dat---0.9778030735850435,0.9895870874405521,0.9922459685358712,0.9910610820928853,0.9899960076872333,0.9930560783707559,0.9855216812364918,0.9867297792286943,0.980277514316953,0.9797429524342351,0.9605397901661838,0.9041760942702741,0.9092573170837991,0.8755133958624737,0.8990179118913882,0.9356577685878348,0.9287055928202393,0.9533838105007214,0.9759710595719066,0.9795609951303459,0.9746413169133321,0.9636532103971155,0.9658102661757434,0.9725834301564598,0.9727403001973683,0.9849673343771249,0.970347208040069,0.9760700335762174,0.9544198371895323,0.9350477784555585,0.905520738916225,0.8862566269511053,0.9261490137552928,0.9076747406336376,0.9573900198371161,0.9671903275277832,0.972945964410262,0.9835091060109961,0.9822012445105315,0.9820112930452936,0.9851471642035555,0.958880046734005,
pre_model_seis1_20250809165430_179.dat---0.9927486527881078,0.9933740889878122,0.9908790964374985,0.9922689925700994,0.9871159229122535,0.9844164281432641,0.98103314135666,0.9606268618736069,0.9532990183146622,0.9736955672504977,0.9662781762634257,0.9894618745799248,0.9925299778224582,0.9922578952090346,0.9909694556740942,0.9901428374755622,0.9822425812764117,0.9822563817512924,0.9791433056389216,0.9780946014244806,0.9819412776353295,0.9823841407519878,0.989161974186678,0.9915994775978848,0.9900565216661394,0.9888337477813398,0.9905087920627185,0.9905856020635795,0.9874570671190636,0.9785072965175218,0.9734068882702629,0.9598261157969583,0.9615433253160236,0.9571850872459253,0.9399636439522134,0.9490876132690566,0.9377272445095175,0.928590975416742,0.9178654730393176,0.9226260723052452,0.8825652162632185,0.9720550831833362,
pre_model_seis1_20250809165439_844.dat---0.9829278154183327,0.9849019954697611,0.9829510144174689,0.986499288933949,0.9875105510550044,0.9872160530379399,0.980189490961145,0.9860160355354664,0.9868604289152917,0.9739990297291985,0.9782203341591352,0.9743772772606349,0.9681227530652666,0.9612628976993876,0.966962997655022,0.9767517988413722,0.9884199824786694,0.9747036764728761,0.9709404185102822,0.9552832521025,0.9489993707061726,0.9310870533440084,0.9342200637298074,0.9049514201456166,0.9065463745828876,0.9107175785679185,0.8982217957403944,0.8648127845118413,0.881435590010225,0.8679821229111958,0.8703272885491238,0.9060627105063085,0.8943823298157593,0.8902879048483161,0.8682590200860324,0.8460529174354966,0.8539648721749064,0.8417713085806601,0.8109515088979758,0.878571757980653,0.8353717162745207,0.9292462092955736,
pre_model_seis2_20250809163918_743.dat---0.9529894554647906,0.9790540247904242,0.969881421243156,0.9831231964661193,0.9805469477683489,0.9696525463510766,0.9473636977131061,0.9499753192698721,0.9470393175537271,0.9461797414557485,0.9701171697728687,0.9820835304601843,0.9747324360738268,0.9892563671246496,0.99403769361255,0.9865057419765991,0.9885126551046479,0.98625866218763,0.9820477935847177,0.9818451555196147,0.9866460964517332,0.9896768506970495,0.9850018046280922,0.9816385512224213,0.9727555153536754,0.9773404156915866,0.9801710258028157,0.9811266552986375,0.9763747638913498,0.9838138213820878,0.9873946920686446,0.9897443705451789,0.9902518922998282,0.990421734245406,0.986313172562561,0.9868003515593917,0.988465505708949,0.9888876921106918,0.9907366141432481,0.9902012553304498,0.9911577275705061,0.9794176434648282,
pre_model_seis1_20250809165436_409.dat---0.9924134700212273,0.9908158574290649,0.9907533921779216,0.9875361630525236,0.9844162726283805,0.9738730063078357,0.9611443817310755,0.962553810839531,0.9343652238258086,0.9561267066424911,0.93125581239471,0.953174566613303,0.9453708523978079,0.9537157304228756,0.9347705535030072,0.8667957122580758,0.8824088993602173,0.8930693495108034,0.9115935045646864,0.9256557612033067,0.9240345624236413,0.9059201008257048,0.9222543946645146,0.9240673526560159,0.9047357477209379,0.9176676710582724,0.9141149699749263,0.9068006325096032,0.8537521752627436,0.867104716756798,0.8454546561762813,0.8070390398974984,0.8091160749022205,0.8497291972143877,0.8385238821312848,0.8361175800395664,0.870105731935903,0.8684352552747775,0.915070169373335,0.9172368856063436,0.885282208977301,0.9125456593235781,
pre_model_seis2_20250809163921_336.dat---0.9828711266151097,0.98508677850246,0.9829695386009789,0.9837447085735576,0.9890602684736939,0.9835208905472907,0.9824344679213824,0.979914317034276,0.9785858141673368,0.973922934663299,0.9717274473917477,0.9675594752275424,0.977085082090098,0.9868699601810803,0.9924773683690209,0.9767826864620577,0.9801247987344708,0.9837745125971397,0.984895611546217,0.9706340962734955,0.9735105887680657,0.9845089784566716,0.9824686199469276,0.9681142258761497,0.9662420814427809,0.9695513583905057,0.9685230941866094,0.9771533618119378,0.9808162095238574,0.9852424659214695,0.9859423423339506,0.9875971984591443,0.9780791777967048,0.972699669701007,0.9755884196579541,0.9731317600860382,0.9689165423058756,0.9625645164016364,0.9631775321231358,0.9621861174588532,0.9661654412347312,0.9772249167282016,
pre_model_seis2_20250809163924_788.dat---0.8531880624124007,0.9367758827970949,0.9202203487397413,0.9291473754482538,0.9275020560204623,0.9242868660680119,0.8511046938757634,0.9149608612776479,0.9401084597093845,0.9461172377808041,0.9482588548543377,0.9579061103589686,0.9778320168943104,0.9839387316654528,0.9826567367578785,0.9916578898453593,0.9964417052171056,0.9987438523928076,0.9938253583805111,0.9828636153410695,0.9692202847826143,0.9715765283502351,0.9669684931904848,0.9654634850917262,0.9647640347995765,0.9626446071263132,0.9131267302536952,0.9104474440328144,0.9266875958754236,0.925829813217762,0.9298276827883752,0.9133055270383446,0.8852825444262742,0.901163540554398,0.8588435894620468,0.9003686807162812,0.9207181868594593,0.9128941938317876,0.9272063598936685,0.9260841406491866,0.9073033979370386,0.9370064287003628,
pre_model_seis1_20250809165442_803.dat---0.9885075706461632,0.9924584810475674,0.9888528294601239,0.9913351134523665,0.9900834764041702,0.9849542005008871,0.9920842309467702,0.9901040108352506,0.9916974908508592,0.9876928613529999,0.9901760517975742,0.9886115644260549,0.9900711108205418,0.993980270840816,0.9953113047538121,0.9934718213231795,0.9927098844466036,0.9794519976005511,0.997416965999692,0.9967555564990666,0.9872312165005976,0.9745996839210652,0.9827718393344419,0.9827978123400058,0.9828004860089369,0.9798980043548052,0.9589231934044828,0.9670854644629084,0.926472320603038,0.9555554764808019,0.9588856281962208,0.952608399321882,0.9440534201217625,0.9385291780109611,0.9378218504468431,0.9464861832673781,0.9106359021703726,0.9489629417124501,0.9140787051243551,0.9518713983668464,0.9521342412030337,0.9724373204721521,
pre_model_seis2_20250809163927_29.dat---0.9862039275110684,0.985725040621312,0.9744516438918087,0.9808154949825852,0.9822905659057943,0.9856532256777055,0.9914357426618967,0.9905448995626086,0.9887901738779796,0.9857846810874688,0.9846661764760535,0.9789068220258001,0.9808809165708846,0.9831940818435352,0.9646247917629477,0.9493756241323291,0.9470027465071752,0.9389351320668385,0.9717170853719523,0.96876545738571,0.9565908344032322,0.9617365370654591,0.9626332685411056,0.9173653695278408,0.9416967348998346,0.930821863788515,0.8878525284929353,0.9273709893409232,0.9162864278632283,0.8994489953500531,0.8890088751658944,0.8211779350885462,0.8029705342216116,0.8364855026258498,0.7812846170202743,0.7834829968970758,0.8602424577682857,0.85653919072948,0.7478914584939195,0.7643134864234215,0.8292008353368525,0.921808918755312,
pre_model_seis1_20250809165436_626.dat---0.9856133611199979,0.9757564952233537,0.9884209921136553,0.9906614898540869,0.9871827357229951,0.9926792208486414,0.9927195716238327,0.9921451722129396,0.9930134297416063,0.9934429992407712,0.9900237966582937,0.9766481377944699,0.971132135438354,0.9755143627060426,0.9853549807105441,0.9822464848398502,0.9783619492105846,0.9833695842123281,0.9900318802915665,0.9804305184837658,0.980209404347345,0.9900382313274932,0.9851168871714457,0.9807803485085725,0.97642301699421,0.9725475031871975,0.9707274082663112,0.9694548091943083,0.9774968425731164,0.9764791967454013,0.9827115122582137,0.9792369107459329,0.980163014118126,0.978674039342351,0.9748494127873224,0.9749478765038282,0.9714511266724541,0.9621078884459793,0.9690980571717444,0.9621152079322157,0.9698486496388289,0.9802250400482944,
pre_model_seis1_20250809165436_311.dat---0.9801274865933037,0.9826758590507944,0.9832158193220992,0.9900095356093389,0.9953804299960366,0.9947526194508122,0.9905653306567517,0.9870828545541884,0.9850651251733075,0.9770563228647162,0.9853587599510315,0.9868223303808143,0.9891231901032966,0.9920410158877494,0.9913580011394487,0.99399447293896,0.9942208835276213,0.9935998980148338,0.9958090130348831,0.9890896119417375,0.98926794536967,0.9874200142232851,0.9899057514089362,0.986866488256163,0.988648929945205,0.9908900684627212,0.9907821921202008,0.9911245052864112,0.9909055375979307,0.9920848004350824,0.9939302432546316,0.9879617715703511,0.9783033599621414,0.9571819628987975,0.9634823212146961,0.9261707674844661,0.9310160899616444,0.8820477123514168,0.890782434312008,0.8615392292432973,0.9208559569604929,0.9748418693295435,
pre_model_seis2_20250809163915_734.dat---0.9825173972733342,0.9719047518932771,0.9918618524631001,0.9888523113381638,0.9906160517554318,0.990704565691683,0.9851696892492714,0.9819135068077346,0.9741053386130171,0.9857941941097325,0.9898917688314568,0.9901989086519483,0.9906481590286519,0.9883685469492653,0.9919448978042822,0.9920467908738343,0.9887127834131766,0.986662328712857,0.9833725058224673,0.9728429950266944,0.9614756023541341,0.9556626683634513,0.9621214899851561,0.9725907227513029,0.9652300090405157,0.9642948251730085,0.9633293296380971,0.9431115426600913,0.95978094557078,0.961516330172883,0.962456673554419,0.9635587875929211,0.9596498306461343,0.9574965116661829,0.959031928655569,0.9568659904427531,0.964218446443443,0.9614381565710232,0.9666986772144982,0.9609935038841542,0.9665129280868943,0.9733210791408973,
pre_model_seis2_20250809163936_621.dat---0.983747327597287,0.9811916752155269,0.9889893244824837,0.9909076154309372,0.9826954872039962,0.9847076900743661,0.991194298866434,0.993900720494438,0.9942650485752978,0.9956288914173698,0.9957170898795783,0.9934459325355415,0.9932310667799252,0.9892967353061941,0.9907440381513994,0.9929491113744404,0.9944600451528186,0.9927058514192496,0.9796715827266044,0.9843016133457266,0.9726732843866832,0.969859259071848,0.9552508085712997,0.96021375653669,0.9645699856524143,0.9635687655111289,0.9608923976677979,0.9542866134864175,0.9497013527867068,0.9554443052099342,0.9692485810750288,0.9298552044691595,0.9337196721091144,0.9278233621881139,0.9497620894137538,0.9372048230572156,0.9014106494096856,0.9449307607370747,0.9464873884990564,0.9529378891166486,0.9460956387951888,0.9692606764336724,
pre_model_seis1_20250809165445_239.dat---0.984915169059122,0.9855678739513553,0.9803262750153617,0.9879590464209169,0.990706438082013,0.988176529854607,0.9889705659016514,0.9839666100043339,0.9884753961808839,0.9892186072599827,0.9741567248043619,0.987763464585878,0.9814999361038691,0.9912523301989381,0.9939592096248556,0.9940536402307572,0.992723051481711,0.9905309426646188,0.9856094357338809,0.9862290066439148,0.9906651802329837,0.9879640023369306,0.9840570769233419,0.9806918465072214,0.9826051940781089,0.9829231880754771,0.9855031731212159,0.9848838625006742,0.9863900695193882,0.9864124465629192,0.9852938192019843,0.9872893493594612,0.9833058514502186,0.9806926438264464,0.9806744004102311,0.981021239246359,0.9810469816224832,0.9789968731431725,0.9707161904880593,0.9777672778117817,0.971925695726156,0.9848021125840885,
pre_model_seis1_20250809165451_737.dat---0.9657386362728372,0.9676369868460684,0.9617624692865411,0.9651225707296599,0.9685574824660511,0.977500568282942,0.9685209250622786,0.9778528790047805,0.9851265463481228,0.9842018350682907,0.9788097186656924,0.9719987469676398,0.9564829684339131,0.9773260752667495,0.9750504011680268,0.9725492602392681,0.978225369356898,0.992499146968356,0.9792113407979981,0.9826840442077963,0.9806521716281118,0.9686300439822987,0.9734780455869102,0.9567628717684274,0.9533026646772267,0.9521039102056058,0.9488232850071957,0.9197849601573067,0.9310461758957748,0.9398541888101971,0.9493813330033966,0.9528674080536162,0.9522800178646477,0.9413917738905418,0.9499745667660611,0.9513998054049214,0.9469590141008689,0.9449863211083354,0.9508395647292492,0.9530237288384644,0.9611894320340308,0.9625753476817831,
pre_model_seis1_20250809165457_248.dat---0.978255968552866,0.969796997895129,0.9741790948055867,0.9756105006800173,0.9858157722647444,0.9772248209860781,0.9756389245389839,0.9784895709940308,0.9803871733427042,0.9721591168042615,0.9702678720027468,0.975614734854061,0.9808019190697104,0.9811503885997623,0.9864235088174681,0.9850135447967727,0.9832193834771341,0.9740135520079369,0.9612636775249516,0.9549617286737334,0.9727549549270135,0.9732358750462978,0.965313075393234,0.9762843475972645,0.9872315562449346,0.9856280825032157,0.99020508925953,0.9872208701124071,0.991902316036405,0.9913484690191382,0.9875185802163146,0.9879290245765869,0.9898723009204221,0.9893184701342519,0.9876480718414076,0.9821821516283147,0.9833215888427093,0.9824104328278365,0.979641980600088,0.9781179277258756,0.9719677173548084,0.9795449056950419,
pre_model_seis2_20250809163918_76.dat---0.9892339626279992,0.9901544954951303,0.9901053650548561,0.9877644685952114,0.9892142307084576,0.9868536772414734,0.9837936971506605,0.9855366855971665,0.9863674447086144,0.9878503085056025,0.9872996511972956,0.9837994318997824,0.9883048828861206,0.9866555805869599,0.987511340395912,0.9895882863760977,0.9817123183620257,0.990545499834951,0.9965932209119086,0.9897983879505661,0.9900749467048738,0.9695363080466266,0.9633338997244312,0.9145217060673985,0.8965633857304991,0.9474876663530947,0.9471555262436492,0.9351304473189069,0.95010975341915,0.9521656172174732,0.9583141703799444,0.9513020855303147,0.9513686176062924,0.8793070651360646,0.8336848642591891,0.8636761371983785,0.878412088253536,0.8324431287439804,0.8328220885139967,0.8284252931046988,0.8225227063713074,0.9477326936100148,
pre_model_seis2_20250809163915_633.dat---0.9829833332037738,0.9765986696670895,0.9774741093086659,0.9752900464242342,0.9672756997931815,0.9658563084996253,0.9496198019781233,0.9649964006916271,0.9633702078813753,0.9531797490042069,0.9603803333082115,0.9753590815091214,0.9836418893745092,0.9910146421245185,0.9931317425722995,0.9930445598386983,0.9954995305608122,0.9909416435742515,0.9956846645607017,0.9967247599932972,0.9911663072683601,0.9915060751972635,0.9860658101407682,0.9861432693514061,0.9855053701055805,0.9869144691616822,0.9822956473663891,0.978840583677299,0.9692578532705912,0.950023358502006,0.9491946194811633,0.9505526112333744,0.919385585560761,0.9121869643062488,0.9391446871727925,0.9319109424133004,0.9200675193677368,0.900157988452805,0.9360846370290815,0.9160071176097649,0.9153222450795608,0.9646292886735675,
pre_model_seis1_20250809165433_79.dat---0.9841325066501512,0.9785156488986609,0.9599418151800719,0.9752935082233324,0.9779492691549854,0.9803487543864617,0.9760397384881485,0.971861098737903,0.96143630457952,0.9383419519326679,0.943657421434485,0.9883124178788206,0.9938107777735483,0.9950357592205125,0.9890345930657385,0.9823694095490344,0.9544163675337927,0.9195192846458828,0.9491611816369843,0.9652094044662048,0.9716423101314385,0.9733669263634124,0.9673040078716661,0.964661931062342,0.968731015325733,0.9662154646075148,0.9628807780323064,0.9675388265607042,0.9660820086442292,0.9541340142682345,0.966801243705543,0.9413535151503558,0.9621250687724181,0.9186618960904416,0.955183756834489,0.927995336453899,0.9637022525882575,0.9689430417248863,0.9775851116340987,0.979008910912984,0.9849303531094575,0.9656886581288125,
pre_model_seis1_20250809165430_453.dat---0.9861702044832457,0.9856998526873223,0.9917850270382488,0.9915214108209423,0.9867332866879248,0.9879038462618528,0.9799206853921258,0.9802494581271058,0.9716314965744735,0.9694104895905731,0.9665240516898465,0.9691082184394112,0.9774341068096696,0.9844148724127973,0.9826815776283004,0.9908947341145209,0.9810601019182754,0.9835938741069497,0.9856852510770299,0.9758002353742082,0.9874442389034411,0.9755614397334824,0.9681249379340879,0.9500434870314197,0.9446361656459429,0.9490261706273432,0.9545531378916351,0.950569498222907,0.9518658399326329,0.9589758742763865,0.9296348403982211,0.962381611232266,0.9483540044903791,0.9279475133334695,0.9277356513711458,0.9286490567553992,0.960026781486579,0.9556138297966191,0.9693153925364356,0.9721809441673082,0.9503485173955987,0.9671027247414029,
pre_model_seis1_20250809165451_592.dat---0.9109973356615448,0.8735381729912477,0.8785021146329496,0.8651404478475321,0.7072480916696612,0.7858216007727726,0.6181600792998628,0.71554084135943,0.789683111706453,0.7914379319474344,0.943442793744957,0.9735725672409862,0.9794521006422618,0.9734259931656969,0.9862466849287073,0.9831029034283427,0.9822042362882443,0.978376960910004,0.972718613777809,0.9735852045790744,0.9764704822124713,0.9668430982329632,0.9763205555804482,0.9807516398423267,0.9799685120268881,0.9845731467930685,0.9810608660687493,0.9750834660011548,0.9789059735287908,0.981093429242656,0.9812019417720568,0.9838195921337411,0.9820650597204901,0.977601966647003,0.9743556704161804,0.969157511057615,0.9663982606602541,0.9654475212065733,0.9565087927921659,0.9599259033953894,0.9586402512043544,0.9302046689543978,
pre_model_seis1_20250809165457_188.dat---0.983767120535435,0.9850621541746802,0.9829155877925093,0.9843354351919087,0.9857206209787539,0.9867226620769834,0.9817495891169624,0.9784917914202383,0.9848639925266912,0.9786511316988331,0.9918180939708909,0.9908291142235485,0.9914826630791304,0.990960052689862,0.9929284948391867,0.9971360747870167,0.9929924480176912,0.9960820627558042,0.995680177408882,0.9931159499216562,0.9945515279609055,0.9852120654394577,0.9849840755669457,0.9682956450486278,0.9694091848219608,0.9727389999583061,0.9763908248841439,0.9758150464173645,0.9756182906466541,0.9801163908670324,0.9832119919755903,0.9798580970854205,0.9776067033586756,0.9691906023147574,0.9558178839358294,0.9517966006789641,0.921265971419132,0.9384349547241281,0.9046706088089219,0.9203742135584989,0.9037594638508163,0.9744981551348484,
pre_model_seis1_20250816100540_3.dat---0.9651474590115696,0.9616184079852895,0.9793310420424687,0.968834874583128,0.9678201858882527,0.9673226319536925,0.9730813431141587,0.9704731440575988,0.9712862443093738,0.9655590925282665,0.976023061227082,0.9926387381455324,0.9903796493513248,0.9922535645117809,0.9948918872324581,0.9899474586984923,0.9890447631928321,0.9779622597797077,0.9429274850550359,0.9195361340145016,0.940794702034969,0.9253363762110528,0.8816351902029229,0.93268084438153,0.9493655642389083,0.9329504478691293,0.9479087074611932,0.9393410713075782,0.9656975881296501,0.9620130438989526,0.9524813100120373,0.9493997523709329,0.9321885770342352,0.9164423306329582,0.8651664177155783,0.8938896440839141,0.8618776129758441,0.9196180293324918,0.8965703890610387,0.9348429767023361,0.9013284301427407,0.9477465471337204,
pre_model_seis1_20250809165433_661.dat---0.974810863925201,0.9664425187799999,0.9559232473056192,0.9699089577993332,0.9537960298100397,0.9424364105003818,0.9356269584179819,0.8815585737404444,0.9330543102965725,0.8957635985302006,0.8861493371671516,0.8510652109149043,0.8459145535559617,0.8702828166108659,0.9621482897847794,0.9654538704430552,0.9752997307008529,0.9676776490206681,0.9733812112549874,0.9713490844962597,0.9602739828401987,0.9528608367595196,0.9365189269367635,0.9272045214581383,0.9247904959603533,0.9365866108433621,0.9086924019288936,0.9156353865641876,0.9184986749781677,0.9260426267049862,0.926837648775842,0.9223109120205457,0.9168866960843464,0.9136991979850495,0.892547059031829,0.8966765625414125,0.8626625867102238,0.8763844749140711,0.8760696647578445,0.8004834822361347,0.7204081038683473,0.9168320506574504,
pre_model_seis1_20250809165445_202.dat---0.9730840972416775,0.9919430098124207,0.9940802073447422,0.9898356629785247,0.9928077982029491,0.9943369430893941,0.993643010281699,0.9930319660000475,0.9933928864254653,0.9915201562675017,0.9930404339795702,0.9913538709358015,0.9943545064211855,0.9967573988401772,0.9973617578781572,0.9957191032081711,0.9954891831998203,0.9970381290165659,0.9980443712012363,0.9956909705294676,0.9913243727107603,0.9917325295718612,0.995867672270729,0.9974706288483278,0.9956315369282713,0.9959861210295562,0.9940571439165398,0.9904918722250972,0.9898876046811295,0.9890362926441537,0.9840230711602803,0.9863035171715757,0.9828169206176253,0.9864668569820793,0.9859375928920382,0.9905679392233124,0.9913716676933698,0.9905732476137749,0.9914323612187621,0.9914629024437099,0.9911128506920132,0.9918556137899885,
pre_model_seis1_20250809165442_703.dat---0.9942047514880238,0.9923336823743202,0.9922663277985162,0.9922537711513073,0.9822191020019104,0.9876191903641943,0.9598846169806802,0.9655748091498371,0.9317008224946675,0.904111130672724,0.863034083380699,0.9055263765097891,0.9518097019566643,0.9683013725756106,0.9696912095715715,0.9685615660133018,0.9610802146233188,0.9544031682108592,0.9329069092610445,0.9333978629170352,0.882562167899583,0.8562976716413422,0.7855826345672974,0.8178653283223618,0.812105172066146,0.8712427759128616,0.7944407005304469,0.8247822955323877,0.8806384099108573,0.8698785449258644,0.8477047571192845,0.8578052567390103,0.8526764514048459,0.8711372954552986,0.8887809106082667,0.9215644216382483,0.9256343327541013,0.9296591392393906,0.94450795312086,0.925241009882899,0.930745484475122,0.9122373995912819,
pre_model_seis1_20250809165451_233.dat---0.9786766590283101,0.9757673117288719,0.9881362511165527,0.9767886501883929,0.9726613478559568,0.9638556699122017,0.9723772907056483,0.970469133840915,0.9653196488967074,0.9656999282188996,0.9604774100973804,0.9797225458554448,0.971927134361362,0.9866610202928521,0.9936870072445682,0.994854420356025,0.9895986524386879,0.9877729140831462,0.97614371097737,0.9676402319288283,0.9614790747335648,0.9606165185725942,0.9557067641193715,0.9591872009383765,0.9482194513141801,0.9653033428163275,0.9591461696394024,0.9485486699959842,0.938301041759683,0.9567746918882594,0.9491199022695368,0.9412198284513189,0.9366304734146521,0.9475679319007159,0.9639289133226301,0.9638452959206096,0.9649093229153217,0.957535112727297,0.9675635315365602,0.9629433105849594,0.9123679113524765,0.9648573512024868,
pre_model_seis2_20250809163936_280.dat---0.9822151552564073,0.981567553519355,0.9580233180624972,0.9869103834330096,0.987995993326514,0.9852233918172298,0.9935513631706988,0.9930360627141464,0.9933551278530318,0.9952899316341602,0.9944604387273701,0.9918144286476072,0.9936885954643865,0.9941992315849989,0.9918330334794857,0.9970990661004209,0.9987316684130153,0.998526388699552,0.9978982259741143,0.9916173533860362,0.9875546060277667,0.990423702858841,0.9905795402113321,0.9890753022761737,0.9869404166663226,0.9863804512612637,0.9865373046229292,0.9895959917333198,0.9894152893040602,0.983692210416575,0.9761599157359399,0.9838689407244121,0.9867297500625485,0.9812334100699184,0.9747922286509001,0.9738214128225139,0.9557742812662038,0.9464942117828327,0.9558279351907409,0.9296254586821258,0.9304876055142509,0.9824889433450003,
pre_model_seis1_20250809165439_97.dat---0.9739076649289647,0.9273614531742335,0.9643014421243253,0.9613371994921575,0.9633583008957998,0.9516455625783103,0.9528281085270307,0.9556964688329039,0.9545192975229914,0.9537204735087401,0.930574007579156,0.9520653644980919,0.9755883128325593,0.9768068534061143,0.9912269856220808,0.9849287765770596,0.9863126751724426,0.9728112596217355,0.9601874909553122,0.9661253175603367,0.9806456326435522,0.9815587993829471,0.986826293961598,0.97623258943514,0.9778825984870015,0.9657384578672049,0.9740378938568154,0.9524308572978848,0.9440218120487569,0.9541173562730054,0.9648465048033578,0.9535070802933369,0.9319857488483464,0.9280913585874264,0.8870316139596479,0.8597986252650681,0.8964700051000326,0.8893611728355866,0.8933471743110879,0.9008737378963559,0.9022748729893483,0.9501556878427768,
pre_model_seis2_20250809163912_337.dat---0.99761551198652,0.9955674659380703,0.9956260529432921,0.9949768478073119,0.988498269197425,0.9900251668427941,0.988476393674859,0.9898590156190555,0.9933482151389763,0.9936889006531625,0.9933721660008854,0.9966767652210624,0.997229390485826,0.9973796091306932,0.9977981651163442,0.9975427184866253,0.9973343392737498,0.9964091602503328,0.995334941876676,0.9938580681251221,0.9905797930607715,0.9870998626584896,0.9859691891108828,0.9631099161620761,0.951240785882,0.9357265858434356,0.9189753874235478,0.9004705777772457,0.906108799812345,0.9231762197914124,0.9491982544581256,0.9539975174961626,0.9613333626050526,0.9704840479399041,0.9623210404945123,0.9691185072657804,0.970525015822005,0.9567884628043868,0.9600108734853549,0.9621248141122236,0.9603221000472418,0.9738853238493108,
pre_model_seis1_20250809165457_514.dat---0.9722678987071128,0.9150591599873726,0.9436675609415979,0.9523825505214278,0.9279927009913127,0.926459513786126,0.9571588417733194,0.9420815382854608,0.9327040019960143,0.9526650741099607,0.9875961008139723,0.9827293007789379,0.9677541441607903,0.973552408552596,0.9787132210833577,0.977029729855002,0.9799174483407187,0.9869753556784107,0.9768216215270864,0.9760551130655496,0.981778371021526,0.9751164061498048,0.9724944162018976,0.9610726347728225,0.9256898039745765,0.9261712070686912,0.9511918841521549,0.9637330002246399,0.9638371625452258,0.9622413785389518,0.9627439408037473,0.9619637423816568,0.970269923406764,0.9800993195422607,0.9625188154174084,0.9550938734311389,0.9560952340377672,0.9465286981723594,0.9493386667178086,0.9465760788014226,0.9584908070641872,0.9595763085215351,
pre_model_seis1_20250809165430_394.dat---0.8686007993884265,0.7432223256810961,0.8184538287506883,0.8407031125016896,0.8880152489949759,0.8877754690516821,0.8284263366323086,0.8790539138051819,0.9176047040852042,0.9468921439090418,0.9529322164084942,0.9624366246404014,0.9924239163337033,0.9913928832781612,0.9826781551567334,0.9760652889300507,0.9815291797292147,0.9757596946654339,0.9745002447131494,0.9700802551036933,0.9732465142029338,0.9635962044949898,0.9356303640567726,0.923155340727629,0.8671471748025767,0.8309276778047552,0.7905476011464393,0.844420547750856,0.8948270372942926,0.9003096682237945,0.9282622414376371,0.9265477040645552,0.9130938973267989,0.8889289285555483,0.9199530331895385,0.9044637311382062,0.8886742170588703,0.949334851107276,0.9353130330978879,0.9505031825614436,0.9587619604536759,0.9138095427379465,
pre_model_seis1_20250809165448_652.dat---0.9824723687488711,0.9948513747996616,0.9893550568150943,0.9936844731180028,0.9898671440508057,0.9863747933168978,0.9921172714537014,0.9896732677650344,0.9867127850989392,0.9904863355936192,0.9952550098704964,0.9950593060407898,0.995615194943096,0.9929546999040203,0.9938483100448915,0.9872559057609009,0.9959273215835565,0.9952099242402551,0.9927626598267353,0.9901988093677127,0.9876529844413618,0.9828370796166543,0.9792913385011409,0.957360473994391,0.9467025328003756,0.9257913489992232,0.9257359955160698,0.8959124703542487,0.8463270264371497,0.8389339080100972,0.8922704378537222,0.8259317491648273,0.8725190398786051,0.8951017073100026,0.9027555012102807,0.8947033691898435,0.895629495009124,0.9256533486894788,0.9301474017081192,0.9497484790474408,0.9497952256299006,0.9524508030659788,
pre_model_seis2_20250809163927_164.dat---0.9968133308707388,0.9948759537849914,0.9961337978480992,0.995731556558028,0.9955997985695518,0.9922561548595998,0.9930953963617989,0.9921976700822567,0.9875620999107918,0.9855589120044174,0.9827620160910351,0.9745880490673251,0.9709470955509109,0.9846835144016678,0.987210346593964,0.9930427310280764,0.9955357585999557,0.997193250894257,0.9989512375899473,0.9988185072776482,0.9949034836529695,0.9933634697081591,0.9903956938001118,0.9775885292964969,0.9732787833778189,0.9782256926318197,0.9872067216047288,0.9845032202624878,0.9860160135636511,0.9816096450437335,0.9785430158363084,0.975425085689936,0.958040197577484,0.9496858892825744,0.9093066166148469,0.9015934746679293,0.8633309000378693,0.8545971575143027,0.8729479811574751,0.8559852672901186,0.8477275741029303,0.9665324778209465,
pre_model_seis1_20250809165430_801.dat---0.9789963957791232,0.9804742807486895,0.9648171627475596,0.9596050630141684,0.9504016364765195,0.9639342554129967,0.9400312543105468,0.9677001614495094,0.9696733296062647,0.9555123830293664,0.9632791036963512,0.9733401259116105,0.9775713548460656,0.984603243779626,0.9883219310925611,0.9861419523237723,0.9935762864518121,0.9864631385321058,0.9833427282570427,0.9934885479355968,0.9957254143952524,0.9941501759361285,0.9913510122298761,0.9910702732445168,0.9865410255414319,0.9832873447343274,0.9819764629194991,0.9728487043451729,0.954222639549471,0.9598421359921255,0.9587531761118531,0.9658644253599263,0.9766696112140751,0.9756120089686193,0.9627350149057093,0.9771500830281707,0.9772282712507095,0.9655014294220178,0.9636044537470994,0.9520092522983598,0.9557192816447675,0.9732472324936684,
pre_model_seis2_20250809163915_533.dat---0.9853850288862603,0.9838966489263615,0.9894548743075319,0.9785031907514393,0.982063221785057,0.9822830565286456,0.9730527106700586,0.9689596632485378,0.9566655846212563,0.9700982670686636,0.9744902946129186,0.9531432705673734,0.9446885168804922,0.9470655332668888,0.9525909612114618,0.9500190427627857,0.9734464553621871,0.9838525551145907,0.9671420733494973,0.9555192779929489,0.9451382251827611,0.8993803891133,0.937051458486835,0.9260270064322049,0.9704329225066641,0.9758475121317964,0.9834046608254853,0.9762462466105837,0.9774709867568144,0.9835187818340949,0.9798114479855606,0.9825000573956245,0.9773980104428046,0.9650966554070304,0.9550216019194929,0.9435561115196662,0.9766753552632335,0.982366757907998,0.9874780253310982,0.9886570614009049,0.98826632156993,0.9676503859497279,
pre_model_seis1_20250809165454_7.dat---0.9875530510239877,0.9904924190929197,0.9919355515227556,0.9932494677698488,0.9945012434335915,0.9949670738396705,0.9938619829106147,0.9921587961981425,0.9880623767466352,0.9852738974910429,0.9804437571658057,0.9838545521438045,0.9786291702122402,0.9782706833947219,0.9738991535456892,0.9424315446816977,0.9501657360413619,0.9252801516882517,0.9728157323922338,0.9682027279784932,0.9571743511240512,0.9459125758710675,0.9700331665665199,0.9664708474959726,0.9636644933209292,0.9772567154221368,0.9626694090742575,0.971047555235557,0.9704533548695162,0.9541915189287971,0.9457854731663389,0.9507406083100542,0.9227488019548041,0.922607806882777,0.9406351840423295,0.9457648770769342,0.9425858218053422,0.975283789924614,0.97701674119365,0.9824583941222831,0.9779405955202581,0.968011979297115,
pre_model_seis2_20250809163936_631.dat---0.9870317266066927,0.9895996884548649,0.9817397367898568,0.9866922063264737,0.9795812437468854,0.980308756110732,0.9825121675434526,0.9783460681975019,0.9682131935536862,0.9706825483573156,0.9499577134743661,0.956601467961742,0.933481473884172,0.947875796332516,0.9780561048879672,0.9908367714415633,0.9881044143235966,0.9638229367165546,0.966272881196097,0.9724683295965016,0.9820622743424766,0.9678958051588087,0.8970667222039164,0.9017648043397286,0.9359866142887665,0.9493850329764187,0.9500961883824363,0.9441146174059029,0.9466003130241291,0.9139609349966691,0.9420377841862017,0.930322960990404,0.9150707477682218,0.910731567430976,0.9080933451478516,0.9104293772255955,0.9090501060749111,0.8965091617719195,0.8929358133069336,0.8886996131265792,0.8928657216072396,0.9472649934453319,
pre_model_seis1_20250809165457_648.dat---0.974670176662741,0.9727602876601399,0.9770277249467073,0.9706610676923069,0.9627621157554717,0.9194482605397826,0.8846711316316452,0.8982514606924802,0.8526143952788923,0.8793113762154979,0.9041878735698651,0.9167268065208513,0.9143836513920943,0.9548748705952714,0.9754025628815945,0.9853162130978329,0.9823723395907576,0.9836547053477178,0.9818871730785245,0.9776793034531912,0.9802596601790231,0.9857659301997687,0.9913135268434954,0.9878599465116296,0.9882012547350438,0.9824310430374343,0.9825220739799128,0.9772009038925829,0.9674224846448187,0.9684125401979345,0.9618047582836814,0.946789646472488,0.9455477339387892,0.9392770583433656,0.9478099990328008,0.9454382480356817,0.9116393412076049,0.926569569798672,0.8521246422387541,0.9027290639504818,0.9020157400850732,0.9478487478588389,
pre_model_seis1_20250809165448_688.dat---0.9752448176525798,0.9874520412624946,0.9910090408855534,0.9873140520825627,0.9877120464165312,0.978049234321649,0.9757538857245955,0.9480610620384817,0.9356986489526163,0.9023949815343651,0.8150074315574446,0.8049195919475113,0.8729336290146739,0.8832591921301532,0.8823155665699137,0.8712204281701721,0.8413934111926733,0.9017570817108519,0.9018385087446168,0.9326714490076393,0.9201169458728101,0.904259896663438,0.8523181512705847,0.8617572173663446,0.8362452653230996,0.875665077375327,0.8701484340902857,0.9083765374095656,0.923784851705483,0.926682835141916,0.91342359285342,0.9083238189852387,0.8930259587649607,0.9195463007207181,0.9161388595237028,0.9051382556284948,0.9292476021504882,0.9361855142040525,0.9390526916456399,0.9476841306771852,0.9427948048039778,0.9123395815388736,
pre_model_seis2_20250809163915_267.dat---0.9872417277550217,0.991431657391297,0.9763298440429309,0.9904849344838265,0.9909144296781233,0.9880752325211035,0.9877901604788939,0.9881726812061764,0.9876488797020123,0.9847768648655832,0.9817857695014587,0.9749276324957986,0.9699964528578172,0.9804194991177896,0.9787544683635425,0.9590300306333723,0.9806176988302385,0.9894761098473045,0.9873054490236557,0.9794316893467547,0.9718002074081603,0.9392064698448158,0.9406956021030534,0.9481289743152547,0.9518675109387545,0.9610595337366578,0.9433857147096127,0.9235303640979685,0.9035547436985685,0.8581220490626653,0.8517231655961238,0.8975276831798608,0.9025659201823195,0.9096532234812611,0.9112901052508916,0.9099175298933263,0.9145404816019213,0.9185223163077388,0.9202861881237352,0.9391900968547439,0.9436636797803984,0.951581531031964,
pre_model_seis2_20250809163921_643.dat---0.9717785399726552,0.9861346131407387,0.9758594144342723,0.9872514686662863,0.979929017546192,0.9821122410001898,0.9842807393170839,0.9770004359466948,0.9836223843657094,0.987130892392874,0.9877124603001077,0.9881432610324418,0.9886266872843791,0.9853476161218618,0.989413630075065,0.9908823866581496,0.9956954673639735,0.9833015084477134,0.9860351960664279,0.9833411391033908,0.986588728710967,0.9768285289131822,0.9717092464158372,0.9581741899423718,0.9607365187288202,0.94877170753112,0.9602167372596311,0.9648642043261966,0.9655310284815342,0.9652407901943113,0.9545952992520885,0.9572346971734024,0.9638249984740509,0.9653974654369832,0.9194989929056736,0.9514158884102732,0.9423424223958023,0.9692251714775076,0.9694207492537745,0.9633120399143394,0.9599335708174402,0.9724015140305249,
pre_model_seis1_20250809165439_894.dat---0.9739142404505657,0.9851912750704518,0.978709150406861,0.9911026354730301,0.9893589047024968,0.995395280422552,0.9959251092368597,0.9964210909035904,0.9928626038190438,0.9862059672050729,0.9823144731478365,0.982589315839985,0.9884198012530201,0.9903421216780153,0.9956926580274059,0.9982857908048436,0.9963159399742674,0.9929517658171565,0.9966038743956968,0.9932527882029616,0.9940818754484632,0.9923629622557583,0.992262749615203,0.9916859723390282,0.9907934977639604,0.9789100486712802,0.964636552921965,0.9361766293386051,0.9419259131475407,0.9560617979295577,0.9522083766856505,0.9583246040761163,0.9701608908048037,0.9638106679868165,0.9674348251928435,0.944277336219361,0.9416124497893241,0.924800218808063,0.8994187987913727,0.9299309632596853,0.9217128976477258,0.9735230442810935,
pre_model_seis1_20250809165442_797.dat---0.9882584806293375,0.9878151635879835,0.9858157045956749,0.9812998151576016,0.9763993568044793,0.9733448773940022,0.9582946599971673,0.9426429133054679,0.9233550461732798,0.9134031430755053,0.8522077485909463,0.8397039061917926,0.8187553289218686,0.8662851289572563,0.9307891772174317,0.934701161636646,0.9134901842520562,0.9196817541598974,0.8929156889502751,0.8991239687308215,0.9339237081912464,0.9447354775705263,0.9466075974400329,0.8978425547640363,0.9087507574533968,0.8989086743799991,0.9112085821642216,0.883334068245146,0.890731552016473,0.8862032848919909,0.9094190950507346,0.9075313349680276,0.8705228880852549,0.8828671905280406,0.8845916931167686,0.9172974812847489,0.9088615990846955,0.9174696185910667,0.8962483627205667,0.913637504847371,0.9090480289580865,0.9150737625044373,
pre_model_seis2_20250809163924_311.dat---0.9825583295891885,0.9791408939130476,0.9883752167160235,0.982194638068065,0.9871625645859445,0.9859352986405026,0.9824118167905181,0.9866223318832407,0.9878775397078307,0.9831491073911149,0.983940855418131,0.9873976842222448,0.9890845729836247,0.992887358006203,0.9975126864240709,0.9972756092290559,0.9966936611910893,0.9931402488639004,0.9943303035082341,0.9926477571009489,0.9901467515314101,0.9806954508550536,0.9824040039737311,0.984438806265099,0.9879313578160935,0.9930362480464427,0.9785567747488776,0.9712684393902056,0.9798290610132814,0.9800237935547991,0.9835387412140993,0.9729203952150893,0.973892537315901,0.9742065476435304,0.9659290591453371,0.9592757398934734,0.9725451701818445,0.9801668602142917,0.9849326640894767,0.9881630665787899,0.9911636838421487,0.9840342347990721,
pre_model_seis1_20250809165448_380.dat---0.9705009515631343,0.9824949591679337,0.9775538590020364,0.9748922349727734,0.9789983536175343,0.9805877662508085,0.9836375999820836,0.9847110630576664,0.9815978730864137,0.9883601110478472,0.9910395945195378,0.9894541206659289,0.9912600153784962,0.9763300477119429,0.9737201430027436,0.9722639213990688,0.9562801446092664,0.9262407172608464,0.9467666377036215,0.9551545681711084,0.9545979277853271,0.9619988706312086,0.9575676435896622,0.9650847027329603,0.9662114094108469,0.9701348183469238,0.9673193666061469,0.9699095820697112,0.9684499329485856,0.961089435400698,0.9604112081832794,0.9676966826279744,0.9676330856882053,0.9757165392339522,0.9737853923377183,0.970466284817191,0.9692800470796146,0.9601402654162788,0.9538075712608088,0.9680531592577999,0.9479537122308285,0.9692476175567442,
pre_model_seis2_20250809163939_507.dat---0.9811762020852404,0.9710138138527229,0.9822684259542956,0.9758702850364223,0.9837066130577168,0.9698421172297733,0.9815811490649121,0.9769231411369942,0.9779969083507144,0.977718333189177,0.9722817534282133,0.9867166912802716,0.9841859309874941,0.9767667991013855,0.9786078703347147,0.9788102220673933,0.978558818100228,0.9923281312494396,0.9923845674306528,0.9961874915802835,0.9864275049923429,0.9765893080678971,0.9766165562540836,0.9859990601232381,0.9852976963592323,0.9826412725637653,0.977859246411032,0.9802479753003295,0.9611914341140061,0.9645444361007706,0.9590587910213744,0.9760972393170108,0.9821740909603306,0.9774731864242261,0.9808120547320076,0.9550149125858617,0.9427030252776202,0.948397305247817,0.9410735890730489,0.9373843879279157,0.9337021153345504,0.9738104988464998,
pre_model_seis1_20250809165448_751.dat---0.9770144053389157,0.9673997279650796,0.9835058495587676,0.9902460926601738,0.9840123693764318,0.9865562098214322,0.9918316807873002,0.9899797026432072,0.9860141938196523,0.9888893563110357,0.9872539110208278,0.9867501119372241,0.9929966059388232,0.9932494225852259,0.9924345714760796,0.991773438841848,0.9963077511992187,0.9924347475098134,0.9957143397019622,0.9936395004067913,0.9932433479718618,0.9861889498533901,0.9810851672024619,0.9866648447308052,0.9799078468299223,0.9763102065106458,0.9726082599877375,0.9750290144121562,0.9705253298219395,0.9603444167264522,0.975691885026484,0.9816065269018927,0.9826938268408318,0.9845746395160846,0.9801518550419914,0.9739656283755136,0.9744381181433535,0.9842540358279357,0.985207411502876,0.9886276216471234,0.9901245879202369,0.9841767685290612,
pre_model_seis1_20250809165448_577.dat---0.9506629984096084,0.9792539637586867,0.9810225195072523,0.9855427641698107,0.9764129388664102,0.966600319776057,0.9809641067190276,0.9680469361398986,0.9935634797250368,0.9934295767288611,0.9937340789217335,0.9939579981760086,0.9938199157237704,0.994664152581083,0.9947782314247554,0.9778627773804037,0.9810944686344787,0.9773578705227934,0.9703777601306458,0.9749619746604814,0.9705248860113026,0.9721854551171204,0.9649099249826631,0.9693811090423817,0.9521670391623533,0.9619097038781735,0.9598753219128352,0.9636317647350654,0.9609110803424413,0.9758129145629137,0.9722521730173082,0.955808939360591,0.9491898866957709,0.9368264308631602,0.9208369806579972,0.9359661403488457,0.9543530964004999,0.9522157352608183,0.9531456843831774,0.9554584880108599,0.9572690797201964,0.9688473333273974,
pre_model_seis1_20250816100528_40.dat---0.973892507593749,0.990910849822344,0.9909354499760487,0.9873039287466131,0.9882739248245371,0.9887956855114,0.9882284065062485,0.9903832916970086,0.9848001266378934,0.9819345285997578,0.9787051960471401,0.9790723803035337,0.9717511087135479,0.9826043531026346,0.9820358510000882,0.9788762160430658,0.985359752436289,0.9843051446207659,0.9714875388834779,0.9623246795547856,0.969202598888784,0.9596028414307984,0.9566168634478269,0.9519812123671991,0.952228365978465,0.9428114546091337,0.9520548225501835,0.9485724735305664,0.9599611567509432,0.9699637373398117,0.9774864815136465,0.9734758743355382,0.9708540871729119,0.9615757343379728,0.9574963209472896,0.937483751674075,0.9348074659430022,0.9298814613026148,0.9179371194716768,0.9230217483935134,0.9354241389163882,0.9664492836956895,
pre_model_seis1_20250809165436_386.dat---0.9639865878475804,0.950651095238965,0.964916193225396,0.9175426743460902,0.9498135435716076,0.930536839983147,0.9117203507990302,0.9272394341258743,0.9225933638618424,0.9265616855488797,0.8726721411234443,0.9057657566906133,0.945320901697999,0.9558476794033646,0.979069215302524,0.9812247513425935,0.9786625305806181,0.9765083487128643,0.9851912106290446,0.9886704888972377,0.9843247307649475,0.9774434880083434,0.9654669032644946,0.9636211302332467,0.9607607956672601,0.9594347396748881,0.9539820691167853,0.9633976776903741,0.9564919947985642,0.9379196575854634,0.9445580328780974,0.9250140757650932,0.9243739791803884,0.9259807036512242,0.9430837383422074,0.9205838989681719,0.930546737140584,0.9284263250078326,0.9239629815566036,0.9270782332126634,0.9279302375601625,0.9458262664145393,
pre_model_seis1_20250809165454_376.dat---0.9818777213753919,0.9687328434934828,0.9882747047032766,0.9869204111132687,0.9928926841804633,0.992716759843329,0.9932634628867503,0.9917008696318187,0.9928442855600691,0.9963848661678814,0.9971142849826231,0.9970561069682177,0.9970807521419431,0.9975220015874101,0.9968301772430515,0.99689127028361,0.9951639791114506,0.9947337246583636,0.9951503807857335,0.99135964158944,0.9898649501455218,0.9824425766187672,0.962795304262322,0.9568335012341362,0.950308203895198,0.9369276762066241,0.9308477758595836,0.9364542361003653,0.9118532232054825,0.8943401364680655,0.9191754379109653,0.9285951338783499,0.9241770669814241,0.911020649416526,0.9515179085676166,0.9742599888052892,0.9702400471387743,0.9663944754468098,0.9445976503540484,0.9351065269129554,0.9401491294013399,0.9673759152955546,
pre_model_seis2_20250809163918_272.dat---0.9743403655979107,0.978059106414053,0.9794089278311616,0.9853034879203207,0.9849652569348372,0.9870432087669662,0.9890997081830667,0.9874103380916409,0.9910644315543526,0.9912289009009283,0.9917691356918795,0.9881759063398478,0.9885926761434161,0.9836169953456467,0.9913381137480127,0.9933864313216213,0.9953526359713032,0.9961724994217834,0.9939540053463598,0.990092324273005,0.9914366560589928,0.9940768493846758,0.9932370015500508,0.9884571369943015,0.9871040418780682,0.9866572403249735,0.9870200580184387,0.9853238779917028,0.9852177844182937,0.9839465068302059,0.9897834157950727,0.9951857415562119,0.9951432534478198,0.9952443624966382,0.9886716490334567,0.9857893971684859,0.9847578118454341,0.9809659357803201,0.9795386815837475,0.9819184841855709,0.9844454095980301,0.9879096524814294,
pre_model_seis2_20250809163918_271.dat---0.9536572677824171,0.9335551632294397,0.9486419498253247,0.9405352513350482,0.9251916590241773,0.8973512239747629,0.9146416463633087,0.9200233710711851,0.9542000553245078,0.9695460911162458,0.9865470902772653,0.9922456339776734,0.99546295785064,0.9924428481676176,0.9879325629281039,0.9805007082665983,0.9827798674255908,0.9639960636588327,0.9713419689819487,0.965360425500876,0.9579450827502994,0.9752662714129019,0.9773331074042019,0.9793178882967246,0.9774846245441038,0.9726485749251733,0.9410941866362162,0.9489074291317071,0.923839597851244,0.9462298543204593,0.943615292280738,0.9503310234512261,0.9365232672142283,0.9619428503666911,0.9600859759910387,0.926568943263594,0.9517626499641297,0.9333228752964047,0.9092276962552029,0.8654008638298426,0.8719985953644559,0.9508975721129793,
pre_model_seis1_20250809165433_564.dat---0.9908489721086771,0.9946383727380556,0.993539818898488,0.9955813607213163,0.9957980685729957,0.9944689418836165,0.9919436262439334,0.9928347544306805,0.9923655578408473,0.9949880817043405,0.9953962845142756,0.9954346453360916,0.9922194032356257,0.9904403606705852,0.9858763988921286,0.9875689088737236,0.9872999284591725,0.995403543695821,0.9967844164070602,0.9954163953951748,0.993750083709012,0.992401094029214,0.9914766129830882,0.992212808594466,0.9881208714323697,0.9776507751358993,0.9826322440052657,0.9808896332227451,0.9770762213344397,0.964453301627171,0.9776418308118515,0.972634750717405,0.9679856145193843,0.9721058395306698,0.974602499336546,0.9673978700199021,0.9700748763216813,0.9657697937930605,0.973050850563098,0.9712889903586372,0.9738547459390764,0.9850224182587217,
pre_model_seis1_20250809165439_706.dat---0.9890835078156184,0.9879583668205395,0.9871464601579707,0.9884291415850318,0.9902744481921749,0.9925005547914324,0.989059151879439,0.9907181331935497,0.9859456000824663,0.9880483388906457,0.9812144428312365,0.9784756977203835,0.9873705900935454,0.9849624366268406,0.9902663116506624,0.9863885654533027,0.9900051106710522,0.9890016111054044,0.9918863809000973,0.9841135634306435,0.9835405766747818,0.9814489584566465,0.9809054115938604,0.9688015835491105,0.9746271273594891,0.9710143816460682,0.9707139153467319,0.9566968267328643,0.965445722200379,0.9664725674184522,0.9481097337215759,0.9564330042291072,0.9653083830022461,0.968119580842063,0.9626969994627432,0.957210401766728,0.960950323186839,0.9413695290958028,0.9343826238988122,0.9509256122257215,0.9344931525875457,0.9744515811924294,
pre_model_seis2_20250809163918_86.dat---0.975633671782746,0.9713029361554988,0.9826195954999872,0.9745722460203949,0.9871234411052204,0.9886096643736498,0.9857697929605675,0.9854758882921306,0.986306680359172,0.9860710417719104,0.9828306265963264,0.9859995311309375,0.9818074279652891,0.9856309411970541,0.9952349978441231,0.9958798208751314,0.9965566305546497,0.9882006869607494,0.9736823677105853,0.9874794111344478,0.9794636126925206,0.978306100214887,0.9857484197869611,0.9770192349279493,0.9832420211355217,0.9785491749025423,0.9766606492637665,0.9652645818004965,0.9663877214964922,0.9748358410468129,0.9706681163323226,0.9620150981031487,0.9527981420006623,0.9311885024035628,0.9659439145923115,0.9732983891839896,0.9431292732642446,0.9543574529213237,0.9343876292871187,0.9016650510114808,0.9012939536590335,0.972024640983359,
pre_model_seis2_20250809163912_27.dat---0.9765557853607013,0.9876225458411159,0.9890621508943302,0.9874234371038295,0.9821723688404594,0.9808241891360862,0.9752544531670257,0.9509278421423109,0.9421642255372217,0.9133381152345075,0.9145276500433192,0.8682016185991976,0.8827069954980848,0.9376285529885346,0.9285297934255617,0.9456225319199846,0.9565173587902656,0.9592669351943114,0.9644067815789815,0.9605086068823191,0.9507915622532327,0.9326364527819059,0.9446444702970791,0.9745761203646696,0.9804339729064259,0.9537402594659493,0.9392110991678176,0.9304833352363819,0.9402466578665564,0.9279020310622862,0.938372183262254,0.930806473477271,0.9387093610610373,0.9118211250397309,0.9103062612613914,0.9297496781896812,0.9266441164556027,0.9024193958231205,0.859743043306329,0.8475693086770659,0.9237688316137981,0.9389716506767739,
pre_model_seis1_20250809165430_436.dat---0.9897759033840741,0.9861352473233722,0.9928802242484978,0.9893328867058513,0.9936320816284169,0.9918792495428715,0.9913502987244228,0.9881472356844904,0.9791068969885621,0.9687651276270469,0.9530353805069528,0.9590496103511289,0.9612866066126557,0.9740962314042889,0.982327434171516,0.984043605588638,0.9989759777604266,0.9958349976539747,0.990335390253109,0.9892423876986489,0.9741498526319496,0.98230431557169,0.9877186761524323,0.9913439800097046,0.9858634425051699,0.9875398249588986,0.9814603787701492,0.9815823675154683,0.9840709378078197,0.9815058768007717,0.9817828429609137,0.964547847855036,0.9601796748352326,0.9703334437806883,0.9881996871496052,0.9951883046804028,0.9923020038335061,0.9883830000977296,0.9815701577862077,0.9801831378324571,0.9863312631785358,0.9825798485505685,
pre_model_seis1_20250809165445_120.dat---0.9588707849808107,0.976405320970003,0.9775755988618092,0.9743345954922695,0.982658725888015,0.9747100826376508,0.9776504024070636,0.9878768221627657,0.9824132411887059,0.9911942917625592,0.9900589481835127,0.9917035636050844,0.988310203075681,0.9889313444935109,0.9831782205634666,0.9871348500983752,0.9933830352006123,0.9868371177872063,0.9753720109136798,0.9609873594208663,0.9661012843397844,0.9857849879255188,0.9905533964430834,0.9853251674130427,0.9602637992148547,0.9518245575204048,0.9711469267252723,0.9739334042037799,0.9630110101494559,0.9786509327732966,0.9805453826465944,0.9793871815368841,0.9664909254002589,0.97059105798217,0.977785211179272,0.9769810752089889,0.9756595576340573,0.975947756470185,0.9666751399843997,0.9686519393242411,0.954765794130724,0.9768210489731687,
pre_model_seis2_20250809163915_618.dat---0.9950270277101312,0.9939430336868418,0.9933053950573397,0.9942100279718509,0.9948244673104417,0.993451348989325,0.9908522495282931,0.9883648864292763,0.974274678153817,0.9800397656730194,0.9731029342080283,0.9514352731487,0.9337709426028461,0.9382254259573697,0.9567849366729316,0.9598599513284742,0.9619135088068291,0.9428790043320067,0.9622923387171443,0.9543315220434111,0.95003121233681,0.9382308831136699,0.9210948726470131,0.9275085327104884,0.9468161635524625,0.9422342091241335,0.9459269292068874,0.9428655917447075,0.9239649746117464,0.9378420061833747,0.9231427535808431,0.9294257723360884,0.9279676399393044,0.9500533769375431,0.9427855464923289,0.9635365172225306,0.9574651098610061,0.9474360490385978,0.9516314657164874,0.961683497003303,0.9655411167565057,0.9568310472791198,
pre_model_seis2_20250809163912_13.dat---0.92790330121886,0.9852666562253172,0.9664304654570656,0.9788561557326292,0.9759775422377824,0.9699115448093014,0.9778152997389069,0.9606881602280412,0.975759414702467,0.9524942512287066,0.9504061185347347,0.9630138568393203,0.9544936108787648,0.952288723966857,0.9712415431373055,0.9853779128835298,0.9939937246335044,0.9961717167965632,0.9908431331317701,0.9795863826316529,0.961500864458338,0.9575489895077763,0.9287708743573866,0.9324013355632103,0.9455077830757284,0.9673034358916474,0.9676255249769579,0.9684336402162806,0.9695117973581235,0.9627811033648603,0.9705957405886775,0.9700213219394311,0.9727691756597375,0.9589035086539087,0.9435633407866106,0.9244632437253945,0.9386611619518399,0.9321043138368643,0.9606861237811183,0.9685901707555894,0.963793040098556,0.9627818537941736,
pre_model_seis2_20250809163915_595.dat---0.9720343893143362,0.9838914353304564,0.9811488625817275,0.987287766851208,0.9789516347905696,0.979678890880527,0.979236754422246,0.9743936391251412,0.9718701644024247,0.9756351102201322,0.9790454132391719,0.9766109714913053,0.9818588424104038,0.9790904859863832,0.9698247159824815,0.976283194661793,0.980731171342853,0.9844386705762231,0.9651782582799249,0.9626726344881716,0.9518124370867783,0.9644383041015043,0.963200485194011,0.9731943439067158,0.9740334043172998,0.9705014368668299,0.9641916197411978,0.9680270672456075,0.9663817435588038,0.9646179624816685,0.9588315901929919,0.9465276924912303,0.9398063526394518,0.9202336681094925,0.9127175833646066,0.9183707560236533,0.8937255904855836,0.9170835581929541,0.9220041579984495,0.932097396857046,0.9289266759868658,0.9607460203224444,
pre_model_seis2_20250809163927_92.dat---0.956938932666834,0.9842910256807598,0.990671242854754,0.981274971101647,0.9832014852793058,0.9907120318399599,0.9898063354537859,0.9893403606962086,0.9893321786041899,0.9911765887001962,0.987076931240026,0.9870035161172208,0.9967154302863929,0.9975749790571816,0.9979213189383118,0.99707653232649,0.9973058915439827,0.9968794399213227,0.9972224641343008,0.9937574268553762,0.9885370741133898,0.9852099053434634,0.9836887248811022,0.9794847899871372,0.9808488008589258,0.9638855349650858,0.9673883253016929,0.9505847367416754,0.9535412868848907,0.960319349280065,0.9666999924876644,0.9647769477373873,0.9606207301681471,0.9568695767919566,0.9595126130138981,0.9633822671869766,0.965264277816307,0.9634135361386671,0.9540250069953923,0.9625593941786853,0.9598595084188251,0.977701255185112,
pre_model_seis2_20250809163924_505.dat---0.9654135867343241,0.97562153027436,0.9763836450481989,0.9729456064165436,0.9825241667859983,0.9833321468305517,0.984534923909117,0.9828627381331386,0.9876966541826937,0.9864582785442485,0.9948109492108462,0.9826457822909279,0.98201701066375,0.9885460683286134,0.9862313599558026,0.9899028055773407,0.9885154199514884,0.9714115300820437,0.9566743038028478,0.9562251554257456,0.9372724431200454,0.9396440202054245,0.940724525521169,0.929017665185127,0.8984310123230592,0.9321882475523003,0.9630952047519735,0.97279006554848,0.9785136176070492,0.9781371582038404,0.9842377271215479,0.982113358954038,0.9744826727034447,0.95558774237245,0.9283135090320899,0.9497449626446085,0.9416386461903139,0.9493186684058434,0.9390175560074877,0.958416408483724,0.955118492688988,0.9654282284578435,
pre_model_seis2_20250809163930_87.dat---0.9847417939713465,0.9904083910447008,0.9900984428493529,0.9871262556808851,0.9833084905823039,0.9814620616985444,0.9862081092222837,0.9840969129044107,0.979926831119181,0.9718506726369852,0.9720152649942119,0.9715524137996294,0.9727076010035547,0.9710879054540517,0.9734062417987372,0.9803036411099617,0.9789939392150824,0.9665127942534144,0.9406424315162047,0.9509768899078713,0.928534417450786,0.9401994584239424,0.9641809889994768,0.9594119466609518,0.9569997234050904,0.9345522090885784,0.9443145882453253,0.9580939496204867,0.967662638566821,0.9832986197285281,0.9866443646554738,0.9849284156500876,0.9837564018605202,0.9695046722832716,0.9639573319958668,0.9770250329431356,0.9815057395602721,0.9831632931056665,0.9826959652707633,0.9846905923162362,0.9804139315475506,0.9715356430766234,
pre_model_seis2_20250809163918_7.dat---0.9907239175146583,0.9932727247674402,0.9937298999789818,0.9913441798175737,0.9917925443669394,0.9890356969338457,0.9892762566101938,0.9877235323400384,0.9843673653741829,0.9771451212315309,0.981772403884772,0.9757562238586973,0.9686494930003151,0.9639786240327931,0.9610245242615868,0.9626585033047181,0.9477323775080088,0.9673454997358841,0.9676033225408609,0.9645752257094633,0.9741691529711048,0.9718980274163589,0.9812488225804378,0.97389069840426,0.9787777655829955,0.973825620376819,0.9745952756686616,0.9728838865402712,0.9778336613419225,0.9766121998359639,0.9798127930374939,0.9798161041579432,0.9795692674302842,0.9852773608027594,0.9864963271300803,0.9825254052965148,0.9834966742562419,0.9772727284403998,0.9779362318407365,0.9774260741167441,0.9780755542864032,0.9778767577630947,
pre_model_seis1_20250809165430_118.dat---0.991326271042323,0.9877352352563038,0.9877467127607551,0.98791199428338,0.977716309172115,0.9743599888160246,0.9688715754416384,0.9728354442462881,0.9489465046654647,0.9505653416646118,0.9782488089524802,0.9872575025898824,0.9920749908092621,0.9984703730542481,0.9976422006651002,0.998462102480284,0.9980930551104137,0.9974326364056066,0.9852207989948419,0.9776560993388315,0.9818319352606358,0.9853288780723725,0.9889190477462778,0.9864599339159049,0.9945348990115669,0.9923375788037438,0.9866745510129764,0.9877100130801811,0.9876425197901466,0.9836688340005868,0.9814837574756943,0.9795606190510678,0.9797809329018236,0.9752260153212645,0.9631852218960022,0.9506954880075144,0.9430145636169177,0.9081102474750049,0.8933681345428733,0.8069142831789183,0.7617560809265275,0.9677262800204355,
pre_model_seis1_20250809165439_377.dat---0.9849427644415406,0.989637617636066,0.9925789544702891,0.9905222479955788,0.9906023281647967,0.9831370176418494,0.9760662353974536,0.9645542576130473,0.9556111456170802,0.9564547584835329,0.9563264312575334,0.9468630646338547,0.9419472152750654,0.9417734806901499,0.96279100728633,0.9686857397536934,0.9773328118747152,0.9735701919575931,0.9688038269119917,0.915385380887377,0.9406246055514894,0.9051030120033775,0.9178469183332065,0.936029817075861,0.9278526352259281,0.9299742749170219,0.9018519730973008,0.9413964743730119,0.9358094148701689,0.953438472691108,0.9491389539735617,0.9634994316590354,0.9774126522965563,0.9711333131571632,0.9816645536410249,0.9841570888246972,0.9855790096199041,0.9827019487932338,0.9865419884343284,0.9830409122145276,0.9819253496770495,0.9603490067907093,
pre_model_seis2_20250809163918_249.dat---0.9812354980172304,0.984192538315265,0.9858264029105789,0.9836104773985567,0.9797422381232078,0.9727295270908974,0.9661045585443235,0.9616554185932559,0.9522647841273484,0.9748220835581805,0.9611354584867701,0.9592201387401819,0.9806662389377568,0.9801611664944243,0.9861532640601925,0.981469579504176,0.9798550633913526,0.98481498659998,0.9852343174354767,0.9809588013297096,0.9709916726346068,0.9544189715918726,0.9481337351540231,0.9525542098689688,0.9430283622533913,0.9633465079284833,0.9648010318212353,0.9721942647556917,0.969739353794477,0.9701287258582745,0.9741476870929942,0.9614640216095656,0.9501081345564114,0.9527378931427898,0.9306202116872138,0.9438389511840546,0.9221890484925542,0.9353311537001336,0.9231616125748542,0.8956616011958788,0.9184791836539411,0.961925094541714,
pre_model_seis1_20250809165439_779.dat---0.990077302426944,0.9878707219530719,0.9933910985377467,0.9926657042617517,0.9905473243461214,0.9859315769883891,0.9876304432215569,0.9752774806047971,0.9827426223767924,0.9841318479168701,0.9850050291106803,0.9747050380574316,0.9663512024661906,0.9775130582618956,0.9800289631299406,0.9854937887798281,0.9852516903404627,0.9847209541322688,0.9806353777079025,0.9862697596494375,0.9838113551379355,0.9818775785213447,0.9789008350599481,0.9722254180959009,0.9654404802251797,0.9624472134906495,0.937336011469882,0.949372670541041,0.9190286372348492,0.8856612370882645,0.8711079726726462,0.8143391366582735,0.8166685938929695,0.7741277557008663,0.6589963524362502,0.518810287639137,0.5851375155314924,0.35610226434903625,0.43556810275334124,0.4356211985985833,0.3783318531771804,0.8745647184035328,
pre_model_seis2_20250809163921_117.dat---0.9633224951249681,0.9822974025556821,0.9757532556091161,0.9912179609300656,0.9889076647768638,0.9903966903950253,0.9909846997026027,0.9887711170080182,0.9880814768474196,0.9889729684476353,0.9886982929692247,0.9962303232775267,0.9980207263002917,0.9983945031144541,0.9958582861654416,0.9885939988135592,0.982091847141024,0.9750366000861139,0.9884239441359305,0.9922606904801692,0.989315349478152,0.9854771594268791,0.9812049239248668,0.969630728586888,0.9750654528290019,0.969929579702492,0.9762816349371596,0.9647801515171623,0.9749693108315083,0.9712321537844603,0.9683205490970216,0.9813543784573874,0.9863287078567369,0.9885826342644296,0.9875766423915684,0.9833819472184234,0.9819535291447763,0.9860420590694216,0.9794506104758002,0.9799746777021678,0.9831244172548209,0.9833241839471281,
pre_model_seis1_20250809165436_134.dat---0.9823932790394273,0.9960831463485372,0.9911288856767004,0.9887063646602089,0.9812196924110561,0.9825569735181553,0.9798347392063386,0.9774091701572354,0.9833314094010049,0.9707265125901229,0.9657972854513017,0.9683229438497182,0.9709854072335861,0.9706132806252282,0.9796380956176175,0.9871200186750231,0.990224689498591,0.997566036711079,0.995939258762039,0.9853376407747516,0.9803886838685123,0.9843390957365681,0.9869372659932616,0.9850446065548945,0.9730759001645423,0.9692554201317577,0.9661209750931423,0.9728450933797567,0.9691272232258066,0.9792430819054467,0.9665818101202525,0.9662745338571381,0.9695372993086986,0.9641968500986667,0.9540653563145314,0.9651938235935786,0.9669858133374115,0.9649924493072358,0.9711059826607437,0.9713964615454386,0.9565023122149051,0.9762962163078055,
pre_model_seis1_20250809165451_341.dat---0.9902814113557163,0.9873339962141656,0.9873261783930198,0.9882945205934013,0.9850200352156966,0.9813142113239821,0.9800822404376935,0.9794519965033263,0.9835535343554611,0.9827263652467952,0.9829870753891505,0.983977536924299,0.9836222958896154,0.9812411300418052,0.9720026602824836,0.9867439146180729,0.9903414504662512,0.9890333303843851,0.9893234198904645,0.9909882049516285,0.9955703459789357,0.994039194712435,0.9884131743755205,0.9893027469997706,0.9860214311216007,0.9729193786615177,0.9720704800229818,0.9771052403484946,0.973615936224183,0.9769401217872635,0.9761369869637806,0.972389913924818,0.9769615729621588,0.9753792260938959,0.9788795248618057,0.9814523461036534,0.9826472957384318,0.9849794326938728,0.982389828397016,0.9800057804664967,0.9797382399239645,0.9827464318741463,
pre_model_seis1_20250809165439_331.dat---0.9708182114164441,0.9681728729504666,0.9802190868286568,0.9698924767166088,0.9651518640974186,0.9634127689061409,0.9687926453450018,0.9761291843466248,0.9670703750751384,0.972302529971252,0.9764064761046765,0.9740618944959849,0.9859110623967486,0.9852080044309995,0.9882627750699204,0.9913444517258455,0.9913871749857631,0.9964171338961831,0.9960055542203864,0.9884589986831034,0.9857828559625323,0.9838284247300146,0.9848302053105606,0.9901363623255276,0.9860209762239552,0.982304452735964,0.9844680264685242,0.9823716736421728,0.9584233418261564,0.9572109787822878,0.9412427676523222,0.9424189924868784,0.9350666874145207,0.9220366441579539,0.9470396703653725,0.9477638617076843,0.9582754993943707,0.9543804159525489,0.9511013431422813,0.9604140885679097,0.9371769816174153,0.9699443851739101,
pre_model_seis2_20250809163924_548.dat---0.9284417275579706,0.9104170207367777,0.9415288322059948,0.9165597747341165,0.9542974335666908,0.9193437492535247,0.9411149211957794,0.9576240101664869,0.9586642092007569,0.9537167626856238,0.9515317830415,0.9485525277671742,0.9748684043513655,0.9865714993479828,0.9965347086449481,0.997471344641228,0.9978735308807978,0.9942549259771892,0.9896241312833894,0.9929850495887046,0.9869482302535266,0.9893291640790829,0.9895016344468552,0.9890865760705158,0.9835615665840132,0.9844971460682688,0.9846167198818075,0.9824570030448069,0.9744772852817742,0.958620449954796,0.9478526511249286,0.9572686320191267,0.9448990844500426,0.9397689150328615,0.9426274153616832,0.9563035457635025,0.9561667989491822,0.9585829699446288,0.9539477553634003,0.9530387066986999,0.9402123986829272,0.9630668535581569,
pre_model_seis2_20250809163924_35.dat---0.9853472794227496,0.9873344370031614,0.9820436892853439,0.9802109689932174,0.974104040623746,0.965718623227352,0.9625426689014366,0.968887021838232,0.9576001908626736,0.95151346777176,0.9594746501252719,0.9638580317716883,0.9787461436147257,0.9893124810798202,0.9887130191674585,0.9794498748459886,0.9724437473847162,0.9780487131949435,0.9807004682076809,0.9674105325479327,0.9806741029111051,0.9782086754981044,0.9682419880980726,0.9539325285656294,0.9303778201064078,0.9361126663973064,0.8996797273383668,0.9085725877130925,0.9243157358848328,0.9200166533656013,0.9272014600283544,0.9330320224934945,0.9370827228438138,0.9229277431981604,0.9275246377478241,0.9364118036260521,0.9419627394331479,0.9433527354530051,0.9312958457472402,0.974374151190505,0.9694702906892464,0.9565421631268113,
pre_model_seis1_20250809165442_673.dat---0.912236743179751,0.9506564881031813,0.8952363929428265,0.9079360548626463,0.9292216706887539,0.9300668711352719,0.9247550012206052,0.8726910582708433,0.8854681851743034,0.7490005357183988,0.820668628488462,0.7696538712524602,0.9391439574607313,0.9813695049643114,0.9848953612400162,0.989679803991578,0.9931411548826411,0.9905382195977863,0.9771979971593621,0.9615052155623915,0.9486315576422844,0.9546860943041805,0.8853031047202864,0.891996493275868,0.8995916354291118,0.9163070218071944,0.8799073172404195,0.9166292953772768,0.957640850073897,0.9441493060327003,0.9279069177575782,0.9556286260955147,0.9453758666520649,0.9589446954015051,0.9519653867176854,0.9699387488521961,0.9551614992738086,0.9692177571566507,0.9667018674431507,0.964931312740878,0.9652762965658999,0.9290476674745478,
pre_model_seis1_20250809165448_500.dat---0.980983916660155,0.9840566774174292,0.9754103418907463,0.9822542627707612,0.9920896651160466,0.9912693144513949,0.9898730849122384,0.9890637677892643,0.9851060987886898,0.9885212082532236,0.9790988537286404,0.9611401004493341,0.9718273234197223,0.932276952797079,0.9393778042387703,0.924950274694062,0.9115005520017416,0.9526172114955395,0.953795432105456,0.9335368526919994,0.9300529842242837,0.9532187506147745,0.9520399857774453,0.9359666251729715,0.898302802306994,0.891414010207761,0.9240136021187128,0.9334028423888027,0.9197699511619153,0.9308306663738433,0.9297334612471229,0.8706428731674436,0.8938059591542002,0.8792132557130495,0.8479454003558092,0.897145877684223,0.8520250851217047,0.85426123044086,0.8899826594433682,0.8512752654713651,0.8697875238174363,0.9322824514057653,
pre_model_seis1_20250809165442_314.dat---0.9930596865576881,0.986369683632582,0.987649331163355,0.9883751644458407,0.9884511608991642,0.9855879105586788,0.9722714329728828,0.9748490913904587,0.9630026965075218,0.9729703338949256,0.9686406990519341,0.9629900311128998,0.980498500391449,0.9790437786670225,0.9769908665249786,0.9718946804793054,0.9720872320440926,0.9729519110301266,0.95912725845874,0.9661909384615114,0.9659122040419644,0.9696788088812408,0.9674756171331542,0.9827156272153009,0.9459616945206649,0.9650628356670293,0.967401661733654,0.9681706597657879,0.9645926320857278,0.9270203374388286,0.9139506862445234,0.9360069159670378,0.9245478272602162,0.907549181580354,0.8814402074277624,0.9163678815953649,0.8897141301512993,0.9151859329502969,0.9133274930948752,0.8775658858869523,0.8520863246518359,0.9530423642326592,
pre_model_seis1_20250809165439_290.dat---0.9674485314901956,0.9632319621860199,0.9870286096538484,0.9830564258216122,0.983828795422508,0.9866474942885965,0.9897180996306415,0.9876631869171785,0.9910580062031703,0.9937031854755132,0.9949764032460789,0.9915320398734919,0.9902034368899819,0.9943061802206367,0.9968122031107002,0.9960626263131275,0.9957639528432167,0.991821659389446,0.9807797053726679,0.965327683467211,0.9766338877470563,0.9634064808109302,0.9693436760239781,0.9582083152958526,0.9694306214913392,0.9737609279909515,0.978700861357779,0.9785150526473866,0.986062212426937,0.9812331203358103,0.9585903794306534,0.953810889684974,0.9462490819153984,0.9672005417320465,0.9687794646719712,0.9702866986363552,0.9662173559358336,0.9599281118225632,0.9631659265750907,0.9569469440880596,0.9601984656529391,0.9765277854656037,
pre_model_seis1_20250809165439_843.dat---0.9792582697062843,0.9773396155859674,0.9692003978836843,0.9696421213289338,0.9677565701818803,0.9698931281852516,0.9566030183190026,0.9552843599025618,0.9247722330662849,0.9647912414874726,0.9526591949135613,0.9714561385935041,0.9747491422844052,0.9775001878736664,0.9925354523916995,0.9921837734715014,0.986389176072028,0.9763334819805594,0.9845999096830717,0.9801297259917673,0.9835755258479686,0.9865669744155743,0.9880802476269772,0.987887571028801,0.9761359849654488,0.9776595543498499,0.9828068330027131,0.9807706934318523,0.9666692641313829,0.9558590769504578,0.9619002952019827,0.9553190238777789,0.964355806234387,0.9693334436398987,0.9586697984324033,0.9616770776887573,0.9530363860211124,0.954299684032052,0.9445988057855064,0.9502031448351961,0.9417046914640155,0.9688826102894436,
pre_model_seis2_20250809163924_729.dat---0.9237506444908326,0.9761763103213523,0.9630600839578322,0.9663102762505167,0.9601823029733444,0.9562738771417565,0.9495735872130623,0.9099148330881857,0.8934609685602289,0.9028919826942745,0.9269422128995722,0.929949076577832,0.9569329246120676,0.9626016349370942,0.9960298554389849,0.9870811065449246,0.9906230988798274,0.9826066141981504,0.9876479581302613,0.9979766261771692,0.9974005569107416,0.9796388571008985,0.9719477610358123,0.975573313189249,0.9556299664029136,0.9696349299526428,0.9675753398780296,0.9245497473760967,0.9297812831692209,0.8988965429362654,0.9228616524620039,0.9151976758917134,0.9282758876866634,0.912974421799695,0.9136353534265741,0.9122921371774708,0.9124073949812661,0.8935684357481445,0.8958236448005797,0.921707769285509,0.9048060391396798,0.9444918215960595,
pre_model_seis2_20250809163918_0.dat---0.9800989589205581,0.9920382113413779,0.9875922382411945,0.9874483875672855,0.9871254660425555,0.9860800775972152,0.9848473782450713,0.9845248543215,0.9829644871786357,0.9801276634245419,0.9941573298429237,0.9931628576663614,0.9873264705695594,0.9731766251278349,0.9862397139579204,0.9945868955532796,0.9953159668308168,0.9942325421361818,0.9936397223024334,0.9936193699765072,0.9820593602505008,0.9833899227129396,0.9859167735124303,0.9826968694874334,0.9812057417480711,0.9833407485716399,0.9842239387156961,0.977292276495077,0.972801755254925,0.9646130769421435,0.9604288119797534,0.9558431382781649,0.9324886148272804,0.9376853405475643,0.9293735872001079,0.907765830671282,0.9307109306809787,0.9201849998365367,0.9245473844525166,0.9536632626730576,0.9611045338677828,0.9724302955012107,
pre_model_seis2_20250816100700_78.dat---0.9866255525978413,0.9787403199039915,0.9835448388432424,0.9744366527971577,0.9825266158638694,0.9733650631647843,0.9153932791953235,0.9348420299966818,0.9142522156192875,0.9082309959291157,0.8590911175607939,0.880083700652593,0.8981149915061684,0.9104518911707837,0.9350196045219037,0.9481698108347296,0.9599265544039235,0.9567826195243211,0.9431460308578136,0.9281241303746407,0.9459260267094144,0.9665338438893037,0.9473337527244521,0.9610772414987714,0.9670055414932204,0.9658679792012078,0.9709309425601435,0.9638816357830232,0.9730694949461982,0.9796481623215968,0.9802089154102424,0.977888943218428,0.9736208771478383,0.9697954484770718,0.9622953870803355,0.9643721674031676,0.9546761116842126,0.9567508232453736,0.944709425019536,0.9562458189871442,0.9537210048521448,0.9513762819261413,
pre_model_seis1_20250809165430_882.dat---0.9759358954985464,0.9631415429569326,0.9703009570669742,0.9797992988162364,0.9690330242716902,0.9720595230942487,0.9717138701946448,0.9659544441195371,0.9717195606887025,0.9684064421499309,0.9895228792007013,0.9965333637909227,0.9880504273976133,0.9846029873235366,0.9334364302878494,0.9520133284701975,0.9801993935738714,0.9780801364609425,0.9654245524270687,0.936540434514208,0.9339553109307634,0.964463920956517,0.9627361636345685,0.9581048549499024,0.9594152028957045,0.9577265406607192,0.9671432404872462,0.9557660832075298,0.9651559622134863,0.9564677700776685,0.968151647175407,0.9748285767354241,0.971276997952173,0.9612838879233333,0.9494475538544651,0.9329289860421183,0.9209416996191051,0.9128722679414124,0.9195836116312529,0.9199230412301721,0.9034722749715997,0.9592222948145103,
pre_model_seis1_20250809165433_550.dat---0.9807786420376736,0.9719997821956257,0.9815464426063906,0.9810485398455241,0.9764825893882358,0.9406011195392051,0.9255503400066688,0.9387784638776047,0.9150148163115672,0.9135542595843557,0.881211227623267,0.9466364330628572,0.9513619320931357,0.9740852510608077,0.9488473367354766,0.9627225590598047,0.9704309350638064,0.972508172099919,0.9694036597920759,0.9276430640124813,0.9428379736490404,0.9156326985416107,0.9178808005833367,0.8608777949011224,0.8726950515703511,0.9022194226152044,0.88284147327414,0.9203726884186182,0.9157642670828927,0.8333663603937453,0.761999300744925,0.841421293490226,0.8109794988894039,0.7199812764755676,0.8452889802564709,0.8023438103746255,0.8298180766466098,0.7737280457751591,0.8242818330358251,0.8010545921301201,0.8996904136558638,0.9001288102073497,
pre_model_seis1_20250816100525_83.dat---0.9908872063847509,0.98475310728807,0.9867529804126249,0.9896723532121203,0.9904991447805919,0.9888387127985417,0.983520065559842,0.9749976110415619,0.9678922756430307,0.969295409580904,0.9724640357979035,0.9546611686758448,0.9794881003501671,0.9917471349338228,0.9938357124439805,0.9922054589741689,0.9768127861924227,0.9773094775044509,0.9857339610395631,0.9820736924482462,0.9788502837959894,0.9693233138980777,0.9834365719248015,0.9737002724533012,0.9875333135411769,0.989974177315681,0.9860156814784363,0.9831889776268137,0.9696835622677107,0.9703384663295381,0.9810288328889997,0.9758337795689049,0.9728904042407637,0.9656029159338215,0.9715452530435432,0.9680194351061315,0.965109582283215,0.956654528799733,0.9395529087503842,0.9242471333847542,0.936605861230766,0.975184771973784,
pre_model_seis1_20250809165442_343.dat---0.9428224910529704,0.9573348033868277,0.9695255708448028,0.9753694633805711,0.9675942244512145,0.9653765561703169,0.9873403544152217,0.9891818426403574,0.990763946466926,0.9880779622443017,0.9896891859941149,0.9844627800132527,0.9898222970316339,0.9954305779355442,0.9963158443400855,0.9943739226995137,0.9952972642134106,0.9969066558246515,0.9952998005266078,0.9907849786649133,0.9851427300573107,0.9431824874440489,0.9025228352358423,0.8976472953197319,0.9185267830284163,0.8826655036566717,0.9148251221258891,0.8861929922808658,0.9187613513048962,0.8844435181026378,0.9010898541801329,0.8539713082703249,0.8649866618027585,0.8957303467676111,0.8864819349816253,0.8959183924311851,0.8801836973867243,0.8977647451974959,0.9081749739150423,0.9176844326007074,0.9199476414516937,0.9418930519472892,
pre_model_seis1_20250809165457_442.dat---0.9585960285630667,0.9561439779257588,0.8782732440795378,0.9053516240389304,0.891581884060347,0.8520713669535444,0.7319004476337188,0.7121486208214091,0.7050551542456751,0.8079097460072769,0.9216246253106927,0.9201838926972831,0.967400985092844,0.9771853372385056,0.9795198064248462,0.9828835102953264,0.9857234050183604,0.981530095301201,0.9767443025544663,0.9730103203286434,0.9817212165603548,0.9816575539248783,0.9822799254973044,0.9824183850074357,0.9829265997276395,0.9810382374628349,0.9785353681188532,0.9842618422245063,0.9827031838801641,0.9829152146804098,0.980964701143819,0.9845911847705581,0.9858317616498,0.9855626392988156,0.9828146428351732,0.9802470660719725,0.9788871912546538,0.9831601573224428,0.9835734190017354,0.9825432688162451,0.9888601882023449,0.9439593200498387,
pre_model_seis1_20250809165436_11.dat---0.9722297295062192,0.9881584972218154,0.9694388371721557,0.9774652934374032,0.9848290878213434,0.9777862294545384,0.982717800796967,0.9838437311829314,0.9857159772860393,0.9878569053754238,0.9942631896344953,0.9890115894721583,0.9963782732637738,0.9965956937728985,0.9989880533902389,0.9993165660497041,0.9967984803166858,0.993541147534906,0.9901604862546184,0.9906708328838368,0.9922100086153121,0.9923299427041706,0.9867521197770961,0.9817847496823409,0.9741241968225226,0.9617450239200324,0.9678017218115402,0.9593256233538884,0.9754329768334468,0.9749197009839988,0.9731743975795776,0.9758713850970221,0.9809635197991016,0.967145376707333,0.9713546923863193,0.9803413867369253,0.9746106366683197,0.9614379812322821,0.9262992262329871,0.9228380646022328,0.9204249573564252,0.9774793680666102,
pre_model_seis1_20250809165430_445.dat---0.984521923035925,0.9711299990537934,0.979165553585472,0.9806361136436783,0.9831617266902233,0.9746631581032404,0.9690662316274854,0.9358578149210113,0.9344697253773031,0.9381187152631982,0.9072357361388432,0.8894780560977931,0.8727761497957934,0.9679959693964724,0.9806854729236165,0.9854789285178426,0.9793023678384006,0.9649920993106805,0.9551328163880521,0.9293931697491675,0.9049692872000046,0.8168176289012824,0.7908901230324991,0.6777361907455683,0.6894469130146919,0.7014407045215527,0.7552216885803023,0.77733262478589,0.7061475506268895,0.6899271292347771,0.770352638405854,0.7452379860050846,0.7488444715815213,0.7449197852213547,0.794396961024396,0.8068868802404485,0.8662416894030416,0.8450470289774477,0.8970553571647062,0.897053980913129,0.9098757037784079,0.8687586353857767,
pre_model_seis2_20250809163930_54.dat---0.9727766855544006,0.9905006684956451,0.9889148458865009,0.993186706529481,0.9917332885213038,0.9925102666513997,0.9920515602715821,0.9869837295954791,0.9874843081513661,0.9875171179904308,0.9802382053731007,0.961613561255931,0.9401753482622235,0.8884470462693258,0.8856692874429832,0.9028581595963105,0.9659804091765102,0.973365089916411,0.9721508683129114,0.9116255241239786,0.9612567868034796,0.9420392510146947,0.9545692813149426,0.9693413684803486,0.9535959995900208,0.9537133948433556,0.9396339585000142,0.9586149944552612,0.9354045844061744,0.9111969186770844,0.9396194808729285,0.8877931369520233,0.9259125597317638,0.8908928168448653,0.9039095512736285,0.8852010819546021,0.9351027285866166,0.9130282164959742,0.9523762904924535,0.9515416310253636,0.9646324562867911,0.9486624186824306,
pre_model_seis1_20250809165454_588.dat---0.9365761776153663,0.976905696373198,0.973123568202438,0.968199221095321,0.9727870431737858,0.9688644905625409,0.9761462770309377,0.9790838349708132,0.9634422092779305,0.9799036652880522,0.9846798814327691,0.9865399234968307,0.9899287501412468,0.9941940893473562,0.9954737999360175,0.9966740960276598,0.9939751536614224,0.9912243997275777,0.9871723803290872,0.9788030151234596,0.9778868937370145,0.96537214317206,0.9653809594713402,0.9503049634095949,0.958448184327891,0.9548701163949227,0.9484252948910822,0.9616486494707971,0.9425804917748065,0.9578164730212381,0.9627300372301406,0.9641706582597542,0.9442623583322226,0.9507127494128729,0.9487267969714392,0.9514105504517392,0.9576786910383129,0.9504126684335882,0.9430179884653812,0.9372750449402545,0.9390711620626092,0.9664853792215335,
pre_model_seis1_20250816100534_69.dat---0.9361917995273646,0.9518393100945033,0.9462956411845518,0.9573867800850718,0.959938469510601,0.9722479056881032,0.9754542618958493,0.9755633666331368,0.9677587863210101,0.9767398189017069,0.9869051457759773,0.9851195152602847,0.9901151857812555,0.991332970025379,0.9962438109221275,0.9946004565237848,0.9862272939996538,0.9752375289996125,0.9680328556316458,0.975978504996264,0.9631672965994988,0.9469087448649287,0.9468046480369108,0.9431923603317066,0.954165238519063,0.9599321809021313,0.965107095344537,0.9476443371988791,0.9194303027899006,0.9314738657353479,0.9180527389101295,0.8736591670537702,0.8620969452328788,0.8851682514963938,0.9050456983907119,0.8944479687818345,0.9275453396201451,0.9347749342906766,0.9405975162389254,0.945794346189679,0.9465435008171953,0.9507502898805641,
pre_model_seis2_20250809163912_852.dat---0.9924650445273444,0.9964298139721354,0.9960289456862836,0.9957208035733384,0.9964526185830771,0.9927511695094261,0.9947222435199101,0.9895398048219236,0.992105609320493,0.9841596841104309,0.9888466632421339,0.9867660271177257,0.973471693030749,0.9777061890085956,0.9834068056122575,0.9928716840240759,0.9921662584039368,0.9861266748828283,0.9803743610250697,0.985621388159048,0.984499594529187,0.9852729404606314,0.9644713703226715,0.968714924180118,0.9948433795837041,0.991969696240838,0.9797327039515347,0.9818246487211149,0.9834312182441143,0.9741020344644663,0.9764745128643404,0.9828872540577834,0.9799026678250842,0.9842131189528314,0.9810060215058488,0.9753807858466969,0.9671517343194159,0.9640761494998047,0.9692536139455458,0.9753526870830175,0.9740923044562984,0.9833265083703859,
pre_model_seis1_20250809165433_260.dat---0.9890292516646517,0.9823778894082722,0.990640498774265,0.9829123298716368,0.9808493773225845,0.9838020287472959,0.9828627833248188,0.9884797867164397,0.9850863354917735,0.9765068398887592,0.9707259549401297,0.9855772326532379,0.9978998848006414,0.9961124310529675,0.9890968741834717,0.9918764192538041,0.9608765003918645,0.9794853722702486,0.9631095451081088,0.9614748564493724,0.9823777181882944,0.9738092842989539,0.9501953928208956,0.968090863258566,0.9403053591662063,0.9697679419333459,0.9687562540911234,0.9600473374011513,0.9731986761157359,0.9733189483684404,0.957247168740489,0.9585697800003747,0.9506537260558956,0.9599565133013256,0.9622192527139356,0.9546108430392894,0.951344479999509,0.9545500658300692,0.9664417770962266,0.9612813207627061,0.9642246511354968,0.9717012084544482,
pre_model_seis2_20250809163939_726.dat---0.9548975099969381,0.9793560028052163,0.9789080136831848,0.9801064303923404,0.9782441470752612,0.9791966058536702,0.9714414850188562,0.9511523586128858,0.9171061885068131,0.9088875111907144,0.9025628534620076,0.9134898746327017,0.9241385848159919,0.9493170020738544,0.9637265300640784,0.9861383277338076,0.9862758263170044,0.9897054943002862,0.9800824851200759,0.9854916864563787,0.9772049789211006,0.978430838991895,0.9588405979114198,0.9520687425526664,0.949089868054435,0.9540738083561071,0.9649217008703426,0.9638806265251163,0.9540449584187967,0.9530694731275332,0.9471156664386808,0.9493218331293133,0.9480492289060684,0.9557049868916891,0.9479650457531279,0.9475096622031258,0.9456944083479099,0.9484989277723852,0.9469751912645556,0.9284128800845757,0.9348789842046461,0.9557555445570136,
pre_model_seis2_20250809163915_671.dat---0.99117790242992,0.9897679190494986,0.9905937692838712,0.9900216014007165,0.9905882713071972,0.9935227112260546,0.9884909116395413,0.9900261936440383,0.9841780585931337,0.9755935030406051,0.9776744301476474,0.9716601481138186,0.9871535692587122,0.9898362035366817,0.985027491385548,0.9817462451929322,0.9880378449443781,0.9941015742828271,0.9943945290898568,0.9841905168839784,0.9769205525562228,0.9597796220993442,0.9447602684660757,0.9546330707369175,0.9511401467944257,0.9449845149388941,0.940861114467594,0.9276938030430393,0.9444499198172809,0.9278380847382576,0.947487836363957,0.9248583993550837,0.948264100160974,0.9295308233669632,0.9313698442671369,0.9565375988975102,0.9619099615668603,0.9528411753978882,0.9556986957650132,0.9560243518080596,0.9613135890316592,0.9667483138558565,
pre_model_seis2_20250809163927_460.dat---0.8788098956281529,0.9475555862015802,0.943087558971272,0.8914112939967074,0.9250199313405982,0.8671206324270891,0.8628584334773813,0.8412824776072514,0.9283280855132314,0.9270059901448499,0.9557147316820592,0.9616537416019545,0.9482029834302971,0.9883903523395196,0.9860128015236458,0.9837456092722304,0.9903897311353841,0.9897228888198168,0.982479078495512,0.9736579613465575,0.9616434168516778,0.9653409018623126,0.9652147708128183,0.9691776935112927,0.9783616064267706,0.9829780171268736,0.9870160161747795,0.9758453180023531,0.9407242019909835,0.9265762274643577,0.9519163496461605,0.951090061375936,0.9450413573007416,0.9578873274243106,0.9528603603349716,0.9642372511925374,0.9614062932857561,0.9710519945801543,0.9641041762619477,0.9637179959082486,0.9396682117920432,0.9499587637629785,
pre_model_seis2_20250809163915_625.dat---0.9577268539980024,0.91898521575558,0.9449563815863894,0.9440229410701093,0.9342830900218628,0.9198332233662385,0.955291312713774,0.9598940662187956,0.9902404230760817,0.996951584897523,0.997375207856842,0.9918415900353115,0.9890633610090837,0.988475596081018,0.9883251359201694,0.995527956227617,0.9932696752922693,0.9934320361945863,0.9901428220779099,0.9898903430624453,0.9895080425509843,0.9926592022481592,0.9928076437717042,0.9910321592459309,0.9905166117153108,0.9884105101455062,0.9772501613739494,0.9785208052585966,0.9714711543410851,0.9773848399562842,0.9754199821771508,0.960747665876318,0.9420178473363812,0.9346892955223023,0.9193643645961838,0.8848849083083576,0.9031198557426365,0.9061591285153303,0.9255048118034183,0.9218215685343394,0.9513029854368141,0.9637590819736186,
pre_model_seis2_20250809163930_705.dat---0.9721923360786576,0.9882882276626058,0.9884289016627792,0.9864921634424535,0.986647913536817,0.9803488772394517,0.9824799970187376,0.9652564618502516,0.9640148535064673,0.9425979198769807,0.9181087734268191,0.9479370322087913,0.933410826541257,0.9696277990059473,0.9748887439571469,0.9645819646099731,0.9701575625324523,0.9854030204029253,0.9923542043206015,0.9892848622944574,0.9867178827864156,0.9786722851115269,0.9607809459823565,0.9629494950967613,0.9689966965333774,0.96395322481396,0.9596315633986644,0.9534526648534718,0.9622280299268615,0.951188276291646,0.9511912487077882,0.9401951736761924,0.9485266455689506,0.9549871797624779,0.9488222925838083,0.951128448069044,0.9428074837927557,0.9519777555677779,0.9429200614580724,0.962313849570588,0.9683250631493469,0.9637626514116441,
pre_model_seis2_20250809163933_334.dat---0.9828730049169941,0.9838143220214353,0.9670116336418975,0.9829270625710576,0.9849332512913593,0.9876745639584995,0.9896113467814079,0.9897418938963677,0.9923933361357686,0.9877861871353009,0.9801164997943765,0.9801673648539524,0.9813567802509015,0.9839294268026199,0.9855170428822484,0.9932578157335952,0.9954793759022448,0.9990431236874835,0.999444305801041,0.9983413952322022,0.9893584062386328,0.9911571406535663,0.9878761337278198,0.9873293979334071,0.9798218303284046,0.9769385457496199,0.975465693292176,0.9698995559537281,0.9657568195812678,0.9589118075003445,0.95195659048272,0.9645933147844481,0.9596153342000144,0.9511984481488877,0.9739692885820364,0.9772254898245277,0.9783244408550485,0.9769928082613533,0.9736778667688089,0.9794673960463539,0.974883584957594,0.9802399909063784,
pre_model_seis2_20250809163939_409.dat---0.9895575251850205,0.9777869816352615,0.9878513267372273,0.9782501671562086,0.9858388199292092,0.9842449939450272,0.979694752743713,0.9619914265912157,0.9511359923842015,0.9749063945605543,0.9720670298463236,0.9859994086549024,0.9893359514141251,0.9853247572782939,0.9779173647420333,0.9790917322030369,0.9811111441446684,0.9754646261535589,0.966622302703064,0.9395802935547422,0.9428031505744955,0.9374542075681884,0.951763006847524,0.9716721330482918,0.9614080747900523,0.9549352674421308,0.9657996488890435,0.9575918212998338,0.9315259382039773,0.9417105746549934,0.9115542381481796,0.9155875624648371,0.9161619900631727,0.8964067019894004,0.8972796583903385,0.8782197512044616,0.9166390018822411,0.9713823410285772,0.9646852340783171,0.9648805202400447,0.952236457290418,0.9567187871136805,
pre_model_seis1_20250816100519_54.dat---0.9744300443118378,0.9824004034164647,0.9869615597824455,0.9848429412473231,0.9823910671081106,0.9718109983638682,0.9617311875498178,0.9737409429792259,0.9528579870758144,0.9651192192812538,0.9702823946070094,0.9832468137564242,0.9889005785158346,0.9861322492640967,0.9770725897936106,0.9815319812982344,0.9933643853873743,0.9915232777617733,0.9899114204432428,0.9903223656053821,0.9916069183324842,0.9868045321867356,0.9853877791686865,0.9581692197257877,0.9692838580415903,0.970572572759729,0.9683368058920087,0.9654713034299843,0.9773237043167076,0.9828376782446567,0.9619320853451054,0.9602174189935316,0.9458823415981525,0.9383144440234655,0.9343714099814842,0.9253489735631201,0.9255685508786927,0.9445867844942794,0.9563403507208,0.9573730444033643,0.9523570488767077,0.9694307617689321,
pre_model_seis2_20250809163927_469.dat---0.9958883964355072,0.9965644901115096,0.995004482584788,0.9930888958364191,0.9930792742516418,0.9910703688198812,0.9891004234249711,0.9873943143485053,0.9774686234795631,0.9774160531585879,0.9600803843755862,0.9732136407532114,0.9711429954369316,0.9623901961209451,0.9819364726174316,0.9827865989438469,0.9876167856083805,0.9968697400017081,0.987174746217235,0.98147718394336,0.9855318634588691,0.986347380492074,0.9859829750104797,0.9725677980237792,0.9768724627918249,0.9801646395246368,0.9730594584346345,0.9628809003161145,0.9737834204800904,0.9609167499301225,0.9723406753256288,0.9571883210496921,0.9641557871267591,0.9598924165047992,0.9556365160360417,0.9556811565627016,0.9748009315367127,0.9749023088357875,0.9643917340544067,0.971782413995576,0.9641075498782102,0.9769207689229015,
pre_model_seis1_20250809165445_394.dat---0.9871851056341114,0.9912064157653144,0.9933719672510793,0.996980909891179,0.997594973715254,0.9969932323237636,0.9926365122148112,0.9932756043122424,0.9931368753397887,0.9926492735454419,0.9914270691659325,0.9918629658108551,0.9927170388601321,0.9927840470118718,0.9838901356624074,0.9888140225743834,0.9910181544946449,0.9944118781149791,0.9953640965242079,0.9955775880101638,0.9921645589485278,0.9841335323161027,0.9738404992765668,0.9824081347696334,0.9898879881207859,0.9939156793494265,0.9927227115428033,0.9813360161797413,0.963070608017273,0.9563283838137911,0.9694333848617219,0.9749041498670857,0.9749157810464224,0.9763211407760704,0.976905098593261,0.9722732728066175,0.973250844292984,0.9716166007224062,0.9687071009283127,0.9615912741754796,0.9616133667737771,0.9840058047171064,
pre_model_seis2_20250809163912_847.dat---0.932862996134824,0.8917887015792443,0.9215229654077879,0.8983265997469518,0.9357759699887406,0.9218590277780591,0.8769134455314455,0.9421962124165996,0.9462272166136534,0.9482518812514176,0.9646462998611723,0.9682615929720648,0.9943889646143135,0.9968309276916598,0.994742519689858,0.9969347742115845,0.99681213364107,0.9965217651214597,0.9893862464316665,0.9872151756086683,0.9901490753356788,0.9920781786056686,0.9894804248106562,0.9912797928435751,0.9876338143229327,0.9846717885875839,0.9828929809607442,0.9797721171347843,0.9792177276775885,0.9693992836424828,0.9752581935693522,0.9696338866960617,0.9690321889958594,0.9638939480118118,0.9641385313759482,0.934635283159916,0.9731438607528053,0.9470949821079417,0.9643963628344352,0.9683718376634985,0.9852167993877557,0.964947718896813,
pre_model_seis2_20250809163927_392.dat---0.9857604495880417,0.9821666665815838,0.9853388666532905,0.9852440991116787,0.9833450625067699,0.9818028332101439,0.981675855630396,0.978787511526025,0.9790972094293785,0.9722976186715546,0.9733790551995535,0.9740007937642006,0.9651577981181738,0.9770441151859726,0.9627262560912401,0.9637824947235099,0.9743987230458862,0.9866207932813854,0.990896023757334,0.9840632618340204,0.9872979540927815,0.9940626593295042,0.9940822307950313,0.9947569157523358,0.9931818646762637,0.9902169312521459,0.9856132565344312,0.9761066643486044,0.9765463235951868,0.9773558511255546,0.9766201397238393,0.973544497015456,0.9698780487624057,0.9579476169959418,0.9705353329335111,0.9586378260632339,0.9665496970294004,0.9585632009404884,0.9673604920979756,0.956105217952759,0.9627908141447391,0.976959488367603,
pre_model_seis1_20250809165439_766.dat---0.9840656160556118,0.9732656792655947,0.9858552209261436,0.9862080641769968,0.980007296753876,0.975811849235568,0.9730910029137676,0.9432668575973926,0.913237255134748,0.9086604320834404,0.9212122264118981,0.8810127087220557,0.8942330328088018,0.9348827249717313,0.9224993912435571,0.8803306144552772,0.8801239920081695,0.9101064431321251,0.9272644909607031,0.9511704136440715,0.9624109250931764,0.9534900355864487,0.9576318432603118,0.9593636780884277,0.9583795088239048,0.9605989323604252,0.944291793408495,0.9682718695599571,0.9666097143679965,0.9383906076817565,0.9686073819563713,0.9580415905549692,0.9766296873691739,0.9686308978295787,0.9747424931031423,0.9722500468467369,0.9649895024684689,0.9619561844860988,0.9543413563456214,0.9455601677505621,0.9218971574151072,0.9478875777282504,
pre_model_seis2_20250809163927_747.dat---0.9912848667087392,0.9844307164109999,0.9881624339385409,0.9919850602365892,0.9869792912001384,0.9874346840076573,0.9809340881531159,0.9803599861696537,0.9846506371474709,0.9730366972293936,0.9711714950523493,0.9483545231143387,0.9668337233535053,0.973301893827058,0.9723271774424029,0.9558724571745654,0.9355572487321162,0.949902233018203,0.9452398280593928,0.9532122652168011,0.972247897551128,0.9602926260531417,0.9698372337023851,0.967902072376381,0.9630963395021641,0.962369489599961,0.9549739525963997,0.9429567701826451,0.9440266326378521,0.9390007306487604,0.9325655496385499,0.9289374716013578,0.9168889043574047,0.9102101869665529,0.9040468352958986,0.9089600113406576,0.8772995575296079,0.888378336673519,0.8818389794809722,0.9015958864881495,0.9006205037881719,0.9499774944927977,
pre_model_seis1_20250816100531_28.dat---0.9926872178748584,0.9866951328570157,0.9932584905638641,0.9916680958542049,0.9926563297946498,0.9920899164451059,0.9908513599253456,0.9896711327319301,0.9906476427107516,0.9892731873179174,0.990768201762901,0.9917046394676693,0.9932750971327942,0.9943961711416365,0.9943816791768858,0.991043355939141,0.9953511519605828,0.9948342401745885,0.9974324637461573,0.9973220321696777,0.9956958225946025,0.9964501150843788,0.9933730578268155,0.9913547709554146,0.9825729455759776,0.9846361846202716,0.9880196985281725,0.9846384364601672,0.9848674263841136,0.9822905437164607,0.9802534358687389,0.9844659929122457,0.9826612412681128,0.9857019324282849,0.9873142396382885,0.9916745886163848,0.9930284235206069,0.99417773701937,0.9942846851463032,0.9941478506522661,0.989007110713437,0.9905030189823925,
pre_model_seis1_20250809165439_193.dat---0.9503524189760193,0.9732482702563805,0.9822044478613392,0.9683628295321184,0.9873175606992539,0.9861822067611338,0.9877257272329253,0.9919399026274636,0.9936611051489705,0.9902950625312752,0.9914935262502169,0.9908276114254921,0.9906255710185744,0.9950351218079655,0.9960398869576879,0.9915183195423019,0.987896491045831,0.977053499806829,0.9788742602343217,0.9797141718724424,0.9879629696858213,0.9860675885570115,0.9871655614465158,0.9894023941433496,0.9864547878780994,0.9827465131279954,0.9769706927094558,0.9802985315735342,0.9783034177998173,0.9805242733819844,0.9792377385531875,0.9779940244063078,0.9815657290808588,0.9826515877162375,0.9831297966315131,0.980675533155416,0.9818250118005457,0.9826990921523712,0.9774692220404412,0.9763139341748003,0.9700017628230548,0.9829226379128503,
pre_model_seis2_20250809163927_182.dat---0.9373643878745744,0.9460579523123964,0.9579651118787275,0.9440563063025719,0.9482011756737998,0.9579402186151169,0.9383121841194134,0.957594616464367,0.9594180732644313,0.9424637370795077,0.9593424895468351,0.9693450023322813,0.975314942774072,0.9887011953392107,0.9911978491955845,0.9805330806501994,0.9708757380459268,0.9788926326422377,0.9771606685608034,0.9611626797537944,0.964984830414774,0.9568774226151501,0.969330561302939,0.9650314130916923,0.947652469775948,0.9676358696474401,0.9729945176624417,0.9617461813040236,0.9697352997798299,0.9651029946477695,0.9604406301036515,0.9553947452086697,0.9501024083059221,0.9291720436956957,0.9587848276971177,0.9647153657377262,0.9588943887962326,0.9596888192205683,0.9571235615655913,0.9586644268708143,0.966049193554296,0.9610249271566863,
pre_model_seis2_20250809163924_886.dat---0.964658212188268,0.9673979897976429,0.9594930642282639,0.9691402066152796,0.9720000196161509,0.9650445770473467,0.9577008772835826,0.9603467477920881,0.9364243842521747,0.94092183442255,0.9784153026122387,0.9864336057362523,0.984009380598021,0.9951817382056706,0.9973947245383217,0.9979036513900265,0.9970178235836367,0.9972309595728156,0.9979974780428478,0.9952305520701268,0.9940731537718214,0.9851919066587619,0.9806294809151315,0.9832613601004415,0.9717525081970477,0.9852345317872817,0.9864260589750536,0.9885517661843186,0.9882279298719671,0.9802951606944971,0.9758047966453872,0.9798750874955616,0.9798470571465397,0.9825498559333947,0.9672063069551129,0.9796800123146593,0.9695096806227955,0.9840188617992855,0.983748417147094,0.9877356499948456,0.9900675856814084,0.9791129341094076,
pre_model_seis2_20250809163921_489.dat---0.9712341166033723,0.9634695223849697,0.9859553253575127,0.9874214227854728,0.9844999829221996,0.9901517818201588,0.9891353408102279,0.9897850385774368,0.9843317814775238,0.9812805154047528,0.987001121857866,0.9856561548884923,0.9911856326557199,0.9906505907111801,0.9896514055115733,0.9914046025689109,0.9958694539011026,0.9925943496120314,0.9947181068861594,0.9931435131634967,0.9942956267081092,0.9938100849964576,0.9871555684138238,0.9799538843069837,0.978227594803128,0.9496174880509566,0.9702499650603056,0.9423298402154185,0.943016962594909,0.9479549586406606,0.9037229506251795,0.931402212579777,0.9299604673020935,0.9597544148885413,0.9690283063564843,0.9690387333233592,0.9667514490704857,0.9713038119488376,0.9685266084128349,0.957133332563616,0.965073691662581,0.9735962856688952,
pre_model_seis2_20250809163918_780.dat---0.9546362956878698,0.9765614285540639,0.9720812218057254,0.9720420768926848,0.9732041115068799,0.9694084414544694,0.9682893923201632,0.969190707065987,0.9782020014270698,0.9699810372550428,0.9837121666101665,0.9899468585350453,0.9974701089315341,0.9970913640630736,0.9968858085195992,0.9969251327078659,0.9991817400210059,0.994162234582347,0.9945938143614538,0.9903981423523761,0.9888838523604285,0.9877469529307552,0.9859500582139019,0.9796548087766946,0.9790883693848693,0.9794169722822192,0.9713047914599987,0.9769432536823662,0.9741768818293132,0.9576544895663279,0.9572676440025214,0.95169973532954,0.9310942378970984,0.9623830761186831,0.945342029978782,0.9679167590329832,0.9634587315163978,0.9502554331518791,0.940699594992766,0.9650697984097992,0.9611490782879598,0.9736858691185295,
pre_model_seis1_20250809165433_670.dat---0.9687886256160425,0.981789695518297,0.9861511266093748,0.9852651088132691,0.9872476192341375,0.9893473420353067,0.9883887008748508,0.9919890983909573,0.9925841820456975,0.9941023000034864,0.9950857392129026,0.9952137127885428,0.9949391867826155,0.995268828043165,0.9945746759798583,0.9970386847338223,0.9975331276286956,0.9954124500846991,0.995712842316996,0.9962788958168607,0.990750067634851,0.9893622469007702,0.990214369273845,0.9742034330910694,0.9832448405932869,0.970167675004402,0.9763415764080609,0.9849652561910984,0.9883570164455024,0.9864441541059371,0.987939128414645,0.9893872888398063,0.9827115026276761,0.961480637111923,0.9639179606136503,0.9873154051205905,0.9871385436784212,0.9534584561530266,0.9697662325904429,0.9639901860571847,0.9420444922673786,0.9840466441866622,
pre_model_seis1_20250809165457_776.dat---0.9931244982946652,0.9943364848855325,0.9909598806841473,0.9929935659576372,0.987346012076425,0.9882313697262479,0.984881040371281,0.9785237348767972,0.9785768008702677,0.9721880043619854,0.9621706261118038,0.9859678980624251,0.9899020945633442,0.9921390593275916,0.9924401953417321,0.992533373495783,0.9933567039655604,0.9886541115161135,0.9729680566126229,0.9711716861778525,0.9940046876465458,0.9813808486133621,0.981937910922839,0.9877270045107127,0.9912007033348366,0.9905742590386862,0.9948716770872242,0.9954939508710838,0.993572817657977,0.995503921259551,0.9932938981883783,0.9935329876304969,0.9912348660434398,0.9852501966039742,0.9825502409095531,0.9840665238957335,0.9731276709331155,0.9735534967653141,0.9802749729467005,0.9763819909017073,0.9700104097149802,0.9856587861647813,
pre_model_seis1_20250809165457_392.dat---0.9918373456007495,0.9867082732048306,0.9925971547507797,0.992286561847358,0.9912925058924144,0.9883774979578229,0.9859025858089208,0.9827342637025566,0.9791155872980971,0.9792527696991272,0.9810931102370796,0.9759583999549895,0.9750326707411701,0.9812307034696118,0.9835275690381019,0.9870920367639766,0.9933709400520501,0.9794880835053826,0.9839700275014558,0.98180991240183,0.9935654132127433,0.9836263601463542,0.9865605668902541,0.9761119372691799,0.9759006384423565,0.9787896279428815,0.9590498732159212,0.9639018987959223,0.9416057820428806,0.9187820609192555,0.9048170929785032,0.8982356350281672,0.8809254390664524,0.8621822766601414,0.8351047065635122,0.8625856950750129,0.8370334124472305,0.8650757085232819,0.8851627581384027,0.9049628285987087,0.9223120836909494,0.9519260925628393,
pre_model_seis2_20250809163939_750.dat---0.981227824860719,0.9861052021051276,0.9848601036309935,0.9879856401376821,0.987412398236448,0.9846438424034449,0.9852252214460699,0.9814492764518162,0.983605879158283,0.9814227936317053,0.9851272700834648,0.9929679564472846,0.989246625169244,0.984161355159263,0.9983007319577003,0.9956105265014906,0.9892392983210421,0.9789012785278828,0.9787179638923589,0.9862310512096968,0.9774943810809658,0.9845612081788867,0.9853483158462487,0.9812464756683699,0.9894721567784539,0.9881784596905946,0.9841406547504026,0.9803512426930661,0.981685888131543,0.9570208632999301,0.9660188783823405,0.9660457456293327,0.9724771166942114,0.9746002965623075,0.9699090631282024,0.9809282283153355,0.9822613973085946,0.9854605198174162,0.988416254259603,0.9886667975606106,0.9846088874177117,0.9827154895250206,
pre_model_seis1_20250809165454_346.dat---0.9872476256683594,0.9903310983989407,0.9893821172970731,0.9915510445357562,0.9915244482850024,0.987574499992003,0.9892651819538621,0.9756312742738846,0.9664445476396526,0.9752179954402656,0.9728856161570423,0.967551552188329,0.9616621752985857,0.9714358224448065,0.9865197478274768,0.9839733978620099,0.9771213819077086,0.9738776205961908,0.9660031416686167,0.9604383237438358,0.9629007794821446,0.9581993397207746,0.9874969985279254,0.9790070935579942,0.9690821101997951,0.9419649477714274,0.9397564060053166,0.9395092381393385,0.9406966189420918,0.9404906296688107,0.9345870474378195,0.938328847706276,0.9376411909130519,0.9260918086177781,0.9298485561150298,0.9287426825592082,0.9082296236803898,0.9251939661646867,0.9403084087244342,0.9306277207752232,0.9541791521335707,0.9604517507322559,
pre_model_seis1_20250816100537_75.dat---0.9960869699263877,0.9948194861361239,0.9934540847292014,0.9964782118557268,0.9960237184101403,0.9961096464193959,0.9955897386327632,0.9951228888822563,0.9965736145970484,0.9965736326265116,0.9953293461567121,0.9971262695261178,0.9979106798001224,0.9974882661952702,0.9989581121786986,0.9994373844556285,0.9993765993048658,0.997275756747991,0.9943859172504813,0.991163255070455,0.984783302231718,0.9831662038348006,0.9763097670028023,0.9696767583297932,0.9466404045645973,0.9603497740025574,0.9608136106306095,0.9556123552921028,0.9201322664532808,0.9425081855716524,0.9331294646913328,0.9090949311064157,0.8977297667876896,0.8731247599444678,0.8555225202106254,0.9089457578225288,0.8775013492255247,0.9016190252944141,0.948253481545054,0.9379364160028576,0.9483999329635789,0.9638178929856174,
pre_model_seis2_20250809163924_884.dat---0.9884751764099587,0.9856054752939253,0.9923125050721238,0.9909589627065626,0.9790989598938064,0.9851224780727604,0.9752561782933039,0.9685975491101019,0.9772319027116408,0.9716252035133343,0.9717026411519704,0.9798939887912151,0.9846082610682642,0.9798515232554225,0.9834483777587723,0.9936981019038574,0.9873535639263776,0.9853450577851606,0.965906597858681,0.9437803796461635,0.9353492362529573,0.9381796723433272,0.9282686921257598,0.9589324504451724,0.9459447762237375,0.9511731031071188,0.9518008387574665,0.9616896909315635,0.9617257476318934,0.9549547467767739,0.9704168545773081,0.9650872572671123,0.9588001741379749,0.9743578930917784,0.978491870461227,0.9773706609012212,0.9837367778074811,0.9869799397442885,0.9845764732408829,0.9908568520188604,0.9906072658700408,0.9716871672667645,
pre_model_seis1_20250809165457_511.dat---0.970408948315808,0.9720534136477446,0.9788774750643612,0.9759174799096728,0.9831191759418242,0.9885190480723535,0.9889916108975652,0.9834112291876231,0.9858507403888226,0.9885178842722621,0.9913936499783896,0.9910551364694591,0.995875973959328,0.997346896354571,0.9979314206670099,0.9972994757024637,0.9970508141848308,0.9961517348610494,0.9972081869167937,0.997799239668427,0.9954529068072743,0.9969174104827362,0.992067975170674,0.9911550119371696,0.9862939732535829,0.9883114375832981,0.9801964308341038,0.9802324287864029,0.9807264629213341,0.9832501180517009,0.9838247321386239,0.9817348114858361,0.9804514705552058,0.9722920357434727,0.967309318829978,0.9805331103475796,0.9829346222146671,0.9708036548923878,0.9737325854381301,0.9714914729519002,0.9681910425736002,0.9849434767673174,
pre_model_seis2_20250809163939_92.dat---0.9739812856459158,0.9873289120807817,0.9846211232391467,0.9871866921102181,0.9889480371981982,0.9848554235109412,0.9877426219989172,0.9914323178816904,0.9926596209363585,0.9926441896244433,0.994823792978288,0.9959857679063437,0.9952414983012053,0.9962399073920611,0.9959623223158681,0.9950794154885823,0.9824995989610604,0.9739619155991381,0.9817500083106457,0.9797812060298957,0.9787824187150008,0.9753696004630773,0.9861670833929679,0.9868862655926696,0.9860563456524811,0.969883351525259,0.9587459124621671,0.9366534645918686,0.9356723694874158,0.8983207963211501,0.852702595506591,0.7947621112171616,0.7855345259776627,0.771181270170781,0.7754688003347435,0.8012930115531892,0.8279134528814256,0.8604934785525685,0.8813091635745507,0.8837816238847598,0.8875112584514594,0.938956452629723,
pre_model_seis1_20250809165439_782.dat---0.9826064922893107,0.9743405765562574,0.9557328606847542,0.9348325516586008,0.9454370456385429,0.9259461127798035,0.9213552646989124,0.886355724983667,0.8932055755454061,0.9044508071786758,0.9234655565833563,0.9516848460183708,0.9128869182087735,0.9176879546473262,0.9563376360636804,0.9486287352661383,0.9541888452758605,0.940280522616796,0.9233256571394767,0.9357424498684636,0.936222503311201,0.9275408442149049,0.9219937122914296,0.926244807426772,0.9161352781752047,0.9139134874471844,0.9420363647675907,0.943099925815446,0.9564412797019274,0.923945293312965,0.9388357133296015,0.9466207567372524,0.9271483875154455,0.9497519800616074,0.9407878366094213,0.9262468675688198,0.9184084863607124,0.9468304772332465,0.9475184805373023,0.9446324694970685,0.9193745482830464,0.9342005276561055,
pre_model_seis1_20250816100540_95.dat---0.9759901969689859,0.9814320611663174,0.9866306796872945,0.9865118486438241,0.983638150344845,0.9799558191921135,0.9590800969220918,0.9694559980220424,0.9603683743038842,0.9667223652860439,0.970607442134647,0.9658611431872757,0.9675921202373478,0.9760869196596685,0.9613158143451989,0.9606162374112359,0.9697073826335232,0.9729229901282638,0.9772742242626454,0.9677879210328163,0.9756404008909705,0.9665896678361832,0.9651240162490681,0.958093170321431,0.9511542017367488,0.9579136843487337,0.9537532035434664,0.9357990055720271,0.9427641021940549,0.9251434705929267,0.9286578012574829,0.9156810234598547,0.9363273168198109,0.9190904025628767,0.9381743327814285,0.9413371536503775,0.9240730354058595,0.9416358987240055,0.9395317236659015,0.9422341587548525,0.9333616747762852,0.9568692007491322,
pre_model_seis2_20250809163915_755.dat---0.9841281626427134,0.9733403696317231,0.9653370233043453,0.9725921988674574,0.9772092621058357,0.9600680050699141,0.9477381300426955,0.9524851699080079,0.9348002475055515,0.9189999754293181,0.9289774903693955,0.9268992923504471,0.9275901370049169,0.9467182809108782,0.9560879609765426,0.9594567591608885,0.9512972342821392,0.9820434661475654,0.976897152852376,0.9809839021626156,0.9739596781808512,0.983534426808438,0.987863177831315,0.9890347691140214,0.9900222404121568,0.982914359345163,0.9737550003934982,0.9755784513421178,0.9808887314898346,0.9865006514395838,0.9837620518368404,0.984535490979975,0.9835075205480893,0.9774196388968659,0.9767046416990284,0.9827898209129262,0.9821935393404972,0.974896090766387,0.9659050515960743,0.9693090599272143,0.9513120318246073,0.9678057718392881,
pre_model_seis1_20250809165451_510.dat---0.9629547843112777,0.9809850649455458,0.9888821606934367,0.9864487899887312,0.9872476899400779,0.9851369374933907,0.9870824011939713,0.9889399612811798,0.991052736262249,0.9931667879648972,0.9920565982415185,0.9862691498575705,0.9778275187112025,0.9825031192743299,0.9881997255340645,0.9863796382454652,0.9883663079846887,0.9864932755240109,0.988550354138227,0.9890216488674566,0.9887990531850096,0.9898997970034881,0.9858541989559252,0.9681190335014733,0.9563341719410323,0.9623545188385916,0.9441307975405192,0.957106476953663,0.9291651306544012,0.9624204256762902,0.953940089422878,0.9295643262263079,0.9311649895616549,0.9487312157948622,0.9275590634274128,0.9365305832464722,0.9561567551035196,0.9545420748388319,0.9548778417570203,0.9295580287905176,0.9443175697943494,0.9689924583577443,
pre_model_seis1_20250809165457_351.dat---0.9811015039013471,0.9728849702798259,0.9784434007986214,0.9798147374645565,0.9765015886718659,0.9786725217351507,0.9818617680167883,0.9792545640843787,0.9787349272973973,0.9692651434423183,0.9727530450104493,0.9595385757261274,0.9571880638766223,0.9413116555628993,0.9925920532063798,0.9912369401881789,0.991606738142822,0.9937858899634414,0.9961734007426313,0.9955283700136068,0.9951041809986972,0.9863493366876467,0.9827594840325166,0.9855670154859193,0.9736470748948777,0.9551657525393192,0.9615764006183752,0.949437394049852,0.9299689903407359,0.9168760493396085,0.8914889714846673,0.9158162337539304,0.8907851479477241,0.8966704779265158,0.8760233216228934,0.8771168048948969,0.8161767280657768,0.8112925363439459,0.8831074294353637,0.8786552503414035,0.7879213383502003,0.9446281896897628,
pre_model_seis1_20250809165457_812.dat---0.9811410156519625,0.9692611753565403,0.9537830630834733,0.983575102017104,0.9731350981994727,0.9721689924861316,0.9627575821669099,0.9728892419483677,0.9707382823732722,0.9636984575596342,0.9726706836148372,0.9658717582669686,0.9584060726439255,0.953975632528449,0.9498684255233243,0.9760824207347886,0.9779551089675845,0.9572097283092333,0.9630041442294405,0.9548707615533514,0.9355931477606659,0.9465635267363877,0.9446123235041858,0.9151932619319766,0.9148720507940794,0.9153716976487446,0.9313364852795593,0.9277048191153622,0.917397479544978,0.9342640827535319,0.9474394376777889,0.9580167277127651,0.9437439399270782,0.9432928892897465,0.9318134864324018,0.9223159543142327,0.9156818395391828,0.8969643531813741,0.9091153046975106,0.9088701529384502,0.9076857406272413,0.9463636938688295,
pre_model_seis1_20250816100528_1.dat---0.9894484002752335,0.9908729752683361,0.9911800406731501,0.9894163072404791,0.9820545103971513,0.9756717535433825,0.965971967580193,0.9529511217841035,0.9393395133458141,0.8996194904049697,0.8806377374399652,0.8915329222376013,0.8737901818218808,0.9154859882872646,0.9422754937281935,0.9539690779272213,0.977567201774556,0.9819278254165317,0.9755923597865442,0.9909322051099827,0.9874999530674079,0.9803674705076665,0.9732780463513738,0.9696908214245487,0.9709745123512038,0.964549003053528,0.959494805609783,0.9466390781920351,0.942266175583927,0.9518764963884889,0.9616516516046326,0.9615771251889993,0.9682065957867654,0.965404696971574,0.9741514075704155,0.9814415370333952,0.9785036144225682,0.9803086370699255,0.9663116028944292,0.9724386007533482,0.9639562405279214,0.9605079303999146,
pre_model_seis2_20250809163939_517.dat---0.989277618371258,0.9871384057124418,0.9909033432175458,0.9895360337495944,0.992216931400671,0.9926475286157338,0.9892302700624941,0.9914454052769033,0.9897588317848675,0.9851374573300593,0.9710673565658463,0.973155307864391,0.9712913361362306,0.9807654365510676,0.9652056953808538,0.9865196299677312,0.9847198269924842,0.989240484444077,0.9968383856885219,0.9966495152955883,0.9884039993755022,0.9892327079591743,0.9882947618940366,0.985961739138726,0.9710700040490972,0.9681662013736899,0.9609459880880771,0.9624774197563736,0.9724375778467077,0.9674295903014365,0.9153272412587844,0.9194691430647538,0.84320344811774,0.870944576080167,0.9062302021578469,0.8985988209546127,0.9230003440114154,0.9275708565665326,0.9262880536922081,0.9269746360133414,0.9307998691553954,0.962331023933268,
pre_model_seis2_20250809163936_124.dat---0.9905449388942396,0.9848133891507043,0.9912033972541101,0.9856706183359033,0.9861196007313716,0.976907774496819,0.9813579156636489,0.9895148386786183,0.9904981684976436,0.9940756420158342,0.994287948186456,0.994605139891626,0.9927198639661552,0.9924376302379705,0.9955642862081648,0.9960686905494123,0.9922805505780492,0.9931644713911144,0.9960438466387104,0.9899706358466263,0.984367755425651,0.9827974802149742,0.981254512041771,0.970882183493166,0.9621603343658686,0.9631015978870927,0.9433319939826708,0.9497698294190964,0.9536381169599802,0.9384529114930812,0.9326108774871908,0.9222760251665635,0.8948343797663941,0.9065990846103259,0.8846548236428,0.8819680637459559,0.8702842499592414,0.8968166871175096,0.8913177038354713,0.9220525973002851,0.9632024302507998,0.9610786093994895,
pre_model_seis2_20250816100712_99.dat---0.9237861684596551,0.9512656450102613,0.9854153689184367,0.9869697160748191,0.9874573568656355,0.9873349414131015,0.98730935815502,0.9869331017296682,0.9845014527587892,0.9798184920429964,0.9850839036880038,0.9926136334375135,0.9915691790852482,0.9924480409283403,0.989870722369996,0.9901455953962085,0.9940532833479827,0.992636770201138,0.9890161997944665,0.990668515455663,0.9924480869822769,0.9878182660096891,0.9889371279479952,0.9800583559277608,0.9831883066720247,0.9666591815151605,0.9749833924422326,0.9801999899462688,0.9760940238903154,0.9745750088638556,0.9851785918022088,0.982566678274298,0.9787357354554076,0.9732894501378377,0.9790386097410513,0.976275432083873,0.9813705179393094,0.9828310288548543,0.9832697201671315,0.9869099129446124,0.9846568896158658,0.9821458963987068,
pre_model_seis1_20250809165436_195.dat---0.9914276158726656,0.9820579095529712,0.9787870550881546,0.9835015643080626,0.9870745112321403,0.9741170980956291,0.980761612006291,0.9731808725785577,0.9666318173707207,0.9738786255786944,0.9847472511887352,0.9890734259604053,0.9933609385117171,0.9918967630398153,0.9936935770942472,0.9901477973432526,0.9808253298948525,0.9852695898225352,0.9813624724697717,0.9806975090088068,0.9787789846839638,0.9845581567146608,0.9893522504423066,0.9918757579234249,0.9925679027565331,0.9891298276441102,0.9755535728319126,0.9776280309359118,0.9751979637588091,0.9737484657654023,0.9672657473447878,0.9710344296876988,0.9712447645665659,0.9651236266067124,0.972844873370711,0.9524686206094065,0.9548196802841185,0.9261887302776736,0.9232511471246245,0.8840978849522124,0.9060061424267937,0.9728104852860089,
pre_model_seis1_20250809165454_158.dat---0.980891629165934,0.9823149631965056,0.9775120998871503,0.9715173797623521,0.9821596119239664,0.9797780827653281,0.9801525286006558,0.9697720187046248,0.967203050149874,0.9665142477307392,0.9542627893968816,0.9432201820782361,0.9334144963687032,0.9602481910410804,0.9544205212719452,0.9806140890433382,0.9831176172219183,0.9820967801618126,0.9675828562816615,0.9694507357865967,0.9821196797155621,0.9697481068333131,0.9700475102123765,0.9470842856215007,0.9569921522102174,0.9372508981789729,0.922638554671343,0.9393036443231179,0.9440028341500624,0.9343511805338336,0.9491960026684064,0.9401752421818417,0.9594206499485068,0.9479629533886498,0.9621419249349265,0.9388482868443191,0.9135279932381054,0.9314113574194406,0.8856934541652113,0.9056903568984952,0.8666433543385818,0.9534266900735634,
pre_model_seis2_20250816100706_73.dat---0.9928711562139629,0.9880832160075675,0.9931437135395442,0.9922312718773189,0.9897593685425119,0.9881871760651144,0.9841031843030073,0.9843585207751102,0.9770655574992663,0.97983168103131,0.9834057659943362,0.9959519815626896,0.9977157539939806,0.997484186476306,0.9972978913269362,0.9973269455308938,0.9943592710219797,0.9928749135935391,0.9911653972684553,0.975729927638725,0.9801842822556531,0.9768405073156957,0.9512086612496767,0.9722623128693579,0.9534388380646371,0.9541559572261531,0.9722014913599958,0.9588744786383121,0.9592190677879303,0.9693663845212409,0.9572474842804822,0.9467278445534295,0.9496451818069528,0.9554437422868929,0.9523876040464501,0.9502892653626567,0.9479618975182433,0.9374016346463356,0.9598502337040163,0.9644556482668802,0.9568290540863923,0.9736326451734132,
pre_model_seis1_20250809165448_0.dat---0.9952800407767918,0.9947589264591713,0.9958261470449831,0.9931402150720055,0.9949160259342883,0.9928523723967806,0.9944979805983561,0.9948579247394853,0.9931532710807832,0.9935354188378077,0.9936664013612267,0.9966093405365487,0.9976176802355731,0.9973379263041134,0.9957380816925929,0.9992524960818255,0.9984558135135533,0.9990193164067461,0.9989366134506279,0.9984731774288382,0.9971098052993177,0.9969538727594136,0.99612052520995,0.9939531232603516,0.9873002635540347,0.9888638243508042,0.9816457691021493,0.9832510173648775,0.9754607944173912,0.9607675809360637,0.9406454434944149,0.9451298430311081,0.9540045070008675,0.9414297969286258,0.9611472554620107,0.9644173469340308,0.9546664852149206,0.9680932921728105,0.9644585089532645,0.9637254902841286,0.9498728025616757,0.9826083541035195,
pre_model_seis2_20250809163915_225.dat---0.997885948395698,0.9971965345834332,0.9958891309107518,0.9952822296082721,0.9928120381248666,0.9907955643608547,0.9830560206847212,0.9789963249354415,0.9621690340832856,0.9572939568693275,0.9517746412374417,0.9576622797301921,0.9567452831208654,0.9542209246586304,0.9540119370074415,0.954273987040066,0.9784988499298526,0.9879361935127247,0.9759010010182763,0.9738461452856092,0.9714070519163892,0.9708586074637859,0.9636700537814603,0.9557461909326548,0.9250706164146948,0.8697027491147559,0.8741667089791129,0.8279724649228062,0.8506309994923312,0.8775630459114986,0.8506031836580696,0.8535088510849581,0.8887471801564005,0.9030523483437216,0.8860344513739731,0.8697766669992603,0.8838640539491442,0.9094344313567729,0.8817911650871758,0.9464304737439071,0.9449636102081724,0.9366156812192388,
pre_model_seis2_20250809163930_793.dat---0.9489242857805423,0.981538065424706,0.9804159827640611,0.9823721117608197,0.9830024314460727,0.9918978049326003,0.9956458569835327,0.9943441295238142,0.9951347800497055,0.9934550842326544,0.9931885777675334,0.9980619423518886,0.9973014090620361,0.9936024255757439,0.991453094142621,0.9939972648017906,0.996761709178931,0.9953449373786157,0.9915948559913988,0.9927277286512628,0.9906353128710215,0.988492922200918,0.9866841283252117,0.988488430741845,0.991022458291926,0.9890162204352803,0.9854672209130806,0.9798656258006566,0.9868254280432495,0.9875926718990442,0.9882707448016368,0.9779963103312094,0.9682758395917553,0.9688611700113681,0.9752382696746921,0.9674800768988002,0.9478088113357427,0.9481460379922404,0.9578092227656537,0.9571021713546698,0.9232086715486775,0.9815866396007076,
pre_model_seis2_20250809163912_0.dat---0.9650334054667241,0.9918634191306153,0.9837319363351877,0.9876830909203839,0.9930572249711296,0.9901292951185507,0.9859461385639631,0.9792891843966298,0.9766360810532723,0.971270386079706,0.9419885548312665,0.9490659196324704,0.9327510084506822,0.9514346442166303,0.9453705111995563,0.944694837098062,0.961727062588828,0.9680446830053112,0.9783415351444866,0.9818423669256203,0.9711935228503428,0.9559693053645665,0.924869814712883,0.9520136088607775,0.946709712122552,0.9400096218903964,0.9217233439081606,0.9154811380943885,0.9463156505403614,0.948947999828848,0.9251240553015786,0.9281637995443058,0.9634374014031587,0.952658392164548,0.9650613610304232,0.9641133346055489,0.9663514610271858,0.9618969451670443,0.9667818417798939,0.9614336828988203,0.971266964301994,0.959254249817728,
pre_model_seis1_20250809165457_503.dat---0.9723518364264471,0.9505556700664147,0.9770162421976447,0.9755152844247443,0.984293297818176,0.9780569793992168,0.9865395222109995,0.9849984382068655,0.9907729184541859,0.9910715192696341,0.9913873279664147,0.9960129872237637,0.998406576961844,0.9979233800883789,0.9940779193050768,0.9938531302421967,0.9937906629880077,0.9937210142756462,0.9882639283545354,0.9855461660100877,0.9860135985693464,0.9859846037543393,0.9798525665773853,0.9783761084328395,0.9764139960732661,0.9749917507868482,0.9824812189233667,0.9865842497540243,0.9899062018532435,0.9870385047518051,0.9913785227630046,0.9928307682671498,0.9908161072032754,0.9831521518789895,0.9770777836948074,0.974760708221598,0.9512912330066472,0.9492234903723404,0.9548845646816857,0.9570301913271962,0.9629407202362428,0.9813947278785289,
pre_model_seis2_20250809163918_97.dat---0.9877389007481078,0.9891021911399044,0.9822517719746413,0.9891561306125717,0.9869135093871327,0.9810419364049695,0.9826333246245468,0.980836749710165,0.971470778915846,0.9802183423899142,0.9788807900013741,0.9810051801986658,0.9760123031560949,0.9786242821381036,0.9801242964209035,0.9798998058521745,0.9876505268662041,0.9826413728893989,0.9924403781728025,0.9851635647910829,0.9824860038621018,0.9882727422609336,0.9893573960633756,0.9820948923794942,0.9808129049572152,0.9793356933763814,0.9829315839120456,0.972085236879804,0.9731888425935581,0.9655774908546133,0.9740185634422585,0.972268623838485,0.9648498265214835,0.9565722566027516,0.9552975458195971,0.938045819841457,0.9557727714371838,0.9456750364602092,0.9514363083412328,0.9183741948815719,0.9442367304234407,0.9738169902718001,
pre_model_seis2_20250809163933_104.dat---0.9515576862718673,0.9837292300677373,0.9692257483048302,0.9800040022780049,0.9473145715894999,0.9716354684444147,0.9584878094062532,0.9603034412794282,0.9457395791997472,0.9565728961617079,0.9689614614133825,0.9534662701302941,0.9675934363778002,0.9427155252697148,0.9136284717226584,0.9626293904921099,0.968464568829559,0.9631932006242903,0.9437880959835061,0.950718240826989,0.9728130439627501,0.9492256475262811,0.9636498151266402,0.9707323737457639,0.9659054445257,0.9696348183365954,0.9677465086941085,0.9757631655289069,0.9730875980154818,0.9498198979366563,0.9550515055757314,0.9598609622011766,0.957549205336782,0.9727929199589339,0.9674360309661774,0.9692075820686546,0.9813971025521855,0.9791324983058782,0.9654118777767675,0.9384304936013754,0.967428985552862,0.961751379804127,
pre_model_seis2_20250816100724_53.dat---0.9876655532934976,0.9716248307135757,0.98505952631675,0.9844580034015624,0.9768752336320558,0.9776373033250154,0.974925059480169,0.9621992515394241,0.947017561998086,0.938827173295027,0.9245656518495522,0.9165385995361678,0.9541619119372388,0.9610712336529029,0.9793076712702883,0.9957651219208318,0.9726083883513102,0.9578781844612645,0.9613723772170986,0.9692292496914078,0.9755428987588916,0.9579748382626857,0.9597665096210517,0.9613035158929238,0.9616944686514722,0.9677987232848769,0.9737141651875708,0.9705610712658964,0.9662934483156578,0.9803089757873868,0.9805827607582155,0.989005368547472,0.9945249505662828,0.9952852989816683,0.9913957826639858,0.9905717166012455,0.9831308821845907,0.9822021023041352,0.9810004981395795,0.9741472786307762,0.9588691621300509,0.9705966415468203,
pre_model_seis2_20250816100706_57.dat---0.9948413927954156,0.9947699054211508,0.9948584819371148,0.9907533489926871,0.9930810779977495,0.9806381115271519,0.9865630839055641,0.984065524853933,0.9807043682994708,0.9717537553731836,0.968545352630534,0.9768117309281671,0.966828736035142,0.9639902262138792,0.9539259916460466,0.9454816931483444,0.9456798108202434,0.9636916873732277,0.9798634757313763,0.9843167525620311,0.9621224123920906,0.9682294119070889,0.9806370039855326,0.9861002307563985,0.9838870185095069,0.9906376210414424,0.9872093964760044,0.9856639825734068,0.9812824938164789,0.9825349325553852,0.9779270545101175,0.9806997255120544,0.9601601838468494,0.9498086635495704,0.9451692269654379,0.9543046528846987,0.9432961302041154,0.9259079220196433,0.9552889862136154,0.9569129638538472,0.9440520328631166,0.971292598893386,
pre_model_seis2_20250809163918_397.dat---0.9866743372329467,0.9766924379491945,0.9819970171606516,0.9872713182302162,0.982349136326783,0.9853297976334585,0.9840135491955434,0.9886805518642341,0.9874598689289849,0.9841577301621146,0.9850973251689146,0.9860794923681145,0.988143580774324,0.9811316344377878,0.9696854777078093,0.939733571312068,0.9561457948602486,0.9289517488454819,0.957882254416087,0.9586444879342992,0.9656218251270863,0.970266524483955,0.9626087434210371,0.9705291035133471,0.957221849353505,0.9511509896955282,0.9328524042048064,0.9109805335777956,0.9566599638885502,0.9482526248614733,0.9500334464831492,0.9687074376951198,0.976941635693322,0.9866550263780014,0.9854877451333854,0.9872408974674299,0.9806384276919686,0.967158441329728,0.9668322955290856,0.9679706475531934,0.9680724744784438,0.9689757109772972,
pre_model_seis1_20250809165442_7.dat---0.946218801211536,0.9585822750290627,0.9721315814012129,0.9584236848126947,0.9706051735927526,0.9823212613356263,0.9831051353183494,0.9804199551991076,0.9785687023717673,0.976206225986019,0.9895240493821986,0.9930941578875087,0.9925200627988349,0.9876008186677391,0.9976140600831584,0.9939411066117114,0.9932982787320713,0.9910007403865158,0.9749785158581552,0.9885747765307321,0.9899225168452291,0.9891936636248307,0.9755503680721388,0.9664342119305624,0.9594505761149028,0.9696491815647272,0.9716792709902878,0.9648645856769191,0.9702338945723129,0.9687077181760245,0.9575078030621985,0.9645995902572597,0.9630026223314885,0.9654519496861245,0.9665277821556614,0.962943113938468,0.9605259943439468,0.9636730779552696,0.960216300650024,0.9798157439658545,0.9815593388908606,0.9746399675122399,
pre_model_seis1_20250809165457_523.dat---0.9811984196880288,0.9809797369606802,0.9887840521381702,0.9866689616055583,0.981063273413548,0.9868209117187741,0.9808844392114905,0.9697941517875454,0.9751095236287887,0.9704061264179351,0.9670194282737224,0.9697135006014347,0.9808158179966606,0.9851937648797194,0.992844209307345,0.9956835874324245,0.9970182011527065,0.9948093658832978,0.9845277163443172,0.988337474901941,0.9886798759898785,0.9865164202027199,0.9870828039556105,0.9822115226559299,0.9835852690027641,0.985662224610552,0.9899794639561001,0.9798231111331506,0.9799220909770079,0.9844263871444308,0.985043555502176,0.9811972305764455,0.972677426081923,0.957334558808053,0.9432016865214954,0.9443992530950387,0.9428399987880327,0.8980784167173369,0.863926856903152,0.7726596885644569,0.8443895954450602,0.9661295146335463,
pre_model_seis1_20250809165436_580.dat---0.9862807737852294,0.98411083873362,0.9791716827169245,0.9861508506545278,0.9818314069855384,0.9884658186113242,0.9779104093387944,0.9880118850163596,0.9889150735857128,0.9816237359956785,0.9779655389519466,0.9783062665206392,0.9817686599648818,0.9796845239786554,0.9900725474344942,0.9826424512691079,0.9876815099841627,0.986589563285399,0.9906008991424996,0.9887016992709163,0.9885481780057388,0.9865918772994798,0.9821383481088962,0.9859900120923397,0.9855664980497335,0.9853188343265502,0.9894601959505617,0.9898933548648704,0.9893316066977114,0.9881552796085129,0.986944326228668,0.9836484171081815,0.9846681214981315,0.9853364552971803,0.9857528775388776,0.9801756270383667,0.9763946203494978,0.9755099687717217,0.9800593383346864,0.9883794987604533,0.9875827456535661,0.9846812760197593,
pre_model_seis2_20250809163918_462.dat---0.9507195357088132,0.9744962401081868,0.973794761789546,0.985896367647222,0.9725615663074665,0.9678347037352717,0.9668015613043072,0.9619217089022797,0.9595664374680364,0.946488604834946,0.9599930150350475,0.9888445439672957,0.9876590576742128,0.9808848000275758,0.9943975285737094,0.9910118722497403,0.9866100486306839,0.9839432077470137,0.9854857150796761,0.9885757630149506,0.9843480477870455,0.9826728162813729,0.9832051895080834,0.9850449856855285,0.976284531593014,0.9858747270591766,0.9796641377377527,0.9815414258514537,0.9749100010852553,0.9754325509907382,0.9791373426272023,0.9824908184931049,0.9830237152874267,0.9876663667168918,0.9852489007733277,0.9829708465503787,0.9689316913256634,0.9272181251322833,0.9173824798611737,0.934644606637288,0.9155303241509132,0.9727002602668551,
pre_model_seis2_20250809163927_445.dat---0.984316959997264,0.9916802963975991,0.9910343981705102,0.9859566091226039,0.9929889585611023,0.9894388377198322,0.9919101300376895,0.9874985052140565,0.992540931470301,0.9938882112919354,0.9942843664429591,0.9919258286814078,0.9931334846027483,0.9930489066731601,0.9916570043375454,0.9924388746630081,0.9945508983194322,0.9954963553799403,0.9961023137793034,0.9955342355206357,0.9876767446984723,0.9904476770405064,0.9877581001281914,0.99038951376376,0.9880950909250265,0.9906348005337476,0.9826954627621431,0.986995702979112,0.9868679105929541,0.9866704993660889,0.9822879689975983,0.9863180837337443,0.9849088126255409,0.9845584154585395,0.978552813829929,0.9768283311523597,0.9797811291421856,0.9848620251230098,0.9759284946682114,0.9746026222524441,0.9699654217981513,0.9877134567793839,
pre_model_seis1_20250809165445_55.dat---0.9751507319844682,0.9638938384441993,0.9832797898950544,0.9787910819032247,0.9729239695436881,0.973694204748039,0.9649802632422303,0.9733219352619715,0.9756359480139782,0.9664419399821118,0.9613634786180777,0.9637332939857784,0.9535749587826969,0.9657464109885483,0.9775298727078894,0.9742996190007449,0.9808453426392291,0.982862634145801,0.9899316758801019,0.9763667542452451,0.9862066841535885,0.9792702801426679,0.9733877324584582,0.9844344169880459,0.986904499765181,0.9727259942346521,0.9748229668250153,0.9743083502919844,0.9678852427591889,0.9712730334898274,0.9770408978717297,0.9682358812357386,0.9697271394391781,0.9393584992455837,0.9389121798576707,0.9552795843906401,0.9463305355236582,0.9396673604370863,0.9634670969619312,0.951147743929442,0.9585014645913289,0.9691037885025772,
pre_model_seis1_20250809165454_345.dat---0.979973282622497,0.9806708186897496,0.9781337247966313,0.9705433184821377,0.9686299892949979,0.9592429737919482,0.9721169607259992,0.9597124467077605,0.9719459392997941,0.9752790348143819,0.983142733294605,0.9808562691301177,0.988029364762085,0.9914886382715768,0.9932428642262963,0.9980027239968831,0.9981999415229612,0.9953679819436426,0.9949933375590978,0.9899634052917938,0.9908328891246573,0.9897571159492837,0.9910088905980898,0.9931447545626055,0.9925000639864158,0.9941776633027336,0.9922357597144087,0.9926472992199086,0.9945835268794869,0.9915718047983881,0.9836125224360718,0.9765081555925151,0.9656951933267708,0.9556100104934941,0.9506689499929749,0.9432913115128935,0.9559138463998718,0.9586937266192265,0.9641437874486637,0.9507695497299481,0.9148104760989894,0.9773588548051794,
pre_model_seis1_20250809165457_68.dat---0.9928940148391704,0.9956786672061506,0.9950355760462917,0.9948873507574479,0.9948228269228869,0.9943444177700657,0.9951101488929638,0.99326423094994,0.9933676202142669,0.9945607789781088,0.9936373312320642,0.9926540386269107,0.9921045714798726,0.9938809915012676,0.9897664527193735,0.9889241779992263,0.9844148722465615,0.9877002838100262,0.9870060757899232,0.9842340262937871,0.9847676630985625,0.9795438098401623,0.9813382740382127,0.9745151217221534,0.9801745865493522,0.9754721796434361,0.9692663359800809,0.9693860221568211,0.9698227722077912,0.9583155214942491,0.9563654826814035,0.9544252578395865,0.9727757564027214,0.969731328912784,0.9609827350156515,0.9749305970867327,0.9741859519617496,0.9827498232088414,0.9857345108373698,0.9878843026909914,0.9844411901078925,0.9825633579939722,
pre_model_seis2_20250809163921_687.dat---0.9872922656477279,0.9903224612898761,0.9928902656406975,0.9937300963597677,0.9908168166300897,0.9927886706635132,0.9936039263765508,0.9914843317422489,0.98995284617748,0.990190818111562,0.9845790374031909,0.9908961817315051,0.9960533483494127,0.9954745513284132,0.995259118006394,0.9967479757101741,0.99353915293643,0.9966552389067808,0.9953324076912805,0.994587714418521,0.9956305148544864,0.9912913699559405,0.9882947887362505,0.9881595311169198,0.9933104817954276,0.9843130516452276,0.977238836006688,0.9678418068894812,0.9612448983019815,0.9547647682841167,0.9161780234268107,0.9232273899266534,0.8757221593283294,0.9105002273854687,0.8190300753217238,0.8079519557946369,0.8795326385214473,0.8354353312428133,0.8646279270008633,0.8618399368288499,0.8157490957163268,0.9552215130049282,
pre_model_seis2_20250809163918_613.dat---0.9700318102839168,0.9850710553181702,0.9745988660580435,0.9604904567756537,0.9769925728070525,0.9835679512015244,0.9841697288133333,0.9854823220124717,0.986665398270646,0.9848780277527308,0.9797227314887618,0.9673390685855663,0.961017636980947,0.9689232529509193,0.9724129464802844,0.985835925913198,0.9926137710842383,0.9726466169768652,0.9868326143418714,0.9845457361353428,0.9932731148366661,0.9943838735882335,0.9906841868253498,0.9875540039275774,0.9825398158834142,0.9777250781702654,0.9843965857024447,0.9867842997468275,0.9807228844975305,0.9756858260891779,0.9484992630216346,0.9571692868187401,0.9635755140045997,0.9511669280443871,0.9290421347182205,0.9082591849990683,0.8707127553430757,0.8529256608453007,0.853025219047506,0.8581145802618854,0.853927934491674,0.9600977224657343,
pre_model_seis1_20250809165433_117.dat---0.9891826878357886,0.9887215323238274,0.9893673582081194,0.9814552991503428,0.9882065566911877,0.9810906643777785,0.9752861358346133,0.9891134118405053,0.9862485910199527,0.9807098322666735,0.9890382313498045,0.9901710965647995,0.9867131686819555,0.9920658535406375,0.9922683378742998,0.9920840749509862,0.989728111288365,0.9940609839471446,0.9976232124764747,0.9943195355127225,0.9906866825716067,0.9918004136936023,0.9911308556230257,0.9836604873900948,0.983730098960746,0.986853010902829,0.9907945774250989,0.9876691448097352,0.9880764710674214,0.988194089424406,0.9884660111048154,0.9873725419179005,0.9896128658806658,0.9902670893343888,0.9857634756888929,0.9789825478918964,0.9777603379058832,0.9795993817871915,0.9773021662835462,0.975617488387381,0.9749936935553566,0.9867265392034745,
pre_model_seis2_20250809163936_251.dat---0.9463762997886266,0.9639014262269092,0.9634974298582185,0.9651273068195583,0.943562559024891,0.9278892490788077,0.9469499521077528,0.9442273836111849,0.9688156763412644,0.9761919063385218,0.9651968084609267,0.9736692672841981,0.9887182852519331,0.9941730797967039,0.9942170591255639,0.995015625668459,0.9894437152269617,0.976155537414513,0.9775382834173395,0.9794072471793962,0.971600055533458,0.9677186499639617,0.9505034716455195,0.9410440168418096,0.8885779743650213,0.907459233405425,0.8678001194064003,0.879840687394809,0.8644627678928561,0.8501472895681358,0.8912020311043669,0.8854876753664377,0.8454131386170274,0.8392094916370592,0.8963005701384799,0.908281269123818,0.906495475937184,0.8874036680427638,0.9313184917329448,0.9438695907484378,0.9479658134786039,0.9354189165845427,
pre_model_seis2_20250809163924_100.dat---0.9907449664309387,0.9901714539895773,0.9899885927756716,0.9890636328654611,0.9844268003403972,0.9866360991812008,0.9799399096764124,0.9881676381050706,0.9824010318277079,0.9808028666057764,0.9772934185342602,0.947441889546497,0.9599798229589698,0.9781953351038459,0.9844700345376288,0.9701466565236327,0.9797360358789035,0.9793301867711669,0.97698970656284,0.9662328049360429,0.96889927232825,0.9629675109590091,0.9634114643908055,0.9620457179051651,0.9480368444644793,0.931997502934538,0.928506164498532,0.8959828914521702,0.8876998694221764,0.878886845909619,0.8262849493089703,0.8131476173948166,0.8425222653621431,0.8721804815961636,0.9206068339183263,0.9310885328798918,0.9445376009046329,0.9445293814155911,0.9447347693370763,0.9247432360921263,0.9001359489534048,0.9457342581604851,
pre_model_seis2_20250809163924_391.dat---0.9894067722208747,0.9885148123896244,0.9910759303082719,0.9929740009486381,0.9901736598379401,0.9937601563359404,0.9950962032310494,0.9940313494194318,0.9955700452348349,0.9943570335257549,0.9962872175211235,0.9939713584238501,0.9958223051753062,0.9951029523304405,0.9946641163755567,0.9925164302542184,0.9938472168195643,0.9971942313486171,0.9968759018696727,0.9965491150148091,0.9955972315022613,0.9950976169601432,0.993077383166817,0.990530844321807,0.9910785303766854,0.9888565609420263,0.9877368777677163,0.9855119722116995,0.9805326725409236,0.9783670592134284,0.9810198196932084,0.9711643225815451,0.9801697747293175,0.9846748277816432,0.9835109499556418,0.9805568482827365,0.9773194339532731,0.9749206573686774,0.958805434752835,0.9749801059823165,0.9581633005620517,0.9875478788593239,
pre_model_seis1_20250809165439_619.dat---0.990717561394852,0.9913544398989261,0.9916800479252342,0.9882471884386825,0.9861275504481001,0.9822718424984009,0.9706185782855301,0.9718184659092673,0.9679071552735813,0.953285351720208,0.909533065896305,0.9196501968789506,0.9265588872931416,0.9739640110451967,0.98155237408953,0.9805710685710952,0.9731561095096503,0.9802820796919864,0.9545952749282337,0.9601941849017109,0.9483749833522878,0.9040625530238908,0.89002175437466,0.8728511566318318,0.8473341912084145,0.8557442157478862,0.8459486697917121,0.8902933990723673,0.8920900449254782,0.9131886897337007,0.9289786505649527,0.9298117963047734,0.9346822832225046,0.9573950371779384,0.9529466620854586,0.9009433790042166,0.9257435217339881,0.9302879859271094,0.9212674954371632,0.9107430223661197,0.9210288655583828,0.9372639949230102,
pre_model_seis2_20250809163936_888.dat---0.9908666524332317,0.9870951930933678,0.9910532211202925,0.9918280902134453,0.9890121378421879,0.9878346356767103,0.9880650972992843,0.9823900129292428,0.9802606787745336,0.9678983961292295,0.9615694815247491,0.9749977705782399,0.9862066534039634,0.9853823973864978,0.9910511856338855,0.9956940513128921,0.9950727726202054,0.9935644705519684,0.9886719832218598,0.9894396591854396,0.9912580533357138,0.9782351079162817,0.9883479303470546,0.9841449493250342,0.980720733477626,0.9782707323606621,0.9811153256222506,0.9756525025312152,0.977560793766006,0.9759175427183083,0.9772193635873689,0.9790399046562223,0.9759068616715414,0.982669960056942,0.9845550403506903,0.9793125093759916,0.9819629967420936,0.9648888846230128,0.9744894613968963,0.9758499582613648,0.9541598174731689,0.9819325114762605,
pre_model_seis1_20250809165436_533.dat---0.992418363125944,0.9846801439750467,0.9903616118381747,0.9921195351317899,0.9926763883417372,0.989095028185465,0.9871934585924501,0.9791671746598922,0.9785345554326559,0.9605152272355475,0.9580143714122585,0.9717529450636568,0.9727596378723049,0.9846825230477478,0.990365298527025,0.9869559892639861,0.9876334069843028,0.9807627181349918,0.9811350059575086,0.9850578485718163,0.9781749218898145,0.9751865456260191,0.978603213126086,0.9621353404682466,0.9668218511981067,0.9611435890754255,0.9706407431457533,0.9650590363007685,0.9627454707932661,0.9747212869894403,0.9693729071573034,0.9619030222948309,0.9313886127282245,0.9283899975999332,0.9076187699683078,0.9222413680255162,0.9320110327410569,0.9220952335275694,0.9323137523506815,0.9345465859369384,0.9352865594691422,0.966299538335774,
pre_model_seis2_20250809163933_466.dat---0.9887232223870986,0.9931360825044488,0.9860070852651532,0.9931522491712296,0.9924658585821056,0.9898109681798122,0.9909681925738221,0.9930605413652318,0.9951941104689261,0.9944884558446963,0.995473760958666,0.993959111780518,0.9932519127927335,0.992419010116683,0.9919345942259113,0.9915606763530062,0.9937973947297162,0.9965109435510692,0.9965953440195773,0.9962160526439685,0.9953128838565282,0.9902800470531667,0.9810550127017205,0.9782402560006597,0.9806931593829157,0.9785142333585788,0.9838137367802668,0.9763264215547953,0.9831117549450158,0.9885405550935414,0.9872700983871084,0.9853850379462346,0.9752073260230376,0.964116412369064,0.9326996841970224,0.9418266503638985,0.9126311305778289,0.9248271756389664,0.915142311747636,0.9304804666464056,0.9565850354631191,0.9785557306732169,
pre_model_seis1_20250809165439_66.dat---0.7938573130961802,0.9519900066407261,0.9257451950717089,0.9099914108162395,0.912991931173887,0.8932767385545943,0.8547420557781695,0.8224547588450958,0.8438475267363426,0.8213125732885768,0.9226599939065679,0.9235583357962468,0.9140558088152151,0.9001441705867843,0.9097602516220223,0.918412568964098,0.9054979528524877,0.86406178186302,0.8628594085050277,0.870765202611825,0.8264513202295972,0.8505566892917175,0.8543518469068703,0.8614143598860917,0.89038109874451,0.9287329458344904,0.9010765607588118,0.8923903918362462,0.8864652772951542,0.891817986618068,0.8665296789757618,0.8536777846598471,0.8630570883716021,0.8249524186851478,0.8193849278115396,0.8616516292069095,0.8785813341420917,0.8472266746414331,0.846751401039947,0.8082110081394193,0.7365775220941596,0.8710298763583959,
pre_model_seis1_20250809165430_832.dat---0.953457954592708,0.9151497431380625,0.9305409482354167,0.938739005977267,0.9345377368313869,0.9233603102901528,0.8922977189046526,0.9238111532689733,0.910129512112312,0.9383001483652667,0.955532554540551,0.9792341925039851,0.9863990115312309,0.9802809587384032,0.9869375101784295,0.9926826982476976,0.9906547616638609,0.9820059357852302,0.9737494805155557,0.9802211272663887,0.9729620011277995,0.983549792654603,0.9736946166875786,0.9843893868607885,0.9884678788242516,0.9880334422853856,0.98318690684847,0.9749690547841962,0.9537927088420517,0.9728761244154754,0.9711434737104355,0.9654155855327317,0.9523383611216888,0.9418801866236056,0.9608065679815159,0.9720974607177917,0.9729976723746571,0.9791866388375463,0.9781334791587484,0.9769390048141854,0.9738679356062501,0.963140262012129,
pre_model_seis1_20250809165436_879.dat---0.9671534168662672,0.9780393229839742,0.9857936573595185,0.9825763949695516,0.983963851135856,0.9907344724976133,0.991391105879116,0.9876769527405782,0.9862268115515375,0.9918668798872252,0.991780732880368,0.9919150986595954,0.9953511732642081,0.9965813034967226,0.9921500488835353,0.9896946392365344,0.9879480473543502,0.9969082975068594,0.9941207541853251,0.9887743839614891,0.9829841126559843,0.9759154746021425,0.9640622180725483,0.9487249961286469,0.9502301079936567,0.9570788928879856,0.9472081992225331,0.9382692050535715,0.939678278955513,0.9432102298164852,0.9523535491207977,0.9569763274814568,0.9629670427203609,0.9734160209069498,0.9564001096999907,0.9690980187845721,0.9727505729554914,0.9675030802598732,0.9603670955604906,0.9749947384082144,0.9769533844766969,0.9741899756357119,
pre_model_seis2_20250809163930_284.dat---0.9682019741347263,0.9786794441215757,0.9778585930889767,0.9676405068905328,0.9751993245725904,0.969940578174008,0.9556893839171571,0.9399174144585487,0.9402483854402086,0.9511329661760657,0.9292393071433094,0.9348578661526021,0.9599469814484402,0.9710615345641795,0.9903471429150098,0.9959082990776099,0.994907146583286,0.9913759390918413,0.9829299388184297,0.9715624901881196,0.9397614292633009,0.9396517515494087,0.9675746582481979,0.9400765579454564,0.965559954751433,0.9492527530697119,0.9585523188772866,0.9595521281587917,0.9698528723937859,0.9824107976410356,0.98189741914998,0.979811706672811,0.9673209427519852,0.9587988480043534,0.9579302828845029,0.9768203249633188,0.9650562608391067,0.9693250229460495,0.957312987302949,0.952517458784122,0.964318702959091,0.9646341560027781,
pre_model_seis1_20250809165445_22.dat---0.9669033957685225,0.9877374136866014,0.9846735296453313,0.9899271391052873,0.9886617018823215,0.9898215898558621,0.9887203575675685,0.9885277293502062,0.980879909113764,0.983809266188429,0.9831284382057036,0.9848404578380455,0.9821467491944255,0.9930114471936512,0.9970333878569159,0.997357189573706,0.993436493113505,0.9902532797669017,0.990572591669918,0.9833450402366715,0.9815179076504744,0.9768878358468726,0.9728701275730883,0.97888997496934,0.985744111457409,0.982920350165208,0.9798869872079448,0.9803564791268653,0.985529532345873,0.9792410883656693,0.9669180958540765,0.9734546810756305,0.9735420850547606,0.9705145865473616,0.9694341857555271,0.9736569815438044,0.977194128279349,0.9782163561574561,0.9771243859003537,0.9700807325320172,0.9623737607091168,0.9814912556324764,
pre_model_seis2_20250809163912_294.dat---0.9593445044484066,0.9799507004580433,0.9777896402587429,0.9724674053918904,0.965896971415227,0.9743225328372013,0.9786148536186458,0.9725792167489657,0.9872172301508615,0.9826704992587287,0.9893548681529198,0.991270295405792,0.9922188337040726,0.9818550367014676,0.9764472467683692,0.9789422962586039,0.9769958981413244,0.9714831147026529,0.9675610897392927,0.9729611658482898,0.9730047230196185,0.9362761452094726,0.9490486051661219,0.9476514072900418,0.9778730803238637,0.9667132603652929,0.9663158396795758,0.9668762511343946,0.9683603522836556,0.9682951697274416,0.9524350435560378,0.9680550451327345,0.9609351753700814,0.9712544311966925,0.9796379674454099,0.9657470817928352,0.9712614756511823,0.9802462204513078,0.9735291705709215,0.9812248294421656,0.9758084624968036,0.9719632472515888,
pre_model_seis2_20250809163933_868.dat---0.9710743053489831,0.974344645369905,0.9662014832475706,0.9744777145961996,0.9679927606381552,0.9591513796881062,0.970940558189872,0.9600614327270062,0.9229188193677333,0.9394942097752776,0.9356478096889784,0.9441438287065105,0.941744570553782,0.965020062435457,0.9720887033543942,0.9767868136120972,0.9769407865438324,0.9753998147571711,0.9650928810876729,0.9683399705362585,0.9843865105340739,0.9854383185560901,0.9826971435955469,0.9835882665311013,0.981731162273043,0.9794519487810044,0.9742953261475904,0.9775406108237222,0.9764357846907727,0.9746815038398035,0.9690317564690377,0.9712115956478949,0.975770898093831,0.9812266599991936,0.9777309524874778,0.9841353467805759,0.9840845847551101,0.9830984403895707,0.9840646036391075,0.9853785667024938,0.9871781712935804,0.9710005049330628,
pre_model_seis1_20250809165448_620.dat---0.9851883638860043,0.9811320847638508,0.985816009771048,0.9862947934468869,0.9743748331472858,0.9863838516733788,0.9897630825298592,0.9903700059415115,0.9889119472811599,0.9889138585909308,0.9876792196115564,0.9901084344842503,0.9965770935341831,0.9980548442402034,0.9988006770921174,0.9990296098260127,0.999012261837898,0.9986278935321871,0.9975097751101121,0.9970577645495295,0.980190483921132,0.9748066019962753,0.9824112718296196,0.9847813822672965,0.9852242102041064,0.9790419913968392,0.9822086599522206,0.9891710694516981,0.9803378570184493,0.980771832258027,0.979061533439256,0.9822300825262177,0.9696685535503561,0.9740733890730242,0.9751453206030027,0.972263910783077,0.965571146008083,0.9742718036547318,0.9717920698702838,0.9645059485927319,0.9278626849175047,0.9828048343454608,
pre_model_seis1_20250809165445_735.dat---0.9308560160196809,0.9798373705834067,0.9822897059113637,0.9811121444746124,0.9808821853873443,0.9828324822083018,0.982882654266798,0.9822891273773783,0.9801132207703992,0.9822358432372837,0.9658012058202787,0.974157483897106,0.9688402790963075,0.9848765653883632,0.9878511199409264,0.9867573397643847,0.9847410538039987,0.9789459767458378,0.9760603376487746,0.9772343796726263,0.9805826906012957,0.9823490885936272,0.9772481684944043,0.972565497412129,0.9778329570645568,0.9775739838183559,0.9757964506655701,0.9797551854561781,0.9757591348919249,0.9753751302213636,0.9754367075680053,0.9819858433139558,0.9829206035793837,0.9790829441497808,0.9821476260629247,0.9784839845008257,0.9775500352888922,0.9779570462494008,0.9730008244275986,0.9670393666757575,0.9660401076656069,0.9772458504565049,
pre_model_seis2_20250809163933_399.dat---0.9427852622650112,0.958296060906767,0.9463554807932337,0.9390011158853138,0.956222326055097,0.958244061028625,0.9682242007284361,0.977920792098854,0.9833940472210244,0.9932769349213825,0.9950011170482759,0.9963483723410813,0.9906833661121516,0.9859997286382011,0.987337379581316,0.9857632853807613,0.9803752788515708,0.9854170242581733,0.9867861499447987,0.9850391020551518,0.9842317697514494,0.9818689877114827,0.9746832608580036,0.9458922909913616,0.9241048063098937,0.864416983729629,0.8586407125144223,0.854439087743545,0.7807667846436973,0.836832516825692,0.8392894449482143,0.820500944919067,0.8394001905659215,0.8742445556695169,0.8463338211808332,0.8742661655269146,0.8657340223290215,0.8590856819466579,0.9141719152242583,0.9079945765309491,0.871413323214272,0.9273361690060982,
pre_model_seis2_20250809163939_389.dat---0.9715476409462954,0.9756307978988842,0.9546308686350633,0.9403852188365895,0.9683151802137797,0.9328924123940556,0.9477693405638933,0.9591711412958794,0.9635491869502972,0.969029636902359,0.977769612622692,0.9909073727154807,0.9945808717610032,0.994242297432805,0.9948499300645597,0.9916201195727777,0.9880613465476924,0.9711582767585789,0.9651697660901128,0.9651725690598395,0.9801669620784331,0.9764841697311218,0.9821399536177866,0.9791764439728511,0.9800419727264853,0.9686086552506231,0.96841524088357,0.95244183701937,0.9653222736302227,0.9653364274801391,0.9713595180288631,0.9609536479054706,0.9713541452734511,0.9620693795280384,0.9702050543697948,0.9701810848283363,0.9634689179536875,0.9655726009103327,0.9556086009278734,0.951919903124911,0.9610009313299095,0.9692263733618025,
pre_model_seis1_20250809165451_126.dat---0.927435751549225,0.9546954623008038,0.9783255405276877,0.9835026705110154,0.9829616308985829,0.9836616248924284,0.9791275810078259,0.981184613189199,0.9754649346828729,0.9761544235069831,0.9815603987650388,0.9842193962763439,0.9795133762473174,0.9932173683179157,0.9921980092126681,0.9697473975323833,0.9535963814785251,0.9327226646901565,0.9547435036330394,0.9408079037015908,0.9583247114221507,0.9507398620103327,0.9478668554561893,0.950932226608549,0.9422275513622472,0.9353566046705654,0.9475750728366557,0.9762003356993554,0.975006702090737,0.9647591831808654,0.942756871498685,0.939508548286124,0.9414193955732892,0.9152854196054728,0.9228524161527657,0.936344045495397,0.9465211712940083,0.9451292214863284,0.9232953886050431,0.9334501292481068,0.9446275544152556,0.9571956073151154,
pre_model_seis1_20250809165448_233.dat---0.989128941464623,0.9908042497678331,0.988449967850846,0.981458430200873,0.9870823474345527,0.9756088528798547,0.9725533795971858,0.983946137835105,0.9811776277597416,0.9745462630914072,0.9744489299258188,0.9558472454074698,0.983326971460201,0.9883310929275216,0.9880496193528893,0.9855425721254283,0.9620196668307247,0.9240162178963719,0.9497466026370656,0.8834935608195734,0.89750143564808,0.8879157511026126,0.8785338406581953,0.8335333582248377,0.8920569953490525,0.9275436897589805,0.9044352022025943,0.9520750475475481,0.9379351026284339,0.9562279093925034,0.9652873724134895,0.9492039030142922,0.9674425906869262,0.9531409223853198,0.949145125883108,0.9640905550110621,0.9672889767249675,0.9631354919800084,0.9607384243034608,0.9643960946515465,0.9693426428475296,0.952696319748284,
pre_model_seis1_20250809165454_156.dat---0.9834322912990048,0.9848335925668795,0.9925433898823957,0.992349192878877,0.9883530179775788,0.9859720558897594,0.9863702333948706,0.9828811511143882,0.9759115767952694,0.9428512577095849,0.9420781104513296,0.9462865838547567,0.932864684300669,0.9723066752808239,0.9751787958618582,0.9891598389525161,0.9954091435310108,0.9904649718093528,0.9756969704847896,0.9697520553371208,0.9413872448866588,0.9203918674871316,0.9404911924056698,0.9548183072144616,0.9334030204848877,0.9376550103935003,0.9456759047236747,0.92113643253209,0.930462708332879,0.9194139076581623,0.9341530330176652,0.9168741145848064,0.9011594660359663,0.9124048522624235,0.8815672652005357,0.884803874603622,0.8926012449127345,0.9083927305370767,0.9075549174033768,0.9414000642673234,0.9548402431148263,0.9484215363763975,
pre_model_seis2_20250809163921_59.dat---0.9747200858208032,0.9851885041902454,0.9806950578889791,0.9844101079224337,0.9832814497853972,0.9724033235853625,0.9717451352958604,0.973620945451894,0.9785752499533715,0.9747594835329003,0.9594580143469612,0.9633697366586427,0.9833224218482477,0.9717685931487192,0.9833978845476288,0.9882462623566376,0.9962306739994086,0.9983793956572643,0.9979794120264968,0.9916920979205903,0.9803271433268126,0.9928303694695719,0.9931354910808244,0.9892807596330964,0.9872792721089032,0.9913147458761233,0.9910065780367527,0.9869308790380134,0.9823243751519979,0.9804436032155198,0.9708953258649073,0.961896226629494,0.949878066826683,0.954293624236938,0.9716334183207491,0.973218136824664,0.9705032266805373,0.9395082222837119,0.9729982624868122,0.9711524440378875,0.9537863039851063,0.9775092758793402,
pre_model_seis2_20250809163939_115.dat---0.9748081526137982,0.9779233212223638,0.972283939201847,0.9771479277629765,0.9798698772044004,0.9844249553713579,0.9785011676283938,0.9827495800253184,0.9746358677164834,0.9710149214822805,0.8852759837055639,0.9298292532301137,0.9232890362719162,0.9137983961549083,0.8996316220115532,0.8771071756993328,0.839287554731791,0.8947139605768598,0.9304520285447283,0.9433538303788922,0.9586866710549936,0.9469998193876454,0.9310137812872796,0.918687375253387,0.9050070311425326,0.9064702696209418,0.9040403740920546,0.8706452450017134,0.9297978087646452,0.8792184689558434,0.9272083685951481,0.9315880574595135,0.9368588963139984,0.9574455337105043,0.9508254860453261,0.9260109320416536,0.9487483297832183,0.9003349750857147,0.8833473017659998,0.8953078626688865,0.9019317812311733,0.929762754165782,
pre_model_seis2_20250816100712_39.dat---0.9687505498822172,0.9420557838371542,0.9648398256407985,0.932986554621197,0.9219129178625033,0.8806914067263805,0.8803420467385695,0.8539416543506283,0.8522249439513816,0.8204596408520307,0.9358274088764761,0.9684018268900135,0.9799094739623648,0.9666969380374797,0.9452234233264519,0.9420926957516176,0.9226175081054706,0.9275544611400162,0.9377866438645481,0.9520883279200019,0.9046486727586777,0.9046570655220552,0.8782509206679627,0.8925344620337676,0.8155296890774348,0.8527013331569636,0.8559238542838943,0.7265847130414539,0.7257843409611833,0.7629373063484253,0.8370439844866733,0.8476557775419076,0.8457047005575563,0.8659796671915987,0.8790648137073133,0.8917212791818798,0.8640294118264799,0.9253158638846433,0.9251507706622549,0.9148663384481379,0.9311706934708427,0.8913087729548391,
pre_model_seis2_20250809163939_725.dat---0.9963176845994134,0.9933453894368319,0.995472902924232,0.9945142031105879,0.9952393915573076,0.9941171175450482,0.9942117057913193,0.9962972102596483,0.995618336978766,0.9955028149352101,0.9912062894668052,0.9923381586802923,0.9893793533076463,0.9911540359068626,0.9901113444018167,0.9909275065825829,0.9754248379309336,0.9821070907934586,0.9798577477195497,0.9787058654060184,0.9517660877257699,0.9670974102820543,0.9560369593027293,0.9640759750393864,0.9702397900774664,0.9675241604468966,0.9544897613245924,0.9504671986268322,0.9426457272105896,0.9413629179291669,0.8944892319181035,0.8917868568524681,0.8979654831612114,0.9355010204101447,0.918871693947889,0.9387588910847232,0.9452405416839043,0.9424833490025402,0.9239236583495548,0.9545195568912732,0.9208797423830305,0.9644384146581624,
pre_model_seis1_20250809165436_411.dat---0.9612039644160386,0.9335020971207847,0.9564679114763353,0.9538277278568011,0.9283529657144834,0.9165960816284064,0.8472935762761651,0.748422929586923,0.7938860702267893,0.802503168682748,0.826559499073571,0.8935924647764016,0.9483734968913509,0.9697424038933113,0.981598979675922,0.9846685286203097,0.986247957487055,0.981940116691944,0.9837622174827647,0.9648015476840446,0.9727057013648288,0.9728552912842205,0.9678281347150475,0.9693480869651327,0.9703614274133253,0.9731489270455271,0.9749140729939331,0.9814988859788099,0.9731524723803485,0.9808182596388411,0.9731864665784419,0.9800775178624985,0.9781619374915113,0.9604955164628749,0.9662668283105169,0.9553332391987043,0.9350929019102454,0.9369088245255326,0.9620975853643305,0.9681477472675074,0.9507701054505721,0.9430856984259732,
pre_model_seis1_20250809165430_244.dat---0.9466333001891861,0.9721130606103725,0.9802103584131295,0.9828545906849653,0.9868491142096099,0.9766309001543185,0.9909581486625889,0.9885956082531508,0.9939031232175162,0.9942164210170312,0.9876096463151182,0.9853791107442925,0.9716843888076281,0.9751363671875176,0.9916735091780188,0.9958766170237557,0.9917988583075315,0.9898837072958384,0.9933298373409416,0.989409362030643,0.9940810094615207,0.9950408858476248,0.993111691751133,0.9943841458143122,0.9891635870156122,0.9887097533930149,0.9854903970039407,0.9800557468197024,0.9865920035694636,0.9822127618041195,0.9862397493393074,0.9758926209799779,0.9552736128245236,0.9440240123444292,0.9703729949130783,0.9634597281898356,0.9774281456047389,0.9809549937615759,0.9766945978902919,0.9869456700940087,0.9883505761499298,0.9824201149808607,
pre_model_seis2_20250809163924_600.dat---0.9853109874822389,0.9866300742289831,0.9865060492939183,0.985507810624169,0.9911152041295124,0.9889497299252992,0.986224747201364,0.9819154321734066,0.9870239997898721,0.9733797176744559,0.9780524919731709,0.977099201674091,0.9762411207977381,0.9824613258575894,0.9691234161060343,0.9849650718185659,0.9860129147712243,0.9869938380776175,0.9878030444162359,0.9891114278249064,0.9811420574488476,0.9627190388787069,0.9369856151868495,0.9591971932916593,0.9665438378947852,0.9670111425104811,0.952661465237859,0.9630715850022332,0.947569282506632,0.9659100153217536,0.9704303499398155,0.9829701675443336,0.9871185992994335,0.9841732406130963,0.9796975432556113,0.9812922122444314,0.9804647128375797,0.9833694200374556,0.9862770606762125,0.9844971920314872,0.9848900724210722,0.9775224246346521,
pre_model_seis2_20250809163924_77.dat---0.923794456558003,0.9253376730298648,0.9635807789796309,0.9623157759950711,0.9682530200472969,0.9650098886479991,0.9301831643795966,0.9430994074445419,0.9258895637748329,0.9188394695986604,0.9578367060705064,0.957786978161304,0.941377846596055,0.9606588378159495,0.9527811675134686,0.9494747686124048,0.9529108750040796,0.9728179915157507,0.9610275826449778,0.9441025506887767,0.9574972623160071,0.9662917448926331,0.9498932097841821,0.9436593309556944,0.9395323990748394,0.9445340596446782,0.9388837224610466,0.9505461172279676,0.9584372276266829,0.9625781972762814,0.9504181377756391,0.9449620068267705,0.9324910830679425,0.9274777265900598,0.958798961279859,0.9518734344430286,0.9689493040923237,0.9765125751118318,0.9820261629047176,0.9832659616180535,0.9804114107709521,0.952344354605365,
pre_model_seis2_20250809163924_606.dat---0.9764113784636735,0.9896924728341877,0.9883855245331115,0.9882989916629856,0.9939394351343169,0.9922770063338037,0.9943790994013216,0.9947854901285526,0.995373997382276,0.9908676356589132,0.9907186435264362,0.9920522827762229,0.9954918973644482,0.9948828058208516,0.9972840647731751,0.9980403950542427,0.997030465512266,0.9958091065718798,0.9949981638959803,0.9950426654152273,0.9921716192330379,0.9920721831910588,0.9912091426384014,0.9900691046239579,0.9868887422353864,0.9881565807127777,0.9897698907770514,0.9897738588582392,0.9879670494264042,0.9859367373535536,0.986509946464089,0.9800986765310897,0.9837048013356452,0.9825432619436373,0.9804404558812007,0.9810952641130537,0.9813417115144304,0.9822218760850199,0.9811702336789953,0.9852066982669779,0.9831014167608405,0.9892002627772861,
pre_model_seis2_20250809163918_713.dat---0.9860951048304645,0.9686673744660294,0.9726792417895238,0.9823385521360861,0.9770596677784187,0.9754430183366024,0.9770173478852895,0.9805229598658424,0.9783438071500048,0.9862256702009271,0.9802663513704851,0.9899913159049215,0.9817948490602857,0.9731881639639252,0.9612007364912033,0.9651863706240104,0.9572633215098275,0.9435021696891689,0.9487543822447901,0.9015757906374526,0.8377064199734381,0.8573133901328269,0.8950680750700443,0.9366850728149073,0.9615806199104294,0.9813887398686834,0.9714591444953431,0.9757069894229713,0.9601801462733447,0.9549156458219801,0.9587009028630927,0.9478534189393352,0.9298698238947893,0.9190956334997904,0.908064528600036,0.920903987959348,0.9237749640118799,0.9323782139063498,0.9613991329065467,0.9641486947147159,0.965441386978,0.9524573445851976,
pre_model_seis1_20250809165454_77.dat---0.9795720786970489,0.9809618920311004,0.9830606660876321,0.9794171336798255,0.9742038603863157,0.9688145457999793,0.9688562495902663,0.9674031910150559,0.9688016331639876,0.9598604538664817,0.957498061866273,0.9451536662570275,0.9642804363487719,0.9699831451916427,0.9665947343001513,0.9782444616805404,0.9834116946980066,0.9794943870267558,0.9777827259430939,0.9871714637008815,0.9893086389702683,0.985867926105735,0.9854013094671694,0.98203570108212,0.972590571200105,0.9551285397031911,0.9370122043953588,0.9360162998435124,0.9225898197071994,0.8864001600053948,0.8558533628302922,0.8985414749603368,0.8692622959187364,0.8465779732074226,0.8920944506492392,0.924965100825485,0.9098662884041909,0.9359961398866925,0.9645469191104321,0.9562793392309324,0.9582552299396182,0.9513452738237624,
pre_model_seis2_20250816100703_24.dat---0.9879301248785147,0.983653524453901,0.9873148665575572,0.9896169967068381,0.9905191541484137,0.9863371347360743,0.9884292305756177,0.9885710369078843,0.9818552545372286,0.9722060449525377,0.9667207287653804,0.966895668015397,0.9709587229696303,0.9716241813456894,0.9671321111072848,0.974467652453235,0.9618410242797362,0.9765543977224777,0.98182544947866,0.968875358788275,0.959994148884559,0.9460643021365844,0.9177470667449946,0.9129729006570542,0.8647724904580587,0.8986055798421467,0.9325599918177936,0.9045488586238404,0.9209516428843422,0.9265041246767536,0.9258017113311634,0.9019098736962509,0.909278753801348,0.9353683122085726,0.9190501511609455,0.9517767901523073,0.9609403514502037,0.9642038932648767,0.9565637340832681,0.9517638695766962,0.9495314753914507,0.9530302118591109,
pre_model_seis1_20250809165457_839.dat---0.9640470947366607,0.9663457105293863,0.9760852174339448,0.9710892016695469,0.975145642792291,0.970727118075164,0.9682495494861884,0.9400512986555603,0.954351166264319,0.9451358363054464,0.9428838510170116,0.961326464506938,0.9853917643503395,0.9853342684682754,0.994993843561569,0.9908090876937714,0.9877310288226733,0.9875334434075854,0.9881386783417223,0.9889792515644575,0.9808240762559203,0.9720817085700327,0.9632816693669255,0.9597585764363541,0.9513743172208694,0.9539477480547223,0.9427577961336399,0.9488988730120953,0.9672807626059284,0.9692665814834596,0.9701814183821804,0.9737744526347676,0.9684228458582065,0.9846553314507169,0.9850760902902229,0.9688424033373723,0.9579190615964795,0.9655946799484368,0.9465329678806262,0.94724384945556,0.9577280853066494,0.9677998247064392,
pre_model_seis2_20250809163936_154.dat---0.9884246100350739,0.9871793178095676,0.9759291580729711,0.97287668558736,0.9704308302447329,0.9525328430272854,0.9489118407389651,0.951421741484181,0.9135782730758409,0.9392757008434675,0.9312471600685995,0.9690416459743503,0.9818835746023953,0.9941577797460083,0.9980670610840612,0.9923134024271646,0.9822011931275137,0.977351855656593,0.9795195416525795,0.9520367474620803,0.9592509559424653,0.9559693761476529,0.9627774628298597,0.9718264669287418,0.9688212221147342,0.9560639716929186,0.9520761061664713,0.9504488957545897,0.938308985981108,0.9091883661043627,0.8776887407439036,0.8819745429958015,0.8744061175460306,0.8485375581368235,0.8424594962229364,0.9080643096317922,0.8419700467623088,0.9072989184216901,0.9226777749313656,0.9123398100393989,0.9504849478207907,0.942707683796013,
pre_model_seis2_20250809163930_110.dat---0.969578500513933,0.954665558714844,0.9687673402689055,0.9733689359898491,0.964667043602796,0.9803473735923997,0.9752105228828697,0.9783987710348683,0.9863239098187415,0.9842427985813658,0.9898926723581534,0.9937542311501536,0.9970778456975202,0.9990589618088851,0.9963668041231991,0.9943943982047815,0.9934615802166131,0.9905322924414109,0.9871882641113829,0.9871904615015575,0.9892304115083861,0.9901968224778465,0.9802070050444205,0.9577257051693612,0.9722568184263409,0.9554564982037826,0.9599811176235008,0.9535613172767555,0.9596318037334012,0.9701943853340571,0.9650697885088154,0.9638332797396779,0.9718319239595072,0.9734583213940473,0.9773687108457983,0.9715251567305382,0.9743977572382814,0.970528160611023,0.9694298399618752,0.9770599337252177,0.9779157189080135,0.9767158230008506,
pre_model_seis1_20250809165454_600.dat---0.9929365421168882,0.9929770286851044,0.9894181536057867,0.9894561775517591,0.982869733529985,0.9752294370366571,0.9633891766394265,0.9340734929899145,0.898323362543283,0.8787046571761441,0.9193501835498624,0.9136226510498617,0.9450237200294954,0.9512242452935741,0.9607388559797386,0.979882252992451,0.9871318504099981,0.9867993605789985,0.9837662763302113,0.9817001447151726,0.9841900994729985,0.9664856998788465,0.972773201816058,0.9700448815418368,0.9592628673791753,0.9642341250040385,0.9415699179877479,0.9592798694356282,0.9660229893312777,0.9661268764186501,0.9580449727641039,0.9669107869901742,0.9669220071365922,0.9602124555168796,0.9657056079569194,0.9679528503866526,0.9723638615924528,0.9719912351452106,0.9823037908632342,0.9801470820776113,0.9826885703604554,0.9641914890697771,
pre_model_seis2_20250809163912_786.dat---0.9773422055255859,0.9905111938249123,0.9907974593500943,0.99206520785995,0.9874840748509608,0.9884930164129196,0.981590756887948,0.9766628817137126,0.9740035431082704,0.9911534531416372,0.9940951945905767,0.9939357720786991,0.9833438781014349,0.9928237351171326,0.9935371540882664,0.9876735230810858,0.9891772396564462,0.9893303105959188,0.9891838394705653,0.9896098494189282,0.9874473511438938,0.9777530993336084,0.9723193998802523,0.9677470535281968,0.9645552431178377,0.9768130142316342,0.9660117483961093,0.9641234467939376,0.9345731054949328,0.9537211821614032,0.9573195501561826,0.942754885085055,0.9717915896326714,0.9558357816833837,0.9604121539716377,0.9546554283327674,0.9571590594098415,0.9286278040580035,0.9588884318160454,0.9508460100752146,0.9689203064546492,0.9737826813081049,
mean:0.9620239767791735