pre_model_seis2_20250809163927_293.dat---0.9043353261756999,0.8246365343663731,0.9097069795152101,0.7869331213163542,0.7873734710493868,0.8222385046682077,0.816741166456466,0.8066145338742025,0.761317082621852,0.6764112338294562,0.6041184762777663,0.6045385971456043,0.7456833970863797,0.7962678673848248,0.8275943317694503,0.873795572515983,0.8310307143053038,0.7437690813036062,0.8500327884184966,0.7966965469926096,0.8518097292025882,0.8784355179587158,0.9533526040403126,0.9302233064263622,0.7951695602753909,0.7564659397029988,0.7872152212096997,0.6851695327063674,0.7580229444483083,0.7433626030294715,0.7291827437129702,0.7438037292165733,0.7184920213360755,0.6404131878959426,0.6245062747212371,0.6532012575462369,0.7405980829661255,0.8001953824840062,0.8729789952355808,0.904007514699164,0.9089572029976831,0.7864731385093914,
pre_model_seis1_20250816100534_94.dat---0.8796744736654363,0.7960909558410667,0.7595868438318224,0.7690800114109917,0.7832355665305593,0.7511782720320132,0.7728845094709346,0.8384178306867375,0.6525137412212881,0.7495892229936756,0.7872923645552307,0.9358226776284674,0.9221406529681564,0.9807543451730667,0.9701046782191693,0.9910255971536174,0.7849826689705975,0.9035033412735939,0.9317725069651837,0.8737839899868949,0.8344259163425091,0.8206352049353874,0.8150756689768117,0.8614215194742902,0.8643635058337731,0.8655993052700199,0.8741549679612001,0.8161194732662733,0.8214734318697698,0.7683948669663189,0.7313857965574512,0.7662316509872025,0.7673615754471108,0.8320618893651309,0.8742545439744647,0.8270987046941253,0.9202347420528291,0.9321241071220178,0.9332917010597211,0.9356480383865021,0.9403240048421574,0.8447588991698433,
pre_model_seis2_20250809163912_429.dat---0.6349501206337901,0.783680018429545,0.73401847626541,0.6979072864553607,0.7670387526054403,0.7473758682906432,0.8042895102362732,0.8241598733660019,0.8880206533582419,0.8682697637430123,0.8729799708501362,0.9104539998078613,0.9129799595300303,0.9615929938628073,0.9573799192548158,0.9261983483884798,0.8724585000767054,0.822804478611646,0.7665086179886711,0.6902712711528325,0.7448341108315397,0.8248280437301416,0.8511946606518799,0.8717108069085967,0.8237150020380877,0.8263323892368485,0.7844294946976438,0.6536915669323387,0.6166735312346596,0.5332754833650015,0.46247084695940816,0.40464509992134307,0.418128156620742,0.4076668466024128,0.5004601972053007,0.7163308023125358,0.7486896297882478,0.8150957894926424,0.844152805931591,0.8583499911191317,0.8806880640118311,0.7568463829877959,
pre_model_seis1_20250816100537_0.dat---0.910975122742842,0.9331331683023476,0.9147107374797394,0.8597782669758578,0.897908227127677,0.8907188538210441,0.8977222337055387,0.9127417603311423,0.8716580782800668,0.8599177539032716,0.870804722129575,0.8707396261570804,0.8787416988681939,0.8948750268724948,0.9133199020861489,0.9116833436053311,0.8505319343043415,0.8978023837427157,0.845562279511545,0.8145563910247988,0.8373216315988773,0.8844664408500474,0.8495373295670827,0.8092358573528017,0.8234330935806154,0.8236836809003626,0.8691013025783545,0.8625255024892172,0.8480527610472134,0.6993209276211386,0.6566179295407806,0.6521950006877281,0.6113565029237098,0.7124240675639874,0.7488757606360605,0.7214077666641673,0.9425808649365044,0.9575374859035726,0.9610026789767684,0.9485053364849801,0.9433183594324668,0.850253214446541,
pre_model_seis2_20250809163912_117.dat---0.8231902629065545,0.9306202063209026,0.9156575339328166,0.883039282956325,0.8559234927731965,0.814402869142757,0.7577662164666905,0.7007913014101699,0.7689342333737439,0.7587700076843557,0.8147063104382405,0.8779976824013642,0.89419537669951,0.8354644032244056,0.8006784252358425,0.7789205441909967,0.7715638801193266,0.7952481267308317,0.7976064746599034,0.7567443633364325,0.7670479147577265,0.7087698556855098,0.7053955443242287,0.6587428054818291,0.6383180999443889,0.5590802099021068,0.6232595722247971,0.6187646907801373,0.6347795667323392,0.597232477070168,0.670111255380662,0.6116403097287046,0.7192350442221602,0.6411446698460107,0.5645518843897357,0.515032717031426,0.4046247095353403,0.18526993884828521,0.28185104714826736,0.2819314165697618,0.23348668385103002,0.6817680831087556,
pre_model_seis1_20250809165439_583.dat---0.9631529322781734,0.9653112391513277,0.9602640973986045,0.9575376424715547,0.9436240033986149,0.9273052516258515,0.9228510762658086,0.912196713733883,0.9132880920177342,0.8545373675799153,0.901047451811798,0.8995343697451551,0.9091056672893087,0.9183907864649613,0.9257805182962842,0.9602953058162216,0.9925514310776474,0.9789392809524881,0.9843643817818679,0.9619730427379771,0.9403047398928085,0.9375192534217587,0.9277918365600697,0.8934126118020054,0.9017630871059411,0.8790873385142448,0.8615181238373602,0.8366010815980022,0.7579423916323615,0.7921609743848944,0.7829384557145961,0.8687650742368339,0.8958629883675993,0.8869101637238013,0.9014531076953983,0.8965508550364917,0.9235603433536859,0.8910112533145309,0.8489932977848502,0.8104208764292935,0.8084162679598962,0.9023179213234538,
pre_model_seis2_20250809163921_836.dat---0.9014107111338024,0.8683229153366226,0.8867196780732154,0.7928771539608793,0.8263026699817165,0.7753203536404591,0.7386134471813761,0.6936378780381618,0.7390576382612966,0.6571965431391732,0.8335155637420713,0.8451786361509165,0.8262522731675698,0.8136075187412579,0.9076907033499894,0.8739923411710614,0.8032045018753032,0.8485172488803515,0.8922914248178614,0.9114851968475779,0.790961987096121,0.7604000314382143,0.7371260068296454,0.7749149323152131,0.7742812260065328,0.7372440979952097,0.7551093476849534,0.7154224933574554,0.7066838230505358,0.7275963183663126,0.7007595840204501,0.6539565083378404,0.6421567005836678,0.598444981495662,0.6258462829683522,0.5962498803804414,0.5997877642727995,0.60169139326133,0.5530329007976124,0.4745827790077137,0.37000132877184955,0.7397913357445993,
pre_model_seis2_20250809163927_685.dat---0.6109438938419249,0.8492024065013055,0.9054302799134081,0.8009640968732623,0.8346578562401815,0.8349957819968132,0.8124096265767301,0.7727863602214103,0.8493768353348751,0.732308879220709,0.7998006326382101,0.9108837737523705,0.9415312934672402,0.9464428559007754,0.9607523903864917,0.9817594811929827,0.9782831733919898,0.9210920595168046,0.9390990692882472,0.9501675451483862,0.9329496149013177,0.8969342602073199,0.8730032284904493,0.7996728956819675,0.7172748371813708,0.7135412876701482,0.4726248517856082,0.4116291781225669,0.3149911646801781,0.17756658936568911,0.08503375614604503,0.030822387611906973,-0.012721621486327307,-0.02056782949260102,-0.030132748569438525,-0.019248966606971882,0.005301690679864095,0.01763480898326521,0.037112819783979865,0.05285702596106871,0.11588170834964591,0.5830499812402724,
pre_model_seis1_20250809165433_801.dat---0.928850289172119,0.9461463191076723,0.9244044249946249,0.9083601647680778,0.8701502547473771,0.8965454586087191,0.8614644353235379,0.9241437015536331,0.8966236681811806,0.9210855195163818,0.9367374327101763,0.8881070731023462,0.90864367844242,0.9050335589344813,0.9415479982164263,0.9655745715531373,0.9108045822898985,0.9452602592661448,0.9515066768207553,0.9205182553764542,0.9147839852331822,0.8973490062185366,0.9115137678078015,0.9191472894645044,0.8957138188777454,0.9051002581631871,0.8558888484140007,0.8944638849531759,0.8523050159023304,0.8290251248284747,0.6818728141450223,0.5813147761704716,0.6384571364709277,0.7121470578799703,0.6848777072919771,0.8238974172702316,0.8723321588392695,0.8617813416209769,0.8479256542494872,0.8203563886418207,0.7894861604102024,0.8668597057448502,
pre_model_seis2_20250809163918_772.dat---0.8983343146750465,0.9138977042173076,0.9028260503308105,0.8857181262492526,0.8398962140861208,0.8409401190337777,0.8005888711253226,0.7775419897055234,0.8290351067432247,0.830040822829177,0.8370431217142509,0.7578359583095592,0.8547511120173285,0.8997283971940592,0.9604710868184927,0.9594584680481891,0.8811169177221501,0.8372594859402961,0.7976675056654278,0.869020014148454,0.9531186157732489,0.9352638376580965,0.8888041168467031,0.7813888353823211,0.7236824084521282,0.7143840326203691,0.6048345942977746,0.6173826920196737,0.5732593599866915,0.4877572041958693,0.4261031436903013,0.43198098594700585,0.6026918841256657,0.7145706943272199,0.7015422903391306,0.738808081525571,0.8130324772133657,0.8155536735859349,0.7933684076514647,0.7249441776671964,0.7047984232125621,0.7785473493437087,
pre_model_seis1_20250809165433_198.dat---0.8674320473386137,0.8682254754681753,0.9137893133968576,0.890353843895672,0.8649647384986802,0.8292509416128307,0.7638116417811588,0.7595500348716623,0.6725050758062836,0.5370046784016783,0.6863517945322298,0.7359742654575183,0.5465042123209044,0.5821603750666062,0.5415200695546657,0.5080353381872863,0.5384139968028224,0.5432853277552815,0.4999827482912228,0.4696757998157249,0.6685713537603826,0.6172155714561175,0.6935889658265592,0.6696925454911352,0.6890154071582911,0.6125499756257033,0.5767447628392383,0.5248046882794556,0.4276844043075173,0.3615796054103068,0.3852031495988694,0.34068339440971424,0.2796557031227843,0.30191844863873685,0.3033758609440774,0.3075841197106996,0.31361398176904254,0.31317383057698456,0.34325781851399917,0.3398566460184851,0.33984319048232037,0.5616684181169828,
pre_model_seis2_20250809163933_130.dat---0.9300451811424069,0.9059623884568915,0.9312186866026269,0.9421512626562407,0.9495725304162925,0.9422145761140275,0.9390778740336524,0.9407453827942011,0.9237862486088395,0.9503081258540698,0.954314831952059,0.9554910051042005,0.9513828431884297,0.9655103863177855,0.9717305629525635,0.9609549680578602,0.9779668361894819,0.900147759889202,0.8863416996735219,0.9083350190746396,0.9114209938163806,0.9161585476708968,0.8606913333024943,0.8211055782213292,0.7779686202646436,0.7905425515800437,0.7873513979680873,0.7473687152752697,0.772742473320019,0.7955701486331257,0.7104151869280156,0.6947046365204121,0.7559560087139015,0.8453560247631418,0.8555309478240035,0.8317157721341714,0.7907393035867826,0.7852142413810879,0.7431588461204388,0.700274593358183,0.6824076661113649,0.8625280916237265,
pre_model_seis1_20250809165439_743.dat---0.9296830127470632,0.9057867522050614,0.8860512524245222,0.9252845970008329,0.9024640157808039,0.9282011708365194,0.9140924826269992,0.9294225952020411,0.9172821427838562,0.9125305944989763,0.8679622482005148,0.8109096977259805,0.8457745435081723,0.9021838422220002,0.9610091891285893,0.9204872338948762,0.9083506807053274,0.9098308917659509,0.9101317719375537,0.8619393049103133,0.8276907386720422,0.8731174092240911,0.8562134007795621,0.8251878766584089,0.8206209257082884,0.7778008585176843,0.7258801808264045,0.7476661924224218,0.7423770416979176,0.7733839005714895,0.7563067680320754,0.7499320407644288,0.7418844304923259,0.738639560676221,0.7083745359655718,0.6457475376506212,0.6181145350143172,0.6418720827006642,0.6235745329599454,0.6576577735620898,0.6510835605190922,0.8183537537444295,
pre_model_seis2_20250809163933_188.dat---0.9461009419091847,0.9483206325237343,0.9410976072420211,0.8846709496145284,0.9236738656958922,0.8969938891139692,0.8348501010153775,0.8852394650126075,0.8467736891540333,0.861847550143542,0.8018315071078548,0.8375788271351828,0.8062024898092572,0.9399344883687553,0.8923895644593701,0.9386945081402834,0.9524586884528632,0.9256688201704375,0.9256990904649319,0.8846045193434487,0.8436022337018241,0.8109661233694085,0.7773357879960144,0.7786403785474846,0.821509384566352,0.7809499307948206,0.6962573973671546,0.6514790367150439,0.582014685424544,0.5727255193473937,0.4124687095886022,0.4315197212831835,0.3911917508007058,0.31536204220980224,0.3745324327881628,0.3788512078445998,0.4249454839166502,0.4919673655689601,0.5256159956356663,0.5969737238975509,0.6669066706216847,0.7365962628503142,
pre_model_seis2_20250809163924_280.dat---0.7708199534564482,0.7530196821659698,0.9015173005270005,0.9061230303861718,0.9068233946200583,0.8895687086987517,0.8921603886082647,0.8847734448234862,0.8197233394689327,0.7544899996653214,0.66074479603514,0.6842755675338407,0.7536255055463581,0.8124616804399505,0.835910844760278,0.8598866900968705,0.9039526658201779,0.886319902405413,0.8498143411051429,0.8440571363172524,0.7787088822003106,0.7501227148393659,0.6532312874786017,0.533199896432457,0.4797182005952306,0.41882871720361287,0.272636937688997,0.20732735891545778,0.20046863607755347,0.056074476698832136,0.014373895934469687,0.031282155582562275,0.025562909698552464,0.024808545552368704,0.027494846152034177,0.036965701463768846,0.19559558667072002,0.3780502322533384,0.4368253674128549,0.5310973765177887,0.5864932120578901,0.5660715929245754,
pre_model_seis2_20250809163936_197.dat---0.8840120699445091,0.8769700886125175,0.8727459026899591,0.9149916490269452,0.9129194129074878,0.9363381707741445,0.8835419286715276,0.922488295539663,0.9464995115127887,0.9639879864459844,0.9608953280685401,0.9439418483944488,0.9456971658944492,0.891773107047163,0.8941462534130871,0.9177981743501606,0.9632743853442471,0.9716014347793921,0.9721133471737827,0.9596837619869848,0.9514054330155,0.936314124326162,0.8855004524753464,0.8895168188585615,0.883118279676813,0.9140335485457293,0.8954568432018407,0.8867958545686145,0.877139568330516,0.8704103152609316,0.8607410849337794,0.8292456471529935,0.7960137727201718,0.7566382111759178,0.7317433860119724,0.7073172897112449,0.598659248613438,0.5228941251483328,0.5496144145609873,0.5041367100048285,0.4144627450566667,0.8486970169738566,
pre_model_seis1_20250809165445_178.dat---0.8520212269970803,0.7129958963849159,0.8049133823426478,0.8479450738755234,0.8158088366198293,0.7719408185858727,0.7532766748600016,0.7536661672121702,0.7271924079527317,0.762690718658539,0.7079983264262816,0.8991177205395747,0.9108110141912237,0.8909129741132917,0.9875277591482385,0.9866627057367611,0.9756017125594321,0.9427677900952642,0.8819770982374716,0.8712602607348165,0.9077843705199721,0.9340822055122538,0.9292850307784508,0.8917588731650872,0.9012414798915168,0.8500861175824082,0.8178329187309035,0.8239453035843383,0.8210392510600928,0.8297249036893247,0.8262305997092517,0.9110871999841978,0.9588889851885635,0.9548357856413228,0.9534941860475066,0.895221993423457,0.8743693681303354,0.881955018392548,0.8393509470215544,0.7953319915523082,0.7913031816968892,0.8596570311359503,
pre_model_seis2_20250809163936_823.dat---0.8335514905112205,0.8632293105343447,0.8132847370219926,0.8049744071949845,0.8086219835850209,0.7374625793605896,0.7347925618485036,0.7863196837827747,0.8136125151983006,0.8365635400686051,0.8461750627743337,0.8707668567034803,0.9059205992262472,0.9930763350483996,0.9873926577385673,0.9838307694436308,0.9648999453287217,0.938570016484259,0.8805161457883438,0.8567368582092993,0.884940551213966,0.9276390290838897,0.8427332610622236,0.8037303477476546,0.750674500558059,0.7290009854410944,0.7098080425210602,0.7618329530182912,0.7342669794640013,0.7653823464189303,0.7647175412358158,0.7941459861466568,0.8075823116954022,0.8631897871317,0.8301308827290738,0.8863628410175254,0.8790017821960725,0.8677228537298666,0.8381517775354919,0.8446931424423413,0.8438956185969102,0.8387780872399425,
pre_model_seis1_20250809165457_41.dat---0.85559632795145,0.8386209731090751,0.8656041548209212,0.8159134535224039,0.7596591458017442,0.8055964918426015,0.7521390892153572,0.752589950057806,0.6551733391302055,0.8680512503564686,0.8732429135365679,0.95063548848762,0.962516346209859,0.9475567698223528,0.9684674980334752,0.9513567377652056,0.9458421080439963,0.9396049113333015,0.8247623660364477,0.7250804513254802,0.6679522485667541,0.5543282572303009,0.5221920645121025,0.49510023151302995,0.6715918765545937,0.7806739077319419,0.5732184771950548,0.6700213738083417,0.6137530136872681,0.5991156600031972,0.4674997950379572,0.5076964220263666,0.45614051142680456,0.4349236726438408,0.43499164762321246,0.45342400457162635,0.41484836434179995,0.41355530883336356,0.5049887130178591,0.5502104632172511,0.5632564470594148,0.6928656640732785,
pre_model_seis1_20250809165454_715.dat---0.9284047441026231,0.9554565079221293,0.955575589887152,0.9569375471929974,0.9445696832355601,0.9355296247880396,0.913583542360296,0.8916310948047073,0.8943752043860023,0.8802983694321105,0.88814269945183,0.9100869348627549,0.9232912364118314,0.9296003820546292,0.912338574090816,0.9102713871327668,0.8813457652141092,0.8804911465577495,0.894139776023147,0.9157413181648496,0.8491710322645161,0.7747338880665394,0.706184453527293,0.8187579926664349,0.7603362414642502,0.6368956226169742,0.5952141094497555,0.6371838973942041,0.6000087386613058,0.46461472767118484,0.4053935411727917,0.34909206869021014,0.3987222639221574,0.45689282102240203,0.5206555937748001,0.5587191995157356,0.5538322794844869,0.6356066228524083,0.6632667824921954,0.7047661292398714,0.6563433707278655,0.7572732318232556,
pre_model_seis2_20250809163915_661.dat---0.9340355982012115,0.9008722330096529,0.9156632099360935,0.921137368977707,0.9099610220507636,0.9030107457228648,0.8889767871737152,0.839912048391169,0.8821988919132435,0.903638831059374,0.9116496880253513,0.9410040795595946,0.9524395233011772,0.9119251242048341,0.8989947161143895,0.8533716697026821,0.7601212892020418,0.8778711912886102,0.9188440837875881,0.692320506479336,0.5905172522008183,0.5025128923566422,0.4628153825276312,0.48806291940611063,0.6839270612249971,0.7450409152776001,0.7821302516601077,0.7390211293582162,0.6289290315843452,0.5469459307087127,0.32657934946998957,0.17525249546575522,0.15916858591587868,0.09588358219896312,0.08309110091875666,0.16133624461866578,0.2458268693665561,0.5007105271702482,0.5452082169971331,0.5827957826290264,0.6166280610101228,0.6678129802479918,
pre_model_seis1_20250809165439_280.dat---0.9683695642626902,0.9750967783853282,0.9676850798291919,0.9641396648990741,0.9525297198254247,0.9473737382687482,0.9416973872077905,0.9291482906176916,0.9350712772057221,0.932593637309829,0.9606856776454756,0.9645792904539152,0.9809054133522892,0.9117516715074443,0.921322038474982,0.8599926859921371,0.8445153134445225,0.8649388039492617,0.7964852921551218,0.713574251680251,0.6192967865765256,0.6588228666392696,0.7403995181885908,0.7058848399467781,0.4460353367771294,0.3786828154828531,0.3840492901017261,0.40180411938441685,0.2941843565423066,0.27228206404847416,0.16441599641914292,0.15566346657355468,0.1091103532885464,0.09865719394564945,0.09670125047827215,0.09076428752660119,0.05856710014276499,0.007644037686433533,-0.001291179300242179,-0.0173582940027465,-0.02360294313373274,0.584711435116566,
pre_model_seis1_20250809165445_9.dat---0.9649578719176364,0.9608030428266676,0.9640948853512706,0.9535308933952379,0.9415404844205733,0.9508332150143464,0.9114255832640266,0.8031828111248374,0.8115949473922767,0.6772286852092005,0.8082014348989596,0.8222144668898509,0.8085290416093848,0.83276415132047,0.7973409577319344,0.8573768703024651,0.8695715206155105,0.8708901707800224,0.8312037339855319,0.7780453574052746,0.779128857515169,0.7820885715225689,0.8253016830908971,0.8336473138142759,0.86027456082108,0.8794545013115824,0.9018418610960824,0.8903577202861237,0.8199932571795793,0.7518410225249669,0.773719254878658,0.7157752829096209,0.6816388057291487,0.714295613926689,0.7508586815436806,0.7928156853474624,0.7765998972734511,0.8098255032859392,0.8460021302318183,0.8418345636859416,0.8525904617875942,0.8315906184199462,
pre_model_seis1_20250809165439_359.dat---0.8909220165424119,0.9225057992186596,0.9609434924147977,0.9166383449238119,0.9480646501732855,0.9058084843263182,0.8951400988887472,0.8761278165549409,0.8387934525003835,0.8536322236346963,0.8020146050043669,0.8692786221887471,0.9118041076189395,0.9149944290557728,0.9020752950810011,0.9671555387224561,0.9490538904724586,0.9476900320169874,0.9747816885308861,0.9734628766167109,0.9684519120673051,0.9518573120186962,0.9531770015987014,0.9335555110288356,0.9029024779515403,0.8000270788461477,0.7818362858167041,0.7668923992327835,0.8084535908028639,0.8328359480897637,0.8321586785710162,0.8395826433903717,0.8315213033429538,0.8342179288717024,0.7327111517435387,0.721210126263704,0.7338431061696828,0.7163912836374315,0.6966008071911363,0.7027203530804194,0.7495752010623766,0.8612538918357086,
pre_model_seis2_20250809163939_825.dat---0.8558391049912392,0.9351955553770741,0.9198771496351702,0.8716251628078274,0.9323513883257292,0.9206573124632209,0.8773872684582839,0.8861308411598027,0.9074871081205884,0.8915346548639606,0.9055728510927143,0.8984093666233438,0.901798732154343,0.9054266557965281,0.8765160864706731,0.8432461698055513,0.8212218495227888,0.9051459203706863,0.7524514587963904,0.6727715325679547,0.6646869088904147,0.6638895136607832,0.774400690213717,0.8506376794063811,0.8348167339645716,0.8100263263216491,0.8234610393264933,0.8036093321082368,0.7820353069859874,0.7142709155186105,0.7662078981798588,0.7229469283077515,0.6304220546035598,0.6564928096932424,0.6958410342390388,0.6752494851772336,0.6533227713033019,0.6779391036372574,0.633212579876093,0.5938814927470347,0.5219519080467845,0.7909743580880946,
pre_model_seis1_20250809165457_187.dat---0.8752045442047379,0.8764384080200256,0.9497607662309085,0.9538182844062176,0.9433706817863298,0.935695815262231,0.9301470022633708,0.9573621170165004,0.9569692115005549,0.9541795717124455,0.9458057216923978,0.9415143330618444,0.9259750811332164,0.9488827769138477,0.9521597071340502,0.9486501119076067,0.8907103788941771,0.8842643559286275,0.7897227784413349,0.8111782334245439,0.671021088183302,0.6069802438820536,0.6149432021106039,0.5070585772024364,0.36446160374790854,0.46349684226580573,0.3014721196112007,0.3545495087282911,0.29688004982258864,0.3764430353713243,0.32584745917919616,0.3021968908661327,0.3407506709466343,0.3959304986370046,0.4253211508309255,0.4472496741322355,0.48303151712266285,0.4522491289179069,0.5201596994351599,0.61146584937614,0.6471323194660018,0.6800110002626946,
pre_model_seis1_20250809165448_278.dat---0.8196984579494186,0.8996323565290718,0.9345831499491475,0.9397158378964231,0.908972403971702,0.8770899402136608,0.9087134225562032,0.8944264574975127,0.9231926288869027,0.8954066554047748,0.8951955614000788,0.907311002498859,0.946351669579263,0.9332210494925107,0.9871609021311782,0.9887358484169451,0.9851756097879113,0.9727461381288341,0.9193266664885665,0.9388955561360757,0.9264102724326855,0.8674664211997416,0.8548238372548306,0.8754638960707803,0.8852534102227779,0.9283882903408148,0.9311073313549818,0.9279468180827432,0.872659539228911,0.8247875301540567,0.731324332647438,0.6924649755883214,0.6105002171743923,0.5709858366249175,0.6131419193076625,0.6920669056064567,0.6933854894395085,0.6701933351442068,0.7107274745039627,0.773160935769442,0.7923466871370098,0.851711140736602,
pre_model_seis1_20250816100543_9.dat---0.9185363772822297,0.9075905564544723,0.8770621558300655,0.9133237507219024,0.9061653364517205,0.9311861555989389,0.9204219646033436,0.9458188123675599,0.9453787866240768,0.945894831602043,0.9599937277658671,0.9451216108152213,0.9662581681775464,0.9593251512806782,0.9668653258520784,0.9659716399585915,0.9661096660660907,0.9634635043460499,0.9739364288071714,0.9819650117859895,0.943473082165435,0.9243376564033927,0.8496365010457629,0.8230363056836205,0.8288114991673814,0.8236632690157549,0.8407500174476531,0.8340558293936607,0.8700097303052173,0.8540368206227387,0.7729106985803565,0.7729948620290503,0.7349462717564955,0.6583843989126668,0.6382971135609682,0.58746267988196,0.5629112331562205,0.5204784248499851,0.5337386172233306,0.5785602025681749,0.6091840029582449,0.8395626385151146,
pre_model_seis2_20250809163924_826.dat---0.9723115991390456,0.977049525738208,0.9763540235845651,0.975702332646003,0.9803307813281186,0.9845192916748209,0.9816906041088472,0.9624595148271692,0.9647609978323709,0.9515871540811678,0.9615375400111967,0.9674191499243885,0.9693010735043762,0.9814449166305484,0.9803636387231677,0.9816650155790493,0.9880111898635655,0.9829655455396581,0.9795990949897132,0.9733872981372947,0.9777733694364935,0.9842346021022508,0.9808309817786696,0.9615622063390358,0.9444687476203909,0.9321639025383343,0.9348060478140982,0.9105525501926017,0.9115372320801758,0.8796351917190575,0.878952088363328,0.8573412968787745,0.7404812647623856,0.7637957431727398,0.7136430546305529,0.7203415536211442,0.6464262607728939,0.6066545494983215,0.5997937705086814,0.6003838073500529,0.6534649404075931,0.8949098402305089,
pre_model_seis2_20250809163930_327.dat---0.8484690983932013,0.7665689776149132,0.8250955878116023,0.8709625836506525,0.8691244106834471,0.8255486458813516,0.794542896261458,0.7996411414291592,0.7936116094596625,0.8104237565956478,0.7721785745147218,0.8107144533580669,0.8722536673777312,0.9301909117076009,0.9804528804079168,0.9675427743490974,0.987312795864257,0.8287887609233958,0.7477926458108317,0.762972246108567,0.764888657150599,0.8300469639339177,0.8580301437279447,0.8522613864724481,0.8517759697817355,0.8249791890478901,0.8065533516058709,0.8264782382701682,0.8195591421502499,0.8263388170289012,0.8101782227570146,0.8166259585750631,0.7625695856133681,0.6914934546212446,0.6239343555166845,0.5670119521177864,0.44959136457083965,0.3710114055700904,0.37571643189984383,0.3821415141828912,0.3880638631717478,0.7649619118529167,
pre_model_seis1_20250809165433_441.dat---0.7968554266238278,0.5253926119426625,0.8255592376183993,0.8220346468666694,0.7286069891745814,0.7778325724230005,0.7970595451904645,0.8528263829658822,0.8570034096460107,0.9161956115655919,0.9302565380629979,0.9388074787758305,0.9664758397420915,0.9611144476242521,0.9424583796649725,0.9516820481573913,0.9420888502638797,0.9172548161410423,0.8957678363306755,0.8480636024922533,0.7935275606997783,0.7356348589191632,0.7244889749444803,0.7353456336418062,0.715838912933513,0.7101940543652331,0.7014686496395734,0.6987171181801716,0.7204728220472284,0.7246557001138,0.7255733167620931,0.7255209824408473,0.7108134011185477,0.7088461878946696,0.6890680691400172,0.6899652819147557,0.6418760094744559,0.6865976606342152,0.6813810601393654,0.6928005292128264,0.5821734061736848,0.7802023527234804,
pre_model_seis2_20250809163927_0.dat---0.9409553517266827,0.9594486527174881,0.9593057158590769,0.9567763240585211,0.950901045210537,0.9366356646042713,0.9333069035655954,0.9107733912740271,0.85372881461009,0.9024462838324575,0.838011199398089,0.8545575428215246,0.8795472299274657,0.93187496517597,0.918654821480625,0.9697507877341914,0.9583045627838244,0.9454570231703299,0.9552705304564764,0.9543786467358922,0.9363838459329517,0.9214008098640586,0.9087312406683925,0.8359409644655059,0.8060102302902146,0.7231403478671095,0.5046437506542021,0.5366501798757399,0.3627596537457098,0.5636193789452698,0.5588617387083974,0.6437546084029444,0.6624032387362926,0.7062076737683536,0.7349014498803096,0.752649320796392,0.775215110751609,0.7805243737159615,0.7809277119955861,0.7788851813233375,0.774707913164571,0.8184976629438061,
pre_model_seis2_20250809163912_697.dat---0.8146370062874349,0.916556226400703,0.9097250156308117,0.8886836109192642,0.8883081344187364,0.8432819556994993,0.8405175299417363,0.9200582854287134,0.9306335964993792,0.9791642784712601,0.9828465465077713,0.9845069010402159,0.9891923443024954,0.9457677022296908,0.96521512675956,0.9830107041075412,0.986602896271941,0.994121792224177,0.982992509531928,0.96487209066423,0.9558136141830087,0.9148147079279543,0.9335784044571338,0.9304260139808386,0.9149319348443077,0.8843620837839626,0.8155313077656527,0.8448165389195618,0.7741392049965755,0.7932059677791756,0.7869757049538479,0.7483353463320269,0.7124351064527202,0.6655006682705509,0.63142911810198,0.6248536978330751,0.5733988911223009,0.6136073237131071,0.6592402766893994,0.6269622098274794,0.6466784516477334,0.8478470933394994,
pre_model_seis1_20250809165448_639.dat---0.9291801790071881,0.9514756349512883,0.9338060217765414,0.9413143951501388,0.9195037856355606,0.9027313214700526,0.926847735605707,0.931921044972013,0.9313385138374529,0.927012792072678,0.9275294845225652,0.9366559432079069,0.9673466744640739,0.9683206524962183,0.9681855171149741,0.9596187375901662,0.9564454714025549,0.9410727926381498,0.9754103412007828,0.9055161035260294,0.8821487419450347,0.8375281586425267,0.7572009582784023,0.8199538256636016,0.8252465111214246,0.8599582234103025,0.7797316090217167,0.762695065213896,0.7693920041154005,0.7059118090131903,0.674030044381657,0.583632368254124,0.5431359063761536,0.537470655628479,0.4779620644560041,0.6066779317189208,0.6979167984682183,0.7770331792353448,0.7861614957730957,0.7990110439864155,0.840975432710192,0.8323172431721012,
pre_model_seis1_20250809165454_755.dat---0.9183486386870768,0.9025495537793985,0.9213829069369865,0.9098635349547094,0.8797925119687793,0.8818748363557253,0.825889417070869,0.8469539135420087,0.896461301494078,0.8955068207309452,0.9211854473653477,0.9532097472233805,0.9525806985866387,0.9847543383534797,0.9463892556746916,0.9442073480333736,0.9376368702766257,0.929355170779983,0.9169281721299818,0.9088647434094327,0.8482809105903187,0.8130286128310173,0.7946837430478886,0.7784170708833147,0.7554183249713371,0.7488216902642508,0.7935205087340281,0.7538427462007592,0.6550477165605667,0.5632473460202332,0.5708419664184128,0.4754323036981002,0.43129858779642577,0.49412743509008217,0.3737632507555211,0.39708579581609266,0.3057623449189716,0.2838296459159729,0.17349366471856428,0.13416372996604847,0.12102964403791643,0.7204602991851056,
pre_model_seis2_20250809163927_599.dat---0.9658599089767367,0.9306082846062733,0.9702977085228499,0.9648989494547217,0.9700149747086599,0.950310655322516,0.9378517147356188,0.9171127871652645,0.9114652867111329,0.882925593115606,0.900931734628383,0.9126259095035102,0.8736680531689277,0.9319601093800324,0.9411014877321165,0.9009306200143946,0.8594134504636799,0.8676794744169033,0.9026658478019013,0.8919797222064547,0.7258930983110572,0.6518760175230399,0.6365592773637004,0.656408774344864,0.7087117738652745,0.6665176309105577,0.4999760999635944,0.6021054767592555,0.5244432032115268,0.5254386354232571,0.5662588479251892,0.61064010224431,0.6419564890928418,0.6200702042081716,0.7591195111282841,0.8658962324641101,0.8646580565760046,0.8842644402798112,0.8633699360581893,0.853919736971465,0.8391496038355474,0.8036959858803837,
pre_model_seis1_20250809165454_784.dat---0.924718304493765,0.9328389226554389,0.9393048238078271,0.8913300218997906,0.9282542064527474,0.9451451501739725,0.9522469832187386,0.9680036317669343,0.9764816748676992,0.9763469328824561,0.9714803089286103,0.9582450812502535,0.9471562194505001,0.9675699510068382,0.9860100830044219,0.9691758726364197,0.9371054891459322,0.9476830023027856,0.9496959186237917,0.9453322859556946,0.95223894987259,0.893627744666262,0.8879702793825831,0.848719811851566,0.874663904477611,0.8852011287438609,0.8167472987515986,0.769565936656394,0.8255430242536959,0.7527415627038311,0.7900192298405955,0.7404120549675642,0.7213959335576494,0.6178414905956853,0.4634928890059183,0.48053002030558517,0.30679142678649707,0.268715575466006,0.1895737319616454,0.01840059199905523,0.10126393275820667,0.7858434483690007,
pre_model_seis1_20250809165445_822.dat---0.8921179536373591,0.908426402009949,0.8789325079207517,0.9050978859588269,0.890143701587605,0.8943153347604228,0.9044318259022593,0.897842955653908,0.8138947658893245,0.8328787324723289,0.9156067671849661,0.9151663962966037,0.8953237497565425,0.8520627348831185,0.8539366162906178,0.9159771886736038,0.9474680400532792,0.9521378808149811,0.9614649940447549,0.9690322361898314,0.8791360296603388,0.8800916251218347,0.7769078253566432,0.7869370469229128,0.8781997522081542,0.8872294414556772,0.7874416059466511,0.7409846251063505,0.7053303501357768,0.6869303058924572,0.6474026011033857,0.621496761326071,0.5061865789864911,0.550866002314285,0.6564056676987536,0.7109767985302698,0.911791339938529,0.9086942552343217,0.8602640473644627,0.8547087390906096,0.7806621970220136,0.8296317625950493,
pre_model_seis2_20250809163912_377.dat---0.7900965997132395,0.7029194563395538,0.7188901033185323,0.637336694241021,0.6957241721543175,0.6901470300944209,0.744258450497967,0.6486382634758634,0.67192146702375,0.5705204899662711,0.562232015645925,0.6619743172559907,0.6907469689285144,0.7818013995157579,0.7849246953563495,0.7210253971804557,0.7618682951773994,0.7587248151810526,0.8332676970103927,0.884782848882874,0.8812157393903797,0.8922678364543809,0.925750703240438,0.9140497104380142,0.9024494608943052,0.8744083692143138,0.8762691740458988,0.8860995530974286,0.8733839295071727,0.9002911958529357,0.8765450742828996,0.8591929018569053,0.8883645151040953,0.8466204129997347,0.9130452168717142,0.8966200278577223,0.8851542861280152,0.8860660742681623,0.834848222012605,0.74959716856947,0.6377324578013341,0.7929700782157945,
pre_model_seis1_20250809165451_8.dat---0.8900431649365732,0.8728236316003648,0.9009977591997554,0.8499724993371665,0.8745651584178519,0.8792129720861503,0.8829592836064293,0.8960235889511592,0.8935708119502708,0.9119994239390738,0.9290180694824584,0.9465304266602512,0.9250444481763215,0.9241724936992811,0.928592792609292,0.9437016076377912,0.9286126436757703,0.8804796944293526,0.8968945699013313,0.9055047517932916,0.8690338417810449,0.7214304801929551,0.5636044642751026,0.5979680558229921,0.35530723158601774,0.3758036734610962,0.3515077392576736,0.5243981651508752,0.5487747057530349,0.5931969344725689,0.6504063428108275,0.7743399092693699,0.7820268410836982,0.7596692905158197,0.6843852512111338,0.657887861320254,0.6254156927589979,0.5331390825703665,0.4997455592318107,0.4352045753125994,0.4513810059786205,0.741837719412361,
pre_model_seis1_20250809165430_249.dat---0.9774844181666893,0.9547479826740232,0.9821990497285693,0.9698599743932127,0.9717867854213554,0.9596863421316134,0.9432764116363354,0.9174144092117031,0.8279733933067039,0.7140544468284853,0.770887341358502,0.6675447602750382,0.7940625285447861,0.7973422808999532,0.9344273426236972,0.9472507091154573,0.931019064128611,0.9276734183030517,0.9063815954721364,0.8813269409044671,0.8930647130279177,0.8573199780293207,0.8884383623115962,0.917315059725303,0.918133170412959,0.8841955295608999,0.9092276603931,0.9039695285601252,0.9138786020125907,0.8886952864407646,0.9134753522668334,0.914412371705105,0.8765729777690191,0.890734591726629,0.8708068638681674,0.8780728452852068,0.8429068254785388,0.8299145207344112,0.817116002647768,0.7743570739207242,0.6868331196714523,0.8791668202603129,
pre_model_seis2_20250809163918_253.dat---0.8807300782765427,0.8572908987745923,0.844637710603664,0.7219599114193449,0.7577721703585305,0.6517861118653244,0.767571119880092,0.6559708624714222,0.7960371921222789,0.8480424119892963,0.8050022272680839,0.8815458711676325,0.9006406788093397,0.957952425076051,0.9432469024708823,0.9754336757171073,0.9871478286501657,0.9842560798000842,0.9534788810691522,0.9459527138478793,0.9309034769340125,0.9503156183658588,0.9413496824718526,0.9177337031826207,0.8820768697519564,0.8450497778631195,0.7992552860233612,0.7224172147807293,0.6310100734645624,0.678888918649515,0.624472783855776,0.6161209637312302,0.5393231045046774,0.46499135695527893,0.5197427036148248,0.5235920574948795,0.5398450158587833,0.48892462860884567,0.5493801863172111,0.5105485959208683,0.5053960922892078,0.7633608259091864,
pre_model_seis1_20250809165442_382.dat---0.9535286510573071,0.9549057202889848,0.9537238318275666,0.9524616897539827,0.9298891073904207,0.9345419242264447,0.916170581473255,0.9183678798161914,0.940759496954949,0.9398341732356315,0.9538884255416347,0.9705405228674184,0.9695085408812303,0.9623307341051075,0.9541912048712022,0.9609099552368808,0.9220894103560582,0.9359154213224371,0.9163192034162754,0.9281219819136206,0.9192595708102176,0.9021495093320742,0.8868917489096559,0.8542052442074095,0.8323920809490725,0.7657347220700995,0.7399492518704841,0.6716169079525237,0.5624375776687274,0.5626202902949243,0.5218723672657967,0.4519408505087718,0.449516690456154,0.4180585893415782,0.37667113107135375,0.40067433491882204,0.49422722906569705,0.5268798790823163,0.6088927040564288,0.5924731792421877,0.6575174146327956,0.7820482861035045,
pre_model_seis2_20250809163936_45.dat---0.8569395557873075,0.8890729954734709,0.9220726361460378,0.9057959389979184,0.8986497691158761,0.8961632805873999,0.8897687570655708,0.8695812016811615,0.8905801640970575,0.8602351866450252,0.9067342600213395,0.9382660299795648,0.929820301766512,0.9159001517143379,0.8875383328809928,0.8630021039823325,0.8840021665834372,0.8603061128047922,0.7877359430188564,0.7703612662821767,0.590762850530363,0.5971991422846004,0.809337197658919,0.7525420858740729,0.7278914962671399,0.5677660288736108,0.6457424473095076,0.6481459069797118,0.5258231601732712,0.6634924236772665,0.6699491917197166,0.685452849133393,0.7071941977670763,0.7255550042841474,0.7523969495661731,0.7320224012059418,0.716062724606854,0.6705779666747548,0.491757976743682,0.38293946676275803,0.3247699100439028,0.7563392081162933,
pre_model_seis1_20250809165430_389.dat---0.9521640529379718,0.9275409050035637,0.966677414905406,0.9643296538164653,0.95905581425237,0.9607458540812867,0.9563386434722638,0.9613717057702181,0.9509717597993089,0.9213147240664326,0.902867679549432,0.920417146831322,0.9502248614807386,0.9617352586156741,0.9638246157145229,0.9116190510412249,0.8853787097652063,0.8953473598210756,0.8824061430381147,0.8106124450427049,0.7703246826343315,0.8000468475687095,0.7958819979888964,0.7836001883654343,0.7852125684634597,0.7984717592790049,0.7932404003938481,0.797575531706639,0.778695822587434,0.7311807110291789,0.7353020688942018,0.6878948711250329,0.6683868042030727,0.5828673028435254,0.6218190376874462,0.6650312552671155,0.6443194725061739,0.6990198855630324,0.7778971484289524,0.7913108409433541,0.8220011112408493,0.8325615636030487,
pre_model_seis2_20250809163915_584.dat---0.9386300283599184,0.9311193928850557,0.9324200126010193,0.9014082128660567,0.8726063070893827,0.8523583837183606,0.8135660242193733,0.8317859212118436,0.8065991062795932,0.7876594463013272,0.8255999044042697,0.8208296985659929,0.7742017822588148,0.820938871200727,0.792767156835307,0.750763647325741,0.7180395519328646,0.7898271867410818,0.8475563821634383,0.8356802998081084,0.7454581984931812,0.6980374705274571,0.8373300097387046,0.7942729395250695,0.8338062967071712,0.7860279268611556,0.7762173895081735,0.7583448067155981,0.8192012265988602,0.7600489214386673,0.7688998514169022,0.784484928395463,0.7366669250164094,0.8502365306632074,0.8731266266834565,0.8966558094055705,0.7749835770352491,0.8062409403142272,0.6950151032731877,0.6516861721311296,0.682942517296297,0.8042449142564247,
pre_model_seis1_20250809165442_460.dat---0.8090593777626498,0.8787953340320237,0.9217203354166964,0.8983228342559412,0.8489739145771275,0.827416067642627,0.838622874009403,0.7816894818028747,0.8097201248740863,0.8275336510953144,0.8705110954015735,0.8379293077877751,0.8384983812028668,0.8787091538292238,0.9075400729856549,0.964497656373717,0.9646022804020702,0.9405350201022876,0.9089713756998746,0.8985500196446717,0.8907572125979261,0.8738730819474854,0.8573092152434125,0.8643977518759989,0.8521310565299302,0.8185746195892207,0.7775111769495422,0.7175189157441147,0.7544143833685,0.6759461718468243,0.6974100851682298,0.6868242295333545,0.6747957224038725,0.6634529911845161,0.7067088174238049,0.6745390311258602,0.7958123128113948,0.7881479057425214,0.8907598645170551,0.915497995515694,0.9001605215053528,0.8275302785737334,
pre_model_seis1_20250809165430_505.dat---0.891949846364721,0.9530283517245312,0.9640452674142056,0.9642600264997412,0.9505502506933816,0.9535800631842389,0.9460011917811599,0.9075775693557688,0.9296338443527818,0.9235041503625183,0.8861963334583547,0.8572677366099625,0.8493122135066176,0.8950290685115482,0.9731013022106237,0.9880501485916117,0.9719874102273278,0.9550185506359918,0.9710146626870374,0.9551205110865298,0.9670350952550364,0.9689779987835683,0.9740532362054212,0.9162202662045377,0.8793828324207067,0.883839156750763,0.8502627364415118,0.9261624657460602,0.9292362759122028,0.9412277778692912,0.9041300779860609,0.8657445337304491,0.7697850646943047,0.654838906337785,0.6882314669129147,0.6101268967627139,0.6315008682937033,0.6587339992193451,0.6349428936651671,0.6285505935662486,0.6699046641029694,0.8692467391736441,
pre_model_seis2_20250809163927_528.dat---0.8531735342790966,0.7195164975058578,0.793271542096079,0.7575679617420209,0.5871566164733363,0.6712345352032715,0.5953461443880771,0.8400687575878434,0.8974942524015137,0.9624266142116105,0.9780086957008153,0.9690951850435794,0.9625395934453885,0.9682293260571186,0.9584500137270435,0.934585449110631,0.9097922428183383,0.9084386160424754,0.8771472490425174,0.8184907015562222,0.8623700400788367,0.8203063410157242,0.8487017609965409,0.8347361368415313,0.7827099062481578,0.6808497016744548,0.7556630781235757,0.7039581851773107,0.6932117174168756,0.6449697688145543,0.5835670116258552,0.49560853083540096,0.491016190328553,0.4882502145519091,0.5888515044668644,0.5783876145693913,0.5399940076918713,0.6043081061567069,0.6238667346093314,0.7040325843247832,0.6796534770292461,0.7552938083173245,
pre_model_seis1_20250809165454_377.dat---0.9471926286716355,0.8793544804836734,0.8919153171977451,0.9139060226402895,0.9509783035864062,0.9302570845354602,0.9336991165411302,0.934078655526279,0.9415404302773384,0.9295265190474222,0.9299441565227096,0.9548492367805987,0.9662282593736462,0.9752026190873931,0.982495348577383,0.9766292578990929,0.9654221285057968,0.9667114176173925,0.941639709395561,0.9269214405080394,0.9153776942229339,0.9269080752046789,0.9393060264677411,0.9157904656085358,0.9100285589079782,0.8912763249038618,0.8896169783774631,0.8847386873741254,0.8497020241421621,0.8425177923662734,0.7989260584736257,0.7806320536866576,0.7614122452062267,0.7198908212521412,0.6180749578437392,0.5757908263372715,0.6380200576346813,0.6600344597887534,0.6606225998363743,0.5692702375194352,0.5812590295603826,0.8577484904265861,
pre_model_seis1_20250809165436_741.dat---0.696861312814802,0.7614693299050735,0.6624264199597606,0.7581076572370575,0.8348108510168553,0.8216302695287627,0.8233494057009937,0.809866409641516,0.8012625133189017,0.780238652600819,0.8631866885824457,0.8875686585228726,0.9446705111724129,0.9731385233826315,0.9870442884084711,0.983769081735191,0.9694921994235018,0.9703504770823643,0.964567730641069,0.8880882749349873,0.8633552920168486,0.8769738763403684,0.8059121290854534,0.7816059442648763,0.6800908683203828,0.6963678754612458,0.661183905951828,0.5718442094369306,0.5732048975648807,0.47002218197884804,0.3409427603153155,0.24793216261709689,0.1675793760080228,0.1635851441188269,0.06621459604512861,0.18133448003474026,0.16994452067150684,0.260599964100534,0.27417396107358305,0.3802256188522212,0.4505544524622643,0.655257255422717,
pre_model_seis2_20250809163918_614.dat---0.8846882106560506,0.9120433422400405,0.8225830604632439,0.8698451057469428,0.8980689038627694,0.8578133645776771,0.8532826222698459,0.8406391192899186,0.769974781990538,0.7907960259504241,0.8091418495679268,0.7868368556696851,0.8308971487528891,0.9108446272010984,0.9471485807632459,0.9447279780048893,0.9015578498299581,0.879541827674431,0.8887469729873589,0.8776724870161132,0.8261432048386457,0.7233881278593101,0.8213273793762832,0.7344332495548754,0.6717820338289626,0.5819225868229734,0.6438769120599586,0.5833800486698351,0.5460027557748421,0.4264754649487823,0.3841502476512685,0.4298850160727335,0.389289386946703,0.4542688701242521,0.45211348964015324,0.529174827125303,0.6424148299777902,0.6760215335842837,0.7005697185574999,0.6938374718256746,0.6672169385286598,0.7281591416654596,
pre_model_seis2_20250809163939_889.dat---0.9140512339038253,0.8904920438827502,0.8832635745587915,0.8677342397285301,0.874297680776661,0.8685946989417346,0.8581280622556499,0.8549550317484361,0.920854770265489,0.9058869470121166,0.9316683355656019,0.9782167222633668,0.9183989551869779,0.9035343516776347,0.8807843887405951,0.847663991191342,0.7858827549058911,0.7833132951928379,0.7862328175568175,0.8456778260453964,0.8605947271378598,0.8799783049228469,0.8712998205884007,0.855461582121069,0.9045364642922465,0.8736608867617033,0.8310812538940014,0.8430711804638631,0.8318191871388748,0.8085971678446291,0.767028640855503,0.7527417855719671,0.7668481461428899,0.7630014543395524,0.681385057939855,0.7853930106490946,0.7858743215987744,0.8298153858993073,0.8247617048762581,0.8334881487123382,0.8092311988777211,0.8453488085860782,
pre_model_seis1_20250809165448_615.dat---0.9102167265057864,0.8295495329023431,0.9076484087213278,0.8846740394886582,0.8161728794317408,0.8485287044894319,0.8359445113943665,0.8236242113086246,0.8480734244466255,0.7957476141225854,0.8471339529132972,0.8646208627080478,0.8970094583975861,0.8080899504856621,0.8201529755893516,0.8392776676856011,0.8377076639012014,0.722710652157292,0.6893321944109035,0.6531217348993675,0.7446912651245547,0.7034877286626973,0.6779970039700677,0.7092317712974755,0.6166289058490951,0.49542881961722457,0.5219242334835245,0.45160056736306764,0.44496982402566204,0.4316910796864945,0.44734702180592134,0.48442732041251346,0.5397489477397479,0.511843947439456,0.5622376677372948,0.5513287628811088,0.6232216475739941,0.6532993707767893,0.6342968039386786,0.6603663633286632,0.6668909589659257,0.6978535896985307,
pre_model_seis1_20250809165457_353.dat---0.8894712106727073,0.8711626748825241,0.7431176470857598,0.8899165832906055,0.8448940885963337,0.8194139676801898,0.865799210458027,0.846034054925709,0.8218131545020794,0.824318738014893,0.8551883046762501,0.8733327481864995,0.8840524911571837,0.9303878102102471,0.9156028515118183,0.9240042551025027,0.9083257261657647,0.9467637115672995,0.9573324364333117,0.9754853317533316,0.8921332133733905,0.9128149651462105,0.8936446548701346,0.8817871529205705,0.9259152957923281,0.9608255863637575,0.9616001306875258,0.9161344154991155,0.8862112262017204,0.8930024013239992,0.8011508685063004,0.8292699392981981,0.7591011549757739,0.7239442733311163,0.566209564268868,0.5859656387907075,0.5750915912404531,0.4604980877465037,0.4543814915758793,0.4393275219346906,0.5009792534271472,0.814790376198718,
pre_model_seis1_20250809165433_64.dat---0.5171524043510882,0.8167672708841016,0.5718390828491712,0.792515139578197,0.6491242012401017,0.7330055366287633,0.7246596958631533,0.5736630575690488,0.7598307342578088,0.7094814951151979,0.739332098931154,0.7782278965290143,0.9822250364234829,0.9662638767718954,0.7571607303620123,0.772361924048433,0.7119312843492731,0.6407096908109224,0.661154655066818,0.6489014931941463,0.5812571708269092,0.6942531363515304,0.7049896416341295,0.710860512060533,0.5953561254737156,0.5836089487933588,0.5237782780686596,0.5668183903247348,0.5763332106941039,0.5883985378357061,0.5937622565108781,0.5955127631710362,0.5994045571941878,0.6749860338999639,0.6671227117279286,0.5674686573053682,0.40405800825555577,0.3099615252343524,0.20657281712983755,0.15295534146804482,0.12671770818196396,0.6226947228528359,
pre_model_seis1_20250809165451_557.dat---0.8625074045507963,0.8733611089849233,0.8386746052912446,0.7555818835488213,0.8815885877486622,0.888473267957023,0.8604436559934394,0.8895360707601719,0.8362072195149128,0.8844574109700294,0.9213740550331565,0.9346310035760754,0.9334557498490923,0.9415142411540882,0.9538472234234019,0.8754557329569184,0.848617961272567,0.7963496478449096,0.8712525296244313,0.8241469619142431,0.8013370129823991,0.8013945647475482,0.8016848591862118,0.8429760670047174,0.8059417502812967,0.6642205492335391,0.700286001985646,0.6944798555742847,0.7823493849962337,0.742288661952246,0.7425865614705933,0.6705321026783901,0.6092149511566161,0.5523646207439961,0.46160631144283865,0.37427495951704187,0.42622348819911643,0.5238930637239751,0.545875463856596,0.6101531224977054,0.6263428330602018,0.7622317684941486,
pre_model_seis1_20250816100540_83.dat---0.9229028431146546,0.9665134997201208,0.902457628495633,0.9461455948658982,0.9348839736685592,0.9217299550941787,0.9385638461249111,0.8966366680131179,0.918097426113012,0.9023388994392156,0.81279047635176,0.8860580833650793,0.8315860678105501,0.9037087900188833,0.9072767849129321,0.939291527282483,0.9118055130055406,0.9110405208680661,0.9069327633387898,0.937934983641308,0.8957064956897016,0.8521147648187972,0.7490934490780254,0.7846954400655739,0.7811510985316621,0.6993349907211495,0.7941469465577077,0.8449155550180302,0.8543840549464553,0.8764138666322805,0.9157819419927572,0.9249566674660812,0.9086726037390861,0.8770740350191948,0.8245790147780588,0.7863183561507324,0.6965219831833576,0.607773709660856,0.6281085173314334,0.530714044270789,0.5590632556212628,0.8436638204028702,
pre_model_seis1_20250809165439_700.dat---0.7747233954383809,0.9195752227618271,0.8708666138298912,0.8231340033229246,0.8633114177126939,0.8945656867812704,0.8434187528511523,0.8136959946998996,0.8041166709383206,0.8228109254587214,0.8411137172155196,0.7513242641402246,0.8100476884322907,0.9032940491484773,0.9468205453996652,0.9428600683658189,0.9099439946397189,0.931171296083736,0.9345592790126585,0.9108874623965364,0.8370377261423444,0.8541150478728545,0.8714374404718658,0.8878006801106229,0.8413264523780288,0.9045005912516421,0.8806311367781863,0.8860277767859156,0.8877882731767833,0.9127346164389668,0.9115482013458385,0.9167012696430782,0.9114666109608621,0.9008080193828323,0.8850937694051619,0.8870847448917727,0.864692675106896,0.7976981188500222,0.8207721685622561,0.7714238800255754,0.7348230022072878,0.8653110548882567,
pre_model_seis1_20250809165433_23.dat---0.9399519881836811,0.9124993437471295,0.9392437441429381,0.9370009014572948,0.9138302721574595,0.9257909463625902,0.9369043094267687,0.9449343025534374,0.9473140801007528,0.9487324464261154,0.9464265268429369,0.9441915896144455,0.9520178108549545,0.9639625154444867,0.964772851848506,0.8824592752347756,0.9028522092649153,0.9583152137929414,0.8955352332144695,0.8600328356021129,0.7891223352565597,0.5816644669297103,0.6660236503716495,0.7000662709374615,0.6187165478936177,0.7231344667528288,0.7968396849340623,0.8045062910150307,0.8344091989692763,0.7978048003830687,0.7989644935457538,0.6815798061272684,0.6181282550065467,0.6244772851843065,0.6417789687684043,0.6193081141197517,0.759777464057867,0.782542032678712,0.8307499259787385,0.9042549045255055,0.8887800956769472,0.831204815985019,
pre_model_seis1_20250809165451_853.dat---0.9127246881973284,0.9231624054829255,0.8994020286356609,0.8711680391210361,0.9234176191680176,0.9372629946394884,0.8992377892023534,0.8722945692479698,0.9475453044117054,0.945207771722647,0.9584980665659396,0.954037713877161,0.9571148958728818,0.9464823825605809,0.9456436407243077,0.9444285989553658,0.9383541836176017,0.9404998451275762,0.9823370311779275,0.9169937025466263,0.9104235039365165,0.8289846146085738,0.8973214450126967,0.8061186182802765,0.8084351083396704,0.8159997829574278,0.8431012563251686,0.8283605325778735,0.7711560598408965,0.754193612619024,0.6990403995414713,0.7381012322682547,0.7332952070845951,0.7237777086970411,0.701361376568186,0.6553592687295682,0.6722730844396155,0.6964646551900938,0.7448143527024803,0.7490751242263888,0.8024608489747873,0.848681245457944,
pre_model_seis2_20250809163924_327.dat---0.9359918025938135,0.9556697989661513,0.8853357686455916,0.9277380345248287,0.9362979293308187,0.9085160075916171,0.8935908975899591,0.9141506931613091,0.9221837230086857,0.9304215332039104,0.9361140945299827,0.935622819345494,0.9727317528725832,0.98620644027749,0.9491948295580612,0.9562845421224141,0.971943012687169,0.9631581742055602,0.9380131011773325,0.9352999906907428,0.9218109412747211,0.8979895722113698,0.7526239642327935,0.7739105048795523,0.6952047536630779,0.6441903443137044,0.6077323073164538,0.5437603600392543,0.41570116808446544,0.34243495313336797,0.2461024949274977,0.32471536099631876,0.27814995435955325,0.28192847788925546,0.36680415311932024,0.40823087602625824,0.43655398194792894,0.46488461168507245,0.5316406127168714,0.5648204375208107,0.5832929699997894,0.7277304328395353,
pre_model_seis1_20250809165457_769.dat---0.8978764805957609,0.9259126739783707,0.9041511170257994,0.8717647092746663,0.8671981606754036,0.8847412561721494,0.8936983749839648,0.842826211293633,0.8805521697646276,0.9307450314763119,0.9090154655028284,0.8986415523996725,0.887395789948342,0.8855802954623848,0.9397556238789405,0.949533670788394,0.9722183265285629,0.9672720813882701,0.954906484565397,0.9513328566107151,0.9526478059322661,0.9629640379678253,0.9609208766098367,0.9652029745065893,0.9334130218629114,0.9091200178054959,0.9042831540012869,0.9116126097190977,0.8972303148594593,0.8686870698878271,0.849053119092574,0.817591751216066,0.8300737672746776,0.8140850636301268,0.8102852597271994,0.8659779507687646,0.8534229080133041,0.8596787221756522,0.873822910394161,0.8907527568474162,0.876944366287342,0.8981192388022945,
pre_model_seis2_20250816100724_46.dat---0.8486434920163787,0.7933972853058175,0.8694951222255681,0.90541734210818,0.9031017582733275,0.8216405129059223,0.8649090614586714,0.914391974717702,0.8820162913865278,0.94335125597798,0.9615705604735262,0.9662857155941756,0.9697270857740282,0.9623170390639648,0.9508628278733492,0.9236203577637762,0.9278610003174625,0.9080797730881812,0.9478609292670079,0.9446581789630578,0.9253311719618889,0.776721974210218,0.7704101398113126,0.7811940546127059,0.7950161629488087,0.7717668908830906,0.6460704785632314,0.6026595080669093,0.6219107682447153,0.7222970475476409,0.7672248330434481,0.7571710447498622,0.7933628646231323,0.9024547616799519,0.8773691529681955,0.8985764663659775,0.8957892846467567,0.8996351594372237,0.8616969075027948,0.8557403895024028,0.8329841631544029,0.8527948972946162,
pre_model_seis2_20250809163924_617.dat---0.9017556530137739,0.8275319039800686,0.8451092265846367,0.8790855168445467,0.8104650441377333,0.830828111130852,0.764100811384537,0.7805193488718336,0.7604750222634045,0.8044584893698229,0.8540997882549218,0.8585009674544073,0.8591931635248777,0.8345409776026267,0.8086782687854653,0.9140121867767399,0.8712841961475524,0.7330059419242254,0.6390179173719188,0.6235712353887188,0.7373181080181402,0.7901402752393232,0.7484272539148614,0.7683420133927731,0.7366740983846819,0.7195986219802029,0.6545254504098827,0.675013332959161,0.5672691242173152,0.5349162229775237,0.3750195841410016,0.34453579432382847,0.29553938164737575,0.25403089084150626,0.22903721305571706,0.1498757514593245,0.273658648815255,0.25578006893263217,0.3272252664420214,0.3985679334583204,0.4692207044833915,0.646462183168461,
pre_model_seis2_20250809163918_53.dat---0.9348058216353372,0.9207424967294784,0.873915579542922,0.8922274606689393,0.7957007213592857,0.8378776264803447,0.8113428220067829,0.8629718188426869,0.8575998950625116,0.7754322689476996,0.8044255881235558,0.9104795214430095,0.984252616982225,0.9834446299171561,0.9946006631042577,0.9955235084862566,0.9349245627040974,0.9126960909143375,0.9149963353264513,0.9099053154617832,0.9067471575259137,0.8325394810429227,0.6956959691557446,0.6721445434551166,0.7403063831863677,0.6482905468753715,0.7351043139582529,0.811797709576824,0.901197197490654,0.9332541970823817,0.9213083690749369,0.8679917763889988,0.8351897304649503,0.8066872445309976,0.80655355392396,0.8072699027036472,0.8031276210136596,0.836901325302132,0.8799044841123911,0.8875895984446829,0.8927624454361252,0.8568348510850035,
pre_model_seis2_20250809163933_380.dat---0.9268590602584865,0.9542209028224911,0.9209403960572905,0.9471685848729618,0.9116102082166375,0.8873656392953053,0.9131638404339067,0.857317499887653,0.8760564040668134,0.8962367634596359,0.8992721744063247,0.9092154512712358,0.9355023275734722,0.9393774548768926,0.9686063062339499,0.9697829509881172,0.9396644919061325,0.907054870414983,0.8462416196345437,0.855943857177998,0.8240530768455988,0.7481260327784846,0.6590615470762344,0.4820299893316565,0.5100501750738176,0.5910722081243778,0.4673637892241915,0.483868469145062,0.5100469856917437,0.48481312899876694,0.5131546361235172,0.49684232153528335,0.47395969685255285,0.4497554388079833,0.5250027256932294,0.49217942258192443,0.5003857107387164,0.4649075853614406,0.40917862712302505,0.4152526711472629,0.49409147022113403,0.7135804027397763,
pre_model_seis1_20250809165457_872.dat---0.8526077674838513,0.5948135424329629,0.8315109693763966,0.8250460001386287,0.7311712095671127,0.8060286460850865,0.6730967622671504,0.7478803287714723,0.7760100487260663,0.7819343301845771,0.7857574370155478,0.8885490582858099,0.8956701018662362,0.9841635553640427,0.9561926407811053,0.921659820150681,0.9084561488511056,0.8097407268950368,0.7476276700780529,0.676904623502716,0.5690061493231332,0.4230395960162347,0.4029087532340693,0.3209178285757535,0.30036075111014926,0.2715093980321605,0.29641925971655736,0.20312414924774874,0.3480477012089152,0.3633981087597195,0.42710055358500737,0.5538786949417079,0.5941491749834639,0.6135673965880338,0.6114321272305319,0.6117537959072313,0.5727988499136533,0.5452718504675522,0.5546452057149698,0.468736463722138,0.5057347463685119,0.6281127303041679,
pre_model_seis1_20250809165442_579.dat---0.9201057158059449,0.9095122090251028,0.9171569345868708,0.8733103572946174,0.8915439270696246,0.8734642209036065,0.8604862773728355,0.8796923582886611,0.8169220383443878,0.7884708144231725,0.8991174667078167,0.9428137909538061,0.9640445579483872,0.9664546701648412,0.964853887905379,0.9417656562855045,0.9313540711501236,0.9207524342199861,0.9241757636055664,0.9361072094310633,0.8970518943312078,0.8908787337227074,0.8432677864111191,0.7189073647115727,0.6350474992717203,0.5844196799352814,0.6701383314871774,0.5202870415660866,0.5177086139227975,0.42710140099716154,0.35178452173063174,0.30677066830354593,0.20256414894749436,0.2702696841081225,0.29902292122483787,0.3137893715044796,0.34240879606105373,0.4386738511315532,0.44660535410844143,0.4675689783922851,0.47456480137836315,0.700998434261828,
pre_model_seis1_20250809165448_213.dat---0.9101418393201218,0.9118357097128811,0.9148085256008827,0.9286143006522135,0.9234052178922675,0.9267490656843853,0.9398368155584892,0.918473220135366,0.928628861293589,0.9156500499339929,0.9606998852057718,0.9692879825275789,0.9735077623977462,0.9580995343364627,0.9866279433792314,0.9925373761375144,0.9896314486003879,0.9946510548870227,0.982550498125667,0.9607632693663778,0.9323198319578029,0.930136233229647,0.8763458134124811,0.7507231718071165,0.7715214632927874,0.5941093330184934,0.6565149576784156,0.618460078849647,0.5766073846954037,0.6646609443844724,0.7059731478386608,0.667675275522133,0.651770799043233,0.6562757744564887,0.7319687335580134,0.6777611201265027,0.7633869175056832,0.7578549135996413,0.7420975229137642,0.7910613545321439,0.7975725614724543,0.8366170169181206,
pre_model_seis2_20250809163924_271.dat---0.8788873233878962,0.7367332262304702,0.8949852614518797,0.8858522969433831,0.8940671155978217,0.8493042158614463,0.8465016015281784,0.9071823669161261,0.9250311297840856,0.9305918535891817,0.9316063358489066,0.9217025991315416,0.9558260210520276,0.9608727093833247,0.983703647975718,0.9774720665015079,0.9780456962323737,0.8864702156001167,0.9025733556096661,0.892313697543514,0.8819626554959936,0.8511975054319615,0.8189047092308402,0.7813384266505345,0.7706664564443352,0.7249943918473493,0.6857773756590023,0.7116487753275033,0.6350382416778845,0.6377527406114242,0.6173192166659536,0.6258698625877257,0.6040019320866785,0.6618199830517054,0.6609379665915559,0.6978523823526381,0.6983637134136916,0.7294422499679191,0.8110232818209115,0.8478828608737133,0.8301461619574675,0.8152113079491696,
pre_model_seis2_20250809163927_849.dat---0.901616614741098,0.9231999565335685,0.9475845602563032,0.9366633618658303,0.9272891581442843,0.8700266485359882,0.8273775440700806,0.7511711661317911,0.6506877967938368,0.6712935827524567,0.5455810536785112,0.7866830596415536,0.8639461934553223,0.9149980905207552,0.9119399807700901,0.8789936169501893,0.8100785669591893,0.7843736598556328,0.8290227810776178,0.8208088612906224,0.8319964950061989,0.9014947084886555,0.8805432546206086,0.7737355551555323,0.7174748332698971,0.6481527096445752,0.5012636869471067,0.5019569792247598,0.4169949581803152,0.29740776062638313,0.262624724354876,0.2644673812428522,0.20829654568252431,0.25232822549242556,0.2924941458473776,0.3581540431331754,0.43209085652578566,0.48076008365248557,0.5200804438029791,0.5136650985664837,0.5634694502702123,0.6627509315551203,
pre_model_seis1_20250809165430_481.dat---0.9308455447306255,0.9081186939833121,0.896176613257181,0.8249766643200787,0.8100000920623518,0.8407798905353174,0.7923985473121758,0.748904039927265,0.7950399778131984,0.7079172670968775,0.7423755697746415,0.7615171196601581,0.7406991595941966,0.7831122114784593,0.6573797753670072,0.7106552568126736,0.7834897717793242,0.7688185274018748,0.7584868935787649,0.8316405063751213,0.9054154685197427,0.8894153578680007,0.8580198497468893,0.765463350086633,0.7212488901650986,0.7947470512135528,0.7842593400612159,0.7132882882851423,0.7368543177174827,0.7243179864208571,0.7917575892505889,0.7629156715867563,0.6554633300186979,0.6513494544564049,0.36509399510460966,0.3752940327007336,0.3963588744659451,0.35301543515628087,0.4022154145763699,0.4161481133001947,0.4606543120079412,0.7150397133065791,
pre_model_seis1_20250809165445_773.dat---0.9531687410717848,0.9354623904049223,0.9555242134353913,0.9353568389324494,0.9220982168359448,0.8739283531782557,0.8220538221754007,0.6813488938891424,0.6172652083022745,0.5668124766926155,0.6810631597216901,0.8309090650142769,0.8588736411529777,0.8090230719658096,0.78590750069353,0.7980079831403695,0.799707373275454,0.7898975200236832,0.8490564472248566,0.836731492941273,0.7763114029456925,0.6059171571145713,0.6514169648080272,0.4743152653793093,0.6148206114807124,0.5889059192152132,0.5127237807250807,0.5175783011137667,0.5353002330052132,0.5623478556791811,0.6230555473804112,0.5862346498432275,0.5222807962365774,0.5106580590446189,0.4537955429614242,0.43155045153708466,0.4505734311154203,0.48041169367772785,0.5174612632362007,0.549606844588349,0.5560233235163433,0.6786215976750305,
pre_model_seis2_20250809163918_259.dat---0.6474617061962235,0.8136331314781975,0.6655925266337419,0.6872711195205577,0.6339403934423484,0.5477575100570051,0.562367873017825,0.6171275776179117,0.5763670794408919,0.5524334757750466,0.7534348488851016,0.7292474149552136,0.7701066929298508,0.7371322856566723,0.6771247741474051,0.6172242320976907,0.6821813579173522,0.7237611500968051,0.8047669754317475,0.8611010395789991,0.8184278227655076,0.7531530637523081,0.7426143820416214,0.7991799830487578,0.8127957797738438,0.7954457990637445,0.7288952180095072,0.6719097786457396,0.7639886407067249,0.8707085820722922,0.9114943344721576,0.9260194908099549,0.9195616751614868,0.8725697630869182,0.7980023244140932,0.7501771359817303,0.757163077831492,0.743251075100827,0.7516255554651119,0.8039003298730767,0.8292418672169808,0.7434185083944016,
pre_model_seis2_20250809163936_110.dat---0.7606360347751723,0.7942455153861234,0.8755343909922563,0.8229151809539202,0.7790056180497772,0.7273609596338187,0.8282990870306985,0.8788896550906681,0.8427968845302152,0.7729046784780065,0.6748700303068198,0.6428799392894907,0.5381854073535433,0.6533375466933491,0.8192159048298727,0.7967234477964509,0.7062309492548917,0.6442641054245345,0.6996653615104,0.7155260506972402,0.6764472031674497,0.7715591359015546,0.8190510649886521,0.8538055088381735,0.8697882149151004,0.8422874033253052,0.8708863325975628,0.9000216641748947,0.911341056189986,0.8805391023940012,0.8738787511250612,0.86587242870115,0.796514903782465,0.7496516025239754,0.7284116539024991,0.6447769944792835,0.6311137527911809,0.5437894608771198,0.3938233263870934,0.30269350170028164,0.28759637024952833,0.7362764922216967,
pre_model_seis2_20250809163921_539.dat---0.8018473735262851,0.7591592309220092,0.6984847628572253,0.6252437060661044,0.7209064907750824,0.5908918272357339,0.6428114197638591,0.603952739715712,0.5775096560128373,0.530036051370972,0.409589246112498,0.5808722798468839,0.5119666184625491,0.5476399905440384,0.7902358740745946,0.9252304711480523,0.8896372211120633,0.8897465468115034,0.849263953186537,0.7883354599505504,0.7615376489897367,0.7141863151457742,0.6636592074676168,0.5898780082519806,0.6702481928331061,0.7198446000425037,0.7258107391383822,0.6302994611317075,0.5609709720778101,0.614977559458137,0.572636286681168,0.5345831053023684,0.5661684218568231,0.6051193344957068,0.5854544854130932,0.6008200727082027,0.48125097032944997,0.5744930488867385,0.5731538775431338,0.547878542304881,0.5995665936514565,0.6494121552001186,
pre_model_seis1_20250809165439_162.dat---0.9317144532285717,0.9444230945559564,0.921673990366911,0.9104051418606828,0.8643145968944963,0.8641265410890893,0.7545942833432947,0.7675938960223234,0.7718854810581199,0.6861732465657,0.7554437481660612,0.8414012972832539,0.8900612057403132,0.9058234806632552,0.8841542985031474,0.8764901301418533,0.9322985199398186,0.895413457993988,0.8841864307019112,0.8593421582000736,0.8460706208749561,0.8514993537301281,0.8644570076062411,0.8565467071173916,0.9181514655407235,0.9323036446574507,0.9353487158933202,0.8320594947401266,0.7021188111870983,0.7441806957135283,0.5322005635977225,0.47937401812913005,0.28377604385287364,0.38368170128151957,0.2769503742784743,0.24081689026757402,0.3223669160892075,0.39855009404647807,0.4232248434101329,0.45376745486257064,0.49815108875175496,0.7296857550718835,
pre_model_seis2_20250809163939_30.dat---0.7832995728231835,0.7773446028362075,0.7499809328950552,0.6837005085611992,0.677858956414083,0.7161988209061857,0.7865768957873078,0.798805676936043,0.8150965646435427,0.8367260307114719,0.8533691487952582,0.8542833129710542,0.8293978349629264,0.9075886354304711,0.8306920895615257,0.8856553800439605,0.9549997456053951,0.7952548816094505,0.7854273753737739,0.7203710069294732,0.9498907659098187,0.9261735490633948,0.8430796310776776,0.7262231861116315,0.7328782822989901,0.6761899832058395,0.5171527423636497,0.4962044721964246,0.38494496780543,0.554593148436619,0.7092560590659921,0.8224144314796762,0.8012634410278814,0.7963904856919958,0.7638792974955164,0.8066450122611759,0.7560982796665169,0.7398583502267727,0.6864394664030755,0.7033800296601667,0.7407464749128159,0.7603982934185033,
pre_model_seis2_20250809163927_806.dat---0.6294273963021413,0.7083082275946054,0.6221346913985301,0.8050936079551814,0.7745294978596291,0.6957652691716341,0.6617766321594677,0.5917601900219727,0.6671411835941903,0.6085351170589859,0.5805831723743323,0.6840530110582451,0.752684263052515,0.8083656985685568,0.8847958965807791,0.8739889039572808,0.8343918340653494,0.7671988287788268,0.7853185092469295,0.8202920077176555,0.7734687320264949,0.7424358462921092,0.6514243024784179,0.6448983535960168,0.7465736474455243,0.7640418211909237,0.7936067701215568,0.7865741633803308,0.7542117614493042,0.742543425196471,0.5767926052259492,0.3466549145190779,0.25993623562166657,0.13961052967431165,0.10844755597330265,0.19452762805640417,0.20137797372239438,0.1758748405058019,0.13104298501701023,0.2787136189547114,0.3147807030804358,0.602041032976708,
pre_model_seis1_20250809165448_369.dat---0.9080605389550898,0.7957084758625629,0.8720882864720746,0.8796942918613405,0.8896691274917685,0.8854673563143288,0.8803206864844665,0.907127083791703,0.9151322531469909,0.9151054993870416,0.8709744492285635,0.8705915374669104,0.8410709702306269,0.9336971824556283,0.9834174399717539,0.9618648227134048,0.9405014090293133,0.9222773610040969,0.8973281010415223,0.8270388880253644,0.7553369294217407,0.6861707997587833,0.6364935997278179,0.5933434963694698,0.5766103930297342,0.5778028529431788,0.5666206218204048,0.616318421924474,0.6474417832280239,0.6439332555763946,0.6258307074560336,0.6480978356281855,0.7056204978251405,0.6637692519982604,0.6734942779296753,0.6535544209488362,0.6620539870582474,0.7087991039996513,0.6436109512594745,0.7483851198605002,0.7797735386615259,0.7734194538380516,
pre_model_seis1_20250809165451_437.dat---0.9493247550538138,0.9536431035847026,0.9366961221147159,0.9468944729420978,0.878012160569614,0.9327862242561541,0.9352164497280238,0.9302785729070586,0.9314352247609476,0.8861845833932624,0.9128404400316483,0.9054085840554545,0.9100517969330123,0.940627215086732,0.9507827634861998,0.9145820385932899,0.8681214767747368,0.8328865654534379,0.7150951666044354,0.46766177552270144,0.4379436334399706,0.4354879591033378,0.4414186435603636,0.7353227469333936,0.8520194047734859,0.9016271047182793,0.8860413385486244,0.814391059017275,0.8074539490043894,0.7366531048083362,0.6880195298298561,0.560859741892334,0.5579755895166975,0.5973769542786956,0.5544465023392935,0.6462101710298384,0.6012310173870719,0.6148182217719166,0.6596741455406611,0.7161904079290299,0.7584650133996363,0.7732233105042567,
pre_model_seis2_20250809163927_742.dat---0.8279161620188846,0.8929945177026245,0.8660665036075778,0.9103057470922891,0.8971190968054608,0.9039370521524819,0.8828312299604316,0.8812242180210056,0.91477913161095,0.942210456046885,0.9271520105726737,0.9188304579532665,0.8664121118464607,0.8585983468095622,0.8530962981650007,0.893487744039427,0.8719832586575184,0.8362873363833685,0.8634152947585363,0.9007094804095496,0.9274718897359959,0.7929815243292722,0.8397066288194496,0.9048637454416554,0.941213637242689,0.9418423874234629,0.9410887195713021,0.9223532858189268,0.9203878895095919,0.8913735307713111,0.838238096125375,0.7819110231677207,0.7571706464526294,0.7594661754706079,0.796703593640084,0.7811428150173649,0.7847417332801336,0.7304001717847712,0.744768509484058,0.733365847055114,0.7424697437438437,0.8581223914268126,
pre_model_seis1_20250816100519_56.dat---0.9298912401409356,0.9052429882174119,0.9156692320069454,0.9115707634242728,0.8639713330938328,0.8774348665827044,0.9192163466484604,0.9262261363526503,0.9024462014483621,0.9643643696658707,0.9661773792874625,0.9390063274934597,0.9459405738756158,0.9627312369671543,0.9818667788736318,0.9845103551230259,0.9641756263641461,0.9036205970726331,0.8403770134921673,0.8355950936885687,0.6972673004998741,0.724731945272813,0.7329068480420349,0.6208060379280445,0.5940419760407832,0.5805987561854655,0.5378836279298917,0.5135992932843623,0.46461455505288285,0.4936475134531847,0.48417831162770025,0.46519353192784346,0.45255199601577883,0.53897920739091,0.6249029725851479,0.6238480613221414,0.7815613690149448,0.7854427144023818,0.8443146265528734,0.8483794494060899,0.8101942329115883,0.7721872874796596,
pre_model_seis2_20250809163912_557.dat---0.9202485622109601,0.8773112522473641,0.9066023745877901,0.8739966875723405,0.7886363885579635,0.8630207699972385,0.7906098543875522,0.7827056209579323,0.5811746410658791,0.5942329964261887,0.45550615591752647,0.4398841834064662,0.4989909151263057,0.6033659843695038,0.799619788681758,0.682843114300852,0.6955609349392474,0.6550501677790337,0.6233988598276343,0.5455445883919945,0.4233357835500631,0.37465906676259303,0.6569877432460326,0.5881966770890256,0.49622522611315245,0.5199220284443788,0.49508166907137147,0.4833156391106275,0.49591082081257326,0.3694751187796003,0.36565460031395003,0.3254456325705523,0.2609999864822691,0.15759804232299404,0.14111512926080982,0.0981464815812108,0.05050006993782421,0.07366685873698033,0.13192584635125007,0.14846673302174368,0.19614231265236082,0.5080750074868999,
pre_model_seis1_20250809165439_251.dat---0.9682343424641313,0.9305239884435368,0.9472057320662463,0.9157762159463387,0.9198149553835417,0.8631223779478844,0.8661657887571138,0.8252835384527312,0.6825775329375298,0.7139457681349054,0.645401394290975,0.7370131491253319,0.8175498744451369,0.7372051816038383,0.867947998366363,0.8942245269551654,0.9116954710280857,0.9551053720837804,0.9815042609178792,0.9805914609204627,0.9343968665760397,0.8593376480265318,0.838745876773915,0.8797893263315112,0.8791391548763413,0.8886799004819879,0.8566499511655526,0.8246387591428915,0.7544974270020921,0.8248982272935953,0.844712045760365,0.7690039324279345,0.8116895658150509,0.6924328566975656,0.7327725471927888,0.6303464896707811,0.6106428774047747,0.753210505751188,0.8172471801180563,0.7912354339177667,0.8512914614233702,0.8294206576614899,
pre_model_seis2_20250809163915_897.dat---0.629078385573201,0.8550990874292846,0.669035731244095,0.7179350170843198,0.7056794340158591,0.8083764499660809,0.7687265221932642,0.7709217915484314,0.8501651644938356,0.8895384269797646,0.8783180862732566,0.8123725935019923,0.7953657426684314,0.8354331868507093,0.9146346630122808,0.9844746264964097,0.9564794347990233,0.9488504873607844,0.9125062119093552,0.7181939572738032,0.654021993156043,0.6776652461625415,0.7585178603986922,0.6781144077581116,0.6678866443840694,0.6899804779619185,0.5449347416496306,0.4916458951008115,0.2648092864530621,0.34954387111953716,0.2583489380013587,0.2293429439712904,0.20008029999521745,0.17418406354204988,0.25665397001299567,0.3208931270857681,0.37502146639877615,0.47813143582206963,0.48311403954783483,0.5287082099826771,0.5691084653229685,0.6358998142561368,
pre_model_seis1_20250809165448_869.dat---0.9448113093208043,0.9202576370454425,0.9593266392471455,0.9160849036964328,0.9303790966816268,0.9562183893507155,0.9423912459154129,0.937930916534602,0.9410565172935238,0.9568759401700817,0.9113164268945267,0.9415546770918256,0.9678365228338692,0.9673372147298241,0.9740466291851518,0.9780128981121019,0.9681424630363018,0.9334712580776411,0.9151263582302529,0.9190191560744032,0.9124047472550035,0.9092797977678069,0.9124953482294126,0.909825412297909,0.9175231608614863,0.8982997963178173,0.8657174624918107,0.8883923085510984,0.8887603607158779,0.9049581910212019,0.9200461147528338,0.9007525644291214,0.9167172287417351,0.9180777327155735,0.8944079864606236,0.9025634886525221,0.8838368796807959,0.8685924766606578,0.8406099447345298,0.8014867041820471,0.6513197484905497,0.9118844793788317,
pre_model_seis2_20250809163930_471.dat---0.8195063260294828,0.8870870994161422,0.8487747401095007,0.8679495420126471,0.9004539663835296,0.8795080729962035,0.8821608657000133,0.8677188081258094,0.8582588621579911,0.8539551070675439,0.7829184367777965,0.8306607402037786,0.9061792839086825,0.8904333438758554,0.9565819087153686,0.9512194438575073,0.8711135186537422,0.8752697792780083,0.9108792311176545,0.9236439731302042,0.9143442419072783,0.8893572710342352,0.7816226190447262,0.7727505529681725,0.8027816721831789,0.771628805944663,0.8142059575255283,0.7771778123241574,0.781338598239841,0.6714308374817383,0.6169635286851499,0.7410770806158925,0.8577193036962252,0.8468023572275938,0.8230103133549435,0.7808467744378548,0.7752803706158212,0.6613367546387356,0.6349807130973645,0.6360834245817677,0.7229764183712342,0.8204387428656968,
pre_model_seis2_20250809163924_149.dat---0.8349480461800448,0.7962819582756581,0.7320500153175661,0.715917266998614,0.8168765087242134,0.8138952576025443,0.7668048149182574,0.6768482077102476,0.5964113844493587,0.5904182133053671,0.7016505524380707,0.7234429237480541,0.695167978582729,0.6928834782992822,0.6743883681177613,0.7861626734754915,0.903537242286491,0.8458985532572645,0.7679083300595152,0.7543982062501055,0.7744602722009601,0.684628039490998,0.6984462285450185,0.6961012094825734,0.6085468079442536,0.684120780332153,0.622012363490905,0.6146983172209783,0.575376335678862,0.5858266019755417,0.6039884413521359,0.5520742759615116,0.5818958407542761,0.6682911815222986,0.6420276200519625,0.5538496269338026,0.5064359465162772,0.4766018817097023,0.465589744558213,0.44505614475918337,0.4773490867628516,0.6683723592010024,
pre_model_seis2_20250809163939_816.dat---0.7691761616730914,0.8267092255244255,0.8864860922022691,0.9408164718092706,0.9223245705563904,0.9460434572044066,0.9623718444410942,0.9725310809597523,0.9775850258831162,0.9700018778606846,0.9498528387598413,0.9149604351383255,0.935246641907554,0.9797045680945818,0.9866793409228987,0.9837885754304863,0.9807917557349681,0.974200229987788,0.9543544209017413,0.900268013344579,0.9278524171409305,0.8672939738694838,0.8570155379196819,0.8420973624875485,0.7590183641152435,0.7040649203249766,0.742946051031497,0.588139590807491,0.5868433029792569,0.5459859323796319,0.48027272470687,0.4169010659418668,0.35033850819325557,0.3039258292223248,0.3639536785634492,0.29942428429685053,0.3791283451807521,0.4171517924974557,0.46135174464679934,0.4939896492424716,0.5421743567471278,0.7478966356251765,
pre_model_seis2_20250809163918_471.dat---0.9576457660903163,0.9176953437905698,0.9248123650452564,0.9416736078594513,0.9191496887956546,0.8472466403027031,0.825061080036955,0.7683881094383429,0.7012154097846724,0.6179303603144246,0.5895469573742448,0.5069637640815843,0.424383741455245,0.24656524221874496,0.48043808365802565,0.6239215910137205,0.5993365023096334,0.42781295177977385,0.588272904814982,0.5903142074802591,0.6318983480024749,0.6577279507060649,0.6757383702489399,0.5845470557963285,0.5734370237251044,0.62506372601708,0.6692673039317231,0.6818540560481113,0.7632065876068655,0.9110457233190437,0.9324559478609411,0.9377544172782013,0.917527146985218,0.9039099170794576,0.8624142172172274,0.7484674288547721,0.7777139176167295,0.6972724337875487,0.6635445328566194,0.7175236005396145,0.7573284720290231,0.7119042071988206,
pre_model_seis2_20250816100700_95.dat---0.9359739539705814,0.9169790998294379,0.9132239371326523,0.89966422747173,0.9273585287039045,0.9210378013321765,0.941217891126931,0.9524088238815641,0.9728171436391692,0.9664118066380002,0.9702947342211272,0.9644954708797723,0.9613746909780596,0.9553208570137478,0.9749346981234983,0.9850537672095008,0.9809782747177244,0.9817005261235031,0.9760960532286523,0.9611869518301087,0.9563330093287711,0.9548750602008973,0.9287608696375803,0.9350713459499573,0.9092135061478644,0.9069975620562284,0.8320705602379846,0.8441230097664677,0.7729623490683775,0.7155651541637217,0.6953057017585381,0.7177366733758143,0.68817837533912,0.6026686848387495,0.6654524006092485,0.6776090854081508,0.6427050525540501,0.6358436317054937,0.6619378794221172,0.6650405286499101,0.5792678767619118,0.8547865257325071,
pre_model_seis1_20250809165430_425.dat---0.9076275072080175,0.9142695058027916,0.9204894756297014,0.9292271638424376,0.9015267403665352,0.9337504968284548,0.9289055974420977,0.9621338797310518,0.9644422613301304,0.9725810962889165,0.9492882790428679,0.9814319801478291,0.9877435082201402,0.9663570277816448,0.9331017974474296,0.8722752621239197,0.9349603976817091,0.9384137146909789,0.8323838945243918,0.8351097260283662,0.7724048064649456,0.6756401218462235,0.6634373784871421,0.5860132679114637,0.40571313386894514,0.5944884026921733,0.6468819262123454,0.7149169704613676,0.7312051859974985,0.8514841556865821,0.9387844882645315,0.8931317966508164,0.8976887623279668,0.7535119172631461,0.6956197921821873,0.5737302575408232,0.5214573836497066,0.503156057058363,0.4532778153029032,0.4502863277767761,0.396558408853294,0.7874489675282589,
pre_model_seis1_20250809165433_194.dat---0.9643161323582483,0.9689686979558692,0.9547070729801606,0.9666579389958373,0.9698811273630947,0.9425170517765853,0.951961909379039,0.9398666890703997,0.9470515832496682,0.955649246655541,0.9562471510250782,0.9483912398648943,0.9546330649498228,0.9656992461144545,0.9859504605360823,0.9880719654894237,0.9534748685919034,0.9641540229052978,0.9640467509575195,0.9676271779077051,0.9531021087784336,0.9261290586404981,0.8831574945652592,0.8428131428289439,0.8250837784558422,0.7526539593034101,0.7110100087960032,0.6538290335480297,0.6917049323472706,0.6801570966978897,0.7125326387701406,0.6512023135265375,0.7884647842383584,0.8010482587395279,0.8299070088846886,0.8327741825599049,0.8004924905123197,0.8757059597539729,0.8749178871578394,0.8585065243528599,0.7713041086928569,0.8762529309579808,
pre_model_seis2_20250809163939_753.dat---0.9022243845323219,0.8855608287676207,0.8420568443940855,0.9373477979738828,0.9013454455078312,0.8954261336022101,0.8910310755197042,0.8961812635129458,0.7940841533623056,0.7197961017179031,0.6563245766269852,0.7011291481523152,0.6293835653620189,0.8080677896170969,0.836872391972956,0.898677842038451,0.9086218938380497,0.844859221712312,0.9343948174063886,0.9546851757975954,0.8657719433634568,0.873294672523459,0.8485183078224328,0.791842766662299,0.8290436710037695,0.7696319433448228,0.7825579570906657,0.7887553211602705,0.8191268172528704,0.7803345856305792,0.75352148984458,0.7104424896743136,0.6864848179498874,0.5637124065223375,0.5293322157271321,0.4950981689923188,0.49191762827884933,0.5897555177941822,0.5804446553910414,0.6321593580542498,0.7344811081844609,0.7744950803337306,
pre_model_seis1_20250809165451_741.dat---0.9202134649329547,0.9487079820332527,0.9485031108118759,0.9300252814679433,0.9579970518857135,0.9507411498943952,0.9496092112360507,0.9257608916582881,0.934516433888201,0.9400939841007953,0.9357782477935752,0.9227782669422011,0.9182087283415798,0.85279961174848,0.8910766978613677,0.8597289621176001,0.8394415298961222,0.7671878155226388,0.8104293374371542,0.8745643874135739,0.7488168058198871,0.71223088272374,0.6481577361145955,0.591070521849131,0.5689991995226698,0.5891401458690434,0.5693721485983628,0.5575541085480171,0.5922740979309281,0.527007453390896,0.5251601568892266,0.49015637341986107,0.5173649527564502,0.48709208044714986,0.5202505323373392,0.4468339852933937,0.42583090924416006,0.35393664253915325,0.2609569156602261,0.16361898467026637,0.11069712275851072,0.6947483878869942,
pre_model_seis1_20250809165451_116.dat---0.9419713153264585,0.9317068443911201,0.8675806050169075,0.931633213803466,0.8797844732131224,0.8738339450817018,0.8955689572183849,0.8685613161021267,0.8454821693148391,0.8701873392436414,0.8873574578427663,0.8945896887513137,0.8726968376741869,0.8995164521335819,0.8627840795304106,0.944249177099554,0.8858861125204658,0.8835153485604746,0.9214355775827056,0.8133501320133226,0.8683846607116497,0.922367143696706,0.9267189833360165,0.9609925038431708,0.9580398281855539,0.9460533460314282,0.9522567199941718,0.9300225117819363,0.9387061445594916,0.9082684914386463,0.9117036143602274,0.9069801858297257,0.8902086237736183,0.9016826267321774,0.8556549796238927,0.8829730092493095,0.8724578178817458,0.8457656313828851,0.8706576326698043,0.8975241745802137,0.883693583882213,0.8976293477064664,
pre_model_seis2_20250816100703_8.dat---0.8267677820095469,0.7720762559029222,0.8476759445130158,0.8153643984425522,0.8924914339834126,0.8954250781898107,0.9007244139419023,0.8964826039861636,0.8601691272163007,0.8021674181206564,0.8894446012912357,0.9405906619564224,0.9333114000772686,0.9740419636133794,0.9842061161594156,0.9809088322730499,0.9571595212788782,0.9455207627275357,0.9476958117290192,0.8596262195700424,0.812383565634812,0.8190965897897536,0.6763618088317769,0.5742997393762599,0.6001189447125316,0.577447946426302,0.5311292717878131,0.4874798164464209,0.41533458357801795,0.4144493143464697,0.407441520479196,0.3858763142563241,0.31559821337330823,0.25254821227720753,0.18097925145479904,0.15272026647991147,0.15258336850173687,0.1434212794923995,0.12465725557717189,0.15811083267202586,0.1643275487366252,0.640688194907644,
pre_model_seis2_20250809163924_82.dat---0.9761776105043276,0.9627891181739265,0.9618044483535898,0.9517838509696623,0.9286315596552984,0.8616991914542981,0.8719154880931491,0.8416836964269812,0.8223604202512717,0.9114564529923754,0.9392807167466316,0.8881010958184442,0.8793510784118106,0.8216653885103584,0.8702482918841421,0.8953282274656233,0.9242105567969172,0.9175495654983454,0.8673047046488019,0.8708596865939218,0.8216593024250349,0.7453960419158806,0.5994608245072645,0.6673925759499904,0.45461695102767863,0.586584873342791,0.5600491488806385,0.41089788925802534,0.5181956148258343,0.5816532083260408,0.5550896592595305,0.6386851128465402,0.6524745602865831,0.6794878780951713,0.6854395401826457,0.60172923595559,0.5565085703383199,0.5593465479998563,0.5349094828244751,0.525990451982811,0.5143290569346601,0.7418072604003716,
pre_model_seis2_20250809163927_74.dat---0.8891949909534969,0.7844645297380617,0.8628148500902174,0.823461270427538,0.8846079105216655,0.8355082316073142,0.9109977577870233,0.9285359539248957,0.9277553074285125,0.9466249592844526,0.9469525575320852,0.9783544480037284,0.9829298685627087,0.9872863952723595,0.9825184040438638,0.9334466541925857,0.9625361435118867,0.9642986252843314,0.9542875846377046,0.9357071504652106,0.8860410087478933,0.9067952102027775,0.9015975194864733,0.9048051411544208,0.8594927445591084,0.8523283369409018,0.8328606636676498,0.8205710649393162,0.7813719883177679,0.7732731170097226,0.7402435635993251,0.6702226762478299,0.7021037546354681,0.6808899411467766,0.7130823144362338,0.7677361403702933,0.8265386125702191,0.892215896533685,0.9112857441436217,0.9187707342638114,0.8290197514371759,0.8681348662848806,
pre_model_seis1_20250809165445_560.dat---0.8873771484142075,0.6828309387820258,0.8883969825470863,0.8980764052310422,0.8790985267310758,0.9093686434232863,0.8771761732560203,0.8497538305790462,0.901991086662849,0.941260379180917,0.9528116064902337,0.961611371302904,0.9616195092765096,0.993736675595793,0.9558620848479908,0.9232467685457837,0.9120555347970711,0.914542085300641,0.9095959635677996,0.9240122113863635,0.8567950634971577,0.849812931899589,0.8746207906124392,0.8763076449476996,0.9006561793156801,0.8962391974962486,0.8498229442877355,0.8107566716555126,0.7876727800902579,0.8257056116177545,0.8321673290816274,0.8121162728714217,0.7227165744768339,0.7551933325363298,0.8143851906336583,0.8353329373569823,0.8148658002467866,0.8590762068240465,0.9259191916387574,0.9287574769020982,0.9446635364426685,0.8755611607402422,
pre_model_seis2_20250809163939_729.dat---0.8629607755625284,0.8870700847072072,0.8602799950460173,0.825655629076993,0.8864373540190559,0.9024865756411962,0.8880071726977914,0.8295565885135466,0.8148573365915915,0.7804929477966472,0.7869157859307219,0.8314034991947499,0.8856829809417777,0.9294623357136189,0.9421908347889215,0.9355726686083498,0.8929628146258761,0.8920425032373547,0.8001177735091259,0.7897656155798464,0.6565817350622098,0.7048986303299828,0.7173189740028465,0.7040145436911717,0.7318198856468774,0.6978359779895994,0.8055747412443252,0.8374273578963094,0.8748771793131224,0.9348353802142553,0.9428771377153649,0.9534108554064926,0.9598994969230403,0.937269038720447,0.9214353986936777,0.8580384608876421,0.8520309032254393,0.8076332431531574,0.7963741114873543,0.8335125223803226,0.8292507433809718,0.8434350631499399,
pre_model_seis1_20250809165436_349.dat---0.9327552081714436,0.926802580070073,0.8287264784856146,0.8747274591032085,0.94143989597721,0.9196886495183502,0.9197190563123041,0.9338702168396465,0.9386806342155503,0.9229408497211425,0.9459978652205009,0.9303768113940102,0.9404128461911524,0.9019518126726539,0.9506425206601793,0.9688123586267623,0.9591425690270464,0.9532528031094076,0.9585586950975542,0.9491338543864221,0.954477639576577,0.9193494663354357,0.8623344321953387,0.8790596273882353,0.8698373309864729,0.8479167816782018,0.7419470688941355,0.7553686058883076,0.7785840761272697,0.7214178970304987,0.7022225708131858,0.7337411785229331,0.7342521647270508,0.7502096006736214,0.6524193410927113,0.6895411825036102,0.7761728581040006,0.6209608045183267,0.8427288967197614,0.7506832461529173,0.8825330088721943,0.8552046571610004,
pre_model_seis1_20250809165454_633.dat---0.9372675581941318,0.959993489282048,0.9226336333898731,0.9439404872583331,0.9241043473076551,0.9073907483275699,0.8935295122332276,0.9242505393189044,0.9093184896592597,0.8988130444431426,0.9140438448380703,0.9092808876961549,0.8917860408963567,0.9018973587088801,0.896188248003844,0.9150373217322352,0.9308393221101429,0.8748528791086988,0.7790423064966412,0.6925098550097515,0.6454101878925435,0.710096569667203,0.6341237250946391,0.6703351424469312,0.5240121881956086,0.45109727502628527,0.42932200383173025,0.4421825176171694,0.40768078324155943,0.3699104689099851,0.3702501776614014,0.3423163813705448,0.3359106816016642,0.3071545412946064,0.2939558179147717,0.3039485462090772,0.27671190628654474,0.3137161713957978,0.32571290856504675,0.3209997269614763,0.3922890226060576,0.6535086989708675,
pre_model_seis1_20250809165457_579.dat---0.9665043000731046,0.9570358193294924,0.9655807493776448,0.9653619563248038,0.9665650372400613,0.9346305146499664,0.9420295481122208,0.9180131330634862,0.9152857360924961,0.899889269378282,0.9043506288702279,0.9321294269424162,0.9113705109808502,0.8935361398834542,0.9070100620461818,0.8859882357354338,0.8681450341171408,0.7755966417505268,0.7692142724637454,0.7786187695109058,0.7354264046233497,0.6859085007121881,0.6039189976732562,0.5046876361219134,0.36957378260140344,0.3236991092944647,0.2381398919443658,0.1601078017097705,0.2605979361357429,0.20249516351863572,0.16650389762267584,0.2807017524271898,0.28901237348733433,0.3168276322217699,0.2742384100316595,0.36677201989523517,0.3441675308474173,0.29227462464489945,0.2844559968042501,0.3056656352189312,0.28999823305669836,0.6183421735740391,
pre_model_seis2_20250809163927_146.dat---0.9638150009096123,0.9476907962328059,0.9516748574964742,0.9250037639958941,0.9295920061749698,0.9225229025567948,0.9251891469937732,0.9205428311216798,0.8796456776727946,0.865910294278164,0.7951092609826903,0.7718496062087642,0.7664283826214311,0.7236576502371758,0.8497373397256877,0.8229248826170414,0.7374478180238632,0.7166223822134032,0.7723077906661775,0.8297152399052968,0.8448730251954951,0.7831716152758107,0.6069894104755232,0.5212272855516714,0.5198890893303909,0.47742264413900476,0.6062505979507552,0.6761256426569684,0.7245946801307879,0.766840478515202,0.7866554429323047,0.7825018288730831,0.7590230611323174,0.7690902680028834,0.7985663237524129,0.7956620228857575,0.8129632165987429,0.8120916386297815,0.8155102299539994,0.820032028564769,0.833481527606851,0.7885451143607075,
pre_model_seis2_20250816100700_60.dat---0.787433150351783,0.9307923336776525,0.7770340396644182,0.8369789367989144,0.7908509388654735,0.8340549099652448,0.8421208549711147,0.8678411609853303,0.8740266074691718,0.9178847634263911,0.937039245934092,0.9738803621446417,0.9811024488287763,0.9857534323437211,0.9777735455789475,0.9702813908590295,0.9877403330501069,0.9248549591553175,0.9484148655197675,0.963100009095385,0.9626044670403191,0.9587240566490776,0.9404978707828542,0.9255238842616148,0.8881400204400786,0.8548510268751708,0.8003675244627445,0.7749806152551537,0.7553124777973099,0.7332330989886026,0.6784551643629517,0.6285513711641407,0.6431887536661243,0.5993416088898117,0.5970536869300627,0.5578598138898048,0.6418054871924339,0.6168626340477158,0.5453835392642565,0.40558079796810037,0.3044642959630261,0.8029692801116253,
pre_model_seis2_20250809163936_854.dat---0.6230882208325343,0.7701225373007591,0.7768394447536395,0.7814254806738417,0.7846074602811706,0.7519220065030512,0.7972019196272805,0.7639944410665502,0.8560477521181518,0.9467116077588676,0.9674337010093791,0.9820526260082262,0.9797390156640878,0.9836143442582063,0.9907940852349777,0.9712833544642325,0.9718513537095642,0.9536669565642275,0.9175465451751187,0.8832147118207777,0.8657055352325125,0.806635042151603,0.7878312690329455,0.7933483675707238,0.717442268054007,0.5345657196898975,0.601950242921308,0.6295799854468183,0.6461005654665591,0.6961910609663438,0.713872498208653,0.7001274973918684,0.7479088635199944,0.7764854267230998,0.7450338050325299,0.7909942203685021,0.8145646613093293,0.8626479422520814,0.8752199402849568,0.8818596815908044,0.8092024974761768,0.8109859672076916,
pre_model_seis1_20250809165448_777.dat---0.9112568466366858,0.8821381508440044,0.8762852929452775,0.8723400534884846,0.8204722190563959,0.8282054807171253,0.879038889936995,0.918736595902327,0.9515609275534069,0.8998144263935737,0.9442737958345553,0.9681426856762567,0.9731893939822293,0.9602107467240094,0.8916061910160932,0.9474227330127698,0.8889583566971686,0.856029821957498,0.849655570656653,0.8753878776412373,0.8826333264359846,0.9102220052983226,0.8158766611541991,0.7380621290108089,0.7203580793110068,0.6448326986767805,0.5553750060017814,0.5625376606806495,0.49605004081537074,0.5010116066401227,0.43035537415444886,0.4193480089600667,0.41153443799611067,0.34185443888201383,0.42088070866187394,0.36115535504637586,0.3032989483973531,0.21550447488943805,0.25372363328728925,0.1923547102876203,0.14116390740163243,0.6905575431380976,
pre_model_seis2_20250809163930_268.dat---0.8517828538376241,0.9177897133154913,0.8708236573572984,0.8562371466887647,0.855917839358306,0.8186005178241067,0.8473130714512735,0.9117701282582289,0.8552107974116883,0.95432384134131,0.9408895909839389,0.9645831890439457,0.9730098468962405,0.9520797088206121,0.9736846479114845,0.9736533931713963,0.9576898042884221,0.9355264877016772,0.92316513276338,0.936463740518371,0.8706104236869004,0.8201267290456059,0.7363792797453114,0.814377535422389,0.8649177614093,0.8524898577241119,0.8197642642769384,0.8977846812668556,0.8844668218320193,0.8383626797641359,0.8274282111872363,0.8020731336266702,0.662604824768753,0.6943191324080008,0.6933285336415159,0.6398730623089552,0.6722811987065977,0.6838441855270923,0.7616688716673137,0.7415535056782234,0.7966997412729535,0.8450114522904985,
pre_model_seis1_20250809165448_114.dat---0.6768683914606943,0.8846715484703783,0.8802492387361581,0.8306300880478307,0.8944167042137914,0.8643262977414402,0.8657507986462136,0.8186482817511636,0.8282351562363394,0.7955055897676487,0.8008754442811662,0.7465438249370181,0.8972015849403725,0.9064894172570881,0.9455793467418415,0.9755462032687666,0.8686715360871774,0.9259771038489759,0.9328191447811846,0.9567872354602804,0.968426389314722,0.9612210935085939,0.9435685594033814,0.9128962553273408,0.8661089231153789,0.7857994793838897,0.668642157679654,0.6440644378871176,0.6435885102513709,0.6151929396013444,0.6218534489499462,0.6175472038246388,0.6906782912987685,0.7006756865165888,0.7397018254236598,0.7667788972202242,0.795198985467258,0.8075135450941877,0.8419569427214124,0.862584441747275,0.8775069987538541,0.8201779987601494,
pre_model_seis2_20250809163936_108.dat---0.8351946984585046,0.8019584868211023,0.8228278743030646,0.8085901449254888,0.7588944417338725,0.7093698972193071,0.8522042709516332,0.8619752101126822,0.8513124980712549,0.8861766160792063,0.8694747524026293,0.8473911580164926,0.8001810537483557,0.8319478902865808,0.8037191024269084,0.8952186988565786,0.8953031980649014,0.9458795990706075,0.9271012090531852,0.8859731120556343,0.9059657021741008,0.9482314504057621,0.9283668028478335,0.8164335926860917,0.7272085001912206,0.6967610096246456,0.6916086032158523,0.5666777498128727,0.5598797551162938,0.4718996905251441,0.40960032282528863,0.4372343339917458,0.5090057264505858,0.4652662619219715,0.5591133558449267,0.5410653099872416,0.5356188839086973,0.48513585519283986,0.3520760064938817,0.38230279090410874,0.45352778537479793,0.7154554488330217,
pre_model_seis2_20250809163930_747.dat---0.9683837793823811,0.9825864472031677,0.9750412149482093,0.9701475086470093,0.9664402446558559,0.9584655145338639,0.927144911161459,0.9271716656291739,0.9296939306712994,0.9196304375695764,0.918286211823271,0.9227270998831923,0.9051407206677101,0.8963662935653306,0.8343776283529711,0.903750679502786,0.9051552115665662,0.9057101132093711,0.9255990458167725,0.8967222504252048,0.9227285608586056,0.9108640835587366,0.8807772377393289,0.8690855073312597,0.8634995990364115,0.8530240036226516,0.8868904721444755,0.8811071756897042,0.830531935325553,0.8124879806530833,0.9048369087397774,0.9068349385947901,0.8846869104304862,0.843017292336035,0.8540986088446709,0.8551193883967724,0.847380089552467,0.8881550025944815,0.895117365396675,0.8820177466662147,0.8896936048001324,0.9000120810128652,
pre_model_seis2_20250809163915_17.dat---0.9037995655298751,0.9686058652049335,0.9521309622225127,0.9625364774317304,0.9539769708445276,0.9080709279668482,0.8467777453236566,0.7806850775350764,0.7279418174402277,0.7123812239781249,0.5958680189570807,0.7652763899040792,0.8090789497191341,0.8515799424535182,0.9082684532233941,0.9320721285001172,0.9424263542328734,0.911231651085337,0.9065766740392014,0.8637423596542011,0.7781749187913164,0.7754873157722181,0.8037736352810253,0.8376392250786887,0.7723340589816411,0.7920587787610016,0.8626074086812626,0.8731124704850114,0.8734503002633087,0.8253676861422128,0.7491261309631336,0.7304435711951178,0.7119038671974557,0.5513804630225275,0.5939913117313558,0.5304075328018624,0.5257735887467682,0.5175083305523651,0.5437271768043228,0.5477074316422655,0.4366334922754751,0.7764789329369949,
pre_model_seis1_20250809165454_270.dat---0.9696303980222989,0.9247324514551958,0.9523541661123053,0.9625277290783748,0.9549590746467959,0.9548011220194624,0.9518843448502512,0.9418392214850252,0.9552084921987964,0.9734093054527279,0.9898566580652791,0.9925039336233795,0.9919968080648157,0.994339714342995,0.9926466155199883,0.9895037443880016,0.9913828875163374,0.9887381980653306,0.9629329045079962,0.9226241130984296,0.9266098860366182,0.881553563576104,0.8699851283583147,0.7640410504367178,0.775164620226301,0.7636687636011682,0.6516357887924723,0.7512451971602075,0.798702094001355,0.7703326628700874,0.8431569904036488,0.8682630405434243,0.844348498238764,0.7961679283068414,0.7900728547143471,0.7376686616344226,0.736734582326645,0.7276058235897225,0.6109654085252256,0.691959179907559,0.6441423913435801,0.8683389267587148,
pre_model_seis2_20250809163912_310.dat---0.8388442243470393,0.8613100464994164,0.7910457128655046,0.7579227079706645,0.8072371579066021,0.7230472134195134,0.6756053822319495,0.67421756118293,0.7465908526039998,0.7373992766552969,0.7457458116910407,0.6872730841550039,0.7113979811855488,0.7891373480519677,0.8415203570885261,0.8711404397053637,0.7134239374876514,0.723220389932391,0.8573419199492984,0.8851713540268772,0.90889459911183,0.8954823029115602,0.878435565330768,0.841563691658558,0.8714160295874883,0.8568366861688731,0.7953443616313356,0.7375814334724151,0.7799722895478695,0.890442182980244,0.8813234573304296,0.9124972333675347,0.8559202585369473,0.8449380224480899,0.7884072048104728,0.7901508496998265,0.7921750148663641,0.7787043268268585,0.6932362660737615,0.6696005431420026,0.7862544585554903,0.7972626716345197,
pre_model_seis1_20250809165439_14.dat---0.8328898682769069,0.9278940870499708,0.9295182036578792,0.9405784555111243,0.9317073657199939,0.9303314835469025,0.9177028609619436,0.848030892363415,0.877888994078814,0.8576632715722223,0.8549931177182042,0.8975765252495149,0.9615615536465354,0.9872973994595837,0.9870781072902722,0.9881119563929871,0.9919652563415979,0.9294490831981981,0.9404476407976065,0.9372707902930727,0.9228201729373795,0.9411472294413644,0.8949637714716746,0.8554650741448762,0.8177582120916317,0.8527221411713468,0.8268281065044863,0.8592240861516912,0.8473775665900363,0.8304282327652175,0.7885371157851483,0.7609132558463333,0.7105647126126711,0.7345351051601338,0.6846587782391242,0.7218697934472981,0.7002989668864198,0.7287955606684835,0.735659429893407,0.7307476592161966,0.7205019427234365,0.8569700933384173,
pre_model_seis1_20250809165448_463.dat---0.46723525259803955,0.726767727910125,0.6949163373929567,0.6931296065575149,0.7038750051425849,0.6624506739599673,0.6784521367373214,0.8115632973489755,0.8040910484533207,0.8393045969026928,0.8271263446715209,0.6554704178249485,0.6548708964709128,0.6821479060484877,0.8637938988492826,0.9660139123867254,0.9169764272145244,0.9274816533618955,0.8434694661327412,0.8076913143755717,0.787780301436046,0.8113090850271194,0.8180649246414777,0.8717188768207856,0.8831432135714709,0.8793845200445767,0.8710320253300535,0.8599725447170574,0.8916283333229738,0.8897690563503768,0.88795181928336,0.8427085174346578,0.845031431560061,0.8371803226375186,0.8079820529633202,0.8863457377190775,0.8804630593600755,0.8876358534724019,0.8952593057524392,0.8661881960343729,0.8094095977847888,0.810653334039125,
pre_model_seis1_20250816100531_90.dat---0.8757343621036163,0.9261867605851322,0.9036861994181336,0.8550697670056685,0.8367099382074997,0.7882011042913916,0.7119495904895292,0.5709536779220737,0.6303415785303104,0.5140729175709662,0.7286659350830087,0.8287994217112427,0.881827461997357,0.8821003849101156,0.9102480056897241,0.910732248197554,0.9363149436531721,0.9250326946632332,0.9045033653181943,0.7953079709316518,0.8229133476791303,0.8860314954469471,0.7932886177747144,0.6996744164989426,0.698298253535264,0.6970640072453359,0.6779856840527735,0.6690020899740916,0.6495857929372729,0.6167615838015975,0.6195098697769794,0.5618702020468471,0.5398881411668244,0.5648547867980229,0.5334055190623076,0.5935332612615367,0.5485982236716969,0.5299175315822441,0.6185777710298439,0.6019819014216458,0.5885984515025676,0.727506811623077,
pre_model_seis2_20250816100657_12.dat---0.8000228862655678,0.6284012115999261,0.7027723040589907,0.772402091859485,0.6598371853962351,0.7809206467428305,0.8049016136438583,0.7810302662397602,0.8365583912359044,0.8855565583685172,0.8681294859661316,0.8482096636937863,0.827253672863171,0.7215403231490118,0.6901625315340268,0.7337891634886976,0.6988091638364379,0.8438805508227174,0.8590561704806697,0.8850399681575645,0.8189215835268059,0.8022684697606154,0.8364101099451668,0.78460081539414,0.7453974871365716,0.5619269386642095,0.5156406451232136,0.3984913668699043,0.3040380023380692,0.2802092226827032,0.18876851742510925,0.1963620242173403,0.14021444734158678,0.3404288321932665,0.4152428682719386,0.46545760326476227,0.5107432502656645,0.603347329841549,0.5742863900213901,0.6496353619052452,0.6719739744774735,0.6446985143919518,
pre_model_seis1_20250809165445_179.dat---0.9414824028506409,0.8787863357596641,0.9260642423857145,0.887118206145683,0.827069659328523,0.8403064013133946,0.8384491337273455,0.7442313967318556,0.8210221922562291,0.8256743287553034,0.8486381094450286,0.9348394801663871,0.9452995977486187,0.9790579252075595,0.9878430791118931,0.9562159631945023,0.9648621205317185,0.9417986743933106,0.9277940516515685,0.9056001014527427,0.923546813850704,0.931866944150028,0.9238995020978349,0.8784732991880188,0.8750652605035305,0.8784593269568735,0.8205868499796584,0.6882746549740704,0.7121271837820319,0.6276969023643766,0.5582353940603967,0.5848010485928693,0.43712792112299403,0.45180080743021095,0.4721936654041307,0.42710948604269383,0.38582782065411164,0.44895582403809975,0.4274087527188084,0.453940847505774,0.5198325370562215,0.7646191279178319,
pre_model_seis2_20250809163921_708.dat---0.9649317780826105,0.9502614291189032,0.9685534210688732,0.9646693098482916,0.9590443557927582,0.9404617834725981,0.9218511950836804,0.9238670694599624,0.8984639111116919,0.836084263499412,0.8016843043247217,0.7544258320741914,0.8409205385430811,0.8655924266748376,0.8950363744935231,0.936403231442257,0.9491369569676901,0.9542795272417038,0.9496317191992861,0.9490543862358841,0.9389154336928409,0.9168939140642669,0.8615140041000278,0.7991641826901594,0.8099623261643903,0.8027793518530011,0.8222262617906236,0.8117031746967919,0.799679137691102,0.7424469410063939,0.790852564601252,0.7871193176455092,0.7974232687910348,0.7330114764639172,0.6941910683223208,0.6695440930871985,0.6175789196415066,0.47010923315755687,0.5227613777900314,0.4661740932858386,0.5715847644928436,0.8207314321649893,
pre_model_seis1_20250809165439_771.dat---0.7577751277896605,0.6991452942308133,0.8891739084630602,0.7467106075097764,0.8404753307943392,0.8452519943405333,0.8438516558235865,0.8535555962207518,0.7998634254965321,0.8075176451733453,0.8377924317418933,0.8715604353265617,0.9152033091933256,0.9324431558450184,0.943756065639738,0.9638116927296351,0.9846316793520794,0.9839278443789286,0.9649888309730793,0.9090116105629976,0.8974032809109,0.9294226025247825,0.9444483167920148,0.9040425735551031,0.7512419425881416,0.7987579164995777,0.7138207027309845,0.5679011570874182,0.5881903213119472,0.6142064962215792,0.5412108947042943,0.5360466640972796,0.5924732738689218,0.5771918929720025,0.595769997606526,0.6722909284131904,0.7256037787932265,0.7180800147357489,0.736715267416322,0.8152901785788674,0.8372897244016084,0.7914108674974657,
pre_model_seis1_20250809165445_570.dat---0.9681928940438448,0.9661634819650992,0.9328022223262996,0.9203902572564567,0.9085124075724259,0.8828339818120207,0.8675407635909613,0.8742814807073191,0.8489818078103287,0.8435137142590354,0.8405064837271793,0.7740887329146977,0.7732506660682644,0.8094239150416739,0.839713580568239,0.9365557491957592,0.9574804687389489,0.9557877290389788,0.9780833473857031,0.9626099341201371,0.9340981138523092,0.8386095724861226,0.8536780481179888,0.7474902860782111,0.8921782069844246,0.781430880622218,0.7716079872091711,0.7688873156073608,0.7113801281316045,0.7059282675417149,0.6578603539169706,0.5772287403053916,0.6220001579711093,0.6239087503440934,0.6380539167949143,0.616260505053511,0.6955673764978392,0.8663471465307271,0.8826603147930029,0.9024440408011606,0.9169788951704776,0.8254954298281388,
pre_model_seis2_20250809163930_598.dat---0.8709276112229815,0.8273858198345354,0.8189800941869229,0.6877738311460436,0.6828061630594419,0.7067020564108338,0.5744863710304381,0.6128463234215543,0.756043468409192,0.7923129883362957,0.7326143886103926,0.8484579257335017,0.8574066250093026,0.950238839349036,0.9506577781947115,0.9053162921393284,0.9452060002346895,0.8709233519295961,0.849361540394686,0.8982710286024767,0.9392287998741093,0.9518257515276326,0.9535555178135683,0.9491308317935917,0.9240835355996361,0.9244694980237399,0.9394504690930392,0.9408857996638127,0.9154433986346032,0.8661952373332441,0.7511795763988581,0.6735077484432591,0.6928223197934462,0.7240102071776142,0.729016406810891,0.7786645340399364,0.7619885351683678,0.7740997977935392,0.7388707774525947,0.7178902142432845,0.6846609640019096,0.8163341077545522,
pre_model_seis1_20250809165433_778.dat---0.9855556944164678,0.9676246435440429,0.9803596503183996,0.9521157497523356,0.9484711584717711,0.9096409254526794,0.8966807495103316,0.895270080156269,0.8813599579015848,0.8427761699410475,0.8800953097945118,0.9488573577395306,0.9838877493484691,0.9806142315017156,0.9767534617480735,0.9516714267767337,0.9655468610472647,0.9879748297463754,0.942669847808516,0.8873263123261297,0.8805801075413103,0.8334552803392616,0.883238251169131,0.8858429778729676,0.9126248045225693,0.9474890494287455,0.9197478494329655,0.9113623808613825,0.8592380335489436,0.8686134683184353,0.8452855864446953,0.8684544879796269,0.8974649045469065,0.7885561729551526,0.8777095048625111,0.7263227707878311,0.8038682588746883,0.7890573131904408,0.7268486737476819,0.7410489554614522,0.7565683131309467,0.8899665685931684,
pre_model_seis1_20250809165445_172.dat---0.8966300303688647,0.9054361944717748,0.9158370118239879,0.9187988654366068,0.8765219697097457,0.8762960141758558,0.7938478836827328,0.8250288361298952,0.8227456164397403,0.780275273588497,0.8122619599518811,0.9581428203086874,0.9909079989280357,0.9829437854801104,0.9863988548224967,0.9530311279896775,0.9617204475698258,0.9714986840518931,0.925967078572304,0.9342892932502821,0.9055327305964453,0.9363863132580731,0.935797703137492,0.8895654790163056,0.8391871932909155,0.8123445398320491,0.6791683369894607,0.7037742515316369,0.5185165024466702,0.5304377127985165,0.3797494511752467,0.3481712175223253,0.2247908579943318,0.31912948339538677,0.45240633226378413,0.5656522783550109,0.629506770489436,0.6288091675618275,0.6486007400645654,0.6580313505042973,0.6933848634858956,0.765549342011282,
pre_model_seis2_20250816100718_81.dat---0.7892518045140379,0.7940539233858207,0.6211969647580875,0.6850294902379568,0.7930048463684424,0.7844459944890602,0.8216672929093132,0.8623529874766479,0.8765832986934035,0.9268155652016936,0.9519613446997617,0.9512548031047248,0.9389381246078158,0.9201626721932245,0.9387458285082065,0.9663163919041003,0.974714709641049,0.9776521117508495,0.9635833343231458,0.8624173474926644,0.8160320504647689,0.8305125646382392,0.7621881180756821,0.8242741085419728,0.8195067878832106,0.8779467760752588,0.9547318501934741,0.9588154671789199,0.9406137194826846,0.8719717995700508,0.8444117905669323,0.7706393973307681,0.6957823126297916,0.5638846471040648,0.4978883585742924,0.4112247107260468,0.40577933134059646,0.45878540856546196,0.342537297429163,0.4184104373765705,0.48799287953418063,0.7793677719400522,
pre_model_seis1_20250809165430_645.dat---0.7304634994088439,0.8743991901057645,0.80117607516429,0.7718075784613558,0.6140314498489525,0.5437504143628015,0.5569633036286794,0.5461231849503415,0.3617364435534133,0.47512005099279997,0.597138345516914,0.7767231118548894,0.7474277053260935,0.7939579531043672,0.7878183715609344,0.8618858628191858,0.8042337748474576,0.6528639493991886,0.6323837143408638,0.636337205377005,0.6037871865566602,0.5389832873046455,0.6896940679387442,0.7578324325744192,0.7458799276536168,0.6988189188381501,0.6337831026291024,0.6108270393707489,0.5358768987431839,0.4727999282415018,0.48629616612976817,0.4718623861328678,0.48071547088341177,0.42290932017223865,0.4191808145537865,0.407723916971213,0.4028015014886301,0.36680311498627793,0.34597862575465904,0.3226286031401644,0.45215201864924975,0.5959433149594435,
pre_model_seis1_20250816100531_7.dat---0.9012760592508026,0.9106541712601227,0.8823379959200325,0.911666739597834,0.9268001342603996,0.9127104817351464,0.8769137447306042,0.887591064044081,0.9062641725611721,0.9045435403556895,0.9646160204167156,0.9618890700841576,0.9680515373283294,0.9888932806807099,0.9816197855346351,0.9628641552624269,0.9807290109986406,0.9787909495712221,0.9464612884395238,0.9414521525468219,0.9397821848531861,0.9029455947654412,0.904164283292844,0.8351585783044099,0.7893231007921904,0.6848009120176209,0.731182126786042,0.7644963381328047,0.7785060900510846,0.6983500091595795,0.617522663819186,0.6057333471207014,0.5383714642373622,0.5094705076853071,0.5159738969827273,0.5848017789983084,0.6043999628341832,0.620840405483747,0.5578562774267558,0.7257443405509851,0.7938205415158629,0.8146187746192535,
pre_model_seis2_20250809163939_766.dat---0.905893050576794,0.9077173431133454,0.7954666144275001,0.884209559817226,0.8435780385015929,0.8834353975251805,0.8254444505075074,0.8470693244254887,0.8120013042210044,0.8671527824316928,0.8403306709771298,0.8379227702976652,0.9416900223657042,0.9561074952728787,0.947250778736239,0.9519824961148041,0.9647062636544117,0.9535135137413375,0.9373611981209553,0.9037455092440009,0.8920744909780719,0.8413118782409535,0.8947247275878052,0.8776151480348926,0.8754687884734428,0.7975659682456114,0.8087323677132434,0.7978370778228541,0.7011278811915089,0.686336471412759,0.6528050489770123,0.6015645359593209,0.533992862943438,0.517092108238795,0.6266175735561309,0.6344165350332612,0.6541059335473276,0.7553119550345685,0.7566062247955961,0.7690343515690014,0.7504386414863409,0.810520954997912,
pre_model_seis2_20250809163927_93.dat---0.46384214657080614,0.7929090027839671,0.7746983919269349,0.8550280041723632,0.7389694514391509,0.7330217152134464,0.7360185875319977,0.7042921135438227,0.6505267670757838,0.7122722621880536,0.55621161366331,0.7283173117260907,0.8521831172391353,0.8924249908963753,0.9443971364213133,0.9418692120062475,0.9818154721456198,0.9883741462905186,0.9890021859271488,0.9293356203886155,0.821504154327304,0.7892175063485433,0.6390786802388276,0.6024132939057447,0.7262023334569307,0.7481884080383544,0.6734136400811002,0.610386255681144,0.5352358094013021,0.6277807635394125,0.5701653087155029,0.5488870556362252,0.49057832341967855,0.46079268552391667,0.37272434512660557,0.43557486533778533,0.43091319893415825,0.5469493829953709,0.5556006035770364,0.5322639836566728,0.6559927195946742,0.6912042089435854,
pre_model_seis2_20250809163918_465.dat---0.9416012484182112,0.9125668382902684,0.9037157088087713,0.8924938998987105,0.8169423913519224,0.8065295985170796,0.775172153456783,0.6247871881375353,0.6548837253501107,0.4508627953488686,0.679657308664049,0.5280065336761043,0.6829522369507112,0.7683762591547825,0.8636705020432816,0.9699391785106035,0.9719211141093389,0.9047966861886009,0.8067556280428178,0.7873363695458188,0.7347265778448161,0.7650226303714347,0.6925269436389115,0.8023905696379634,0.7287996109246422,0.7026153923310747,0.7100714952570302,0.6361960577278369,0.6267923009092424,0.6038722222562011,0.4818346377777766,0.47229165001142764,0.3560794984987118,0.40306545830247087,0.2695712779386139,0.2784832077152085,0.38086425244694677,0.36576136905418827,0.6025960227439452,0.5232649823094732,0.6721289247066302,0.6719981084602176,
pre_model_seis1_20250816100525_66.dat---0.9357250662554636,0.9396085723851398,0.9727819032508618,0.9655666076124306,0.9474707195130447,0.931026388847756,0.9416784131202774,0.9065807648750981,0.8869075630759724,0.8823454967899168,0.8701467036283961,0.8024310630065637,0.8184689333793591,0.752908853299194,0.7189434759285075,0.819725448300261,0.826785680701222,0.820446976513941,0.7879095122997333,0.7648713760947266,0.772351238704368,0.7493184899713472,0.7645190875119128,0.80575790057832,0.8197500814505333,0.8211520453998535,0.8062930013476985,0.7729947116849234,0.7655319239287253,0.7205732771357277,0.7198385409716822,0.6877529478037466,0.6857689927122207,0.7023313233118917,0.7256263528343297,0.7690339278852556,0.671774625008414,0.8446323838248299,0.8401233769798737,0.8310102815523122,0.7747298480173251,0.8132486311583697,
pre_model_seis2_20250809163933_722.dat---0.7515696561406102,0.9398056321547416,0.9250476108566467,0.879653724635906,0.9245859921636019,0.9056338856722499,0.8967760203564527,0.8825150056282316,0.8083585627095149,0.835526663506448,0.7915484207315546,0.7558451760441111,0.7898873844702584,0.6938202785711072,0.7499961293872487,0.7652036326408507,0.7594656647105883,0.7206442474579253,0.697031885032144,0.7034666017357762,0.7347284233369329,0.7515970108498192,0.7285130866331007,0.6186836245560628,0.5989986334828717,0.5995760211713806,0.6092493662084537,0.6419399853590253,0.6457535067372981,0.6727610472726286,0.7377535869691417,0.7929671710466101,0.7690864323099317,0.8541802023838008,0.8531757002949214,0.831465880457616,0.8101398541132948,0.7802691977918788,0.7724521645188062,0.749805424354466,0.6973635973063267,0.7665083437014717,
pre_model_seis1_20250809165448_729.dat---0.9203729463744454,0.8802164661306835,0.8888735328192641,0.8936433887188873,0.8651326216711313,0.7869776052172741,0.8133919235730449,0.8199880428697586,0.8501926631151364,0.8181952599076512,0.8211339273597864,0.8157942203457854,0.827353813008876,0.9395047393997639,0.9605286508310188,0.9631057091809059,0.9334790161863863,0.8624687837546515,0.8944220549538001,0.8459289422041539,0.8215978431997393,0.8360448604508284,0.86628600269679,0.8817530567780634,0.9042865891826807,0.88655980563155,0.8425155991047704,0.8433904709080576,0.8005730794672143,0.8333036125099037,0.8932556335608194,0.9010536213363323,0.9270326980019199,0.9491955749385933,0.9409520132792424,0.9354246303113408,0.9118996403922148,0.8958306707983477,0.9033427228206992,0.8598681866912335,0.8488181302461076,0.875211920729972,
pre_model_seis1_20250809165451_406.dat---0.9566271896145206,0.9501414293732665,0.9249448114884204,0.9201069435132861,0.8672102647974325,0.8656025697679985,0.880803772272074,0.850647700599252,0.8817240440666682,0.8594885860676783,0.9246931061491087,0.937393922079478,0.9542182061787176,0.9577517288904868,0.9660664554217546,0.9713625889453725,0.975871713320185,0.9265912599875935,0.9173785997215258,0.8235970892320198,0.7183990428255215,0.7364691945578957,0.7400775610692812,0.46646302359567776,0.4616072766562835,0.3361820735563252,0.2544113021050088,0.3131084362539283,0.30653383642682175,0.3258772318778904,0.3668626618185823,0.41159823507527893,0.3967261656547727,0.47978572597631947,0.4948146507402601,0.5386564089220907,0.5521083242278143,0.5634540808220527,0.6099713155715033,0.6271234479221928,0.63679433204029,0.6987621051020153,
pre_model_seis2_20250809163930_655.dat---0.9123696801629152,0.8957796750913285,0.9168328537953121,0.8939248018183488,0.8831356268669842,0.8216158708020598,0.8493426846818841,0.7716211519416892,0.8347847319484746,0.7864397209146329,0.6972943154659106,0.8443856756698654,0.8845054184493566,0.9318756088945666,0.9405758960524659,0.9378033812258701,0.9294950285611434,0.9534984793083934,0.9656736670480207,0.9891421767202574,0.9847716313345493,0.9714268451854792,0.933323316197937,0.8967414573369635,0.8973462134275151,0.8537939569019121,0.8012459973696118,0.7763913179338037,0.6576525910986292,0.6461519307404059,0.62369818337185,0.6061164486585945,0.4869990382684319,0.5905704496413134,0.6798834729744092,0.751490023378196,0.8674746417166007,0.8516134341829205,0.8155130857880806,0.7438979987128684,0.6415660180504539,0.8223844999436587,
pre_model_seis2_20250809163927_296.dat---0.918885634047979,0.9173159291843473,0.9283288903080319,0.922038353636013,0.9022853410238877,0.8875911710823525,0.8431290539972804,0.8021304810347625,0.8296433324871689,0.768866007319899,0.8164027781961399,0.7687969795203407,0.8982426198315631,0.9189230332744633,0.9467983395688075,0.9447063275203895,0.9550992867132877,0.9722780890539846,0.9588431010199304,0.8867986053923775,0.8287912047016528,0.8236946752055044,0.8384867989427419,0.8816922877487611,0.8858620820784582,0.8973837336028019,0.9427085899860406,0.8946535345139002,0.9203229133628892,0.8908387694687722,0.8823972919934965,0.8798824328606484,0.8765357206307599,0.8609523557730682,0.8801022843086581,0.8803158442477941,0.8814617026435525,0.8576534297642494,0.8641289779463455,0.8401684780020668,0.8193805104533569,0.8808418773767933,
pre_model_seis2_20250809163936_671.dat---0.943393891599394,0.9108668664827093,0.9576197513415985,0.9592415409141232,0.9538267976958466,0.9484156175280002,0.939261698927944,0.9501880570439913,0.9375526846884745,0.9690067880029974,0.9710301750176957,0.9622412824390701,0.9659021422665144,0.9847000579738148,0.9703026218639139,0.9697815284688934,0.9659765800124699,0.9185464869659568,0.9125505523224128,0.8979995985029786,0.9247112222820973,0.9051271722506529,0.893296711027234,0.915502153686827,0.9267474314196452,0.9034376292530357,0.883059719013326,0.8783783055726334,0.7922517909607634,0.8433673192804424,0.829201590139283,0.8033507095269904,0.7317389515260571,0.7615537433718903,0.8262363396493726,0.8143122335322612,0.9065891899074903,0.9205685181696699,0.9255944392799498,0.9195378669256797,0.9191938944140341,0.9076136988109302,
pre_model_seis1_20250809165433_282.dat---0.9698786688664983,0.9709976364015226,0.9675020860264872,0.9513918780403241,0.9600893186247149,0.9609385367212887,0.9335962032572688,0.9453813155741952,0.9289173838594033,0.9607246694200096,0.9781632042972976,0.9795093250165265,0.9489170731830393,0.9688507599017849,0.9514223455278923,0.9605904016788841,0.9773492044687996,0.9807958047839006,0.9643553712917556,0.9813926693384643,0.9631802737739709,0.9742048945571912,0.9696559709707836,0.9725495350621404,0.959082352744342,0.9508391210884717,0.9173798938515509,0.9185316555524342,0.8932842889804178,0.9083858077992917,0.9044964668762485,0.9152862063601338,0.8960587205822836,0.8283666440644466,0.831251337483149,0.8050779561366488,0.7637078081690472,0.7286748897362472,0.7193417026131748,0.7536040428355572,0.79833053217255,0.9173671696997594,
pre_model_seis1_20250809165433_862.dat---0.7677385453232692,0.912663058921234,0.7586526742159756,0.8396106156994391,0.8125390206834021,0.7787998862575336,0.8052686768491149,0.8173887921456073,0.7261592101805948,0.6371676562708872,0.7982031276357996,0.8203872607862599,0.8927750348831452,0.9060362574040826,0.9554551236278039,0.9840572952690354,0.9857126554230163,0.9735427076249336,0.9547082069272752,0.9435253561044231,0.8530086050097645,0.8428646881976408,0.8482767974567164,0.825584161985293,0.7794685774153621,0.7102862341672436,0.6324110615283959,0.592128118565058,0.6538334268296736,0.6476830330882212,0.6805001201769244,0.8066755212273852,0.8225981596937941,0.8715421520865626,0.8990442253817155,0.8894031539499538,0.8890035433625768,0.9036258106680781,0.8793995520242487,0.8734818992455533,0.8338032066378236,0.8245125173397758,
pre_model_seis2_20250809163936_109.dat---0.7637950597620459,0.5336807344729816,0.6318269357697287,0.7554382977140588,0.6859368241603241,0.6464731630792565,0.7395767006528882,0.8727419673846624,0.8863598535701335,0.9674928066646981,0.9458198812064483,0.9609562089514495,0.9896134171793195,0.9361896652472247,0.9653896056800123,0.946529698195803,0.9239425713404318,0.9078632109915258,0.8714892378500674,0.8737268078888297,0.8297206214628012,0.7206148181631968,0.6870155330514696,0.6462167567711848,0.6576131346116556,0.5875007247382686,0.5655680094959518,0.4562712608163078,0.5138531162322156,0.47078607788145777,0.45804497394435884,0.4193705470647298,0.44259492702229764,0.4942397169722596,0.5029165430163337,0.5395513830736289,0.6074497887494904,0.6335894065634348,0.6606542101158573,0.7002509846233219,0.6679610919110477,0.708942104244955,
pre_model_seis2_20250809163930_151.dat---0.9230204349725437,0.9644834110662722,0.9674198823159563,0.9554170140449862,0.9569450587879824,0.9682832621081618,0.969096424012285,0.9677315281536962,0.9555926159892909,0.9709857176961671,0.9821214285663719,0.9895915996860523,0.9864635374715232,0.9659132910836181,0.9664629833184057,0.9607210497335112,0.9711198178382044,0.9744942639217414,0.9626483805149079,0.9594983686748484,0.8806483416331186,0.8678040536459726,0.8110585181627489,0.8269677718103703,0.8958747672818991,0.8184151996519538,0.8501754003640949,0.794393235504882,0.8205015876308533,0.8046443219295327,0.8027357956313322,0.7894561787084952,0.7231217983617898,0.6028351719778454,0.6865251834356657,0.7569186890429246,0.787588690638615,0.8707360601264185,0.9013793024656649,0.8684267671343545,0.8244743332646458,0.8854314936185292,
pre_model_seis1_20250809165430_533.dat---0.8249394022878757,0.9328576494925417,0.8576885593632304,0.9238912291857119,0.9070083538082616,0.8874990872358082,0.8512067761547251,0.7708126323860546,0.805540158610622,0.6933611510610462,0.5310072546855553,0.6228837159744666,0.6308272502475921,0.6700790974775982,0.6666052433127296,0.8911055437142711,0.8951636185315952,0.8771327371025549,0.8732550993480124,0.8592573506736351,0.8009894422344002,0.8034023039565613,0.807964367094204,0.7402890570411076,0.7472180865855209,0.668544915713357,0.7136141957563824,0.7637169328768566,0.6749751574109958,0.7285984988973673,0.8154020038261285,0.79428347062475,0.7330506427920971,0.6548002959016238,0.6306001595369881,0.5716861137331696,0.4893137507778523,0.4220840979578113,0.3588850171453937,0.3002441667522475,0.24165928660079916,0.7178888749724268,
pre_model_seis2_20250809163927_211.dat---0.8551045898028777,0.8490085648680749,0.8710942552244463,0.8549970185673472,0.8406737876360851,0.8210587413779314,0.8376678693813764,0.8345435523286371,0.8144569495469437,0.7951526823873055,0.8852616248046903,0.8803731294628474,0.89430705949476,0.8716406268052439,0.936235827561316,0.93199198165642,0.9056876687963606,0.9340767853077774,0.9411627023362048,0.9113792378279519,0.9127965569868317,0.8650647286075853,0.869523329622165,0.8475704957854518,0.7949237226438894,0.7650243648523138,0.7283835977201014,0.6966475406178162,0.702302291422289,0.7237637270463833,0.7423952409844771,0.6831890937349346,0.713380885875672,0.7929828936391962,0.8228291452011972,0.7983752687129245,0.7821588703729396,0.7619534443208074,0.700215441370106,0.5456758060416917,0.44502305376803475,0.8087818086463755,
pre_model_seis1_20250809165436_235.dat---0.8325774326634022,0.8456630486472705,0.7270223650776607,0.8691313827970389,0.765935938051544,0.81792529692587,0.8792544223834007,0.79374465939848,0.876830281531823,0.812330176965618,0.833661104210489,0.7965443936923394,0.8272155145031049,0.8236684514996999,0.8413397709192579,0.8526997310411906,0.8884526646070041,0.9155534107653357,0.8249146139058758,0.8232865089622144,0.7912999011620429,0.7751119566528022,0.6694861781501806,0.4987722734881686,0.5157703863619357,0.4867541431648306,0.2846312978773343,0.3111815778543318,0.32203759922666175,0.33146464814103044,0.33693965668896614,0.34240583512847933,0.33233175293799966,0.35973899234497225,0.40276697840250636,0.4552160442612613,0.45194131636667245,0.4812645721320068,0.5956025937144409,0.6158499271977218,0.6605968576513331,0.6504613574988851,
pre_model_seis1_20250816100516_57.dat---0.926400640238596,0.9393840762359174,0.9415294128471817,0.8952679702155858,0.897087425108908,0.8033157949828271,0.7602299809829115,0.6755722813879672,0.5544298014996736,0.36529771381569787,0.42493401838195266,0.5750688966627262,0.6555099110579095,0.7201943249226811,0.842222095550833,0.859743825628822,0.7579013843970589,0.6745080619327422,0.5870928880124552,0.5739756230061699,0.5486734615639934,0.44155110599184233,0.5410238160569245,0.5604455681095863,0.5475811841484719,0.45299686024477126,0.41992881075853816,0.35339890985481337,0.3543671651054269,0.2561002850641067,0.2971362380958109,0.22845640330968084,0.15868999447147975,0.1488947341441246,0.24971238231698506,0.23732813320108814,0.2880158396561004,0.3610597156255634,0.4057682955459631,0.4301744958115732,0.5112539183432135,0.5420054498606997,
pre_model_seis1_20250809165439_336.dat---0.9137130008388324,0.9383274212277947,0.9296060269510472,0.9040261593828831,0.840875840645333,0.896491641082686,0.8796591226082398,0.8028578162050122,0.7076554223745255,0.7601470840778977,0.7557605807316461,0.7608550077892503,0.8482783807610386,0.9642678791465793,0.9584916310931411,0.9497269559087346,0.8493201848529075,0.9411731345747444,0.9491841128749958,0.9396600814122622,0.8970597854540444,0.8683852178101846,0.8800789024485172,0.8527051594468091,0.8309569478811858,0.8331728738648606,0.8541941339347762,0.8558048911634027,0.8215973284202615,0.8860498876374739,0.8831239657389366,0.904557383822379,0.8909812196449746,0.8198872984891513,0.7838051467569137,0.7386493555037069,0.6881617315520366,0.6523779750176222,0.6309688011302755,0.5548320052797839,0.5366805124781341,0.8330270245857314,
pre_model_seis1_20250809165442_283.dat---0.9417588744483308,0.9210130837877138,0.93783588920841,0.8832298500294004,0.860331693842026,0.9115588145096576,0.8522016582324312,0.8654106881563542,0.9237661907731833,0.9046427257421323,0.9295289451264148,0.8664696556922455,0.9237780378434602,0.9229078627893108,0.9526306542253368,0.9494622422420276,0.934582868243553,0.9545200088490967,0.9763439266724488,0.959456055428894,0.9774787685521827,0.9750730281816213,0.9710542148658738,0.9210448939512514,0.932376375985707,0.9065906827923567,0.9060373513052864,0.8389917395555868,0.7988951286380689,0.715344185684894,0.6897448230168304,0.60001740739551,0.5884512724298434,0.33977703703770235,0.4042215960658934,0.404530905625646,0.31669980149425747,0.3504491802650085,0.3241728316702712,0.35675243664791223,0.362815675188953,0.7817548551754412,
pre_model_seis1_20250809165451_786.dat---0.874289626147624,0.8302471682699312,0.7475605463311428,0.8435521006725618,0.7948197734971931,0.7733526001207546,0.7786600415686474,0.815061580062396,0.8373516146378348,0.8225105683361226,0.7980921728232835,0.883395102304735,0.9282218260578281,0.9399929823860553,0.9334040317721944,0.9847994221892773,0.9851059947625307,0.9798551838419647,0.9902332485456727,0.9833879218453325,0.9827877838245697,0.97273533024255,0.9391155460500091,0.9227412753146981,0.942302863953185,0.9230455671742652,0.8994823144543722,0.8629155283444504,0.8409107790180296,0.7997914889805201,0.7840885432712881,0.7230504990576586,0.7384991410969238,0.6757235497662419,0.6836882421823356,0.6477470986581363,0.5252191018705787,0.4192275495819466,0.42646521078818733,0.4831662014870507,0.42435911985072877,0.8083160058814832,
pre_model_seis1_20250809165442_696.dat---0.8540771468293518,0.8401268792233413,0.8559103236519237,0.8013746349126722,0.8003494119781909,0.8652617524550814,0.7447452062535512,0.8605646089950604,0.8264800168533006,0.8692085061613343,0.875439075238418,0.9299096503970429,0.8620036722393468,0.8097898569068271,0.8516253669881103,0.9355365384417318,0.9526553914100138,0.9221385458808187,0.9230000389162639,0.9300956865069218,0.9291515338184225,0.950603972462322,0.9229457121960598,0.9087660492019412,0.9005954591786431,0.91495044590207,0.923208974691259,0.913921531925609,0.8859379618449682,0.7649314177845368,0.7408992149331642,0.7209107772091896,0.598414395973568,0.5578815613971815,0.5671149819541469,0.5089855596830929,0.5913866085445217,0.6034894379060572,0.6491397839847056,0.7250903806712623,0.7238226568073406,0.8124985543490089,
pre_model_seis1_20250809165442_562.dat---0.9428507536637764,0.8477954376827956,0.8459937926683349,0.9004002875790414,0.9038491075695201,0.8379001900781164,0.8496550097210938,0.7614625592178342,0.7744842121553716,0.7806212793690763,0.7888089819033122,0.7620047121293333,0.8212688416903972,0.8241611938378722,0.8018280449413937,0.8565298727918517,0.9224732590737346,0.9137035604467,0.9161696757346868,0.9055760603613593,0.8378412631175879,0.7816314582484731,0.750466468872787,0.7327997179299683,0.6427776506070491,0.7425077989124379,0.8166048684238579,0.539206367424812,0.537758469562929,0.4443829109725887,0.5639658654166089,0.5686412532126942,0.517657198516448,0.5616128212527286,0.6417000064036414,0.6652188130160601,0.6807422034706985,0.6931246154675959,0.6448320005479866,0.6138225233392798,0.6200109086187877,0.7452400491695275,
pre_model_seis1_20250809165445_209.dat---0.8607251700516395,0.7868117641170174,0.8872636786007495,0.9103285007279213,0.8196306422461814,0.7509137445277703,0.8113091253780225,0.7207386642367989,0.7626126955713222,0.7956601700255377,0.7418942513011471,0.586047556794401,0.6269905938847359,0.7266371666444394,0.6947990809491943,0.5797280389378494,0.6204835317830828,0.6667547406486775,0.7349025694645492,0.7364816008051045,0.7794634293010444,0.8448720999002471,0.8668129332926349,0.7261873830480888,0.6504851978849535,0.6018268042215021,0.6017729975273849,0.5667505322420057,0.5661799252602445,0.5408976719625106,0.5209762322036848,0.5202646341042224,0.5120665661550959,0.5198020784405772,0.5234816515417973,0.5107862347163623,0.5442687702306923,0.5103350180611189,0.5126188523107802,0.5151264955972026,0.49386002099270926,0.664623141846122,
pre_model_seis2_20250809163912_496.dat---0.8815929997150823,0.8876352144393053,0.8718797351969644,0.8836711770403596,0.8900307365618174,0.8626897619036129,0.8702121908395436,0.8347237276600701,0.8422820699522576,0.8453454830582636,0.8875805652262323,0.9093418632846162,0.8898612957445677,0.940823435973226,0.9931066218963027,0.9934850119055049,0.9895587313305435,0.9893057885349714,0.9890992220438382,0.9755624543624216,0.8737453926800112,0.9013657610890407,0.93680009104538,0.9315294889698291,0.8837739931439706,0.8876617380462059,0.9003177064759744,0.9133875648969922,0.9197230862441952,0.9214652264503754,0.8733199074351699,0.9103734314255146,0.7922368238725865,0.7783616460642705,0.6834166013396725,0.7710103122557129,0.7979692481511743,0.8594262695313476,0.8987217971428784,0.8914597909441652,0.801628162330362,0.8867190762488861,
pre_model_seis1_20250809165451_130.dat---0.8766033854730705,0.8409774766347445,0.8518442597507668,0.8184775042955088,0.8268987914721856,0.8220463552409202,0.795673102292202,0.7248519867086964,0.7033134657631391,0.8695673157041073,0.8849289266485127,0.9232874563666241,0.9539476944564805,0.9226643991849298,0.9377689020296357,0.9510657631849604,0.9661523052580034,0.9423734553443491,0.9389911713189137,0.8970365028671745,0.8948815076144702,0.8687289071882464,0.8301900016831294,0.837115377808392,0.8135964330369034,0.8176868087029983,0.7372615561055129,0.6288048399234532,0.608762305282978,0.5666850619783935,0.48503284520598067,0.47226143341021704,0.46256015781816523,0.42012557931584404,0.3923465481306445,0.40324759272806604,0.3655902660523862,0.5371094916775458,0.5373588494660733,0.606907548493654,0.6563545978876737,0.7412458031586744,
pre_model_seis2_20250809163933_682.dat---0.7849411202022863,0.7849046348180693,0.7884709102041367,0.8144764297451315,0.8797680853312746,0.8630411366767264,0.9187067977572639,0.9281873789526375,0.9408355761807705,0.9512876039047964,0.9729776883854176,0.9904198331689553,0.951929888182606,0.886655874727072,0.8621189271578913,0.9051770483351647,0.7916544900443623,0.7026613745779322,0.7833613420467839,0.8097059785451735,0.8157242520853852,0.69601539244615,0.7316077908814157,0.5522767067835557,0.6095223044869977,0.6529975551413837,0.5040786959303404,0.6387596095536276,0.5686028571173205,0.655779347037365,0.6346511371434397,0.7232926699454458,0.7676002615001081,0.805918267785066,0.8808353849412207,0.9368982173348028,0.8655076593870347,0.7003634767089377,0.7021651686289127,0.5914957491875347,0.5229428644586126,0.7772760362787587,
pre_model_seis2_20250809163936_826.dat---0.947548598683198,0.8986948003278892,0.8939364291494103,0.9080111255812598,0.8499626856573808,0.7926335665829505,0.8355601922042215,0.8716138322482684,0.7702867247280127,0.8403797013425458,0.886013149878946,0.8083038213501811,0.9233377778606098,0.936672819348364,0.9736802712507331,0.9797785987314952,0.9808815860614263,0.930786889829141,0.8453606807338558,0.8406971514760898,0.8494808421260273,0.8668211815028896,0.8873936165961219,0.8416522595031493,0.8373686187593512,0.8555043380879236,0.8340167171543149,0.762508804869208,0.698685287428343,0.6940525601027911,0.6862222404833568,0.6944098487451372,0.6378923343638118,0.5838322602643251,0.6009546856454009,0.6469784385296046,0.5908049468191525,0.7104414648590435,0.8321104099078852,0.8349432417120236,0.9365430862682774,0.8194331118720518,
pre_model_seis2_20250809163912_448.dat---0.795864472741337,0.6230685409415353,0.8342715978854243,0.7442925748516571,0.8063120658974507,0.7297602172697085,0.6651700062522953,0.5177157532619212,0.6143988783758634,0.5813126981838145,0.8904921016269123,0.8871022160005552,0.8736106390498354,0.9490362515411503,0.9748186994848157,0.9937987580616131,0.988717057358357,0.9851532325932703,0.9695435083914474,0.9371993767563549,0.8987190689625306,0.9011571123687455,0.8472603276362457,0.783964880557767,0.6590315399864399,0.7271706845147611,0.5992680986327382,0.6473413500552436,0.6521103555985113,0.6980228449147069,0.7494227505384984,0.7129005859181949,0.6114270222589998,0.5497517416770971,0.5657934743837122,0.6472830420389211,0.7386133863653829,0.8911095368765988,0.8924364477890114,0.926675337480793,0.9207489947546939,0.7800450543862174,
pre_model_seis1_20250809165454_823.dat---0.9393882767811528,0.9405932927965148,0.8909134451586131,0.9082875764127771,0.830845305863355,0.9174208117389072,0.8868371602070153,0.8439091988849011,0.8708064500744821,0.8545807951843197,0.7871939581096122,0.7626596564786625,0.8650368050530612,0.9730794150852486,0.964306927594934,0.9226028784729656,0.8502160075857216,0.755405579268528,0.6212956800910437,0.671742500134072,0.6274965624074494,0.6649412877392742,0.6421833385377537,0.6977585003652346,0.7468265485772291,0.9064133371029602,0.9343133753967854,0.961992454939894,0.9346954252069252,0.9261978237519798,0.9233429943183546,0.8627268753266879,0.8903581385013518,0.8039401960147661,0.8333693138717667,0.8152655264307712,0.7860741863098445,0.8369158030006242,0.7693778455708347,0.798320723167109,0.7984051675356506,0.8345862718304667,
pre_model_seis1_20250809165445_651.dat---0.9850016076998247,0.9830736132846185,0.9811932466574476,0.9817371029886025,0.9762684268775187,0.9636480357217598,0.9341830857495445,0.9395464502404595,0.8684997842605211,0.86168082876581,0.8412109116589858,0.6937557639325757,0.7065142773232269,0.75913142004833,0.7217561783050688,0.7770547306224473,0.7855774169595873,0.8898066681464616,0.9069151742936927,0.8477531739641274,0.7110612721203806,0.7138485368489668,0.7794850356196598,0.7910849735343704,0.7347337268830966,0.7312913171762959,0.639203634689815,0.6255177264150089,0.6091762726709156,0.5772246996183378,0.5409859650267017,0.5288288366365792,0.4895316847358448,0.4328755804462899,0.3676677952842719,0.2774016400662513,0.28740878340894516,0.26881412606777727,0.29036909047079484,0.22369696401775124,0.23213745424083246,0.6891866588653535,
pre_model_seis1_20250809165442_77.dat---0.9074848106480455,0.9222701267723605,0.8887254946434356,0.8740847862439092,0.8552942828945679,0.8724614061172024,0.8676588672004356,0.8514897865116123,0.8144492850827242,0.6622746333065825,0.7402222883981651,0.8408298906380623,0.9212007027091076,0.9558297216149972,0.9684901199377911,0.9678279565167319,0.9827083333936878,0.9917948281586271,0.9918129453449408,0.9775031920934079,0.9660418377701336,0.963345098639611,0.9756609442088549,0.959217092764086,0.9465933174815663,0.9339366548577255,0.926344011619512,0.8979555232648235,0.8787972420685515,0.8769247939433051,0.8571120794854692,0.8785468753158835,0.9064235720939801,0.913422743223646,0.8842847475453565,0.908439613697469,0.900426712386277,0.9279228787496869,0.9506856892000499,0.9646790064094172,0.9673908604242818,0.9082576769116115,
pre_model_seis1_20250809165433_621.dat---0.951407446461739,0.9494929637848728,0.933971112675798,0.9307237548097314,0.9087554519687365,0.8965915722305403,0.905255673920013,0.9028325019822956,0.8970636626882134,0.8776876456422064,0.8380990659672094,0.8753442870634563,0.8466547781328507,0.8559613778792476,0.8967499074305211,0.939519511427565,0.936382752657099,0.8745597521248795,0.9443450356304305,0.9755961830647585,0.9594405672649257,0.8258142578353241,0.8122441289815474,0.833702220608113,0.8490430672056104,0.9166548386821963,0.9120754686353131,0.9151218412204442,0.9308311992265282,0.8991504463534111,0.8384508948152727,0.7847857777122192,0.5982983747094417,0.6456113168987575,0.6544434308973284,0.5610753599148826,0.6397608252900049,0.6171660341785788,0.6387520851575647,0.6541761178625946,0.6500054998315374,0.8359414192883844,
pre_model_seis2_20250809163924_148.dat---0.7501634632954703,0.7987226730071652,0.7599063494693862,0.6388705764262687,0.6225738482547029,0.6209915495378023,0.708195105064817,0.7232282539108248,0.8027771961579764,0.8719920050347046,0.8706425627364651,0.8817298165042452,0.8713291403260509,0.8061936948060122,0.8245302981588902,0.8568272654880542,0.9089473190416031,0.8620732235774479,0.815610346404744,0.8606368382405047,0.9275825792651152,0.8882976124085752,0.8407141016670772,0.8167916621651953,0.8044701718590183,0.7961464209252602,0.8011858023180679,0.8264979101695924,0.8100231389222518,0.7825413781393965,0.7860027861667892,0.7875637832293516,0.784874389545519,0.78319970890689,0.7515901485550686,0.7175000892573409,0.7748693134336724,0.7153997468862209,0.7547963719091936,0.7342776272137514,0.708222507759489,0.7914265555157554,
pre_model_seis2_20250809163933_341.dat---0.886253502317788,0.8981837875767434,0.8901949246419251,0.7978277052685464,0.8072399725535432,0.8420881823654581,0.8554811402236231,0.843953972966845,0.8110791713419875,0.731941740501644,0.7543978311036244,0.7308946444008535,0.6972647343628094,0.7231908258470964,0.7114367166549116,0.8436593533786395,0.878567290046925,0.9494678391292758,0.9716171605649042,0.9688670193070982,0.9670316676963314,0.9322986345331902,0.9593188480408704,0.9334514179954667,0.9052568208818828,0.8648419613806466,0.8886857264758453,0.8815094902846646,0.8177824518822316,0.7605797758655183,0.7253818948205636,0.6458081040216344,0.688718449508409,0.628621357197916,0.6447230948219798,0.6938775685542327,0.7087559619979089,0.7327173927930921,0.7210418333060621,0.772431585949161,0.8046207103761556,0.8114893234862929,
pre_model_seis2_20250809163918_35.dat---0.9092066586647015,0.9280738917144274,0.9172602528668874,0.9369509745049589,0.9392668604710273,0.931862477411137,0.8957395666435367,0.9076929091049554,0.9075197850179791,0.8971887158538878,0.9265809128895803,0.9457877220011971,0.9303253884891765,0.9241184028585023,0.8334299862061815,0.8495642616473901,0.9324541770631273,0.932452890852917,0.9602542500274281,0.9834077271469386,0.8928030639445433,0.8570584461170317,0.8853473609560001,0.8829363849925452,0.8744551207730706,0.8765482662357245,0.8742941678909271,0.8419986379975568,0.8287264440461556,0.8244508521003876,0.8428661527918615,0.8379792179144432,0.8508678435642064,0.8184060274451109,0.8699037807041956,0.8682692789630196,0.8709597361660999,0.8722075877882685,0.8787696226908825,0.86462385447054,0.8263238326166752,0.88851057296598,
pre_model_seis1_20250809165451_829.dat---0.8714701958988533,0.8491397432186878,0.8986737798190552,0.8807176191563119,0.88382174575438,0.9180882161209469,0.8872389737192653,0.8989202756591758,0.8921155223529879,0.94425598183626,0.963392473289327,0.9602050507554419,0.9727540286305051,0.9829939918981802,0.9698118049716096,0.9685483180632277,0.9351602598378184,0.921939968513736,0.9270500447769309,0.9097093505862857,0.8218668964207272,0.8200438282668353,0.6851766755512826,0.7446350908185282,0.594049541017848,0.5194204666278464,0.5478150451877716,0.4173870247461194,0.5425878674729953,0.5350514871149111,0.48769057591353965,0.4977330750126397,0.4382970198735451,0.42005746616209927,0.3568372174823796,0.3562090084548818,0.3705526277641939,0.3644712913502634,0.28642697802384626,0.29758550172292897,0.30478346643012166,0.7035289145432753,
pre_model_seis1_20250809165436_581.dat---0.7932639505415187,0.8657324453169205,0.817779170136534,0.7374922758871314,0.74104358652955,0.7370964820108885,0.6704034021849425,0.7226485423658066,0.6186111921284974,0.7397879704309442,0.8223639747590257,0.8284771579565662,0.8003132104801685,0.8128708577593533,0.8550191054456296,0.8783555445696068,0.9176365678822983,0.9107507885207077,0.884781879074707,0.9053915671369256,0.9192566434139072,0.8954391366557707,0.8679492098420476,0.8163218158522876,0.8025988005311633,0.7861245665568866,0.7627958612226434,0.7288266990601981,0.6500620047892504,0.4799588486764383,0.5660188319471863,0.5388658617667013,0.5691588130986107,0.5492910789785344,0.6633614387755765,0.7340392953942461,0.6565916735423392,0.556767314505928,0.30156609884229846,0.26979682905170166,0.13240994222294167,0.7148053764840095,
pre_model_seis1_20250809165451_843.dat---0.9450097816024845,0.9403577471080425,0.9143119783810296,0.9035571350097249,0.8348097624242214,0.8642416554051724,0.8946581118819169,0.8944646312219718,0.8893655917634997,0.8932807296744057,0.952046799417291,0.9681411026310693,0.9575915269687312,0.9415122919704482,0.9261818228487334,0.9692167232919735,0.9783018439548541,0.992316981474995,0.9803868460290038,0.9677447916509441,0.9533703833750246,0.9446994516118917,0.9488434539049314,0.9245531464148212,0.8767720785591608,0.8762991782368373,0.8406089344742861,0.8344481530155026,0.7944821403503612,0.7694468053229097,0.7485534296918207,0.7606538037989767,0.7159502986598234,0.7062040501729949,0.6725998813450145,0.6098965216166612,0.6489820705980881,0.6725183309333626,0.7242475270897195,0.7403028802292813,0.8148421978193753,0.8581895749251552,
pre_model_seis1_20250809165433_467.dat---0.7971208270790362,0.8557940256974571,0.8470940219297513,0.8149091651791331,0.8320585753517852,0.8130764337392714,0.8646307890953898,0.8786595196159952,0.8419825294014235,0.8775390949786175,0.897378706822214,0.873751310487149,0.883068201576473,0.8175904352575422,0.7715534295385839,0.8824073257470063,0.892142792948674,0.8634342458161117,0.8789289530397353,0.9335448962237747,0.7965477697722944,0.7800995471353683,0.7940166582976232,0.7220127717059999,0.7945253657463018,0.8164809331353282,0.8216608320540788,0.8200730063348505,0.7601105682305336,0.7933142893854906,0.7796869022915789,0.7522086683053767,0.7601542462585175,0.7055255606200657,0.5788016265690628,0.5801480012482857,0.5032675303011453,0.43494735880913543,0.51716310903569,0.49949276521159686,0.42898350986992423,0.7696557634108139,
pre_model_seis2_20250809163939_894.dat---0.8878526346020108,0.8133011019878622,0.8957540057555543,0.8378714318405912,0.8658834965271176,0.8477137256368869,0.8249175927808349,0.8517800557377381,0.8276103644147041,0.9153401916911642,0.9449166484428544,0.9312537427286487,0.8886113648168996,0.9475639229335943,0.9682953813412164,0.9570725022436014,0.9550915589813014,0.9383055727876066,0.9051145560253288,0.8715664565308827,0.7855411959966319,0.7175159299328442,0.7688904258836038,0.6868095869498807,0.7287209078266403,0.7695728608919887,0.8026185970711126,0.8072072254889354,0.7205627977958051,0.7360759282828745,0.7586344371540886,0.7329375791426149,0.8249240061995926,0.8466972079218348,0.8671441281056715,0.7794623598797575,0.8335066115135982,0.783690664304584,0.6921594646212645,0.777941601520138,0.725012490998391,0.8297912759826401,
pre_model_seis2_20250809163933_210.dat---0.8975959863482315,0.8252617684429749,0.9358581616038443,0.9159473337504298,0.924057350209024,0.8779147229892401,0.9232340269675493,0.9050089981765314,0.8815238136540082,0.9208066431039744,0.909918827816866,0.9162485439377824,0.9376671871482692,0.9038128610531591,0.9489348656650868,0.9358246369874523,0.9181868001677717,0.8897963083943365,0.9112385461535195,0.9523566575398732,0.8269661376606275,0.7600268696370746,0.7345970141596301,0.6675396831870698,0.7770240050052412,0.7226718275317924,0.8651311171520222,0.8624599472098302,0.8396732717446568,0.8004659533731492,0.750806999038508,0.7227251268074533,0.7681239681773985,0.7216282860866502,0.73390238481355,0.7598855350578225,0.710071091937523,0.7459061226024584,0.7003793065885916,0.7282879926443367,0.6893547994535287,0.8321663775604595,
pre_model_seis1_20250809165451_735.dat---0.8903511956530159,0.7557650050094257,0.7680220266627221,0.825793512231269,0.8571861465513111,0.9015572427534666,0.914213241867626,0.8871401384568792,0.928935638528024,0.9420095777513846,0.9460113319899208,0.9532243955056893,0.9595488883415705,0.9412068663841919,0.9686471837782907,0.971326529677332,0.9636818649267632,0.9389484746049082,0.9253199758596293,0.881307063533304,0.8786977092635346,0.8640775113706526,0.8917250610959473,0.8553432624673734,0.8600235234861475,0.8034705019799135,0.7640387042142264,0.7161652600247183,0.715470465975235,0.6547949630347392,0.6078045417023076,0.5565704705138239,0.4185538277477477,0.3536568139312152,0.4138600295732984,0.2729155812582061,0.2752864046655362,0.2939024113970176,0.24452013821364904,0.34285491480850694,0.3260918564463724,0.7373175671521192,
pre_model_seis1_20250809165445_132.dat---0.9349315091943946,0.935852923267346,0.8895144974597633,0.8859516275127526,0.9039136453686551,0.8895242214036471,0.8748280935611447,0.8781787081305287,0.8407043282353075,0.8729273771987198,0.8915178613153669,0.8756105536690025,0.8949652096177815,0.9431940349034322,0.9534591919924486,0.9484195139382151,0.9326780694089696,0.9174999980547415,0.9243619079669159,0.9178668018867326,0.914188667073244,0.8526883136373834,0.8212472741673348,0.8397569153868581,0.8735217515906872,0.850812674057348,0.7700223836994387,0.7641399884725614,0.8048488392383598,0.7449370228891458,0.7693345546169199,0.749842779799693,0.7642142230808191,0.7589637980272407,0.7099818784348053,0.6810086332850049,0.7275889444124187,0.7118728875311346,0.8077296112194274,0.8416602062373937,0.8293591134745112,0.8461858666931119,
pre_model_seis2_20250809163921_789.dat---0.9302876823469276,0.9206514546981875,0.8898076375436778,0.8694442881672413,0.8078053762898787,0.8571145369054853,0.7332213253572349,0.7914216224833782,0.7623709969100086,0.7591699622057837,0.9047537786482671,0.9121150100987919,0.932090123767032,0.9308808604401944,0.932247703584636,0.9498886121434822,0.8973661634565543,0.8890146342585542,0.9024916674155734,0.8209595340170756,0.791862916781066,0.7247480557175547,0.8253340621424633,0.7779364749653973,0.746032507691137,0.6245469051652102,0.6257638164528228,0.613344141049923,0.5759702516772717,0.49111571717384284,0.5230200088594276,0.49151750189183596,0.5081250560363648,0.5166593894955153,0.5109296294943702,0.6070618482821266,0.6587387115857066,0.6861396807337846,0.6845210526714708,0.6879404140882163,0.647622470146545,0.7490739898253663,
pre_model_seis2_20250809163912_690.dat---0.790220433143384,0.8598701383595952,0.7013105787019472,0.7950967321559063,0.7419749483342472,0.7759511284989699,0.6131290259006837,0.5744969187749833,0.41379112629793674,0.48068809595398176,0.43888968652809135,0.5555108946569179,0.6271453644615219,0.6550112657329235,0.5689636280071082,0.4939237867300906,0.45530508416859,0.5432407518705816,0.6020258568496938,0.5950790619748267,0.619423415769583,0.5974852071239972,0.5958494490105303,0.6112103754872195,0.5881183379636266,0.5643009961827977,0.4554766830891638,0.44590070748835187,0.44935129021256004,0.4389771617415666,0.4731990459364423,0.499139511183386,0.48803494117823254,0.5555583046841448,0.5473959555788203,0.5134636743681444,0.5362908330460768,0.49867090490330374,0.37417578967078347,0.30885855637283305,0.24496922029165535,0.5533530455703707,
pre_model_seis1_20250809165457_402.dat---0.8902714376306503,0.8967774907404019,0.9346376381351386,0.9314544876292827,0.9153583193258579,0.8710878890570827,0.903482795481411,0.8727033852455527,0.9181679880400563,0.9227995514151549,0.9110028741435522,0.917937904678076,0.9741344256375676,0.971568780289384,0.9758767244783522,0.9375387106967153,0.9149230957509285,0.786301960933077,0.7819370028843062,0.7317043624257594,0.6261408730359712,0.6566764416578457,0.7387468589122442,0.6488356195726677,0.6153437042481673,0.4934149093944188,0.392091442150924,0.30995600934776596,0.25421342221191645,0.20825229794927808,0.18192217450684778,0.09158324879227504,0.054130622314797316,0.012164244899744327,-0.019532250804038895,0.06361914295292334,0.09640866291563871,0.18528812607356263,0.25332195548819536,0.32138186868144336,0.3703062326746131,0.5979007910145245,
pre_model_seis2_20250809163912_361.dat---0.8735169119124893,0.9407042274534568,0.9246529839522457,0.9092178204924817,0.927589918342183,0.9265634720802047,0.8709447169690315,0.9180705663695283,0.9150926379055165,0.9004482604137307,0.908295937622466,0.895869498962609,0.8624724343726896,0.8636031780342337,0.8908202859145076,0.9061888560690367,0.9779178524390363,0.9756911714344824,0.958821249012335,0.9341782890092679,0.9044345715733482,0.9046611955103724,0.8644181592576226,0.7628982403240336,0.8388936789536683,0.8319395841969454,0.7813957308151531,0.7482901037854476,0.7032761049184963,0.5963163052784033,0.6704432344543143,0.6426372580313834,0.6218751408453825,0.6240125369243462,0.6115337267527059,0.7086638993451817,0.7029131249628207,0.7000102414519328,0.7951344617160355,0.7691032144563131,0.8222024590012679,0.8264808107638222,
pre_model_seis2_20250809163927_671.dat---0.9547721419601221,0.9673369796833939,0.971604956930178,0.9608431986623273,0.9591381268076815,0.9536181958452337,0.9552435264286656,0.9420782737761515,0.9580352805731646,0.9708455676044101,0.9676000848300627,0.9495312500644395,0.9609498377253073,0.952119766773593,0.9561260047297742,0.9393301522682391,0.9392023802653404,0.8959890867285701,0.7641776324499435,0.8184549395232849,0.8693574722277105,0.7975211009991484,0.6431398108806826,0.5448151511440356,0.37244282553218333,0.3457791995276352,0.19363627923795562,0.15860755668145315,0.1013486568019927,0.09332262916830569,0.10085961726860321,0.14023197372129598,0.16296600205211312,0.17199683714875263,0.2457535804017481,0.3217263275271856,0.2889406651607914,0.3204571608670979,0.3823739479320327,0.37236185881669687,0.4389511189950603,0.6293557842859112,
pre_model_seis1_20250809165439_679.dat---0.8348590848784402,0.8815901632001633,0.776980731011824,0.8220144459134383,0.8667852731507709,0.9070968805258536,0.9115971230608936,0.920230777383697,0.9448505450121527,0.9760305926097362,0.9810673547009653,0.9782152811733495,0.972406544780164,0.9627949956134011,0.885180734845231,0.8765770803947651,0.783806764309738,0.887348962307363,0.8605909836953384,0.7791521514355904,0.6738766901445492,0.5991301265003471,0.633192253212866,0.6206081368359981,0.5963986723053454,0.5399043427864543,0.660559408131635,0.6209590694122065,0.704362626469798,0.638806571291059,0.6810898125365235,0.5437732841429971,0.5235538072194899,0.42073360351492606,0.4073696065288663,0.38082020462879695,0.4155459922905518,0.624753913236191,0.7292866160771299,0.7231800266232911,0.7184945447398697,0.7381847750885795,
pre_model_seis2_20250809163915_480.dat---0.8381565619698516,0.7199698529534121,0.8870551208250923,0.8680256173098896,0.8470613315916654,0.7878595951876473,0.7797209186813728,0.7170028857969066,0.8282284825051888,0.8046340437816204,0.826435896310657,0.813257512742679,0.8341784078229352,0.7289232453426587,0.7829173133240865,0.797998394826312,0.9184134196542306,0.9474756449792152,0.9425128775094189,0.9190915339871552,0.9297646917590605,0.942519382150793,0.9249523223317121,0.7880278468045554,0.7798820402139488,0.7096143056565737,0.7293699702617272,0.7603267325121928,0.7802365898416809,0.8755536054717562,0.9189249995834793,0.9038657116428064,0.8349521130636325,0.715575349638424,0.6330280054991647,0.6454576953662247,0.5782728950793219,0.5182765440607703,0.5903795717709817,0.5422127375058822,0.6222180855430925,0.7881056061673116,
pre_model_seis2_20250809163924_265.dat---0.8579478682849611,0.8363777919899782,0.7448312261978172,0.7641764730002522,0.8006208372641601,0.8150934607028931,0.8091731056555886,0.8346458469527607,0.7696134081109438,0.7715506511252367,0.7508108192671104,0.7303833564241076,0.8978613502188757,0.9138864099696109,0.8972903235727978,0.9042265125026904,0.8617108991732382,0.8651633148667588,0.8629216026641577,0.8905862787380809,0.7972632128247751,0.7580131751145136,0.7786699155954977,0.7929283307537509,0.7771780938503234,0.7108291622059756,0.7152670484398637,0.6173087929355016,0.5924104472356924,0.5750341344457142,0.5343472710698567,0.4935172667611961,0.4623618586337212,0.4594677465743468,0.37437353360210357,0.3685326755767099,0.3013925768561441,0.30215142837198844,0.3883542158527738,0.4280415173530803,0.4207078382132864,0.6884639458280202,
pre_model_seis2_20250809163915_539.dat---0.9027612090576808,0.866971024012904,0.9019255230869981,0.8010816761709132,0.8544905151476392,0.8430500985003294,0.8996219768483563,0.8344486355045215,0.8461734936234733,0.9129925051130278,0.8900171441923932,0.8362711289282813,0.8563463091385262,0.9096727718687204,0.8459238789856215,0.8596734642009556,0.8508545749609638,0.8372724536464983,0.8043108320838244,0.769311782153108,0.7079898542450097,0.6035719678932882,0.5856518743732784,0.5807439164373839,0.5933106606998151,0.5994832681993943,0.6954563400967471,0.6077394489375603,0.673625391135549,0.7732667316237513,0.8021966597652743,0.8504480186180133,0.8995323628153923,0.9235749240039072,0.9227185609878039,0.887866134244256,0.8433658295491683,0.8348438224707367,0.8672821755801539,0.873333596273115,0.8702341039991836,0.8077904058335005,
pre_model_seis2_20250809163915_424.dat---0.9530846271928823,0.9679497542787578,0.9549052431235476,0.9570835288954033,0.9433313557592314,0.9204838002401042,0.9580428509698743,0.9514603272268826,0.9315572517924268,0.9160387021408967,0.8929599682587275,0.8669338605059175,0.8833864865451331,0.9065060062025733,0.9474919668263986,0.9542259473720385,0.9362762795105325,0.8594835650520034,0.9188457736274095,0.9280748898399528,0.8970497241920606,0.8505620581440428,0.7801618880713774,0.7860654026315669,0.7320769370409884,0.8843689388554047,0.7782331289919089,0.7319717318615212,0.6778732008584938,0.6476757839563543,0.6171770747896816,0.6148857851120431,0.569688193979252,0.5302055497053682,0.55313253350924,0.5223693948224266,0.46635073002186955,0.4706575240827233,0.44372456401726496,0.3622194084562053,0.3615579448908416,0.7762470654475935,
pre_model_seis2_20250809163930_763.dat---0.9370131161113628,0.9276032649466138,0.9278728439822732,0.9164420941169914,0.9159274949957182,0.9196152502848784,0.9374361788063095,0.9120765478446164,0.8849471627603692,0.9025505149349629,0.8943831195451053,0.8668279096555219,0.7983803949216486,0.9069256069040801,0.9419994703537399,0.9766132937071995,0.9687193480176216,0.9466030708432507,0.9168643800276502,0.9262562020069764,0.9294958338339973,0.9236847348334205,0.8949536721391064,0.889568078404675,0.8718433304369725,0.8684252800063427,0.8841064203278843,0.8784182813096673,0.8153561748421817,0.8135741651935905,0.6981481532876994,0.6806682476645322,0.6938635369316055,0.5699603494236936,0.6832449592888907,0.6806682030222081,0.683698399608772,0.644792804925767,0.6448174204336162,0.6931731449057306,0.6190583703783641,0.8386969957552585,
pre_model_seis2_20250809163915_668.dat---0.9550743406582647,0.8926744546644241,0.9066017702195405,0.9121851165776659,0.9486167156732077,0.9503620385955869,0.9474340909935985,0.9459699108166204,0.9516106778315819,0.9370306372399952,0.9318570165149362,0.9613017770645205,0.9481683068914993,0.9374327422640318,0.975550285636337,0.9814523236748323,0.9776070363221449,0.9661794432983357,0.980070627715322,0.9755119096712398,0.952158854018919,0.9534055685037699,0.9246922494434797,0.9567305976754076,0.9608294565419027,0.9516295852522244,0.9513479339516672,0.9463656273381493,0.927576001106997,0.9211198962016501,0.9050776243032183,0.9128017492449945,0.8994391735696459,0.9115473514709743,0.9004244402400655,0.9102368614392042,0.8812923575861011,0.882344103834453,0.7897689061133312,0.6774397651406145,0.7271579257353745,0.9225872500252639,
pre_model_seis2_20250809163924_274.dat---0.8220984964195067,0.4925904245764923,0.7979310557984969,0.7638019784704905,0.7825185564806129,0.7595851122529876,0.7849360014564672,0.7929822227401334,0.751227969887508,0.7991185860157795,0.8908539608103799,0.96008962511434,0.9573563950462883,0.9916908896888118,0.9973635060874131,0.9961925620846894,0.956552308843067,0.9628216416423466,0.8747998143626722,0.88120763345044,0.6888151265978436,0.655619937114224,0.6203998471237311,0.46175765509761124,0.34816865849190354,0.25817195510156404,0.2836091850432341,0.31083938436572106,0.366276725245178,0.3686118290995148,0.3233531993305006,0.3317297683859849,0.3798848650406318,0.35363524917726236,0.3419236541416168,0.44617841952860626,0.42489794706116507,0.5282716186532215,0.5420554962274254,0.5651251087083189,0.7517943574196272,0.6430936275166783,
pre_model_seis2_20250809163936_717.dat---0.9372536937265254,0.9079387527933702,0.8396361892244867,0.8066644114310476,0.8378892503375218,0.7637057071414383,0.7145535641395396,0.7089541567876649,0.7369248203994241,0.7387078986327298,0.8205135480331771,0.7801315617352574,0.8453185040343094,0.8138968219875173,0.7861190898149131,0.8541489258797594,0.8509282615333381,0.8448765756863093,0.7826655838290042,0.7539986293134359,0.7563412955991209,0.7176635626365778,0.722269132696202,0.7217081873774511,0.740834407836968,0.7108115060738527,0.6882228698920635,0.6947633589557359,0.6230691469137623,0.6007610754508445,0.6107711918576144,0.6512001575881596,0.6645295710451559,0.6663374052342506,0.6806723855652892,0.6588396512162209,0.6971635212092617,0.6918982622044194,0.7754389042234602,0.8269568018905671,0.8696539755106889,0.7535300565228887,
pre_model_seis1_20250809165439_12.dat---0.6209726863002603,0.8585430644796577,0.7148124217518657,0.7889991533895042,0.8463433350541448,0.7935343868598839,0.7119789813435408,0.7427819073648176,0.7756015701463072,0.7447831602664629,0.7629101739089507,0.7768629662230683,0.8306622503853595,0.8036731503583098,0.9488256944253253,0.9315759295216564,0.8640051213580416,0.9817054643844714,0.8672547756585877,0.8315957980427322,0.781143989861312,0.7865928311558669,0.780838700671047,0.8126455570256124,0.8674077345786145,0.8911158427110809,0.7372648550173566,0.6902040414035716,0.6075607126853214,0.3507596572633394,0.3993717041993796,0.2671612225002956,0.29794768585488846,0.2453253774615088,0.3133232816265256,0.3405216362865073,0.4249026265368762,0.4631964786377522,0.493559159152155,0.5773034590704337,0.6806649828994852,0.683078866532241,
pre_model_seis2_20250809163939_810.dat---0.9043885732058221,0.7990706240676039,0.882674672400625,0.883202838427981,0.7833426647727487,0.7920705037436225,0.7072283576024241,0.7609631904106413,0.7779661395059899,0.7823771816472812,0.6886872968115306,0.7200726877140657,0.7338311737398748,0.6187447327652773,0.6017541129780319,0.544045942286467,0.8260439451159556,0.9043914973057686,0.9329557620920829,0.8953043942909843,0.9071352233026981,0.871747378530544,0.8901518439926709,0.8203095240673155,0.6378172530971875,0.6144778081452452,0.5347696332493976,0.5053345052850141,0.48275881923144237,0.3794001363386191,0.4782392744091417,0.48596515179051264,0.6725092117279672,0.6684182103434727,0.7828124740990459,0.805949023254116,0.8332891127397987,0.8557800363060496,0.8239698080742022,0.835778908087886,0.8235761013201621,0.7377879445921284,
pre_model_seis2_20250809163915_829.dat---0.8732974886473935,0.9005092721154565,0.9087624216261702,0.9390094205754599,0.9349514825224655,0.9370152838888811,0.942079868031372,0.9201937497900559,0.9309116560558447,0.9416271998174135,0.9600470111033352,0.9859494539885152,0.9859505705607269,0.978533166202172,0.9522728657647492,0.9554562962966007,0.9255101052942205,0.9195410320397946,0.9067867217472174,0.8761926333889851,0.8467617731552965,0.8223817951239791,0.8208322508477542,0.7666551245185292,0.70970249088763,0.7111104311473538,0.6735865898146706,0.6852942581063246,0.6476654603520274,0.6641653057857506,0.6552315849878786,0.6294332434360385,0.6465234525575521,0.6255699704596694,0.6459702639950292,0.6718914768969987,0.7056619646351298,0.7494694656689743,0.7600172731340471,0.8525235424744806,0.8686487152208701,0.8252120520161662,
pre_model_seis1_20250809165439_570.dat---0.9633340272081798,0.9615538085262972,0.9501015012811586,0.9455838138369238,0.9331361786788495,0.8644002750102319,0.843414063755666,0.8262222417456226,0.8277144266059531,0.7430478793409311,0.8596296780546843,0.8791119847307518,0.8911577339449609,0.9061578693080414,0.8647014503354831,0.8039877046791505,0.8740160919507884,0.913876220241019,0.9023911171141392,0.8873987799229016,0.8090666110470847,0.8069182313436304,0.8260480024036171,0.8054086549570372,0.8501481903626343,0.8454994160102379,0.8196713448458838,0.841940187140438,0.9044181953591385,0.897909783659274,0.8796670211103865,0.8556224382162216,0.7482670200824352,0.7182096009967802,0.6301998375895713,0.6935358066487625,0.6437127589415376,0.5299722124447949,0.544430945208724,0.42247164551774646,0.5690295777667275,0.8117825445835217,
pre_model_seis1_20250816100543_53.dat---0.9716997322480789,0.9604517254530749,0.9591552753265761,0.9680409465411101,0.9682777236203177,0.9680051324380954,0.9568233282428119,0.9386789167320363,0.9409956868216569,0.9197574218544652,0.9282736347554049,0.9262333879992909,0.9278640773075527,0.9432103042957428,0.9782118260040709,0.9632859768789287,0.9624151865456239,0.9553562131421809,0.9242858832486152,0.9149222730781761,0.9440870454480448,0.9522138918455181,0.9499165924362436,0.8775501141806858,0.8575904853625247,0.7681998585352714,0.7928129938497913,0.7433809817519101,0.7337143280027294,0.7283154065426524,0.7238245492437546,0.6690599228805431,0.6834012857101741,0.6819864071704642,0.6759965735304322,0.6762880161834659,0.7063957360218202,0.7362311362006668,0.7641352896017195,0.7703131530683338,0.7279798646375711,0.857057031335076,
pre_model_seis2_20250809163915_666.dat---0.8931450974526622,0.8900788902589248,0.8159521802871378,0.846209560512238,0.8111299428001737,0.694718427761324,0.6085730604405116,0.49113626665491156,0.5626450107722393,0.7223540504352525,0.8252646365029485,0.8236836980455203,0.8010720441305867,0.8111377428407636,0.7700110542180094,0.7797329089429141,0.779074012271014,0.9306191480840723,0.9691481392510303,0.9253095627094051,0.8155400283173573,0.7195122620588279,0.5701270931490751,0.5630274184447845,0.5021015462951719,0.46768729980343793,0.5208998679872148,0.5482436226218242,0.5778627655220935,0.5847727724625051,0.5485204665692853,0.5709872823729422,0.63220606400694,0.5926423414459961,0.6144507159435962,0.5753202694398502,0.6043187887825805,0.5867455029066222,0.5620737345249625,0.622142178279887,0.6006339128825366,0.6861173504436375,
pre_model_seis2_20250809163930_358.dat---0.9389777568900706,0.9379827345809255,0.9354969285046898,0.9497898329076997,0.9531292879022253,0.9370676448681852,0.9353041274600932,0.954945721155628,0.9655872233685491,0.9759103793535279,0.9840153623373087,0.9903002920268634,0.9896308938065983,0.9739571844468905,0.9707252167904784,0.9697998995254217,0.9730449387090538,0.9735130378832845,0.9766364992279333,0.9833533413908021,0.9717374882493874,0.9648349884703178,0.9654695636071853,0.9431632683116628,0.9216838562653409,0.9424801721457299,0.9473686426170898,0.9004270144066692,0.8843036278422423,0.8838182356680214,0.8673278261790123,0.8476267406215472,0.8080741897427122,0.8017739632379041,0.7949775941410778,0.7680477694404199,0.7633513457813844,0.7630772570015335,0.7866739942661971,0.7751905186177726,0.8514930034306286,0.9127333991019526,
pre_model_seis2_20250809163921_460.dat---0.9244248605889845,0.9252250843178296,0.9272300627291291,0.9001906409109018,0.9148998819878106,0.9101441847195105,0.9030073613753735,0.8963085974330542,0.8126292958298807,0.7640959607607193,0.8349801821776598,0.8494075391126754,0.8892050494317016,0.9682287198810005,0.9918207397588371,0.9854595009408096,0.9280061626375157,0.9196898955022872,0.9433145333410163,0.8022098415212936,0.8190723983088561,0.7901399489495772,0.8126534383836618,0.7486129078437794,0.8099663963803498,0.7649866307990085,0.9490641436294774,0.9551151215288545,0.8033514464084532,0.7614983157492539,0.6796401550720103,0.5248013680347271,0.47133742511853727,0.4945005841273003,0.4735140325760602,0.4840125273193295,0.4841710992863699,0.5336811655167418,0.5824103537863856,0.5914173565044842,0.6058103291450099,0.7836642741323468,
pre_model_seis1_20250809165451_621.dat---0.8279271271670623,0.9292632293096351,0.9039863512689315,0.8707419256110813,0.8621697835843242,0.8454387594492652,0.7455227776781986,0.6549870613552459,0.5373731073666536,0.5037816889846549,0.47616388391480535,0.6127045811008783,0.37813677479193214,0.7373476005987135,0.6764377835714466,0.6743931359853969,0.580952857281693,0.6370579975440365,0.5792155652917275,0.6539372756620307,0.6588096183918994,0.6834415219605969,0.6686778996520694,0.676772720691667,0.6597210244500649,0.6159270356182354,0.6609165052206243,0.6584260293025541,0.6041796530417514,0.5759259515307837,0.5438868088808809,0.5201719953080735,0.5697153151555633,0.5350850477712367,0.5786401150964661,0.5327984121443103,0.5694012237546016,0.5536376752321466,0.48247747077228237,0.4236280975549574,0.29575846899041935,0.6281838501960705,
pre_model_seis2_20250809163912_798.dat---0.9658464679716905,0.926023500231304,0.9481756636807361,0.9470558097854487,0.9111545196692639,0.9047952497416621,0.9351863796800317,0.9521398711458215,0.9388443434941189,0.9726004099276084,0.9771111158990633,0.9791885421206354,0.9752837386594608,0.9784354902142258,0.9795682205786311,0.9877789244949916,0.9927409739062251,0.9956868802737978,0.9703982227341017,0.9374614564093336,0.9078563702674206,0.8609635126170774,0.8881969943326355,0.853771442586966,0.8107973901603782,0.8231869680965672,0.7980770417509312,0.7254222716611017,0.727065156927343,0.8144298559109985,0.7766587110210017,0.6656790460565462,0.7483265160502153,0.6288644542485199,0.7167891180022529,0.6603981327897286,0.7283889481412049,0.7084805886195482,0.7708868244062266,0.7608962886887506,0.7211569831791765,0.8602870340520181,
pre_model_seis2_20250809163930_357.dat---0.9294352094476522,0.9347240105306438,0.9108328777220568,0.9122565111341767,0.9434366316982856,0.9174544528558551,0.8827038917115282,0.9279161256389897,0.8624161819690945,0.9134069960859483,0.8973271609134612,0.9243588919134332,0.9206106714513829,0.8944047763688238,0.9246790788581497,0.9483346591361578,0.9605188059867212,0.933776721508058,0.9441754825828683,0.9718948676016286,0.968831101720537,0.9198781519966271,0.9002421158349754,0.922395053250076,0.9030050414888403,0.9361671665191498,0.9368548946535837,0.9073616372707737,0.9055069799828029,0.8920748817975503,0.8646237085131803,0.8024438232192287,0.733971278538554,0.5587357538553651,0.5278927851785049,0.5182624250375283,0.4466976780561236,0.4932285524357531,0.6011425584965481,0.6965888289185457,0.7243106845879068,0.8442653440601723,
pre_model_seis2_20250816100657_94.dat---0.9433758471033142,0.8951179550100561,0.8801281633217554,0.9385956797114757,0.9330577941298458,0.9519913054201107,0.9517202496421169,0.948735196203718,0.9365049206986611,0.9126634573144033,0.9096291162859738,0.9190174727079263,0.9440181731331685,0.9588304005678087,0.965481311232287,0.9088409421321539,0.9655638019154618,0.9273652311110353,0.8681312953789078,0.8943486951589259,0.8775558368956712,0.9206968297260799,0.9291072342595259,0.875493614319774,0.8626915291383189,0.8579134811359971,0.8746273447670303,0.8245575416006464,0.7542265598551976,0.8088309679770567,0.704118324777286,0.7755871241194997,0.699053927387789,0.8391570349901879,0.8739033852377293,0.8204789525317957,0.7466126218911948,0.5793662227974994,0.5953083280796732,0.4882170807998691,0.41969158561936,0.8458612813679584,
pre_model_seis2_20250809163915_296.dat---0.9090007388763665,0.8897723213961833,0.8896952647450059,0.8192342639271223,0.8575619214708445,0.8680755638379939,0.8308677962135647,0.8334065569383249,0.9106227101223635,0.872296833356054,0.8488336160475902,0.9103993279354832,0.9553842731284105,0.9321169482225948,0.8645111196023433,0.8744094415585676,0.9065358718772052,0.9740799258609713,0.9667158055124218,0.9566602192634525,0.9345659591241214,0.9428767627818245,0.9540632459298296,0.8800697727901351,0.8450898221553833,0.8215343852262638,0.8206501025274116,0.7819258517755615,0.7307799812015389,0.5369700430983709,0.6640156038275598,0.6765194379859129,0.7174575092105716,0.7481981535334669,0.7206834732235714,0.74715722115188,0.8040681766412027,0.8246440001293179,0.8131687741087568,0.830982459433387,0.8319918334918507,0.8414047094936777,
pre_model_seis2_20250809163921_605.dat---0.9247855103854172,0.9336478470078083,0.9322216594830146,0.9100608650390972,0.9169856218507672,0.9149765519566279,0.9100197918450179,0.9047204717621943,0.9243863354041539,0.9168319154125484,0.8375685984236158,0.9508928399928949,0.9528809143544792,0.9689294089797923,0.9697410152335221,0.9868620990837341,0.9914887616779636,0.9737103720843313,0.9316215063551896,0.8924083102514939,0.8553722487485437,0.8140561152687702,0.7637973829343311,0.6995935537276975,0.5592204976915002,0.4065888601824443,0.3406056079020897,0.34345519204357133,0.3696803276313442,0.34908230584443334,0.36107962350008677,0.44876713537704105,0.40283763986268306,0.47481515857452017,0.49501139680330364,0.5424893684177347,0.5562398865129536,0.6167912794603926,0.5744494169345657,0.63487325529531,0.6312104230576702,0.7288965139598695,
pre_model_seis1_20250809165457_765.dat---0.7695098226570951,0.91188062818522,0.8406372107358915,0.9309774775809616,0.8817831949129854,0.8435415129280859,0.840033600419868,0.7177137579504191,0.6306494816455731,0.6105722049159226,0.40169297117257197,0.39321803788417004,0.4926858753209062,0.49495306193815847,0.6349283121583791,0.6826524074810184,0.5987232190583043,0.4931058061688812,0.4247870378074462,0.3097609552820351,0.43069777665989567,0.42823317416016576,0.46715293089010507,0.44164713828735214,0.47483088760258413,0.4551893592879184,0.4387418398432543,0.4089214191545626,0.4918595196551071,0.4210911424760966,0.382564535942474,0.3749017490612488,0.37972408347683034,0.29935137046877425,0.2569029116216809,0.24894538120299653,0.21723753106121926,0.16564680691929337,0.13804609619356698,0.08329638216095647,0.06643791469514336,0.4872006470006126,
pre_model_seis1_20250809165439_58.dat---0.9666035346506182,0.9509297453569896,0.9270828775093295,0.9501922678517556,0.9239718915130356,0.9172028571922145,0.910548347315001,0.851695115893426,0.7855276599173779,0.7219940041629518,0.7494305589605912,0.6050079524313763,0.6907016098963229,0.8119721837956952,0.839530331652053,0.7904284548147927,0.8379716462936684,0.7944033881631855,0.7767488490369712,0.7510651457920693,0.7596008750177005,0.725131780425198,0.6816199636434503,0.5528269281004201,0.6166180764300814,0.5375031025116609,0.49694482167225795,0.35166551520078065,0.2858321640293911,0.23391175651436175,0.14659338074850156,0.15042223905959298,0.0872795960534549,0.0669540056308694,0.06642432907745428,0.06672903720559259,0.056889013494345546,0.04069614961093532,0.05718600556848737,0.07631727315032506,0.07634949921019916,0.5533293642574266,
pre_model_seis1_20250809165442_824.dat---0.9289711308564064,0.9371962335549573,0.9403590781576411,0.9204939511811362,0.8898903802131631,0.9215018983901612,0.9197456436158638,0.898994011676483,0.9168784923072933,0.9116169062327117,0.837678425182946,0.8494305092712631,0.8800102604567293,0.8882764838484841,0.8855641291060654,0.8624400528116516,0.9314886021736148,0.9457174430180804,0.9409259762155144,0.9189103069159658,0.876176544372852,0.8550505288747173,0.8766993214053834,0.8135215171900713,0.747447035097804,0.7647983857868238,0.5832887839054273,0.5927509123685584,0.4932768554137737,0.5645262678624374,0.5236368189249424,0.45024500819391466,0.5137424199654766,0.5894577917530138,0.6351474796708634,0.5712136517670721,0.6202027064054237,0.5429461171051004,0.5464022833952237,0.560373732839782,0.535917592995822,0.7654368700117222,
pre_model_seis2_20250816100703_91.dat---0.7789350851270188,0.7885359744713619,0.7556387793750466,0.8240706077092749,0.7349321778974972,0.7610119194044499,0.8186709754667725,0.8140022647382694,0.8099605759354261,0.800188902474299,0.8397340245935438,0.761799259380616,0.9015802999364545,0.932666761961672,0.9700452006388934,0.9526705191155914,0.9063154629210048,0.9181353501350311,0.9382846189539326,0.9397798879670958,0.964888534467985,0.9637453699995941,0.9419298049932783,0.9053683304981697,0.8682994932793157,0.8618318826483398,0.7690604196674979,0.8551858188589375,0.8644420164378346,0.9032384150393767,0.9030426495015056,0.9555957433886354,0.9531083683364507,0.8937644615754748,0.8587774758675141,0.7470711859841536,0.7414382300098643,0.7939963072818264,0.7874013396103632,0.7829933491098894,0.766677588511595,0.8543613520309964,
pre_model_seis1_20250809165439_431.dat---0.8271487105757412,0.8809069454673106,0.8993483053151107,0.9371468065506064,0.9286141611080727,0.8935086027951599,0.8694537954407485,0.8843429097704948,0.8661357000375354,0.8169167016388854,0.7802643686756762,0.8462261579982081,0.8820095909745517,0.9138810521919758,0.937264150857618,0.9325575155440287,0.9370884021663363,0.8944140579812561,0.8972512091367353,0.7638782421388556,0.7072695009184891,0.7635069159479033,0.7520190006681442,0.7965492878823117,0.8079163882824467,0.8457728197778338,0.8377448863367264,0.7849133976719592,0.8425576239443083,0.8127526141957641,0.8306976605215556,0.8165913659855704,0.8574481507332908,0.879060250601978,0.857941645907783,0.8638729631506374,0.8887180808853186,0.8725532072340394,0.8421919236108895,0.8515449377430582,0.8211456954308846,0.8517347732633123,
pre_model_seis2_20250809163921_691.dat---0.8513857824929044,0.8774131866018298,0.8521795644897427,0.875477265848386,0.879747278474076,0.8721860714085006,0.8905400495564483,0.8508462835917142,0.8082222300868454,0.8334892836463225,0.757662710149528,0.7682641405656115,0.8780709701866442,0.8595616141450905,0.7716411130362839,0.8528514033102508,0.9172004095327433,0.9357662960370695,0.9379424142914143,0.9428471768555865,0.9239362010078874,0.933178672725331,0.8973950593204156,0.9037986990159631,0.9101268680592784,0.8819688092224287,0.881140934656199,0.8283917507112459,0.800119219826438,0.7848499549578899,0.6651283850090991,0.6480806290064707,0.5739303471496188,0.6346136106559882,0.6991319716874946,0.7561344367817427,0.7745569867333445,0.7583394593468895,0.7732207210747873,0.7718386957294512,0.7077222672981602,0.8224609493727588,
pre_model_seis2_20250816100703_37.dat---0.8094853064256399,0.9108243404770185,0.895672819505357,0.8923139459195956,0.8873900104441668,0.851151812234468,0.8547935797412394,0.8271839662129087,0.9328692718813275,0.932218332082543,0.8992550593273115,0.8376657119448259,0.7712085985310119,0.7830347351890607,0.748004702802677,0.8936847901062326,0.9425560563291105,0.9355010364795917,0.9667454841520642,0.9575782730376814,0.9421871351712303,0.94782515761692,0.927076319772418,0.9252760171280398,0.9226422974948993,0.9602904749885032,0.9713397436774364,0.9593913956580407,0.8540426084664405,0.8467673518687184,0.6643473296511371,0.6125688859973459,0.6396471556459724,0.687850862509795,0.7045155426490729,0.6620069447185675,0.754740697466526,0.7890097153249594,0.7928151979250601,0.8109398081100836,0.8378632065034679,0.8473727239309381,
pre_model_seis2_20250809163915_871.dat---0.9890906947893223,0.975552479878778,0.974717190708572,0.9860124743244986,0.9837001096348735,0.9768407336589975,0.9809116786041288,0.9736517571752923,0.9712046207417064,0.9736953136265982,0.9709845840748346,0.9708434631407915,0.9822906812896038,0.9800389366986871,0.9748867566929071,0.9399011137633396,0.9415304208049257,0.9625532613988887,0.9415392374737642,0.89328863211602,0.9114064531365318,0.8977424339371277,0.8837529226600506,0.8105899964637747,0.7499712177890447,0.7044938757790371,0.7116788019794185,0.6379993574262672,0.5863428997427105,0.5666353623940358,0.5885535070379733,0.4722547617048788,0.6038091210023315,0.5658763832477353,0.6539277558415508,0.7009398935649587,0.6307104807104212,0.5943233487917103,0.5844614528545237,0.4698134559207219,0.5189894128188458,0.8094513911073214,
pre_model_seis2_20250809163933_686.dat---0.9302742356154681,0.9498188484432071,0.9542427193065601,0.96194385029555,0.9557849668200937,0.9564864584029983,0.9100710224971895,0.9058057691862742,0.8403746142955795,0.8037869388785936,0.8275246188958203,0.753672283956702,0.7851728120523959,0.6603041211294336,0.7178030108761517,0.7173589425808473,0.6620645568998429,0.8565350537088207,0.9223204266822755,0.9027038583277471,0.8489600978351174,0.8916714159439824,0.8820981708780173,0.8822589848024193,0.8911440543960104,0.8257942183309095,0.7278408761287729,0.7550998756992906,0.7328690983062652,0.668907730596034,0.6512405998154251,0.6407327641139143,0.6180223644178555,0.7401268993658678,0.8158635569540398,0.8300262536574013,0.7991417549545735,0.8548747474953823,0.9166850972883444,0.915738958623188,0.8959644058653673,0.8233929520565788,
pre_model_seis1_20250809165457_391.dat---0.8873879831316955,0.9288820566339705,0.867834403022571,0.8882943059675277,0.8610895969199361,0.8028290600150778,0.7445408845967001,0.7603897643557725,0.6608596061622798,0.8099824119834418,0.8328140356066273,0.8698450985845319,0.8286709922411619,0.9213534269338851,0.9360449310252079,0.9571062156323481,0.9217405902930559,0.9166570884855428,0.9162667815912853,0.9230337918508942,0.8995426285570849,0.8382414102833345,0.8220786455310225,0.7894114364539698,0.7689529101378814,0.7681793081642776,0.7546207846671862,0.7180608735761369,0.7216494651535533,0.7165981910297282,0.676426718495459,0.575013402033073,0.5892729027622113,0.45491806881989677,0.5089389560923169,0.46320415509160784,0.43656774908460494,0.3771384512111353,0.46968488638597405,0.46314494895789976,0.4478193054618471,0.7437826395849686,
pre_model_seis2_20250816100709_2.dat---0.9843373889435376,0.9833244752608249,0.9729713575412825,0.9850899101762564,0.9822511651889756,0.9760001542036328,0.9660692899330426,0.9590178777636377,0.9520515304869057,0.9395975235902225,0.9540075190596726,0.9610367595457653,0.9573689742167203,0.930826448083318,0.8855963468698312,0.8675257534013576,0.8055558190942694,0.7352494163721142,0.7693036895324061,0.7690593071158345,0.7460097072823273,0.6539434401399196,0.5713965873005349,0.5967616039007025,0.4553938296185099,0.38334055351981966,0.2673210825727594,0.25299027366882015,0.18364162717013413,0.20897967184552912,0.22565707487338188,0.21045808652818845,0.24160079535539833,0.2497578540618635,0.2821191222524144,0.2930607089685738,0.2951621169299931,0.3080472790812911,0.22116693582361382,0.22071436130107872,0.2534072994393995,0.6209066028783868,
pre_model_seis1_20250809165433_580.dat---0.9249416020945104,0.9420080681907557,0.8756655838358561,0.8887940603217244,0.8435684328948715,0.7885181143148221,0.6832133686571651,0.6641526867514274,0.7084124433015744,0.7336577793636333,0.7976029730998923,0.8231332153550545,0.9002904802368754,0.9352625435877271,0.9428829866619984,0.9433540401584625,0.9654712939417607,0.9775361080315133,0.9705644242531353,0.9166979742824666,0.8773907707847576,0.9126836192262135,0.8818706075083382,0.8722803318589734,0.8783413269902032,0.8320388987807914,0.7984164566988495,0.7739999891325852,0.7693120930191566,0.7289518508038362,0.6518430183168363,0.7282984051541194,0.748812761273811,0.7209040806576009,0.7955427418766189,0.7125560731265573,0.5329792302336129,0.33417007550366207,0.30083302837372083,0.2503195497911876,0.20017528138561783,0.7689621553617629,
pre_model_seis1_20250809165430_186.dat---0.9673164344945294,0.9513935706958874,0.9505341452754987,0.9395648697317567,0.9302169969688144,0.8931217564689646,0.8600474148110917,0.8292568589225943,0.8428560270158575,0.8483716954377377,0.757478641645303,0.9071055639393539,0.9243695794700253,0.9534076129241174,0.9556755012333298,0.9625510887590559,0.9042981001041236,0.8286849241789309,0.7617976133749663,0.7825810548591611,0.7221484923524916,0.7908256497652617,0.856556050906913,0.8361830086312295,0.8632248112215253,0.8541486179149871,0.8692738519440608,0.8324577408196542,0.8813865619059824,0.8806894882418552,0.8834115428798726,0.8589450413691302,0.8697633580527665,0.8603432428370951,0.8662855043449944,0.8404914687486085,0.86437978028434,0.8833410241287822,0.8588299202120238,0.882473225227631,0.9180653435005507,0.8713134920878258,
pre_model_seis2_20250809163930_574.dat---0.8524242374279313,0.8417729565713223,0.8174125399914993,0.8267628451409188,0.8138493413971275,0.7117725341606035,0.7536325357696475,0.7986122334708514,0.7965180483685919,0.709128471019055,0.7263205776857962,0.8405432966648344,0.850745898739415,0.8691852426680994,0.8959696355276217,0.8888304477763149,0.8529942535099789,0.8377791507759996,0.8653980295754133,0.8990582529551115,0.8373155918964557,0.7581860612185413,0.8127168301709616,0.7934283875597781,0.8741145574832044,0.8968650295854858,0.8615775682697986,0.8251521181922188,0.8674314299500729,0.8581238367586613,0.8038180497035405,0.7687597147007573,0.7660822444742353,0.6872488618606277,0.7230308061243765,0.6902587219925793,0.6462767369639365,0.7044153172977693,0.688515835237145,0.618264675374894,0.6241667777326866,0.7940112117498502,
pre_model_seis2_20250809163933_603.dat---0.9347779478835798,0.9179081126845946,0.9086143984042645,0.8570832030473055,0.8852743969491186,0.8185474592897573,0.8666491090232853,0.7832172942037793,0.8019563764270073,0.8673642603639858,0.785400392521439,0.9368227158758146,0.9652103475322376,0.9585581992716442,0.9814026041474984,0.9744105557224083,0.9493837838823186,0.9428051920203673,0.9645796077976652,0.9622507715113356,0.9473941838922127,0.921245009467865,0.8831843977567634,0.8458096914428568,0.8303034278383266,0.8422434978640023,0.8638502499744347,0.8499990011065288,0.8266985505488923,0.8239109348510494,0.7506716326822999,0.7782437942548058,0.7626698944491904,0.703795804393154,0.6840876551574923,0.6889732167030465,0.6571830353449342,0.6356081986840703,0.7097257516676534,0.7567266030216705,0.7290211232037168,0.842769814216204,
pre_model_seis1_20250809165442_897.dat---0.95363513269024,0.9282830719930739,0.9238920503967654,0.9297019233966725,0.9505358632089437,0.9540276007028623,0.949131662728586,0.9490889550583194,0.9443642707044004,0.9263922047255599,0.9040261249688812,0.9573836810774833,0.9858090497517144,0.9616483732401068,0.9326105524697239,0.9826967616475896,0.9862016565817372,0.9797246386881938,0.9749781336078344,0.9457382205423491,0.8913779072358545,0.8912903709119196,0.8656986752641361,0.7747476166318387,0.733279529880753,0.5903268372234354,0.6282047255751574,0.6060352974393081,0.46172679002620554,0.5072137071217161,0.34375639735805263,0.32656761266559725,0.3374243682755525,0.4044157091897189,0.43104743184049804,0.44891415334560814,0.6677835821769069,0.8065359442101094,0.8469290816023516,0.8184276076890988,0.7944242646433642,0.7852682326460542,
pre_model_seis1_20250809165436_432.dat---0.8425762102105866,0.900666713462332,0.8948769842420634,0.8656255986762437,0.915206959665191,0.9036130746967188,0.8649148127469772,0.8440619863870648,0.7790645698978633,0.799119224939479,0.8678462822916965,0.9303380745057588,0.980755907209304,0.9821039077263015,0.9692883837054481,0.9507604645288636,0.9500006287120274,0.9327377701817473,0.9429746360180706,0.9652372231139728,0.9408205907983869,0.8261114312042322,0.7786537424443342,0.7243165593618738,0.639131177103757,0.6827530727331715,0.700792498429541,0.7096545615474045,0.5949408753466013,0.6777416003851678,0.647125292221929,0.5572219147374398,0.5274840704011003,0.49315169831886996,0.46171635890686,0.44362481473139936,0.41480716621945113,0.4432533714793058,0.4352723466182459,0.48690442615919477,0.5228672642648662,0.7509783962519717,
pre_model_seis1_20250809165451_797.dat---0.7910906256379459,0.9156466103512108,0.8742486962850485,0.8995227661049482,0.880496729680208,0.8816532659661165,0.90440308602809,0.8714787588559403,0.929964439069484,0.9520778665764998,0.9523186055557801,0.979997858154096,0.9824289429052884,0.9816161879484722,0.9817885058672183,0.9598747242560374,0.9272716183959256,0.9193565311464049,0.9536915939865828,0.9340502646359047,0.8399835126138901,0.8256193061327409,0.7648085343907371,0.792302734896493,0.7833240555269223,0.822522816036025,0.8758634770668788,0.8822843802030667,0.8866049962514779,0.8946642522067795,0.866874385848579,0.7501786686166925,0.6819769363040771,0.6344327801692387,0.5195614390211986,0.45926955945135783,0.45843470268797126,0.584377077602423,0.5586413231814132,0.5870741649487141,0.6521002473835632,0.8193628543401815,
pre_model_seis1_20250809165451_227.dat---0.9565270666469097,0.965813584322765,0.9502323126221145,0.9553248051738598,0.9602629196110021,0.9791779777647815,0.9608990614546163,0.9710898729661437,0.9625393291213915,0.9356511600025107,0.9181969922483069,0.9341433682571533,0.9513996868036223,0.9532674766064502,0.9336167044487838,0.9077027949559384,0.8679575664714315,0.8949395102519826,0.9067389838005819,0.9041914198312645,0.8070019044274227,0.7180442532461141,0.7317296388360791,0.6922886556056205,0.630497546369843,0.7196145961290665,0.6726837556230715,0.6287409865309247,0.6359437834033229,0.5866434369070618,0.5689392995973487,0.5849303391631158,0.5352690788233938,0.4872183091126661,0.4725943720281565,0.48170358737265173,0.503051616816982,0.4885412724129872,0.42107397019625886,0.3031619854124862,0.21625234760534398,0.7476974958288177,
pre_model_seis2_20250809163918_422.dat---0.9235753945774725,0.8908093373905809,0.8939242384956552,0.8639989798840039,0.8707100179285386,0.873957790646997,0.839632660345598,0.8400237411393777,0.8528321456717041,0.8806795642950438,0.853815192182796,0.9038538536300089,0.9008596210750158,0.9718763080964751,0.9730040075046342,0.9699922947887353,0.9547223775887628,0.9515982700919006,0.9546792610007028,0.9789074683501592,0.9312359866914031,0.8936143787290649,0.896060287383679,0.9128656072866775,0.9406352787076591,0.9558900444846579,0.9544499265236382,0.8672679466280648,0.8507668051879934,0.8034834332646433,0.7052551067136589,0.5634980948800118,0.6425256330124556,0.5764319525087648,0.484833662768148,0.4602342197391656,0.49781865298348105,0.5699901229726737,0.5688035867383222,0.5991631109220585,0.5953953255003641,0.8149676021539204,
pre_model_seis1_20250816100525_99.dat---0.9514840154375215,0.9584464584096426,0.9542564787172885,0.9382263020971939,0.9498686261201985,0.9303234479011541,0.9274761524029628,0.9245189932524531,0.8880429185221836,0.8931826996129398,0.8786229979332375,0.9218153796333665,0.926444299397721,0.9001779263030528,0.9456975765444263,0.9241977078436652,0.9253394334745305,0.9137458256686852,0.9297017700617045,0.9275133178222955,0.9203210846979276,0.9281021054236358,0.9141731762753963,0.9034799022052742,0.8793326018641674,0.8133726319343821,0.7422597985202055,0.7907434640085729,0.7352530965702145,0.7695375610214235,0.6932808348559524,0.6275800235587262,0.6628241519572318,0.6368319621882536,0.6292744725505321,0.6997351455765757,0.7031743643737237,0.6808303781551028,0.6803994851714091,0.6434649942614151,0.5826521721846845,0.8328220910856348,
pre_model_seis1_20250809165454_93.dat---0.830358677178444,0.8486645428286594,0.8529782946119551,0.8777861171450552,0.9034838727684437,0.8238219323230215,0.8414652701774528,0.876932250140496,0.7777959501281929,0.7396696763797709,0.656300606610348,0.7380466497453534,0.7842466000374673,0.7937136032819313,0.8076075309618131,0.7613490593232535,0.7770577209141167,0.8499480585112428,0.8808086429260604,0.7941503080860788,0.6564227874814187,0.5678818462153592,0.6273291859660436,0.5974770304392126,0.5075088608548515,0.36752834281681024,0.4951872241303168,0.5067974555040373,0.5494071249750271,0.5402060352191387,0.5380618066130531,0.4065631020105858,0.2855101065807924,0.21406828507799447,0.04227520328959093,0.012283889090777924,0.051648543107263106,0.05775844096710426,0.13652002939464447,0.13508731878394586,0.24356360220769321,0.5793968679220688,
pre_model_seis2_20250809163924_426.dat---0.8662227864395144,0.9443190920897632,0.8987399896117516,0.9416459246816256,0.9220166351760467,0.9477247615224195,0.9180634319112564,0.9213298553925707,0.9139257595076304,0.9367059792663031,0.9546771263933874,0.9924650658832427,0.9699613480491621,0.923046710563499,0.9370980957855944,0.9596193196365247,0.9541510833234755,0.9537336252889849,0.9664181003976463,0.9415488139662163,0.930643092517181,0.8523071288314236,0.8075106490105141,0.8762428266010172,0.8885811450449905,0.8320910672159106,0.8756371348663288,0.7860613709974698,0.8098874826113956,0.8111251822541888,0.7846617790260629,0.7441052338054576,0.6432598949428349,0.6978184682109614,0.8082013731509103,0.8433002069137793,0.8459909191235705,0.8435097148218776,0.8288306058882624,0.776882362787792,0.6125559251698927,0.8698199285043521,
pre_model_seis1_20250809165445_168.dat---0.9577460063919228,0.9500619161809472,0.9466722873345877,0.941631746395499,0.9037237529192321,0.9120851530685177,0.9296537543631378,0.8911758618167556,0.9276224297862089,0.9248466457431498,0.9322857890391503,0.9532570545792262,0.9397248741638855,0.9270480267428042,0.8736829321107715,0.8193821803948995,0.7681173714682346,0.8840182200044405,0.7807609619863516,0.7333708737154241,0.7268027798312972,0.6987857157503644,0.7348407516922166,0.7422331940641176,0.7436669007475641,0.7765099558568204,0.7663429619010815,0.7600412873960944,0.73917179237859,0.6783239183561263,0.7030441418197706,0.6639807113919386,0.6383767465112539,0.6040930007956692,0.6240251871898099,0.553111018838028,0.5420770533970044,0.43295089038597634,0.3765254570368895,0.36758227272571886,0.34789511633047954,0.7589572851854136,
pre_model_seis1_20250809165457_811.dat---0.993385810262057,0.9913860426332192,0.9894775038440304,0.9880665041210517,0.979562674065992,0.9775638099909414,0.9775651370889321,0.962448485733904,0.9641519319877656,0.96420691442414,0.9551400351784307,0.9568308820891022,0.9616058608682794,0.9737834840193831,0.9475404973571226,0.9527121763318902,0.9371503785863116,0.9194486141922616,0.9304572946617601,0.9382773898552427,0.9119462939945002,0.9135232519521399,0.911622415762321,0.9295703781974693,0.9305408151298031,0.9035655116479668,0.8295296550719281,0.837957412215504,0.8747135254938921,0.8858455940039736,0.8790411405424069,0.867748806284437,0.8749441648289604,0.865047366877599,0.8451024472271644,0.875052830436522,0.8523328850691138,0.8478450294803613,0.8349230978047906,0.7748332169757266,0.7287577489998498,0.913053780860689,
pre_model_seis2_20250809163933_66.dat---0.7459199887829452,0.825652620413864,0.8223262698067894,0.815950991722577,0.8087784990146468,0.8397472936118866,0.8793027619835757,0.8971589607885264,0.8891590806073025,0.873777054261898,0.8750207238935986,0.8420066171873918,0.7305543046902658,0.7398468979184268,0.8330919319173284,0.883296318776201,0.9489330570496795,0.9051350208630774,0.9416493469224253,0.9510526945616673,0.9646502675059466,0.9327416323975858,0.9187594407807728,0.9284073389321499,0.9385884875825318,0.9308728879360666,0.9153324580007294,0.8955989419809727,0.8810508206029429,0.7948887809873987,0.7844362365776429,0.7305486084790053,0.7603288568573408,0.7005452063864428,0.6555670022145513,0.6384593874323947,0.6264919515266186,0.5984996011656113,0.5072864901798761,0.515951179299488,0.5578619463528104,0.8103714136086084,
pre_model_seis2_20250809163927_263.dat---0.9396333933919991,0.949302115930207,0.9211381120652968,0.938181775676875,0.9173049355483649,0.9131805224167271,0.8990673657421621,0.9218882381771556,0.9167446616833119,0.9181427238862995,0.9385258083444007,0.9340016959340565,0.8955424111098869,0.8630900045949303,0.8327045264862983,0.7838429605376838,0.8014380847179617,0.8575404327151538,0.8521451264808028,0.8447007181001073,0.8552465841292051,0.8669320213967808,0.9086066471333688,0.8237518825095718,0.7442157969120254,0.6504204631305627,0.6060820935905672,0.5054758780378059,0.3783917910972232,0.44274878974662096,0.3359663847875764,0.3537917731748799,0.2726399066336142,0.3980221043732244,0.4705202563147051,0.550862682939759,0.5885940982543605,0.6168878447464047,0.6765391173579179,0.6867529354374958,0.7424144001826053,0.7393409528152672,
pre_model_seis2_20250816100657_88.dat---0.5511276589696259,0.8571691347597229,0.8397674269639861,0.8120349804305933,0.8233733222210796,0.859627182713376,0.8627076718138793,0.80509220793199,0.9382963356343452,0.9509922874067803,0.9583733013429782,0.9414850157065496,0.9580250901350007,0.9558367935951669,0.8862780656293304,0.8748210684639259,0.8799303608939358,0.8896154964539933,0.8970873261060234,0.9346065698793425,0.8929896779004022,0.8181525989003778,0.6883789718359372,0.777177206192117,0.6970674290010429,0.6727987359070345,0.673616915436909,0.7002790461227669,0.7689905497843829,0.794121938806512,0.8454094134834276,0.9096953265487636,0.9292651703064078,0.930489802772621,0.8907988379794132,0.8785131533670454,0.8601011154721537,0.806081294191196,0.7497071160680514,0.7658843438479047,0.7485267654127442,0.8359583586924108,
pre_model_seis1_20250809165430_652.dat---0.9704086885606319,0.9332063250202466,0.9667490364481595,0.9651905754059308,0.9599137380150153,0.9563285097530805,0.9165277024479496,0.9061310452197328,0.9012006851064635,0.9025045093584759,0.8536818028402854,0.813520648323689,0.8693516732376642,0.9081470668449232,0.8930171927876968,0.922332608097739,0.9152989611666281,0.9363507869096203,0.9287344396360061,0.9269269444710897,0.889021269415958,0.9112164815198948,0.9119178055287295,0.906897578059884,0.9139541899792625,0.9162791101051238,0.9095330757123089,0.8874834299806417,0.8461202579347299,0.8896852474984627,0.8914206628377636,0.8666625338582811,0.871373486298729,0.8294319741553248,0.850274600318993,0.8340918068639386,0.7969482596514036,0.8323056291441063,0.8401625345845979,0.8428535943837917,0.8846676683175834,0.8943371740439156,
pre_model_seis1_20250809165445_660.dat---0.9124555731579987,0.9180865784095,0.8968892176576383,0.8576558039248392,0.8458451081812688,0.8563160912264173,0.8426626788204712,0.8515731499731966,0.8754353226558506,0.8519964501143704,0.8669443290163897,0.9419794294673763,0.9689604901614085,0.9569404806930978,0.9357110895232573,0.9488095046718606,0.9762333675593591,0.8622896191991238,0.8110631143249398,0.7887483607542153,0.8775519082397233,0.8461950531976316,0.7163138612523615,0.7394290329402418,0.6871431667161344,0.5810259941707618,0.5867475583338445,0.49341986241973274,0.5643828139383273,0.5764139197697865,0.5404146826407004,0.5100173162580822,0.6095793544313868,0.6021678202393851,0.5427530790657173,0.618957838217086,0.5616471020105614,0.6547245436916181,0.6862025601515787,0.6773755906051805,0.6495998788664168,0.7582599682109473,
pre_model_seis2_20250809163918_125.dat---0.9448881161304149,0.9331351067829966,0.9166501090995047,0.9206624126180549,0.9092190269383984,0.8809669483204633,0.8934713462736193,0.8438996544182299,0.838494197403321,0.9046302247839583,0.9258724336648512,0.9431411006360033,0.9572169372221511,0.9460636658494852,0.9622649346739583,0.9593644593345011,0.9709760938431091,0.9557156998666579,0.9690067227325699,0.978156330667917,0.9744058529487831,0.9550146809708996,0.9658894663569797,0.9656676610847038,0.9416564599046404,0.9131719692019772,0.8956631965656663,0.8696152921575429,0.8790822636053183,0.8704892439518012,0.8713873052452126,0.8320299761989166,0.8535346887554635,0.8331366972458941,0.8065794377748684,0.8196438818615267,0.9145355587827532,0.8943668816970024,0.8608745226907961,0.8141544480654469,0.7652952767008933,0.9036582995860305,
pre_model_seis1_20250809165448_427.dat---0.888259120975941,0.8854726517257069,0.9016057521392671,0.8819247138834281,0.9017353430430926,0.9152190915883586,0.9044583021659274,0.9078571196176999,0.9189343026635886,0.9608810386496184,0.9735772554676417,0.9591695415499981,0.9450910225357967,0.9399730801349953,0.9586294056750344,0.9678055655024191,0.9809004513957839,0.9554268552208948,0.9303892825305187,0.8979198409380922,0.921375295112951,0.8982684801648684,0.9269144787630997,0.8874887350944155,0.9128941508903919,0.8960017202211397,0.915325272248028,0.8980551817043338,0.8858576409816866,0.8375239613494618,0.8509755061281036,0.8325174206236855,0.8258096442970458,0.8621828989259237,0.8346181403191655,0.8837695360047613,0.8659839702456195,0.8814633550497833,0.8064043879225372,0.8090943536266592,0.7575933588793486,0.8967157859989467,
pre_model_seis1_20250816100543_1.dat---0.9692010007535405,0.9580955888733982,0.958675912445931,0.9411254236387463,0.9570526702915815,0.960817709525995,0.9533842379009299,0.9226641444161925,0.9502776828530797,0.9294888724212502,0.941299314473198,0.9154920018372849,0.9826135696735311,0.9834092037979117,0.980588898670537,0.9708615705943364,0.9792019790109272,0.9658806027892344,0.9641858282717348,0.9831679105288266,0.956962241104669,0.8800674496447636,0.890702227891641,0.8940448441011619,0.8635794651611696,0.8791602286159753,0.8683679389315203,0.8930942281437502,0.8921607223998984,0.8263392453192865,0.7418510421124636,0.7097708247037163,0.49321379199176507,0.5239559719366554,0.47449896350049087,0.3867613786354357,0.44784683994244173,0.4932884778993363,0.5601016005849262,0.5729621712451212,0.7222320046078902,0.8326450190546889,
pre_model_seis1_20250816100522_71.dat---0.9043591206911533,0.9223771918997443,0.90229015242064,0.9345421158628228,0.9236567290421426,0.8751440124758971,0.8994322070852769,0.8635814809509004,0.8969444446272489,0.8805062489319904,0.8838868597150019,0.8121858953963106,0.8915120041965781,0.875847780181291,0.9728815463022311,0.9683995600221392,0.9195836241986177,0.9114215744092631,0.8971380084408118,0.9185362499368853,0.8930693598552163,0.7962982116928433,0.8477855170237011,0.8310755870461836,0.7726993374690828,0.751110522964605,0.8416808296346836,0.8746929338146257,0.9023994156706245,0.8725335027428903,0.9196190697025034,0.8592654818776626,0.9044483391469778,0.8882889571099548,0.8150595576208891,0.7881449212637115,0.8212276117667282,0.8281085042736831,0.8017198305918767,0.8170133081556678,0.8392007053549237,0.8712114222333166,
pre_model_seis2_20250809163936_482.dat---0.9544305992559887,0.8989443515624859,0.9308017022420815,0.8934265528749537,0.8838559078659266,0.9312030581860439,0.8659259026637068,0.9022863441210854,0.8585497630527661,0.8401341031346596,0.8567526565150687,0.8545561862642308,0.9232074127563057,0.946064915447968,0.9788759987965517,0.9709171499715296,0.9572186096011391,0.913886543690278,0.91731529506695,0.8809740770444795,0.8600831868004797,0.8916754551027272,0.9059409881337056,0.9464356028036605,0.9395308131528451,0.9741327110877483,0.9622368688634813,0.9266146355208309,0.858213959642397,0.8247408380592514,0.7906581798899266,0.6546277236155084,0.7151500720774843,0.6880359024760503,0.6520988717226589,0.6134867125534978,0.6510398337718201,0.6874000091365968,0.659294583364493,0.6253506541391504,0.694288885694717,0.8458625272615422,
pre_model_seis1_20250809165445_638.dat---0.8180722263589869,0.9296736576442783,0.866895181427027,0.9229701752658788,0.8990180463214328,0.9140285816749473,0.8992351481462514,0.913913129528821,0.9188944977212982,0.9076783683527677,0.9425790155303416,0.942175331259842,0.9642608396330158,0.9890441708290181,0.9825897534559698,0.9539368483352274,0.9444477046314739,0.9508104874969271,0.94534974460091,0.936142081409897,0.8956010997174192,0.8684529935829367,0.8523582007684084,0.8390693116082407,0.816727344420931,0.790444547094891,0.693079586353793,0.6702433509749467,0.554605334764677,0.46828477978950256,0.47912352383737494,0.4768060754262388,0.4104088951024097,0.3472993659572163,0.29642033118163524,0.27198775769289846,0.16819834556026936,0.14250190537722845,0.17541470443759852,0.19012796774879415,0.2043253780131497,0.7110535558301189,
pre_model_seis2_20250809163915_794.dat---0.9225413785478889,0.8705619137395176,0.9161040693994497,0.8853417878205163,0.9046344229275005,0.884936590329259,0.8371951645368344,0.7621667327440074,0.7075163639371365,0.6799994268663024,0.5340211923499405,0.6405801657019987,0.7196282753710427,0.8042896855189814,0.7919956535822612,0.7886527971052656,0.8144965152260008,0.8224249395976719,0.8271808434377134,0.8469200291722883,0.7859453538578921,0.8526299745703646,0.7672350142635304,0.76209670545936,0.7724642984829646,0.7715396118598911,0.7484339638923477,0.6296264801344356,0.6543782957234362,0.5769960178344521,0.6320287718248853,0.6346749856514287,0.7234943108238143,0.7444765535613018,0.7797805829333522,0.8314211166215344,0.8503417826469811,0.8594613223623973,0.8086891716025192,0.7362933959019446,0.7456753984394943,0.7714358794234125,
pre_model_seis1_20250809165442_434.dat---0.8676037024469968,0.8966290933433273,0.9101327858772462,0.8288340580362115,0.840432378614535,0.8347379231944196,0.8277982583011113,0.8181047334977616,0.797929743979564,0.6369063212915302,0.7507066483283834,0.6515947636362347,0.7454606668402163,0.7500532068330098,0.8576699774504525,0.8650710751608425,0.9512463983065925,0.9718159675650657,0.9444394480237518,0.9148246350884612,0.9388979185342016,0.9274743085934644,0.9251754167399423,0.9319553656426544,0.9180208016127371,0.9156777655304695,0.8992026314147799,0.8851586255671425,0.8831562604128268,0.8273357423838273,0.8214001223360693,0.8018433042967915,0.763495640048553,0.6906563611657316,0.7020616698394564,0.6819143834537607,0.6591384782424122,0.5883212068900945,0.5543954639711699,0.5938522036352561,0.518170683279698,0.8070560034001648,
pre_model_seis2_20250809163915_891.dat---0.6436643909780125,0.8132859248063107,0.7617473325746639,0.7765088459946925,0.7569232853759854,0.7450520586335533,0.7200895454912938,0.6108568305621992,0.5804073637196411,0.6927526068106126,0.7404920212233008,0.8008783873065896,0.8590957828326787,0.9178436388226705,0.9458390972496594,0.9549030923178512,0.9579525199541008,0.9445273331931261,0.9397612071677436,0.931969990576628,0.9366489099066537,0.8932561946669896,0.8850889172255245,0.8735408201078165,0.8087108872235549,0.7861419316727539,0.7471655677364573,0.7297127662289058,0.6212787906738176,0.632017087285943,0.5787528506150132,0.5811510321283468,0.5957617474102995,0.5405608743098168,0.5636296333291231,0.5542287805303356,0.5176351333787542,0.5116777689501956,0.4618931876044346,0.6025720411419478,0.660298439557284,0.7360066979823241,
pre_model_seis2_20250809163912_218.dat---0.9028882841663792,0.9296564939126162,0.9097042932603537,0.9133872600306174,0.7859814225826928,0.8624308343542815,0.7089443092445751,0.8107204308402962,0.5388795389975726,0.6111853480028239,0.5494332120638298,0.4713528205971347,0.5872123963076624,0.5822426478305245,0.7095456603546727,0.5744369855053464,0.5064074803616566,0.4744318751954182,0.3567938055776959,0.36138706865508924,0.5299910478245831,0.43320558549093785,0.41865834095270427,0.4003653855324338,0.4482344596989454,0.5557219736462643,0.5424268775584908,0.4691662591198103,0.34016952020225527,0.37314774507904414,0.318345823367904,0.3159545299541748,0.24396840592323465,0.22518359665279708,0.21532768578873326,0.17152541051302975,0.06915751048068097,0.03354085939690399,0.03168731195348266,0.021973034334078864,0.0057987081516655105,0.4709895668161804,
pre_model_seis1_20250809165451_617.dat---0.8861381008573793,0.8760295392141965,0.9203844514205062,0.9243402340947323,0.9064929616317674,0.9121422602829089,0.9499683469548801,0.9539103040435487,0.8633793879700102,0.827616582111743,0.8785670041092668,0.9046092362458245,0.957886564721209,0.9668911949508698,0.9582230301231683,0.956018653330049,0.9505286568295197,0.9422331251390037,0.9270998782927203,0.8922735076559227,0.9000397869994718,0.9059821602742612,0.8807457558013226,0.8956177989065487,0.8674239471285609,0.8838594640875617,0.8263740570129137,0.8371303796114793,0.7955453522107868,0.8070418014770269,0.7684151057228379,0.7943612162296135,0.7438529319531778,0.7142418487874687,0.7296062470152792,0.7252992846183096,0.7168109144557067,0.7030165807179201,0.7090357916736879,0.6736583377968879,0.7655932781118199,0.8536191478188261,
pre_model_seis2_20250809163921_875.dat---0.943329255939735,0.9301191729319783,0.8621062160115165,0.9019816095447555,0.8666159803706072,0.829056586134111,0.8161041818806349,0.876637299599947,0.880941180561925,0.8562093977008041,0.8386162040110888,0.8206755433498254,0.8183095694805202,0.781418758043749,0.8640800493946865,0.9026235958842579,0.9719416510300389,0.9311157647722569,0.8945572761175823,0.7286219481591587,0.7216399109080681,0.7201966069566844,0.7749635984753055,0.8664543789664323,0.8951044233834973,0.8365570728485088,0.8234022346755012,0.807971284086476,0.7523631148153558,0.7069473120102496,0.6343320552666731,0.5397323014406411,0.5292156558597417,0.47752084502190767,0.5756533846133898,0.5809404432576342,0.6581787981784087,0.6265947452178933,0.7265645075347408,0.7277517892715526,0.7926743463379704,0.7826785378059954,
pre_model_seis2_20250809163912_251.dat---0.5975860979685551,0.5958015818525473,0.731255488516103,0.7932276901917376,0.7218290865571867,0.7692591934531127,0.8120573829061095,0.8283114997824297,0.8710787963227868,0.8873514049047772,0.9119414682144799,0.9287175854424232,0.905849017454118,0.9739700543513765,0.9737276361542428,0.9725340359495648,0.9584640309314393,0.9886872029731574,0.9478416170246627,0.8893547146081366,0.8974150216906589,0.9298098766523725,0.935892601331006,0.9558479117114205,0.9590724354885898,0.9549920042723613,0.9475022096192955,0.9542955317982914,0.9332520206963156,0.88306655237707,0.8060860928285329,0.7542335098776676,0.7511510629717559,0.7020583321388598,0.7536672913792398,0.7430470843984806,0.71080357969309,0.7382034994610331,0.7732888220463789,0.7406799158709902,0.799484003599654,0.8459193889137075,
pre_model_seis1_20250809165439_317.dat---0.8944417060258001,0.8988907023487027,0.8807342339143286,0.8994008333546499,0.8257590415425721,0.8289781177087764,0.8689258006890546,0.8765570306111808,0.8466430159740022,0.8833078408260092,0.9476609669462479,0.9501983377649311,0.9859310145862012,0.9629627026018239,0.952935635765125,0.9480840746557138,0.9571379046446595,0.9654766588776036,0.9610562550065138,0.9793728708702383,0.9565985355534147,0.9634018883292682,0.9567511806706113,0.8926754771885097,0.8511142608299225,0.710506814154212,0.6121942707542496,0.6364681925914754,0.5695918715984455,0.5359536333379569,0.5495680705847213,0.4964808330069668,0.5168553927212892,0.4267563416612941,0.38991974461316425,0.3409142537484425,0.4007593090576025,0.4322604696682443,0.49066079886391595,0.5771554171646617,0.6271172745852218,0.7621502140340908,
pre_model_seis2_20250809163912_386.dat---0.8889919690036913,0.9121573460535264,0.9078274821408189,0.8605537168150523,0.8913541976993481,0.8734498282131938,0.7820066317130198,0.8334305400763519,0.8679330619249713,0.7673693909001139,0.8784711073095537,0.9530088189270042,0.9368479451632833,0.9458352965078946,0.9047449776986447,0.8491673926356429,0.7860218871762432,0.8036882475567357,0.8415157982350723,0.8386581974261017,0.853626111048075,0.8628332214934004,0.8325772795897536,0.877723734175889,0.8873625203849658,0.8846303449865169,0.879384778001716,0.8618915689763951,0.8746371625330785,0.8930842027788494,0.8863232019447754,0.8933214900279056,0.8937039081842688,0.8772672715313322,0.854637242655663,0.8312108859504019,0.8007842040756423,0.7361206726771099,0.650972280811461,0.562116789444047,0.6026179213073054,0.8443868445306051,
pre_model_seis1_20250809165436_506.dat---0.4364315032417819,0.2010895828976311,0.44233285351265517,0.5380430389920347,0.3578350327886451,0.3747102835705234,0.4433412156226656,0.5321113114446832,0.5508184066932886,0.672190991855247,0.6903439232350472,0.6366077213998431,0.8020152635761912,0.8940494363013527,0.9497353705297806,0.9255693151823776,0.9596497258611716,0.9229438504717729,0.9252076448780695,0.9408484979821634,0.9252213753232219,0.8332171345593185,0.8909838519512628,0.8562806286299999,0.822348014580139,0.7828844120772861,0.6198496196285931,0.6542274252954494,0.5070312877853128,0.3894388300200101,0.40376399290159515,0.5187975620330504,0.5150190364384682,0.6348308981482645,0.665482027984134,0.6772436291822129,0.6696075959922806,0.6932023496337382,0.728661078688118,0.7313425242660041,0.6372956110956697,0.6671366794207574,
pre_model_seis2_20250809163936_790.dat---0.8547899042546081,0.8495827217173677,0.8567636886677806,0.907144439823773,0.9109051634296906,0.9246017489889594,0.9189194753194437,0.9084796463107819,0.9729213050916665,0.9805439995808232,0.918212405589959,0.901278558887778,0.9321231771475269,0.9324731088814282,0.883566382165356,0.8675772528059755,0.8370928708320017,0.6372760789003317,0.7517527610804026,0.7456274988205868,0.740751393408091,0.7576900158689734,0.7621451021304803,0.7544880319858811,0.7581449533806373,0.7963078439183408,0.8030090974286048,0.8074154598071709,0.6781235797482918,0.6695564408087197,0.6077466013631211,0.4041231022285889,0.44862496064598556,0.4140033925476171,0.4304994347890461,0.40008835688528066,0.2944949418247447,0.24948926868476307,0.3371944968245495,0.2082826322445008,0.24079028476563372,0.7086488190142746,
pre_model_seis2_20250809163912_79.dat---0.8328324288205964,0.7202216785062843,0.8950552634261555,0.869397917556018,0.8429144587869946,0.8379936417650584,0.8952947689280999,0.8917276772916095,0.8911597688420013,0.9007742874526562,0.9519864077386946,0.9338586005907434,0.9579762699456438,0.9231843250400262,0.9234858004141913,0.9475312943323344,0.8978878941360433,0.9093857994569171,0.9258415710152627,0.9107068788552881,0.851620661721143,0.9125835887728948,0.8660632660705713,0.8552454636006325,0.8892040183811543,0.8894139239572262,0.8996841229184799,0.882476245875778,0.9041353650058419,0.8915824064989386,0.8684950699737629,0.8311704324700477,0.7735613664322664,0.6922140764189629,0.7183293375434577,0.633916281300303,0.7134221442911937,0.6604505824633585,0.718717640571095,0.6577893176757297,0.6616976789628957,0.8446582859464962,
pre_model_seis1_20250809165433_673.dat---0.7922502176426792,0.8593464996452643,0.8551862415703264,0.8471787432123868,0.8571925904855517,0.8462002116719074,0.869527151898076,0.9126033597908851,0.9147098164204194,0.9544668458181699,0.9481489857322688,0.9786485591188269,0.9854335641325983,0.991215390822285,0.9888506525685993,0.9369472342190014,0.9454972191683471,0.9524193170893025,0.9605360095999129,0.9055728582469529,0.7705919728019162,0.8211568228691851,0.7611384483608973,0.7467247178019969,0.8290195032688117,0.8187899926516321,0.7555457394464895,0.735348462240095,0.8004575897563416,0.7932495672023849,0.8133053623245529,0.8574987775293418,0.8330324041912803,0.8444106800098842,0.8789522403504094,0.8831276490617581,0.8787337428182843,0.8475023752032141,0.8750716304826688,0.8906213011188977,0.8972664852699799,0.8691091935027749,
pre_model_seis2_20250809163930_107.dat---0.9060586361811815,0.9425646136738295,0.892799813091157,0.9230040934003536,0.9088560308714868,0.8774060857927923,0.846763557851433,0.8341531699553678,0.8402869789314826,0.8607717631085641,0.8469833292053028,0.77582954257589,0.8336032275948521,0.8392394327525162,0.853806104383205,0.8950962406486516,0.9145965207708172,0.9317289058175522,0.9333172715340723,0.9289223178044325,0.9140489866375476,0.8378772857601305,0.7729322941544613,0.599258780370131,0.6367480368816401,0.4329101022364749,0.4265552125269864,0.43186957456779385,0.472115844984816,0.5043507355708611,0.5465208670172433,0.6248811570549665,0.6548859450917951,0.6681220721619835,0.7211603059657725,0.7085691391227968,0.7068836889881135,0.6442661615423333,0.5848617607747111,0.5481783907274675,0.5356207895461783,0.7453269455519302,
pre_model_seis2_20250809163921_729.dat---0.4879014203587539,0.7322444407850092,0.9291323484549597,0.9254584759399433,0.9357873187897968,0.9042273161015151,0.9466744857688992,0.9647772398229647,0.9671715466240666,0.9701288406208903,0.9709773955822909,0.9678128945467697,0.9686112608632469,0.9742674868703574,0.9853574456501073,0.9780196253346372,0.9372737305149414,0.8991229430972987,0.8028500729435925,0.7190785581506284,0.6750787289395868,0.7031951457358679,0.5760320108600896,0.5658043613574332,0.6046529857783028,0.5902643797714833,0.5851580324788035,0.5976977079034895,0.5600147785788228,0.5111388308768944,0.4605430287211272,0.3189331531731259,0.2289088552871315,0.2553203142841853,0.19617759858495543,0.1622168322004897,0.17132888081923422,0.16426110163434432,0.1739589816163135,0.20767294995819585,0.19614531331823054,0.6456433858219213,
pre_model_seis2_20250809163939_297.dat---0.8366035789471152,0.9011493247658158,0.8875633368469252,0.9337749760924391,0.8868000831893763,0.9185458962807446,0.9021741169496151,0.9232903726224136,0.9364972364848858,0.9366723277451883,0.949709778774009,0.947452878697143,0.9320404155378693,0.8818995547377498,0.8143509841603169,0.7607171412175597,0.7125412322415522,0.7742070599106525,0.6352194739062761,0.5710435687539306,0.3560414385246681,0.4402381327771577,0.43782620266758343,0.40348320037763724,0.38541299877249763,0.3907467587772824,0.3498514393676082,0.389179854473052,0.4490341718475134,0.5220027422029209,0.5062245882127039,0.5394330041806118,0.6877410040303513,0.6934089376568842,0.7044850623199539,0.7481339196306638,0.730626317412117,0.7409372325768941,0.6236418414067403,0.625918350372235,0.5340063211349488,0.6902591916239904,
pre_model_seis2_20250816100706_47.dat---0.9455016589029628,0.9513531988720764,0.9514618637984246,0.957191926951397,0.9287630991503354,0.9213052793207133,0.9373789347825215,0.8780091125993311,0.8561035557465589,0.7442569646081191,0.7942156091729565,0.7258674777882232,0.7148964295053232,0.6487583800419066,0.7096596211779834,0.6991214517507843,0.6413827651154915,0.6703301169547041,0.7968851904815906,0.9137658581304403,0.9079831546753062,0.8901118221477045,0.8648651710887941,0.8700348016447015,0.8664030911409657,0.8726154742818376,0.8452303548786254,0.846369623035543,0.8227736004852575,0.7831754759507068,0.7704179723534132,0.7930115200812549,0.7989037983809417,0.8051349937803816,0.8629801076045576,0.8811972000744606,0.8143510315664372,0.8377630115341476,0.7502726031521431,0.7118336689331621,0.6936736054818392,0.8213490384664398,
pre_model_seis2_20250809163918_64.dat---0.9641920995679746,0.9883252955361975,0.985005237607421,0.9806921993001338,0.9791232096865847,0.9665684487846256,0.9406609012702682,0.9609802622556254,0.9561195055961322,0.971214427685294,0.9732610484008057,0.9715980138616775,0.958558889094965,0.9543361326322793,0.9555767401829711,0.9612013396072281,0.9639610846114054,0.9898050823152728,0.9744915692615737,0.9621737063064439,0.9580766749991545,0.9537909425552369,0.9612365563790444,0.9600310502672831,0.9637749210829709,0.9553610714303249,0.8960481109141403,0.8845209586506474,0.8823955235413163,0.9114890355777576,0.8886025729533706,0.8724909776057639,0.8366515963752529,0.8150498004094556,0.7733714827534055,0.7385505400646529,0.7262189932660164,0.5859112712751806,0.5372003017791681,0.5000198131263558,0.509380038070114,0.8894638396741826,
pre_model_seis1_20250809165451_678.dat---0.9290046811521802,0.9303413737889744,0.9189303082550949,0.8926041696897152,0.9130701471745943,0.8881525593805615,0.8919862777635905,0.9004428280619448,0.8938841188188383,0.8056303670069632,0.7800210642311721,0.8409439472329775,0.8969539251937271,0.9284223371076455,0.9481891347644128,0.9710620034339293,0.9694296825248735,0.8772112700654701,0.8477940749430486,0.6976309884327325,0.6870080990294742,0.6831461399776427,0.593056178548012,0.6151033708979137,0.42585013861465115,0.5246859530979788,0.46423855379257917,0.6864710770818141,0.7370402370645133,0.787099804817061,0.7665773445532252,0.8055415302437111,0.78028449179555,0.7701124495438282,0.7525767378749798,0.7375732014248587,0.735306801242074,0.7136434777352463,0.7261503547712524,0.6877008203565319,0.7161441616155514,0.783341858124412,
pre_model_seis2_20250809163927_802.dat---0.9135189453012967,0.9398958008311921,0.921365097737671,0.9303791780016905,0.8942681137355635,0.9232018889263168,0.8454798077394285,0.887659560814954,0.9210597170499509,0.9266240472770672,0.9085365014020744,0.9118261676868965,0.886893325536656,0.8867881823511362,0.8633040773538613,0.9408095014363463,0.9698509485921332,0.9785772822676089,0.9571449254300561,0.9373115085703194,0.887645855985913,0.7607331363259805,0.7544272045959146,0.726763460876701,0.7229785974716426,0.7338196991378592,0.6449576782020411,0.4559268990059683,0.5177067969213712,0.46729329223819877,0.357482861303851,0.391733060931911,0.38244953458963793,0.3108786772496442,0.4283697840309561,0.4166438431774196,0.5744717773736003,0.6233879374738502,0.6383834921231732,0.6829319875442506,0.7105884286124831,0.7447333800784045,
pre_model_seis1_20250809165439_416.dat---0.9556934670530207,0.8594670947781693,0.9181084150466362,0.950010731087019,0.9210323141235256,0.9456827727419935,0.9071495923845841,0.9430442685432117,0.9505621079039784,0.9350574078598596,0.9403803603799246,0.9370766330571161,0.9064673974496799,0.8983771668560459,0.9296075334078338,0.9096681609072799,0.8867996640533072,0.933044052279956,0.9781051204412786,0.9542853680991522,0.9434980149087565,0.9035272813369897,0.8708201789380692,0.8453314589544799,0.8293743783313686,0.8220615608796308,0.7533988212681669,0.777597495348923,0.7988322738688469,0.8031098375206102,0.8156817027519142,0.8427661391877977,0.8337953596742551,0.8632011408910443,0.8609817920614389,0.8360508357091214,0.7933989518156356,0.8302473941546152,0.7727746985207058,0.8187485593567086,0.8204907709566035,0.8779343481680304,
pre_model_seis2_20250809163921_436.dat---0.9385967511256011,0.9620621154533927,0.9555760692086394,0.9338989812583642,0.9252050755721407,0.8993169770921996,0.899636707305798,0.8990188908823749,0.8780829776477261,0.8388182966099256,0.9113549421101598,0.900303164600226,0.8463111197134187,0.8238761540262712,0.8192543895912217,0.7641272178112523,0.8871111581500125,0.9234333646699764,0.9099687270319957,0.8300097861073864,0.845745275652333,0.8414007212834694,0.806884504205341,0.8755570635132384,0.872398558624388,0.8927850248765138,0.9073716628649159,0.8833530139127066,0.893266253783937,0.8968942953190739,0.885513765952415,0.8717637027298473,0.8447618118065356,0.8441892576633614,0.8293088628104635,0.786855935211875,0.7956498120304153,0.7403256129170219,0.6305594441746523,0.6891661611444176,0.4499712097317702,0.8495045077116286,
pre_model_seis2_20250809163933_793.dat---0.9464871259941074,0.9284656618700808,0.9515941935682525,0.9287865582154974,0.8847353929103611,0.8835443843165659,0.8863833441492909,0.9093580616676705,0.8851632536886728,0.891327231552468,0.9374097491794938,0.9382593659465204,0.9713843981396237,0.9510854687760807,0.9499259622556873,0.9410205441911138,0.9650249907910579,0.980351067008501,0.9905167305237956,0.9621665611888105,0.9678274547463754,0.9585996457080886,0.9598293645259572,0.939108603697296,0.8288478047531691,0.8142480681066718,0.7675545675629712,0.6290099379594486,0.734219038830403,0.7006256990314046,0.7265496818209249,0.8482330006401189,0.8823132371917813,0.8821765908580538,0.9207775744220424,0.8627809652908274,0.8554437521017653,0.8816230107316734,0.8419274963200923,0.8441413257258983,0.8284199007361929,0.886762116260849,
pre_model_seis2_20250809163939_644.dat---0.9586892017893685,0.9410599995557934,0.8767227221902153,0.9342036280724912,0.929102748760064,0.9122025031094502,0.8988821524242202,0.8813692024135842,0.8638792044112485,0.8526800968535482,0.845153777818638,0.8426504775281951,0.7871954172804468,0.8845194210472868,0.9353076573526072,0.951170969629999,0.9325205425080781,0.9189640704283881,0.918174151285242,0.889320156560188,0.8543023887499529,0.8465789729308523,0.7817673143628908,0.6945127306431497,0.7012054803051289,0.7365923167836801,0.6229755959321839,0.5089568142383152,0.4767154565659848,0.4258162643838674,0.387309761737615,0.28228506261901454,0.31046301025690815,0.27780432036957475,0.23957563136268248,0.22558831573767785,0.21234693077030448,0.22906487835689632,0.19611920283211173,0.267769729880576,0.22258931500650164,0.6696123803620714,
pre_model_seis1_20250809165454_237.dat---0.8674857688335562,0.8623589827782558,0.8257573727816001,0.8528445254448365,0.8670235399571316,0.8298626263762334,0.8176042816099127,0.7981107976777574,0.7647233215686946,0.8217451112700319,0.9443044186754918,0.9696365371892445,0.9638242895083936,0.9840659614351712,0.9905449681875234,0.9830623485662938,0.9825529211476888,0.9478661396587209,0.9229612903429021,0.8813609626325749,0.8571745012748218,0.7626320515053655,0.6633302722428382,0.7820922914184419,0.7697486855390651,0.6868090438607654,0.6235720388732138,0.5634151808356701,0.4987132013313727,0.5594612904817011,0.5004331501313921,0.4635098044504754,0.4901441106922335,0.4730429217845088,0.5023983244493823,0.5050749866406647,0.5666952167354845,0.6913909001633639,0.7619886337363352,0.7871903823713355,0.8149245846227858,0.7610106765556884,
pre_model_seis2_20250809163924_209.dat---0.7663314700390201,0.7660754457389775,0.7202845599865444,0.7777657896431098,0.7714664901146021,0.7971741086624771,0.831870229902762,0.7914947711198648,0.8085367839366727,0.8038326545866697,0.7448470687509632,0.6529831551503146,0.6735090275476917,0.6995524841271185,0.8043745169146684,0.8446676667726396,0.8630551035686969,0.930809774016508,0.8663943731783564,0.862439957504917,0.8264805249828213,0.7888966918412704,0.8635830343800905,0.8746772330465267,0.8323912801704967,0.7742457682322909,0.6611191361844236,0.6869283946113849,0.6238307169905142,0.5901236877014537,0.5137547360510606,0.6197231138727674,0.6635651359293534,0.7583807846261901,0.7825069874388139,0.8713710267994043,0.8727922269519865,0.8968468236294515,0.8336546712664089,0.7254424150910449,0.7322955373118564,0.7700018380090778,
pre_model_seis1_20250809165439_699.dat---0.7414555698847117,0.8945672816203118,0.8817834203785577,0.8241282656333588,0.8515376593583945,0.8415472904962668,0.8130746455296243,0.7783011576314177,0.8446867495074287,0.8856425760572539,0.8155628040516582,0.9148194213899042,0.9519704501814513,0.9670513710216285,0.9633378670680819,0.9888845370756145,0.984659637917002,0.9624422382113964,0.9302775876125137,0.9099264917216765,0.9181045518021512,0.873907023675584,0.8403896261063202,0.7552523367104775,0.8377719381456085,0.8666936309383376,0.9073620824139121,0.9142186110180109,0.9324510441748609,0.9153608536967641,0.8728556845826909,0.7682701418161646,0.6895291986431096,0.6018655270105374,0.6118322248281514,0.4306948038003518,0.48570037057814475,0.4947658944467184,0.43120939988579726,0.5154033217651813,0.4602595829647694,0.8016964602768757,
pre_model_seis1_20250809165430_220.dat---0.9109927205449627,0.9564941441686599,0.9652837233034869,0.9631062287423615,0.9300504325102037,0.9384076392312155,0.8386049444855906,0.8878129433206203,0.888099833091001,0.8355586463425704,0.8375161787278882,0.8464063145558148,0.8261574317273706,0.9294935630687889,0.9182183804893643,0.9456918136434656,0.932431941042948,0.9249094755744175,0.9168031501111713,0.9175852330265662,0.9155874385856312,0.9276865302743663,0.9262735915488444,0.8940154318855438,0.8911227550769452,0.8335214506612943,0.847295675304995,0.8454522717376527,0.8553497138327268,0.8468690970671954,0.7870488209028954,0.7751366838657945,0.8142433936067289,0.7969118798515921,0.8011654161497523,0.8073307257860405,0.7314101031103721,0.7676047470082659,0.6952581148412564,0.7012385768416727,0.6452891544569085,0.8589130807342672,
pre_model_seis1_20250809165433_789.dat---0.7424229549719151,0.7969527933411945,0.6314901679983549,0.6368012667772454,0.7543229188728556,0.6222883607813733,0.6280986157591553,0.6582783853792696,0.7208503834453803,0.7240371708019225,0.7836826669365569,0.8229159014557866,0.83695774165224,0.8581483703166739,0.966962840285152,0.9808044999005262,0.9695652512754555,0.9390356348688522,0.901116408372426,0.9005554758649189,0.8556137302849178,0.8565062773520132,0.798578075145848,0.7908801177401887,0.7743435841310402,0.8475599865041509,0.7416930475343458,0.743158746774921,0.8201677017552854,0.8756009790173068,0.87877494958972,0.86225161807276,0.8716679716717868,0.8091414775710737,0.8040251759303665,0.7533082906354149,0.7187844598793739,0.7353023233620615,0.7380256350340828,0.7600698913680952,0.7319894098965936,0.7961641770319171,
pre_model_seis1_20250809165433_11.dat---0.8896621916074701,0.761492257762972,0.9040785115464983,0.876519859540275,0.8343452686225944,0.8993959211068583,0.8665789720210347,0.8900978614623714,0.8870183999589706,0.89134424477039,0.9103755050269111,0.9039372944547973,0.9325240496629406,0.941032407544174,0.9420963757468537,0.942241847028478,0.9249630700256335,0.9930540131310293,0.9310536577484965,0.8080921632179606,0.8317215731485557,0.8422128070938262,0.8835663683671293,0.809427826685989,0.807340814041178,0.8208244643699479,0.7222422299216964,0.7077115582541866,0.7099148875663942,0.6289249894504402,0.691373195062258,0.7509380683249941,0.700373277028034,0.7671103985051491,0.751672633712202,0.7763321777355567,0.7617827106466207,0.7614925366091365,0.7182814903437988,0.7343420137043044,0.7329618778591043,0.8253768724492007,
pre_model_seis2_20250809163930_876.dat---0.7503516344635519,0.7712199749158101,0.468449746605512,0.7526384007604998,0.6956799923644434,0.6776820327916967,0.6963251426534498,0.6035893408785156,0.7036509659561047,0.7329811662882927,0.7397431129851073,0.805696343708072,0.8276206379095085,0.9037173176713771,0.9789258689112225,0.9520698760090477,0.9512193161027368,0.9695483749400775,0.9476525172820894,0.9323165530098355,0.9088825561500139,0.8046575831834551,0.785389911685262,0.7406118180366761,0.641578650608848,0.5356118836042488,0.5096779547900817,0.39775891654608064,0.3885389380492132,0.3600038191172515,0.38257525743973014,0.458089555492231,0.43721077988365564,0.4736385770751435,0.4647564095126824,0.48153912707825725,0.5345286321818223,0.5656053284315411,0.593104467803064,0.5886806484201696,0.6047204426737391,0.6711765749748808,
pre_model_seis1_20250809165436_656.dat---0.7085055453283845,0.7130199011365237,0.8032496918679928,0.734085307286355,0.8047486473815715,0.755357308901579,0.8120656073335027,0.7377371909621289,0.7881032082920906,0.7220466832757896,0.7724678964363441,0.9242680804386497,0.9350936747185239,0.9480342173315551,0.9528305919422608,0.9757560456033367,0.9935384487410506,0.9514298487838124,0.9344943230364416,0.9725724197809387,0.9822854220143463,0.9541561432867055,0.9238957717177172,0.9328058736291307,0.9377821903775946,0.9501234139551227,0.9419686870214904,0.9325463291248782,0.8308006191694118,0.7434208518612372,0.6221864399214254,0.6738052011219029,0.5975232559680772,0.653286861645562,0.6687587137373383,0.5809433921328971,0.7101999307227541,0.684221792562019,0.7501732849238443,0.6821557133488715,0.7491287474710536,0.8156481286412736,
pre_model_seis1_20250809165430_875.dat---0.8603922479159621,0.8008079119791235,0.8328783156828409,0.8422813881209,0.7855858750872933,0.8294160844284039,0.870137067019922,0.8363487233105945,0.8241753005018289,0.840440876763324,0.8721323221742727,0.8451577794529663,0.8188696570057831,0.7777416125236591,0.7139000212570387,0.8032934867994782,0.8642017158622217,0.7904596551485183,0.7758124589852088,0.8956573510320204,0.8741569018409099,0.8289183869260124,0.8567544936554365,0.8334794101719816,0.6847868423263719,0.6295680362048448,0.5524016370898018,0.47279764085592274,0.48376628377060604,0.5303516666746635,0.5447630465231522,0.592130306626634,0.5692144555324387,0.5620736985529048,0.562724339938373,0.611910647286308,0.7147530128114783,0.6682096424198612,0.7269761135634928,0.7234808510863704,0.7089544466582158,0.7368746758918815,
pre_model_seis1_20250809165457_158.dat---0.9297521848268391,0.9233373695285619,0.9438396964643859,0.9630826796162074,0.9577990105613855,0.9540411840573937,0.9587117856881436,0.944859594907108,0.9743353364903836,0.9787435779996161,0.9683208118992285,0.9689483038445719,0.9525230717043761,0.9174465513306463,0.9017769597384752,0.9263096062078767,0.9502708666775226,0.9062025067203843,0.8193907272486342,0.8299159274021243,0.7356315148252168,0.7413729136743772,0.7304352997823421,0.7051652811817268,0.6913911474475187,0.6174793834575186,0.5908463861053987,0.6783142130327863,0.684819277990135,0.6668675544609752,0.7196683229119639,0.7911301916480356,0.8281539463116881,0.8165871078530682,0.8037210587743487,0.8031084306108357,0.8580215204882402,0.8452292623582279,0.9010260283971562,0.8773582012966001,0.8661565786884748,0.8444412530295243,
pre_model_seis1_20250809165448_707.dat---0.8842781891397659,0.9474697790772109,0.875227670986382,0.9024678294299799,0.9084784428651559,0.8368874170259945,0.807062590775791,0.7676507665411972,0.7850181634647004,0.8420117658673644,0.8484068816970646,0.7999971324528259,0.7968600377034022,0.8438841023353595,0.8893953265156296,0.8977118699321055,0.9231323194076549,0.9188817958893296,0.8895564478689627,0.8992037248697097,0.9153006602560839,0.9368580830185208,0.9338212050330035,0.895412570729205,0.859908915406957,0.8529661869542842,0.8238761007486342,0.8053421634592418,0.7894871867027524,0.7583190489494712,0.7297566390536265,0.749107730209976,0.666268483623916,0.647185198399758,0.6158781455257114,0.5812382701417808,0.6459573907416982,0.6686056051411066,0.6087219622755555,0.6428416716646729,0.5951746158532549,0.8045270753106049,
pre_model_seis1_20250809165448_71.dat---0.8695497354204954,0.8831423458899151,0.8730563838138288,0.8082938270749802,0.8603863047620744,0.8222402195217677,0.8451570593202041,0.8158343579044088,0.8268795594006147,0.7697017208685621,0.7733929043230641,0.736380784204113,0.7177389755171167,0.7439660445992717,0.76894135509147,0.8216134389455018,0.8380818555105886,0.7397677780620641,0.8331228458174017,0.8208722141360908,0.7380913808263708,0.6687484449244582,0.717213506877481,0.6894176940678829,0.6783601492143412,0.6998745649898762,0.7305986844614646,0.7368049570113708,0.7973102991973156,0.8144897836081115,0.7965442396669014,0.7244707172171001,0.7898894902060631,0.6808823438435279,0.7726091518166065,0.7555311026658137,0.783307532225377,0.7923047550540518,0.805428572906435,0.8118723920115862,0.8037653794994335,0.779405728109149,
pre_model_seis1_20250809165448_52.dat---0.8488913359748753,0.8983451101399034,0.9265901728300353,0.9081808941931353,0.880523782612003,0.9412894254124269,0.956709495636033,0.940661382737215,0.9598021806447301,0.9614255377730988,0.9738733443144724,0.9897354096017063,0.9804307505075848,0.9575986879918712,0.9394513954998488,0.9658699248824941,0.9121058365623025,0.9033211186902171,0.9018122368741641,0.8798536157527123,0.7994185669962504,0.8131715425800812,0.8223374426345138,0.8922880253936863,0.8989434294648014,0.8746958743399812,0.9378800175787114,0.9171190409150927,0.9022008932510355,0.8780898959617339,0.7846036525282615,0.7454081976116925,0.6723642939663185,0.5420750382843774,0.5132332790477105,0.66085031146626,0.7188442858522717,0.7486379749254657,0.7822218678544037,0.7548818731291421,0.8548935247473854,0.8570885528575609,
pre_model_seis1_20250809165442_541.dat---0.8975445479590329,0.721848332345398,0.7714256238199315,0.7693332950442223,0.8171742232745913,0.6734533972678753,0.6775782904845807,0.6246649571537043,0.6907498404625226,0.8569128073407191,0.9351452777295928,0.948168452378682,0.9457915238101402,0.9099839899325503,0.8861645572251933,0.9151823500032475,0.9321292305093636,0.9046514799762876,0.8735939897118496,0.8101223749532357,0.7668423403174545,0.779052778511592,0.7052763255905999,0.6464955038067269,0.6282026567509755,0.5747579866253644,0.5884882057393226,0.5879677220181763,0.47547553584496494,0.4543818000958263,0.4216319615298531,0.26219276213304404,0.23678680664568055,0.116288102339202,0.05855964617142261,0.027091769216709367,-0.04843803794497808,-0.11069890017455701,-0.1174879684862937,-0.044152489867661675,-0.040851687936622125,0.5738897892758419,
pre_model_seis1_20250809165442_559.dat---0.9259915466360779,0.9048102796924734,0.9239863541317797,0.9185178881984415,0.880856622970047,0.8899609910985004,0.8424833827344721,0.9091473876605511,0.9067441405293846,0.9219298002618554,0.9255822129250195,0.9514003928303122,0.9386952940772267,0.9134579745978294,0.8625611149459324,0.8422500114405642,0.8499354439935165,0.9103386080589834,0.8321263657476986,0.8345969357012418,0.7447242193293219,0.720710555164357,0.7630543029229462,0.7899992585481699,0.8393192657973001,0.8823763677597855,0.7808870704333936,0.7519081570587675,0.5042266582879543,0.47109435763409035,0.48746540728550064,0.3710087202143996,0.47724873200524065,0.5583569698665445,0.7122413422947742,0.7296088339615763,0.8382142621838661,0.8304513865592654,0.7606040502402744,0.7214329657321624,0.6715379959847543,0.7876059421340574,
pre_model_seis1_20250809165454_858.dat---0.9452022924070386,0.8953085844578434,0.9466227878643868,0.9353018923261359,0.8983214632192308,0.8927215530901561,0.8838569756376932,0.8130273833732646,0.8392691903421139,0.8015136128816892,0.6703867371082087,0.7705652844409013,0.9721194371212828,0.9858729805806928,0.960312752488703,0.9097474466530168,0.9215445410482898,0.9037928574713239,0.910614087230404,0.9169988037107378,0.9055792987143733,0.8934593554423939,0.9431774766413138,0.9213138807577472,0.8844445479234646,0.8592301042147531,0.8237575964757167,0.7402764639362326,0.694968481236949,0.723175384732091,0.6742348565563492,0.6471185795320471,0.624801469843676,0.5876052017320824,0.5510035433645005,0.6589373267135878,0.6989721997145188,0.6700141766747766,0.7523945608116348,0.8556925676311677,0.91961342185894,0.8244602721454005,
pre_model_seis1_20250809165442_542.dat---0.9106918616535414,0.8454975591809956,0.8570613244485962,0.8302465378562258,0.8685523730816695,0.7629384620452535,0.7918245600608742,0.7892862646808343,0.7450004340137074,0.6799519831273361,0.7940913586345237,0.8716974915091265,0.8349284523870117,0.8070900297016637,0.7808013615781764,0.7929572249437739,0.873276904254155,0.878489196541732,0.860146616790439,0.8732004274444366,0.8248726561796352,0.9118219858390768,0.8059623156770406,0.6529234448020576,0.6371991376788614,0.5919434486350856,0.49403759727929053,0.4427585505812209,0.4253883367071387,0.27677680102404817,0.33718062226448214,0.36637357723638414,0.2916237469627979,0.44184526379007366,0.429424773503431,0.522520300507484,0.492544051132962,0.5456268564845963,0.5483560069493658,0.5713917841786105,0.6368775810117386,0.6754921771307185,
pre_model_seis1_20250809165454_268.dat---0.9593747835629074,0.9619693778314261,0.9515595548427996,0.9652519492533094,0.9556457476382354,0.9542023435881587,0.9594706359734988,0.9596399417764648,0.9494842757481373,0.9427346294039993,0.9477185426085893,0.9515070569058932,0.9537527010614523,0.9498182720510536,0.9290130578045994,0.9574840241491988,0.9708120600997325,0.9644098062732098,0.8748073764680356,0.833301417501,0.8199830625304246,0.7851970944718646,0.7936096444286017,0.7679618718156458,0.7398943371175615,0.8364632642876466,0.8672180308991285,0.9105675518624958,0.9419660558549445,0.9499163685908253,0.9335640720364534,0.9310539718298513,0.9119973660167962,0.9032068820155279,0.8584126326090233,0.8171385961444991,0.6933449623161948,0.6454321577251767,0.6385486256073212,0.6362861690757846,0.6664970267563319,0.8765906658178978,
pre_model_seis1_20250809165454_883.dat---0.9392291089767466,0.9510554159133041,0.9626134833723669,0.9688901211983766,0.9648453970194536,0.9632885891364824,0.9558905502515337,0.944616739767781,0.9419137975401736,0.9503057021024528,0.9586374859893233,0.963177852277976,0.978940934286381,0.9735067171214666,0.9788913915228008,0.966402554336023,0.9738882844144904,0.9727746695056559,0.9761856604931233,0.9853726254137115,0.9704302146933516,0.9805406113870663,0.9674455120060501,0.9794956824479956,0.9577120496558087,0.924939039227004,0.919602058601613,0.8775603649564028,0.8884958945190561,0.8649442736823143,0.8954489384941889,0.9154945686846757,0.8745314282700657,0.8854036089560866,0.8816759132087804,0.9141729027330201,0.9451098165097543,0.9182896585697697,0.9382199946598817,0.9375183833094047,0.9334939282035896,0.9424622420345243,
pre_model_seis1_20250809165448_492.dat---0.8798511509469078,0.9411403773876298,0.9440432583772012,0.954183546432745,0.9531893282628513,0.9569467889040099,0.9644798633416864,0.9430516546752876,0.9508975138844187,0.9426190985407427,0.8841161510022181,0.9104667925170329,0.9673866410212185,0.9728357624223225,0.9543158608193886,0.9674923400009028,0.9636473112107898,0.9483289400148747,0.9304727290475728,0.9320295217091038,0.930239866344465,0.9081793433455397,0.8906953098218997,0.8723446887395936,0.85788483158695,0.793033172509708,0.7646648830563165,0.6895028809383815,0.7002854359106119,0.6104699297250854,0.6039285177905813,0.5838151413550531,0.5131210175307197,0.5236750875311876,0.5268600537953544,0.533459842056244,0.5216365723575964,0.5534800302063342,0.5781305027807557,0.6653126055520677,0.6509362520841898,0.8081256242814034,
pre_model_seis1_20250809165430_864.dat---0.9039990813480842,0.9076989769169062,0.9402524706350129,0.9176365898245028,0.9301812596915403,0.9346829021455471,0.9360926485935013,0.9182391714437257,0.8932174820347573,0.8945516785518014,0.8655964621430238,0.8293979214409888,0.8564482023449422,0.9233959787884409,0.9415047576726618,0.9370643429017542,0.9451893069104333,0.944222983306641,0.8973595583091104,0.8653468964808257,0.8829890036778169,0.884343605280887,0.9139749404851736,0.8393929263926476,0.7543304870789861,0.8356732734692824,0.688306014439212,0.6872589890455101,0.5889024319274518,0.5709818699780763,0.6522063170598976,0.722059901681004,0.7501881486639514,0.7058742828789307,0.7214233488875073,0.7952569950606407,0.710479846355053,0.7441394997484012,0.8527250084248421,0.8806023100698683,0.9179009564060194,0.8361241177681796,
pre_model_seis2_20250809163921_438.dat---0.9356441073604463,0.9237046149366406,0.937591280485122,0.9069043959351848,0.9316679260551347,0.9082360512778224,0.844834586942218,0.886537465894278,0.8941577562484537,0.8703067914489209,0.9181557161465644,0.9397788000901943,0.9712592438454413,0.9502824227410982,0.9139112614960285,0.8996140083494131,0.8778696580498532,0.8652726458731903,0.8351465453406228,0.84445896062109,0.8004709522801817,0.7991147287800417,0.7061536102879099,0.6542921389450921,0.5960073871010627,0.60114281544786,0.6252899360892983,0.6154356970126433,0.6327655230979778,0.6398285982640157,0.5887465703146451,0.5698088770184215,0.6028584454642539,0.6186850407059997,0.6458270514869228,0.714131376408861,0.7388499893264711,0.706899752822495,0.694182874617332,0.6211864566008906,0.49355845401602705,0.773672451590881,
pre_model_seis2_20250816100706_58.dat---0.8993165101203872,0.9065963351466315,0.8643234631086358,0.863111073416267,0.8231250127294063,0.8549712072816218,0.823176574367097,0.8239177099552827,0.7898634968913143,0.8400269276824502,0.8907141161252228,0.8254399490212295,0.8031514776231187,0.8904581352606273,0.9110098008193047,0.9120299529989238,0.895367548397845,0.9232852175788404,0.9137526157406012,0.9292141488687667,0.904982508450303,0.9228565650811626,0.9011313882620192,0.9125870644038174,0.9109839352654644,0.9053932838103507,0.8796366792661483,0.8586504399801757,0.8336779245617982,0.8328442621032375,0.8254686423928677,0.8402909035173982,0.8140697243523386,0.8211250562506572,0.805994112325752,0.7813161547993596,0.7032669062731629,0.7434491535592691,0.7215313679392895,0.7176296813788291,0.7641246779825073,0.8483868708558411,
pre_model_seis2_20250816100715_38.dat---0.8364529004738807,0.8765372064427746,0.9349786606417319,0.9441206631473434,0.9291032879225057,0.931144813726523,0.9141216261662128,0.9221545270722842,0.9194262603967558,0.882055170012921,0.8147133271248883,0.8766146545361164,0.9227104436439205,0.925740199403666,0.9795465924853812,0.9773434704047829,0.9913033290396892,0.9954177149550547,0.9917496481850798,0.9891948194821932,0.9828659468594598,0.9701645156294785,0.958658370973038,0.9490640824800461,0.9476106374992894,0.9076100502911035,0.8427185295453612,0.8503403956600812,0.7955261550686363,0.7606909736611326,0.6935637547604444,0.7903799188335565,0.7535897273550752,0.6999453610340782,0.7385161170157105,0.739164025509548,0.8037543758118172,0.7866911430456609,0.7323924834784832,0.7492971186510636,0.6305254384915566,0.8692072789492276,
pre_model_seis2_20250809163930_748.dat---0.9611838772245981,0.9529274311876953,0.9400010837274375,0.9402307230156072,0.9594534315510674,0.9437821646011709,0.9261128327536204,0.962090678690809,0.9458747459280964,0.9727270369146376,0.9615160856295973,0.9593161098967063,0.9683270942484346,0.9640893202097532,0.9673950521658781,0.9605787568817168,0.9772887885833177,0.9919362440241165,0.986433406239219,0.950726448677421,0.9310134627920815,0.921858794053378,0.8468013502605665,0.9207846582264224,0.9001555315062728,0.910180202552045,0.9030633191372712,0.8854771007420773,0.8763626160333534,0.8406291246843366,0.8742122045938701,0.903645180778647,0.912736419191364,0.9166697832518158,0.9139568200793529,0.8989851666324111,0.8840955058981534,0.8664264918123499,0.8500516956191767,0.8572212925232938,0.842959779335295,0.9231531173623034,
pre_model_seis1_20250809165445_860.dat---0.7252696639424684,0.8472679685104351,0.7485375166696623,0.7553257694225739,0.8609612929354908,0.6918873959613758,0.8201119851193166,0.7144108002025873,0.7582014888120431,0.7561065753991805,0.7218571136125301,0.6483669954487163,0.8667224113521906,0.8731510505691412,0.8679351351659564,0.8609918978499629,0.8879470071073253,0.9231417937190177,0.9364495715713693,0.9491669108618772,0.940750592043421,0.892179207161767,0.9252843317893378,0.9151149596658684,0.8463845587868124,0.8119864585425524,0.8351479107507601,0.8352636194269547,0.8005610542461519,0.8132185159744741,0.7750856941502597,0.8173534982431098,0.8283989669293063,0.8243879339782025,0.7873413435584433,0.7952738240317125,0.6759496429602512,0.687080295206138,0.6198094457767626,0.5198078932290594,0.5755705928195075,0.7984331874025384,
pre_model_seis2_20250809163912_235.dat---0.8261414561926954,0.899607291566147,0.9168613046654064,0.8956904377839799,0.8370718501580697,0.8993939056992611,0.8944453428014532,0.8978206929511345,0.921347726295358,0.9085836409685524,0.9177443227544344,0.8880138386212753,0.9279112640352287,0.9498219716256188,0.9859989127353771,0.9972858265971102,0.9656220907193062,0.9243648770462474,0.8916462899491987,0.8483665043005869,0.8234005052210132,0.7509775476579956,0.8036214430511017,0.788389086260881,0.7773998034816809,0.6681763278806498,0.6667472412807165,0.631090256338887,0.506802949562028,0.421817097231477,0.3068367451973373,0.3244692068907512,0.23625358286038084,0.19236588514521227,0.19458710877961316,0.1850442568372315,0.25973075318360395,0.26940183612870816,0.363116976199572,0.43492509736280505,0.48398316530729873,0.6898262541298874,
pre_model_seis1_20250809165430_514.dat---0.4234791298626712,0.7325785253053195,0.805995916768243,0.703838790055985,0.8062792530674634,0.7675662089220134,0.8806999935929364,0.8726558194439338,0.9498636549601843,0.9581157987374709,0.9518003490144742,0.9033898197444327,0.9160433379845118,0.9972502686489972,0.9684431251574471,0.9316965972808465,0.9141919238720609,0.9478869082460426,0.9332870391705814,0.8636057072365898,0.8000158514599648,0.8721952899873084,0.8644490054738748,0.8568320694628614,0.6984915291231751,0.6882207519970985,0.7674295329862445,0.7765178709464161,0.8294205815095194,0.8669593685277825,0.8967397150956662,0.9201721261838375,0.9253462351856473,0.9434006958902244,0.9363017729753297,0.9189746492492162,0.8702367351978163,0.7965305213722138,0.6982870186755692,0.6753571132951081,0.6714856817576839,0.8415129825225554,
pre_model_seis2_20250809163921_552.dat---0.9643013266149829,0.9274697559837989,0.9346069164131383,0.9631010713585927,0.9482746590488705,0.9072037213024551,0.9064002028130167,0.8803793141455225,0.8739167866864983,0.8458913168760505,0.8700443040668002,0.9194925892451655,0.9077791686514958,0.979527909004855,0.9817133591949323,0.9808210556298399,0.9774994599253464,0.9684105987597583,0.9630982101054149,0.9480794668333717,0.9247392474629176,0.8310086503960514,0.8684585850359778,0.7995146891186176,0.74624391508835,0.7290814698162209,0.6008187802261064,0.5640999454808574,0.5367940707756134,0.42296382732601595,0.29085415703201334,0.3103690398419255,0.35501412907793894,0.4779445911019502,0.3940843358725604,0.47232998392921455,0.4442771938454736,0.42195142981062433,0.3587779023244385,0.45294327648836274,0.3581394469103509,0.7319126795029628,
pre_model_seis2_20250809163930_299.dat---0.9408010380680812,0.9478177056272059,0.9553279582163372,0.9605416406620904,0.9469711055207705,0.9411810411120493,0.9194417546462066,0.9209945750728433,0.8623304291072068,0.8584036397324843,0.8159765852452877,0.7434777132957286,0.7453366470706303,0.6893801392884467,0.6711315837584791,0.5892361534275513,0.7498447550154366,0.8623296302154954,0.918243263075549,0.9167670420451325,0.890943401240595,0.8843074248778896,0.8399911470649437,0.7902588137317226,0.7660403763732431,0.7299134632032083,0.7477668560447751,0.7155596993581159,0.7315088442539877,0.704141479515727,0.6947208753071475,0.6672552025783898,0.6479911257941785,0.6862493651216248,0.7596485629414682,0.8285275099578177,0.845045792561933,0.8463442609577154,0.8976476101561374,0.9228853170553657,0.928101577370867,0.816594709894387,
pre_model_seis2_20250809163933_267.dat---0.9182781096443566,0.8652620820386622,0.9238407358116871,0.9162544547559509,0.8920458114550172,0.8202400116875354,0.7485510223076363,0.7851565587483658,0.6659121386551727,0.718161289614402,0.6256688023850483,0.7578310864418443,0.768216281419561,0.8515236439790038,0.863959625593821,0.8617272094591483,0.7484620150795721,0.8124297245756532,0.6829781260289817,0.7458526029733256,0.7749327481304914,0.8614673784289333,0.9050748041561253,0.8672127884337633,0.7985286318086782,0.7891567298742277,0.841261989133,0.8229206418768805,0.8254544610853982,0.7817788775014008,0.7351231715050753,0.6697250986328027,0.7359667521917898,0.8047247939993075,0.7089508045681924,0.8655427918904979,0.9285067957111119,0.8847691558036692,0.777457051590143,0.7475098936633111,0.6615654260166094,0.7990239541135649,
pre_model_seis2_20250816100718_75.dat---0.8877378115425354,0.8079140592506538,0.9259671717181317,0.9261893499174815,0.9262974240662425,0.9260379288534897,0.9116526020193155,0.8972003573119469,0.8856652035263468,0.8534350659316874,0.8572752097333975,0.8147635834709301,0.8223652892145903,0.883721555197756,0.788350807823819,0.8120262883089976,0.7611916591395474,0.7598523864091199,0.7250034269382113,0.6768793550265345,0.7208028258365546,0.7124263087029893,0.7552464413860237,0.713409737491018,0.6691038028246393,0.7219763859245274,0.6781572030273489,0.5494970408342026,0.600276969007704,0.510340558192233,0.4863555223378874,0.5234536179061459,0.46966833152445375,0.4309504522919717,0.4097883654897841,0.29355459955651214,0.1865491611358648,0.16679439050290107,0.08668470163315549,0.02878228908832119,-0.019173231449729808,0.6474188294791524,
pre_model_seis1_20250809165439_597.dat---0.6583377333863191,0.6311331458367131,0.6100655359900665,0.6994087355578111,0.8202191351485745,0.7300004225725557,0.8793237557423842,0.9097498503856866,0.9127233449146237,0.9060752557108759,0.891767445015816,0.8007858068289158,0.8404631146829357,0.8911662938829196,0.934585844901387,0.9329703682068642,0.8950782587347623,0.8274994691817057,0.9014248678066237,0.9124206599261129,0.950756250760248,0.912464432339673,0.7237407856739104,0.6116361167898909,0.6794422253981355,0.737609761356866,0.7742326199694072,0.8437103250539287,0.815834874109362,0.8469971134350395,0.84839272661474,0.7414535086197169,0.7140379146412453,0.6544267418336347,0.6442616035028358,0.5318382995760549,0.5300630526886879,0.48180714007285996,0.4210010347260997,0.3724195357175382,0.39145287833241693,0.7515311703811207,
pre_model_seis1_20250809165448_417.dat---0.9402484330787901,0.9236864594416825,0.8436718441449168,0.881898520152247,0.9044394502021408,0.885741318491601,0.7895730868767752,0.8659530823850495,0.896833020142301,0.9050867723526512,0.9587792607908645,0.9680485309312973,0.9571766190463152,0.9783478341751596,0.978537795437278,0.9275500400301844,0.9294336186100653,0.929631308142254,0.8616862893086629,0.8960942428846168,0.9171771493702042,0.8764099348373049,0.9071961929176817,0.8914825476473056,0.898437385791438,0.7724174477288298,0.8073644282344375,0.7425401396637714,0.7457516930884407,0.6941253926136902,0.7116134760280448,0.7491871823906846,0.7043250070119788,0.6749305023227375,0.6552565519662921,0.7054925781900712,0.6331791323912406,0.7013617226977483,0.874890650605442,0.8972214485539645,0.8935569326869847,0.8457642688625158,
pre_model_seis2_20250809163921_342.dat---0.8118947588316454,0.8344594808477359,0.7802244902089384,0.8881683568688741,0.8565499398376116,0.8533934782141951,0.7591427092500743,0.8101028544569078,0.8175166309772796,0.7995331439670785,0.8742182289199091,0.9033028507895549,0.9519211210370155,0.9665404058082014,0.959273364823459,0.963129975355124,0.9745616015523191,0.9404787189378078,0.8332882896745183,0.8464270059369501,0.8218959688598659,0.7911176148253235,0.7805750145535713,0.5290823560175333,0.5778408463495225,0.5616993657930565,0.5436726705752385,0.5113608663661394,0.6073892164485895,0.6612695471222716,0.7070991125694885,0.6965226289418918,0.7073714105689457,0.6998088695942143,0.5850659317431731,0.6058670415834466,0.5358211255562813,0.5265726710693549,0.5641365519005571,0.5568170361392644,0.5289698675621651,0.744489832205734,
pre_model_seis2_20250809163933_858.dat---0.7310006629791839,0.7273774112517064,0.8627111429287467,0.8565582908570275,0.8340307979042512,0.8907514369438366,0.8760263319860082,0.8597573621681502,0.8587857491636491,0.9058771193310303,0.9653696682100804,0.9904069083051088,0.9899439149269336,0.975388276183966,0.9577674081760145,0.9520797491742522,0.8314538751323762,0.7216194438505918,0.6832075969656278,0.703611544038945,0.7222624285424531,0.7595951571878654,0.7508858225341797,0.7352113651265167,0.6951200748820553,0.6234829908096193,0.577881593216876,0.5176067072009312,0.4740552021414242,0.4049309620556465,0.32495210384264106,0.24630295347856615,0.1696668985696079,0.13011590484026697,0.08461261147455137,-0.012302616786459183,-0.023120977889817214,-0.031934254976495054,-0.009174060896814235,-0.03234131405849594,0.07513050328878298,0.5940649937819852,
pre_model_seis1_20250809165442_212.dat---0.9161194036843118,0.8597537243942571,0.8998558114395204,0.883932432781315,0.8112242643118089,0.8857339494967383,0.8930372236424745,0.8711480710702154,0.9337440311981773,0.9295127106334992,0.9152389454757884,0.9115749535827963,0.8455919071178369,0.8819496602131286,0.909939477205363,0.8689738565177972,0.7817869614209554,0.7879292349409015,0.7171824130757931,0.6371422259999031,0.6469742427017146,0.7407684077370271,0.7280060240319253,0.7002001224865819,0.7509569952274763,0.8162094262015468,0.7742556911378848,0.8596649844932814,0.8853329409096364,0.8642693452257119,0.8459650600422175,0.8466976697992972,0.8606512891771527,0.8552795357912638,0.8254670186122078,0.8159933027783255,0.7784570778057982,0.6949980801777615,0.733698067677798,0.7330140168223583,0.6906310217999815,0.819240526313159,
pre_model_seis1_20250809165433_737.dat---0.9481524727879215,0.9184851714696011,0.942717673120464,0.9286780651565051,0.9054534954546414,0.892056052418286,0.8488237322157505,0.82501112135557,0.8327287891792245,0.8703877496086676,0.8695774271546485,0.937524297223215,0.9248572697206793,0.8907865954206102,0.8678731687855773,0.8906908869288912,0.9136339432412026,0.8842316947521259,0.9250669225014527,0.9345141083230357,0.9433642272554948,0.9212189989627673,0.9032918674036983,0.8847721008320913,0.872769905691185,0.8215980700130011,0.7667309581536649,0.7344831113109166,0.667607102966085,0.6841302625331754,0.5707119597324065,0.4586722199118551,0.48224441002629764,0.5126856221992683,0.41681814391195227,0.4703998038532971,0.47315774064711147,0.48380443492058944,0.5165668611241884,0.539653500631839,0.5311031138556721,0.7709032939696251,
pre_model_seis2_20250809163930_351.dat---0.9140015476152217,0.9175922016135103,0.8953916455956076,0.8280196135299586,0.7913786099859796,0.7638108258347529,0.7564666176753662,0.8123629238432479,0.848287186095551,0.851684675451708,0.8592556226841834,0.8885989842725334,0.8993552051337039,0.8960727618811971,0.9177439694427093,0.8757254280986339,0.8908408130079928,0.903525612980555,0.8770830380736802,0.8092300440532079,0.8055187057488102,0.6795880815267982,0.6520808832019398,0.6698667035696211,0.6283816754775698,0.6462808442931319,0.5029141200168846,0.5554049510908756,0.5765881378949325,0.5965875835493631,0.6223254128516202,0.6288339815520533,0.6013183262558357,0.5772308714245185,0.6232596916627848,0.6537058461179014,0.6224829988872814,0.8187380520164513,0.856885870200442,0.9499618022789953,0.9589749317460462,0.7664233365422721,
pre_model_seis2_20250809163924_695.dat---0.9310889500163717,0.961911401948386,0.9645563473703004,0.9732605396498429,0.9707007327167717,0.9444362875266288,0.9387357493781209,0.9196053931824414,0.9010046777497149,0.7962984526560613,0.8102501824345186,0.8193903621039349,0.9504107680305215,0.9837153561864578,0.9840201274105848,0.9858214549593847,0.9647867531512184,0.9672201414681547,0.9718433235602034,0.9471915138238863,0.8471325959871837,0.7231491548590551,0.6799722712300529,0.6519493118713158,0.5975282988150314,0.7105490037096751,0.733497559189639,0.8243208545768735,0.8486478666796007,0.8737465448181385,0.9245269597846896,0.9364599698360685,0.9009481625062541,0.8777831831950331,0.8679723138520422,0.8750505250461659,0.8733102819440794,0.8849892970919165,0.8836126840652215,0.8965826922262631,0.8886650581054786,0.8777230025539826,
pre_model_seis2_20250809163927_678.dat---0.9414060482180416,0.8305901863061295,0.9326305192007539,0.9092700804684819,0.8307375096493944,0.8846617949507497,0.90189579518355,0.8641020570409301,0.8027790499498274,0.8329732749674126,0.8345772392757395,0.7961769015450292,0.8345029738667037,0.8076675504680922,0.689932198318084,0.4737473357662681,0.2585626111240081,0.5774333631917352,0.8234680790339134,0.7989645071038797,0.7981241893163058,0.7559614222129977,0.7968660878655485,0.8100803753684411,0.7846987707877292,0.6270011297106168,0.5807877924758358,0.6359996376770731,0.589050374892662,0.613820076366615,0.5596594904542006,0.6269264084041667,0.6271175793454884,0.7199445264147823,0.757942724973462,0.7781175631617742,0.7939258992389471,0.8226726240076055,0.8369438095019214,0.8426281621704987,0.8382064985499689,0.7517696150859844,
pre_model_seis2_20250809163921_644.dat---0.6531335555649419,0.552597299250319,0.7501564728313547,0.40245941094658616,0.5855257017631765,0.5987913127757436,0.49549581244825475,0.4455604734552343,0.46198101550202036,0.5205005211008294,0.4644812663516381,0.655304485350057,0.7548396421654977,0.8239787992709726,0.9141156797709444,0.9238048201587775,0.9144557228077561,0.8941744667388637,0.9125773935482132,0.9001026282281839,0.8782846432724013,0.8706490797733849,0.833773241260473,0.8070161678736513,0.7810807361420002,0.7838802087843316,0.7510631886243117,0.6890172792559949,0.6701753396832708,0.5673095902887848,0.5712009028231715,0.47564756741553216,0.3661126581376948,0.3597263245109243,0.33014005811490965,0.38236249127807287,0.44983837517197567,0.34300196697186563,0.43426610815923605,0.5875505629858406,0.5132425917455602,0.6358384283488476,
pre_model_seis1_20250809165448_262.dat---0.9512126995770048,0.8977752619223129,0.9428269413903548,0.9440897585093202,0.9175972880906019,0.9030019138183657,0.8959840628621917,0.9278442669545997,0.9252808516880955,0.9118077709864424,0.9030310337722997,0.9473661795854211,0.9441916840892481,0.9367179970298342,0.921087052568008,0.9285969943731139,0.967203479523367,0.9816966854945591,0.9519318987205522,0.9305894892582103,0.8978498011350433,0.9191425448169008,0.9205187840511798,0.8982480980716538,0.8406906871248917,0.8422123933480804,0.769917878793091,0.7840885487342916,0.7252835997760504,0.6937687760632905,0.6262320979990341,0.6762695681500785,0.6327444964217381,0.6875151553171519,0.6624419914109341,0.8018482588409215,0.8010796856681454,0.8018873687265722,0.853020795867213,0.8596756969791485,0.8373930001201318,0.8576015253080351,
pre_model_seis1_20250809165430_691.dat---0.9784977502537822,0.9826743089146178,0.9723893066196254,0.9678548380268452,0.9545284545752571,0.936477980992603,0.9226980348290887,0.9085501075576919,0.904947390985885,0.920193066623758,0.9296444642610577,0.9530331068123165,0.9600175972767628,0.9781157634285084,0.9783306686331416,0.9544046467022035,0.8624578148008109,0.9194752427938402,0.9561055571294641,0.9481143881272213,0.8793754320007781,0.8942864193388632,0.8447395598655636,0.8791096072996318,0.8174884261628008,0.802741593955091,0.8343267259366405,0.8458588705762443,0.8089258413706464,0.8216680343151116,0.7760276442018592,0.789557973901722,0.7004698774235072,0.6520299711523658,0.6417535253798385,0.7027130701125572,0.7237542451249855,0.7378982470076203,0.7690945893544898,0.8080440875940754,0.8247089658157707,0.8644654438349915,
pre_model_seis2_20250809163933_51.dat---0.806705876603472,0.47816735472426203,0.7756266399806414,0.637277535162546,0.8071806816083589,0.7925650460635496,0.7252711715492813,0.8322090865869018,0.89469048380234,0.9413281669149658,0.9513116329836011,0.9472383298923891,0.9324404908724268,0.9512912679589698,0.956661882017038,0.9261013264178358,0.9937425867318087,0.9870484795498685,0.9725504720610028,0.9353987049034869,0.886673225880024,0.8825159179953379,0.8751174200592561,0.8317149182797637,0.639135892991791,0.6802209182446936,0.580967937126493,0.5656229783029882,0.6349835018095278,0.5492647865181303,0.5140239694242192,0.5125391876514548,0.4812499829900695,0.509440732993781,0.5109577972045605,0.5388985777433463,0.589018722930594,0.6743606422658259,0.7580202496813887,0.7521968758543658,0.8219126745096106,0.75691814943517,
pre_model_seis2_20250809163927_790.dat---0.9714370899802942,0.95846301077755,0.9429466647952779,0.950284131229276,0.9335198559227972,0.9207403108066525,0.8864132283862035,0.8466379866110959,0.8198980479778801,0.7942926852939698,0.7793358544072134,0.7634874089535164,0.8029460170206199,0.8025952207363538,0.7621308027165373,0.7937203274150892,0.7570447078332583,0.8325785474526897,0.8758381036506792,0.8681502956407121,0.836586408267522,0.8137260559861074,0.8457249375841301,0.8492905447485879,0.8230299614292282,0.7623341257872337,0.6907165329847771,0.5660575528260648,0.5951695096026611,0.603387138684976,0.5856717075601711,0.6666904889324702,0.592425587389207,0.668045563980803,0.6025600236573561,0.6128736875613128,0.6603957443613584,0.7131723254495108,0.755731629209418,0.7742832106632485,0.8059253941850587,0.7777136202063141,
pre_model_seis2_20250809163915_501.dat---0.7649151575165055,0.7644275705922999,0.8308066369687921,0.8514578608311943,0.8482891822208625,0.8438455287351798,0.8893791040556033,0.8349297419101099,0.8254173531044245,0.8367522613837705,0.9163817633969121,0.9335198678223833,0.9325991638830082,0.943402323112794,0.9794643291470585,0.9848109859281928,0.9175474420937832,0.9548185307913447,0.9446432797963948,0.966056713821137,0.9293563144248145,0.9081012686672205,0.9084329124549791,0.9177793233354066,0.8981080849572877,0.8753318749411173,0.7942970153519454,0.8051174670120207,0.8141968701724217,0.8098865223690337,0.8140289798624808,0.7857619208295448,0.7275578499542101,0.7243458157008045,0.7219413930094006,0.6482362412544035,0.522542018414281,0.37913686807314284,0.36566136780134134,0.16001534651364346,0.09502749692708504,0.7894714085155692,
pre_model_seis2_20250816100712_95.dat---0.905490724396982,0.8960585768805457,0.8788839807888085,0.9252130954232343,0.8970365947551145,0.8458448235615514,0.8747592181006568,0.8678626481507188,0.8615437032902217,0.8698469693860563,0.8693007732066872,0.8764173583573742,0.8499793895432294,0.8305768673594174,0.785467645372309,0.784559904890038,0.8582461639425231,0.9499913963740724,0.9015717012972878,0.9060591881709905,0.942622880211658,0.9268323797858324,0.9016494200891023,0.8298480674007235,0.7567003884863627,0.7404809531753535,0.773413485581786,0.7398705462907718,0.7576304835231912,0.7285323648406434,0.7937641158029067,0.743049843713402,0.8121710119090902,0.7543355172164092,0.827950737575224,0.8380799046467644,0.8444705120558706,0.8419024141334492,0.8640724000031172,0.8449752012141598,0.8786482469758679,0.843310038972671,
pre_model_seis2_20250809163930_173.dat---0.8787712916367895,0.8061113520832841,0.8585895427117292,0.847415435276312,0.805719840873441,0.8543415143601136,0.8084734518573637,0.8534293630419456,0.8365100384905284,0.8431560024007166,0.8647946057896576,0.8471947233487818,0.9017899689478476,0.8476327744533131,0.8967622276715989,0.9363544737900852,0.9369661491958559,0.9179449277549157,0.8869105110439894,0.8934588554932987,0.8787715182150514,0.743486424959849,0.6738038573559968,0.7214602686746298,0.7618354226220633,0.7058773195413011,0.6885096560697135,0.6682322551951935,0.6432590591840045,0.6354958096889863,0.8052301261899513,0.822435244784172,0.8582601763015504,0.9388458840055256,0.9535590309282062,0.941659841214318,0.9075549837590281,0.7922740966654003,0.7875776037122557,0.7513134062234987,0.6506658600601798,0.8207910950139617,
pre_model_seis1_20250809165430_893.dat---0.8312427458623521,0.7686803365199434,0.7672514027598533,0.6971400074195598,0.7297662323994336,0.6338109684237726,0.43603587160392004,0.6660656622743312,0.5381785442156622,0.57303250445211,0.727180828618068,0.7975458457619004,0.8959779691176961,0.9148398019170717,0.8920269527724579,0.847958983643726,0.8253245679093805,0.8276874553506497,0.8886445242056041,0.8515963496762893,0.911608180608917,0.8735522836395224,0.8623880165587079,0.8197439865575862,0.6881228176486451,0.7429807322889095,0.5849020905638412,0.5942864086335845,0.6806116548534265,0.7262207410340764,0.7361679142329207,0.8931766884043889,0.9062784814605181,0.9119027234409754,0.9324209236308652,0.8924872549283743,0.8930081493743852,0.8661461135711753,0.8607628624788389,0.8106333650099222,0.7539516389395331,0.7817400142137292,
pre_model_seis2_20250809163915_211.dat---0.9802017073537659,0.9704058133252336,0.9832657611024357,0.978588982785139,0.9613484322034527,0.9455920764225877,0.939028302739997,0.9244908232960314,0.8975472889863595,0.900850808553776,0.8840744497173896,0.889674212086465,0.8387631542954738,0.8540036424741791,0.8108549000167206,0.9253267463666824,0.920585632140533,0.9067855321180853,0.8857489050094097,0.8438945515821304,0.8355089130942175,0.8188061904714419,0.8581169150429659,0.7606171302747863,0.6589273328517458,0.5000734487929499,0.4933198793939834,0.3397805194158554,0.24598441313050612,0.15237684774137822,0.1289692561678092,0.2464827854538421,0.3466642059131435,0.44825398678214023,0.5405581150106314,0.5300460471672523,0.5717615147007447,0.6493171087853442,0.6980916457593194,0.7061533174973039,0.7392762109215689,0.719758963584019,
pre_model_seis2_20250809163921_186.dat---0.902929174498091,0.9376410975096028,0.9560692921293092,0.9492822143953773,0.9356184362456837,0.9474262984858902,0.9503190483091248,0.939454532378764,0.9470990189371266,0.91802553017419,0.929050387385038,0.9072717362426226,0.9289848989166867,0.9714669593569788,0.9810400968578883,0.9788053058443741,0.9615852224994079,0.9692589665612085,0.9469797528139888,0.9559428360912647,0.9641164191614315,0.9635066775011512,0.9533265420795193,0.9084144159835399,0.9149309072505533,0.8883594934268993,0.878379597514425,0.8408059162844287,0.8229931002615454,0.8161105877248748,0.8241531670990244,0.7775259742504766,0.7480609821299538,0.8040710066900675,0.7722073441966302,0.7356306143865605,0.6733020778793355,0.6728105423591294,0.6837548062143042,0.6410070478874857,0.5967490523131987,0.8730357823957839,
pre_model_seis1_20250809165445_512.dat---0.9777265880781182,0.9723737211720991,0.9667006654427751,0.9480404677828076,0.9551396521629858,0.9250880918374972,0.903957973716633,0.9104139066634704,0.8652364564505689,0.8727111765416649,0.8633058157257394,0.8430951303164893,0.8944628537908257,0.9219964842167366,0.9365090062667806,0.9645071679059328,0.9768953700013185,0.9902570058792091,0.982254525782092,0.9449002221359464,0.933782704194282,0.9194325728197043,0.919716639220116,0.8652685783989774,0.8971419143795147,0.9066858405042167,0.9209443765537974,0.9308627100502691,0.944148338680195,0.9247195995633748,0.8275268906497785,0.8309469820898521,0.7626461493930253,0.6535230387724253,0.5522524220215389,0.5955432293356965,0.5780818593328797,0.5571705480516536,0.6665385313209049,0.6961932270735866,0.7298123779675773,0.8592319710303185,
pre_model_seis1_20250809165454_537.dat---0.9499491471036622,0.9440649570416983,0.9299163593878178,0.9282677221639372,0.9075097571061261,0.8882781035244767,0.8759789707170921,0.9011377479737447,0.858593111522819,0.877227181634081,0.9047893049093353,0.9521398770167666,0.974340896864124,0.9768571630924492,0.9923786422237912,0.9742218202643084,0.9744085351973912,0.9732561272619984,0.915507913611311,0.8871955383149913,0.8562135351173814,0.8576138180890851,0.7929062864104598,0.7397688456005255,0.7158825941805329,0.6420649694082787,0.5075735999227905,0.510972013877383,0.4840000942324631,0.43566757826770364,0.38564028253681304,0.39961847358582364,0.4912099808858611,0.61504683976755,0.6824664495834727,0.6506663906055206,0.6812492976031577,0.6731554973457227,0.6796737243873688,0.6682464512067334,0.6281155945577775,0.7727749071732762,
pre_model_seis1_20250809165448_521.dat---0.6241276599988219,0.9029754574761464,0.718681837633309,0.7671331344403354,0.8403296287239033,0.7621846114090042,0.7763741819187421,0.6966480464879118,0.7922679609460915,0.6942363726588495,0.7563669657836115,0.7834165413891202,0.8069271522276559,0.9061478538268816,0.9922898448303092,0.9901513778095309,0.970779389532551,0.9362722678857262,0.9031199977220631,0.868253875883465,0.8088693370267204,0.8052924342442013,0.8273299443618305,0.7618977827588094,0.7646345483171589,0.8059090219745069,0.8405412541843587,0.825971033207408,0.7853433416844107,0.7872197398024257,0.8097920524202534,0.7341726385203275,0.8443081923272349,0.8845436483820917,0.8374418894556408,0.8258198201030053,0.7769020061009411,0.6258298647225181,0.5583963259200484,0.4412887051872885,0.45905256645769227,0.7877863489205587,
pre_model_seis1_20250809165442_574.dat---0.9168016313354977,0.8286313983021771,0.9192449754123934,0.8902664148809342,0.9287474101919797,0.9009550615596781,0.9363529305600642,0.9317928770368941,0.9356750206771637,0.9601330257023223,0.9614422250803054,0.9507450137662312,0.936553274292739,0.9486846945713636,0.9334717500199818,0.9337840011384027,0.9455915095155375,0.9368043304359628,0.8767598371266937,0.8694603777639008,0.8650693443862252,0.8617612647605681,0.8405228721843645,0.7639110642027849,0.7953141224318385,0.7901081079562209,0.7271711501780534,0.740367276942825,0.6578006810318698,0.583990061648481,0.5401217808474656,0.46934156078200334,0.4205825539332172,0.46470814027031015,0.450894482117442,0.477089169856032,0.4458411702207979,0.5420573559850135,0.6087558461971165,0.5868102563909299,0.5933060231715739,0.7723761474357405,
pre_model_seis1_20250809165457_519.dat---0.8492440348886212,0.9172276197876551,0.9296284498734907,0.9249071990127384,0.9109509133273556,0.8947562741462064,0.9235901883810188,0.9326038812356732,0.950577036399168,0.9462036474324097,0.9304463018920176,0.953671327480024,0.9150209597659418,0.91889779820868,0.9315702465550818,0.9270796129025978,0.9374943899016417,0.94041172755053,0.9046307081732011,0.8777763636210414,0.8574877959637501,0.8315929235238972,0.8734417353345844,0.8211082524020723,0.7684463058474301,0.7561977521152877,0.8157966017067994,0.8179562821581045,0.8085948975796212,0.855029188330288,0.8593261426816875,0.8195650015843927,0.7607893759818409,0.5643910081168086,0.5349231370100368,0.45213367596264953,0.30945823394469407,0.2913844230880387,0.36165204139736823,0.4123726042771659,0.44505290543031645,0.7910582674383396,
pre_model_seis1_20250809165454_820.dat---0.7883040352489683,0.8734037734363886,0.8844717595351571,0.8579056871949093,0.8706789178325505,0.8418220216558898,0.8212132960919513,0.8246271291515602,0.7643068654261278,0.8511474950589458,0.7937153191866578,0.815262378301913,0.8846234964146474,0.9066098419270103,0.8941386419249017,0.9570282269800481,0.9661689580387776,0.9505163635395321,0.9319345043479677,0.8763504937308273,0.8345042770736061,0.8079014100200451,0.8174620344908524,0.7962592346729367,0.7903431821652801,0.7210888829795399,0.7548476769696992,0.7606013057124533,0.7395008057203659,0.7336121913088229,0.7298464765468464,0.6255493185882636,0.7156071096468718,0.7931994064660282,0.7156922584833849,0.8980324897775883,0.938845154098825,0.9515407637773121,0.950294687888404,0.9230643553379828,0.9045990003929574,0.8355273470034827,
pre_model_seis1_20250809165436_117.dat---0.755918309382992,0.5525118295290974,0.7062557346673377,0.6572640902412776,0.6960742165125333,0.5502937991779854,0.606589854097357,0.6190587346739121,0.4887404108373037,0.4482043801107448,0.7091517115025613,0.5837855451014493,0.7175352175747581,0.8330768738353981,0.9308472513678941,0.9678048189545355,0.8928145997163144,0.9138882319036935,0.9261305244109331,0.8930337721763124,0.7653031844819148,0.5994217049747176,0.6957945192741647,0.7043769486511957,0.6874702589704622,0.8102846621795403,0.8482230279554304,0.805527095705664,0.8549547404126228,0.84846594296665,0.8185156915537897,0.8149443854757261,0.7962226888462394,0.7991773714694279,0.7640867560319724,0.7460922079607606,0.7810182755736679,0.7917821212532152,0.7597350739256437,0.769648147981557,0.6864796789262917,0.7462562046425621,
pre_model_seis1_20250809165454_230.dat---0.9767853970589742,0.9596140279943367,0.9692395989069527,0.9701578413474626,0.9531494045381897,0.9452063531472046,0.8518727554684126,0.8670587934108076,0.7565726802261392,0.522317353655641,0.5380547855206809,0.5559528539933345,0.4715622770566424,0.5030689676925663,0.5135796400077675,0.6601541415667533,0.7352310891744505,0.7305051959447892,0.7066935548961165,0.6988298324588881,0.6832290079222951,0.5889598918370637,0.6439856735099103,0.7409788002433978,0.8142839403192067,0.6701765025190682,0.5938101620534437,0.5619908781106668,0.6489224386191038,0.6391235106294125,0.592507309886619,0.6188739196899544,0.5510775628504234,0.5780397952132333,0.5332313832584471,0.5150973636296124,0.5433911395695953,0.5130737680255224,0.4259505711354005,0.35926889140791674,0.30561412189582915,0.6587120286924933,
pre_model_seis1_20250809165457_29.dat---0.8879930235563984,0.9124011937899075,0.923252931066908,0.8911119198225383,0.8858912000452415,0.923369741885781,0.9368960869936273,0.9448502709246739,0.9409055758169107,0.8909321203681542,0.873110967727806,0.8752205906551671,0.8841945584107744,0.8768843207011341,0.8581289392435654,0.8619102469091865,0.8728492425792008,0.8140956019094672,0.6833051769113787,0.6427554730051861,0.576898819332111,0.634269620724326,0.6887664963924952,0.8585801872493922,0.7677989056126494,0.6542378269611134,0.7449554097977978,0.7133756349998839,0.6634190883774371,0.6883039151215711,0.677224516538142,0.67134027573921,0.5695003583446566,0.6082489454840599,0.514049657171589,0.5767028985927627,0.7452822621640528,0.7659329933610762,0.8332100581006626,0.8460086387453666,0.8417881592729516,0.7809744841562518,
pre_model_seis2_20250809163939_224.dat---0.9750090693877612,0.9658246209348034,0.9710166959915774,0.9495778673719807,0.9686695602943494,0.972190964912745,0.9638269326898901,0.9748670643866268,0.9692770454797639,0.9386640984760374,0.9239218673882057,0.9036410186854643,0.882290830504351,0.854296359785419,0.8578523223285152,0.9028967045440548,0.8871238442983499,0.9278249292504406,0.9237620686312472,0.8991950102342291,0.8943323687304998,0.9058039145267418,0.8856955685072402,0.8976948671156126,0.9355226882240848,0.850906080425072,0.7716275288098493,0.789412645716407,0.7738606814633905,0.7213151039017224,0.7003836728485431,0.6815855902444556,0.6647232594116409,0.761234730334574,0.7315019703027587,0.7905309313368168,0.8558622752031746,0.9216150168100847,0.9221256759818619,0.9234083413934578,0.8977806694528268,0.8753329867394302,
pre_model_seis2_20250809163930_675.dat---0.9408583512715252,0.9601821494331625,0.9512897453255681,0.959212326252071,0.9426238041692102,0.9231338452870597,0.8654610225668073,0.8090703840155555,0.7985726402597054,0.6969864814694986,0.75001985165191,0.7458315309739567,0.7534572144139985,0.8341765472127256,0.8329219245002397,0.7826839695778319,0.9010537141684819,0.9254502941097678,0.9285119336824524,0.9163373113351803,0.9187598663820482,0.9191838228476236,0.9073751762983459,0.9256923451728571,0.9108480493529979,0.7466486003536172,0.7690952993218192,0.7747189139225704,0.675814950479932,0.729708861877563,0.7442068472134992,0.6705249314102285,0.7422223547008467,0.731020010772704,0.6569344666569088,0.6278623613785498,0.5638237792198042,0.71826457716122,0.667959885978919,0.6524970464021843,0.5914542182809344,0.8015232050454117,
pre_model_seis2_20250809163918_136.dat---0.9327377131652015,0.8942704169056109,0.8675217616168663,0.9027264826601663,0.850555249739632,0.8521590340279032,0.8439287988250589,0.8687933333373686,0.8325900010777975,0.8182936659167518,0.8789151657521269,0.8814679084914009,0.8655459733467608,0.8832125707180968,0.8852306615604622,0.9182217050657863,0.9194581118911289,0.9219030886714904,0.9336334659644036,0.9197543244721583,0.8653357171799175,0.8814537964336916,0.872631817499452,0.9146150284980303,0.779971163717274,0.7198425207061682,0.7318091820353417,0.7047338216001316,0.7228990072236879,0.7304114438776194,0.723617433923327,0.681779968155144,0.5882571690706788,0.6842227623577607,0.5780298833928958,0.7304715590341426,0.8579829297906759,0.8959888967353672,0.9093483000621572,0.8938713209792662,0.9115173278031483,0.8304807434946843,
pre_model_seis1_20250809165433_94.dat---0.8102219951407442,0.8538071967364909,0.9268683084227186,0.9093122607088137,0.9048564124242232,0.8903479921710181,0.8638865823071136,0.8511114443585587,0.8561430127852164,0.8156096442202795,0.7609280051058145,0.8469353082727138,0.9353371854682299,0.9710339639615205,0.9648226482974434,0.9630027825307748,0.9414036388745708,0.9190552030671221,0.8876393844759453,0.9108209190259281,0.8729939444018069,0.8556381880363001,0.820513950752525,0.8179024531593476,0.802812217497718,0.8195740573742233,0.8099252087776543,0.7623414942096185,0.7770662018641893,0.8071182025583403,0.8289333396168842,0.8269282621706411,0.8289917272485806,0.8357907352152791,0.8144919979966937,0.8141445257167376,0.7929901743707091,0.7685145248463986,0.7434250131290377,0.7425303921043003,0.7347150602256992,0.8453776965762906,
pre_model_seis1_20250809165454_297.dat---0.7696510920015615,0.9016363989620998,0.8402217057153322,0.858570566090427,0.7941109637406162,0.8096895140252393,0.7015662169066138,0.7060322806655226,0.7323978579817556,0.7212076856299415,0.6415943502254232,0.7645972520600356,0.7460316179730269,0.8328006337087868,0.8706206927018987,0.8987292376785924,0.884597947247843,0.8544966439480542,0.8364244997405136,0.8821096122447949,0.8622574875152943,0.8434441622543897,0.7235874286231658,0.7801960915265695,0.7221779329690236,0.7091885475270218,0.7809126463481456,0.796387664003029,0.8022940268528607,0.8677753095095356,0.8613345096271912,0.8655185956542175,0.8721768255168202,0.8474674666050908,0.8245704940328327,0.811601310728413,0.8129485573308772,0.7895272150836914,0.7870839453007364,0.7945224000430064,0.762537236055033,0.8040145517647566,
pre_model_seis1_20250809165433_882.dat---0.932358626692351,0.923110110442046,0.8688774840127866,0.8804162746465227,0.9164688513437533,0.8629212975460195,0.8998851972455072,0.8653487240241158,0.9035373009018278,0.9403373234238881,0.9499929660418549,0.985448638935691,0.9723839431059262,0.9286403321582068,0.923277334738105,0.8916207355242723,0.8933082821830753,0.9299597320497699,0.9465775091819043,0.9597710416723736,0.9632065571831353,0.9172073035298551,0.8834687746101423,0.8315246265825051,0.7863262092476987,0.7917379162378286,0.8101279463294707,0.8294907879992397,0.8403522067718318,0.8558809486434995,0.8874029344407206,0.9319245180843595,0.9476319964455207,0.9487378905346481,0.9336665324259334,0.9317772550970111,0.9245689559255708,0.930107358990132,0.938319524527403,0.943706299487717,0.939846615100206,0.9058842649771812,
pre_model_seis1_20250809165442_767.dat---0.9390554825076782,0.9565000292647472,0.9481190838701271,0.9466819523255312,0.9552742510966306,0.9491459161537045,0.9343639484598663,0.8755034220126444,0.8718123475696741,0.8624603984758358,0.8727887282334821,0.8690010542563164,0.9129167056127077,0.9286576098548127,0.8799412880163913,0.8641036349872108,0.8829911643342618,0.8941283745422136,0.9276933175771547,0.9197058432269862,0.8522786960253196,0.8454380028320053,0.7736562353533021,0.7203277032429996,0.7119592984327787,0.6217853413790795,0.5327683943315393,0.6016859504690153,0.6216399694398305,0.6824742794743113,0.6531878018951227,0.7807775431913868,0.7254845271200488,0.7205086512352263,0.6968855551198705,0.7062392865190159,0.7548247176412999,0.8279260365526706,0.828893027683679,0.8407209888083421,0.8494300035832053,0.8180423551880007,
pre_model_seis2_20250816100709_96.dat---0.9144630023645309,0.9252371306402087,0.8234047860594232,0.8054064549460507,0.7759603632388692,0.7991641895683494,0.835405643700472,0.809177607968373,0.7754451185471078,0.8486115965643203,0.8331912749769781,0.7589007460720382,0.5143478710166356,0.775869589592434,0.9390276339132102,0.8888514761922733,0.9434895145997813,0.9334587664267652,0.9052470997593413,0.8587100728357564,0.7879784421755288,0.77171069739362,0.7893882535570258,0.8044570439605437,0.7368333974782578,0.7425405716266588,0.7374123929862123,0.6700291689504653,0.6770213758060714,0.6927743118398252,0.7034142990626325,0.6707488603397611,0.6081006461178555,0.5856640866318443,0.602043274033775,0.5719909284915067,0.5839540285506555,0.6032096652361665,0.612081398496587,0.6261497518125572,0.6229865454593217,0.752777050707068,
pre_model_seis2_20250809163936_409.dat---0.8179543437183207,0.6913291456701383,0.8757089422806358,0.7764193441563837,0.8549906953851429,0.8497798731139227,0.8258812642485615,0.8525311426121386,0.8794098774138968,0.8966956331249415,0.9084288130028624,0.9118991231256132,0.9064377773614742,0.9108533125852548,0.9648380028952924,0.9657674599841826,0.9487525156049073,0.9788262756661936,0.9604919078277527,0.9286770282487642,0.8978292521587705,0.8924391492494892,0.885292198996577,0.8644157959580767,0.8589004012189725,0.8322960183541032,0.8647872223627794,0.8826219402256105,0.857152793430348,0.7952451095264984,0.7839068262625815,0.7086202127633414,0.7141221787631374,0.7146057245147358,0.729889699956096,0.7002651504979303,0.6491257405518097,0.568629827207229,0.6274630197401153,0.617388145584812,0.5721301394908411,0.8225072932887862,
pre_model_seis2_20250809163939_172.dat---0.9664225872439783,0.942318625891103,0.9662539167998131,0.9629758287986017,0.9616737647813587,0.949566420849269,0.9504253279199754,0.9416033494928816,0.9235765895842267,0.9335719897624014,0.961694826203531,0.9758314114266053,0.9607053532530788,0.948465063559504,0.9110655989479335,0.917047241972615,0.9122917504871949,0.9102302722499558,0.9174163327463981,0.9478723621338092,0.9499198529186057,0.9405529427477063,0.9296102460941394,0.888980063250242,0.8462170597940737,0.7713801404017567,0.7256418250160129,0.5792250540817413,0.6103723203596062,0.5664529071465794,0.5168954559688882,0.552357648543432,0.5297222356261797,0.5782144236046436,0.5626535136835695,0.5744716271409647,0.6431683733933496,0.6512609802046386,0.6866385006381713,0.7140405358594947,0.7200404580601387,0.8146054824058091,
pre_model_seis1_20250809165445_256.dat---0.8531907441070682,0.6748834364557116,0.7835546356475818,0.7527915928867066,0.574625690350284,0.35968916366974857,0.5303625109162277,0.46958538663282334,0.37451318258613786,0.31513173311816267,0.2538396495847914,0.34920360500845427,0.4446068938834104,0.6576347410410078,0.6391428917203461,0.5378601142211333,0.42134353244322287,0.5751267241203858,0.6372408089826327,0.6972276119954445,0.6273617106105157,0.6178467118055877,0.5751125045956813,0.559809143084515,0.6173479517114117,0.6640533289123483,0.6914355601758201,0.6125262705545801,0.6616688225074634,0.6130551633666518,0.6087392062189614,0.6233709565034233,0.5811721977311014,0.5558036378943588,0.5188667677465882,0.48286519215456347,0.42272905941987327,0.36147295646775385,0.2529887420450936,0.190700154846587,0.1500863574031691,0.5339162693933495,
pre_model_seis2_20250809163924_616.dat---0.972850694979064,0.9858550290880232,0.9868649719587297,0.984999745905215,0.9893883229939574,0.9867352589041055,0.9860991065808826,0.9858716830364002,0.9809879399396305,0.9829472079367129,0.9824072269920141,0.9814792381824792,0.9720028831557938,0.9687547178625123,0.9812828914248882,0.9944802020097246,0.9589372144438818,0.9715801759899451,0.9524783744621959,0.9297639693301788,0.9505091826934831,0.9340926379453388,0.9410685950114337,0.945825379627997,0.9282145989419583,0.9338419603715938,0.9225034940446724,0.9023733009299906,0.883605093713844,0.8831026544319831,0.8820161445573094,0.8632418843556856,0.8624635546307392,0.849293537722212,0.8304831591773387,0.823739897887026,0.8255986986821762,0.7844093039217706,0.82726283881244,0.8249904323599703,0.907666724193881,0.9278553641265652,
pre_model_seis1_20250809165445_892.dat---0.5750370461163914,0.8290341067119721,0.8124318630591496,0.6839844585206669,0.786127606291316,0.759597326150408,0.7403444328827044,0.844791745459387,0.889024996560938,0.9100496351995022,0.8653182490442735,0.8595591338457643,0.7699736131152994,0.7576081088677212,0.8459631420210885,0.7122712212923882,0.6394262208054898,0.6857867517638138,0.7119156232193137,0.6875521591392078,0.6432790299672687,0.7774914108286084,0.8473231102577021,0.8543492425346592,0.8121453968271021,0.7993435879591632,0.7806641137154202,0.6974294499747313,0.7415883336633569,0.732130526535034,0.6940534272147656,0.6756461653155209,0.6269825568157426,0.5530985721622874,0.4234424570130174,0.49381695592010616,0.5952446771130014,0.6092298373654199,0.6163921928880596,0.5534349590716702,0.5773220616405644,0.7187855001182927,
pre_model_seis1_20250816100537_23.dat---0.9292075867047032,0.8616886468083818,0.8053647541071676,0.8852299987873773,0.857154547114232,0.8347289944442592,0.7970042792392693,0.767490439209306,0.6772363472326776,0.6929643151974563,0.7359140098440302,0.6873910398972827,0.8453160526404244,0.8644610777887086,0.8834631064337073,0.9162728374603454,0.868157109391593,0.8424474339606232,0.8498573227646453,0.8070277427485135,0.7722141016709964,0.7969335688669864,0.7436985274991221,0.6296198892738211,0.5523323344255348,0.5616930244668397,0.5547180045335006,0.4742912355583477,0.480413689775557,0.47467261831776036,0.3637647806596562,0.3949024265765084,0.4849366597246889,0.5160582683973819,0.6436686877436959,0.7175936675916287,0.8127608893060425,0.8986614581728559,0.8916116163808301,0.8947149056123443,0.8956398177765778,0.7308116540025704,
pre_model_seis2_20250809163915_570.dat---0.8943064340853292,0.921327494027941,0.9562754139344415,0.9520046261505057,0.9332926529231214,0.942557448333859,0.9369277085678326,0.9442024239548371,0.9309204249117862,0.917894669576822,0.8937294812672721,0.9236557663109608,0.98865087139895,0.9797097237109679,0.977626320907195,0.9840687791664479,0.9712108564711579,0.9761137652420303,0.8959310639779845,0.8902985618248789,0.8494721276279786,0.839574188132961,0.8362599942415772,0.7969371535531813,0.807075530086947,0.8759173959310552,0.8181258148715296,0.8351247323486318,0.8216652747340825,0.7528529456552967,0.7923451898908663,0.7835660100608948,0.7739773648937613,0.6895466083391332,0.6737522686591838,0.5805588586908134,0.5737905678322451,0.5997580469544678,0.6467286985895541,0.6866083266456654,0.7972911409166294,0.8449178713512383,
pre_model_seis1_20250809165442_272.dat---0.8994769178278954,0.9160967410860487,0.8516197775853978,0.913028734233615,0.8719508213729494,0.8591221878975457,0.8228056408533899,0.7809445931321825,0.8333002627953778,0.8540435304925196,0.8892621648227089,0.873620371352647,0.866801431881289,0.9538162049880404,0.9368620370555156,0.8537250363511845,0.853602092294273,0.9127689899008499,0.9012037489415798,0.8884036363193414,0.8806274942023034,0.8668002072267279,0.853183473548344,0.8910678833822108,0.8807010793590602,0.8698636139068512,0.821822604939796,0.8469920628538883,0.808077082981594,0.7765335259264893,0.7557473554783827,0.6910475444267944,0.7536269660228706,0.7310587772448885,0.6885099821402356,0.5901799925188488,0.6188970886262656,0.704591855482035,0.6636502807464023,0.8017162982231745,0.9495345046578112,0.8286996242702277,
pre_model_seis1_20250809165442_723.dat---0.9030722073070033,0.9285079308222849,0.891608716221238,0.9089609979884093,0.9096950938229422,0.8948291149452439,0.8156506223721816,0.8500152921658751,0.8555644541454577,0.9031648549653769,0.9128880216373927,0.9166271947660102,0.9547045995863567,0.9711806206185565,0.9826481801631335,0.9738338540421632,0.9736551004218613,0.9408678137708392,0.9194417698897729,0.8914647221681321,0.8288168144934943,0.7440187388203147,0.6595043576847648,0.5790492274796272,0.45445717959399673,0.3113052665790704,0.27772576408656446,0.22112578774870176,0.17337557348646068,0.11386289470295476,0.05498208597321043,0.16257013822319008,0.21519811135194253,0.2576685213055816,0.3056659247336887,0.3195406477874414,0.37061419239809384,0.5076289675685848,0.6173682667214729,0.6710181939718236,0.6641563382540265,0.6538544915801278,
pre_model_seis1_20250809165439_132.dat---0.9114052058810845,0.7942661023588807,0.919057161640323,0.8907437705819818,0.9069974305641012,0.8373053449252371,0.8664868927456412,0.8127119906563482,0.8406489141060837,0.909105552644286,0.951037125416472,0.974460943155343,0.9802671243715316,0.975425491955723,0.9792331583746527,0.9873315085579248,0.9431699827010082,0.9267024627614736,0.8611437718918492,0.8091342823342497,0.8292460559036262,0.7917426160130245,0.7707950427606316,0.6772680046321171,0.592484901991762,0.6246987518867232,0.4971018007703405,0.4190086317155328,0.4720073958148519,0.4143695970265651,0.3013874012439187,0.36884931884933564,0.2976349595720989,0.30851997837803835,0.3711211535994596,0.3545423321726281,0.4009736676293071,0.4222364203103699,0.47990000584484427,0.5225118522448097,0.6243985192757662,0.697986161591706,
pre_model_seis1_20250809165451_704.dat---0.9329343020410336,0.9284761126804345,0.9179281846224041,0.923364388496765,0.9066940086896919,0.8908802444288483,0.8941975107392606,0.8309219948783436,0.8066751142477186,0.8701313811697203,0.891338644265458,0.9085340293074112,0.9406510624582195,0.9637695076140399,0.9684717093248124,0.9649626281884095,0.9209658668019536,0.85648984002921,0.9111150828395241,0.9363576076591791,0.8677575338797859,0.8233472293700974,0.8338732651017219,0.8161510171487507,0.7993183251163152,0.7407829344587177,0.6469080744133575,0.569840015391599,0.5193710197842438,0.4744887809636832,0.43271374738313506,0.383505654848041,0.29647062719271805,0.2778506705227971,0.2887864625474328,0.2833135926748342,0.38613860142061746,0.44307436520923094,0.4585932556529143,0.5855800036383352,0.5421166866392532,0.7228010020448784,
pre_model_seis1_20250809165448_68.dat---0.9713282696372987,0.9752571097898759,0.9578283992225107,0.9699490887228324,0.9125330876640124,0.9019370694172109,0.8994336610247067,0.8625772499911181,0.8041182513345949,0.7501675062707891,0.7656770636291615,0.7740636177254698,0.7385674331417168,0.7046370468556518,0.7971647473584399,0.8391578609540846,0.8698711314367797,0.9046077390419099,0.9081178099278184,0.8658701754453333,0.7982270212027621,0.7782564332599262,0.7459567118635649,0.727913232918949,0.790418890012849,0.8101153487903203,0.7925832613420648,0.8140694292843917,0.8414928576608003,0.8357603503877551,0.8259617343180371,0.8157695671256061,0.8484159784079375,0.8162875751341441,0.7543808857055807,0.7833867304602736,0.7919286326606909,0.6346964464864487,0.749860718598561,0.7835942739323648,0.7431205170376219,0.8208551442727308,
pre_model_seis2_20250809163936_889.dat---0.9471346690470461,0.8464856993482434,0.9502866493850676,0.9180708095685988,0.9359841749746413,0.8969440441301106,0.8980755588693267,0.8764676578934147,0.879304063862834,0.8755208059082515,0.8513281621284139,0.8538661942441551,0.8620921776671849,0.9376358103576187,0.9341687504973707,0.9306013744942893,0.8780044294934267,0.8886518600610277,0.9061442368242617,0.779230488098564,0.7613838773594932,0.6938514137177488,0.6624664787877651,0.626867022635596,0.5711819438141232,0.5522190584037332,0.4797094374648884,0.46596346290684504,0.42836039531386205,0.3727739842496069,0.2982129429075521,0.3491154439364954,0.3624389731221626,0.36768507128338646,0.330219701076268,0.31372622237565245,0.3238877693718578,0.3180698992228205,0.2523847782045584,0.31439823443467,0.2966290512866289,0.658232750700721,
pre_model_seis2_20250809163915_213.dat---0.913776938625983,0.8977396744579855,0.8221018659987296,0.7653776749989029,0.5829233511330144,0.5129341134343582,0.4102298763058008,0.3060678972325919,0.212496092714416,0.29839250852226146,0.28331149503628655,0.4500865961557308,0.42284723779266997,0.5413471950082569,0.6190285842293497,0.5797287600250016,0.5558056460238023,0.488842246291453,0.4914352315736028,0.4700130035883562,0.552388599123402,0.5143456318258461,0.49413083211603726,0.5293124056299883,0.4126245582523204,0.2776280341974262,0.24020537175290893,0.27119785792104917,0.23935329242381415,0.2317259546205438,0.23189141873065358,0.1771157454447662,0.1443021700633931,0.11293300406876046,0.18507509259034038,0.18254436740295202,0.23649247084408506,0.27296425145655084,0.3212336640047813,0.4116024180540733,0.4459681621481421,0.4173053973614728,
pre_model_seis2_20250809163915_303.dat---0.9505346872679624,0.9489641351186943,0.8970871126543096,0.9316450079193923,0.91592953502991,0.8671539712407292,0.8682079789312036,0.8493214352874429,0.824042927638897,0.8052729511869898,0.8317442820707682,0.8278331606857914,0.7826233703962359,0.8525103365838569,0.8730453989612581,0.8541444438563258,0.9555906103063705,0.968055551893953,0.9567325778726264,0.9533699912441131,0.9318982817065541,0.9047443646652121,0.906734465524246,0.8806691036013389,0.7798796368343857,0.6079305130065163,0.6281000373353578,0.44775920039402056,0.5012262038234336,0.3396388012708149,0.3164224192761129,0.242605362274885,0.23546630757284115,0.2149950781344434,0.20468788513642036,0.22045554698838343,0.29998605151964,0.2297048547924473,0.26911890407690653,0.38837988636364823,0.41459825078790263,0.6750929419812766,
pre_model_seis1_20250809165454_263.dat---0.7881966575371824,0.9350254022941401,0.9316726103700587,0.9205722447993521,0.9071972656316655,0.8115713551874335,0.7902572851989859,0.8797578564457167,0.8165642062086056,0.8373656563786042,0.8650783256007082,0.8832926520451699,0.8378490779679728,0.9036418159669697,0.8776243404889679,0.8887269342082722,0.8366188871730936,0.8291325789423144,0.8546668259264989,0.9154183639067283,0.8407325451706494,0.8522071814839618,0.8308223070858691,0.6733462563722805,0.6721658081859772,0.63891214681374,0.634010431266968,0.6125295777270101,0.6127645032202673,0.6396859006642069,0.6241855543274929,0.7505864870318927,0.7429216688367553,0.6629061376542252,0.7219423904700573,0.7964445468335583,0.7717770563258074,0.8748470184574374,0.8561639684726093,0.9007685923051084,0.9396110375513204,0.8038917428911131,
pre_model_seis2_20250809163915_49.dat---0.8938614764094391,0.8347739651148053,0.8594449554420474,0.7747147301002529,0.7823114215577502,0.7080077416150385,0.7356220875093519,0.7231170277803579,0.7342956656742914,0.680848494325462,0.880579495648193,0.8400794941525951,0.9171274262514018,0.9152327120453161,0.8943374807964646,0.8503208568034745,0.8494475431678857,0.8674997295493783,0.8557923983315936,0.7899791752780478,0.768529898171852,0.6752442269849321,0.6603141505096655,0.6468367169635649,0.6854649234451943,0.6509696944360032,0.6144869167935609,0.6605361159875247,0.626341553576028,0.6006847740976498,0.5627948066102139,0.5548631948057332,0.6261856160185182,0.6331767005017871,0.6211173738652849,0.6318287533208651,0.6807204042750359,0.6810281509166559,0.745900480078511,0.7590280931365465,0.8260218134034313,0.7390114203768712,
pre_model_seis2_20250809163927_43.dat---0.7890675693196988,0.9347500236102009,0.9319871652685723,0.9283910493501056,0.942974215804735,0.9434588206278517,0.9395963229064643,0.949448860516246,0.9575344671449354,0.9456292574398927,0.9507060234668807,0.9543765518906265,0.9827635525045284,0.9556652944893752,0.9186063529987712,0.9129638805827778,0.9108619076871445,0.8939676002793058,0.7718114017357561,0.6723310991870237,0.7936114407034539,0.7685416521656333,0.6698371986720436,0.6861887911420048,0.6173091231370132,0.6566388314040766,0.6560738867397266,0.5351156307438162,0.5631194624209408,0.5146574990532723,0.4438282431151367,0.5103319636335817,0.48336048489404543,0.6202012244928452,0.6516984416801972,0.5505129575143738,0.6600419470264531,0.6072270145125112,0.5582422831970733,0.5029117060110934,0.5004748542406198,0.7496784403246538,
pre_model_seis1_20250809165445_115.dat---0.9411333659673166,0.8356796140024746,0.8582094204078872,0.8205597452834366,0.7980173140038784,0.8442871569224013,0.8005849273365742,0.8053303491854951,0.7199132602113992,0.6659311588194304,0.701710474390444,0.7001020802001908,0.7421615765249822,0.8079673565670453,0.7147853729187438,0.681432678778766,0.638494999782527,0.6574358271536368,0.8107450607298242,0.8315271336061858,0.8108864880388039,0.767847092921942,0.7664921442517759,0.6225674405113181,0.5586809386605504,0.5760952310727027,0.47441571746269207,0.5202369302799209,0.4881109704746723,0.537741856721846,0.6353017221102149,0.650001874407424,0.6387703872041847,0.7202839411926518,0.692548692847198,0.7332926812167251,0.736170131311801,0.7146944206533419,0.722129093434535,0.7516628133893252,0.7641848766606467,0.7136127882345588,
pre_model_seis2_20250809163936_291.dat---0.8905958748708822,0.912036254532698,0.8717815182007252,0.8293113770129512,0.8058785460425564,0.7287393607563737,0.6822106470939469,0.7215630549423234,0.7860054508982582,0.7549761161879353,0.8415533762504486,0.9660708318553813,0.9796981985951834,0.9709304627311346,0.9633905101506343,0.9779433914605752,0.9829984193298673,0.972799806524681,0.9238609484781996,0.8986594862884183,0.8566900955355857,0.8811322807408689,0.9048370493271696,0.9068416660134683,0.8259398197185478,0.8078750668664909,0.9082364174485584,0.9317941919150344,0.9415245997426883,0.9431301532308416,0.895714254616644,0.8075481357813065,0.750517780504196,0.5837649288460032,0.5699825880049731,0.7356668379563001,0.7890610224004502,0.845819937056979,0.8912410372427847,0.8870380753838764,0.8566216320073657,0.8532190537205685,
pre_model_seis1_20250809165457_50.dat---0.895103774891359,0.8648048447180897,0.9436381646692651,0.9519449807720526,0.9378271708565464,0.955479413695667,0.9435158202621344,0.938855628467261,0.9386391821124286,0.8799391780259679,0.8944376798879143,0.8908297830195838,0.87379505419512,0.9236110602527743,0.9412116074154369,0.9648554330273853,0.9855738525673184,0.9691998534885622,0.9456545851856415,0.8484192831738405,0.810819609787586,0.758832906856907,0.628633088235204,0.6877768989813642,0.7010167943704699,0.5293835472665117,0.5788315453772243,0.6425090526389975,0.5720428047823168,0.617034810567423,0.6271122424261163,0.5382418742064604,0.5701654074740279,0.5212868461720565,0.5226173792751931,0.5349529397879141,0.5934554940719668,0.539090357555622,0.5620496372368308,0.5318972598320098,0.3791850960291473,0.7544944376491632,
pre_model_seis1_20250809165451_299.dat---0.9480826662748615,0.9190764205386001,0.905360677642657,0.8801637434318837,0.9111505878056239,0.9071520223913221,0.8788087794104031,0.8914449965288911,0.8973453024583194,0.9275588060235262,0.9291606487434553,0.9399729386087013,0.9755947198661297,0.9638437473047202,0.9265395011162844,0.8108184731632095,0.7660996804301634,0.7655464402976424,0.8143213640595294,0.774763889774207,0.7630215621477704,0.7278966931055427,0.7468735901238324,0.7384260469814519,0.6764746021797755,0.6722454236527525,0.5893816504775738,0.5901165070923954,0.39349615548285777,0.37338228831455056,0.3220866930895856,0.3656955547682689,0.3413019704555712,0.44882730580533214,0.5275171711887957,0.6604424966933252,0.6755096837859891,0.7513044727617584,0.7542150098742878,0.7653651257781795,0.7606023757098208,0.7409021411058426,
pre_model_seis1_20250809165442_667.dat---0.9487338610763058,0.9457418392147335,0.9188386738002298,0.9383690933214412,0.9075156624291882,0.8674131652412062,0.8655014370082099,0.7475266216427432,0.7087433205399566,0.7668151710812414,0.8175937784803202,0.7293963225018313,0.8702610884242059,0.95077404047153,0.9311277121257907,0.9695089070035944,0.9801526763067315,0.9800136581971313,0.9604717380203098,0.9043653226971802,0.9168443908884494,0.9164024058180259,0.8925123193747512,0.8552776009217736,0.8447270249484896,0.8316627648903512,0.8268908891302547,0.8176154808612505,0.8125989909356418,0.8503329709179632,0.8580757087199716,0.8398764913588472,0.8607108366232396,0.8496727768031128,0.8825575146489257,0.9047700237437902,0.9031574642451744,0.8977518998541961,0.8807128076760494,0.8535404595584727,0.7698405992230827,0.8725462319689196,
pre_model_seis2_20250809163924_64.dat---0.9493630011559381,0.9488305673431773,0.946555027266164,0.8949892008462088,0.9225809652973205,0.8780601174284328,0.8920779919648294,0.8570679548532166,0.811867485889655,0.8517042628963686,0.8539974243453775,0.8601523800293607,0.838412762757337,0.956638961558412,0.9661990353295604,0.9550547457684999,0.9232822647428072,0.8224488920692128,0.8281920468543527,0.9191415434324421,0.8696436933821154,0.7994234156224298,0.768904365773247,0.7178906436471139,0.7591769792456504,0.7567100119610141,0.6906250216766388,0.6671336926688582,0.6146338180048798,0.6108771216555547,0.6131773149099665,0.643305610251685,0.6733306744396366,0.6906941217768778,0.7108351211749041,0.7777694095328715,0.7425458197310114,0.7058708859787409,0.6334949708715459,0.608884904266126,0.6211259655816459,0.7939675657068582,
pre_model_seis2_20250809163939_823.dat---0.8229883308612401,0.7770115400542383,0.6855172896171103,0.6195955437701397,0.682815429666273,0.6293578289852799,0.6679535878779183,0.6179031398295697,0.5766862516909201,0.7915891119412948,0.8499149123510491,0.8663976087917417,0.8538698478851129,0.8120851130962415,0.8546239537604681,0.886175952518288,0.897671619276322,0.8505938231293134,0.8963240484344521,0.8676348288982189,0.8067681640681613,0.7990025990124943,0.877577318631922,0.7586575953292909,0.8068956818335162,0.8089727286285845,0.7726888424489855,0.7848803697048755,0.7576076986299336,0.8135715469350473,0.7363230325368946,0.6842300798976629,0.6274288854846528,0.6489328684502061,0.6263397706449656,0.6583417250206142,0.7311061444923417,0.9196623408839371,0.8880988440706871,0.9376465148785817,0.9344637142318867,0.7777050299573275,
pre_model_seis2_20250809163933_333.dat---0.8826497611982684,0.860365027669974,0.8448341799849151,0.8559989205370624,0.8680928328466337,0.8689863489558106,0.8732920426976686,0.8969961412701145,0.8528563935656969,0.8448770638721131,0.8729222752368799,0.8680312837220139,0.900722557943516,0.9415632052669055,0.9487491985329722,0.9348740523611919,0.8978526584849196,0.9245171677612347,0.9536655034799959,0.9321313901538161,0.9331652856842333,0.9354809810353399,0.8648947775153851,0.8452550983609318,0.8177899952711276,0.8157361562578557,0.8489078033591129,0.8037846360853026,0.7487458990650411,0.6690534590905135,0.6630527311109723,0.6109672586004737,0.6306015835107576,0.6052815049059823,0.5588771287597144,0.5593312022009772,0.6019387345876276,0.6329880097902026,0.5724702161511558,0.6282327119254029,0.7255269973047377,0.8023429311247452,
pre_model_seis1_20250809165454_505.dat---0.9186327956633535,0.9346950324145169,0.9327693416329659,0.9441426979861292,0.9450896311655819,0.9314069768708065,0.9594513722268757,0.9728045561714102,0.9772606765031808,0.9727853877300934,0.9294984410833842,0.9088643487195752,0.8451776046709668,0.858880078915505,0.8893760743278811,0.9043422448014191,0.9480311643614308,0.9236994646088434,0.9229958760125824,0.9590257996975935,0.954381129798421,0.930197201291113,0.9114450408238378,0.9031114979326419,0.8693625598742949,0.8840814309454441,0.8345947799755916,0.8104298353103321,0.8081507409151489,0.729172068722634,0.7228162152981605,0.7338907826686232,0.7368206269343469,0.6984029396475611,0.6860743474169576,0.6377279542830122,0.6104669019212775,0.6280161509505119,0.6142546901565582,0.6251224323479582,0.6971992669449787,0.8440158087737438,
pre_model_seis2_20250809163927_713.dat---0.9468327089678339,0.9595345640880585,0.9081526079571456,0.9220682133139069,0.9217494204894947,0.8539252270318336,0.8886941790692351,0.877226409509969,0.8713677548329285,0.88168001213151,0.888285421377353,0.9440656062658082,0.9333276024579462,0.9764843162254776,0.9850959472731139,0.9718756570125666,0.9597769818572667,0.9680158292459731,0.9567810965239077,0.9656411827167967,0.9568890847326944,0.96225288694869,0.9517262532150936,0.9196207777059834,0.9006194653675234,0.8801294994211855,0.8349120967054434,0.8060225217736264,0.7940341314821924,0.8098691365294377,0.8261167340330388,0.8332356509722517,0.8018030208192501,0.7548850811668724,0.74153957901869,0.6985581068849775,0.7228926460076917,0.6276202062835174,0.5781601617544861,0.5569347510944211,0.4114851138405438,0.8524362840025791,
pre_model_seis2_20250809163921_212.dat---0.9614600538216707,0.9694000519861656,0.958048048893388,0.9227616358758313,0.9214761466454553,0.9095040015797535,0.9204995441542468,0.8786001252625532,0.8705928907509117,0.9069486015997698,0.876979926757666,0.8774985663497704,0.8793999066352529,0.8356176433693527,0.9025699193474436,0.9419286641361762,0.9069296464051894,0.9438687219311296,0.9099527045380607,0.9120100378577759,0.8928357797968148,0.8579253034958004,0.8044974813887853,0.8372417483056714,0.8638486340116873,0.7654339085173003,0.6586805536338171,0.5695519883430471,0.519129017452721,0.4450697311326405,0.3993676362201255,0.34991697214834583,0.3312847076703317,0.2842161426865638,0.28644759855249896,0.33361080681967836,0.31346423026538606,0.4343102406266934,0.4646988951848026,0.49343353206937773,0.47966384343374646,0.7217237948695953,
pre_model_seis1_20250809165448_853.dat---0.9251122011353194,0.9552052563958366,0.960702669515832,0.9616099099352314,0.943777954539713,0.9225235382031589,0.8989722461721077,0.8839783003055145,0.817591823361293,0.8101907213849653,0.8007449667281119,0.7332707972908676,0.7065548961244371,0.7769882819537581,0.9330401437475057,0.9217913406306236,0.899200789557284,0.9180431445670652,0.9158225942401084,0.8284551903642905,0.8678178702579996,0.8857979157852187,0.9010557078058615,0.9194531550381022,0.9200033377060636,0.8605775285762558,0.8124686067633802,0.8599145005206957,0.7896969109284034,0.8423542060334666,0.8481986504940633,0.8208954880098036,0.7928217944084712,0.8657762494523998,0.859040681717007,0.9103460087946793,0.925385702577882,0.9225150004781744,0.8755156227219523,0.8734613349495108,0.8340702164578444,0.870749835503177,
pre_model_seis1_20250809165436_517.dat---0.9039095654102521,0.8648668949994588,0.8899212636618569,0.816453500251932,0.840757392984925,0.9213093765067937,0.9176325722690868,0.8640365277757693,0.9253264910972566,0.9141979728431312,0.9019396519281897,0.850177624813286,0.832326725798445,0.7718125145241512,0.858380260239142,0.8123742097534786,0.8079285233739465,0.8252615739017586,0.8615867269583767,0.8324271360561968,0.7964900195140648,0.8219942742725022,0.7926643230653656,0.7513956718699437,0.8108785057157578,0.8964611351603494,0.9200657324469204,0.8915547146223834,0.8641288147199211,0.8250840453496241,0.7769615276506608,0.6242251906919102,0.6524556434043663,0.49995550732281435,0.63261277594926,0.6402121426950803,0.5592143973270001,0.6612702392947537,0.7116999527838755,0.8211596595413941,0.8288846489641505,0.8046828153051104,
pre_model_seis1_20250809165451_798.dat---0.7830907308904081,0.7603977777204244,0.8437851858992519,0.8945410391577755,0.8536581091513512,0.8737484355958094,0.8623166574557893,0.8881317072915922,0.889003005452216,0.8493497270230421,0.8456996029542879,0.8868552190651108,0.9350546222912606,0.9392284938278561,0.9863129363898032,0.9620206779416403,0.9386497094297398,0.8905315595609399,0.8357948636852058,0.6916381864992457,0.6674033562442068,0.6051339715878404,0.42931579509764367,0.41058194835463235,0.2814009282219518,0.3586168036018252,0.34457162715404815,0.2591951809120491,0.3455418245471589,0.28230422583155174,0.3800144628940443,0.47698238465846293,0.496334203232611,0.4960872213688747,0.4807823732942726,0.4747569289864297,0.4837255416244132,0.4042972963404839,0.3225608425797692,0.2590894596935916,0.2360387411929223,0.631818130846379,
pre_model_seis1_20250809165445_129.dat---0.975007022106015,0.9722748443339633,0.9669190609899764,0.9546562876389239,0.9537979122442144,0.9351763015436642,0.9179053386664745,0.9035145940949335,0.9060305685446898,0.8851805976519629,0.8935220028215198,0.922378593727962,0.9426773015011224,0.9677319812266889,0.9675436785616467,0.9458404258220872,0.9572226566976877,0.9688392823167675,0.9539141347920855,0.9347154104713948,0.9334482646075465,0.9217464337205437,0.9539322497100067,0.9504789331957079,0.9523804800208338,0.9394580863004107,0.9338275446963572,0.9258429699476093,0.936512221019774,0.9046695191404408,0.8847907398188604,0.8460068249687377,0.8477843713927813,0.6463517257652214,0.5701063169707773,0.5373721285481119,0.45810508672271455,0.3079841132306287,0.26032971105151614,0.19097020194158354,0.3031684066431464,0.8300027884187097,
pre_model_seis1_20250809165448_539.dat---0.9084795868391279,0.9026279751969677,0.8937731537908499,0.8915826613006221,0.8882977613753403,0.8897943476851597,0.8775099526046563,0.895202929316174,0.938609366997354,0.9507939214998157,0.9451606617445941,0.9336407241928901,0.928851749196882,0.959991214540009,0.9916698326765103,0.9328548164692394,0.8543983825947155,0.862415492286787,0.8067050687919014,0.8053871217112175,0.8188180549343456,0.8943516590225127,0.8277239739300465,0.6919627855205376,0.7003284367169018,0.5729362584658972,0.5834321854255363,0.6237985166573491,0.6004967381967009,0.5697559225582088,0.5282536449653953,0.4866014369187084,0.5726952264527885,0.4696254047503128,0.5724865892435979,0.5728833223467552,0.5535498520723443,0.5913820566661443,0.5910144605061259,0.6146108278627924,0.6510931527491164,0.7596474933359251,
pre_model_seis1_20250809165436_21.dat---0.588777864669964,0.8857162747185382,0.8520214471835261,0.818657730577446,0.9064249592100923,0.906621533859796,0.8806027197039541,0.8991537254811063,0.8906023369682051,0.8727043136967451,0.8516548232718977,0.8326004967442706,0.8580359162359965,0.8654229390711761,0.8907946779373511,0.8349541066825321,0.8947569288350454,0.8960990219270717,0.858548183011201,0.805980487365961,0.8061273705910668,0.8050444505562807,0.769054550536116,0.7729812738794977,0.7695066141230406,0.6945489102727281,0.6920405517476401,0.6281765020555189,0.6274921614403909,0.6419986272132232,0.681556087658015,0.6380049188189532,0.7313472305224824,0.6928066526968976,0.7056555001250387,0.6109563642708489,0.6951021009065931,0.6045462524702925,0.5865586462659063,0.6127811982874233,0.5587142743210092,0.7662227006319718,
pre_model_seis2_20250809163918_708.dat---0.967313884288836,0.9512610697979369,0.982884636239811,0.9645543178397844,0.974466804050791,0.9770511139238466,0.9605187002734987,0.9597687775980287,0.9397999577295554,0.9489193628010947,0.9251916169099813,0.859388651000901,0.8786071402680176,0.8836317756192847,0.8798916953171377,0.8628959183707049,0.955090185982418,0.9699682018937118,0.8479719679484792,0.8456690306856314,0.8954109775090878,0.8644248066533782,0.9248551462488652,0.9237818779722249,0.949346589936961,0.9616478803619696,0.9590568507734311,0.9639226912947155,0.9461252832187215,0.9220305356768959,0.9186700508598565,0.9177113970329329,0.9101431019681794,0.8876148275245248,0.8789684463524317,0.8542510216461566,0.8375637191911066,0.8685306925317534,0.8741846501670097,0.847965378952674,0.8091374511488723,0.9134192240380781,
pre_model_seis1_20250809165454_61.dat---0.9689190804539339,0.9754767968939345,0.9733102557409679,0.9656480473724046,0.9634851692903703,0.952882994567949,0.9307441175434598,0.92696169009815,0.9255633285730609,0.8955432959253179,0.8505891980169983,0.8554994479285957,0.7884828350158011,0.7811658741208108,0.6610197674253434,0.7475738153364848,0.7477104692609629,0.7913485103026312,0.7722310555949355,0.7064811812043179,0.6527988930182204,0.7777705982046386,0.7228439103313585,0.6443000325837387,0.5612838511313275,0.5066708926087632,0.49602483716294343,0.36286651536592973,0.2707873726552094,0.21805620756882788,0.26101273900031047,0.1976925725994573,0.26102081966142454,0.2845472229215984,0.3043193583557595,0.3897944875271022,0.48283496388565833,0.504119663133939,0.5475251547326668,0.562489675600129,0.5590982228668632,0.6524023151605439,
pre_model_seis1_20250816100540_54.dat---0.8761293603602468,0.9132862387720356,0.8846617843569123,0.8970837956041635,0.8904373422847972,0.8811763222367023,0.7863220157180332,0.9054068332622488,0.935145293833472,0.9390905925282722,0.9354620015754594,0.8919498674065807,0.8927279153118494,0.9139581204158475,0.9076353842848296,0.9476792704940934,0.9260972743445993,0.8751682698385863,0.896914621990427,0.9080540429087401,0.9047742425637262,0.8466827177052457,0.8506470756928797,0.8712411913699853,0.852742586894,0.863430947112308,0.8724835592233297,0.8505384709023823,0.8453276988653762,0.8365954290598295,0.8171326809993168,0.8123463268263302,0.8055357337030745,0.7801584572099245,0.777697539222262,0.7493805406055806,0.7752994425464607,0.8129285669150705,0.8196081859935975,0.8640238605846897,0.8563918665226616,0.8651061821474616,
pre_model_seis2_20250816100657_0.dat---0.852892103365564,0.7444218861683876,0.8297260422279045,0.7684308941922818,0.8025132888013136,0.831615513475891,0.7882758499442497,0.8311726297173607,0.8135031390283322,0.8344318085392575,0.9096343338966865,0.9781675698160902,0.9728213105612039,0.9763150703206693,0.967082348665218,0.9530203078527092,0.9284295500824162,0.9478821475626991,0.970954209097405,0.9286628458208319,0.9336057605614452,0.9449959780233523,0.9463245074144664,0.9214663818656987,0.9244633316905039,0.9069592242604317,0.8705649891198659,0.9250291900068937,0.9150333233806246,0.9053080487348015,0.9032549035339436,0.9174054057333628,0.9115741801652887,0.8785241091845447,0.8261453190253761,0.7419609306011752,0.6847022653848177,0.6557688129257543,0.6135053410275569,0.50522775611978,0.5595325300819897,0.854178174097028,
pre_model_seis2_20250809163933_485.dat---0.8968500401558608,0.9384938497999699,0.9206785368954127,0.9104366373735375,0.8162354893410962,0.8912072395506357,0.8442173857578967,0.8478321402943382,0.8532804757824947,0.8303609040748476,0.7536956024353635,0.7908985412498196,0.7784178858268715,0.8179307462180918,0.8472845412948299,0.938571380623692,0.9107688410782473,0.6899002228917704,0.6562129827893789,0.6376480805375551,0.7349742273891599,0.7092660648169972,0.7613933145434956,0.8707790846727884,0.7569902494889067,0.8179161065838834,0.7933414873857939,0.7862938641076552,0.7719774802644748,0.7656752070586652,0.7269528093985684,0.6595872796083477,0.5924000807763495,0.4782500848620653,0.40450312674501626,0.441457386057783,0.545083399391283,0.6129730899039212,0.6953509320819077,0.7357416550659444,0.7433322012113441,0.7554917233020993,
pre_model_seis1_20250809165430_703.dat---0.9554419595218167,0.9547717002578352,0.9122306643858331,0.8862467408954663,0.918454573072929,0.9208744897200247,0.9411171751783897,0.9388136611594948,0.9473026352864596,0.9443732216339931,0.9110726285164015,0.915132001361284,0.8549746938443975,0.8337667827871021,0.8961132567630802,0.8824259330288695,0.8283863892135556,0.7880913797254963,0.942494588976784,0.8852664658573186,0.6402362246176541,0.7404273790111207,0.8184184266738411,0.8674617905462534,0.9454987663342053,0.9173114413280117,0.8388662028896893,0.8549754144610666,0.8722036675568814,0.8512696422221656,0.7486473055323098,0.7545835887092076,0.7306316948797279,0.6086720938413949,0.6126040423974992,0.7278367292738589,0.8409597860103885,0.8668888180010811,0.9241675936063277,0.942011449353585,0.9374341423595547,0.8560599302632281,
pre_model_seis1_20250809165442_359.dat---0.9099682355447991,0.9175240522568956,0.8581811581337692,0.9039096203089613,0.9241906464714665,0.9005193501027543,0.908559041777321,0.9197913008678991,0.9282360540388728,0.9393788923479119,0.933219065447587,0.9492616987406698,0.9771027279500947,0.9784124935213948,0.9752473628826102,0.9906451492213549,0.9755693596155398,0.9472733660267558,0.9376175385119194,0.9522732615324297,0.9193269496323733,0.9444219736541238,0.9363045860197641,0.9223790229588513,0.901234586466915,0.8504534173891974,0.845062445588136,0.8204555108677728,0.8462361155122295,0.8225297751683877,0.7886846894958193,0.8188808209923232,0.782035441637609,0.8134533993688768,0.8121883470754939,0.7861421333557316,0.7809449958497283,0.7388816403200082,0.7649783524242195,0.7871601314609517,0.8584157430792946,0.8845622061858249,
pre_model_seis2_20250809163918_304.dat---0.9404034356573429,0.8930439504250555,0.9410869453643772,0.9371377752936992,0.9342312924473234,0.8949335538870011,0.9152572806738107,0.9214541753775943,0.9252329898054696,0.920364946004221,0.9395948860900518,0.9398348277377212,0.9402048560991538,0.9410029708218303,0.9623300148819881,0.9803945647034629,0.985391276304199,0.9577918221436112,0.9593277265445262,0.9530327664966759,0.9620253369594232,0.9507125054777755,0.9378349533219689,0.9519125407505195,0.8999280168939988,0.8806572397967776,0.8846351556616275,0.815158050554683,0.7366599065290973,0.7008132090859833,0.7370083649168537,0.6439182329818744,0.6814936474857479,0.7702610448401566,0.7458269898716471,0.7907352319569985,0.8170692361926375,0.8076064165477832,0.7905276517210011,0.7852843276338051,0.7690505025938006,0.874174893134958,
pre_model_seis2_20250809163924_355.dat---0.9419347227435981,0.9713285533577513,0.9690887360201472,0.9655948771473244,0.9526619445108997,0.967550306884191,0.9711664115055412,0.9597098525165763,0.9688216757871456,0.9613974754861174,0.9033625877170661,0.8602190810279173,0.748919243994936,0.8035475882000349,0.7886048723392161,0.753606746919773,0.8466219918435459,0.853048653307978,0.8871950491204128,0.8224652086807877,0.844815161340311,0.7737129860449743,0.81733360348378,0.8284086295303388,0.8412863152437104,0.8625902879184303,0.8099642799400167,0.885272549369353,0.8737425282462954,0.9201190229263436,0.9131797869528131,0.9021814289328355,0.8707981303524246,0.8908307857320574,0.8881377889925631,0.8862147945994937,0.8614024266536318,0.8839513185263247,0.8398876592404,0.8704741080287645,0.8538776141164677,0.8784152874459097,
pre_model_seis1_20250816100516_67.dat---0.9505936405557242,0.900073699309652,0.950736269371901,0.9410518328520918,0.8963915943595934,0.9044979056696247,0.9014884397202807,0.8628416261143694,0.8737526448328036,0.8913386654105212,0.8715328157518785,0.9388706402330118,0.9563394423422885,0.9635344550152998,0.976317451013638,0.957019935485347,0.9672014200935714,0.9849695840964806,0.9457803606389052,0.9240972979724772,0.9154277809815876,0.8755136409320332,0.8712095240429089,0.8312540207794161,0.7780249376009725,0.7010095681182018,0.5803754299301517,0.5622967374929578,0.507105461947849,0.4181581192260698,0.3903342250243702,0.3058057709923977,0.29368290777956274,0.23095185269507396,0.21109280540486808,0.29281508104697684,0.40735346186184485,0.45238349713392245,0.49557202015865826,0.5372558319534257,0.5386027445985202,0.7257232961107617,
pre_model_seis2_20250809163927_346.dat---0.9262441601816476,0.941154259328741,0.941984497823958,0.9377900429053412,0.9186350548029986,0.8874502733298271,0.8497787386022629,0.8139281911845351,0.7974493036649455,0.6990370637045606,0.7518287388558336,0.8066303041789091,0.7426828453353479,0.9475028325259552,0.9661195793400621,0.9402506685236527,0.9256575494649449,0.9451755044920224,0.9492702336023454,0.9379898475277031,0.9644884221700395,0.9709073977141296,0.9804464585130321,0.9761817229665521,0.8492786749633746,0.8088720162039892,0.793548844299101,0.7105027751709111,0.5983259011944037,0.6379421003406754,0.6625702279647692,0.7390670731230041,0.7446722563416536,0.7386567134801507,0.754756006061265,0.7897188804958645,0.7405260532328001,0.8448210068570222,0.8533607520827365,0.8898443928993979,0.8898419281846931,0.8430460803325649,
pre_model_seis1_20250809165451_808.dat---0.8137133303975955,0.8816206318010803,0.7908039625201606,0.8192951045567245,0.8229085035816347,0.8662525821751266,0.8103067086898305,0.8466225510564626,0.8430679447451314,0.9016665074640621,0.8724158401712174,0.9051881513637584,0.9146609190036106,0.9374631548231627,0.9329472647688504,0.9443172981570432,0.9660636488734299,0.8474621158304277,0.8507303826970508,0.8122853793129905,0.8667460955590801,0.8401274608737928,0.8979711074171168,0.9245242726892023,0.9108783448447126,0.883033641795479,0.9245176116387775,0.9222180992244354,0.9149028840163369,0.8827159132521643,0.9030185228065152,0.8701214268022454,0.8682994980106529,0.828238329732754,0.8450419801710742,0.8176416296247336,0.8053605954965541,0.8713055080569182,0.8854310914943433,0.9257003509210369,0.9279604396296663,0.8755011411230958,
pre_model_seis1_20250809165430_36.dat---0.9272580065936902,0.9261916251877989,0.806297038782453,0.9131175860630818,0.8115750475731106,0.8616891265235719,0.8108249496277075,0.7683838191171098,0.8371995703749157,0.8135619342289812,0.8575164101658204,0.8744025924594636,0.846147965473723,0.9254094206787108,0.862973404424247,0.8587947727117278,0.9129448263460271,0.9291874451515268,0.944913632282614,0.9145263694956876,0.8472905897423844,0.8536908009164653,0.7955602551483828,0.8149609705963171,0.8089973125326371,0.7500268972577016,0.8431650028606462,0.8112264525660643,0.9244400907799827,0.9380717728952647,0.9854346475483721,0.9705164743187598,0.9743282481112479,0.9662306190802894,0.9545367288094462,0.961287930398452,0.9189132064134712,0.9165742771746248,0.8284823832402975,0.7555896161754143,0.6858000978300628,0.8709278028697135,
pre_model_seis2_20250809163936_395.dat---0.9262809173063472,0.9235032797789992,0.7765190765090731,0.7987444557858712,0.860852685951482,0.8130845380406964,0.7883840981523935,0.8038575970132057,0.7399374857219377,0.7997357512768117,0.7320728270805852,0.8126161495948679,0.7636654362756817,0.6977355115533276,0.766157398890301,0.807428404509607,0.8203353946600137,0.7348369120192335,0.7605599683019073,0.7900174217372026,0.7710612075995912,0.8130463217822912,0.7522003856541107,0.7658586333082436,0.7698511769820935,0.761960539221921,0.7475287272838461,0.7006798055049895,0.6990166150505441,0.6979361816817898,0.6697500008239605,0.5895445125037858,0.5977131159926004,0.5641595775134838,0.5617612300282033,0.4870010500466176,0.539532566240964,0.5033107989484589,0.540664110125565,0.5201608988901736,0.35475583940630756,0.7152150879207094,
pre_model_seis2_20250809163930_213.dat---0.684758462507691,0.6642466344497775,0.8477832029009508,0.8724937904309723,0.8121424617792194,0.8565099545012265,0.8727153893810344,0.8464186117247701,0.8361237755468749,0.9075789862470693,0.8985401172481541,0.9338575061035035,0.9507864543262162,0.9607699784653492,0.9898595462587877,0.9650893409564035,0.9132679177990439,0.9052212939493297,0.8680533939406572,0.8459122382726859,0.8222248388671026,0.8094428903934314,0.8363325985366628,0.8581062345594064,0.8385821702050108,0.8059882713494059,0.7857714957843013,0.7250324161530055,0.6976787548740441,0.672775213898357,0.654903251854413,0.6576650499284338,0.5778708565395066,0.5262244875195066,0.5210695516526249,0.3737253166121565,0.34959516673876245,0.2888603179377512,0.2035120979639219,0.20179053762391103,0.1590607658337805,0.7267888132101272,
pre_model_seis1_20250809165448_218.dat---0.9628216453902604,0.9418985626298424,0.9268909469216344,0.9429037929758494,0.9205131215709558,0.905786987471526,0.9222934629525641,0.895589606853014,0.8735760555878271,0.8581541802708262,0.8511829532553795,0.842770078499519,0.7383700290732279,0.8241966802330782,0.9603704139376477,0.9697607779423967,0.9637105016977635,0.9370569779453042,0.9353189616206277,0.9121610814367271,0.9161007407178825,0.8930809814830779,0.8865176452644877,0.8945639548672433,0.8486921345225602,0.8763354076617887,0.8835588165837813,0.8838125227927481,0.8716262692998552,0.8699750849159538,0.870471794868155,0.8792595153884055,0.870029539521131,0.8611984151712291,0.8078892761891109,0.8644177136994771,0.8189504688585392,0.8692880937311925,0.876370712963175,0.8382944739741167,0.8698653821854502,0.886234774705496,
pre_model_seis1_20250809165430_831.dat---0.8075940986863486,0.8496464000609849,0.8669224769269254,0.856094508448235,0.8335104091422886,0.8124982464943956,0.7780275284998369,0.8514526209782725,0.7716284970755142,0.7370455805772422,0.8440778474386675,0.9047877712519199,0.9210467544197561,0.9278603991067441,0.9183889293040052,0.9059381429231229,0.9107536501947473,0.9261947770312596,0.9423868757572662,0.9276199295121049,0.8327572648879884,0.7486799840898629,0.6563293924053449,0.5997269735242221,0.5661254178547097,0.615183371328292,0.5231765029235295,0.4452561874005186,0.49578725189533995,0.48366771820342597,0.38696844358445726,0.3841558385430556,0.2907167555739774,0.2317343623217287,0.18642272876393323,0.1345889336996264,0.1313248475845591,0.06171273978261408,0.08836364245709243,0.06983583626513927,0.08865965113141804,0.6174304704402552,
pre_model_seis2_20250809163918_553.dat---0.9727666692472547,0.9636304603757259,0.9606064829050822,0.9394483702877825,0.9473118686358338,0.9528396822580381,0.9507947932440366,0.946401081510709,0.9594326705736447,0.938051905272331,0.9649649630836232,0.9809067303396445,0.9729388009195303,0.9809835572896493,0.9904335922742417,0.9847402559853125,0.991346726388714,0.9767241202954838,0.9692713568038605,0.964295958294858,0.957568872144263,0.9319010467183133,0.929945164612766,0.8872614682217306,0.8806933483987223,0.8393919204923117,0.818441015964441,0.7659741411634845,0.7045739489316881,0.7059670515793451,0.6826100219508207,0.655243024495464,0.6421795541602142,0.6090002722355718,0.5800129616510317,0.5563834403058268,0.4876007929841835,0.5114321114076001,0.5083248043499858,0.5184066852705613,0.5982578814073592,0.8311965749861232,
pre_model_seis2_20250809163918_151.dat---0.766088448747611,0.7927090769479943,0.8901299441163851,0.878452766905218,0.8657889466150883,0.9436190640195995,0.9445193238607831,0.9141307229722223,0.9470355336592792,0.9473380117105303,0.9417852628626073,0.922031158919074,0.9058630591572041,0.8858040846444035,0.8780951739947069,0.9437106900829585,0.9550341132868317,0.9437580714232117,0.8936892331771852,0.9170934223594706,0.9211873123221996,0.8281669387392594,0.8948277641396222,0.9212171634859713,0.7140212170717096,0.6389827453184945,0.4610732707344937,0.4267822425068508,0.2683565657758721,0.18231333602876174,0.09209110404208243,0.1213842903091963,0.11076591382187141,0.11627421199511499,0.15191684848362552,0.30427296718748836,0.38349129969816215,0.41096081882423485,0.432950118471075,0.46248553817730936,0.5393624231586043,0.6697453707257163,
pre_model_seis1_20250809165430_86.dat---0.9146699134140694,0.9713184537890022,0.9663322664863958,0.976821617790023,0.9738914831613732,0.9694075093010465,0.9637923736907804,0.9297055036247256,0.920331988869849,0.927826469474298,0.9242782446787089,0.9228511310030673,0.9457833929731893,0.9560542434318451,0.9690146525612067,0.9808900959036301,0.9752022800214706,0.9861099802572191,0.9662899818070755,0.9589372665341662,0.9573042703839116,0.9678129376697194,0.9578823135018232,0.9534180371948535,0.9537689457065033,0.8727179123504677,0.8359498620896423,0.8188980450980577,0.7862032989980454,0.7622157793849049,0.7693683698800482,0.7031767668248765,0.6980390052449712,0.6441194866277636,0.6187086243038434,0.6225251470872334,0.626753443565441,0.6726329937420861,0.8523760103833621,0.8827439579042454,0.8932675039945572,0.8768144283099878,
pre_model_seis2_20250809163927_125.dat---0.8751048031359616,0.9120393540455053,0.8837964266003709,0.7778361152144744,0.7777616504985188,0.7804764110976213,0.670909054627503,0.7211188599359877,0.6524268973070414,0.6278887700729182,0.7106049803598067,0.6804803863846965,0.7797256911972683,0.8488711121623094,0.95852918689537,0.9716486948401578,0.9713893659326522,0.9019257952021752,0.8924376479102126,0.8494036550794648,0.7989182337051121,0.7725258319532209,0.8359411914071501,0.8158253399306284,0.7028673649191692,0.6304038015162993,0.7066843889373221,0.6778700307414375,0.6235722387657784,0.5531841341242764,0.4898549262543133,0.4478606329902403,0.392139616824472,0.38071727917833664,0.30678806839170636,0.29608797857732716,0.20460188483521471,0.1914743061859159,0.12587395632452633,0.08273581525005927,0.050735692490479524,0.642220428580561,
pre_model_seis1_20250816100537_80.dat---0.9679443781651681,0.9094858066635393,0.9530177070443618,0.9192877325927251,0.9218895265363825,0.936705491477037,0.9022861100081105,0.9401833799237881,0.937721384196073,0.9419128648419576,0.9329963394470705,0.9609866010493398,0.9505534331715514,0.9314427025020967,0.9292371620580395,0.8902251506075709,0.8602392541237966,0.9254737544871972,0.8730169024635306,0.8189162452427525,0.8554784983840373,0.8485124696462671,0.7707985254432392,0.7945976821943013,0.6372490997655369,0.589032153676973,0.5899031595708235,0.5260184340419791,0.3964887133927133,0.3540387085625847,0.24027723815061716,0.2478481807354235,0.13966011620553992,0.4112667440516106,0.41389679400238094,0.552583436265633,0.5764357280847107,0.5875034753614125,0.6128946400440126,0.7393164469602607,0.6723271673582671,0.730723154597571,
pre_model_seis1_20250809165451_47.dat---0.877097179681884,0.8713319334912962,0.8172908305482892,0.8193374031655936,0.8149177517610846,0.8266916482328351,0.84302804800184,0.7858983900080676,0.8253974633823145,0.7714279654689775,0.7646728593356515,0.8215882843870876,0.8346747652033477,0.8589744713640614,0.8803300538394463,0.8930928262387663,0.8734152884428994,0.8880701762942907,0.9274661313427564,0.9725752635947832,0.9782284572405431,0.9828609493844824,0.9889505741409952,0.9776387825134556,0.955865588640943,0.9124620208988623,0.8757551511288573,0.8570673196327694,0.7780469204528886,0.8227260867256939,0.8494126516967939,0.914543365906182,0.9166256792012375,0.9389494915875461,0.9458670013073535,0.926475017435521,0.9138863936103866,0.9098817838777419,0.9112426527786337,0.9180047952467738,0.9241756275480896,0.8820962206034396,
pre_model_seis2_20250809163933_541.dat---0.9816058295052942,0.9797878147927013,0.9702345367872706,0.9682125984671272,0.972580947759426,0.9519874020014494,0.954766056330921,0.9219339792789663,0.9253843402800066,0.8906795011656544,0.906170586763318,0.9063234313036517,0.8997657231564016,0.9102289180315529,0.8706104383931216,0.9057549960293991,0.8854079880399256,0.9771266376672936,0.9945156278605664,0.9746378333566066,0.9570642152231343,0.957421678959419,0.9843634865493068,0.986795475562924,0.9390369210672151,0.9349979563567791,0.9002274965194293,0.8643270210093605,0.8427156608945833,0.8413079159969762,0.8667779689561768,0.8315579879518091,0.8239122560023681,0.796334190748756,0.7617744924911191,0.7037241204216066,0.7188585480064444,0.7280350497724029,0.6961496638195575,0.6585457554477593,0.7914417670466753,0.8861728003847428,
pre_model_seis2_20250809163933_753.dat---0.9116986126232395,0.8808772260032888,0.8790194560821811,0.7910276401959359,0.7742753132605508,0.732215359574863,0.5336870295159336,0.5685680300376259,0.5664047589384041,0.6596683382277946,0.7055328558070217,0.6168509866713633,0.8766331419216751,0.8909789524373757,0.9330921276935235,0.9373940915623912,0.972948100415041,0.9765297989587162,0.9814254200816261,0.9881264529807535,0.9900652960948221,0.9819174618678932,0.9832242396934158,0.9311496047106026,0.938862836278679,0.8801098857215128,0.8038177778981729,0.8107553986465692,0.8192379201997676,0.7709016779739121,0.6256713499283578,0.5278599258155788,0.26119261203931254,0.35672725503107583,0.2410205856160139,0.2707981865284524,0.2977032158776041,0.30127292779262455,0.26160676015589746,0.3602491733861223,0.4028094818219325,0.7071684699040883,
pre_model_seis1_20250809165445_658.dat---0.7500986343644012,0.8600420605099593,0.8619614850831623,0.8859529413491826,0.9202553807996042,0.8645951427378098,0.9069423879112652,0.8743639539394203,0.8793584091638229,0.8381925980369559,0.803306651759516,0.713238158222196,0.7049628257587895,0.7156519384822471,0.818233179628827,0.9553468958844928,0.9474973137895714,0.9486061647261003,0.9652928207423391,0.9344544002073362,0.9066742356442734,0.9027012115280285,0.8033825815345133,0.735344164664872,0.6579963948033546,0.6984528065301029,0.6690936222499415,0.7167232087755601,0.7591115758888977,0.7012536271676695,0.7960628279207521,0.6889367372321478,0.8508204032243065,0.856612167319339,0.8624905561947622,0.7864847447384218,0.8837495704634911,0.8463177577569188,0.9118726833722101,0.9247463547296941,0.9459546409741196,0.8305642735563507,
pre_model_seis2_20250809163930_187.dat---0.9406620946966889,0.9480574320310752,0.9417200079782589,0.9418960697009534,0.9402932777978731,0.9125800678001498,0.914072500027302,0.9134995023314537,0.9234252827305561,0.9402745069203909,0.9560434917960872,0.9455011412228779,0.9598928713073797,0.9702605747927102,0.9732917309726996,0.9627822632556013,0.9462886127780912,0.9038502867309649,0.8880546494864213,0.8803456072203045,0.887166221127786,0.861211013255191,0.8536403167264948,0.8439590935168454,0.8480624811256707,0.8558127971124553,0.7948416420297779,0.7249605856577661,0.7319419684396,0.6985332788840566,0.6897469372668003,0.6733995247268185,0.6103526674627813,0.47880273708219573,0.5432192856709964,0.4669576492811908,0.5677198772766392,0.5616806521042131,0.690597286659848,0.811499692011827,0.8431338086914053,0.8229275972606876,
pre_model_seis2_20250809163927_233.dat---0.9204215498694452,0.8742468253784231,0.922326805405283,0.918481081436504,0.9080286786116837,0.9030138286526925,0.8639140414965795,0.8435006380474028,0.784174875960678,0.6524955851340756,0.41369667121859793,0.5645880154427438,0.6766884475122206,0.7162595145363247,0.9603206074035228,0.9782817189866644,0.9485646931659331,0.9308155370491615,0.9369198834978281,0.944571451958688,0.9368771414738478,0.9296635964003658,0.8870513920383573,0.8743881470551732,0.8337851571774126,0.7578556106938393,0.7077517541628002,0.5756323383673635,0.5394840684663049,0.33343251300075866,0.19789224194581448,0.12400174468054334,0.12709888612231243,0.11559733675866424,0.09416458891110088,0.14644986249970532,0.1592883918884477,0.2482230362331625,0.3119577534126247,0.3747607113799461,0.4421006316679613,0.643384569636609,
pre_model_seis2_20250809163930_790.dat---0.9303434197688942,0.9428564813059765,0.9210783927162828,0.9096408732549406,0.9339157387909972,0.9167117606903138,0.8671182835203942,0.8819867756052281,0.8786621572508266,0.8759091995033562,0.9130762649224723,0.9405484638421526,0.9523594148819531,0.9727162578461062,0.9587464341479157,0.992042670279378,0.9920825636832297,0.990785652089575,0.9825524883268286,0.9799987119304122,0.9812760322509799,0.9458357710925314,0.9148473589664479,0.8579997281764236,0.7293434263598886,0.7180742296190499,0.6100710202120723,0.5980557784281066,0.5987769850613439,0.528655529809664,0.3515305481028298,0.32143868913668694,0.38565815597718,0.39053542710093825,0.34689075905673034,0.36033288064316016,0.45293278635929446,0.6307211806823231,0.6794406075115849,0.5924852393103877,0.6728653953337177,0.7658755983792336,
pre_model_seis2_20250809163939_134.dat---0.5160101624356942,0.4684380907113399,0.8037250166771671,0.7458166428757701,0.7320795273330968,0.7189543427421655,0.7966011652747625,0.6567226855057742,0.8327834734149235,0.8331293702314124,0.8618499332520497,0.8791100541458771,0.9062743744550484,0.8832569189527419,0.9740990732607474,0.9879693334477591,0.9121154723854462,0.9109893972215912,0.9593836256045092,0.950067083623539,0.9200771940960029,0.8860474232728139,0.8537759545308563,0.8792587255030103,0.8408708618556028,0.8707264432873442,0.8635341312433152,0.8702828145258895,0.8566675571477105,0.8538648268369488,0.8361764187741149,0.8129576665791065,0.8450057798814675,0.8514568208667633,0.8308365062338627,0.7919468077147257,0.8208180378478763,0.8215625559502465,0.8363307061601226,0.8073078340680528,0.7658512654370936,0.8303593189113254,
pre_model_seis1_20250809165430_256.dat---0.7582871872215651,0.8395652736418953,0.8664291759111586,0.9088471082103503,0.8842753323166184,0.8741372211671998,0.8881741812783234,0.8682798393353492,0.8595786313010166,0.7909268650104291,0.7417257677082838,0.9524712045670449,0.9743242023292744,0.9817537109954141,0.8999255263614109,0.8683034810446291,0.7205881409205444,0.6944333075106528,0.7274426750180664,0.6636137139506212,0.7417615048093231,0.839713125196965,0.8272656496186327,0.7921452335490907,0.7510009061048327,0.6945161941404489,0.7145837327225992,0.686853155582173,0.6590743038193061,0.6479252373693204,0.6929994720851645,0.789667808467939,0.8684976826797207,0.8588107437301589,0.8904698734113834,0.8746782236666013,0.8566473335904277,0.8326693118449444,0.7885383186860592,0.7179674072168659,0.5766708267862519,0.8015985022165381,
pre_model_seis1_20250809165436_532.dat---0.8718665214791984,0.7855407538686492,0.8806604688350952,0.9001358945406134,0.9105016658593016,0.8844311402589903,0.9118281735539736,0.9146203633041424,0.9605976623408162,0.957274456666944,0.9386211095612198,0.8935179462666177,0.8974860699476022,0.6202469617819102,0.6412951278395826,0.5973599163495672,0.296676141023718,0.2165857840744295,0.31328548815469526,0.4206504587488342,0.4755414409199552,0.5780372870201892,0.5904105991001785,0.5923020687058255,0.5532831004313411,0.5202569907853033,0.5796140783946145,0.604873414387238,0.5824726807284739,0.6792736349519259,0.6953810492927298,0.7173033232108035,0.7426201037156105,0.763780661891276,0.7701304100906692,0.7783131515941232,0.7784996450234698,0.815819476182551,0.8389292569948051,0.8674560717488335,0.8580440130288504,0.7120859649427967,
pre_model_seis1_20250809165436_121.dat---0.9803986524476196,0.9717789089158986,0.9722584830849202,0.9767489801986702,0.9726760087953011,0.9709096552443026,0.9633972016689344,0.9526504256753945,0.9478854546886061,0.9258283126252067,0.936301294387802,0.9140992073821497,0.954752389976812,0.955742243010078,0.9605574565700277,0.98586577096171,0.9785894843777949,0.948073916973255,0.9397068812871954,0.921207942705161,0.9259255728539315,0.9170770334902709,0.9153515652334047,0.9124244100787079,0.8979573257821467,0.8606699721178261,0.8157306388195705,0.8490847194488104,0.7951613581226215,0.7986371624598807,0.7883193356215785,0.7058130242499321,0.7024610238618698,0.7522803103122259,0.7170084395146598,0.748116051006205,0.6366613419283529,0.6616184458090815,0.6227577306792996,0.6934755936553202,0.6714089772571346,0.8662772854458457,
pre_model_seis1_20250809165442_100.dat---0.7819245783407038,0.7705486016085562,0.6420641908068176,0.8450995179939681,0.6488477878196852,0.6509229304843213,0.7682274158614986,0.7221620247162801,0.7450951273039089,0.8634420851831731,0.8764232424168016,0.9280254882275459,0.9451510396300707,0.965788540796081,0.9071967444257591,0.8761149450139111,0.9592982551727539,0.9592499961738026,0.9139844506169005,0.9132607335872869,0.8989441335776072,0.9483628248082061,0.935388331323099,0.8693388624543971,0.8515083695264465,0.8090427999665681,0.8470753894947864,0.8114450655664681,0.7719260091176214,0.7261427763600509,0.7141599632878275,0.6647216566852273,0.6127791930199534,0.5957350607239956,0.49671656774055056,0.48534155022081293,0.446433755814711,0.4142979589625165,0.48391769762807907,0.5327159047443488,0.5903451627922811,0.7607113836584241,
pre_model_seis1_20250809165436_617.dat---0.9108485748788624,0.9171955705157547,0.8910555704666812,0.9094956762216907,0.9180129374084156,0.925669785890331,0.9240823463766359,0.9102161881440181,0.9069609784049716,0.8937656498166935,0.8919335477604643,0.8305682053656146,0.8696581766321013,0.823527539772726,0.9423551405908895,0.962998810364325,0.9725134067447302,0.9563677442185533,0.9725316181927416,0.9231966715059534,0.9169361838941696,0.9064465033467158,0.8811823173189078,0.8478185554938347,0.7384130454631374,0.6850958132087065,0.5524545807803762,0.4962217177276045,0.44865104279215073,0.5050113050395734,0.5319109872960105,0.5444986384132906,0.6311775960563327,0.664971667599647,0.6817173318892508,0.7119662034871215,0.6883581079867955,0.71910373141108,0.7706351060429991,0.7777687185299511,0.8023003331844217,0.79891691771303,
pre_model_seis1_20250816100534_99.dat---0.8864593153164901,0.8900280609083122,0.8451877177748064,0.8361996484791222,0.8146669520244048,0.8582845870778419,0.8567816326114196,0.8659418863926284,0.875250878968715,0.855165619200015,0.8879755303648296,0.8892276088122569,0.9030075801192665,0.8974516503251089,0.8926006421363876,0.9289847308921463,0.9034063672360001,0.9445000481961606,0.9617396081518366,0.960448579961686,0.9218390214323083,0.9075795304907294,0.8241098143772435,0.7843469601178193,0.7074383503929822,0.7815737767730997,0.7797272653380904,0.7612942086297492,0.7753527951248841,0.7592979021210252,0.7912252955860982,0.7578507786563398,0.7866141438775105,0.7595765784855977,0.76795585622636,0.7725793939158948,0.7695867006617001,0.778426133122401,0.7568881514449339,0.790727305412797,0.8040313379019779,0.836373901098512,
pre_model_seis1_20250809165433_638.dat---0.9192621750557868,0.5843047471523182,0.65556349680843,0.8259815696184912,0.7765250734656566,0.7609022295590109,0.5194727091697,0.5840175949052075,0.4205906756711891,0.46640158521956054,0.44547958704859164,0.5373750450159231,0.509844097847367,0.6242317804635977,0.710220627378933,0.8335241448565934,0.8736335028838169,0.8960479559507484,0.8619108350861491,0.822778094957797,0.8142624843732129,0.8696409562066642,0.9048478044800379,0.8285384786637673,0.7773843757324485,0.7585466348275478,0.6815467840584378,0.6578442375092189,0.6041120168452229,0.5297356523440935,0.44178520819380956,0.3633423431679755,0.29790268562107236,0.3334754329203038,0.3526693122461333,0.3234786357382722,0.553243472369855,0.6819898957523864,0.7360668914850403,0.7249355271319058,0.8390690123015823,0.6512801309776549,
pre_model_seis1_20250809165445_400.dat---0.9567141940363808,0.9624821924163685,0.9570462509810538,0.9448239921896187,0.9411405917916543,0.9207566453305568,0.9266649706707643,0.9068823590926247,0.8741939469826603,0.8745049491843633,0.8758797574769134,0.8569715458171694,0.8812499512969555,0.9328865466527917,0.9620344207061188,0.9714815248874529,0.9706717048444891,0.9299855904285111,0.9327966754573628,0.9593347791530353,0.961972588143674,0.9068105945890678,0.839699353594667,0.8390534592460432,0.8186469439854369,0.835550880017995,0.9350751356768705,0.924011478836137,0.8861429449816042,0.8479084444590811,0.7592669837344411,0.6625605387463847,0.5781340474414942,0.598594290676967,0.5822675066991471,0.5526101175741255,0.5722635499848963,0.5556570093512212,0.5603649911334011,0.6132657845360516,0.5838687969985537,0.828103122678149,
pre_model_seis2_20250809163927_219.dat---0.9782709620546184,0.9735493582959978,0.9655052077276537,0.9753612068408284,0.9518039079599852,0.9696320903663823,0.9557821027219211,0.9309612959898373,0.8947442229381367,0.9219995645144378,0.9287080729560344,0.9027908347352703,0.8860487299786589,0.8605482224409368,0.8163875883997611,0.9239807808347116,0.9158566155599632,0.7998629949096326,0.823166585771449,0.7261319672257286,0.7066171644180481,0.7681852260678603,0.8219470118165162,0.754999902693429,0.5205743821652808,0.4415980504277374,0.4064728073055577,0.45753255543248306,0.4365323890927814,0.34371579154520276,0.3198882127385427,0.2941156397157616,0.25484492766240946,0.23373010458087207,0.2373502634977883,0.18209119214306443,0.23601740684161016,0.16001966176913976,0.14609472223835476,0.10842881518483219,0.1337169749548807,0.6357455003540027,
pre_model_seis1_20250809165433_724.dat---0.8047611299853976,0.9353249933034647,0.938317944204037,0.9381312668857239,0.9240698715905186,0.8919933771207782,0.8605631225763527,0.8000378873281985,0.7899662149646561,0.7290556078537191,0.7016231981443551,0.912189703341437,0.9647048279002325,0.9656138264227039,0.9553255679247508,0.9488289696001326,0.9414635798338772,0.9254746089746783,0.9257362774830589,0.8622298869751991,0.8633219160465974,0.8684384082473618,0.9099427615709139,0.911224278193421,0.9066306004810843,0.8345935443606992,0.7320901911366825,0.7859553480318974,0.7374852749172395,0.7569187610547624,0.7516336947682906,0.7361832758739046,0.7472006155880144,0.7133359833058337,0.7623590144230312,0.7762880346031673,0.8204079135618643,0.8316913628050728,0.8010364989546641,0.8407974620601166,0.8548663785578209,0.8453125166086759,
pre_model_seis2_20250809163927_836.dat---0.6958002583023946,0.8546868097110245,0.7739032466901385,0.8512103787378349,0.8436844091486138,0.87872748297621,0.8603993247618156,0.8529284128140021,0.8625451772671848,0.8122425832421156,0.764189134185972,0.7525334704650851,0.8625711563302195,0.8665527780694222,0.8674228944153832,0.8094941567043269,0.8265054839631517,0.7939512482731399,0.7462853717347685,0.7747191295510159,0.889107740051624,0.9281000635815337,0.8750466076921235,0.8252025804708494,0.7253500970936819,0.6985608475217392,0.7440747415562298,0.778651827563863,0.745965901863007,0.7934376869690778,0.8337094180780371,0.7535134398692029,0.8130952075193428,0.8382393710171047,0.8438777041287924,0.8410520207495071,0.8190259248152835,0.7986407926786746,0.7610892020144774,0.7530140754353472,0.7590185672332316,0.8089787006157696,
pre_model_seis2_20250809163915_492.dat---0.8941191314219158,0.9608250370313061,0.9338350163214213,0.9250984091310394,0.8726974722279311,0.9052900716108465,0.8627351587274907,0.8384276799152756,0.8298975832812086,0.8314242848806234,0.8468598653776648,0.8561014481637206,0.9624380681086135,0.9870963431356672,0.983923265733771,0.9781057578808959,0.9826252054302781,0.9668412102407988,0.9132270463116131,0.8790573964138189,0.8165095650690217,0.8160120587043492,0.6706974408043829,0.6256188190158154,0.6419250787693918,0.6057879951664573,0.55911323949201,0.5412758252315186,0.6148543715242483,0.6041863489459918,0.6583915005030834,0.7018555897384672,0.7128772588493992,0.7017677669276635,0.6802363524985938,0.6138733733452362,0.5647142132389913,0.44767215042546615,0.47178363300874643,0.418882094909861,0.3744468773747941,0.75739285377779,
pre_model_seis2_20250809163924_715.dat---0.857956399477798,0.9000737950346324,0.9362460517113679,0.9576854506933079,0.949403258698285,0.955219712853876,0.9488100533245787,0.9465191479812819,0.9333974047714433,0.8953865485304773,0.8779888002978206,0.7538981620115203,0.8261625682177445,0.7985424629248482,0.854275234608483,0.8450198743191308,0.8484367052216663,0.8643337557087168,0.8464632663911965,0.8300997034701064,0.7705931977462058,0.7142396769673142,0.615628813660782,0.5209512882165782,0.49751955293089845,0.5971753785421269,0.4827861312788625,0.38444024663365917,0.22101542775869915,0.12151966530954933,0.038104787400804085,0.02991043760780521,0.003187683284109996,0.014439000603126174,0.014756417893606249,0.04390013808298033,0.10014163519766442,0.2094332680649835,0.21371989824769508,0.2867233418564646,0.30756805110836866,0.5808212779180628,
pre_model_seis2_20250809163936_493.dat---0.9205648691126529,0.9193494536118261,0.90533288172777,0.9360457410095564,0.9097175381713809,0.8801661773308637,0.8855540435757598,0.9423863686416567,0.9676364031515734,0.9627361046501587,0.9191376890492917,0.9254569497443477,0.8829174982247785,0.8515418893822736,0.7434943053131488,0.7923484672180652,0.7761230125828809,0.6864670019003263,0.6976503318445311,0.5311054735756565,0.5808120208567877,0.5709861274979726,0.511965951849881,0.4693149669807618,0.43921053371623936,0.460450099487491,0.3752436129624683,0.3505252745440963,0.3018327574825251,0.26101626029621416,0.2889219963933891,0.2591885511794498,0.3144803239196747,0.3507291665978806,0.29078871068795675,0.3964093993700859,0.3850585786827029,0.4541579947986422,0.45408095490806816,0.41213708529228166,0.4667999535838523,0.6202400614855343,
pre_model_seis1_20250809165457_24.dat---0.8747790845638268,0.9208901146508243,0.8611815788671601,0.8977550289409452,0.8594637823300271,0.8151882584232968,0.75562529747879,0.6513937026332209,0.5692391056498107,0.5492733565354917,0.44456031517270855,0.5141957453404616,0.5281257862172449,0.8039304477839962,0.879021574304433,0.9055592720748661,0.9421061582193906,0.944040211286597,0.9475581457578544,0.9440717962416707,0.967011380050656,0.9398083848308146,0.874640841591525,0.8935967135733127,0.901588213651778,0.9088083493406612,0.9108639343694612,0.8760978136755084,0.8847652113361829,0.8678680088190153,0.8497236359922788,0.7917084455349553,0.881625330703799,0.8958804705082661,0.8972323725063174,0.905995584591375,0.9283069706001772,0.9093995969022732,0.8810551941581248,0.8634305840081785,0.8569456502153809,0.8364466207178697,
pre_model_seis2_20250809163939_420.dat---0.7803087961733137,0.5155521642988721,0.7692693705015524,0.5823865745673512,0.6866494999774535,0.6624823796182668,0.7600063972013715,0.7879333238710298,0.7328091012241889,0.8588502848242965,0.8979149404128727,0.8926899045164516,0.9114160920772819,0.9449351070741082,0.9515492178074596,0.9921235290242728,0.9961680112649632,0.9660894244071343,0.9068010375405633,0.8465894533489525,0.8486349835317621,0.8461999206013849,0.8331582534079214,0.7486323119920152,0.7499058284639548,0.7706311243752658,0.7332388448235977,0.6849994911299847,0.5905758855958028,0.4290167158791358,0.5122566973196165,0.4348849092235126,0.520010570528776,0.45872942497778885,0.5372784910472485,0.6790520490708362,0.6761005220824712,0.7541228597695641,0.761667078947718,0.8287293523905881,0.7972676000994507,0.7472589640241502,
pre_model_seis2_20250809163933_398.dat---0.4758416551157196,0.4949050606555502,0.6402254915806007,0.7155239862863987,0.679124318167411,0.618672013576323,0.5749836039156764,0.6292772879264377,0.48333182042742373,0.6789034853825158,0.6887676194563447,0.7030744238199318,0.8222620008916749,0.8953645463190937,0.9189036192611475,0.8253328747354265,0.7725810150662964,0.6413647251650185,0.5485601247805513,0.6063545243206389,0.6849900791407216,0.7195125681931703,0.786047423639539,0.8504405800261052,0.8105696930223202,0.8031941844755083,0.7645023479883624,0.6058585877250249,0.6273136736422921,0.5567025939245701,0.4361295147867651,0.4278861301674624,0.4167012503673761,0.43924846218064156,0.4425897503005424,0.489191825423356,0.4901573076384294,0.4511178916495662,0.5144665497943788,0.5250840275529591,0.5530107734204324,0.6294651076075536,
pre_model_seis1_20250809165451_215.dat---0.8401006721812861,0.9069901765881558,0.9577435746022318,0.9471480274695021,0.936657382656372,0.9292280628084465,0.8856340051721195,0.8840486261462205,0.8380129256060225,0.7857902715907232,0.765056189126862,0.8180541178375377,0.8568061063635471,0.8492425652210583,0.9114938041729594,0.9028981466772505,0.7581066465260214,0.7668176573344326,0.8025965180854107,0.7617960175041117,0.7481794945311997,0.7062592139635624,0.7634360905826453,0.8010606767656567,0.8699364502892852,0.8249195602609992,0.6410306611723812,0.6793074908507772,0.7154361491539885,0.7099930828314268,0.7033992179921541,0.6994123072277708,0.6949321824172643,0.7257149918279046,0.7878051019944449,0.8964505427140209,0.9307400081963695,0.9021733216903914,0.8482357866777808,0.7936281861215352,0.7711079827760636,0.8126190242367778,
pre_model_seis2_20250809163930_401.dat---0.8894269774369115,0.770670600676323,0.879022290041461,0.9243935624260309,0.8743827856289009,0.85958994071255,0.8540457435301307,0.8577691226173346,0.8522071962483447,0.8623231185601796,0.8047862089202034,0.8849907191942435,0.8890878950576724,0.9135777765263798,0.9543818316117384,0.9665350149930001,0.926703377803572,0.960569855992294,0.9653248744623105,0.8103731885828781,0.6590160137390061,0.5440523418505914,0.5100605218622128,0.6629823100360321,0.6951990666199399,0.6959342893519649,0.8756595509754574,0.8919149105120024,0.7129086436091733,0.7408598284443196,0.6841647513540009,0.4983045822264256,0.4373617488268581,0.4007572321097871,0.4335458700130924,0.4614895190463489,0.4910748766212932,0.4396045580942015,0.5019573889598931,0.4848959202180498,0.575046875327261,0.7340720214834235,
pre_model_seis1_20250809165430_706.dat---0.9263300746664115,0.9180612918722496,0.8901467963163292,0.9391844581208344,0.8975093145812513,0.9062666327501941,0.8711475404789848,0.8155242054848059,0.8787279075106899,0.7831433864933938,0.8812375221615267,0.9399461353571023,0.9335736653427313,0.9631773225469231,0.961696324132162,0.9851085656057351,0.9712324274071067,0.9723218690594227,0.9725785850141281,0.9310712680894798,0.9284796280691437,0.9029312121506313,0.900792022161101,0.8379824811117029,0.7817850080532204,0.7763090074772476,0.7593041566818141,0.8000016426924662,0.8411948527505654,0.90284101388128,0.9115521762769329,0.8948827459862735,0.8924754600667143,0.8384142227590667,0.8427101613091842,0.8779900676487555,0.8932787089538644,0.9147847598764524,0.9093068549901536,0.8954957698609537,0.8950957312171169,0.8911120238284415,
pre_model_seis1_20250809165430_876.dat---0.7783682078204972,0.7674104347239312,0.6430653749796821,0.7787699149069061,0.7414362264807923,0.7847600034280152,0.7723448346501762,0.8468097426110147,0.850301545096078,0.8537784032471617,0.8454627535754048,0.8963322124367001,0.9738076771456725,0.9311196656411352,0.9311244453585463,0.9586733680401559,0.9508497054122955,0.9205333298549797,0.9392725125222298,0.9469024142611049,0.9363021640417352,0.9272981025372949,0.9098717076782908,0.8590988764420509,0.8460347356859338,0.7945232116751644,0.7244667405219798,0.7765030143342037,0.7372136489569606,0.8030866478717863,0.754530359131176,0.7456882850125272,0.7534336844370535,0.7356290566497583,0.7511700450694371,0.7430709801880607,0.7346062944953655,0.7332563843387286,0.7195526388000633,0.708352854289117,0.7302830731969702,0.8179291531108813,
pre_model_seis1_20250809165454_262.dat---0.9296208939006817,0.9137295121761609,0.9070026947693303,0.8226236627438759,0.8760783605821739,0.8515384313980493,0.7650548431783469,0.7898377822485249,0.744143504954921,0.7234788678616199,0.7149309989550052,0.7176318780870135,0.7863012048908238,0.8578548336645473,0.7691367809363142,0.7079806868221883,0.9119767743850964,0.9151102625892089,0.9348968560114758,0.94183833374376,0.8458290197617119,0.8216663739086568,0.7603392480261919,0.8452024798547304,0.8522743609531076,0.8537729763503141,0.8472279836026442,0.8311316340817444,0.810971607993061,0.7005861239303609,0.5276093480081696,0.5733234991315144,0.5089185973692223,0.49522315411407786,0.5919450929129645,0.6989463207800328,0.752272316878924,0.7617260687691362,0.7930569322738488,0.7950817388272831,0.8277961297178439,0.7823333700279183,
pre_model_seis2_20250809163924_701.dat---0.8773181514898567,0.884082176962024,0.8963026244505077,0.8150439724750269,0.9002542702449337,0.8638613611505267,0.8599065705477791,0.8971033633192149,0.8459868701860331,0.8232954254124621,0.6340969823634,0.5450574751258754,0.8400439796750808,0.8504871758420574,0.8626873701296337,0.8426117284302104,0.8745228116061621,0.8867763598718391,0.8537480438959145,0.8198985343608263,0.7587131801599022,0.711086716312418,0.7084706562864431,0.6156187539148921,0.47175224801512683,0.407354407992791,0.4123840993365274,0.4056159789481069,0.4343589570249096,0.3904055365302817,0.4549398429131122,0.5035619292283873,0.6087632120585748,0.6899052919692122,0.6891365086377448,0.6286394297428946,0.6282678232905777,0.5456535611387333,0.534604583023716,0.5451175163788589,0.49251186759188087,0.6904865206837668,
pre_model_seis2_20250809163939_696.dat---0.9358892772083681,0.8830651376640601,0.9301242919543031,0.9348770736615174,0.9280422928065097,0.9085606122550386,0.8656901921195294,0.8269741263147233,0.8263140351216344,0.7073030801498075,0.6146416858638771,0.6292057908068355,0.6163513250087703,0.8727630305326946,0.8285033593882987,0.75190094079825,0.7561317675330587,0.7547994888136763,0.7505479141814398,0.7733568923125156,0.8118476302476754,0.8770401886595907,0.9525291763407253,0.970059359947842,0.9171434225749501,0.9023573703351888,0.8379253080424108,0.7796539539983526,0.7484199367742452,0.6487000312711415,0.6398864257731085,0.5298845307045782,0.5541362067838439,0.630941743348896,0.5427237764084523,0.651103813242223,0.6965082276247256,0.8589618593606424,0.8613772897992384,0.9010841154157665,0.8896139481167828,0.7877302592503729,
pre_model_seis2_20250809163924_320.dat---0.9360420547656315,0.9253007390020902,0.9073968020500202,0.9145274896878121,0.9256052339757161,0.8870882842263009,0.9078539410585867,0.9135376053198844,0.8884394870652675,0.8751000938404689,0.8901801613694197,0.946650368251621,0.9545840265463063,0.9561716547377208,0.9695046544308579,0.9519150726967163,0.9342654635834283,0.9349769377679793,0.940775239842474,0.9564375688569237,0.8553425783611622,0.7968865143315668,0.71943244840976,0.7009762570920706,0.6982934540099769,0.7072191445988163,0.7615209511926246,0.7928240116739768,0.7958807852119086,0.8259098757609451,0.876821523817181,0.8813442152107965,0.920639463135274,0.8937462806191224,0.8409528418081897,0.763228104385436,0.6929031180897299,0.5073921784905963,0.36093835465306745,0.3421955579330208,0.3073939583250217,0.8184925486874504,
pre_model_seis1_20250809165448_792.dat---0.9678367303188947,0.9675384523634655,0.9516450141151374,0.9420536027117489,0.9618769460388615,0.964413780334752,0.9646144590127217,0.9738569022132927,0.9869487633033374,0.9830081751253543,0.9827303355731668,0.9771393082608666,0.9791603350908339,0.9768483842293547,0.9786690536736116,0.9927550665099131,0.9972200277942471,0.9963240929502171,0.986531849248743,0.9865906672253658,0.9857825021805932,0.976105775361988,0.935564153233274,0.867606476850376,0.9081713790308507,0.8156014631512731,0.8088619661675164,0.8391354909163866,0.7685362826388321,0.8214665121296882,0.8340743948347044,0.8619535360168018,0.8916346713382461,0.9126271978585339,0.8970051542915872,0.8804697213099518,0.850130575230927,0.8861780538465553,0.9167707097333927,0.8864463100615326,0.9211178648493056,0.9264146862713707,
pre_model_seis2_20250809163930_564.dat---0.9394427020742997,0.9679988653243647,0.9544245531050773,0.9518363111341669,0.9471984837363048,0.9091692440499257,0.9093058245970155,0.9209594275921074,0.908203471936133,0.8858943675553143,0.8691015119376307,0.8670576801459319,0.8883566355920187,0.9248689905829822,0.9432213010559879,0.9525213677221047,0.9334366647385186,0.8900327304460306,0.9071496809971131,0.8953572979206393,0.899043327901076,0.9004670683432914,0.7861470358117524,0.7549020929125884,0.7362911183296547,0.753150467340855,0.8008263965818273,0.7648540183754202,0.8230556615514061,0.8096055989950651,0.8972975283779906,0.9161639685200645,0.9212173981626,0.8761534170953152,0.7558728508128852,0.7273937189596238,0.6396980766140419,0.5657444110358005,0.634293839295757,0.5474931081201885,0.6655913324514308,0.8424585255568852,
pre_model_seis1_20250809165454_610.dat---0.894123624793126,0.947924678649735,0.9414998374340824,0.9380145275818677,0.8610183836089302,0.9185164474943412,0.8835048340847175,0.8970688965317831,0.8765438882806238,0.8841952285174315,0.822961716504807,0.7281981593608546,0.7180052900197645,0.5237030537400802,0.45615136668549583,0.4282368673802859,0.583085937073582,0.7156051147983068,0.7303681509604798,0.8279735320642975,0.8151511324345733,0.8549180663589027,0.8393915867260049,0.8104841912739065,0.7986726068405904,0.7681363441570829,0.7606722376619414,0.7997648669788212,0.7753705438038786,0.844378944611579,0.8335035539610132,0.853090883634706,0.8738637661873346,0.866404172394857,0.8423786355441087,0.8656675984575677,0.8261617218945548,0.8283555820204361,0.8661901342568721,0.8556701808301675,0.8780240745538184,0.8056817161011539,
pre_model_seis2_20250809163933_90.dat---0.8102803672430604,0.6566520594269434,0.7702602355157109,0.7480621963926668,0.7637910089209275,0.7054665024874375,0.753163365929307,0.7158383820369466,0.8244477644389137,0.8915511809295197,0.9350951708061223,0.9373832907581208,0.9599881455186734,0.9425952655037807,0.9418600095908615,0.8559951412712903,0.8192663125928844,0.836731981427798,0.8401264366092698,0.864037712779434,0.7925086383991895,0.8521167492148055,0.7673376884557739,0.7318843721715654,0.7379255305983995,0.7881712400684994,0.804938757888246,0.7566052134157727,0.6629359147124608,0.6476866833516322,0.6224562023684541,0.5593938072676494,0.510167538265854,0.5675673048897549,0.572725836077542,0.5643101175557597,0.7586940783179146,0.8623374557291065,0.9386369091499044,0.9500038754688284,0.9474672090651368,0.7797186256734615,
pre_model_seis2_20250809163936_374.dat---0.870346538092159,0.9321856262901524,0.8663089439067546,0.8986367107106294,0.8744169580022115,0.8658125719337522,0.8656781915480366,0.7673998357695744,0.8586998263751487,0.8213734291486509,0.647342589879418,0.7125830267939721,0.6828804020120565,0.7858313303100557,0.8195787007447161,0.8586643951052416,0.8843388609617593,0.9217652237952934,0.8731268305745743,0.8920711444506856,0.9024468463671961,0.8932303783712415,0.9158255516010041,0.8890077996857606,0.8439219478273438,0.8092627713239398,0.7599412303155719,0.7047210998091725,0.4167413615444167,0.48625808299346907,0.38014535282012046,0.3350324971193552,0.3556782145558806,0.37281650780187975,0.29262138995509074,0.3222518774950437,0.4425422444365922,0.5503852187832523,0.734444472734876,0.7854069825345337,0.8845906575203579,0.7262515517561204,
pre_model_seis1_20250809165430_549.dat---0.9386158078530326,0.9443428032501587,0.9024020490809129,0.9261431315005267,0.8853552535609053,0.9079126053853915,0.8799407501421146,0.9133284100078752,0.8649584332763876,0.944347918980925,0.8985615392047942,0.8933102898179047,0.8983495117563984,0.9302805532339113,0.9391983390850569,0.917702243069199,0.8683560101757359,0.8675080206444878,0.8499079101275772,0.8326652356934331,0.7649934232043436,0.7988479922290869,0.7453323484193772,0.7634718247667135,0.7912460054993379,0.8004692123729326,0.8238050490982096,0.808105160743349,0.7844656313978685,0.764701893340921,0.7156773674753188,0.5762928547383992,0.5253114941033007,0.44924368977989043,0.46021493095460997,0.521818926238087,0.5233511353264354,0.48975835418482866,0.48692699814527907,0.5762219784027058,0.5859663257646529,0.7746197417568872,
pre_model_seis1_20250809165445_576.dat---0.5270067674036153,0.8155608174412383,0.7881701841096118,0.8489003710095899,0.7452034119308547,0.7246691216903902,0.809137035985197,0.8499857349585018,0.7776765699882484,0.8381138442170524,0.8834071190411521,0.9509407029364514,0.9792527683583999,0.9691109240576503,0.9120734155082726,0.8917249743882004,0.9030638448068916,0.9211651186811015,0.9035216472136214,0.9403712813234996,0.8781147453320762,0.8552843526668201,0.7606267509625194,0.7106636166568492,0.6497927360497843,0.7099520939605837,0.719303335934979,0.7432600263273197,0.7571600151786753,0.7454151578045524,0.5714060613005708,0.4820431472111934,0.37543006743504154,0.3368276029226268,0.23801145896375261,0.3394588722738787,0.3786026630120507,0.3660520186352467,0.42310116325376845,0.5804629757790213,0.6558137522954824,0.713557030951374,
pre_model_seis2_20250809163933_816.dat---0.930105296389708,0.8581580278352536,0.9104172208076375,0.8980660688196483,0.8958872668128374,0.8331488463897554,0.8405239032256796,0.8125824846573533,0.8795981055327456,0.8622278691144913,0.7875501249955111,0.806958639193582,0.7837583733986804,0.9588910727881694,0.9639083654234555,0.9499294457252145,0.9472409164582188,0.9568996042759675,0.8993109241419452,0.8164565368420132,0.7777735103921527,0.7559746693683844,0.7567198932456489,0.7684627396193341,0.7579317755404883,0.8109654496574278,0.7958958414376119,0.7713058499882797,0.7464718117693148,0.7056877255492545,0.6183837087597311,0.5768735085079124,0.5747532018145871,0.5134482826442466,0.3725657368367214,0.3745752377988889,0.4033654846680503,0.3213456181796248,0.4195239496921164,0.3432593513021999,0.48601492823828163,0.737632130922881,
pre_model_seis1_20250809165436_272.dat---0.8573946421567343,0.7314006777768138,0.7693802929160054,0.8035898065644298,0.7689901981430624,0.7576999717201581,0.8075412236391851,0.8969081794422655,0.9031395689371569,0.935999211211394,0.9425096185826002,0.9286242894103184,0.9218618266566153,0.9566881019088868,0.9386456616730322,0.9124139117555583,0.6229612829492008,0.6896587653774688,0.5032230272433293,0.5131768334161027,0.49467983464894655,0.5205331851295387,0.43208358596939883,0.4514902196137806,0.4629609186030193,0.4447674799073602,0.39584877936544355,0.32079275049794836,0.3436880283667759,0.3480600931759175,0.3274036481074803,0.2743479418987799,0.3727844328902977,0.35636048439475704,0.4123125190432953,0.45501899008889646,0.4590318079912072,0.43972837636463336,0.3684937837430774,0.3922546223592843,0.3517814605033402,0.5996641471742316,
pre_model_seis1_20250809165433_500.dat---0.4637743277465973,0.8516509782995968,0.8413034819177903,0.8165398773371743,0.7541540307322969,0.8068935547146906,0.7748476424178276,0.653017621404719,0.7288333793526746,0.7872212863790723,0.6643175269407388,0.8761009966668611,0.8829939110914748,0.8360329771773114,0.9738067515928082,0.9709145866769527,0.9475073024303373,0.8835406187504804,0.8631577411242103,0.8254148763042527,0.8371302177686949,0.8079870091866751,0.790920138837131,0.7077430353506856,0.756872610612344,0.742283536265867,0.7286464538723445,0.7490899004637328,0.6756162879053315,0.6505965346093394,0.7327421401323678,0.7506763922086142,0.707924658909811,0.7463886218391947,0.7098113328324795,0.7148240812583955,0.6409211625406049,0.6422790633406203,0.5693457804834202,0.4319961363197575,0.45576259323730933,0.7500385648056727,
pre_model_seis1_20250809165451_898.dat---0.8900459877881032,0.9422346327010793,0.9275322640432959,0.919202466914002,0.8466289207759968,0.8776815443507119,0.8399022481379328,0.7938175179259452,0.7850984761701439,0.7936053091020977,0.8240152748844354,0.8301529477346054,0.8781099357521047,0.9388593780035688,0.9621825898495017,0.958139631354794,0.9370075392961807,0.9176307397798332,0.9061609691043787,0.9116301247280246,0.7943910637774989,0.6231850536903331,0.6391362723872261,0.6611671437679104,0.7315166792421591,0.5587622858611512,0.6402580466222456,0.6080238012761987,0.638540513109121,0.6798578573042349,0.6459889159603163,0.45659702015265324,0.46555714265378373,0.3892824132869128,0.2795392057906004,0.43097794795102196,0.5018478588139561,0.42201101934493546,0.6091599660831124,0.6943877893966445,0.7114136914918425,0.7283229313746487,
pre_model_seis2_20250809163930_582.dat---0.9380231889600413,0.9521495262067956,0.9151396045672768,0.9141585871058319,0.9327163819568609,0.8977923938353184,0.884411878656358,0.9113064215228658,0.9012224236105807,0.9302824769273061,0.9535016056328515,0.9761170691971506,0.9812159697150835,0.9854798481705047,0.9844565986304866,0.9669051180083306,0.8655659952347592,0.824093515920857,0.8045797869987007,0.7863349129630673,0.7336036607872672,0.7999561380453971,0.7870423082746567,0.794829177956085,0.6454633856387103,0.5384720614393022,0.5654040741550544,0.3769981346408414,0.3937800903829161,0.32770242338274946,0.2686098873907822,0.24631241409737228,0.19688804139708566,0.22700642072196514,0.286259809631263,0.3889602803856873,0.34009255048169384,0.43534695500007015,0.48340940897855633,0.549757429142262,0.5550738293568163,0.6889371167099406,
pre_model_seis2_20250809163915_12.dat---0.9582447659586973,0.9561382180054395,0.9398035463983704,0.9231515447657084,0.9039124813400021,0.7786309498824239,0.7636527315712693,0.6587682882285354,0.6535425630638093,0.43971691479967995,0.6375376966738492,0.6812348943202432,0.6868610451648494,0.680050207576431,0.6942206309269353,0.7724327133296259,0.7689470874776451,0.6463615550368285,0.612101432041735,0.5921801513877611,0.6745167907348829,0.6202021149067012,0.5426093316687114,0.5104894587490527,0.47842213977928916,0.29960548523510727,0.21193138759753802,0.24954309855481885,0.2078200634046541,0.203106141123927,0.2708034341853438,0.30982515875058525,0.27261998412518773,0.2495626991345627,0.09777720962202206,-0.008144899666881,-0.0476075998346706,-0.08079589594481688,-0.1122319301814216,-0.0600021308694471,-0.030933228049768724,0.47820995685305423,
pre_model_seis2_20250809163933_177.dat---0.929634155853689,0.9617498175495208,0.9454581338019614,0.9731934417629245,0.9715631194826047,0.9623620417498595,0.9424177781197651,0.9374365474475097,0.9501537218930303,0.9388763838594933,0.9332053937172026,0.9194676294771282,0.8991572727374193,0.9113320013961806,0.9447606053970591,0.9689809509899933,0.9817058226732825,0.9785201935092773,0.9661966763235285,0.9788379051299677,0.9821414654665789,0.9649523992786472,0.9699156746355004,0.9526084005290772,0.9355951518850508,0.9695739752980587,0.9671161940872441,0.9483418408327507,0.9020471341252623,0.889645452367036,0.7173728130021031,0.7153560144479412,0.6012009657159247,0.5261241103044544,0.6092662327341157,0.6389992831207785,0.7835317292927083,0.7873803209564492,0.8429593510609946,0.7711147127800755,0.7858621429878025,0.8842954867751207,
pre_model_seis2_20250809163912_401.dat---0.8590088315167309,0.9113662144992494,0.9150010168257353,0.8928201069622829,0.9087690988074156,0.9243269611386524,0.9177897087859326,0.9590797691074686,0.9655880815651352,0.971351969730208,0.9680605558886509,0.9182650668629113,0.9169870737104078,0.9925397720046594,0.9925890327356693,0.9852589251464108,0.9928524928242702,0.9839202902630636,0.9773955287867465,0.9621634269065219,0.9561365385819731,0.9474245912221182,0.9013391336903867,0.8360768157718869,0.8663926305295175,0.7400114086308729,0.7513217113769776,0.747605723190414,0.6975893554561501,0.6877296219629058,0.6012372044651557,0.6717543394438779,0.7789725430651958,0.7900279166159717,0.8097353035976848,0.827764850701919,0.8340180443546179,0.7128751202092346,0.6785198752573125,0.6952704381402771,0.6028637533611366,0.8548731913096025,
pre_model_seis2_20250809163936_53.dat---0.8263731456340708,0.8892991750190407,0.8807135224164017,0.8305894993200414,0.8391389932535145,0.8472113354390525,0.8385519765938029,0.8674723551537659,0.8736080361282065,0.8641550449553869,0.8474955531776697,0.9457791160420231,0.8978730463148976,0.9056333551045113,0.9441355798050493,0.9163460702320891,0.8830539819903713,0.850727101926483,0.8246349717049043,0.789528197196397,0.8152742334572283,0.8363582945415199,0.7591107047499016,0.6998586539987984,0.7051739215729736,0.6419464322839044,0.6460795069511889,0.602366836373985,0.6392420792557217,0.6537058857230448,0.7886241337369173,0.8151364193868674,0.852624913098674,0.8576307945750633,0.8908634110729131,0.8676754719251374,0.8538343280444571,0.8366798075733293,0.7644705277109136,0.7646778084219995,0.7560542320862937,0.814870937901183,
pre_model_seis1_20250809165451_612.dat---0.8532486713213121,0.8809271094670682,0.8727116557352177,0.7904019855363481,0.8897845667394348,0.8915147193555791,0.8692130078837953,0.8919970300091883,0.896452005392501,0.8601281822763176,0.8624254901618742,0.8106821273450628,0.6675047965647706,0.79452687003338,0.8426285765855865,0.8322213674117868,0.8939265886952034,0.9391904509554014,0.9339361374519527,0.9534096811708669,0.9231082392553136,0.9081940606993719,0.8646119936856588,0.8552655406755701,0.8583866155963625,0.8784695026903762,0.8257551321135632,0.8798531285258655,0.8865020235454889,0.8867741134128386,0.8564022049439669,0.8222638281120276,0.7866590453912067,0.7995384693882813,0.8317627637304816,0.8312195297974017,0.7997342213596208,0.8124260754047614,0.8145616639873293,0.8739150320822661,0.9201047738528804,0.8571302189839823,
pre_model_seis2_20250809163930_178.dat---0.9174726809788624,0.8204220854978606,0.9387657286831576,0.9067312950995222,0.8889315509189739,0.9235268748548805,0.8739887666282472,0.9023136829774066,0.8780563867455566,0.8812761576773914,0.9286987439135519,0.9410662690731926,0.9536099176722715,0.9710989268356923,0.9850328699836811,0.9788052988298446,0.9742298606331382,0.9763429364301366,0.9748248186987178,0.9710745532558867,0.9727351934405132,0.9476890011084019,0.9500975003265495,0.8970050202920532,0.8425748000334584,0.7852444547780231,0.7396711981838614,0.7267918056250797,0.6846834114419887,0.7699033678119072,0.7337701924540991,0.6776129842952482,0.7591978249095064,0.7776391584484645,0.8434941997689938,0.8834699843246836,0.9372108917693481,0.9515435436740198,0.9562302091823804,0.9436263988429736,0.9312129950890521,0.8853091107606968,
pre_model_seis2_20250809163927_657.dat---0.9390628269629615,0.9475436525797948,0.9323601705155218,0.9142223558071613,0.9295632922332268,0.9360511276020422,0.9367099093231294,0.8979198487243946,0.9283978282534604,0.922549876003774,0.912606946636262,0.9354616002414594,0.9591205255878674,0.9711831872507101,0.9767831947629536,0.9523174566753294,0.9586613136325437,0.9812215489376734,0.9295207898701254,0.9269438682464443,0.9126239336223708,0.9172002046799095,0.9551814433112127,0.917331679430525,0.9432195724519538,0.9150110114167401,0.8545261322201109,0.8698559268199,0.8932044115425108,0.8905719556119296,0.9318155669630582,0.9024219426631437,0.8993650640900672,0.9137052622674475,0.8974727178869175,0.8867299462406272,0.9095040670286376,0.9410091728777075,0.9417892330741003,0.9324252151476414,0.9558792336326454,0.9260742686055117,
pre_model_seis1_20250809165442_650.dat---0.8869652674348687,0.7233638438952213,0.6397956756282607,0.8374250928491033,0.7696567062688701,0.6741887112024945,0.7312994729917169,0.8003614634102975,0.7570984959195305,0.7652575340102412,0.7583138738933751,0.8899499933607493,0.8424405025014172,0.7642894532433264,0.8569071330828659,0.9716218278143384,0.9390244416136766,0.909027612977164,0.8054111063216282,0.7946937200758402,0.7364962191874883,0.6739339825493955,0.5922549409686689,0.6951034216792225,0.6322202846566964,0.6674120567766744,0.6331138002892625,0.5490808339580859,0.482702663983795,0.42392744993444165,0.29345580530693227,0.2332252878818259,0.33228513016140526,0.23870193656977784,0.2644159304134611,0.17109412335692764,0.18638524348957236,0.19635126572603157,0.2048243305723702,0.16593037760764218,0.19935706145947182,0.6021796115859546,
pre_model_seis2_20250809163933_364.dat---0.8852745492131627,0.8709829696672092,0.8582962502831896,0.8943783011009697,0.8827242886875425,0.8829754296999344,0.9194573648134916,0.8894473887425194,0.8281135224720707,0.8378595579946513,0.7943004937398062,0.7912294715509922,0.7857439938732312,0.7813391187147125,0.6747655498116075,0.747552349728016,0.7948592245251246,0.857736581851155,0.8160664278321442,0.6797117765730281,0.6521519062456501,0.7025360163194506,0.7520680097638811,0.7862837243421653,0.831806372476754,0.8277470630886654,0.8165427344889797,0.7741203240955177,0.7786417786749998,0.7315531288970863,0.7857601684468841,0.7873754990291743,0.8137443976105794,0.8324531102678332,0.8110685386900793,0.7993783464463312,0.8040825695565603,0.7623767469493425,0.7774731815246637,0.76332241550693,0.7588078294895759,0.8005392310435528,
pre_model_seis1_20250816100534_45.dat---0.9362741806774042,0.9491891129957787,0.9112151230036417,0.9218786198346801,0.9109515977978382,0.8709723440710724,0.8347979227312973,0.8150849759498919,0.7978787483098182,0.6294896619741988,0.7612427407828584,0.8291187708624366,0.8520076787546075,0.9082558717362069,0.8736855323064333,0.8186816107260259,0.8258004338416032,0.8349821704117294,0.8339582019035241,0.8617036201651743,0.8305571618914984,0.8189278396007689,0.7347073998924074,0.6214079402263394,0.6274754046043387,0.6029043911443212,0.5734798895158868,0.624108867253694,0.6171669247419551,0.6137447340562766,0.5557645466659616,0.633735873774754,0.6222270941141705,0.6046627030500931,0.6379108919176232,0.6428673947382855,0.5991604534864646,0.6257902738220443,0.6137913875983412,0.6803649254084213,0.7059673593873331,0.7454607896518829,
pre_model_seis2_20250809163936_636.dat---0.9356132061577416,0.8493839169923431,0.8313458766376922,0.8562636774583641,0.9124269736592439,0.9209320851921521,0.903231067818156,0.8603515080726818,0.883913123494661,0.8718776577756033,0.85837560095166,0.8031782570847812,0.8821656669100186,0.9465827517166261,0.9805234163786338,0.9765296918762737,0.8858151541162992,0.8864136720006637,0.7914176982316972,0.8025288317194484,0.7762902323940544,0.7930802816742992,0.7581049971301821,0.6947273994489485,0.5692645776665628,0.4610602490692556,0.3698770540391296,0.3092320317915132,0.23238148336117653,0.3235520469373382,0.1916457562326243,0.4697567603934024,0.5515656205409268,0.7227116343865188,0.7862228912624538,0.8097460029594505,0.8243016576563832,0.7080141465405817,0.6927575542610768,0.6986024899514651,0.7323304807571354,0.7344901264072982,
pre_model_seis2_20250816100718_19.dat---0.6376367674093592,0.8304336228664909,0.6010575847781778,0.787595877185858,0.7458960352183683,0.5652451872814127,0.6450783795554291,0.5058245760712614,0.4598166748510969,0.5878803643136016,0.62432362569244,0.6295821938588163,0.7628809696976587,0.8406586299551272,0.9669272517803352,0.9770265868449025,0.9863252252254486,0.9566413047312069,0.9396564340582478,0.9377722868401315,0.9374852078681882,0.8779600933124377,0.8316423381119066,0.8261524147450141,0.859746123458878,0.8009268154698799,0.801912077767107,0.7266250202834821,0.7713547388181928,0.6958346776470649,0.6891859381192561,0.6041193908420783,0.5918350527987819,0.6297334386911602,0.5380135447492097,0.5331228640286289,0.5086014259727069,0.46594067875665324,0.36505870494750864,0.4304716810129831,0.4349668456433456,0.7050963085673129,
pre_model_seis1_20250809165442_886.dat---0.7709156100641239,0.8134255669103158,0.8162743253171095,0.8746723812334212,0.8383248306413674,0.7899968439001579,0.7976772962776244,0.6959850666932671,0.6400039259544963,0.7477058503097042,0.7513489893866357,0.7989016386238597,0.8133883874481909,0.9334620940222416,0.9737665601617852,0.9545672754838281,0.8698566079854855,0.7438150895659923,0.7289164878856129,0.7028403866060817,0.7129153313502612,0.7659364373172346,0.6505958634580341,0.6842930480082838,0.6680015655525874,0.63931688201407,0.572195925974262,0.6371828914717732,0.6325322391551808,0.6819403535572904,0.7121719084848276,0.691550165459289,0.7550599218201418,0.7290719510070791,0.653399520721875,0.5858412518281948,0.5371284648665751,0.44939489295722024,0.2569542305606445,0.2632985864769161,0.13116270452553158,0.6942875451472824,
pre_model_seis2_20250809163933_52.dat---0.9750798188163539,0.9414905838797208,0.9654752635231313,0.9395188939526327,0.9274834366428726,0.9177793738241989,0.863677674201952,0.8626203408995695,0.8943963721817612,0.9198513197127756,0.9556260079303033,0.9598995641361389,0.9783307580999989,0.9651783300079689,0.9595509143485051,0.9515255168753152,0.9741300080316813,0.9651509388418318,0.9571951217424357,0.9504718608098061,0.934724010823339,0.8955550419305033,0.8345880114778335,0.7482953521567185,0.6702260005222873,0.5700505770550806,0.6243015884240639,0.5883778890855677,0.6608939790230581,0.5744661435458905,0.7315550918886051,0.8374470652691116,0.9077322571244686,0.8942192104429736,0.9283032970635755,0.8757823641068754,0.7727610945259813,0.7009477745078501,0.6739278750816116,0.5665763552320964,0.5598937601776469,0.8384160204371728,
pre_model_seis1_20250816100519_98.dat---0.8584821954696126,0.8798331273173211,0.890917278749932,0.871356671481262,0.8460371843557994,0.8566290924011993,0.7755789807671611,0.8389900552628532,0.8603895115826853,0.8834877045671915,0.849791743509172,0.9005927537250923,0.8771412822559891,0.8602118525170563,0.9629822201077893,0.9793043717677369,0.9141790426555101,0.9259154920352384,0.9136989338648343,0.9307054404449913,0.9094098073506944,0.8438391619316665,0.7691169139250833,0.833004195219846,0.8555634030457181,0.8198484084552478,0.8814173148132293,0.8876400118885538,0.92463148877578,0.9339905309635937,0.9355624645955833,0.8800789584211558,0.8656951648839806,0.8208327020902422,0.8032422804553464,0.7804038419105821,0.7578271476348122,0.7531585727102783,0.8191910435830946,0.8193986539005826,0.8411880470411797,0.8636893914252363,
pre_model_seis1_20250809165448_306.dat---0.8841877420505735,0.7472305871804634,0.861592133525339,0.8247899371198012,0.7861127987564606,0.7584313679095442,0.7038542381889684,0.7123331458618076,0.65259630522835,0.7035177591502202,0.7434949375878535,0.6752554172906954,0.7243198302896773,0.7848933346475503,0.8814756531729936,0.8503465636378434,0.8493068144957144,0.8485305011552129,0.7335058112356014,0.8729864200821537,0.8768565992338904,0.9304534624218997,0.884664412127132,0.8348604816015861,0.7350316231246122,0.7385268089196684,0.7608467132242013,0.7005017704496829,0.6761874596732986,0.6769321079590842,0.6997748427809436,0.5947617546149297,0.5643428513959065,0.6054124123879407,0.5547829291304439,0.6025184257164697,0.6400048187076298,0.5407232339007652,0.6270312247561413,0.6744050284157596,0.6622953391806037,0.736089648738766,
pre_model_seis1_20250809165457_509.dat---0.5604674518161247,0.7806215531348998,0.7439105412185647,0.7155830672165117,0.7838741171518249,0.7437986369724613,0.7602918667787352,0.6754062611472357,0.6876697038412592,0.5271455578623218,0.5721990254278546,0.5901343564063541,0.5790605065682131,0.5717018034127836,0.562969871586332,0.5171987061397427,0.39955153796602877,0.5862670004302061,0.5775291257711418,0.5920790303932485,0.5264436516584289,0.583643570993283,0.5654522421459198,0.5816997631918972,0.5458770703639255,0.6322990402605093,0.5638888229750701,0.5965189102761048,0.5477846520395018,0.6146585716898966,0.5421649057566733,0.43715848080369296,0.3673692031747855,0.28626038059558084,0.2264415617436162,0.1321908935572423,0.09824992004273622,0.04944463115809034,0.03758286338157157,0.02417099536701688,0.0031115396647498194,0.4997529607824914,
pre_model_seis2_20250809163936_483.dat---0.9723520590526906,0.9692561443687466,0.9607602368677962,0.9385787507210444,0.9336329875769959,0.9101459367913813,0.8654980837452768,0.7708874406363302,0.8294804567949708,0.7624692883092075,0.8465546184463706,0.877087453842081,0.9384889923553669,0.9676998593853355,0.981625380219385,0.9754409444195805,0.9720260311400263,0.9366016174243765,0.9315710667023821,0.9226959274050838,0.893289261367743,0.8129008574069958,0.8449410630411233,0.8589149450617121,0.854559432095392,0.879117319631627,0.8919589683276478,0.8807922512721681,0.8621715995621902,0.8335312525851069,0.7704256330474529,0.7787609862884923,0.7271791418164599,0.7281885258294043,0.7259286245461625,0.7151047445363269,0.6963473419261139,0.5817200135333482,0.6167930601422262,0.5746820477536854,0.5956353925468724,0.8386779448420167,
pre_model_seis2_20250809163933_876.dat---0.9403496822859274,0.8796793584038821,0.9237225110733102,0.9131936996483502,0.8928752299512318,0.8171545606584647,0.8076019438157112,0.7520799454353082,0.8014921960952915,0.8085772245404554,0.7829767686116994,0.7520457337045203,0.8195024522051465,0.8713857600516947,0.8722637542236801,0.9024084205697709,0.8559997038260239,0.8715164065915585,0.9556530992007107,0.9422575064853336,0.9385884985156699,0.9449839150039475,0.9209908599100617,0.9110790034730291,0.9422425682194009,0.9263318438002147,0.8927263725245013,0.8504444942853941,0.7928815223387753,0.7500281430196973,0.6724587034971862,0.6583232957792693,0.6109257697102565,0.6600920680182082,0.7030565506917887,0.8121936400368681,0.8818683279935365,0.9098916177646297,0.9310139960965287,0.9304889938440267,0.9428706682062092,0.8474687026855432,
pre_model_seis2_20250809163921_136.dat---0.8600555899056292,0.939612871933991,0.9110310730474482,0.9262401975143548,0.9330369883523979,0.9266486634084609,0.9297191498577502,0.9396166825865719,0.9024685443054068,0.8574371514905871,0.8337895673638926,0.8366757934332165,0.8650347966543694,0.879824082915221,0.8693129050580778,0.8640572367484379,0.8250709517543033,0.7824436446575133,0.8596389046226652,0.8862716341829051,0.8398382497760261,0.6980536905888638,0.6714967432382897,0.7838180894067504,0.7068946631688392,0.6421383996569606,0.5396432101145748,0.5297138532969379,0.5034787513862973,0.4817164788323967,0.451316152007456,0.35292377874678943,0.41982749164075145,0.35681411544299807,0.2634078073477656,0.22157345932128536,0.24173234006117447,0.16078077267888635,0.2222318968524485,0.18878809581735737,0.2567358458833515,0.6624612271965707,
pre_model_seis2_20250816100703_45.dat---0.9339231919634496,0.8749595789898369,0.9262788216733961,0.9304645436217537,0.9201792781941983,0.9098349558434514,0.8597734817134768,0.9286622443484345,0.9283020870000149,0.9539963772663095,0.9577178595937493,0.9534479664430966,0.9405984519353087,0.905715939595679,0.8875880477210282,0.9878712233081578,0.9673655452624474,0.9252245094477913,0.9011120592337404,0.9138696367565114,0.891029785706394,0.8389860399502501,0.796495680984492,0.8106291052040074,0.8837849857505962,0.9018903024064128,0.8830399364475827,0.9180319349459896,0.9183685335358616,0.9073652241517498,0.9135160454103602,0.9046596149530036,0.9101979494875899,0.9140197063110135,0.90411031565539,0.8690326471813669,0.8713045144103718,0.8616083015036408,0.8714434419042565,0.8357867611303149,0.7987859132511013,0.9002676229315506,
pre_model_seis2_20250809163939_150.dat---0.9585898950061782,0.9318456209640135,0.9513675135771957,0.9100582585432321,0.9257949421995643,0.9060039563969332,0.9129098632094076,0.8719995696494239,0.8915093973841242,0.8840416866977128,0.8980634246666097,0.9167367288649154,0.9398881298305498,0.9858438341310833,0.9750695308585335,0.98815253097163,0.9862780122335352,0.9771566912800309,0.9538011529719947,0.9481652512394402,0.8675297277280005,0.6778763837024661,0.6638451133094287,0.496129027107955,0.4621013850784136,0.47913006501266314,0.35599924773521263,0.2938213088477502,0.3630882940407845,0.37615748177130165,0.45631479646206147,0.5045993842026424,0.7582458486979509,0.7776881707218224,0.7305939335671424,0.7371361717135191,0.7486749720811102,0.7202072218042063,0.7173816333261375,0.6432380310680568,0.5704810990822902,0.7588662265301712,
pre_model_seis1_20250809165457_804.dat---0.8455943798630953,0.8395502661802694,0.8561979434755029,0.8595046884048817,0.8226187023811743,0.7313268971932755,0.7056649952963693,0.6708487985601612,0.5577830923516802,0.6214575086459427,0.6596990988751077,0.7563266068593277,0.7700053836414087,0.8196075899988083,0.9235729735576227,0.9778305026977705,0.9908602393626621,0.9217324557150847,0.9123801981780646,0.8488192746452659,0.8787419559935553,0.8719618068210218,0.8628649664733709,0.8596906242012733,0.7964874630552403,0.796385422918626,0.755557227997511,0.7927767354698398,0.7787710248766401,0.8283639553409037,0.8538676730776621,0.8575558682206595,0.760848989063405,0.6560450734402782,0.6448841255072257,0.5951821960219573,0.544510455078649,0.5419807206146339,0.5804008629737478,0.6069774022319354,0.6554536627113854,0.7709924343408049,
pre_model_seis1_20250809165454_215.dat---0.35993045402419194,0.7346493799232615,0.6530417045237055,0.7216618029984563,0.8228114097464019,0.7448766400728588,0.772220152211178,0.794739597974641,0.7390362458094496,0.8233052571028998,0.9589015235576694,0.9855464906374509,0.9881738729047245,0.949973128268568,0.9263876703181844,0.8831791916001598,0.8171655716544893,0.8290156749694266,0.8348000022450525,0.8284040382588861,0.6464186768619731,0.6490967523980223,0.5937269684214252,0.47134497422514443,0.5076178584133925,0.279728354383151,0.20895871426434467,0.12062908756956198,0.09770801542801956,0.07412815517357338,0.0719551983230193,0.041930899041626876,0.0640644964900987,0.20963930972711903,0.23371726852863473,0.35569152089932843,0.46087159021111795,0.5389338568215489,0.6262164916026223,0.6548870586275394,0.6418716586622728,0.5784623588993948,
pre_model_seis2_20250809163927_627.dat---0.8590523600049393,0.7550039510982902,0.8791507331435346,0.864110199588762,0.8644694400566021,0.8570508116571608,0.9147381491039638,0.8923981299643096,0.8791752542034554,0.8710784702511544,0.8745901176069446,0.8914515569855562,0.9193868234827824,0.9289499856591356,0.9690058951215272,0.9655346813051285,0.9611696461884393,0.9613240686860566,0.9213171430420867,0.8422335687988188,0.8200936121996645,0.8574478229036238,0.8673866712515309,0.9034972539423812,0.9191632029673107,0.8770369297276063,0.8589757841129857,0.7967406008416363,0.7787011970044364,0.8351235873917908,0.8378231711613819,0.8492232050879183,0.8138620710078559,0.7776611874316827,0.576273378360299,0.5838222984101674,0.5029857856861284,0.5131988733345728,0.5696518351415893,0.6146827681626077,0.6747902196390132,0.8219349376028009,
pre_model_seis2_20250809163927_557.dat---0.7883999813413836,0.8974740645621657,0.9042238426623659,0.8597081248294167,0.9078393759969654,0.9083363901424056,0.9285570224674189,0.9012886911123368,0.9025322266854707,0.8876049186388159,0.8871964484788306,0.8821192467999309,0.9251118470058713,0.9649654286653125,0.9624450614482258,0.9529399016412601,0.9833294997473668,0.9474942047192118,0.6928009039196745,0.7404037578679405,0.7864111497596711,0.857359796472662,0.8831106656741761,0.880921514119134,0.8665923381388564,0.8605051736268308,0.7646573796286484,0.6476488337273157,0.5772847957405964,0.6066547150660668,0.6514608458167783,0.5751128892860623,0.7985854682295227,0.8245341529555368,0.8462994610654281,0.8551002168286624,0.8632947483568397,0.873223108510952,0.8849521864189069,0.858240119949431,0.8915026099362828,0.8409322709278226,
pre_model_seis1_20250809165451_184.dat---0.916865208766178,0.9226117120507813,0.9176726078344175,0.8178173037132658,0.8856925644931051,0.8303215445550111,0.8442544284205267,0.8666778335359379,0.8463522028787993,0.8153195927836623,0.872827807666617,0.881919221934663,0.8303187752748848,0.7660592182082463,0.6664802770089386,0.6794967825974068,0.7363033346456265,0.8861978487697129,0.9074436931535188,0.9105347332609826,0.7516963970170236,0.7576961626062778,0.804110477161376,0.8706215228011457,0.7994999342874868,0.8135738615142932,0.6881375098577936,0.7341142759425785,0.5886954319132657,0.7060767272987606,0.7927368455940872,0.8114422360898973,0.8408657139121429,0.8471177463550921,0.8507776201970443,0.8180741079233675,0.7344382836997836,0.7573292887385654,0.8316064899040958,0.8380626669113063,0.8314393695513463,0.8114458380690003,
pre_model_seis1_20250809165442_836.dat---0.8907605797594198,0.8014399982011139,0.8806011381853399,0.7885174269081349,0.8899142577060645,0.8446720394942051,0.8455674271227236,0.8747666313951188,0.8087157075761665,0.7684828862993704,0.751614523865714,0.8113170351425883,0.825340871768247,0.8382819935942286,0.799960595908386,0.7257945842297118,0.6040980938278874,0.5665945686745737,0.5338092574291541,0.6175384309509098,0.6666932337577496,0.6510113212207264,0.6911218383391576,0.5950840658168819,0.5899647278320139,0.5031520603473907,0.5366477867221185,0.46642415458920516,0.4820058531361971,0.41567722370757215,0.42145365521643663,0.40275215563948047,0.36660938735568993,0.3034978239008724,0.25661632236674214,0.22211322750211446,0.18884536429097395,0.10983231734583225,0.0705253860898353,0.015919128642660194,-0.032627855908636656,0.5705148103890261,
pre_model_seis1_20250809165448_409.dat---0.6765373169194725,0.7900488735699648,0.6439807428160795,0.5616320403876076,0.5465395251686234,0.5756641439534514,0.30411337033600194,0.2453935309694934,0.42017583188449004,0.47735395083182025,0.7342581100104142,0.797836475337504,0.8501286146294813,0.8490632916295129,0.831140929975474,0.8781874592604653,0.8660419485480122,0.8647732732185,0.851397256684874,0.7945190520210924,0.7499657619080178,0.7223264871283362,0.7097809083321761,0.7357012096839095,0.7272504352617242,0.7067953165628819,0.7168488948084253,0.7120394878176278,0.6855499152746634,0.6884917689972291,0.6942065380877794,0.7210963914236883,0.6977995369881768,0.7683874869939786,0.7281900932800626,0.7840391022114763,0.8236633830520927,0.8293857492811948,0.8198273262239567,0.7995461393588313,0.7758729962626314,0.7111109918802732,
pre_model_seis2_20250809163933_296.dat---0.9501961223668645,0.9525049513185636,0.9306417434204513,0.941784327743833,0.9273178489942665,0.9532462568039499,0.9531696851031317,0.9591291994509099,0.9587060538626548,0.960073223841917,0.9571890675755987,0.9466629736296989,0.9459770041683004,0.938303636756383,0.9413832934532902,0.9621145909484657,0.9624920430746537,0.9190674171660969,0.9402969700943387,0.9595631056536921,0.9785053415426337,0.9535364672528253,0.8678016119907991,0.9060065523160635,0.8940765961837541,0.8694468006263714,0.916997378005846,0.9183778919620559,0.940606092581033,0.9556328709707034,0.9583419332855042,0.9408862619637585,0.9229674279884484,0.9024366159296711,0.8944154998142394,0.8787050254127078,0.8287631101488843,0.8485470747549554,0.8110590815306176,0.7605054328431927,0.697618566342749,0.9171964182652163,
pre_model_seis2_20250809163921_433.dat---0.9165570290283398,0.9535087055969378,0.9235961137096291,0.8686601069366745,0.8134354834645099,0.7483613188205097,0.7865952913122056,0.6912729026897936,0.6750738077807493,0.7789483663433663,0.8490516587880567,0.9301494857298527,0.9593581939384738,0.9563693145175867,0.9502534477868543,0.9573765439677961,0.9482054254094737,0.9466353186899824,0.9568049516973067,0.9618334907916045,0.9396736142734983,0.9165114834781323,0.9226778650735563,0.9042397810301069,0.9060333041790082,0.8272718473912019,0.7351155399458995,0.6942648887530707,0.7123382400374985,0.6381732042613347,0.6583307155977253,0.5969729745469039,0.5776241867355646,0.514545031809017,0.43972972757044954,0.4314180281254122,0.49346801554647074,0.43848095339942333,0.5000365540022758,0.6391904321792049,0.6441737867669404,0.7732272471146927,
pre_model_seis1_20250816100525_26.dat---0.867050338926039,0.8523841685131025,0.7941907021939726,0.7730503163325181,0.7621794847779065,0.7688678759986532,0.6813037111548479,0.6831035332369167,0.705832248265778,0.738127549998459,0.6194804932337927,0.8491240715548194,0.8192238432976499,0.8366798738698505,0.8296683205412725,0.8669114784304343,0.8607083983059409,0.907851356952294,0.8290849018955365,0.7572326170649881,0.7635396754201089,0.7532420755647902,0.7185076967447197,0.7059792793577727,0.7594969779226693,0.6804546760865752,0.6436769996211411,0.5452276975619126,0.5051335706537173,0.5144984839311695,0.4804341032208247,0.5234100123465262,0.5242636161413092,0.5109687494507799,0.4249057941082233,0.45532192166610125,0.3398916654294499,0.33054610847515425,0.23145625747315451,0.23840696395632294,0.21392448669815095,0.6503741974725696,
pre_model_seis2_20250809163912_687.dat---0.8961276945946447,0.7231150436995668,0.8785771361793895,0.8405132484223635,0.7963044416260747,0.6092425304859278,0.6878108059129114,0.4374357694983987,0.5324728828364896,0.6645260027099499,0.6887386075101695,0.7879696161165621,0.7385000257287528,0.8629564857674312,0.8919208875386296,0.8060539001144759,0.7599772793988837,0.8528046458027115,0.8282978766407193,0.868680289633254,0.8335508880024097,0.834293249040099,0.7012122467740138,0.702290445435873,0.7076345671850792,0.7293883098439367,0.798258676026024,0.8011580846036181,0.8531081101471827,0.8898552592747523,0.9005720686044159,0.8898500717827247,0.8562023809131208,0.8510130921213338,0.8134952639731649,0.8366159634691059,0.8596364525878248,0.8569178046939463,0.8441502052244979,0.8408140584131107,0.7607759429408527,0.7881175197871805,
pre_model_seis2_20250809163933_558.dat---0.9048078736218028,0.946441921210417,0.9595598499181536,0.9419823045255422,0.9373140994867892,0.9595212883590003,0.9237957028526512,0.9387950586921532,0.9588113809442834,0.9770255637674247,0.9758594447227592,0.9506128250026447,0.936736266007945,0.8920908333046942,0.8648789988235001,0.849254441104747,0.818637724938813,0.7899669790104121,0.8181114150271045,0.8147437784414212,0.834064793899272,0.7961332510489602,0.6852839971993785,0.541473755377451,0.5376642334431414,0.5509912415274899,0.5848084138453228,0.6070971224157916,0.5475688122141005,0.5461139184463424,0.5133891077980671,0.47457297384989355,0.5143194956209551,0.4773923428343705,0.4912857467983635,0.44102195598209926,0.41881091719602836,0.3423748626285328,0.2625581546475668,0.18599650818979557,0.13054520995118313,0.6985954771872286,
pre_model_seis2_20250809163918_743.dat---0.3597298516583208,0.6911668156534745,0.5592468578190177,0.7211697395323411,0.7681531259463359,0.7121221846300193,0.6205912570352365,0.7237603097434009,0.8613858295620413,0.9079048875279805,0.9292222995050099,0.8919007348116895,0.9023462359169888,0.9736363556451206,0.94444369772616,0.8851607282477857,0.8885055785616822,0.8897651105738644,0.7923968267338994,0.7811125841648542,0.7951459778506413,0.8342587447212962,0.8229751995231236,0.8254763425778537,0.7430471236797266,0.7453701489521852,0.6957154753447137,0.667327128020999,0.5830419618366173,0.607646394389592,0.6961371715486145,0.6943154893327657,0.7392777180362895,0.7918535227245481,0.7191102542601567,0.7580307031850173,0.800081742787789,0.8163656906369633,0.838846693702905,0.8026390652471331,0.7879435912166955,0.7699591987944112,
pre_model_seis2_20250809163921_336.dat---0.954722580074387,0.9579711536467436,0.9553404055132056,0.9565572518925438,0.968217708618775,0.9524479086502537,0.9375250174920724,0.9235109400877004,0.9144206102174988,0.8823876823819237,0.8879245520503819,0.9245297612605523,0.9497346820869139,0.9609081863225565,0.9757205359211599,0.9595244961373409,0.9529665428769495,0.9629180267977109,0.9628295698777414,0.9469781681028342,0.9384067299608673,0.9486130078319185,0.8634863923075629,0.789247028625979,0.765524457131045,0.7910991411302019,0.7348691614007841,0.7261449621882656,0.7155805651233247,0.7674449947402737,0.7707373994703977,0.7811192173011782,0.7273910391820142,0.6907634100576434,0.6884122361992402,0.6607977757988,0.603809829165202,0.5488646216269237,0.4787858862056789,0.4311238288287005,0.4270880373709687,0.8228401341867373,
pre_model_seis2_20250809163927_29.dat---0.9203619941810393,0.9063698592357439,0.8411459739083775,0.8422100822748495,0.8507681056755065,0.8623207130492375,0.9109598067603522,0.9169990615374035,0.9141372046143447,0.8995432718091926,0.891339638446687,0.8811657680953783,0.821196585910424,0.8582708774810135,0.8319636422667402,0.9328905950932689,0.9429258822685452,0.9172770332704488,0.9917007810246772,0.9873778877589853,0.9627021952347191,0.9325550783948251,0.9164370286201537,0.8798593699035083,0.841999247213578,0.782995073849114,0.7337728708165203,0.687051714288544,0.6468689062920575,0.6082606662383764,0.5887786707266833,0.4913633660227592,0.45806170212735703,0.48686112698245243,0.4377341929721317,0.42772961893539774,0.5457269940836118,0.5640689171997904,0.5738708231663531,0.632028662092154,0.7563065629994645,0.7774623793371164,
pre_model_seis1_20250809165436_626.dat---0.8241135657638015,0.7088492786680972,0.8276893453439067,0.8263154869892583,0.7574141109402812,0.8532530207160994,0.8530240846751597,0.8528093042173408,0.8511764668598555,0.8780952555884726,0.8898307815559857,0.9146600123417796,0.9675398356799151,0.974867431607647,0.9754015217840334,0.9537773506628272,0.9546237813580529,0.9649508899099001,0.9435047345356585,0.889586224929586,0.8588788381698185,0.9090991112729815,0.8786236704649374,0.881412279674278,0.8804570569713531,0.8776450142617341,0.8500448527212392,0.7632671525581521,0.7558796138065934,0.6590253604407287,0.6974321721281513,0.6284774400970844,0.6609633970519935,0.6556217868675922,0.7082564398759211,0.7364289293696371,0.7844165658071593,0.7720111132261944,0.825864347984091,0.810052103241267,0.8354297330706523,0.8314821820290057,
pre_model_seis2_20250809163915_734.dat---0.9248204413884483,0.7845586978302113,0.9309220705925327,0.8501028818316793,0.8880849716787095,0.8809627922459778,0.8389835338515509,0.7872899353765274,0.7216853403979587,0.8004059309984541,0.8477814726662363,0.8589536017057446,0.794904238994521,0.7225407045079414,0.6498159784137154,0.651588552682217,0.8267424344315532,0.866603998969463,0.7919009707780694,0.7037683721003842,0.745383252209714,0.6143815597524075,0.573812474249535,0.44138544620782316,0.41934206862070156,0.4561810153980233,0.4386515696849253,0.2625707637679635,0.31961400847021276,0.28146240301756364,0.22309249010809015,0.22616315902266063,0.22840325853596716,0.1872601337691292,0.19807626684670532,0.12775118204520228,0.09738947916796549,0.07647592445785552,0.07743882639248845,0.05035011484815877,0.05547110131575545,0.5420261809592865,
pre_model_seis2_20250809163936_621.dat---0.8322803823935878,0.8079672577539113,0.8784381265526171,0.884089145825716,0.7515664180687471,0.7782982191311537,0.8499582958994395,0.8037731967604662,0.7935290001484078,0.8103547747743859,0.8350108947551549,0.7849419364489141,0.8480329033857801,0.8256433161230037,0.908143704039979,0.8534838301402342,0.8330201788373818,0.8381762688148326,0.738889774188682,0.8232385583275005,0.7627450431679826,0.8054072644212236,0.7320343639549557,0.6706892620399783,0.6908664544290207,0.7340445590855939,0.7175187099684792,0.7066028860207993,0.7829944602227628,0.8367853300310503,0.9120689420651619,0.8978475322324597,0.9055634970371753,0.8695307806020243,0.8532757280027815,0.8414770136207612,0.770457046663317,0.8232968402662089,0.8055857899130039,0.7939893658656736,0.762453560381533,0.8086358685941911,
pre_model_seis1_20250809165457_248.dat---0.9118305453126747,0.9171761714810177,0.9054884845981412,0.9266624303190647,0.9418146306313724,0.9266156271026589,0.9227535263269272,0.9278035870724877,0.9436202836804363,0.9242687087641772,0.9444375474921894,0.9594699661825508,0.9860730649173297,0.9780241080607763,0.9783199680922428,0.9625529807873263,0.9382320534775596,0.8871656376320068,0.862476014965051,0.8569470541943115,0.8929974193276671,0.8864107959289512,0.8255867449663641,0.8397315358486481,0.8260133901118127,0.7424089872428842,0.7392785234638332,0.6520690610053256,0.6355651894985912,0.6455992674080822,0.6333293908830104,0.6531189041142585,0.7815357168738931,0.8157177028743461,0.839909530269565,0.8096419872006664,0.8201833794849727,0.8212998329179457,0.8309390740374406,0.8567968151656291,0.8942425023091058,0.8547343449273975,
pre_model_seis1_20250809165430_453.dat---0.9167586881810206,0.9120542829876555,0.9459414630692111,0.9383808350851358,0.8909065273411494,0.9140045269417761,0.861208300518539,0.9272068163879079,0.8995231327317501,0.9255703342742247,0.924348273787705,0.9098460079346424,0.9199171478205095,0.9389530081838399,0.93342714754944,0.9583235232416593,0.9834063685536282,0.991310325410431,0.9704634458704553,0.9474996399582409,0.9570808680154064,0.954096272230365,0.943067911447239,0.9032307284515673,0.8831228292008803,0.7755744907120133,0.7698318014762201,0.6890850041780137,0.595636392897122,0.5957215182811139,0.40880701039206807,0.595274579774883,0.5732294091373311,0.5507480625696811,0.5888470694063378,0.5650172639096553,0.7398231758318914,0.7144612430428312,0.7842169971262744,0.8111058165466042,0.7260125116526527,0.8227570915148555,
pre_model_seis1_20250809165451_592.dat---0.862680859347454,0.8144591102357197,0.8326672071491682,0.8331090038386799,0.6773135487196507,0.792395573304922,0.7148732522612452,0.8236078555978719,0.8855893389781825,0.9124902567583392,0.94732316806188,0.9388841724429663,0.8736759376099833,0.83873454979547,0.943886775668718,0.8996340235463236,0.8781873689728991,0.8355235504905107,0.7521647531773581,0.784472051588131,0.8441560655652407,0.7716452632191142,0.8357864286196721,0.8519731558079316,0.8741190835385807,0.9030191515368238,0.8981477498456583,0.8614487233756529,0.8516702532844442,0.8515191210182672,0.799587212257109,0.8287447567618091,0.8432102349353664,0.8030533855089282,0.8009860846705782,0.7496145724280245,0.7462212653602123,0.7654494519760199,0.7142557923186295,0.6567129983349901,0.594033142488943,0.8216347865950603,
pre_model_seis1_20250809165457_188.dat---0.9801510005866183,0.9789423071759598,0.96904527834078,0.9652542983029841,0.9624785909767545,0.9649825210195593,0.943232482944326,0.9325489978067473,0.9452992434236951,0.9331214444468672,0.967219879066574,0.9682896144164614,0.9746187711135099,0.9734962264372855,0.9802132722720911,0.9875233757929114,0.9599476527816824,0.9059480912742237,0.911756781412937,0.9285998281323324,0.9129648763485443,0.7057482772396597,0.7224218459194883,0.5607643355648676,0.5712254295067613,0.6049463141013747,0.5737246873022401,0.5026205208794164,0.4740147032142734,0.43654085742290866,0.3923692078172962,0.3514715873873471,0.3575231607979866,0.3983758673839283,0.3976440293031058,0.4165965883595371,0.38431048210343427,0.484035882989771,0.44759160536078074,0.5180611976397342,0.5233808739418373,0.7285122436172826,
pre_model_seis1_20250816100540_3.dat---0.8609854976057517,0.852094637050432,0.9113453272189012,0.8243616628733493,0.8379010630305997,0.7714593699870315,0.7747996390737895,0.6969310254507258,0.6898366726292122,0.6091611561436384,0.6204474683306302,0.7958347635572357,0.9641540650349174,0.9665439999704578,0.9841063219016809,0.9348443696037059,0.9352064485755629,0.9486434410046442,0.9364547499869684,0.9032407067905783,0.9080271263058566,0.8794330439149497,0.8012695119032716,0.8493436019833881,0.7841754052730089,0.6977329718707342,0.7106205442248048,0.6336244062550263,0.6253132599159935,0.5910517888346702,0.5433626953237253,0.5310295998389087,0.4962401310831016,0.4648599796594877,0.376002899114144,0.48084449734431517,0.42982944625586933,0.616871043652206,0.545060212221496,0.6657035895639138,0.5719131149351586,0.7322112501291184,
pre_model_seis2_20250809163936_280.dat---0.8751662267353174,0.8202493556930359,0.6588397221529996,0.8300500738576644,0.7727549911894347,0.6912137572535919,0.6371560514807078,0.5315556593951871,0.36014779050617396,0.4208899449752189,0.4064233315616991,0.31946096598993345,0.515865485938068,0.6629469345577855,0.7152209691744188,0.5919140571968466,0.6131285330107399,0.6847660628380295,0.8056481426741122,0.8003924651480769,0.6944210041991996,0.7199862253982076,0.6592383918044791,0.6186633897371719,0.7060656405105808,0.7169425866749997,0.6873974880744761,0.7167219437525624,0.781402330609567,0.8021242675724328,0.7634798428341383,0.7653758220038477,0.7780578386006761,0.7252400822620964,0.6732165003832554,0.6656898053591237,0.5279290359732013,0.4903580764867648,0.5253706458828975,0.37605158428815266,0.3319372042978222,0.6448648836106023,
pre_model_seis2_20250809163912_337.dat---0.871054383819893,0.7568422447258927,0.8084242743387776,0.8470433123558365,0.7182987594490623,0.7971784843769245,0.8355436074197133,0.8743183280276979,0.9308190811988091,0.9429923891666333,0.8990011799915055,0.9773559995562013,0.9815201454705039,0.9711459393179662,0.981052303282146,0.9646237107216152,0.9699387746939723,0.9667894720470774,0.9476585709360066,0.9290916170859216,0.8366922022488179,0.8169313512580003,0.8166726615632062,0.7621031993070297,0.7376880703410374,0.6801912371131683,0.6445518836596555,0.5657822231653199,0.5291437653182933,0.5191185317857326,0.6273991331757994,0.6272445601654355,0.6265339272938768,0.6408713307032906,0.5963017760604566,0.5711468403402735,0.47758286799263416,0.43699579547413464,0.41831392085858043,0.4216447116249885,0.44230663185502433,0.7503880292509004,
pre_model_seis1_20250809165457_514.dat---0.9360869539949187,0.7761650558295147,0.8652695359159535,0.8811638926014946,0.8213150821721927,0.8306176209600411,0.9081567087993122,0.8490161846788268,0.8307649171582759,0.9047044250739781,0.9502061215912171,0.9784238721064531,0.9669877190781775,0.9914166852328076,0.9870786213471902,0.9775438538968286,0.9868297574267603,0.9667367679799398,0.9240379970176696,0.9042971320228975,0.9505743687574141,0.9513835597184975,0.8666141757087705,0.7876205133505215,0.7171347836721698,0.7053697133240894,0.6880528917791688,0.6173531023829157,0.5444680705946489,0.5919272862195957,0.6807426768884175,0.6853587158258405,0.689623171730339,0.7593520498708339,0.7139959930016706,0.7614335524651779,0.8218688535554282,0.7907847336844921,0.7916530146116758,0.7651585203087504,0.778963883011054,0.8267378667157543,
pre_model_seis1_20250809165430_394.dat---0.8780827856025671,0.7862168680230521,0.8651127564370179,0.8812627226399964,0.9197951490159471,0.9098153146068085,0.8521717937925973,0.8332346654708146,0.7937169037219423,0.7911886255850137,0.7609373215543498,0.7065635128976552,0.7058758964511602,0.8177307089804575,0.8590930382695937,0.9376025125848431,0.9676440733304241,0.9460996108159874,0.919755746271955,0.9015845727149414,0.8526982251590978,0.7986013740834765,0.6734835911437198,0.7235842345679141,0.7004869425423101,0.6548408155090806,0.7378855795279778,0.7999458984932367,0.8107074638905689,0.824984243296793,0.9071433123295788,0.9470114432755555,0.9404839997166095,0.915047146537358,0.8894125875540244,0.769007195562461,0.6808889357490198,0.7335984794689587,0.6742857406400438,0.6672678682097619,0.6725145768085177,0.8148137617764191,
pre_model_seis1_20250809165448_652.dat---0.955175212975798,0.9868847262944235,0.9741877471408968,0.9853273688684926,0.9796318413656938,0.9762871381862125,0.9852423072635729,0.9778260018810357,0.9670370863951003,0.9625451806766362,0.9700364765630122,0.954991295170319,0.9725603247162741,0.9701650259219611,0.9783186083602712,0.9601287549112201,0.9813831692831815,0.9778056587037154,0.9751636430265549,0.970653063924903,0.9513691119665771,0.9007475757520905,0.8740292759008338,0.7513535308731618,0.6959265139613993,0.6103487735012783,0.5957161837481355,0.5142130635071813,0.41999843724411834,0.4307515108900055,0.533469392243408,0.43074908738803463,0.5409712042492678,0.5966371087669792,0.5821599510809671,0.5240537781229272,0.5111847217791138,0.4825782871011178,0.4751791201278807,0.3963654520169165,0.3655324232155956,0.7718215886601527,
pre_model_seis2_20250809163927_164.dat---0.954956009223393,0.9186307259492811,0.9228299526205961,0.901306684695864,0.8807553578393948,0.7974022867653021,0.836433906331671,0.8411090772650368,0.8070528114798995,0.8230996003947446,0.8159808425797795,0.7762850606925857,0.7712954347786752,0.8673321306261617,0.8843008586051987,0.9481079521849817,0.9713561573539322,0.9614898358925675,0.9007045656398827,0.8927513207235266,0.8444495669705991,0.8383295532301489,0.8535195611552852,0.7938914523547856,0.8032951155963413,0.7752624675605605,0.754738149195543,0.6369306026995206,0.6510837736340364,0.5841985537436915,0.5532180215031013,0.5585418067032548,0.4783441860162501,0.44335468200240274,0.3419277346045998,0.3099155342714287,0.26166431089110875,0.2502253873811046,0.2642293967182114,0.25649092140580565,0.25414778663066306,0.7068521740466078,
pre_model_seis2_20250809163915_533.dat---0.9571214273710668,0.952877936695744,0.9686063406819704,0.9318453634813505,0.942987397634564,0.9514829821997831,0.9402093670070808,0.9363514435558089,0.9375913418159668,0.9580302048594312,0.9663280466492149,0.9462862250018096,0.943496524384542,0.9765592700223249,0.9792928571298684,0.9666781470282285,0.9684781992684249,0.9552948226682716,0.930370929139065,0.8884290235838588,0.8187632969741524,0.6655340285650853,0.7308807278144841,0.7121475684530197,0.7510951879667539,0.5901652642304347,0.6023853858392841,0.42181261550959115,0.42993278610015995,0.5295436195738863,0.4262052622561168,0.6357197582433096,0.7497766363047649,0.7113926020590382,0.842375268723757,0.8275672270398244,0.900015048084862,0.8923659602570356,0.8911586218222566,0.885564571691153,0.8898213998188714,0.8268912362806393,
pre_model_seis1_20250809165457_648.dat---0.93502354712508,0.939840367430857,0.9544876459241545,0.9478421805569146,0.9400211066635898,0.8866394951414944,0.8513847989534107,0.8469708535148861,0.8135692729943204,0.8274057410912754,0.8603373226402454,0.9043823072979922,0.8769820515304351,0.9640387407959784,0.9327853254358907,0.9064097120058753,0.8881308913803538,0.8719485095663294,0.8875959904355577,0.9208031177264178,0.8658489850550202,0.8826037420102785,0.8495014513359783,0.7446274860318494,0.7704924940522189,0.6552855401200118,0.6910131967888854,0.6091495668781564,0.5088640178211898,0.5332169841082542,0.49956015392736697,0.496558322090269,0.4997394339313294,0.6054175051553828,0.6987090579200288,0.7926734690826206,0.8237015708051533,0.96088959227461,0.9425613427369216,0.9427568362185146,0.8345693471590594,0.8088863188710771,
pre_model_seis2_20250809163915_267.dat---0.9334708085740584,0.9517053667361662,0.8591941730138805,0.9372578730721536,0.9265695215845131,0.901679174805208,0.9044830024253515,0.9224419665390546,0.9402978182136552,0.9534211806794234,0.9629621135366875,0.9682354510137275,0.9645874673738403,0.9557029663063593,0.9495715324914485,0.8066961531829387,0.8286279501122946,0.8856022208438188,0.8810899339803172,0.8733916483824553,0.8620466235271943,0.7772012453036301,0.7829392780616505,0.80005526244609,0.7737110567093843,0.7457141862926253,0.6325019179457161,0.5285586619287569,0.42937380293365124,0.24733485940510397,0.2314794488042844,0.3453551104856295,0.35773631960682084,0.40221146360532606,0.41531188188794044,0.4597055273602244,0.4946641159473633,0.5646672934490263,0.6049688568234604,0.6876374946383506,0.7143214803329374,0.7357191270820128,
pre_model_seis1_20250809165439_894.dat---0.8987557309964377,0.8986181987646895,0.8063981041231423,0.8861466389819422,0.8752369835491576,0.9068151481213751,0.89625446799757,0.9009551739608207,0.8479301153732378,0.9210582362266294,0.945780189747922,0.9614884784397896,0.9573299085073051,0.912079610579273,0.9599424876187945,0.9784064500106602,0.9613996636180525,0.9821446596872886,0.8832735065261724,0.8448751700618602,0.8678720102255908,0.8574168670880373,0.8315199392904375,0.7224408795450789,0.7200113690075407,0.5560399055467653,0.6104578411723066,0.5555423486119462,0.605586661734091,0.6958813549507205,0.6722063568493666,0.682411655899424,0.7150452595014624,0.7199658711228838,0.7754882737621934,0.7540893377913784,0.7627344347015412,0.7328126633856847,0.6732841125294342,0.727298928600713,0.7111622684346063,0.8091257868937395,
pre_model_seis1_20250809165442_797.dat---0.970834260632385,0.9652943428840033,0.9483377485109127,0.9200201300326206,0.8912476079089108,0.9009415689927498,0.8209437922973366,0.7768024655946763,0.7126421193318339,0.7632499833847571,0.6530726216921902,0.7333729181108951,0.7479024069364975,0.7946058446586584,0.8796082278713183,0.8818072696638148,0.8572635882029264,0.9209539925739759,0.9197248602049217,0.9147626560195579,0.7520244222385998,0.7533947188706209,0.8047203107080267,0.7418931325847338,0.6413756211926093,0.5443090195389582,0.553507658491406,0.4424324915966049,0.3998466922033517,0.2700171352539032,0.3018982597217931,0.1707039825001113,0.07596560410914993,0.058865920179700854,0.0453492633062643,0.03178357056422114,0.002663677753563173,0.05116125291489034,0.03817652746911787,0.08916613703409446,0.16438567032977716,0.5830982798552791,
pre_model_seis1_20250809165448_380.dat---0.8557856791471086,0.8801921312027144,0.7545819898297768,0.7008239913292145,0.6939204714963979,0.719820094206386,0.6786419681018113,0.7044228621434523,0.6306375628652787,0.7064512109633331,0.7568320564199814,0.855410949813324,0.9604347480237005,0.9628082551668441,0.8054933696217942,0.7213147886507264,0.6716557917675398,0.6321957693516976,0.7118881454945025,0.828300302474391,0.8444855926574465,0.8163655058710403,0.8006888390168528,0.8181663843763531,0.8081488545056449,0.7704536486051572,0.6605069699012581,0.6037709650728836,0.5867677709117819,0.4866501775050441,0.4567880077824274,0.4487408220348859,0.3986448303106068,0.584514880001881,0.6940932111482618,0.80869272505545,0.8412128061014779,0.8743571686733604,0.8637209018237877,0.8538310677132723,0.7666510785316966,0.7321674230651353,
pre_model_seis2_20250809163939_507.dat---0.8670519529905987,0.7781745304369732,0.8467504769375671,0.8026038099490469,0.8532030185544125,0.7866808209053613,0.8744311702902623,0.8680570443965815,0.8807272096859855,0.9022102084602959,0.9155864788845821,0.9435593795238529,0.9390632848305119,0.9392692671846268,0.9401890320746872,0.9239550730724685,0.9100303875762631,0.9344722875467357,0.9617113262799776,0.9143012842854316,0.7707522723153365,0.6897257728171884,0.6556359153488753,0.8052860329614889,0.7917642526660891,0.8042746366455783,0.8305357509283419,0.8905179147958718,0.8752525089349621,0.8718695036570469,0.7979210989201917,0.79949944514653,0.7365602112572808,0.6490653379290697,0.6759838384084048,0.6307192240647712,0.6308669885071606,0.685566804432356,0.7388368285085626,0.778209529715225,0.8002999553108281,0.8217358991984728,
pre_model_seis1_20250809165448_751.dat---0.9077721048232515,0.8590725056061024,0.9178596799499675,0.9494842267401381,0.8806352688715147,0.8866281665802936,0.9295272001103808,0.8891412705869557,0.8248120674529941,0.86413631860578,0.8104027233134975,0.7942836824211528,0.8679618416334258,0.8419361033328638,0.845432143940745,0.7900752106529877,0.700603167008255,0.5725408339843236,0.6139962738498812,0.5339622703748281,0.7526382098316694,0.6999572527452272,0.6165972698782045,0.5094799951171484,0.48577579490251205,0.49275277184255506,0.5225832979882573,0.51749723950485,0.48340704090711123,0.38667043313652183,0.4011588333752167,0.3894831133265308,0.33066969225514775,0.3808024262526348,0.356158242988802,0.3163929384584387,0.23794546662917176,0.28369140951972316,0.17985857859324275,0.12504258762883227,0.09422187997536433,0.6059279886511342,
pre_model_seis1_20250809165448_577.dat---0.7002650864971067,0.8254184574237692,0.8445151363513176,0.8925765175443309,0.8669732761057785,0.8401351546484045,0.8812391850611643,0.843762878948684,0.8549513009458409,0.8272334542548166,0.9334313427537683,0.963876714876158,0.9775968435293297,0.9816398668488463,0.9921280404274668,0.9567245190311164,0.9597964983059742,0.9238021161269244,0.819293556790303,0.7512299267053334,0.6997644781060735,0.7220783389005883,0.7462607318537147,0.814495725109877,0.8180503552212504,0.8522349298955961,0.8825690994989963,0.8918123973096956,0.8779549120968771,0.8964111552694982,0.8821852373316984,0.841615228759934,0.8493209101576566,0.8209991649829942,0.7555901240048296,0.7952431509297595,0.8261624249703212,0.7373287978328218,0.8034124139862785,0.8537925527938851,0.9125627658395118,0.8516203601958119,
pre_model_seis1_20250816100528_40.dat---0.6990172070477751,0.8816472311849683,0.8769674459507879,0.8149632237467193,0.8346146360018124,0.8535477684929107,0.8556550998446972,0.8876226603550423,0.8796896829511418,0.8980851393594238,0.9000603898058155,0.9214718860183824,0.9039717591602984,0.9704467653367341,0.9713973196918316,0.9638356478823317,0.9380945618805093,0.9571219538386846,0.9681506264550815,0.9413714034112939,0.9460356206952197,0.8958983776160978,0.8613406954666086,0.8194849992966706,0.7900781787516936,0.7517382263613602,0.7270677444904956,0.6321924389523458,0.5785743416974554,0.6741668756914092,0.7374763297745672,0.7457159376947389,0.7919803491737248,0.8552762095891704,0.8836710037983738,0.8404366137327055,0.8289772508618731,0.7872128695466816,0.716030512451891,0.7152754917035353,0.7291618778642435,0.8347688866738318,
pre_model_seis1_20250809165436_386.dat---0.9687792582512877,0.9664578756149538,0.9725635218588721,0.9431469168964919,0.9654210603913255,0.9630058172112391,0.9597341489167474,0.9611745966617979,0.9574165558050839,0.9560368962640604,0.922534497928173,0.9186511347288409,0.9348182101953945,0.9364762539130275,0.9492869197345586,0.9582969568158106,0.9378795981484694,0.8277388243205687,0.8971785877501549,0.9227188419413848,0.9124278536855398,0.8719519848764482,0.8169294238565005,0.8228867562629761,0.8208625978425025,0.8107702618710229,0.7926596801021414,0.8154095193992666,0.7980711121893383,0.772096025490578,0.7965419648752775,0.7714939869076864,0.7614359690744347,0.7597877128164763,0.759613501493663,0.6978502414974693,0.6381920000200619,0.6618051531078178,0.6985577299106679,0.7149379120765187,0.7334974288003172,0.8548072021830477,
pre_model_seis1_20250809165454_376.dat---0.9585293259776889,0.919861358185714,0.9596440537721762,0.9418931205149446,0.9483883502449888,0.9349673357662318,0.9262487328289736,0.8829186036654706,0.8686011936928071,0.9098323122000872,0.9069851948963773,0.8841816168225622,0.8554641891899399,0.8639053454629603,0.8109293464192975,0.848837026855747,0.8609194006436444,0.7958490653450804,0.8012730788228734,0.779971857206395,0.7854780991282181,0.7979927454558371,0.7521307806568903,0.5817507718464776,0.43498573005226726,0.37421289832628235,0.3503039523563985,0.36367004947598,0.27956857481640324,0.24898228224798744,0.349511775225243,0.47851354091657655,0.5805448896195072,0.5825112964816851,0.6993329594725394,0.6318117839584954,0.5293268708774203,0.49462459638599376,0.3446767525460898,0.23881691841613614,0.22550402050301846,0.6776451657873025,
pre_model_seis2_20250809163918_272.dat---0.9187829842051,0.886468505140919,0.8943296600957259,0.8886518027038844,0.8759160519588215,0.8425276622256995,0.8367869162791638,0.7934167123001514,0.7754922214388227,0.7606510546715834,0.7372010103243531,0.6941698458793664,0.8097151271516521,0.7542016615121183,0.7430510465482667,0.8769189331181503,0.9158592974871648,0.9661337796133574,0.9486370988689676,0.8100811740821214,0.7765362644782289,0.8255670300943504,0.8431423669168763,0.7803195602837768,0.7556703996516296,0.7300081806325772,0.7214811767074021,0.7543313762935243,0.8194094991253769,0.8037233373798482,0.8413252887150945,0.8901747726865354,0.8913397393364157,0.8842796797671587,0.8542473330571625,0.8557090872434217,0.8591244120205555,0.8394389655191273,0.7887406923930782,0.785107631350248,0.7854946174067996,0.8247357062601118,
pre_model_seis2_20250809163918_271.dat---0.8639444582904907,0.8537290408601965,0.8924290708599354,0.8995861751059286,0.902464263749062,0.9037573079683809,0.9276304338936708,0.9295705513083804,0.94211276679157,0.8897374127577111,0.856668522852288,0.8591256966058556,0.8873198111787908,0.8915960563723527,0.9467713882758746,0.8084498317401352,0.8322189136258187,0.7428319919135826,0.7655792295472212,0.7418080998750214,0.7568184070296726,0.8332824093192174,0.8644915413839928,0.8939005245801116,0.9216449595533984,0.9198021244033449,0.7715418723544066,0.7227412775701287,0.48670021487120524,0.5264367278850882,0.4706447005681802,0.4757106917503776,0.43975885298338574,0.5872378420295968,0.6454708742972171,0.6327889164709639,0.6716554006753039,0.6494590005492966,0.5591561113756863,0.44991527490167205,0.3547865072181063,0.755396957447381,
pre_model_seis1_20250809165433_564.dat---0.9206720850802307,0.9511635354971323,0.94839416315724,0.9546448892616364,0.9630566328981485,0.9491001811810874,0.9217865589341657,0.925435620512743,0.9092329297402035,0.9452521871957782,0.9569071265731679,0.9534321678368809,0.9380934556859793,0.943122758347687,0.905264049170454,0.9157092102390637,0.911435327110035,0.957988320745967,0.9789421412870255,0.9667998430118175,0.958812155329439,0.9558639565267343,0.9480322809208929,0.9255788055670786,0.8338528364393321,0.682387235860497,0.6781199876145053,0.5527290024653537,0.46437714193646623,0.2469296391314213,0.25967296171357845,0.13498017820520905,0.10222834197635056,0.20414932610524525,0.3654019465348504,0.37836620083551,0.5133193721854177,0.5216717397048024,0.6122215218054021,0.6356241363004621,0.6644789429799874,0.7428105096001214,
pre_model_seis2_20250809163918_86.dat---0.8430384325417468,0.8223897181555186,0.8805203395529112,0.7813523519624015,0.8620776608142023,0.8695313386571293,0.8489909621580132,0.85125018907095,0.8953180773581804,0.8871316295635443,0.90955012801411,0.9430027147463799,0.928289077673959,0.9056201208502694,0.926000486222997,0.8918972696388668,0.9069141507916149,0.9690866902335155,0.9182903963161819,0.8532906768499481,0.8412354175326882,0.8481331545686001,0.8940277588822501,0.8249023731322812,0.8168687143875578,0.7134452861151123,0.6921420257716488,0.614852756043362,0.5755514575368477,0.6091842941914699,0.5805560851694261,0.5463163118561508,0.4236957663276405,0.29925012868266115,0.31390231058966656,0.263963986522153,0.24229094263445108,0.30945103381010663,0.3123255850641195,0.2743923142824784,0.3276890223269691,0.7077492472341482,
pre_model_seis2_20250809163912_27.dat---0.8833003778755971,0.9405597491855784,0.9477105728348099,0.9414389547626322,0.9169535462379068,0.9160260395936886,0.8997567928678455,0.8397267848550231,0.819496094425629,0.7494307545169142,0.78356981802905,0.6858032786153568,0.7142580375369801,0.794070499461875,0.7800358250184094,0.8457420983494548,0.8473046956906021,0.822227181447064,0.7390805138541383,0.8006418772298973,0.8304627950386769,0.7648875555231575,0.698416282805086,0.7730676062454722,0.8886150877043875,0.9104883899336425,0.911076258560173,0.898853445505715,0.9036581413166018,0.8662882750074733,0.8807580991904083,0.8551685681857721,0.8687303417240864,0.8424211813800299,0.813499215533572,0.8132597989374668,0.8069476313598223,0.7395016543609689,0.6450261062863581,0.5794746233785161,0.7084151318903523,0.8211256020062485,
pre_model_seis1_20250809165430_436.dat---0.8893067196106222,0.8415289126315699,0.9066863522887214,0.8382482302480354,0.8777627035741477,0.8447511131836046,0.8383964506649765,0.8216246079913516,0.8133490272935893,0.7559927509881548,0.7289484295672451,0.7813779343917026,0.8192856367738703,0.8914023826304898,0.9483344963693026,0.9546874511444997,0.9592884736212975,0.9745027659653909,0.9393201074681509,0.9296862923019953,0.8909908132384101,0.8716009221166712,0.8837901107050821,0.924583901095256,0.9166817981667337,0.9119083304060375,0.8175366482723522,0.7997758640543408,0.8081695589635683,0.7565509022525837,0.7395970766950152,0.7737749215932727,0.7483877340707158,0.6937797406987686,0.6493611962537531,0.5985747951857302,0.5634354518508974,0.579653047080553,0.6026878056827303,0.6237973836288115,0.7692107618618164,0.8116665756727272,
pre_model_seis1_20250809165445_120.dat---0.8915027679650198,0.9349510477393979,0.9334536279052196,0.9179032796484166,0.9384917113638208,0.9101467539596566,0.9089728679025149,0.9431960055836475,0.9076626349985751,0.9432075834948572,0.928367027553471,0.9068128073068207,0.8748196641263177,0.8794851594506599,0.8516173538188055,0.8986972083778868,0.9344471438973471,0.9444035902944077,0.9423813685890442,0.8919074253049556,0.9731218567610939,0.924657365441347,0.933754220291231,0.8932211572344823,0.8076068400048928,0.7423063115989922,0.7661853246111933,0.7532897100556669,0.6838148919981586,0.8566032440083732,0.9051723782282338,0.9278374652069984,0.9022715917692871,0.8811320726877824,0.914511267886397,0.8704485954613826,0.8356608782807373,0.7985754831460388,0.7060707972299994,0.746236040339244,0.7011424223687998,0.8733182181436868,
pre_model_seis2_20250809163915_618.dat---0.9699081281765515,0.95507297369474,0.9295458454894849,0.9300784197463364,0.9134901074925832,0.897594901739588,0.8739253178752953,0.8573601453087568,0.8179936766299938,0.8471631189766938,0.8435730355500747,0.8193187529382542,0.8832298019603803,0.9041976735025825,0.9207372432109533,0.9251354342674579,0.9753097683059511,0.97843393328758,0.9638288853868764,0.9609972993915264,0.9644807596780219,0.9585084467849363,0.9536264394468322,0.9583012622558043,0.9677471026407845,0.9647029488937798,0.9717019922829626,0.958751385673033,0.9427817198021556,0.9423842607787232,0.9223319384924276,0.9121344420033689,0.8790896229765766,0.8782019581531286,0.8446250498372857,0.8556421683948093,0.8266217100390862,0.7860136357236017,0.7884560081306299,0.8024076639387315,0.8057151434344205,0.9036858566412866,
pre_model_seis2_20250809163912_13.dat---0.8460916773395228,0.9682114806387329,0.9026738422518948,0.9239611155344085,0.8828172184658972,0.8426520685343761,0.8596046773341589,0.7702812499914611,0.8029871426449646,0.6585312017219122,0.5072793701376902,0.6125943368015,0.5363122423871889,0.5660616095656755,0.6772941371444569,0.568171051590858,0.6245048375299771,0.6977617848013595,0.7254274120893339,0.6995086258586418,0.5876390601102994,0.5908143298459383,0.4590100030826307,0.45579364585188653,0.4908294899859818,0.6189099722669301,0.6497403593357843,0.7144647591591854,0.7255773736700246,0.6943422485585654,0.7175613883917954,0.755661959082392,0.7537681762468307,0.7191673893969318,0.7209689360096805,0.7363072528807806,0.7611845424421292,0.7581903512996915,0.8032814642622422,0.8400406998270431,0.8315311025609515,0.7087197947958953,
pre_model_seis2_20250809163915_595.dat---0.8895321375072394,0.9350256945234015,0.9240357546163808,0.9412379461065283,0.8816816042651394,0.8730297185776787,0.8486559172656339,0.7867718609665917,0.7337684440157854,0.7443740133816016,0.7812490208323996,0.8498298309792428,0.8990467728941802,0.8390315117440198,0.8013905977796304,0.8093339689855692,0.8394751934466114,0.84781371272226,0.8489827967268737,0.8178065800521235,0.6677611545626001,0.626546515453651,0.5686755233540328,0.633424624407226,0.6373532186447328,0.6533397826316497,0.6060015206480315,0.6554208470400119,0.6832386796097913,0.7022841954180457,0.6953403318487618,0.710656263080309,0.6656783432642154,0.5344495925993109,0.39082946844600946,0.38420778135206407,0.28894160468005453,0.3512367816105078,0.35991181665426,0.3783570179378459,0.37869275652118206,0.6942541682232485,
pre_model_seis2_20250809163927_92.dat---0.653704810628905,0.8461571207345993,0.9098626873393206,0.7129495655919327,0.7358764419869124,0.8749894703637979,0.8420481555451191,0.7983078269805854,0.7951925371213026,0.8549737871434452,0.7898690291590276,0.7573620485244369,0.7451841730585572,0.8641910680961029,0.9256805030801233,0.9261645036895805,0.9281129313407618,0.9169693978550445,0.9608446483351396,0.9563889901088273,0.9521937199318179,0.9513973791380742,0.9547170595628135,0.9374722132071902,0.8879365236800015,0.7803676976584014,0.690503709867238,0.5384875775954487,0.5357008991213241,0.5827212107677964,0.6101608076894336,0.6765412147026342,0.7283173301230622,0.7357717471843295,0.8071937994055475,0.8260442705313661,0.8165250989240231,0.8305911485051276,0.7883078359657522,0.8050365837086693,0.7900388400173806,0.8053867405846573,
pre_model_seis2_20250809163918_7.dat---0.9617131017365347,0.9678447200597989,0.9677881087046134,0.9506765947495672,0.9495276987198289,0.9287438140281437,0.9390022836085367,0.9424063263531741,0.9405661626633944,0.9279320708435498,0.9449078025013425,0.9315333366724989,0.9529793254502822,0.9533247456939261,0.9432203853850591,0.9489887425843865,0.958802914114608,0.9615282985901007,0.9476602160067725,0.9414532615846284,0.8970614963281892,0.8657445206729326,0.9331366292312328,0.9304407502741963,0.791278638118553,0.742325897687534,0.7343646237844197,0.7200012206998752,0.782973127127119,0.7546737318475666,0.7997055139106439,0.797064176038082,0.7791705842783726,0.801623783314448,0.7616870505905409,0.6945351413924683,0.6841366918492287,0.5728173954516161,0.5054054886424469,0.5091574059267839,0.5327797395023138,0.8426995979687637,
pre_model_seis1_20250809165430_118.dat---0.8256253019561657,0.7294289595891988,0.729901839917141,0.8194495627120667,0.7081312577507015,0.744701217658168,0.7375747042246104,0.7628290603778711,0.5412590683914551,0.5233771291243071,0.6854089396570212,0.5656094231005171,0.5552505652367987,0.5993892118006399,0.6090795461107895,0.6008921493522238,0.6050433631174311,0.7199395800488277,0.7768989927407438,0.749399287507238,0.6986319845494322,0.6362268711314345,0.6364410107720272,0.5600954569580974,0.5770935620809321,0.5145803817395773,0.39719781915376584,0.36659709917059535,0.28581109548324624,0.23272766453142676,0.1892794781701037,0.1380138891037027,0.10607075151162021,0.09143006277568262,0.06143586363928869,0.05897145659314558,0.05577810997176398,0.038782728539384144,0.03908216855155856,0.01262309919852967,0.010487851463189693,0.4706475015966444,
pre_model_seis1_20250809165439_377.dat---0.6773331273942855,0.7521869979963725,0.851021193876418,0.8297823459658027,0.8374070106748208,0.7846275741359036,0.7596235147891607,0.7851309557816197,0.7753298654383985,0.8403409269221586,0.8513465404176438,0.8398038408453958,0.9039311276363556,0.8991662459299541,0.8883120212868506,0.8998609274460012,0.8755313491360099,0.8527317534131582,0.8372679640356423,0.6900836606643773,0.6885308232031464,0.5346911470227135,0.575337843971084,0.6080786355456482,0.6270702512255713,0.6520774991981455,0.5725918457854993,0.5733502989027279,0.4975801473025989,0.5194189057155277,0.46092035794927033,0.4812147114903596,0.46267706027605376,0.39592576962074905,0.45011932895697204,0.38750511786730313,0.4596077238471422,0.5327123697617192,0.6568874203724009,0.8160023352114145,0.8669758706098101,0.6890266928688338,
pre_model_seis2_20250809163918_249.dat---0.982638814581038,0.9859703733346843,0.9884248242938358,0.9873115770170758,0.982374865066482,0.9748770952517696,0.9670969186451827,0.9578171016354855,0.9467846070008066,0.9700634291834247,0.9730104302972697,0.9875633452476359,0.9852850009130367,0.9793988371922079,0.9603439199165476,0.9336195919216446,0.9213326541870004,0.9183323538288738,0.871192447663766,0.8112656031362777,0.7845568041827411,0.7676321741176759,0.7833951507429875,0.7631505963796605,0.6859665082941493,0.71102664535813,0.6761460184266238,0.6557506180315008,0.6020723473109603,0.5984127639637915,0.5982544289856319,0.5515235278320837,0.5713583144688337,0.6693264620889461,0.6276551131755284,0.743097957853911,0.7775207149458592,0.8840276656369821,0.8495710552142796,0.8174541913640625,0.7096671459716853,0.8271285364551239,
pre_model_seis1_20250809165439_779.dat---0.9427062869432541,0.9159154917959219,0.9424934773074206,0.9269468251161266,0.8925624929561784,0.8570845467416989,0.8788571221396827,0.7668495253479748,0.829350432267395,0.8548898272797405,0.904419903529729,0.8907988512793005,0.9463540805649845,0.9943897621314571,0.9879732270083424,0.9839179838821823,0.9720349198451744,0.9613522966608419,0.9510560083147065,0.9602327731836767,0.9544248992242824,0.9519884508668899,0.9470971673080475,0.9252477287131246,0.8940436072523807,0.8554093100754963,0.8005008473041676,0.7827292106000325,0.6460723762712293,0.49178551706140866,0.41276782899627035,0.31597219122460396,0.31433112673143343,0.25707461241898116,0.19541959529073652,0.15441452857108917,0.162092239080416,0.126472015805064,0.1632481163439886,0.1823227478222063,0.19251530940043152,0.709417445381904,
pre_model_seis1_20250809165451_341.dat---0.9407551669521266,0.9094205875965234,0.8954698279928732,0.8568139650296398,0.8075872154548747,0.7944924838858463,0.7405157948484117,0.7572761299215165,0.8569792539309063,0.8683871006248914,0.8865022430270176,0.9512052254564998,0.9733427467810518,0.9718151304619798,0.9368747983422481,0.9342439935247998,0.9607052737611368,0.9743785760836138,0.9730083443939282,0.9274528309062904,0.9103998251686828,0.8944523001002378,0.9094163083640716,0.8558927828332795,0.7887956666081899,0.7642289657230273,0.7567961534968468,0.7770923940805254,0.7299412025804118,0.70169777309967,0.6373376742046237,0.5412827498777898,0.5839473690472945,0.5254671696414658,0.49872206582735273,0.5901260655548443,0.5439684997950397,0.6066465784079579,0.6253542533684073,0.6886626615685444,0.7545317546062383,0.795170412266602,
pre_model_seis2_20250809163924_548.dat---0.8502442652598357,0.8148400986831659,0.8805019393502692,0.8306794288567817,0.9209801043755916,0.8767970995134159,0.9270724698875134,0.9478417396084813,0.9405062672720372,0.9110690034736622,0.8795996048465055,0.825866964593404,0.8702872736476283,0.9365981858610609,0.974275051704618,0.9549248502099913,0.9531304699736768,0.9342094797231958,0.9214715781856864,0.8994265099807909,0.8538686823279289,0.8416862628369214,0.8230156056880659,0.7600885229973526,0.6906688269727289,0.6538581117173521,0.5398169847928591,0.4988872063883091,0.439276291702551,0.3975151691387511,0.34571344473174914,0.3722002796550539,0.33037381284561246,0.3281371657307526,0.3104925463094605,0.3734092674147279,0.41153786999542863,0.47215499289515583,0.5435210440159696,0.577268581576349,0.5964682956956159,0.7124458865960003,
pre_model_seis1_20250809165448_500.dat---0.9216904076809913,0.9275745953857951,0.8801634799935204,0.8947337046988777,0.9529763418906141,0.9503831208698903,0.9442280373682801,0.9529251077360832,0.9307551704088837,0.9772961872982442,0.974696355092275,0.9591061982034207,0.9705524867017675,0.9217480926738484,0.9425651588662753,0.9421708837303602,0.9335094972243839,0.9330314245850937,0.9419122767619199,0.9665845642604358,0.7931203355184189,0.7899867941590399,0.8297782805477526,0.8346316889363331,0.8425751864147881,0.8312392963863318,0.8369969506599605,0.8342624507739159,0.8013768252980118,0.8311388353495712,0.8450969274928489,0.8273240912680522,0.8703378157352031,0.8578109385426865,0.798241284892042,0.8702002004863559,0.7936146519138548,0.8279660102872184,0.9194976607954455,0.9263026411241535,0.9352715815249757,0.8906188668179981,
pre_model_seis1_20250809165439_290.dat---0.9067676424546494,0.8915932903149267,0.9607562778933204,0.9514152628623117,0.9510888439340889,0.9526122076591609,0.9488843139138218,0.9347938816608059,0.9539975367933525,0.9599502847347641,0.9572355620812781,0.9601637722012811,0.9765973161453774,0.9795046013730899,0.9786080390120955,0.9802185518382348,0.9808182286311342,0.959736666034913,0.8702501449628908,0.7570262843637837,0.8104385659347068,0.7456529352670869,0.7573561426701416,0.6841132836937462,0.7809162062100894,0.778379731812931,0.805464540870779,0.7602377766147106,0.8635713026726122,0.8435425205380549,0.7538208053262756,0.7135518929448081,0.551447244633257,0.4939729395103396,0.3852783779178429,0.36392717138965003,0.3749714464300959,0.3428730466252769,0.5553994882210842,0.5579021257403808,0.6088618058879947,0.7888706843848082,
pre_model_seis1_20250809165439_843.dat---0.919949605097221,0.9261890613609272,0.9024695133409976,0.9008758202346442,0.9027145503205973,0.9216204762905149,0.912661264146362,0.930282145375268,0.9168735432627995,0.9484019102067444,0.9391679716299578,0.9594644919027836,0.948887892930234,0.9300120936755707,0.916158697871963,0.9315323931356765,0.9652660623138575,0.9149375968655261,0.924790445838785,0.9159851256304068,0.9145758506389858,0.9241943755440352,0.9272386756219984,0.9081669166671422,0.861286951768296,0.7970456623673289,0.8136093394612096,0.7720236460631308,0.56222219563792,0.4342627251423839,0.518583907031727,0.500699710081553,0.5840337875384758,0.6550709596265186,0.642719789540517,0.7331786246490809,0.721550029609558,0.7637249048581347,0.7433996040551084,0.7471969946683608,0.6941699241090313,0.8231023228319838,
pre_model_seis2_20250809163924_729.dat---0.9403114025221758,0.9800705736117954,0.9682858376414113,0.968011338535772,0.9621757606310085,0.9640739678872975,0.9565692999081085,0.9410932521158806,0.9456968025213371,0.9588738354186115,0.9710684980650464,0.9694617498234821,0.9603530743695066,0.9177123626661129,0.9295543030963638,0.8711960981224977,0.9095286972425416,0.8313722772883446,0.7850351480466456,0.8341782495023344,0.8421373984993471,0.8618873873013879,0.79810266377973,0.7284011740505244,0.5979494954154,0.6190606075842627,0.5926075140309365,0.4144691707366666,0.41587691318043724,0.27991538971129715,0.24169028108214705,0.13746850825977877,0.20284259812803015,0.12865429189496067,0.26596210371203877,0.336445389378283,0.43325485984585294,0.5038246306003122,0.5468132545318458,0.5375277762097556,0.5331732649592004,0.6971387122416698,
pre_model_seis2_20250809163918_0.dat---0.8007704439327628,0.9193364160501893,0.8803771643217786,0.8793492499222207,0.8707443848853684,0.8595250003274452,0.8683909232301147,0.8533579522813728,0.8447451259200072,0.7738406888204824,0.8165050578270197,0.7660242429285625,0.7343245472923748,0.7873612696770248,0.7598647691413319,0.7686508663880903,0.8821244415118189,0.886737486938412,0.8157453562981721,0.7099254876606015,0.5984308703829484,0.6933603947102007,0.7734097041920442,0.7446394643954756,0.7321720252359932,0.7328172721021198,0.7397669497943573,0.7735230701401412,0.8128017323631496,0.8120948384224197,0.8330240245185397,0.8340643884784059,0.8055375555290054,0.8059858226872163,0.7845107745019259,0.7388440768636868,0.750569761537878,0.7310301964994419,0.7443055470217395,0.8407439473239839,0.8584548042568131,0.7955558072271375,
pre_model_seis2_20250816100700_78.dat---0.7443643188885678,0.7016910530552452,0.7861941929448041,0.7213397187021767,0.8033652066565611,0.7783997535193987,0.5994498667058101,0.7393447345173686,0.7359486655582025,0.7482227054807871,0.653614332393388,0.7321142074488441,0.7451569465069493,0.7618589757264795,0.6929462417435973,0.7411143061600739,0.8342841827606005,0.8613520417967688,0.9268429612335601,0.962068572994554,0.8991974943136658,0.8165720256248529,0.6683116041552004,0.6936853087655074,0.7500275963960928,0.7772535074082865,0.8166261329452938,0.8022564097588036,0.8554975822305589,0.8985107795537136,0.9033056594243795,0.8970280744587704,0.9282947720415962,0.9308352056837413,0.926192515959303,0.9332157441292223,0.8985469823912543,0.8913023204723454,0.8033666115623472,0.8388066974311614,0.8058690085728235,0.8049847565383575,
pre_model_seis1_20250809165433_550.dat---0.9386765726073263,0.9180177697557699,0.95080239224286,0.9510023533238963,0.9389917878044344,0.8913126270824542,0.8625634448837209,0.8784515866363065,0.8503991246490591,0.847840194290658,0.7958744094909806,0.8606950964636497,0.8681815606271572,0.937855326413717,0.9530411253216731,0.9746514244800055,0.9762614728170951,0.9653074036534546,0.9524605302083062,0.9073790286865223,0.8900653428540453,0.8490787217241716,0.7763491795382848,0.6390800352418771,0.5525948339938561,0.5067907498668888,0.4065082951902092,0.4523907251757882,0.43698355459514904,0.37266477605495824,0.3735651896179752,0.5076165703637407,0.4960502103836016,0.48376236426169644,0.6154172174356864,0.6525319462655772,0.71694067177832,0.7111250391680259,0.741886535836524,0.7192694286412513,0.8062620645596427,0.7543097239996662,
pre_model_seis1_20250816100525_83.dat---0.9388381623199447,0.8958465129337752,0.910836368106562,0.915295689702362,0.9082712336399614,0.8924932410816534,0.8415188277756555,0.8369639081520898,0.8597125017932771,0.8803181664097721,0.8999241612837355,0.8505960111293979,0.9421754329083566,0.9377729701237282,0.9768583228734631,0.9788128129645702,0.9368991597154417,0.9462906995034956,0.9507519066489126,0.9335897105654423,0.9202869993744194,0.8702977005179051,0.882365389358262,0.7937847198346528,0.8391745673925073,0.8086886930407747,0.7192178050593915,0.7238035634447578,0.6514157044594291,0.6694464561827784,0.6944874568170198,0.6532339796375228,0.621313540845682,0.5507629483135461,0.5714598151485324,0.5638258286618087,0.5488036380901253,0.5359932140027409,0.5625293303019991,0.5883327292536961,0.6132111088679042,0.7955170972740742,
pre_model_seis1_20250809165442_343.dat---0.5526575044685721,0.6851820024958306,0.784381042481561,0.774157393791261,0.70600915746948,0.5863369285622044,0.6650963713067678,0.6775587911587366,0.6078978810304851,0.5292854446715527,0.6299976195317015,0.6357249907442554,0.8014320410875564,0.8403162958708167,0.8135839141585635,0.7256534004204717,0.6355204812360314,0.670165475696261,0.7156688317028239,0.708420813570927,0.6690196582328679,0.602334646607032,0.5936997724294987,0.5986275835163926,0.668720496048166,0.5825072106212235,0.724406831385344,0.7594310736490495,0.8131007821674552,0.7248601404345529,0.7123546450899909,0.551630633395601,0.3599754567146608,0.3718304812704623,0.19643236085076374,0.16580046217166114,0.1305407970974134,0.15615980886114597,0.1730284495882525,0.2252049714817279,0.2558608199876044,0.5800139869038226,
pre_model_seis1_20250809165457_442.dat---0.9289124264002103,0.9287024256215125,0.8548929274265272,0.8895348849928822,0.8946329751125526,0.8625311057108033,0.7797229124344454,0.7454016189240432,0.7048817726300731,0.7232116395832295,0.8493593881161458,0.7946371593482012,0.8441600405197336,0.8589608678445194,0.7594563571488251,0.821225707059483,0.8509437432667765,0.8057117741965433,0.8383849315142581,0.855540862931022,0.8853232396618385,0.8968308217343807,0.8984642645963286,0.9017209895014971,0.9080539289572395,0.8791704524895063,0.871961881491701,0.8917592079254467,0.8935432754360937,0.8824124827468794,0.8345170103931194,0.8409868044738956,0.8218000825101053,0.8308576054520568,0.8326417649656789,0.8268057992727228,0.7444996349678143,0.7934982974192171,0.8020587122977375,0.7456291448636383,0.8311868884285482,0.8391348246431031,
pre_model_seis1_20250809165430_445.dat---0.85816871301499,0.6590822212295341,0.7773103075047361,0.8139000312231258,0.8597253014510091,0.8718759801574354,0.8805775999578037,0.8407311094737702,0.8694770305548022,0.8815512288189269,0.8671073267110356,0.8503291873099339,0.7822994582477834,0.8828204404382133,0.919264203263649,0.9770910975901139,0.9913180333812117,0.9379298794750198,0.9259069390277189,0.876397593809437,0.9058228370374457,0.8968201118916538,0.9076604854111423,0.8555934601951375,0.8215340232574517,0.7493049914369584,0.7562485090264016,0.7367193236090818,0.7153909342446559,0.7318474416739836,0.7662442223926017,0.7942803523327931,0.7983282205904214,0.8056969589542108,0.8104532913201832,0.7791536479930791,0.8222912348550341,0.7708020159246498,0.7817883758438025,0.7723792626241291,0.7991681117087682,0.8317168657308252,
pre_model_seis1_20250809165454_588.dat---0.47510224526919553,0.782693849251999,0.7709938527250778,0.6189960057488397,0.6880657681760897,0.6830111734755182,0.7694280129395574,0.7885095333500557,0.7575211620930649,0.7722252024983118,0.8007643130310811,0.8256031593196287,0.9000938464346078,0.7738262397305032,0.7163403458089443,0.7588893379181691,0.8514332427196301,0.8942411066843136,0.7547967917330533,0.6677643875772538,0.7445318565515655,0.8140258338444961,0.820193698913698,0.7065852099351733,0.7000195060376475,0.6517686728951296,0.4018828935074483,0.48653662742574444,0.40751022882487425,0.5594335151536888,0.6360908787104114,0.7062701450625887,0.6410157834320588,0.7863960439751624,0.8124851214534573,0.8322335360295476,0.8712810905095052,0.8535878328311809,0.8410098658046598,0.8211537489954629,0.8153716701352627,0.7307239838174066,
pre_model_seis1_20250816100534_69.dat---0.7494557235656756,0.7856113062660343,0.7563862277923626,0.7767045663911634,0.7984066301286478,0.8366980023601944,0.8364538554363867,0.8327662427359188,0.8230939106823348,0.8978584110660701,0.9658189941456706,0.9812867357226714,0.9782246608577221,0.9364501086852182,0.9312859159503155,0.9495360153152795,0.933349164364044,0.904918148485789,0.7899004105876908,0.81825089478839,0.8751879508902466,0.8428171004882737,0.8437373204120933,0.8335591362192112,0.8580333367156088,0.8689214163342449,0.873059549659045,0.8361521020266077,0.7941742111889101,0.7747908604208166,0.7306992836466087,0.62496041338465,0.6243547518047985,0.7565404514436682,0.8202564799173133,0.8520604294205812,0.8859575286580152,0.8976435907573462,0.8762471795334451,0.8778353009149089,0.8428673220924588,0.8407880888111325,
pre_model_seis1_20250809165433_260.dat---0.9411556514855794,0.9007724826514624,0.9320593099641329,0.865404106162857,0.8735383608392303,0.8105993958831411,0.822134455896862,0.8419456070821646,0.7988809275838882,0.6802388668936976,0.6571180924436831,0.7930815821346664,0.9214277774810147,0.9120855885864764,0.8943989158983278,0.899197558099125,0.8977474624125804,0.9273309277048483,0.8625026133352617,0.8297323758213572,0.84579849073521,0.7589072812230376,0.6767705189875943,0.8207702922405464,0.7500918928627099,0.8682073948201288,0.874592466702206,0.8340731797168104,0.9301801796958724,0.9524655072384786,0.9599701907218193,0.941118526983584,0.9244125582918608,0.9104379802543916,0.8812770426206946,0.8480269266047687,0.807327005752739,0.7676092584775722,0.8101733778298869,0.7674155665698202,0.8000310269102808,0.8485611883804969,
pre_model_seis2_20250809163939_726.dat---0.8146216560190189,0.9159333014267785,0.9137929759635226,0.9201254293773747,0.9176726065767581,0.9289010030372546,0.9203985029627306,0.8955976156411448,0.866674788829081,0.8531983771666503,0.8409610822403596,0.8585878393156343,0.8688091281282334,0.891133551206182,0.8888541855559071,0.9208071943614773,0.9461973401762866,0.9498552513423844,0.8509961841027472,0.8991068755419057,0.822923805128968,0.8497686589534352,0.7183477812669865,0.6702907328600018,0.6549484790079079,0.6703875324108388,0.673592340733173,0.6331221712216225,0.6003221161900066,0.6152722224322454,0.5912100471954876,0.5687097631404041,0.545625969975743,0.5533305476179516,0.5155213177212752,0.49328951298024293,0.5151731242739748,0.6168014628105122,0.6202267275255142,0.6194476293820887,0.7160979729672992,0.7591862147504173,
pre_model_seis2_20250809163915_671.dat---0.8791418815021186,0.8611630176217774,0.8446654015727832,0.8004034128000831,0.801512075965539,0.8423050378246549,0.7508547407743396,0.7754520494552031,0.7140892715159706,0.6199087235424513,0.7115291160458062,0.728479535599625,0.8000438709739854,0.766655419147262,0.7430011305994944,0.7351704378831144,0.8096624401689921,0.885688748167095,0.8848035566797344,0.6936067251309582,0.584131547658813,0.4327727466838678,0.4351142254737251,0.5124951379796859,0.5388664982478794,0.5768829348993192,0.5508655242732369,0.5164671066900858,0.5563009570581756,0.4628040641012006,0.5212589332445664,0.4236435800953279,0.5134185080520844,0.4344669596571238,0.48927662001821887,0.5973357377432953,0.6207344335200454,0.6351509003702965,0.6883861525767134,0.722952943206456,0.7709325290863127,0.6642047471611566,
pre_model_seis2_20250809163927_460.dat---0.8534007615158017,0.9431292475909082,0.9519154009576096,0.9184209546924657,0.9508570498148032,0.9304490917564114,0.9320340674439668,0.925166944374953,0.9754531135502411,0.970312330151606,0.9313950707990432,0.9359809719695498,0.9360110288016188,0.9743752307664144,0.9848419644401628,0.9836444869662944,0.9429329022901201,0.9368077337375166,0.9253482746143138,0.9100992765528126,0.9082228705732915,0.9302124200200218,0.9182764641663191,0.9126643959356445,0.8829143744193402,0.8422518612725258,0.8500391160403923,0.8099739318372817,0.7967614579512531,0.8330162737661767,0.8953488759360462,0.915345421366165,0.9135541373770377,0.8851872666681222,0.8005297408287148,0.7212962407231924,0.6617285679023003,0.6300727555130538,0.593439769915556,0.6661862432510223,0.7065174814880778,0.875271111457028,
pre_model_seis2_20250809163915_625.dat---0.703370990511007,0.4465778175191613,0.619199498956734,0.5621400876669328,0.5204107474095967,0.36622743295287424,0.5833682364836429,0.5309497078419544,0.5187436377744845,0.4934292264196044,0.510351207600885,0.49695107417218565,0.7875929035939384,0.7588101675918428,0.6387537588940326,0.7799169493875148,0.8756229831259985,0.9124006756943518,0.8825342622513193,0.8614276372051539,0.8630958708009865,0.8680171814670199,0.8453080510153386,0.8123954321969958,0.7656665976047861,0.7073138072217208,0.6041277902831179,0.5892168638544051,0.5841552456260932,0.6426380067612293,0.7325448897218855,0.7823922331958791,0.7344872226998563,0.8452920814190842,0.8225354275130778,0.7479711358856241,0.6308969283603656,0.5664122612533047,0.41298984848635667,0.37793654289721884,0.4108508532048949,0.6632932505981086,
pre_model_seis2_20250809163933_334.dat---0.9114466330515221,0.8879539553783201,0.7482140232431959,0.8533771784312797,0.8653969883094971,0.8700859435776642,0.8940228528201242,0.9114448265385888,0.9434578946184461,0.9361790460075526,0.8952998192917155,0.8585767209467031,0.8974265660886213,0.9149675074305197,0.8683897790801577,0.8726286745276547,0.8077114253557794,0.8693070681733333,0.8991641675191525,0.9121374856461602,0.8334056278477692,0.9323882264292133,0.9208436064152136,0.9436291839827657,0.927892712658361,0.9004466080840008,0.8400313859961891,0.8026986736997185,0.7863493118621343,0.7536272813627319,0.6885214253244728,0.695276845614545,0.675441913147958,0.6404679729706497,0.7137530842244505,0.7238467476865456,0.7401925315350192,0.7458234544015314,0.732855910901091,0.7760570333096135,0.7682154527133449,0.8331452084439829,
pre_model_seis2_20250809163927_469.dat---0.929047968533776,0.941867339959599,0.9134068273271987,0.8882809654432313,0.9110122842645941,0.9107495404831696,0.9032750997439487,0.9235063639882041,0.8996407057266952,0.9207252230231969,0.89100350862942,0.9334770138848142,0.9373370437805004,0.9324411134139695,0.9173397483314994,0.9229682778665843,0.9789619384362548,0.9918233339817503,0.9518064640283468,0.9501780087886742,0.9443218624823293,0.8925989812634217,0.890463722356427,0.8297519069821887,0.8194957294408446,0.7674390156317108,0.7694696617260528,0.737952401661478,0.7889164074646986,0.7547842418570003,0.7908710853864885,0.7445224554344898,0.7954583388141488,0.804980719602878,0.7978998873927466,0.7784561944199921,0.8063095546922531,0.796819542676657,0.7428456483897822,0.7857731312378619,0.8082741055088587,0.8633232527818959,
pre_model_seis1_20250809165445_394.dat---0.7960774046432302,0.8545368049721767,0.8204640638391658,0.8284878561695832,0.8036048954378525,0.8130935269848796,0.7952454139090072,0.8190039691323635,0.736485608423734,0.816048367194774,0.762424883083536,0.7806665835939787,0.7164415079003008,0.67212411583362,0.6505595253980757,0.8116067348786866,0.8026395000524482,0.838139403847258,0.8697739365500932,0.8580839464273219,0.8197599082993272,0.813609363325114,0.7816949039023999,0.7817858244358301,0.8098656794592279,0.7152172359436484,0.6734962700092396,0.504241729129463,0.3291078532207677,0.11197679724154538,0.12102757654425328,0.02403963432876626,-0.016979057104436198,-0.029405985003735736,-0.018563676680230002,-0.008804793555678507,0.08066042314931228,0.09945345594313437,0.129257179884171,0.18525162523142621,0.23320123786292773,0.5606195422887452,
pre_model_seis2_20250809163912_847.dat---0.9177754220700474,0.8699039663984325,0.9022711462476557,0.8969258118649781,0.9105140739940651,0.876895752302466,0.7778488153025346,0.8515645580152857,0.8413427333056654,0.8285709892471952,0.8638239028059858,0.8626036915869498,0.87557945475962,0.7218011639172686,0.601992228815111,0.6139942753996935,0.5175148476319011,0.5953910855650056,0.5940765736189958,0.6526840285038086,0.4322353117517238,0.3807933672703223,0.6087959484753999,0.5853879543283934,0.4781220126349112,0.45983402134793805,0.4662069485178415,0.45237009014937113,0.492436211499686,0.47224983757226086,0.5004970347480898,0.4856586159327858,0.48942150072031504,0.429461443362125,0.3625207581520053,0.29917829720557065,0.2596786569330377,0.1927663830679232,0.1635730865390328,0.1354763164720247,0.08943002598077587,0.5807114230247366,
pre_model_seis1_20250809165439_766.dat---0.9368582043840146,0.8498695341841677,0.9181085672236854,0.9112852022589522,0.903478221807505,0.8728775968657437,0.859279783639919,0.7804438685584258,0.6963530182916318,0.7026530397724263,0.8106964296652707,0.8527380857538738,0.887630437649244,0.9368238362676248,0.9389898706155283,0.9384581330954597,0.9623182324192235,0.8636954073264212,0.8858726738658544,0.9113849349780949,0.9024271924166855,0.754892110050705,0.7603148088161267,0.6840030257471894,0.6590207640699632,0.6673209814679633,0.6059606317878593,0.7184539260509643,0.7180970095857405,0.7511592496094246,0.823763524303887,0.8396473529282593,0.8737291059308222,0.8555290618429277,0.8780586148912027,0.867766842637087,0.8413455225489379,0.8163257707970625,0.7574792118098412,0.7749462787106463,0.7799203837855426,0.823170157278339,
pre_model_seis2_20250809163927_747.dat---0.9421429752958286,0.8953352525520182,0.918859791950275,0.920172972692395,0.8764781896494179,0.876425305111587,0.8627170566384164,0.8614755627240115,0.8785925207285514,0.8322033074609523,0.8428702593208248,0.7907308688916119,0.870773178969941,0.8815489706153835,0.8678294300008393,0.8176306054941178,0.7496318554199606,0.9068497261208539,0.9303208086080961,0.853898834791947,0.8820684387976125,0.8421026549770542,0.884758868517305,0.841602839685283,0.7941134842387152,0.797372035452801,0.7506036760035667,0.6563175752050668,0.6441630128201412,0.6341859953857221,0.7227969226292603,0.7452865102726519,0.7735538057904394,0.8161381010530561,0.8476503583218489,0.861377987658535,0.8513839772341675,0.863322582989965,0.8440320137964585,0.8447217609383079,0.8034350758683694,0.8311579305042284,
pre_model_seis1_20250816100531_28.dat---0.9837228817651814,0.9646583096065456,0.9747656334005509,0.9548128256342496,0.9433468137377663,0.9253409068319969,0.9175558128629823,0.9031914438443884,0.9065552481199787,0.8729622405956311,0.8819005361145045,0.8685611532426927,0.8776833503093422,0.9130820336659419,0.916207152083047,0.8620941503367548,0.910923115861596,0.9045286746937676,0.9139208363229191,0.9175450463223289,0.9179836580739795,0.9130337372653881,0.9084587129369005,0.8519271514976623,0.8182956490182476,0.7395304869513447,0.6928401560151215,0.5504630366334629,0.5310728304706307,0.543959118810541,0.5124216995772876,0.5733119151005138,0.538423549345024,0.49346384364961776,0.4926110132502684,0.49259131696743935,0.2679972785434886,0.3515902641463226,0.3268120255648678,0.2962602399045591,0.1926544562637049,0.7394892757399644,
pre_model_seis1_20250809165439_193.dat---0.8509063550099082,0.8951244254401647,0.9221978556491341,0.8831639994117156,0.9370927255480673,0.934484534721549,0.9388650862929013,0.964127157888237,0.9777692888480134,0.9559661438135814,0.9618646508637771,0.9493996444538004,0.9586198561635041,0.9788013297038305,0.9809125456422927,0.9870353672743544,0.9905514521406188,0.9832242641508477,0.9751679048936917,0.9618721811323312,0.9618312833700557,0.9256405579512126,0.9068666198947725,0.8940606924181105,0.8990374044628191,0.879332644203855,0.81170511302001,0.8525373500780448,0.88118336891792,0.8892132691095284,0.8980409561910626,0.8852586962820337,0.852089939098316,0.7971568986243862,0.8088307218350811,0.8031011170801803,0.807475082916676,0.8025127273354616,0.8092188147818445,0.8139001976572672,0.8124170609321099,0.9019160313464166,
pre_model_seis2_20250809163927_182.dat---0.9445410873099309,0.9516591082194356,0.9609432302569331,0.9430411728649044,0.9359823827781832,0.9350759689610099,0.9051801542792438,0.918619529144928,0.9227135992848663,0.9283679941139341,0.9745068533592346,0.9924121486818669,0.9722246179319329,0.9284382950848886,0.8981157005746229,0.9595650917813384,0.9247670632910758,0.9491703131095642,0.949866890609881,0.9378962784940366,0.9537409979168171,0.90889154166953,0.9208190959059616,0.8611437636733147,0.8021757497632066,0.888647370474034,0.9376465605845998,0.9462436466809739,0.9648505500147572,0.9616375281546993,0.9586815351163884,0.954492249295615,0.9501775349060143,0.9357578001519158,0.9309144853911142,0.9279864131930146,0.9159588645492073,0.9001507395745636,0.8765835894953637,0.8463667608657423,0.8434060912392031,0.927301471920679,
pre_model_seis2_20250809163924_886.dat---0.88705102796611,0.8675860220310709,0.8288875874506922,0.8636714802845782,0.8579763609387274,0.8183077700895467,0.7998348746439579,0.8082488109180161,0.7674023736937521,0.7921252844488268,0.8969153857655751,0.92093382016519,0.9208854726420087,0.9909283950942107,0.9911910141645196,0.981878946528257,0.9861101065993607,0.9828441047185899,0.9316651071333826,0.927367403720166,0.9155144482022747,0.7886321582795693,0.8011722926899364,0.825803345591291,0.681460062742686,0.6756939625970431,0.6576537458679064,0.645533492118035,0.6358317689568194,0.518889926347996,0.4500484678733875,0.4721449450474488,0.46304051724392,0.46404069060387304,0.37683133994626805,0.4425458563141399,0.3874958650624003,0.39584196887431233,0.3206596624856291,0.2713992399417249,0.20481852438596798,0.7126064300041259,
pre_model_seis2_20250809163918_780.dat---0.8352288595880999,0.9199417212635606,0.9029843195507288,0.9021844924131747,0.9095800753192098,0.9083563398410267,0.9174504269877809,0.9223134147516578,0.945664846302146,0.9333780876169161,0.9440692982100043,0.9543439596886675,0.9706363196215613,0.96267480366003,0.9706176070550147,0.9476475124565733,0.9568630273413488,0.990372832805196,0.9891663613805485,0.9798380617106411,0.9720560193376651,0.9350501020258107,0.9076775702931227,0.8983765843842895,0.9014028889160708,0.9194457477455961,0.8600124465407065,0.882257891723159,0.8103241535597926,0.6792293735283433,0.5927000004231394,0.5860861443229517,0.436818951478063,0.5938668962171627,0.49695603188060056,0.5845504752647503,0.5809019729100625,0.5435090160102527,0.5543722150717342,0.6650315886915183,0.705082598601941,0.8260736838168444,
pre_model_seis1_20250809165433_670.dat---0.8948600295120881,0.9356952109357108,0.943141427996082,0.9211721456106051,0.9215561956142005,0.929888376995225,0.9018395860311056,0.8868815315878116,0.8888146799976681,0.8698942700991888,0.8164185650021123,0.7581888195491111,0.7723186351642543,0.8036127869599468,0.8086765037975383,0.8451245165788446,0.8768788393174114,0.8956449277537349,0.8826071745882075,0.8503189781846079,0.7845557091084322,0.7239747129725713,0.7262903036036856,0.617209415508232,0.6917686500236289,0.5616048830071505,0.519492015157925,0.6006290721008777,0.5826057308219108,0.4869828755230877,0.5451235296179282,0.5822141256309249,0.584424834299216,0.5041577098369603,0.4594919559458049,0.6025964986456599,0.6061872920494494,0.4400683567413377,0.6167160776036544,0.6437332584980792,0.5796239941270792,0.7283654683438794,
pre_model_seis1_20250809165457_776.dat---0.9451973124521642,0.9522684611742432,0.9250389500954069,0.937738547492466,0.9059112490448912,0.9273171561088072,0.9175968441282784,0.8721330360794691,0.8783669809994757,0.8593923227610267,0.8084303641409823,0.9198861482327516,0.9557206336556555,0.9693239679910421,0.9408442006678015,0.9164481205613921,0.9631739306258951,0.987927797369732,0.9423678328000212,0.9172482404077619,0.9654808855892536,0.9170349915956322,0.9262504556614987,0.9097723808041931,0.9366109548150499,0.9353225060827091,0.9734117393794539,0.9617584874492264,0.9246441794206726,0.9342107647090541,0.9062725734921793,0.9048561088208056,0.8919184136043775,0.8675312454112629,0.865799562202051,0.8875263023911629,0.8159034930989328,0.7807588611270879,0.8325187275375051,0.7659765695421317,0.6687233310724485,0.9027954787950233,
pre_model_seis1_20250809165457_392.dat---0.9817070561152809,0.9501449970784691,0.9677681098428991,0.9550277525612535,0.9468800661839648,0.9230498918222605,0.9107568019243867,0.8844281044027192,0.8513503861763845,0.8444668810875311,0.8690460807386245,0.8156301971839356,0.8517401899539592,0.879305775139251,0.8545998240314673,0.8785516742185884,0.9599089549895718,0.9693767676215141,0.942795657530958,0.9409104497058063,0.9686040584310285,0.9322511982623137,0.9584765726184559,0.9298516528791045,0.9207615099919774,0.9097837263103188,0.8326277810682772,0.8508318602298931,0.8108474280603836,0.7751668454715144,0.7545206634921066,0.7306755022610365,0.7242495019353435,0.7212819702155268,0.6800969863859823,0.7026682229612684,0.6243142498693036,0.6404518706899498,0.6315512170741863,0.6522695043518375,0.665146506076342,0.8437530352913408,
pre_model_seis2_20250809163939_750.dat---0.693469123462826,0.8210092725175574,0.8021159665594882,0.825193271701759,0.8317189286609846,0.8696572169575789,0.8802418856279886,0.8885431289715872,0.8990714479086204,0.869670410047959,0.8875523415335513,0.9232464195708295,0.867529394442669,0.8141658355212129,0.904047770578082,0.9917283974173186,0.9780189781051343,0.9260797062934725,0.9000602535397971,0.8932782628691083,0.8061934493063145,0.7981180697902813,0.8206171411560618,0.8497250862688496,0.916185551726651,0.9080959007568971,0.8296160585962087,0.812620158091959,0.805026015926344,0.6990967141672274,0.6947902867772812,0.6455236744875595,0.719706473987493,0.7549485654081195,0.7205719566444219,0.8591993427196457,0.8400172654785533,0.8568347695228894,0.9244535667716995,0.9576133992556684,0.923525704820579,0.8441189552182496,
pre_model_seis1_20250809165454_346.dat---0.9384967855452825,0.9451874760278699,0.9292522461804557,0.9403765423208548,0.9373636813156202,0.8946200431624923,0.9135060489771506,0.8866992015031532,0.8717345728098896,0.9052863561432587,0.9237576327474663,0.9503485063087684,0.9465435863799334,0.9414930098306334,0.9385735453538571,0.9658597926426087,0.9746864390835265,0.9584307811098435,0.9309333715389142,0.9252488867980746,0.9048871833702832,0.8588572594223225,0.8769497499661385,0.8503043757081664,0.8832976499553724,0.8234664949842149,0.7762988744247658,0.7575694096846727,0.754410894690768,0.7108950039739153,0.6907529650279329,0.6950790066047783,0.7084333424926587,0.6936620037499804,0.8026741292898036,0.8269822692721174,0.8283239485291625,0.6559772302765428,0.6428170907075728,0.4219359624925435,0.47167815441627975,0.8354549147516988,
pre_model_seis1_20250816100537_75.dat---0.984333354552264,0.976219608283485,0.9634780805593384,0.9808127376342107,0.9718693711159055,0.9733637656526022,0.9527634131505414,0.9488272659807748,0.9466428054501375,0.9318064502946305,0.9218646744651852,0.9268035023388851,0.956929214867873,0.9642800310929394,0.9429353036564574,0.9371816804672541,0.9365430487419403,0.9695183547220579,0.9667604723722246,0.9271820286644323,0.864657681906898,0.8365564261171744,0.7920186798645892,0.826180286555594,0.7873728662838368,0.7964491093004228,0.8052641038693122,0.8639371533026107,0.8613020995500078,0.9035552298441331,0.8046131249919103,0.6783806262455425,0.6075477062637759,0.5599014037922273,0.5322072894324245,0.6420588994594745,0.6040698664727641,0.6789554943385128,0.788231335391458,0.7691501721515263,0.8434516005753687,0.8518530809700661,
pre_model_seis2_20250809163939_92.dat---0.7344408946622147,0.8632679276100436,0.8144476120629534,0.7691242885679755,0.7668424075695067,0.7423326648814501,0.7903153245147155,0.815818375056964,0.814348768185422,0.8179235688101709,0.841359442530135,0.9713822479782679,0.9732789785091274,0.9725269958969596,0.8760048304056548,0.8756785887958759,0.8494925704754334,0.8300021172477515,0.9270033889956711,0.8924580161681631,0.8672956415738075,0.8438441689165204,0.9107025441131656,0.921967748289924,0.9407624461505136,0.922931651867881,0.9219607244888348,0.898254603170061,0.9119387600367811,0.8748683496919389,0.8014745738003705,0.6958801589411369,0.7154773043793564,0.6898790248328308,0.6411662663838299,0.6698277373630334,0.6363752278229007,0.6223439256647424,0.6554814983721751,0.6662637479858168,0.6776684304739405,0.8152295986157075,
pre_model_seis1_20250809165439_782.dat---0.9104407806388426,0.8826379987711074,0.8154366648058338,0.7881205898263791,0.8570221759823226,0.8363459236189694,0.8503360154518638,0.8205281666730497,0.8605628357944172,0.8663439909825723,0.851593816042563,0.8148877086236794,0.6794483614032475,0.7836373832438738,0.9163170339748821,0.9076965357275151,0.9409797232354257,0.9022104048188895,0.8395292884399453,0.8186897326207915,0.7672360465921354,0.7212992826522636,0.6872597813071464,0.7206411592688301,0.6776197000087542,0.6801578785724041,0.7728690340478077,0.7126037125253132,0.7339566441310175,0.6237043699873576,0.6558510149997671,0.6285924529978981,0.5727168590713465,0.6081176013743514,0.5337000744849256,0.5046433158833042,0.4678190277730083,0.48425335840370876,0.32683783926806176,0.302150638752708,0.1670013398529953,0.7144340551861289,
pre_model_seis1_20250816100540_95.dat---0.947820474638176,0.9554552986849871,0.9665230830693203,0.9551927363000521,0.9400774493555162,0.9171184238618292,0.8545815985923514,0.8842099137791869,0.8670321148845609,0.9086301295821742,0.9224731259804737,0.922910539985832,0.9356006203765023,0.9639126721953969,0.9628523816148264,0.9679015552546754,0.9782632635968944,0.9816432221262594,0.9823122069095386,0.8791977737819127,0.8837326717473019,0.9030082494702353,0.9031019771934882,0.8811598068598794,0.8442381158811575,0.8194981955956475,0.7926683887743196,0.7161736323316777,0.7420373190972895,0.6776253197781823,0.6734366512387817,0.6523189440220079,0.6800097710802561,0.6334532683158524,0.6760000278844501,0.6783120899706069,0.5972714211185672,0.6705812890938926,0.6840842527511972,0.7092042040200521,0.7497788110534795,0.8356439754109461,
pre_model_seis2_20250809163915_755.dat---0.9855739390163387,0.9695388304166306,0.9566445598195885,0.9475021162964107,0.9491041869400996,0.9033402017036831,0.8531052601697912,0.8423729324556615,0.7618136043393182,0.6611265088300395,0.6576957799998282,0.724310531063099,0.7585425985089227,0.8056409956752353,0.8349807237179279,0.8871542669817342,0.8797411654008866,0.9222153791270539,0.89870080499964,0.8827927233687087,0.8341020886485886,0.8769337081771857,0.8185933480628803,0.8084734122480703,0.8326718097342505,0.7620025359843567,0.7864723291319282,0.8298812388993921,0.8549424319666142,0.8811901330307141,0.8631745070602367,0.8623413599899146,0.8675162341293057,0.8495027394777502,0.8390652719355078,0.8487420157694586,0.8203972243580399,0.7407695434051068,0.7024378007198944,0.7267345381230911,0.7049855481081447,0.8339713884827079,
pre_model_seis1_20250809165457_812.dat---0.9197600410262982,0.8752677971207526,0.7796949317079076,0.8928516295207721,0.8442006240448513,0.8499502183171509,0.8019252360172111,0.8613020822740018,0.857304160669077,0.8482528920520193,0.882145249793009,0.890129549257449,0.9138746551222174,0.9436282573094315,0.9601676286773224,0.9637223742021692,0.9629053583841847,0.9437365389664282,0.8939812769069799,0.8852235463291568,0.8756175650466088,0.8725139935947865,0.8480171323104112,0.7001290594138863,0.6655814574945838,0.6330008272826522,0.6090403976129042,0.5962229842123544,0.5067693588697437,0.4107241601151903,0.3822547133770545,0.35468751869306664,0.1978695730026349,0.1861971675829348,0.13501652596142855,0.09760464033730862,0.08198628609554548,0.05826622584630662,0.10248823748384896,0.1625217855074621,0.18552334615993185,0.644684317163391,
pre_model_seis2_20250809163939_517.dat---0.6526063967839907,0.46956519078035863,0.5903689195332603,0.46555839448150155,0.6277147825571201,0.6864708359963976,0.5610823571466125,0.7390318633317277,0.7736153902460323,0.8873438371782253,0.9121125941506402,0.937747656981846,0.9601520911155786,0.9810624887376892,0.9716039145137034,0.972495775576224,0.9604220357357743,0.9649009188657333,0.969096687610455,0.9530689923025745,0.927928250957624,0.9175185610823248,0.9048645795415207,0.8756140848987982,0.7901368286421456,0.7980409389277067,0.7931109160885096,0.796934537122856,0.811130450464757,0.8197976222801202,0.7853329861748849,0.7763346824216024,0.7098582008694913,0.7256572147833431,0.7386007408005655,0.7008332106898468,0.706759162018238,0.6571585760370533,0.6208549434104585,0.5917679674675139,0.6116563979887032,0.7828271213730122,
pre_model_seis2_20250809163936_124.dat---0.9660560262609631,0.9396841828312182,0.9451791823746625,0.9128159251103981,0.8912931152403059,0.7824648460806181,0.7720777405887702,0.7589990439213816,0.7150571806439879,0.692685018741977,0.594297832805712,0.7792653774793983,0.798726206436365,0.8748297907829158,0.9061324844852934,0.8854992213447848,0.9598024477585463,0.9696959341663007,0.9714085895796448,0.9712046231413061,0.9670799826917356,0.9718045076040643,0.9697013914656095,0.9700236144001528,0.971404164420656,0.972825467256545,0.950800020599302,0.9560865036300381,0.943846275022872,0.8875573648430356,0.844241839697804,0.8142975293685475,0.7376952990976497,0.7787361280193548,0.7478150844161662,0.7673376615614225,0.743036439746991,0.8089173607463462,0.7869661114375421,0.8043250162827,0.8506243821493651,0.8617633393715234,
pre_model_seis2_20250816100712_99.dat---0.6990318760237391,0.7679460442846294,0.9212006347943921,0.9138182800430795,0.8862593392164916,0.8883886258713525,0.876225818116649,0.8358494015349537,0.8356341471170403,0.7810465361965477,0.7998647154681817,0.7471451087186917,0.6596842345811981,0.7960428926609626,0.8459161926852176,0.8301303955234507,0.8642060786840493,0.921911046392575,0.8472458891046757,0.7470005205584354,0.731518175254259,0.7308548504299615,0.8365438345409995,0.825060303834051,0.8351318362364092,0.7531362975376674,0.7905220951027578,0.7535581709530397,0.7134056094424203,0.6299600576898718,0.6657653275083996,0.6271486421355633,0.5911463091726044,0.5347643814273524,0.6122990280655539,0.5253345656939226,0.5317310794467998,0.5217850252127371,0.4801938657309578,0.5257551655712112,0.4799322727885607,0.7356120651549123,
pre_model_seis1_20250809165436_195.dat---0.9732103357642174,0.9318480276152179,0.9100988482932265,0.9239648512019626,0.9427695802182517,0.8894468724456553,0.91713002881036,0.8720531190115334,0.8535344680090877,0.8946684568886176,0.9569550729068325,0.9561961187492065,0.9687795108590039,0.9513100308183758,0.9805153376769833,0.9829232411414939,0.9586154044669765,0.9180512232897876,0.8888939973560354,0.8758047207874509,0.8217085660266054,0.8241537307934217,0.8160853669537811,0.7942856513878342,0.7756364514872612,0.7241246217576252,0.6517062777165469,0.6682508527826551,0.630642212000398,0.6188883021551966,0.5531758090819349,0.5804445037307553,0.5864996123634516,0.5425005803103452,0.6132029021713935,0.5908076161651591,0.658277009529325,0.7190358043000474,0.7286887815909865,0.7883575359062883,0.8701364612887241,0.807399460873415,
pre_model_seis1_20250809165454_158.dat---0.9139537722588222,0.911519793010274,0.8979321167507873,0.8651178382782251,0.8931261824691972,0.8404329502269117,0.8444811065289246,0.8019223974640871,0.789065224851362,0.8183651771455123,0.773028507094543,0.8058916853231222,0.7824203415382401,0.8796753853750832,0.8889472887976978,0.9537042560847292,0.9502224710300325,0.9620785797519111,0.9806181525160056,0.9681633312309998,0.9248877262027171,0.910680123325315,0.9354459683661073,0.9079085849955371,0.9260853787597886,0.7895214012923627,0.6854812912331018,0.7052901286839547,0.7127643653646346,0.6034821417808982,0.5790135341657514,0.40551481693574865,0.30865817692949443,0.11832629827826169,0.17748278744190382,0.1154553273578177,0.042360358109005014,0.15218058138047683,0.12270675123263192,0.2227148511435544,0.22541381977335317,0.6851717309872899,
pre_model_seis2_20250816100706_73.dat---0.7657813029386638,0.6006072476201328,0.7879438048521299,0.7715442719541393,0.707627377045568,0.7332293364294518,0.712383444810782,0.751454193755964,0.6938713728873243,0.7495895879294949,0.7436182822679809,0.8761365389665202,0.9491868976323931,0.9887011778102519,0.9810228030209661,0.9754745162658031,0.8488749654801251,0.8144076902425565,0.8376639382201931,0.8098109765793375,0.8044403220500712,0.7168489223972141,0.5970384204166679,0.6435155268051874,0.5644115755960443,0.5997673295643087,0.6737308434720543,0.620483305414833,0.6046476423441205,0.6490159740909696,0.6344021372647509,0.6198630687257662,0.6289494205667654,0.6494311078509638,0.6488903015162045,0.6057401496130879,0.5635005963975492,0.47524164646239625,0.532709942973483,0.5234373754868086,0.43735970679347513,0.7046915864027439,
pre_model_seis2_20250809163915_225.dat---0.9608833928516022,0.9397566949786423,0.9411942011844401,0.948722018268273,0.9392134301573911,0.9412736259334593,0.9116392470330851,0.914974818788422,0.9080379748222068,0.9097186288668189,0.8869982435150314,0.8884649707643276,0.8921052059164238,0.9050182721508306,0.9540075655706212,0.9269240505657005,0.9507767981672276,0.9399238690783388,0.9270812425863314,0.925932922779225,0.9166146492867718,0.9310030333182728,0.9233326767664485,0.9349348390826736,0.91837959364493,0.8884131542164243,0.8733924996370727,0.8043885095718878,0.7825103078749324,0.7614871098010998,0.6340610215412235,0.5815665048925457,0.5917793756696499,0.5782461982898843,0.5380759300436533,0.5476341171675315,0.6085122429344956,0.6562859532504854,0.6386157501177576,0.6727106421045077,0.6379962945376091,0.8276240872616646,
pre_model_seis2_20250809163930_793.dat---0.8018286385177475,0.9083863468897894,0.879183831398648,0.8515753576745082,0.8314784856396166,0.8697969044062096,0.8743486863453697,0.8645348823222307,0.9347299004071052,0.9123188232371899,0.7739381459535621,0.9269456266009964,0.909403818325758,0.8286465073131917,0.716116052250101,0.7164824419962993,0.7293889770536957,0.646312708841787,0.5191223136867932,0.5391153616675686,0.5419514688215576,0.5690114284339577,0.5900363287359456,0.6241145177740866,0.7057551286728434,0.7835797113377142,0.8141986986486198,0.8222862717826813,0.8490804411446033,0.8219539482219279,0.7816206736426551,0.7166577436563788,0.6423855166130862,0.6404991645739974,0.6426751525966024,0.598188137307991,0.5680154179796214,0.49521445201883574,0.4632552267870221,0.39691481799293876,0.23313782013471565,0.7154679482294134,
pre_model_seis2_20250809163912_0.dat---0.8652658225485735,0.9670988385149574,0.9351704502423047,0.9513819882088111,0.9731684071188536,0.9652318746779884,0.9612365517320628,0.9521495557612145,0.9495918809196291,0.9410197536146147,0.8900872376506908,0.9252704763312973,0.9416110654539696,0.9776665569007408,0.9761896831775867,0.9284048641122002,0.8648485640801585,0.8984372437519919,0.9433505255706682,0.9598313716110161,0.9609595961924878,0.9516013576315735,0.8817115568544509,0.8231959743877524,0.7648010771460863,0.713098513600419,0.6331456586820732,0.525741325333941,0.513752469941282,0.5113373064285116,0.3932274795702796,0.3807154335442558,0.64763696680168,0.6613490982021976,0.8071251484514228,0.827720257745305,0.8287869052874873,0.7612489641530465,0.6838014202171253,0.6403993492347874,0.7026670990246311,0.8141716017173202,
pre_model_seis1_20250809165457_503.dat---0.8618004310774923,0.6603341742619686,0.8564947164286075,0.816538602347093,0.8994197888605006,0.8681456795215444,0.9212138106848085,0.9156470387800222,0.894324465794747,0.7847698457070175,0.7858569650199176,0.8752975471409091,0.826980167591304,0.8273272444162456,0.8893430546080694,0.8104481734101203,0.7915990206080177,0.8531150454673213,0.9287333842188501,0.8365556020678384,0.7904835472675963,0.7958658713980208,0.757700942724475,0.7359636470297013,0.7026875272149286,0.6506150194113873,0.649433122385993,0.6029047027461283,0.5782735445724013,0.5378329596214945,0.5779703430154106,0.6396344524959509,0.59860517734647,0.7611690794028408,0.800518912171815,0.815903701759971,0.7993157671227732,0.7652627775671009,0.7372885936812771,0.61266341719539,0.6194652843229228,0.7666708084991816,
pre_model_seis2_20250816100706_57.dat---0.9656818444836427,0.9677472641619842,0.9647709876438503,0.9376189658401125,0.9501395525771191,0.8658517044274708,0.9061503507722137,0.8897669539627625,0.859723937059016,0.8109232718741644,0.7763547955853288,0.8244045199107278,0.7348032853699167,0.6871030964796325,0.6148210958206296,0.6408223271176328,0.8068233767989601,0.7994878769450434,0.8645458943793952,0.9132357222679158,0.8536569174146522,0.8338503938811006,0.8617910861698427,0.8736203060774087,0.8203278656000461,0.8394322152423576,0.7981283935966481,0.7766344423208104,0.7277565817850353,0.7611037659954049,0.7861653635598914,0.8555106295329675,0.9065389343714674,0.927501178321858,0.9253178343133384,0.9478833178654906,0.916039143321383,0.8866095300538429,0.9081863370516787,0.9086262020294991,0.8980758051406955,0.848622757734706,
pre_model_seis2_20250809163918_397.dat---0.9475507631232774,0.9175199559428979,0.9413743688419404,0.9430748712753677,0.9373144406753385,0.9303763845863549,0.9301894969281364,0.951532498019507,0.9446501511830854,0.9076148422938874,0.9044986661387856,0.9023946023864884,0.9340494290203321,0.9608173556526711,0.9823468906235479,0.9537971865178386,0.9528565536336577,0.9282202210926934,0.9321116731029147,0.9138753870743611,0.8622311651924643,0.8556618342745725,0.8219367954596264,0.8250198762281094,0.7967312474413565,0.7670669703512796,0.7252776735268182,0.6743626689971154,0.6698857358989094,0.620797019848391,0.5574985685430465,0.5218267129494185,0.4443648607412106,0.44381982318126506,0.3368211193674264,0.3736257606905651,0.39092560643772156,0.5617099039389242,0.6725998349360797,0.7618301186129945,0.7830074468161652,0.7849552800377207,
pre_model_seis1_20250809165442_7.dat---0.7010520869228608,0.7902925141885174,0.8643498375793076,0.8073979871501997,0.8670722528744207,0.9006621959592632,0.8957216395398822,0.8860728540853984,0.8687864471272734,0.8631620625331966,0.9213968500557226,0.9033051647071346,0.9082759820946448,0.930650331613321,0.984524331966485,0.9690340036918784,0.9817715510084694,0.9768792302571692,0.941789179821438,0.9233109776055434,0.8674163032271868,0.820929098863274,0.7895238278154302,0.80875568268847,0.8438010713934613,0.8092531497182401,0.7841008901098645,0.725281702279401,0.7549295400552348,0.7481106955139686,0.6908866579494184,0.7124875513266783,0.6985925474647713,0.6944592867786369,0.6919080443898672,0.6821047410557314,0.7010950490781251,0.730303734681703,0.6682734828173863,0.7455986832322774,0.7628213722953878,0.8199058681345522,
pre_model_seis1_20250809165457_523.dat---0.8818841582704706,0.8424162243333465,0.8822561801591887,0.8628912762446952,0.8184035634491105,0.8772144346240422,0.832387200547189,0.7519526033910949,0.8348576990207971,0.8177543736570216,0.8542834909660753,0.9048341045464403,0.9107737845486036,0.8252861948734764,0.691341448412439,0.7595499552595117,0.8180778417305986,0.7839123936619103,0.716859237733327,0.7344548337076986,0.6816100260455942,0.6255163237946241,0.5765766938994239,0.5176437708274585,0.5151063633133328,0.45910429218044035,0.4491009541232952,0.36200961226046013,0.3598089231527666,0.26727727272230506,0.25855488818427025,0.22338235599344045,0.18699293968397313,0.1579768436341503,0.13195994146494333,0.09791817897036596,0.07366584378173703,0.01591871795953517,0.010659421822931552,-0.0015998471853046396,0.015102283087079138,0.545992117045216,
pre_model_seis2_20250809163927_445.dat---0.9311186127587447,0.957110120509073,0.9424499830270409,0.91444823154649,0.9462171414994345,0.9211220165481863,0.9300454054896101,0.8828086909503536,0.8603452647668454,0.8728059055939233,0.8570914318269395,0.8367031706881866,0.8438239382227324,0.8400014359993502,0.8176323198530263,0.8732441736708497,0.85715632819516,0.8673291414630178,0.8708974715583827,0.9606714895616395,0.9024497645202529,0.8619070421050408,0.8645374394611994,0.9039297585341386,0.8977405664104537,0.9198796066213528,0.906898370039949,0.9250021091361045,0.9080709303053087,0.8497416540552659,0.7456745167221038,0.6776772874515716,0.5075754611938478,0.417817661356628,0.23595531831742161,0.18953876917699763,0.14869503130630946,0.1884011271403574,0.13255081522271367,0.13989328625014286,0.20985874164336837,0.7394345739195006,
pre_model_seis1_20250809165445_55.dat---0.9396206053533647,0.9051338542242844,0.9522052806297502,0.941619199713279,0.9301770572853129,0.934815044343043,0.9142866676288319,0.9278254380408684,0.9299943798961589,0.9118124737848606,0.9113734526337367,0.9196767679101725,0.8948853413580306,0.8963461264997987,0.9307300692052874,0.929584813669228,0.9820339352042845,0.9668663129011802,0.9651595496492731,0.9552446658102048,0.9481085599524934,0.9031003006731886,0.8988007459437998,0.9236480478655239,0.8467571754108715,0.6008158865474451,0.6029157223435391,0.5298641217356416,0.4281536395179032,0.44504059803355245,0.48757228302049893,0.41754908383862704,0.5785114079288923,0.5678397067941329,0.6611628617426534,0.7750699017773187,0.7528321154907195,0.7077838709556575,0.7134393004076927,0.6735180327451391,0.5873975705353179,0.797299316317111,
pre_model_seis1_20250809165454_345.dat---0.931090618309579,0.9167512846160246,0.8947248315959583,0.8268833330068207,0.8054689336350849,0.7130863980226709,0.7929009600703258,0.6907258976682792,0.7671354629968077,0.7731147849120473,0.8489110281167328,0.8169794276641572,0.949330775412427,0.9752561179007728,0.9482377585734085,0.9300915969706828,0.935051051652265,0.9077475778843075,0.9041077074791993,0.8957365612900784,0.9059875140965232,0.9049139746265937,0.858865012835727,0.8067639352031427,0.7873073269712777,0.7845398881541452,0.7996328936325406,0.8365906444414031,0.840308493714481,0.7936926833868307,0.8055198653066331,0.8033358920886685,0.7840446529676194,0.7905430556295451,0.7980192667330039,0.8067017566568908,0.8524518815244634,0.8564985116031123,0.9153651120029923,0.9077180343200391,0.8372934800289802,0.8463274630171281,
pre_model_seis1_20250809165457_68.dat---0.944389723875809,0.9538738063710326,0.9337648097591652,0.9243048903082601,0.9211997195294402,0.9100891843957355,0.926711100309651,0.8901802953725758,0.8838493069095741,0.9018160584621747,0.8742473992694729,0.8466241975799202,0.8387081408761694,0.9119871835273526,0.9575141269704014,0.9704375973052891,0.9764061470340158,0.9687836424035156,0.9512150343656691,0.9441369560778936,0.8810688132203002,0.861320900877282,0.8956775836290782,0.8490900854627871,0.8674424213910629,0.7461675946073504,0.6851650782584926,0.6722712725589101,0.6495219443800148,0.5828057933941209,0.5421776730735689,0.45589933953445383,0.5553752186514134,0.5060696078235098,0.40930951533006366,0.5511784005193907,0.5236982527711191,0.5605745297918564,0.5618128041386907,0.5507487801106495,0.5083988009180694,0.7767320422230561,
pre_model_seis2_20250809163921_687.dat---0.9548254262351002,0.9669897094151111,0.9769869638201661,0.9808804330240379,0.9737605238097358,0.9829145562218132,0.9847978580890738,0.9815842146813117,0.9778595809767291,0.9612714675448869,0.9270827459212438,0.8986299819709459,0.9219864232374694,0.9192286597488991,0.9046578481073166,0.8910159997924365,0.8543517511213559,0.8800137580204905,0.8450626290977667,0.8459976755887084,0.8688948314280089,0.8502826148658096,0.8839487915971448,0.8932338164165013,0.8887327178588196,0.8542127712848547,0.8496849841529683,0.8264661070325744,0.8101848229421095,0.7995137407977002,0.7152799285463793,0.7493691223199082,0.6823630437623855,0.7286784610799513,0.6241347464566581,0.61372322141191,0.8135308491314389,0.7586679443526063,0.9013512000222587,0.901763812891706,0.8531561389627161,0.8657822408229027,
pre_model_seis2_20250809163918_613.dat---0.9225413052706936,0.9611257975153247,0.9281227277111552,0.8776500797883522,0.9163543597797815,0.8631508074754579,0.8312748568369236,0.8393067546849887,0.8689101715056626,0.8468258728511683,0.8284642301787717,0.7517655067772635,0.7984683028912887,0.8578469593785559,0.8987800799252355,0.8800555999862385,0.8908648633937429,0.8332753158225245,0.8471789920634162,0.753594558279217,0.6471891245283562,0.7410318095589353,0.7512947296242276,0.7582778498279399,0.5869432344759953,0.45953788761060843,0.4319355429610282,0.33610509131496696,0.2511561019344983,0.24303968852682387,0.15144618300765292,0.15459374024087222,0.13822305426729983,0.16770525123055507,0.21995892495316127,0.24787659973816625,0.2876056627684507,0.34250209672650506,0.33773764376946214,0.3271100551666336,0.3136719660216535,0.6119633995212088,
pre_model_seis2_20250809163936_251.dat---0.7550248723414017,0.8363138925856034,0.8308662055347549,0.8540315193612693,0.8102498362909363,0.8143674093426112,0.8876214791560304,0.8556899072479834,0.747459691574705,0.8506186615830224,0.7879630694191394,0.7745171986845895,0.7646966305123731,0.7499946157612724,0.6653349130040549,0.7462886559224742,0.7178586070046504,0.5492263063924333,0.5876358417706385,0.6023515128848416,0.6268339631135346,0.640497661823611,0.6518656398367398,0.6753324437244822,0.6268770754625409,0.7533800844349317,0.7343054354432238,0.6793094770406589,0.6026681220078751,0.5643890782406399,0.6619844929252332,0.6235004315447952,0.614090749545019,0.6093864152751169,0.616393724622377,0.582236716336956,0.5561076087054118,0.5184001822518216,0.44050936270964236,0.3817162681807888,0.3488262846495369,0.6755298059573103,
pre_model_seis2_20250809163924_391.dat---0.8692511296788139,0.8315822706764916,0.8705931466035046,0.8882019732613714,0.8141872375435144,0.8424290047383344,0.8672502233714628,0.7774305481399091,0.8445176253450782,0.7555856025625272,0.8651630038210315,0.7674661046982091,0.85544119802237,0.8929820985277663,0.9407554013360507,0.9504896487431682,0.9479444671703932,0.9652352182195171,0.9609410485055984,0.9200153904290523,0.8856132941822068,0.8474479303118939,0.8358823351100785,0.8406885221490017,0.8563770639441975,0.83756932242411,0.8166389165212151,0.8664622696239777,0.8878290653525628,0.899991252830917,0.8955400510942436,0.8518454380289138,0.8470354921609743,0.8126924161840821,0.7718936357350964,0.7201687683207463,0.6842633797711697,0.647226829116715,0.5263074500742556,0.5528889973503849,0.4074081187588501,0.8224203144009699,
pre_model_seis2_20250809163936_888.dat---0.9783908295444781,0.969158988362773,0.976259944935306,0.9709483950312237,0.9600601164727177,0.9508626494408595,0.9484237403350605,0.9277946242993935,0.9215554932185515,0.887060922489715,0.8798173367774479,0.8782001686282845,0.8607248335260582,0.8973408649308282,0.9732238346479337,0.9953561031309768,0.9717429516330041,0.9787776971972855,0.983142297789364,0.9721306809249934,0.9426850893648269,0.8597649428035401,0.9132665880692526,0.8951067024030039,0.8662732537212335,0.8254363753662982,0.855940735506244,0.8761618885723165,0.9013415681918051,0.9378313990464942,0.9428922529731057,0.9406263974826344,0.9209226468033933,0.911801268045854,0.9092958557450014,0.8940380151810714,0.9014833813250899,0.8731714439203687,0.8951814415647321,0.8977866395557516,0.860816472688153,0.9195804105279617,
pre_model_seis1_20250809165436_533.dat---0.9321652794969928,0.8621210967814464,0.9081250592108056,0.9206019389245329,0.928201290951525,0.9145848733002149,0.931931891443212,0.9202877852575759,0.9532357004685149,0.935294945585337,0.9282039740256184,0.9628743439840558,0.9564997406501364,0.9718943942495727,0.9764791783369416,0.9763731721085641,0.9764211334054702,0.946893687315962,0.926612578251254,0.8820637142892479,0.8076384283191098,0.7826869572309935,0.8187205088045497,0.7454639667070176,0.7147530338217261,0.683271376941747,0.8466946729908028,0.8716137015017361,0.863413113138439,0.8240221735118147,0.775909074537724,0.7383053834154685,0.6521503667866525,0.6751664150673573,0.6250500952772015,0.6681225884828341,0.7034757129700258,0.683037509056787,0.7055818871189014,0.714603687021471,0.702552345849316,0.8369048482094795,
pre_model_seis2_20250809163933_466.dat---0.944000233428545,0.9615430773544669,0.9142637590451373,0.95207418505836,0.9508982766000076,0.9423262056305763,0.9588111745220995,0.9719682731430953,0.9808884733192196,0.9749206466092524,0.9788378994626966,0.9797951249636099,0.9864779902434603,0.9937130649915397,0.9941676889403033,0.9876872518441888,0.9866644290628959,0.9893183042115372,0.9781890799746598,0.9724954793054269,0.9714742811286085,0.9604793720648119,0.9348431228676712,0.9167592656512187,0.9222805829095495,0.8485964784368758,0.7800772491494362,0.6138641264892561,0.6101866939392395,0.6024018470215137,0.5501746907087742,0.5330890347258599,0.5331046863730001,0.5447117164405385,0.5120403352463222,0.6160420808773671,0.6234007287890351,0.7564388536331251,0.7484757140025508,0.7717140406079119,0.8312000211720326,0.8434242814620923,
pre_model_seis1_20250809165439_66.dat---0.7585496165336175,0.942397423931694,0.9140145162977805,0.9028949683088883,0.8976317526879273,0.8875519738868446,0.8662510309391063,0.8481512163734816,0.8514750146124155,0.7989745534141126,0.7361385055405586,0.8494206608143826,0.8786305894674178,0.9103241911455248,0.9368169561459831,0.9325167983514492,0.8667023434359327,0.7146635719706939,0.6575157854126076,0.6749948047112555,0.5910305911252743,0.6440972313277648,0.6717662974618723,0.7719063002088432,0.8290886787571743,0.8515823681384634,0.8084985212498297,0.7810182885972297,0.7617148778924839,0.7713118398262792,0.7526872660427468,0.7381302524786996,0.7402805226469222,0.6957811466238485,0.6644386354262474,0.6342250465315287,0.6396933701144816,0.6293904038733654,0.6716850397922333,0.6696105675305525,0.6171725034369865,0.7746518542210854,
pre_model_seis2_20250809163930_284.dat---0.9000980577777861,0.9327180864807253,0.9286242894774437,0.8839855820755285,0.9022497919484428,0.8818342032052494,0.8297210900612757,0.8015048273363272,0.8270712966340574,0.8653833195852708,0.7962690988006023,0.7055231787146875,0.6072727228444006,0.6836961862140594,0.6904877559932067,0.6482399709032057,0.6835854125984548,0.8724953926004695,0.7774069034290654,0.6377287090050855,0.4119409943775385,0.40856706904912643,0.5087937158738501,0.4532775549852032,0.5932905873804075,0.5804656778661192,0.593706644546936,0.58050685473715,0.5684848982866904,0.6379108213979774,0.6664167581229192,0.6618251715973968,0.5713691360629993,0.4614856037801758,0.3730609360536227,0.38451539280678293,0.2995356534792432,0.34388684391499086,0.32874857602606034,0.3251329336203762,0.38841514644112296,0.6340788499046838,
pre_model_seis1_20250809165445_22.dat---0.7213869163815245,0.8734757661545036,0.7766095355777471,0.85551799913144,0.8456652779241252,0.862991916741308,0.855799876665721,0.8764423315060224,0.8717818133569875,0.8596561227144915,0.7726689740628624,0.7569388472740427,0.6936589087867462,0.6436695379931221,0.7301511740089458,0.7490363041023246,0.8044103186114652,0.8135544503811735,0.9074050466482568,0.8600927038900473,0.8097424156570894,0.7098722057272551,0.6557425891718139,0.7022996699209624,0.8200766634374445,0.8085994489245786,0.7757574817903548,0.7619861330011175,0.8044006410986901,0.7923688270607585,0.7983065994694021,0.8249489090160746,0.8372606433410881,0.8376002518646646,0.8398754996122048,0.8556793799510772,0.8738265542463258,0.8818609871921782,0.8829748008252168,0.8155474354648046,0.846860419423496,0.8065000336124258,
pre_model_seis1_20250809165448_620.dat---0.8700662886573378,0.7710431972447885,0.8386762774655867,0.8394588177581207,0.6498535626355,0.7789466587858622,0.7410804272355888,0.7164113652048401,0.6798203356788707,0.6983218962671274,0.6872364653972659,0.8207653938456688,0.8880688647667626,0.8197353537370916,0.7622010703407903,0.7871221114332076,0.8172179205315969,0.8148253985044225,0.8176024745470754,0.8011263802398372,0.7232726209191229,0.753988255778535,0.8578427730788811,0.8915582262040557,0.9027907650240407,0.8920627848874054,0.8872799100030005,0.8801737231819698,0.8161376173250094,0.7325922892520563,0.6951376032283553,0.6902833661223486,0.5860145789123966,0.5859377208777822,0.5795385423178309,0.5257596686191192,0.5037592983185422,0.5546348098769284,0.6242977389034966,0.6656809994997707,0.6236633526690573,0.7456582172018793,
pre_model_seis2_20250809163933_399.dat---0.8937613345787612,0.9131875296735729,0.8854700399082759,0.8515269748420938,0.8716460000878995,0.8092068571847837,0.7944818369203329,0.7658298268759932,0.6242280375842405,0.6412686829698265,0.5971589424389535,0.6705426290741544,0.7462120476283789,0.7875871172682148,0.7512917471249814,0.5644224371087228,0.5139814738855194,0.4359406549890743,0.48122825665236674,0.4838604129288531,0.5342920425998537,0.5927596616701374,0.6837979514320082,0.6758361115554963,0.8180582985655416,0.8248999617615491,0.8277808017455285,0.7574359708954805,0.5804687139121568,0.5363741761805288,0.37373022158118785,0.2615816035940002,0.2584839507874317,0.30255323475491985,0.21208716488148288,0.2740522956455734,0.28912014042931333,0.3123396549878,0.47805989794820986,0.5404567666388973,0.5248558740520148,0.6034599350083932,
pre_model_seis1_20250809165451_126.dat---0.8859778450183495,0.8830023006684136,0.940601779385693,0.9352114019405878,0.917355547771269,0.9051300991887169,0.8705335421566729,0.8800084295860365,0.8152200761690325,0.831036380177407,0.9276607437736698,0.9283084083811333,0.9197145390709351,0.955900860597785,0.9567344105355563,0.9206613849641536,0.8158907638625984,0.7436250878878259,0.7229995373704053,0.6312030035491523,0.6073734450125836,0.5053136661321681,0.490712494183906,0.5377029943246345,0.5769062651602584,0.5911265323175254,0.6655454841660692,0.8166300367722011,0.8087747575820977,0.7542026902581247,0.7220260564022881,0.7089523760984697,0.7000235281318045,0.6367728123941754,0.6334349996361943,0.65727725807218,0.6799423497553997,0.6806830706123326,0.6320129178349789,0.6651400964549119,0.7135819917413563,0.7602661454902206,
pre_model_seis1_20250809165448_233.dat---0.9765505463602892,0.9805680008706167,0.9761643697126399,0.9652164699431037,0.9750406067063966,0.960395210624084,0.9577220532126814,0.9741681254014302,0.9643737286763086,0.9516216874831976,0.9623336624284665,0.938859041633009,0.9605062013570874,0.9599481066078337,0.9536819602053872,0.9522907629251642,0.9272457296557974,0.8601823865707051,0.8924480194155316,0.8124634347589277,0.8139107369878565,0.795692327023515,0.7690307532881913,0.6638248221553303,0.7259045597773752,0.7846967341903824,0.7090598587767224,0.8003690103317672,0.7314867118795197,0.7565195070148748,0.7648229779637267,0.6698873573676196,0.7053179198562491,0.6142621446597546,0.5782077940115781,0.6125435589355427,0.6113409776200064,0.5897051894940107,0.5808108097957049,0.5192949978243332,0.6002983032370717,0.8121650526034099,
pre_model_seis1_20250809165454_156.dat---0.9005116789390148,0.9163057634947828,0.9576838817036745,0.9502477877544621,0.9246421877114952,0.8959431540356961,0.8844838360530088,0.9069949220784916,0.9188392631682408,0.8700385276791899,0.8519287763055917,0.9033180325426174,0.8943275069851444,0.9365679253262875,0.9463822155719597,0.9795604762047899,0.9690704545463812,0.945142159792204,0.9282017227374681,0.9462833906539972,0.9380650279771533,0.9088145184086279,0.9359282838325601,0.9316389991538921,0.8997915310437136,0.8964218297392892,0.8969667823619826,0.830685340804319,0.8140759582204984,0.7515993037953003,0.7798351526518709,0.697307711883436,0.6899435414485354,0.7735424671365293,0.7534982608165168,0.7753405469062447,0.784013895436761,0.8123800961742393,0.7882758536791681,0.8429399689139658,0.9172745538248392,0.8742637387193642,
pre_model_seis2_20250809163939_115.dat---0.8791006515045429,0.894370164706445,0.8562026591575219,0.8800573022689321,0.8928966692212149,0.9166780307789183,0.8947485657455367,0.9244679943194879,0.9299303704565407,0.9552615038903765,0.928131453292893,0.940039007048578,0.9204669355344934,0.9150330563661656,0.9413381449426854,0.9768121965329212,0.9657420310255488,0.9346431278314741,0.9228463179524723,0.9509806159593112,0.960583359086069,0.952354375166329,0.9420674411759802,0.9416851657440686,0.8991179710106187,0.8188309398761403,0.7850644905639922,0.7350536104378445,0.7599310099262138,0.6123318288893806,0.6901002134868544,0.6921923196895301,0.7133546583368245,0.7768397774332669,0.8353147423607239,0.8652188154755571,0.8936001713609194,0.8478407550488206,0.7554452479737049,0.7157886053433065,0.6250048358622502,0.8594504178727913,
pre_model_seis2_20250816100712_39.dat---0.940315472263774,0.8998451686244971,0.9370310256104993,0.8910650670692224,0.8815003952379952,0.8242272182696503,0.8213171765121802,0.7348594166192339,0.6879531538986494,0.5613901274261092,0.691486992352066,0.745660614621075,0.7843279968073589,0.811669978926025,0.8709257960610804,0.887668925663267,0.8797232471484987,0.8809866583321848,0.8795254288463075,0.8537713782287006,0.772312338224853,0.7312804074206001,0.6549720708277705,0.6893104972456585,0.5176867325671176,0.6013776273148302,0.6790528582022507,0.5145648519896217,0.5711214565041903,0.7288237604853577,0.9265320542115337,0.9464313357202173,0.9030786652467901,0.8214633187152847,0.7597388008750637,0.5885258256819986,0.503423241030383,0.44326841498065583,0.3607161980204344,0.2919149654136206,0.3252618329300366,0.7267343534665035,
pre_model_seis2_20250809163939_725.dat---0.8931023171228339,0.8161285659876215,0.8762438292164935,0.8475543317005064,0.8759316445655257,0.8303064874655957,0.8067353191987979,0.7946695925661325,0.8195395684508826,0.8188823937190564,0.8452439401218118,0.8816543072113007,0.8420986453429493,0.8707041225351205,0.8949878984668086,0.9109845736143125,0.9350256980696572,0.9378677533776215,0.9078263158669063,0.8672470575009932,0.7987484223319269,0.7076432437652248,0.6185688035150889,0.6312022912055995,0.638025533062841,0.6273968512535815,0.5923441353394493,0.5841105569071193,0.5530220975648252,0.542278261864873,0.46563477420869387,0.453451831810043,0.4054101831654902,0.44194157190350275,0.4295839701841509,0.49438128109620416,0.6316096100893405,0.6742646475757847,0.7015422040696362,0.7887544850224597,0.7900929702525099,0.7278717582509578,
pre_model_seis1_20250809165430_244.dat---0.8640677767129173,0.9310457262674161,0.9469335659557422,0.9328216831063053,0.9298844781829079,0.8821773798397662,0.8991504330216542,0.8869377140980973,0.8937851173051815,0.9103596551648858,0.9014307815446162,0.942285517454034,0.9115228276538943,0.91573309293516,0.9670901199036331,0.9840055525719651,0.9816698274672321,0.9827737897401777,0.9824022914569418,0.9640333132724314,0.9396114852370983,0.9383835678033462,0.9418168108143924,0.9335797847191214,0.8929171448919292,0.9099964866222782,0.910661160685923,0.8916905278257248,0.9212427632837775,0.9057791053502346,0.9318789799438456,0.9134331021523852,0.8874295681825837,0.8662184697688083,0.878204186848791,0.8258422280906234,0.844977418245513,0.8572112717427884,0.8166899076023157,0.9016444397654519,0.9185503021202407,0.9131187647646862,
pre_model_seis2_20250809163924_600.dat---0.9276689180183859,0.9262420944828136,0.9169405119784492,0.9096888610623302,0.9414857701274691,0.9220146985904443,0.9071489351930532,0.887711131919255,0.9050067064485253,0.8332694281553247,0.8708332799846294,0.9087443788342218,0.9106398664005605,0.8617465265986393,0.6966022469087382,0.782148197766395,0.8278378139261477,0.8420072647067252,0.8605295757425855,0.8990805706844707,0.8991696888355658,0.8765977844124021,0.8050968373065125,0.8170243624343386,0.739998615940791,0.7588217838217093,0.734062455820319,0.8224403600113042,0.8263439849489777,0.8237891069034105,0.7895069305305198,0.7992416459102439,0.85084120597878,0.8317071314369934,0.8415179076402358,0.9233098030795751,0.9509162048745022,0.9653250817593214,0.965998221455084,0.951749470209244,0.9036435836357292,0.8637670474262126,
pre_model_seis2_20250809163924_77.dat---0.8620842829950789,0.8720898267249168,0.941636527052121,0.9413924205880743,0.9553986603255604,0.9554253725054798,0.924346189097646,0.9407377766221753,0.93246472893884,0.9259329288499989,0.9677956564257505,0.9689201733975767,0.9688188761724527,0.9893203413263273,0.9842873675294561,0.9582251987599638,0.9540195794313128,0.9738809031376159,0.9482137928033256,0.9604303681181509,0.973868580030534,0.9736092696057284,0.9566867277654352,0.9100545003060012,0.8594270068705526,0.8698067624664072,0.8498718759336504,0.8317151166581779,0.8085369469757404,0.7734046077175329,0.7445103133811171,0.7733783279373826,0.7758238331089102,0.758324393942592,0.8962802672351404,0.8644781265555258,0.9196615763969553,0.8814182929753496,0.8007622959847375,0.7858025926827917,0.66744020756237,0.892689819338889,
pre_model_seis2_20250809163924_606.dat---0.8953227556520861,0.9530579404841202,0.9459467030194314,0.9458752525171241,0.9663502875120127,0.9645164993457745,0.9504271663549922,0.9269203905575664,0.9087417814760381,0.8350458273213734,0.8138098448592092,0.8312777900950373,0.859525278969127,0.8198142316786189,0.8950642151617182,0.8587700526229677,0.8343581316317585,0.8048098760020799,0.7562741562925227,0.8078062550504272,0.8163520635196104,0.8419473600297281,0.6584013300627429,0.5932259334045125,0.5995065435494153,0.6921683382956304,0.7423981891445522,0.7642456140868219,0.7843632047352437,0.8319116920045295,0.8891961090155882,0.9084560544498391,0.8850859785270019,0.8426644477623114,0.7935711708095381,0.7296126671579201,0.6787034362575367,0.665748187862189,0.5772753918904023,0.6233532785399812,0.5513998301519246,0.8059341770209999,
pre_model_seis2_20250809163918_713.dat---0.8724727854422482,0.6706520396763023,0.6974666842809256,0.7893861997041078,0.6976779857237261,0.6422111602748766,0.6478841744078574,0.5982480968066868,0.5369656152712565,0.5701819130245385,0.37323103914652933,0.4420105268170214,0.42987124958476014,0.5074702504919151,0.3903421682759796,0.23429804384830055,0.227152226860463,0.5827807802885526,0.7017624725310002,0.6944592123549712,0.5865308009550871,0.5007498543976703,0.5373927465737748,0.6347068579015462,0.6334009826146503,0.7113016001008738,0.6753842331949047,0.654448635449704,0.5961435943001265,0.5485292781093052,0.5673873812621832,0.5708602246259542,0.5156512121523622,0.5413936576148907,0.5487224922826974,0.5778276962375455,0.5820695405753259,0.5176643150895048,0.5937577106936195,0.4967085230731991,0.5153748530235109,0.5710373369522063,
pre_model_seis2_20250809163936_154.dat---0.899176731035581,0.9033087007744717,0.8177065682114688,0.8024830402622101,0.8050062482985028,0.749523758000058,0.7404537427233419,0.7350871737455396,0.5573432965450676,0.6486453952086004,0.6521933048687792,0.857785057632376,0.7175088854389292,0.6901891620988733,0.5851114200157136,0.7227903979361754,0.8168928366145126,0.7837438190166689,0.7524069679961819,0.733137973832363,0.8055568458437361,0.7736526042721522,0.6996148256457929,0.7185363158111697,0.7090448152872907,0.6775699032585784,0.6658849099784766,0.642695844359585,0.6280045014231067,0.5520645774090165,0.49138890370462945,0.5205497895755011,0.5324871181564447,0.49152621557026643,0.48086208358583854,0.5883079507383152,0.483422366268279,0.585224638294197,0.5681570058285825,0.5108903004950178,0.5756433894349103,0.6749165703706416,
pre_model_seis2_20250809163930_110.dat---0.9272373790065208,0.8821979922250638,0.9053989186776442,0.9163901545437024,0.8560481033628925,0.9085307557233138,0.8855103030892243,0.8834598175105647,0.9111342541693368,0.8914174779953834,0.8858078739675953,0.8145998680687501,0.7195397441574563,0.7147350321514957,0.8049218583137379,0.8955706971029649,0.9137437286671332,0.8648585192732359,0.7507512842427974,0.6929358723798876,0.6875240666514513,0.6972071129563115,0.745520160436711,0.7704832602031344,0.8766713223663873,0.8659539093237196,0.8798005163779524,0.8721510238104241,0.8336733857770102,0.8567663269717128,0.8064101337095376,0.6947860146847317,0.7059553215272711,0.6053082757388613,0.5547096752480059,0.46038272183991924,0.41867655514003566,0.39203149897106654,0.33971989876449776,0.2945136898537587,0.25008243976789524,0.7471491937743682,
pre_model_seis1_20250809165454_600.dat---0.9144635331662015,0.9109025419089645,0.860466610843067,0.8666966202546034,0.7739336523114396,0.8410884690199315,0.8078820904903414,0.8361243807799453,0.8906355570126389,0.9217210106955918,0.9541138218107862,0.9453412597679677,0.9610759758499461,0.976058388917608,0.9867249193811487,0.9864441386952494,0.9739122681202065,0.9676567004774964,0.9686066933411039,0.9627601191313855,0.9545797379654506,0.8878710632262663,0.8942459598363636,0.8636752933347477,0.8086984861646334,0.7124573441979539,0.6093483504812933,0.5164245425699487,0.4032041579218401,0.35696764931267866,0.26782619568101274,0.3663969215280839,0.49148553631121245,0.5640523609424846,0.6326130246129454,0.6721491328762441,0.6696747322531553,0.6513560186271512,0.6289682021077224,0.6223402000495833,0.6310235825847054,0.7685845669405148,
pre_model_seis2_20250809163912_786.dat---0.9651971506189433,0.9827284556588389,0.9818745299560162,0.9812718113119085,0.958234310066595,0.9589996350677873,0.9398093100835389,0.9444334637079996,0.9453282886198449,0.9712850405679642,0.9615775869716808,0.967941711413675,0.9682610648378572,0.9663368074484151,0.9639810847228277,0.956419945863142,0.9608147016225509,0.9659883647632206,0.9651195986752193,0.8565081909585157,0.766024679576834,0.7466625816783422,0.7474503873559212,0.7290974487372358,0.6780750486605909,0.7058635912330291,0.6628450064924736,0.6527718355883791,0.5258594334403742,0.6894649144627405,0.7385238536826565,0.7250181440102259,0.8783139146040682,0.7915426098957808,0.8135947205194629,0.8055550626537323,0.8285924804635795,0.7918685401460746,0.9001286910478528,0.8940883356819269,0.9105130024553836,0.8571698862273953,
mean:0.7761428131761187