pre_model_seis2_20250809163927_293.dat---0.989876634099336,0.9824021802508498,0.991182683779574,0.9733556311298072,0.9718332371527163,0.9836341206925894,0.9836385363366545,0.986861783652625,0.9914974466199427,0.9923656742636912,0.9928667425453916,0.9933814208656542,0.9940902830105002,0.9944010301243127,0.9933378813097603,0.9944877359434559,0.9912693787163768,0.9882549937128602,0.9944502500732354,0.9814407584768697,0.9803824281891503,0.9774896903505371,0.9884403107286882,0.9875282831642219,0.9744291707055202,0.9629941410832492,0.967826129210687,0.9429117679416708,0.9633063604021379,0.963049549676901,0.9619919956854329,0.962400972402878,0.9697142213107393,0.9754949087769821,0.9892753732358931,0.9744882176302614,0.9798313594637648,0.9780075836850927,0.9730047724523252,0.9791000333536697,0.9804235847274404,0.980407786754474,
pre_model_seis1_20250816100534_94.dat---0.9905871506679528,0.9847008809281101,0.9831930562356174,0.9832625257542708,0.9830854734054716,0.9787484634457044,0.9775010161860995,0.9842286076206045,0.963983156201014,0.9721026654320262,0.9747045351082503,0.9946047508309229,0.992834589205458,0.9918015217198927,0.9916290275415829,0.9910813432387997,0.9839017611956419,0.9906347858207358,0.9897824965754696,0.9919739218543963,0.9921994868927166,0.9915625999600775,0.9849834557613851,0.9878893674735727,0.9819144932880796,0.9666586975145417,0.9662386948398894,0.9689400432952276,0.9726408488121435,0.936271260194801,0.9157074254096782,0.93679815737465,0.9067771397743839,0.8768224782411156,0.8577369096823884,0.7969109230310305,0.8922451649896401,0.9338159495660552,0.9416000553525108,0.946289953578599,0.9513759149814759,0.960968798755658,
pre_model_seis2_20250809163912_429.dat---0.8595326011735652,0.9295244207444583,0.8984047012294988,0.8781913363310075,0.9053768525592675,0.893587710079298,0.914610735548952,0.9237852678546408,0.9603473872960304,0.9578610575422202,0.9497751315068316,0.9416108585285284,0.9746865940611525,0.9755569848233936,0.982022083329372,0.98560748376626,0.9800237075406223,0.9719796212498603,0.9595943883453778,0.9454765307642242,0.9525814790656904,0.9506798150354814,0.9498161563949149,0.9489026455447341,0.9072292505288468,0.8945815716628155,0.9187780926194762,0.9099024862763039,0.913543454273816,0.9086389779075369,0.9098476327118697,0.9108013675243946,0.9186688459369965,0.8910890187243156,0.8735433321819595,0.9087364720863731,0.8933200264858452,0.8705612927688957,0.8611221998984571,0.8722579988178231,0.8307480445792105,0.9215342833000079,
pre_model_seis1_20250816100537_0.dat---0.9885305404168909,0.9896987401790911,0.9853556915823954,0.9759158680322313,0.983099041607437,0.9799400229422234,0.973142317774859,0.971651039584991,0.9427166330992695,0.9431380280254881,0.9575972418319563,0.9707136331465985,0.991763719875531,0.9908211921597821,0.9921321799739122,0.9926063748418273,0.9796505366612284,0.9864920510236627,0.9883457777935435,0.9817964286670686,0.9750115724937912,0.9838751381079178,0.9771856450145839,0.9804543407347708,0.9839689458772599,0.9811039862300347,0.9865500382539975,0.9795653848892105,0.9794506511971804,0.9457703606795449,0.9543294982161369,0.9545222467357228,0.9556507169106028,0.9759080927754019,0.9810345714086712,0.9827122737613453,0.9695716329502247,0.968761244024143,0.9609447936533886,0.9565142639481655,0.9636959503082387,0.9746753270095199,
pre_model_seis2_20250809163912_117.dat---0.9628786670050413,0.9906961923042713,0.9924749119142825,0.9914550876363067,0.9902469224591454,0.9812957318478691,0.9706139036639716,0.9196060739682085,0.9132299028958764,0.8954344901868104,0.8405388900631624,0.8540423069119156,0.8573057998115146,0.8472020043278551,0.8211477029541407,0.8001578984339499,0.8311319839853151,0.8720126602892196,0.8654552021560725,0.8229900713368066,0.8512688521432689,0.8311014083077227,0.7710184055756972,0.7433334532129974,0.7589342755338974,0.7303941376089542,0.809718789789446,0.8108681787314517,0.827095230447017,0.8027401109962583,0.8471493535277718,0.7877441940777266,0.8418476623102018,0.777053316048545,0.7795045457986535,0.7581564670569436,0.7047119745161083,0.5101491585601914,0.5504797240988377,0.5068709154488434,0.44414685107004975,0.8162000831466419,
pre_model_seis1_20250809165439_583.dat---0.995513871297241,0.9961060888281381,0.9959840125726345,0.9961538129593921,0.9958104890194585,0.9944455283273834,0.9942309463740938,0.9933494067984062,0.9923283216938109,0.98847898850785,0.991841968432397,0.9935610667691986,0.99424815373765,0.9935859772258634,0.9897142078717466,0.9820836562443955,0.9854256276418637,0.9753274458379677,0.9830895885898674,0.9736532615663231,0.9777429046993903,0.9725342730839254,0.9512342907014182,0.9567147501609257,0.9677754081286325,0.9695960333648275,0.9641879131966176,0.9750732766590136,0.9739624119595779,0.9754643979684535,0.9536198364903321,0.9668739912432095,0.9526305969953267,0.9264165394594428,0.9133747906763149,0.8874681771917914,0.9151789383840925,0.8949610123935313,0.8560865426942925,0.8696538011597141,0.8831565520870166,0.9636253380242326,
pre_model_seis2_20250809163921_836.dat---0.9931993765231178,0.9902835601632562,0.9911331145637254,0.9814961672047803,0.9814656773432073,0.9740684537475753,0.960864420265749,0.9398086621555198,0.9457634332177306,0.913614479146457,0.948737853377676,0.9540647906704693,0.9516712516885879,0.9283289130018266,0.9803158708507779,0.9721228785709372,0.952653828894674,0.9436961094176485,0.9580476481928167,0.9659387762492229,0.9757712533195456,0.9801055299253504,0.9746214877992976,0.9760652276477624,0.9702276584766586,0.9366229216435881,0.9550221225784052,0.9581766725927536,0.9530959648567596,0.9607574501154621,0.9587974051259224,0.9529912426850982,0.9494350441928557,0.9398632702049683,0.9511816596690958,0.9546470180766007,0.9567341050507159,0.9571956673695772,0.9533393770429953,0.941945335322732,0.9248780754656895,0.9587499940099413,
pre_model_seis2_20250809163927_685.dat---0.9815351262035185,0.9920009446387683,0.994964320779696,0.9890779043163705,0.9900583534456157,0.9859017048567941,0.9826817630462183,0.9759163715763489,0.9755359396877449,0.9592052337755255,0.9522093422539077,0.9615925813663377,0.9702355146586508,0.9685901412709644,0.9672053430241171,0.9907823007496749,0.995206467013958,0.9920451947257237,0.985814365491543,0.9832737486527047,0.9842257040993464,0.9871783958984796,0.9936600245053091,0.9941280543611405,0.9881115849245966,0.9872108303575342,0.9615649141799001,0.95185454168249,0.9518421965684909,0.9605288915654983,0.951940108256795,0.9883810716841867,0.9881609033106968,0.9937299570382787,0.9929534296800732,0.9933042154450074,0.9933578880206034,0.9914256545513326,0.979385194192776,0.9766521513075656,0.9750339335776191,0.9799624952863879,
pre_model_seis1_20250809165433_801.dat---0.9826044307895365,0.988922519435752,0.9870431377767236,0.9869535402324807,0.9861389868338029,0.9909752522097037,0.9918240560017971,0.9939105005547604,0.9921076543929147,0.9891229855633674,0.970868034637496,0.9710090416867108,0.9909903818070939,0.996561089111524,0.9942423611714171,0.9896594292468254,0.9867890918181398,0.9939107342109657,0.9946538480151745,0.9919808280474005,0.9961999918751349,0.9958238517492503,0.993751016768225,0.9811158438336821,0.9623738594716209,0.9741357072493526,0.948864028779333,0.9653653815825328,0.9665735231643281,0.9696065233121548,0.963840808388532,0.9650706094719079,0.9685153455304101,0.972594619674187,0.9664420634133575,0.9704978425861792,0.9766909519040718,0.9649069310716929,0.95189098613379,0.9557459324096622,0.9588587392395719,0.9790032307598191,
pre_model_seis2_20250809163918_772.dat---0.9856042854070758,0.9906885164968634,0.9909455171161076,0.9917994178066651,0.9887592603302543,0.9875093307035295,0.9827359321907705,0.9757522476522857,0.9809076200343163,0.9785438763460866,0.981279588915153,0.9664541783133491,0.9805658164015804,0.9844412568501931,0.9877530661266747,0.9822845574428865,0.9733427111546008,0.9748891023395194,0.9736012338517563,0.9826678227180348,0.9857815976540861,0.9872360217678582,0.9888500363886076,0.9832192653600603,0.9523127805771924,0.9495794137468296,0.9332457616838814,0.9587406641338225,0.9486194373750158,0.89988273162419,0.865280772450514,0.8723686608762107,0.924485842129149,0.9418671605712071,0.9350019656207846,0.9367405060108587,0.9688156188315233,0.9769903109103748,0.9746636489526764,0.9801620560168376,0.9828900376893721,0.9655429177699696,
pre_model_seis1_20250809165433_198.dat---0.9607835928959,0.9639137553431704,0.9767876222275994,0.9726924657784247,0.9728290968948361,0.9676911849828509,0.9708037041879228,0.9841723509185741,0.990873784242496,0.9868610069078719,0.9927803074575919,0.9952946659543229,0.9945548277657095,0.9984452557047385,0.9930750688285641,0.9925292988382874,0.9937248134800872,0.994228790840442,0.9890918285624127,0.9866307400285496,0.9860676428768604,0.976960369127051,0.9845277609860437,0.9803843117370221,0.9832150913157985,0.9749117611181587,0.9804273153310634,0.9838942368920183,0.9864656627197688,0.9859551923370062,0.9902183868650623,0.9912408624527235,0.9883477440422317,0.9906144588198719,0.9884210502844455,0.9870967851323881,0.9854673605097071,0.9849288111377053,0.986029277829501,0.9836402236234231,0.9826787358152271,0.9843721268974007,
pre_model_seis2_20250809163933_130.dat---0.9707747651779217,0.960467671629474,0.9729135354640411,0.9765098836608634,0.9803015808198382,0.9761634846983167,0.9727234348303121,0.9648938866844776,0.9480579364566156,0.9643390973430428,0.9614683193343134,0.9576672586986531,0.9540828113839211,0.9718201956223138,0.9768688789150491,0.9693767512364557,0.9787641974400475,0.9870760911563354,0.9892373996173716,0.9821658108879636,0.971245358060921,0.973034574975813,0.9759287254237612,0.9733557302881752,0.9668868294623868,0.9706218142349882,0.9643363570890414,0.9552322655914187,0.9641969364485496,0.967649304807952,0.9428517511016792,0.9415766673453018,0.9554209270999359,0.9666052915488218,0.9632475353657333,0.9517635689630137,0.9539053128529641,0.9642856737503099,0.9631801574310097,0.9672851175144598,0.9683232280533961,0.9667464906943161,
pre_model_seis1_20250809165439_743.dat---0.9883225891021353,0.9864648302871952,0.9874922220153342,0.9930050071018088,0.9926119968452232,0.9943292428515703,0.9929868942026777,0.9938086038300183,0.9914756021652438,0.9922903186879511,0.9878407075287908,0.9873108546976035,0.9892633826306813,0.9863077007104313,0.9762547523187104,0.9692355126228299,0.97615665576999,0.9837106982743152,0.9829077499151402,0.9837023709356053,0.9781901766019846,0.9841289866824847,0.9709490857551647,0.9636891603748576,0.9639184136415556,0.9621152607398243,0.9461299944222364,0.9583782833875178,0.9553702590519344,0.9728467605720202,0.9745510184181806,0.9690172105749082,0.9645338678204023,0.9697196818813711,0.9654016236988271,0.9403363222420125,0.9342115773415892,0.943594912919095,0.9033786381311094,0.921229554674411,0.9101026840752617,0.9704212479390246,
pre_model_seis2_20250809163933_188.dat---0.9898683770596538,0.9927666538511456,0.9925360913695637,0.9879237132425358,0.9936799030350613,0.9918411592725276,0.9888551843169103,0.9856146339174972,0.9860992267969243,0.9690500758698769,0.9467076563283915,0.9446710109258456,0.9172646580836702,0.9773584349659078,0.9819674648183637,0.9898095771108865,0.9913423279263551,0.987167046216952,0.9901662320794122,0.9863625043178162,0.9880477979959988,0.9895308574098315,0.9897574356495737,0.9903950339673049,0.989019884364782,0.9852971142307506,0.9830772856518415,0.9855322994569553,0.9870751591387565,0.9888266496233123,0.989470039351572,0.9909750599029501,0.9912585215813418,0.9886132975972121,0.9866664920453336,0.9843481543216563,0.9789555906642325,0.9803851178016253,0.9754491607636939,0.9718510246031211,0.9771311023226368,0.9825052441451169,
pre_model_seis2_20250809163924_280.dat---0.9530822279079278,0.9549009314601036,0.9792373481154616,0.9834670092128307,0.9851852875379271,0.9850830163152885,0.9832131473624106,0.9835733915147465,0.9694956980526988,0.9546219064020559,0.911353931804923,0.9081814953795209,0.9424693316137935,0.9708520421135812,0.9595328999086444,0.9677330182978983,0.9767668752483437,0.9505989989040935,0.9356833072477975,0.9326795499029991,0.9261436201322919,0.9211705537780077,0.9131766324392844,0.9117106853007231,0.9455160997703558,0.9460144317388408,0.9387251214042043,0.9472592528548242,0.9462447451898954,0.930791575935628,0.9133493137594364,0.9372278581232344,0.9340933489102449,0.9098604287448834,0.9068133020048696,0.8519602610275017,0.8799202427121788,0.8884443531603726,0.8819676113272906,0.8730743032694523,0.8484801888502639,0.9351135449935815,
pre_model_seis2_20250809163936_197.dat---0.9864761796903821,0.9821465306990043,0.987429365511237,0.987465713468259,0.9848760887949736,0.9873367193540775,0.985086885805424,0.9845389575973422,0.9840723936884974,0.9855626061155333,0.9860427549506876,0.9857214622245134,0.9881940474862657,0.9825882389758647,0.9843705343034035,0.9879859501098386,0.9835993623767116,0.9938061122267087,0.9925744649089708,0.9881881031975881,0.98061520215349,0.9895705364551148,0.9900873386130254,0.990883046782123,0.9905740239210127,0.9866771725673821,0.9715589604810237,0.9692972584804677,0.9688680692184647,0.9706785351269939,0.9659160261916832,0.9768385637318422,0.9722678338916684,0.9669875855762406,0.9713773548480679,0.968658193839027,0.9535536242423232,0.9285187167068062,0.8858194787622141,0.8175116980753838,0.7738614180260571,0.9687361733945292,
pre_model_seis1_20250809165445_178.dat---0.981104106844999,0.9666494039217479,0.9742723867099526,0.9797621814448038,0.9762523481151253,0.9702779477338243,0.9636986490496658,0.9607916118007809,0.9523282794745975,0.9543843246521445,0.923311312113817,0.947958165176635,0.9497976903066704,0.9341256651649016,0.9898015854143992,0.9953757867530174,0.9899804198317903,0.9829407562962212,0.9765442452642247,0.9761425631216751,0.9702834730086072,0.9634745739443304,0.9617737403083595,0.9440678795981146,0.9418062499367478,0.8963894852845182,0.8737907147327314,0.8518182425159563,0.8287718718123515,0.6516778513795716,0.5673824133350206,0.5765430481475616,0.6942635302430983,0.70437391884265,0.8345082131843713,0.8389245825262568,0.8807271652304447,0.8906202253452773,0.8636325600469849,0.8481784184700747,0.8485756020141665,0.8970020290023951,
pre_model_seis2_20250809163936_823.dat---0.9868829222443724,0.989372194865227,0.9877092932967684,0.9910587890709183,0.9911052577622024,0.9880766822558591,0.9862238718986042,0.985449559068224,0.9833184062799825,0.983810796048418,0.9873669082564615,0.9919732799880783,0.9941066390601218,0.9973332233637552,0.9980863641142801,0.997077136322882,0.9951206694318382,0.9959331931952704,0.995473914935523,0.9943382171488272,0.9954628921685272,0.9933237179905428,0.983751730172471,0.9839776580071379,0.9838796315103148,0.9795890412017862,0.9726241914274385,0.9810660136526335,0.9716432998924371,0.9772606359299194,0.9757940236410915,0.9769035047025162,0.9748129261617059,0.9816128250088446,0.97806128766904,0.9829141816945813,0.9799160996962585,0.9777994243827326,0.9642605743373928,0.9680681929826567,0.9624413159366199,0.9845117191896166,
pre_model_seis1_20250809165457_41.dat---0.9858495552483557,0.9863126510540972,0.9904671728888207,0.9884983579257482,0.9849489668751925,0.9885430464347158,0.983644120633544,0.9827210474470005,0.9756815502413083,0.9749523924069925,0.9737516476208645,0.9796087024249842,0.9893638354466069,0.9892350709644323,0.9949295652956937,0.9931167412720059,0.9916854114636379,0.9908690137140507,0.9903378324697911,0.989997646658951,0.9906007695264685,0.9912767367742777,0.9914812637473893,0.9773996094472789,0.9808047823092417,0.9896845497395814,0.9518802053034652,0.9558082990640918,0.9310864513381143,0.9321703064673883,0.8821985082152686,0.9207071938828325,0.909046798856798,0.9112684551592829,0.938220754847636,0.9529499934287445,0.9505823195522949,0.9504615053298067,0.9635162107844605,0.9687805172781515,0.9684747675639578,0.9690954713927638,
pre_model_seis1_20250809165454_715.dat---0.9678559530195474,0.978752768033499,0.9778889904942301,0.9771345292860988,0.961736687230546,0.9460001637149151,0.9053127926920795,0.8647071312984248,0.8601260250409553,0.7470705572353146,0.7463981721891522,0.8140337431768264,0.8765628739341195,0.9417069064963892,0.9629146986157399,0.9590163156503214,0.9427980619418784,0.9206594733234463,0.9237924240233988,0.9379700019565365,0.9291676335904641,0.8965437450188463,0.8488767111672308,0.9012475850526183,0.8914516806078971,0.8490565485640229,0.8557540449317759,0.8969191405336747,0.9041688840825087,0.8880557201799945,0.8915243338667564,0.9151335558633439,0.9234189264027695,0.9222600420547249,0.9138190547919025,0.9202217004509539,0.9179068418842485,0.9196274079576765,0.9183285811958015,0.9232278209412106,0.9079588492544388,0.9060270018962506,
pre_model_seis2_20250809163915_661.dat---0.9701422969842916,0.9577441990716866,0.9676651849955469,0.9794872407815303,0.9731942414722511,0.9782384630064447,0.9817011606575052,0.9754151979886417,0.9836243594647879,0.9857797619734912,0.9874941932272888,0.9893060777948194,0.992135277637964,0.9956360672358561,0.9977564583103741,0.9884003483541455,0.9895769792863888,0.9948438004990043,0.9920814833063357,0.9493868813534097,0.9602777117486001,0.9576817459997182,0.9444044591771155,0.9215512933351082,0.9369962530490991,0.9531190439231747,0.9634788151177887,0.9676643860090375,0.9674095355970334,0.9618847593995281,0.9596204091366274,0.9587075003942077,0.9637280837085954,0.9620648932614724,0.9654425462849541,0.968542220169646,0.9679236339048554,0.9571436278568038,0.9500491094076036,0.9385899699408857,0.930264064601751,0.967954969156716,
pre_model_seis1_20250809165439_280.dat---0.9926073210572609,0.9942833956683358,0.9923940837394477,0.99126348738368,0.9910487211110494,0.9878796058926821,0.983993023222376,0.9775914303272851,0.9836770894899953,0.9818099230091011,0.9861898108274653,0.9849686285471647,0.9944004517097581,0.9909329417769026,0.9958010184320424,0.9949939612340487,0.9959677523350391,0.9956360628804923,0.9914926710578404,0.98783476150864,0.9905615253632128,0.9964218838919722,0.9863552214833261,0.9860635411687851,0.9755599077267887,0.9784403640185766,0.9796722380054962,0.9855119245254803,0.9872326177875284,0.9873830045785766,0.977139107392258,0.9746037384687504,0.959052465555194,0.9501688809285809,0.9507927755948014,0.9546742366873369,0.950761457164234,0.9310308078704379,0.9247480146066412,0.9080131441652911,0.9177129058737361,0.9767479488796976,
pre_model_seis1_20250809165445_9.dat---0.9839413347898576,0.9794196294936498,0.9834679954456076,0.9708215038156459,0.9524476781673622,0.96303409231715,0.9407420835079148,0.9003829435441486,0.9399333161736114,0.96895677106003,0.9890062540524499,0.9818146825375895,0.9835633229392794,0.9887565700212915,0.981716754500408,0.9807732016959942,0.9748989465335628,0.9746568631789034,0.9835189921350073,0.970145061859282,0.969555047481104,0.9690907845210247,0.9762960890506945,0.9739627220050832,0.9758572025542149,0.973785551976206,0.9664660803126078,0.9655692328475698,0.9214868504085776,0.915940373898108,0.9541601129353,0.9446062932637399,0.9395625762919845,0.9584150685338024,0.9591056995412407,0.9528423749901654,0.9357967904773169,0.9253680301569529,0.9275508403696925,0.9237116869784341,0.930666393848464,0.9597998487856348,
pre_model_seis1_20250809165439_359.dat---0.9774186718922611,0.9843006167679449,0.9921866024522571,0.9882260597122132,0.9923258103956748,0.9886009324847098,0.9895070915721684,0.987596049154375,0.9842367308176933,0.9880374515213026,0.982659836812045,0.9875643621506739,0.9877399914883078,0.9883230005084,0.9816165285840519,0.9881829039802312,0.9872930674512708,0.981356968323214,0.9813035043584365,0.9766505490774181,0.9816355712785865,0.978665730830071,0.9598582845301358,0.9546517482138166,0.9628463365421516,0.9742049386040458,0.9806198666132419,0.9770057032595951,0.9741669250487506,0.9618779038053477,0.9498891567895263,0.9468281198067227,0.9465389024508211,0.9444364879715206,0.9121231349208265,0.8995251851098588,0.90100405790076,0.8905302243987228,0.8750729182892214,0.8758038086720329,0.8832365285497245,0.9620889820265884,
pre_model_seis2_20250809163939_825.dat---0.9175352217039789,0.9609355545605889,0.9412165570237834,0.9068350827676276,0.941912859418378,0.9303226660263015,0.9004304147332257,0.892039907970247,0.9001247832625289,0.8668446206889263,0.8567388367602743,0.8372692155758975,0.9115321005684427,0.9239417722070548,0.9514965899061897,0.9811181476332522,0.988132038805991,0.9884512639262785,0.9774833261761215,0.9701750557287561,0.958397496330522,0.94636752187542,0.950789588373246,0.9586307062188539,0.946300735732955,0.914789757179033,0.9123691854086605,0.8969968656555171,0.8833296961233704,0.8871712126243277,0.9299558880508539,0.9423496025836957,0.9192812749361178,0.9316782318343716,0.946695326422944,0.9410116762387024,0.9509614441773442,0.9694738077273284,0.9493643892168993,0.9337364460656904,0.9222696644748547,0.9301574764071842,
pre_model_seis1_20250809165457_187.dat---0.9667503530874673,0.9710195693288528,0.9869758262782238,0.9873911925077138,0.9849420310111003,0.9830086820966981,0.9813632896520816,0.9875062895200722,0.9888690330480342,0.9962327901460888,0.9973028989611877,0.9969980082874602,0.9899096175046639,0.9904893165872357,0.993028946201403,0.9962390265036801,0.9871362071760273,0.9822307473195826,0.94822746762374,0.9514435396935776,0.9135488838302354,0.9019144554062332,0.9150973397911515,0.9064464295330539,0.8738422958568542,0.9351936263634864,0.904001780230717,0.9296559579195106,0.9342591027946291,0.9537777464139697,0.9492183004526883,0.9499920718293455,0.9546885665848004,0.960152446030374,0.9528785888376669,0.9437736342044052,0.9365226263043771,0.913613163041444,0.9188532666013326,0.9292916051154703,0.9086220307347812,0.9549367987905225,
pre_model_seis1_20250809165448_278.dat---0.9631509437743785,0.977358391425924,0.9834565957181508,0.9839210164985707,0.9722661600606384,0.9577058124469302,0.9686158094698857,0.9559088993952459,0.9739240880220807,0.9611701313543871,0.9596826560494423,0.97192451706409,0.9874185112304663,0.9861690760745561,0.9888995885899096,0.9862483184737865,0.9930185339652602,0.9949601576317803,0.9900616779503599,0.9831223705803044,0.9813440928393107,0.9795943213110677,0.9748096672999851,0.9682820029571708,0.9755744336033032,0.9815339584321806,0.9685772786209044,0.947761745879549,0.9439953658322934,0.9531740823086694,0.9524529906171264,0.9626993645671943,0.9549782877624073,0.9536886247719458,0.9586515330239007,0.9580616565975176,0.9515633099595702,0.9341222306890536,0.9219821323564682,0.9332537956250629,0.9313553734432015,0.9664985244944886,
pre_model_seis1_20250816100543_9.dat---0.9884066370289069,0.9876126175030616,0.9847461831331499,0.9905899615480043,0.9900337697917707,0.9930048706382718,0.9919609941314493,0.9948163910135838,0.9939198772589785,0.9932217573447231,0.9928352334729833,0.9885124238638073,0.9933762793732289,0.9909246889533045,0.991454904781982,0.9828699968729543,0.98134847790631,0.9807902710053629,0.9816962734997511,0.9861628013245903,0.9838839676935389,0.98231260675492,0.9752559408439255,0.9477934672082247,0.940980729281831,0.9394183711106174,0.9485761148075436,0.959166278923426,0.9691149246295094,0.9506853497742601,0.892432191022183,0.9336921906298306,0.9232740376265103,0.9066766833516439,0.8947504770571165,0.8868502890556796,0.8824904512818652,0.8663875963730657,0.8749692870283754,0.8859432002825229,0.8894103793350583,0.9563987547443374,
pre_model_seis2_20250809163924_826.dat---0.9884167421947184,0.9909268356754213,0.9904383803053183,0.9905987864498321,0.9930606054333104,0.9944555886472267,0.9937077426546901,0.9877753193448457,0.9869264241311356,0.9791671196381623,0.9701442835006383,0.9654070808604172,0.961494075438873,0.9629075948354417,0.9623498415892522,0.9693031157439936,0.9780799100508768,0.9568240402230777,0.9546997245698836,0.9531895968412377,0.968447980955346,0.9551224535444989,0.970228891148576,0.9683198197473163,0.9441198710373359,0.9344777114050093,0.950396603908195,0.9513872913543694,0.9530743223280994,0.9451655440625814,0.9525634200843861,0.9477300413551726,0.9364196064976592,0.9403285533057286,0.9408828862042503,0.9499278535891781,0.9600755921931337,0.9674995036454664,0.9784714621316988,0.9822233832752997,0.9784452140669797,0.9659800198528934,
pre_model_seis2_20250809163930_327.dat---0.9564353179904859,0.9383274505741813,0.956811006732685,0.9701314527768531,0.9696363123625983,0.9771673280971264,0.982197213571353,0.9872145149678562,0.9888510224188224,0.9925368749270033,0.9907939062295086,0.985500259286711,0.9824842325094091,0.9792782127459287,0.9910380731503318,0.9760197996730627,0.982517116440311,0.9648201134203515,0.95584346480377,0.9678799740810756,0.9560644634401788,0.9743553554673415,0.9755251567226588,0.9691135614786671,0.976280184555244,0.9750784889213664,0.9689866905976312,0.9768658903448091,0.9636748290011632,0.9497494573346313,0.9629986461535238,0.9672030899598971,0.979496630035688,0.9684629990858752,0.9719718580325064,0.9699151726858339,0.9517737245595295,0.9427120395778742,0.9347178726079206,0.9351667511311906,0.9386823754407985,0.9683970459486281,
pre_model_seis1_20250809165433_441.dat---0.97803582924614,0.955642068720736,0.9854669052735717,0.9856745162376507,0.9779869119001112,0.9810817610207482,0.980533161621004,0.9791352396706083,0.9708491018938169,0.968083668894423,0.9604818445698716,0.958743211963216,0.9841617294628322,0.9879116621505392,0.9891113806985248,0.9804249964642451,0.9598338099472582,0.9610642992824374,0.9437758387291086,0.8770652133989639,0.9098911769347631,0.9077092966842073,0.9136024328648954,0.9332415882673836,0.9253493584828807,0.9072858335730016,0.9326022260267862,0.9054010215195121,0.9389455769871281,0.9472111343099162,0.9507010210947852,0.943641185290219,0.9277893818391498,0.9299467942838923,0.903067526001809,0.9024660288957367,0.8462966838847872,0.8856083007690105,0.872196343342054,0.8921303741440307,0.8431057360759895,0.9386159066443351,
pre_model_seis2_20250809163927_0.dat---0.9950379602472095,0.9966576795942732,0.9968992716459932,0.9972594458708359,0.9969334896689885,0.9951871618748881,0.9944639400557297,0.9912936334696584,0.9873142713404967,0.9880522694384453,0.9862637010625274,0.9860751380704729,0.989736732997811,0.9917192136689713,0.9876469906428951,0.9821480362449815,0.9758989849704022,0.978296507221549,0.9917054489738594,0.9930896897175803,0.9865658313892093,0.984811325709189,0.9838935935991326,0.9763770581572825,0.9895880838484579,0.9883572332959596,0.9838388607202012,0.9855720920989274,0.9824819303116265,0.9920833243327182,0.9927987116625842,0.9928295934148152,0.9917538359162231,0.9839091199321144,0.977437501242851,0.9525146426302075,0.9538535086415171,0.9365129707573576,0.9281732482163917,0.920430979281709,0.9159154742146074,0.9805214264914791,
pre_model_seis2_20250809163912_697.dat---0.9794700021733118,0.991873925708219,0.9924738366631936,0.9924324123605488,0.9940587374784473,0.9923373043560678,0.9942213115411646,0.9956125388108428,0.9941868401219011,0.9938372524516641,0.9943921756180804,0.9947390202193869,0.9975100257349895,0.9984967926477362,0.9938869530248392,0.9956915034223482,0.9928635544535435,0.9955719377699194,0.990020948241693,0.9902729146187071,0.9905416644676551,0.9873166665265135,0.9924901544449644,0.9881663306411596,0.9863523924957287,0.9842312037943555,0.9761381280699142,0.981302662449419,0.9671348894063312,0.9708036686908381,0.975292611225517,0.968790363076647,0.9608666967598196,0.9489156485208873,0.9435799636034187,0.9434795066012464,0.9566441906255477,0.9738497301798592,0.9837646391413591,0.9795548582355517,0.9804560774227864,0.983015171556003,
pre_model_seis1_20250809165448_639.dat---0.9726012143641665,0.9836707452327462,0.9786577776311012,0.9853567283941315,0.9745232921189839,0.9669485309155017,0.9820625679513358,0.9832345912190307,0.9765805481964576,0.9712403171708268,0.969362706538757,0.9637041858095002,0.9820984410601294,0.9787116930230532,0.9858899442821876,0.9946046904879522,0.9951316735869629,0.9911537173092203,0.9930953519153758,0.9904536593508186,0.9891222662403424,0.9884588964354346,0.9826707976071046,0.9878851362632467,0.9889054876891477,0.9894731442323604,0.9789594788588705,0.9783061089265418,0.9799273110944655,0.9655263600028255,0.9550185740059738,0.9578481961582275,0.9840681847495988,0.9854522637420142,0.9687575366316294,0.9652689190649859,0.9634998213399162,0.9589248139536688,0.9564847970651356,0.9560086111163051,0.9588737424278129,0.9770371420527767,
pre_model_seis1_20250809165454_755.dat---0.984346190492943,0.9845285453538881,0.9896336547712352,0.9895173954763378,0.9853217233336985,0.9863215629852051,0.9746013443334979,0.97437644174218,0.9413424541172456,0.9377527102569887,0.9346361039287763,0.9713522648185776,0.9713602608667781,0.9903399118133241,0.992704615896381,0.9955143763013498,0.9967122210786463,0.9970320777467838,0.9963157949322977,0.9947821405172599,0.9888674861420299,0.9839271190132112,0.9765256762932524,0.971156072700046,0.973760764108107,0.9915970096464009,0.9794386260073678,0.9754974614346296,0.9804038642851517,0.9769130229832144,0.9840648820121229,0.9806181649886635,0.9789766053434161,0.9833301595753283,0.9720930815346566,0.9809228972115138,0.9728364892991073,0.9719007937988595,0.9831008758732862,0.9840136875367432,0.9867949658668324,0.9796397925955449,
pre_model_seis2_20250809163927_599.dat---0.983811373030384,0.9702543761561674,0.9869492985111444,0.989115113894577,0.98926427198837,0.9910609318025796,0.9934116910368878,0.9897644073928558,0.9893624319575585,0.9844836721538269,0.9877566640781434,0.9892496333904179,0.9874542408340657,0.9869202305265945,0.9960923628117236,0.9950226263614356,0.9833647106971963,0.9836747785330268,0.9901118879763335,0.9908668651396304,0.981112861457926,0.9729249497553765,0.9621902337277488,0.956710214072338,0.9694557182392198,0.9644150316333027,0.9372953162922657,0.9549977859409079,0.9191501459335325,0.9184630379763007,0.9287602896333901,0.9178866869876634,0.9157519768467559,0.8987558849284873,0.9205623338677025,0.9542061143670844,0.9529520321162426,0.9580199760221397,0.9376132960542962,0.9316655115476238,0.9184033437418785,0.9641288855954898,
pre_model_seis1_20250809165454_784.dat---0.9837769620655662,0.9861241318263809,0.9903361076186026,0.9858061714436189,0.9929139354375165,0.9945791950138164,0.9960589890753921,0.9972315998019144,0.9969051578361657,0.9950945819883396,0.9935534453339097,0.9906350065259361,0.9913964251437493,0.9925524133860634,0.9902896225176634,0.9856154611909023,0.9838712921792638,0.9849504483073086,0.985074572282061,0.9758916517025615,0.9813334394296996,0.9689793250592729,0.9668947879191235,0.9510712132721318,0.9561958256199942,0.9631206839120874,0.9395425357845761,0.9229233527215552,0.9465652504981549,0.9256030339327757,0.955325283888319,0.9622212817063922,0.9590786104212881,0.9466944952654269,0.9589530952337735,0.9679012264544927,0.9719863430656382,0.9745968409805033,0.970560496201779,0.9538651235124923,0.9589331330963633,0.9730488426500626,
pre_model_seis1_20250809165445_822.dat---0.9859139288637846,0.9893788478577005,0.9852901820382632,0.9875174383942033,0.9851588311560395,0.98601534340323,0.987288403471655,0.9844271009809283,0.9686023222399742,0.9640495151405084,0.9712717113982628,0.9656969444640062,0.9604923928367723,0.9731853696154091,0.9816705298521293,0.9870780043861671,0.9887076163894171,0.9899226528274387,0.9928277376664147,0.9933928096876048,0.9774152856424818,0.9823948280156924,0.9737764983722939,0.9779799689412028,0.9907232171656986,0.9884407389871694,0.9855246520681047,0.9847497820234853,0.981446719701912,0.9821888054839399,0.9782259782501554,0.9742345496254464,0.9672051568554786,0.9655196488162061,0.9708100186103367,0.9758221275838135,0.9859180211249939,0.981152441665921,0.9736526843715907,0.9819217552832886,0.9758937295910932,0.9800703485573222,
pre_model_seis2_20250809163912_377.dat---0.9873475592660029,0.9833003953997461,0.9843387687215196,0.9793410213463764,0.9777874508292521,0.9728000711414068,0.978849400086952,0.9675493714318472,0.9669812742994561,0.9585775492933445,0.9612622823914104,0.9768811070805009,0.9807718898569353,0.9808150560681685,0.9741755176532774,0.9740673526348975,0.9891879459306507,0.9874471967390925,0.9829036587093545,0.9846504310200931,0.9845146125941707,0.9839636996068524,0.9806925535904623,0.9724446155019835,0.9706924517015654,0.9731168788317653,0.975693143889867,0.975977533662622,0.9659335337888546,0.9786564435449951,0.9821816329805467,0.9804901106072587,0.9845019612974624,0.976850510711213,0.9664888456603655,0.9376328257954476,0.9297396351794505,0.9420009126299616,0.9583847601213291,0.9662502283958584,0.9463188772977936,0.9727210016412224,
pre_model_seis1_20250809165451_8.dat---0.9913458021423435,0.9903506225146623,0.9926052204873019,0.9878018699345271,0.9907358208384032,0.991265009659545,0.9912026487993849,0.9893581814807442,0.9848497130803576,0.9831110525575062,0.9851494305522138,0.9905768198073465,0.986587325711127,0.9917992248055761,0.9930963716213845,0.9956778517633355,0.9916499810569077,0.9857442720034233,0.9859928639578995,0.981020655456161,0.9747014658523993,0.9537826661140202,0.9214815741631551,0.9365609903011497,0.9051559821334615,0.9285037410356868,0.9184416764113371,0.9397969848932108,0.9175665420201129,0.8986878506658452,0.9000580132276425,0.9061445465777906,0.8934556127221117,0.8848800073827505,0.8201558825261299,0.8929976969335297,0.9063325774817447,0.9167214445762193,0.8961715398893665,0.8843222639304619,0.9214878664047569,0.9487153088651958,
pre_model_seis1_20250809165430_249.dat---0.981954102108958,0.9647726360574369,0.9850588794074782,0.9755950931391171,0.9837069314084445,0.9784951420601765,0.9711659048298267,0.9654737920727563,0.9432401977000495,0.9049787008610352,0.9410084180324927,0.9072809459774762,0.951741786500128,0.9506253802646629,0.9775794383899488,0.973781889816826,0.9538115263534919,0.9550993128171538,0.9479460455532672,0.9408848232814511,0.967036857739464,0.9565409170065271,0.9841509366715809,0.9905465875249662,0.9908521183456064,0.9804542390718544,0.9806730944544241,0.9797211919790357,0.9776949097012769,0.9625544776308098,0.9678409343440004,0.9694733076338801,0.9614071514423086,0.9734841909943784,0.9723765405226921,0.9762420399850824,0.9664534549946621,0.9677775855874039,0.9669304857261015,0.9643674512854018,0.943437219380287,0.9647369911866813,
pre_model_seis2_20250809163918_253.dat---0.9889769099063278,0.9873700218640451,0.9901753641710281,0.981235146534126,0.9849288895799188,0.9691293428463704,0.9743980027475035,0.9437454257138671,0.9698655830713427,0.9708718041517385,0.943590238340359,0.9638330767320191,0.9590926905349373,0.9814321198246424,0.9772985524708466,0.9749887435945079,0.9813169357975294,0.9814806526128647,0.9718710581811535,0.9672229709889111,0.9534774988823818,0.9702020334974336,0.9578649035087319,0.9421115623938653,0.9323496134120858,0.928619390303528,0.9223651404902448,0.8834541941038874,0.8303762310106769,0.8893047905018859,0.8835030242529063,0.9023248046394192,0.8968569627929918,0.8145266475271122,0.8614304592958305,0.8311903670605642,0.8046903519550391,0.675723478653625,0.7672048907629834,0.6554541407555349,0.6455489677636053,0.9124732434933751,
pre_model_seis1_20250809165442_382.dat---0.9925330900328777,0.9938438031095445,0.9938789423317136,0.9931080833340639,0.9895648355124558,0.9895001232393349,0.9842834445703286,0.9849584874453327,0.9933264203740962,0.9948195337506128,0.9965211851989632,0.9953169050052444,0.9923240497083984,0.9979226765421002,0.9978706982153137,0.9983905728056959,0.9961770778416879,0.9973084248327571,0.9928597821957905,0.9916156366118517,0.9801151295286803,0.9843172147347921,0.9805059131457614,0.9837492862966837,0.9817159944761965,0.9779846579365772,0.9757557110061951,0.9747924803425414,0.9536079181863504,0.9674913335020757,0.9744056441066278,0.9728788076325254,0.9726399085745641,0.966208062123605,0.9445861496787495,0.9476134159260394,0.9618212171643812,0.9607811451189161,0.960898080980373,0.9432381560195294,0.9523273261641801,0.980086764031793,
pre_model_seis2_20250809163936_45.dat---0.9565974503703586,0.9628868844663732,0.9731816494862149,0.9705860138600385,0.9689565800559846,0.9667928254183716,0.970459501664416,0.9737924485359412,0.9849400203941542,0.9837562482788168,0.9830638950203592,0.9800419833639785,0.9801496440938122,0.9796510194981045,0.9776703649118013,0.982957292347841,0.9786949920262875,0.9706363755343894,0.9709497001226931,0.9731477616099402,0.9599690932058303,0.9513515964600253,0.9684850021540771,0.9809699469128101,0.9814349188978185,0.9635572026845816,0.9688875976310009,0.9596664211230671,0.9340949911635378,0.9362780031963391,0.9370897030167346,0.9395254843251916,0.9491561300764466,0.9534529643612358,0.9585650029512898,0.950634674465179,0.9496079511792122,0.9493221950458886,0.9381914395644081,0.9332864549495855,0.926971619264254,0.9629124644802044,
pre_model_seis1_20250809165430_389.dat---0.9736337830035102,0.960353270106596,0.9812908025979832,0.9738484673539867,0.9750412507795485,0.9753631403031673,0.9778520650038901,0.9832072781702661,0.9860691146895776,0.9889921956112656,0.97083429866736,0.9729127375464212,0.9660712098837959,0.9618191866961298,0.9694678118120884,0.9849496934238463,0.983442079502349,0.9855920772674139,0.9773372085321619,0.9700057066283168,0.9664607353374022,0.9757926373492278,0.965776788213425,0.9545587445214972,0.9512774372504926,0.94738386112242,0.934076148195243,0.9196252176963509,0.9070312239087905,0.8647638505074157,0.8689314481126744,0.8179048810766204,0.8317268510015083,0.7656840942382754,0.7908193745502902,0.8317680154317896,0.7977995012621301,0.8097039156204459,0.8086846917206992,0.7777423014466127,0.7865014142303909,0.9217584514725216,
pre_model_seis2_20250809163915_584.dat---0.9956868710551597,0.9927471127422804,0.9947809072464021,0.9936071243862831,0.9903253455972434,0.9925850803101571,0.9894367417511701,0.9897886567021373,0.9924113469510647,0.989800370211664,0.9915907709241746,0.9922336344644974,0.9912175266932944,0.9953328206414056,0.9945587550936105,0.9958617951053625,0.9988156015930743,0.9968314041693984,0.9978660344108382,0.9971189380274694,0.9907104602825457,0.9889502412664611,0.9942663373433467,0.9870497575541304,0.9829473688327968,0.9829840487890651,0.9845161520331709,0.9669967427603545,0.9733286822211709,0.9568750311635654,0.9573107111240993,0.9538380434540422,0.9325796757402358,0.9384382664439025,0.9377588874442323,0.9426366371415789,0.9348920096019417,0.9509935604666045,0.9445596420311685,0.9410760960005844,0.9484670176084812,0.97716517578976,
pre_model_seis1_20250809165442_460.dat---0.9890841423606361,0.9933689828391215,0.9957940460144575,0.9940776241219266,0.9919619351572131,0.9930087641009558,0.9937478322417546,0.9918781307034563,0.9943842406862262,0.9951916565322312,0.9968415912384656,0.9967341614081757,0.9976408188400938,0.9958604872671487,0.9904856798276432,0.9920739722136673,0.9907409380093464,0.987247744267597,0.98505488374761,0.9852801563648859,0.9759216051830741,0.9595953203880423,0.9517563822257165,0.9501736500165677,0.9348935219833691,0.9466478584250003,0.9512216144566169,0.9231098157795623,0.936654554934291,0.9170727829729904,0.9340967926537115,0.9412863548712728,0.9307915929867484,0.926855073740722,0.9215079947280269,0.905487435682831,0.9217182022747258,0.9214887925120502,0.9344298916396713,0.9464572553718275,0.9493901502349409,0.9641710836830335,
pre_model_seis1_20250809165430_505.dat---0.9762293207780467,0.9883164694177103,0.9905673739141624,0.9884827339434101,0.982899518060897,0.9836690878791248,0.9792409163298433,0.943908687686925,0.9584280415760308,0.9565186470357138,0.9507516611640895,0.9466138601662853,0.9525735985038976,0.9251082015093401,0.937757859350103,0.9493374890231228,0.9727099341318043,0.9571844092835106,0.9660061259008673,0.9495446035320374,0.9593115610998184,0.9543563462114582,0.9505595624483459,0.8944930081925361,0.857899614360991,0.8612067978455682,0.8216053750623418,0.8183188184336345,0.759445902608417,0.7219216634081675,0.7867870786716198,0.8023278662952833,0.8405309855318653,0.83018926298492,0.8603906201291449,0.8965247497161608,0.9074675085188078,0.9155009424253074,0.9012496130776008,0.8845832805996886,0.894514932369196,0.911586195833605,
pre_model_seis2_20250809163927_528.dat---0.9418144286091306,0.8890952907635569,0.9242748311764996,0.9130033254399357,0.8246123894829765,0.8728056694489711,0.8472152129852885,0.9547762461683218,0.9703077180707627,0.9776654123414282,0.9790184588851549,0.9910074639553951,0.9933944318141247,0.9972184468844502,0.9940643291973058,0.9921993482184214,0.9907719814758551,0.9917163879767913,0.9896459081404247,0.9833898660525899,0.9834013164837145,0.9787898101612766,0.9851263275458221,0.9840518574532585,0.9800008091414555,0.9809041796805177,0.9871502285643203,0.9887467802973797,0.988556780332957,0.985541520415687,0.976805587035112,0.9574076830500934,0.9540493453490168,0.9553965763306217,0.9726949527840761,0.968681453643918,0.9560762426326619,0.945275725030002,0.9406385768996941,0.9454272637695975,0.9049525023288115,0.9594554308784724,
pre_model_seis1_20250809165454_377.dat---0.9925444852960082,0.9822518411909829,0.9806549228135557,0.9852876447223352,0.9919992232528058,0.9880987325056246,0.9882420343151415,0.9879688052566578,0.9901941504950379,0.9860285824070846,0.9834760549563807,0.98770114463654,0.9864393805689639,0.9887733211723633,0.9909733945419973,0.9940044491086178,0.9961895423616067,0.994348442761371,0.9904976581550594,0.9763439219254635,0.9757626237159851,0.9789283586032558,0.975403882113638,0.9763270884839427,0.9877582342771541,0.9823615117911655,0.9849877662606664,0.9844253330049109,0.9712674069410445,0.9716422635748593,0.9561805389970459,0.9640972546523603,0.965086896692841,0.9667016323930061,0.9574709268626055,0.948488440215111,0.9654472271848694,0.9666648094237966,0.9632436811166606,0.9347284631727486,0.9299502301192083,0.9772912756595235,
pre_model_seis1_20250809165436_741.dat---0.9674384591905404,0.9761246893446709,0.9627245175164467,0.9733425324625338,0.9804237554751309,0.9737861305103703,0.9807837936254051,0.9731184498393588,0.9744541833571264,0.9713368778550734,0.9826460236015073,0.9827035565403245,0.9712243406187536,0.9835028918585801,0.9810312979910225,0.9789863565463294,0.9724723738929655,0.9647268250381599,0.9665964523436075,0.9523529930933233,0.9733701661916878,0.9798693582640425,0.9612091091941555,0.9623436231644666,0.9647194479411321,0.9676532977998121,0.9593044084253901,0.9339354465674865,0.8861812464653959,0.8939215646409926,0.8503979358776154,0.8710600993198476,0.9081357263806563,0.9260981395911972,0.9174570582316981,0.9459824973242386,0.9407175470105524,0.9437888781266391,0.9411889635736951,0.9449797312025426,0.9569632838361444,0.9536354641422102,
pre_model_seis2_20250809163918_614.dat---0.9505412626845406,0.9592908298717219,0.9179357792943103,0.9364991069450708,0.956707498664923,0.9495273960291423,0.9539949995593,0.970001273672979,0.972366602435142,0.991431147817684,0.9943236208089147,0.9934070911790721,0.9873082684070881,0.9889862925732352,0.9898521460162701,0.9852914378603669,0.9894753724041339,0.9873323105105588,0.9728471471628223,0.9755376175847684,0.9719132233187004,0.959540832536894,0.9650770112328639,0.9609653980336103,0.9398972554897707,0.8831170785527385,0.9236636052118433,0.8804323632422538,0.9152656249736154,0.943998586652966,0.9352234307852018,0.9275019847563389,0.918727530957036,0.9257814940291512,0.9031873332386726,0.9204068435652505,0.9207630368648241,0.9289446372443694,0.8872066171022569,0.9002189619259094,0.8858291300664198,0.9468370532015302,
pre_model_seis2_20250809163939_889.dat---0.9724633947558576,0.9571008753506466,0.9801637249515798,0.9807321493239392,0.9913682217863272,0.9921976988450426,0.9913517587985649,0.9887627556807677,0.9962990907578885,0.996975059307845,0.9919989562832388,0.9958011219376371,0.9980550358063667,0.9914418678326616,0.9894524567811237,0.9863192512371859,0.9796493685344737,0.9733844393376954,0.9717739411475443,0.9787423430088487,0.9780579861776157,0.9686323328947202,0.9753649598940259,0.9729521553866177,0.9811401253023625,0.9739402878141974,0.9719047091715891,0.9775627516355748,0.9769316205991037,0.978331868692263,0.978605984938828,0.9773746455483515,0.9789260001192194,0.9814337204073692,0.9722671603083567,0.9817298203683408,0.9771159315790184,0.9809288350344726,0.975110765190626,0.9810332740550771,0.9812858776091421,0.9810893737607832,
pre_model_seis1_20250809165448_615.dat---0.9671231357593448,0.9453165342183658,0.9687483253431182,0.9579482714174336,0.9221603178434582,0.924687318896244,0.9088431831422263,0.8849566141867699,0.9174092634132477,0.8685288024703617,0.9040870538812753,0.8887904115186439,0.9683898297620271,0.9899898838204257,0.9917523613315861,0.9882381722228561,0.9812937199564383,0.9669065612513208,0.9583627299448911,0.9600359675052514,0.9812449943172753,0.9764705581082284,0.9671529051016904,0.9730590762439971,0.9677659253455959,0.961003415285479,0.9667978009946866,0.9561315782788573,0.9522969940258649,0.9509601304871014,0.9357374571622968,0.9342081502489444,0.9487099144299859,0.9437359580483445,0.926271954904809,0.9074850419606989,0.9405563931685633,0.9473218647342282,0.9288370873499767,0.9432961831521742,0.9504855038381522,0.9469048132944448,
pre_model_seis1_20250809165457_353.dat---0.9890662795410338,0.9872348187372607,0.9766770506788638,0.9931828222941737,0.9920509269622416,0.990057307276748,0.996823659981344,0.9957094609927054,0.9943003838982806,0.9930602094139562,0.9921877229617521,0.9882673530610129,0.985120113185725,0.990014420787589,0.9870330906364646,0.989457161900668,0.9891715303620828,0.9836402432908188,0.9695537547675032,0.9650831553143374,0.9533286165981599,0.9669632698213642,0.9561737943064582,0.9507953123354806,0.925706118572815,0.9188979965033809,0.9046727882294363,0.8938382182649859,0.9069045868788926,0.9173718803897007,0.8929964023156229,0.9045962591308395,0.894269193514008,0.8897688510177689,0.8599401493648511,0.8572267112022253,0.8512630849021475,0.8247661096756452,0.8249054300404164,0.8228035514436799,0.8156571390148275,0.9385496812089577,
pre_model_seis1_20250809165433_64.dat---0.9443401395855787,0.9713489761091028,0.9378672981650021,0.9676760943291315,0.9421842847936053,0.9574210452757039,0.960840979969156,0.938220318945385,0.973644754415656,0.9761714580737608,0.9815457055442871,0.9825519093647405,0.9913311264934077,0.991163280845829,0.9860359113546048,0.9885212342732349,0.9857590080640551,0.9877242803681071,0.9936132919083565,0.9932157233511469,0.9835223069973106,0.9873592014332022,0.9837050516986562,0.9787686296240786,0.9796317579579454,0.9817966151474172,0.9712876262631701,0.9754530928566549,0.9812737001422408,0.9787018750862552,0.956988615099471,0.9470244382092418,0.9391286169181933,0.9278150362083092,0.9132908381640745,0.8429068438445726,0.8305242320724752,0.8823777401062662,0.8847108839063036,0.8429947076576161,0.8888674226948825,0.9538855134955655,
pre_model_seis1_20250809165451_557.dat---0.9729244269550306,0.9726073354389275,0.9647596223163467,0.9520214855786622,0.976720831865554,0.9799721403864899,0.9777549429786335,0.9902775840167365,0.9884630865685353,0.9931258402462598,0.9913980614974297,0.9883704823596272,0.98554654761798,0.9799717372947935,0.9873116235920384,0.9895938403347108,0.9867928146828218,0.9752664080087188,0.9828349457840266,0.9765938945946296,0.9575538764275592,0.9473514404813311,0.9387006957347016,0.9501013786493352,0.962476301072846,0.9181982610858398,0.9266959095539774,0.8994338355117293,0.9311761761432021,0.9213567029518801,0.9365728355470686,0.9394734935842676,0.9485689513539539,0.9493722782895451,0.9481241245048958,0.9393045573648052,0.9411991197822605,0.9508095475035453,0.9445887819140497,0.9429131789914219,0.9423644799185896,0.9597230141093847,
pre_model_seis1_20250816100540_83.dat---0.978966399537239,0.9928698185429002,0.9807142855677006,0.9879927694953118,0.9849494652552705,0.9784493951326891,0.9805430184314203,0.9688738665910213,0.9743584828327898,0.9757304085269004,0.958669440960344,0.9732116156782603,0.9622532776493162,0.9740950410945877,0.967646053769475,0.9840338636093755,0.9636713690780798,0.966895339298056,0.9635701022939245,0.9852038405290823,0.9810151096334796,0.9816111170502938,0.9756308530768456,0.9808246108107578,0.9826400749098957,0.9847152394922375,0.9878811732027829,0.9902703774276878,0.9906432677664125,0.9877167144624504,0.9915424628694184,0.9895754816853665,0.9864031423486704,0.9836793245715791,0.9807893507352616,0.9777984321032279,0.9793228745896501,0.9809964795466759,0.9859039716553187,0.9878171503455915,0.9894276464377882,0.9799732367950034,
pre_model_seis1_20250809165439_700.dat---0.9192037625727707,0.9733905797992486,0.9580860994674719,0.9418892024402297,0.9588065733967198,0.9728543579764092,0.9610947452138768,0.9622954026112014,0.9593283032008091,0.9696004710569385,0.9755131502058991,0.9663056300383631,0.9527501259118389,0.9659758812016609,0.9606949451480865,0.9524838134150632,0.9333205232353713,0.939524767923583,0.9343983936991913,0.9030988736930413,0.8886291128129712,0.9135597625648819,0.9449011287859039,0.923653075313384,0.871840432262845,0.926094254153351,0.9040711663998608,0.8927461070366179,0.8844574660100303,0.9067093937994315,0.9085831007497609,0.9170042693989229,0.9169406355731574,0.9110605104331874,0.9233554401240639,0.9277369689360154,0.9279887467962445,0.8982428866068894,0.9424181324160456,0.9473842872462775,0.9542236832333566,0.933956491777097,
pre_model_seis1_20250809165433_23.dat---0.9855970969950287,0.9734416963950998,0.9812551310988292,0.9751444154308595,0.9624922528142257,0.9525325623274014,0.9556315506666239,0.9485525900080575,0.9446549030191667,0.9140221741902002,0.9144937876549841,0.9482062161208208,0.9674293055034574,0.9780362483741825,0.9853326025723729,0.9879351914542422,0.9892791936912909,0.9929443468679401,0.9846324893539377,0.9796189541622504,0.9576365691399915,0.9314768201118317,0.9436468008882667,0.9225876448544296,0.9092405046467887,0.9275051852978594,0.921832433036701,0.9138413085322449,0.9209219877618788,0.9297561774647851,0.9370137092162839,0.92694494589519,0.9574230637212764,0.9564933471159506,0.957438069432403,0.9559475942347233,0.9824566697738378,0.9833977711804267,0.9748620345096654,0.9765452885204043,0.9647493655197664,0.955437804867212,
pre_model_seis1_20250809165451_853.dat---0.9848767452649864,0.9868830744176588,0.9865641824410658,0.9836185085398775,0.9925335634552409,0.9952021131872822,0.993587920336823,0.9899471917552369,0.9954498778252895,0.9932987449364843,0.9963521035816048,0.9928552334070023,0.9956198065769633,0.9925571564903941,0.9916014873629139,0.9913220614917337,0.9895695926189102,0.9893441676466567,0.9920482169599757,0.9906670221803501,0.9924046344229054,0.9927896623911903,0.9960262067996755,0.9913794755549005,0.987224820975908,0.9811021598568419,0.9796849917718659,0.9762525586637106,0.9711226898824684,0.9713005236184582,0.9549220562499805,0.9682268060734237,0.9629436054858292,0.9636160191125784,0.9620286403307253,0.9549810476182535,0.9557100796913514,0.9510884446924169,0.9594133549372669,0.959989857162629,0.9688907505160275,0.9810974916167035,
pre_model_seis2_20250809163924_327.dat---0.982684806767485,0.9874551189382212,0.9707702939099837,0.9831486930098946,0.9881128490360338,0.9793763210072668,0.9747124008864398,0.9791102390461868,0.9810931722522075,0.9810571175657721,0.9837766929686463,0.9859692629860279,0.9799732507734186,0.9781174440996082,0.963722970094213,0.9666013907020312,0.9717783673757596,0.9528766906306849,0.9472878403739006,0.9448501846588993,0.8991760090787299,0.9064243351381472,0.8833035037034068,0.9076655273271934,0.8966012033146956,0.8938771889160607,0.8983253402127274,0.8486170792073979,0.777423568714014,0.7673985285746889,0.6774093422453452,0.7635692759274154,0.7438378677054267,0.75002062057533,0.8384904982541503,0.8793057857374146,0.8934699039899561,0.8955158179758654,0.9005651875771363,0.8480393248432211,0.8104219483011659,0.9063886088878577,
pre_model_seis1_20250809165457_769.dat---0.9859450202283179,0.9892846842429966,0.9858482165451116,0.9809608607758354,0.9821657237930678,0.9834078214609127,0.9847166392576865,0.9681849526967441,0.9761135163371831,0.9875653454929869,0.9819908738758174,0.9763976782983723,0.968101715056491,0.9589579213713318,0.9763276413799886,0.9792535536564619,0.9868776080242389,0.9864782442188145,0.9867086769284419,0.9851016304003593,0.9861688541407271,0.991561846177053,0.9921312204928253,0.9828448805288242,0.9868838118046186,0.9878446770413172,0.9835995161127806,0.9892746549539854,0.988075855866894,0.9873744792841842,0.9887584042364378,0.9849543649392598,0.9875273125935996,0.9868180473179791,0.9865547902532502,0.9884309607703613,0.9868585241005953,0.9845490342178913,0.9862572590882003,0.9896544260038778,0.9890548681950009,0.984038197857581,
pre_model_seis2_20250816100724_46.dat---0.9806146833976146,0.9703859055768129,0.9808223001538469,0.985529545432064,0.9852376660876707,0.9685576474850053,0.9715318419547881,0.9790169496986306,0.9678314542146889,0.9795494133550544,0.9840509875955543,0.9873659038434296,0.9867698518925626,0.9849637978590498,0.9890608675360267,0.9962598799853345,0.9958140487386246,0.987491863572541,0.981797395901278,0.9721402011748793,0.9812839895309785,0.9770687368896794,0.9788940675622209,0.9696054049587159,0.9712159060163207,0.9733392714845759,0.9581908530370497,0.9579623160451175,0.9618859752050587,0.97179218035376,0.9691592873611162,0.9619538326383263,0.9593166602058986,0.9602948361963237,0.9451719374467178,0.9478887213617444,0.9450133083207809,0.938316518994338,0.9146000619364112,0.9026039835071217,0.9064582368382467,0.9679709339352673,
pre_model_seis2_20250809163924_617.dat---0.9821386022397643,0.9741715265626818,0.9740835874210174,0.9900377226724174,0.9867383785746698,0.9905141345614961,0.9920797646163863,0.9928970102439607,0.9923957651003665,0.9917787630139311,0.9891884750081532,0.9875812764530312,0.9872236105857553,0.9884516134552838,0.9923987265241234,0.9967718026267987,0.9911998487688776,0.9857872222631513,0.9833504515089436,0.9758199417627258,0.9812807594423768,0.9837041997779353,0.9738423200263917,0.9808881407799104,0.9782515817194674,0.980910853554928,0.9634027931776664,0.9646546047733929,0.9712773970608036,0.9831282954097406,0.9756603136957308,0.9848458224446014,0.9842315008372896,0.9787482649927984,0.9813435928727519,0.9766167618026456,0.9830485026792266,0.9757446704212354,0.9806651992509755,0.9675742764977697,0.9787866163077953,0.9822735290607069,
pre_model_seis2_20250809163918_53.dat---0.9892258940694787,0.9878143645044668,0.9833403466896422,0.9913798290182445,0.9854798979159328,0.9889935937531517,0.9896867342129001,0.9925887896497999,0.9909695560822688,0.9858942463396357,0.9735027491202145,0.974597174957599,0.9774263085613804,0.9694093400574282,0.9536468234074654,0.9610916152244522,0.9793396831305832,0.9825089144009199,0.984577969798117,0.9781624734122946,0.976795548327894,0.9852408398156243,0.9772144288560431,0.9742036141397439,0.982462322551036,0.973771543695253,0.9749341343211614,0.9746611558720307,0.9836845189907257,0.9883056793751231,0.9945122764522529,0.9950585666806268,0.9939803193203329,0.9871525682753591,0.9773572645976601,0.9706039130037688,0.9550033508130605,0.9633441662012353,0.9776826554920515,0.9798394379821525,0.981158094704321,0.9801610415554494,
pre_model_seis2_20250809163933_380.dat---0.9867694029545133,0.99187577705384,0.9865148553622376,0.9926564197339393,0.9883750477110981,0.9851362917324694,0.9892719765571564,0.9839242921799676,0.9853202256604168,0.9870097243054307,0.9886583941679166,0.9903647696876587,0.9921208018483482,0.9898356914595382,0.9912366690856224,0.9914923110075831,0.9886645266073025,0.9911592120706604,0.9800707307713462,0.9821486064277686,0.9773190845168864,0.9779285794738901,0.9814556086299641,0.9965966799585222,0.9895312045689537,0.9851328129185934,0.9753826463612003,0.9761951937632977,0.9630659733368865,0.9551611447254849,0.9485466346526022,0.9047475249351296,0.8761536492696962,0.8251751161867993,0.8645864459465364,0.748569532339463,0.7606659261633965,0.7463097808048611,0.6871591703143605,0.7141708664661645,0.7973956668330345,0.9369232919158667,
pre_model_seis1_20250809165457_872.dat---0.9472782985654945,0.8556370650706887,0.947079323548754,0.9448010225933072,0.9287683976714985,0.9503995983047089,0.9075614147899908,0.9438441036735099,0.9528540187792893,0.9452643612928819,0.9144077139999248,0.954052758346123,0.9511015144957952,0.9617819319972254,0.9678620815622581,0.9801816234641118,0.9740557925743071,0.9680109310079272,0.9621591830304851,0.9509345155632709,0.9309115763366648,0.896061018584675,0.8971658018954153,0.8925841468626311,0.8941877105649635,0.8955119313049861,0.9027978523651567,0.8668443816590772,0.869150612997892,0.8577614844831515,0.822732309090029,0.8352376560341069,0.8681357343888543,0.8271166377822693,0.7980764400879339,0.824715874996026,0.8668870724530695,0.8671656095437026,0.8955658036583894,0.8466970625741618,0.8733469908510005,0.9057729111913589,
pre_model_seis1_20250809165442_579.dat---0.9834255686098498,0.9810966959753558,0.9838653088096148,0.9747305074550141,0.9746232626725396,0.9669729652441431,0.9591179951873032,0.9562369159614686,0.9186229437297376,0.8812704588738849,0.9368589830081537,0.9466808712141384,0.952927510244779,0.9477340038686908,0.9614741791139787,0.9681273781626785,0.964418318725828,0.9697739405722334,0.9682058710349832,0.9689514353693103,0.9576932746045334,0.959328923056051,0.9619005942519363,0.9676136530820953,0.9627740701188976,0.9622822712662514,0.9818149074975129,0.977906920470419,0.9814214090901258,0.9759717584612186,0.9669208782601967,0.9589351213967723,0.9389138468692803,0.9447698208682896,0.9465836461778776,0.9485761134286584,0.9442048249993292,0.9473415831793426,0.9461884019514322,0.9448648165300171,0.941078043341901,0.9581024388472152,
pre_model_seis1_20250809165448_213.dat---0.9816472957160526,0.9836743461355895,0.985270789465381,0.9900932233684181,0.9896156789061598,0.9903676295205714,0.991634745248805,0.9894995485839705,0.9885591730873222,0.9874277004034594,0.9859564550680076,0.9827146741954546,0.9814417696067372,0.9721651274777914,0.9809262782120234,0.9847040703155874,0.9871649328465743,0.9965963837260994,0.9912257644805225,0.9866130462270359,0.9843124322141187,0.9743626975259275,0.9648604059469097,0.9569171053053547,0.9742559538147962,0.9718287526609272,0.9738207004001109,0.9728029907188323,0.9720567650090807,0.9641003370018457,0.9614356131413803,0.9515853698878788,0.9481401974811778,0.9401193078680773,0.9618196621107161,0.9154842155298202,0.9456051367715955,0.9446891866183259,0.9354169468400686,0.9547269148526497,0.9569841687351025,0.9720152071469822,
pre_model_seis2_20250809163924_271.dat---0.974462809631673,0.9460227165248766,0.9791865352597939,0.9715056086167239,0.9724832767531277,0.9557288151723403,0.9448662830712434,0.9409015556422072,0.9450716232419225,0.9161213802447472,0.902846249679624,0.8594130119540743,0.9244955495562203,0.9492316210471767,0.9824357874874915,0.9706030020664476,0.9609511370847703,0.9218023402436776,0.9240163834148312,0.9049546905849373,0.8908710482397858,0.8811239973629316,0.909504924169388,0.9030491851622403,0.9261881895810811,0.9185886704977387,0.926462796951179,0.9426699831188831,0.9303332679346427,0.9458405546902577,0.9438498654745302,0.9501071721564411,0.9371162467890256,0.9514519627036663,0.9442713072684463,0.9483047935913583,0.9414221735765725,0.9436636101251941,0.9730282141452051,0.9812482192250681,0.9703439341466402,0.9391839144923941,
pre_model_seis2_20250809163927_849.dat---0.9471110575472232,0.9524991989089823,0.967484622815427,0.9663117158875061,0.9636042370698747,0.9352007157982152,0.9100785768988896,0.8575848997895333,0.776139436691749,0.796148644543151,0.7014334024641247,0.8283397322000448,0.8519374794933333,0.8687690516067729,0.8186598717280841,0.7614597135407584,0.874425313678322,0.8725362697832123,0.8842581892213978,0.9038334576413035,0.9393653951282789,0.9809734447363114,0.974260487304971,0.9622889067952061,0.9464960216366807,0.9335144660991045,0.9182252570609158,0.9450231359473552,0.9526033051161166,0.9637984074584041,0.9567086689695475,0.9562047798330363,0.9496053781920694,0.9529701790999472,0.9489943645316957,0.9488501429198634,0.9585626746493041,0.9459053115619368,0.9517009552379108,0.9452011033320146,0.9513314451688908,0.9126926687338407,
pre_model_seis1_20250809165430_481.dat---0.9866017214543454,0.9807845464391542,0.9715074124555054,0.9379875621715419,0.9238011081151114,0.9332188504238479,0.9048028796374111,0.8486829241676711,0.89037461393371,0.8827860363339596,0.90796875274686,0.9344314329614527,0.9291451486450428,0.9477212093967816,0.9522886625044106,0.9668478420232418,0.9666241269498842,0.9678063530424283,0.9641060062035902,0.9881886627386022,0.985926401922484,0.9801121304201436,0.9812227788631275,0.9652974306239236,0.9456598462925938,0.9573887488066541,0.9628851004881805,0.941277076230626,0.9373167000485884,0.9103353491792546,0.9325876653127787,0.9111573881674656,0.8604356325392202,0.8712340207233145,0.771421277678386,0.8118843271766424,0.8371853659967299,0.830340384883279,0.8422545482646657,0.8453947712417245,0.8633535244904909,0.9202523493096298,
pre_model_seis1_20250809165445_773.dat---0.9826682550262249,0.9756947384639357,0.9802316171453468,0.9730671569824287,0.968751024598846,0.9744431171153954,0.971665209497779,0.9517640163135777,0.9519696930271341,0.9509029609186251,0.9736895114163489,0.9886605727786645,0.9947168447730272,0.9946368953577615,0.987556434011383,0.9812328369176845,0.9697745468869307,0.9516506857095592,0.9573806973000566,0.9567495571972131,0.952741790247619,0.9516374474594017,0.9572224824916595,0.9183124972589266,0.9500292253069202,0.9461931303375487,0.919272945585709,0.9207346987837192,0.9248881962176247,0.9312435388592503,0.9556581863305185,0.9257553311655791,0.9039662630031187,0.9222121768890787,0.8647902455979567,0.8275378708505414,0.8326657975737247,0.8633865960976661,0.8983833112754083,0.9222765726703455,0.9211081178902263,0.9426151900812312,
pre_model_seis2_20250809163918_259.dat---0.9808480664892172,0.9906443726777004,0.9856398588186914,0.9892384157152881,0.9899868868587288,0.9900473721991988,0.9915790293234801,0.9933800674070696,0.9929088130742107,0.9914059759039734,0.9963304707827083,0.9946381825733088,0.9984717798570275,0.9986242740732295,0.9985095984903035,0.9975229684252369,0.9968062818047352,0.9983488433217483,0.9987526557871608,0.9949993789158855,0.9940807797355578,0.9958025504552505,0.9930592489187734,0.9850465790241552,0.9829700283021581,0.9876527683045335,0.9927259064167758,0.9892233604288609,0.9930833392450245,0.9937665369137102,0.9913540390044103,0.9924023102260375,0.9897100265352086,0.994118144474777,0.9923147245073446,0.9904944350107201,0.990647198988187,0.9837786009691043,0.9822362772939425,0.9828547767675686,0.9752973152006805,0.9912512741273577,
pre_model_seis2_20250809163936_110.dat---0.9459992483956132,0.9594831301846211,0.9784914960189668,0.9727365551041752,0.9747191783465068,0.9709065295517318,0.9855538540591864,0.9908637555123984,0.9855393381801891,0.9810171562813635,0.9955583358361778,0.9943530125203559,0.9983156315373364,0.9989454436141126,0.9905357552346804,0.9873276916483392,0.9851609057662475,0.9855687527132464,0.9897061373044103,0.9930893127966933,0.9920827375320884,0.9951460617559779,0.9932996304279281,0.9910111124044467,0.988398984819322,0.9801710874309658,0.9804329433941177,0.9859047555348595,0.983789734049806,0.9708847136147568,0.9783279431669478,0.9814776733401714,0.965709222001141,0.9716677526336348,0.970604260991924,0.9729459288637603,0.9731053788906007,0.9681330426289727,0.9619566288890025,0.9668330235209952,0.9671045410750244,0.9805575214042147,
pre_model_seis2_20250809163921_539.dat---0.968410725043457,0.9635447522920055,0.9663760732235228,0.9587680796206429,0.9684715320474258,0.95336428795165,0.9528044820789916,0.9412925735728166,0.9250964311544244,0.8964753034636372,0.8675940070198397,0.9679591754376449,0.9670833785855754,0.907766983439624,0.9069492246059108,0.9695421768746266,0.9601294176208557,0.9588280451008772,0.9515834551919174,0.954515340583882,0.966716219204293,0.9638419181684329,0.9651418648789268,0.9582026494520219,0.9353411979661654,0.9201595860668411,0.9592219255929081,0.9681832876085399,0.9667694695375608,0.9536334791223245,0.9398142163514867,0.9385762670555233,0.9449538695217794,0.9541850047828399,0.9551544756279016,0.9634260302271035,0.9499058298874974,0.9612578905743863,0.9615843243639626,0.9541182299071379,0.9480285404064267,0.9496285785661802,
pre_model_seis1_20250809165439_162.dat---0.9905914969881722,0.9933973067861187,0.9900324268169656,0.992924063491766,0.994183429040274,0.9944411928385584,0.9911633606275995,0.9898879245218534,0.9824945851114804,0.9726056422752445,0.9769907698011008,0.9758958282049394,0.9699913114376302,0.957605836722761,0.9441770602812751,0.9353034114961777,0.9715409083278911,0.9806728852970314,0.9791830725445145,0.9895179331869783,0.9951989776149285,0.9970280890351869,0.9938301381878666,0.9884444536845605,0.9767611225057226,0.9664462626687255,0.9719139200244409,0.962509669770081,0.9658755906303387,0.9743723523884242,0.9761632037629512,0.97536492043609,0.963705558292826,0.9715058915255008,0.9640900553858394,0.9488061357697274,0.9519595298990295,0.9459633957282636,0.9467771515147336,0.9435909643065704,0.9461894122375215,0.9731487131992113,
pre_model_seis2_20250809163939_30.dat---0.982763183439737,0.9833865701694292,0.9811112531425787,0.9728584151099768,0.9614239630532918,0.9641059333181985,0.9689712207107037,0.9596021740429559,0.9493107688499318,0.9438175379835169,0.927459995147198,0.9537654913254394,0.9385929881904777,0.9572790344987735,0.9483393390790468,0.9789764253390222,0.9909514223599152,0.9841915568240815,0.9722549211961635,0.9538225697617796,0.9681352013481579,0.9710252413660014,0.9755763354975752,0.9699087011239752,0.9781529345375224,0.97105853866844,0.9650282046249294,0.9695902344536543,0.9553373651129183,0.9655973777425046,0.9319591997078016,0.9351554906586655,0.9075400720035934,0.8945417166883568,0.9016412221606303,0.9206876073746708,0.9193286475786787,0.9132840863715302,0.8829299813404806,0.8584918797302892,0.8713412028343657,0.9487633171821211,
pre_model_seis2_20250809163927_806.dat---0.9814542381979936,0.986445045445382,0.9854006714154162,0.9941763123904722,0.993964124748704,0.9940346599990945,0.9944442600216428,0.9938569271943214,0.9949995314132973,0.9943278251924771,0.9925917293801794,0.9938831493033485,0.9925113506783921,0.9933508460791651,0.9951747554822516,0.9968820407171018,0.9957742964864666,0.9942004243675812,0.9942280771906403,0.9939980866019898,0.9917044275203587,0.9898335209300713,0.9833899128731507,0.9788055118667727,0.9686856535397244,0.9657095953333305,0.9425189296609303,0.9247153159588949,0.9108542560885614,0.9099344691540134,0.8626111730816509,0.7754891446711005,0.7307404469163157,0.6665883206322041,0.6566326713552711,0.7624009111535859,0.7853038466259714,0.7832376927017543,0.7559200288414722,0.8572808634862209,0.8721616241017232,0.9251272358243656,
pre_model_seis1_20250809165448_369.dat---0.976762442014737,0.9560250888234756,0.9757932354957983,0.984117702966415,0.9850537054994084,0.9886674402044244,0.9899421980714294,0.9887464577945673,0.9889649461810396,0.9867728812571472,0.9824679726892985,0.9944670090941766,0.9951175621483576,0.9957316807848259,0.9972043254787221,0.9983178484706128,0.9921859735021817,0.9862713907527185,0.9867792748738526,0.9960842451901759,0.9918036627605599,0.9891908540149515,0.9889685303079065,0.9884028403052396,0.98626490408452,0.9841058858182021,0.9806307087620264,0.9769614260918346,0.9760157754209735,0.9702613556530277,0.9647451444444146,0.9590283266286048,0.9699394545265696,0.9632652898216869,0.9699362629199904,0.9706252401104805,0.9734827025114055,0.9774508506709655,0.9656100872394788,0.9704556001753558,0.9716291875279519,0.9813231090509633,
pre_model_seis1_20250809165451_437.dat---0.9799607163351719,0.9811328415333421,0.9756969964264204,0.983382872249447,0.9631922036415729,0.9775058332542161,0.9798963035334076,0.9751844579337319,0.9735050744090143,0.9631274588006595,0.9633191714351114,0.9616609280475288,0.9701890989563541,0.9754313607828582,0.9844006463270152,0.9877263383204135,0.9865604842742448,0.9859263905163246,0.981156866242529,0.9584449212341466,0.9661908536410287,0.9649676311046784,0.9275849598580899,0.9242590642404805,0.9083643851532638,0.9204818888044362,0.8937251244793374,0.8965654272785031,0.9210309864691305,0.9140819337094392,0.9018437460902361,0.8700351948321952,0.8641939019772588,0.8727294099330194,0.8462146401120647,0.8795139045846552,0.8270187091207453,0.8344568570963949,0.8586552134681485,0.8890455962705561,0.9031355767156624,0.9339389260778739,
pre_model_seis2_20250809163927_742.dat---0.9829159729274882,0.9887446125255809,0.9830277814275263,0.9893836346990638,0.9866763091938952,0.9838056413284944,0.9755163563673089,0.9640802426528492,0.920517232294507,0.934444094749141,0.9109010613525189,0.9306231131159007,0.9291573798570213,0.9247067817830068,0.922818468629683,0.9731268624957655,0.9545964163030894,0.9491357007212825,0.9548779097066824,0.953222616444226,0.9470650870646965,0.9138968169574883,0.9229868687343901,0.9239816259369787,0.9253129592273919,0.8970280094178893,0.8928884989511203,0.8585985640971243,0.8817199710811306,0.911240082222474,0.9040446951133172,0.8865318280544185,0.8899742446184344,0.8973131974225035,0.9201562471584305,0.9040770393719797,0.9123792375564265,0.874963953816626,0.8855712737027378,0.8727994714142238,0.8749886066884828,0.9270682065166657,
pre_model_seis1_20250816100519_56.dat---0.9808388067676088,0.9719429405486476,0.9748733254767694,0.9721736093644014,0.9540962521466809,0.9585268867698205,0.9721112347854247,0.9701245500121886,0.9592174350764229,0.9859108558251004,0.99091920509271,0.9899322580970702,0.9957207101306745,0.996467951893559,0.9979206369841148,0.9993943039242079,0.9969972823109782,0.9850848459294629,0.9728310359161378,0.9759816204339807,0.9544495222264219,0.9650296835297065,0.9686552226900708,0.9528362580759627,0.9508587828530692,0.9586141174014428,0.9536083682948013,0.9452552100177674,0.9318670557403638,0.9410069529061361,0.940592933119756,0.9245786623042929,0.9088573025588192,0.9315477545165094,0.9497591866408499,0.9321881080043162,0.9634013602230264,0.9575126232598231,0.9633603724761078,0.9617701675124359,0.958938204581465,0.9637988682053438,
pre_model_seis2_20250809163912_557.dat---0.9924013235149357,0.9875084006839896,0.9886240336210922,0.9832632785506595,0.973268823172451,0.9834461287223714,0.9749446873276023,0.9741989544651452,0.9640264011913577,0.9666559566156958,0.9649838113548117,0.9698502955034882,0.9728541996703167,0.9753746743099084,0.9829013219961927,0.9798621033268834,0.9868958882523844,0.989857811192136,0.9890317061966117,0.9876830247105342,0.9865626115864822,0.9873137325035992,0.9921598610918353,0.9841565676962926,0.9845481844272638,0.9906096342397603,0.9878968038498694,0.9861425584754605,0.9862850549504515,0.9725095564546102,0.971822951693451,0.9760247359757057,0.9825049638345424,0.9852912935921408,0.9851161080208842,0.9869790914136226,0.9812079608916542,0.9847947163332208,0.9839783105289628,0.9829327227882488,0.9766270207431035,0.9815389576943835,
pre_model_seis1_20250809165439_251.dat---0.9813778813943487,0.965425718686497,0.9805963668573746,0.9814775305808279,0.9832331936756148,0.9742496495926887,0.9800344186418152,0.9824323059184092,0.9792608836749992,0.9910512856489012,0.9959689425369448,0.996348903622757,0.9871271367784894,0.973782301906243,0.9748736582559153,0.9837204378655651,0.994064981389073,0.995500275001267,0.9928416065411408,0.9923777198771145,0.9948733345046191,0.9950219299022686,0.989753516873756,0.9892478928231,0.9885613431181042,0.9930182329266873,0.9912561110958781,0.9895701445312635,0.982846973036176,0.9849094127967708,0.9864638853663171,0.9689833953683428,0.974063326716237,0.936074711654637,0.9397374537141645,0.9078639283902851,0.9083593152573295,0.9309532581668478,0.9414797155190243,0.9361167734643524,0.9452827755045665,0.974638600711627,
pre_model_seis2_20250809163915_897.dat---0.9437222346086066,0.9785221939092297,0.9560398039645296,0.9655180717913274,0.9625322376572581,0.9744227767736294,0.9612432700255498,0.9613977921232585,0.9758263860746179,0.978362672048484,0.9794299194642776,0.9756038287268609,0.995085294468342,0.9977453491776136,0.9984383993953958,0.994561695063482,0.9940800578076192,0.9940981466054313,0.9794780392661336,0.9781315648667941,0.9857668217857378,0.9870366227962876,0.9777669842390198,0.9568041350207239,0.9590218407707595,0.9753830090260566,0.9680894933497844,0.9742995891932272,0.9708624600827769,0.9745162918574303,0.9683643305342146,0.9546093552677701,0.9408241210801154,0.9222673099872065,0.9054412007081124,0.8961035538238094,0.9122606461053316,0.93447566722812,0.9315835443251445,0.9436509887446449,0.9472478233514809,0.9641613542218581,
pre_model_seis1_20250809165448_869.dat---0.9841920384181915,0.9824950347290383,0.9911423896009071,0.9813699946633543,0.9877012093296123,0.9947841725552377,0.991856239093248,0.9900184676151133,0.9898784182230853,0.9919738322748556,0.9901503192455481,0.9932640596252799,0.9948885388002859,0.9968296148455628,0.9987239081328374,0.9972340825330033,0.9963254564538678,0.9913246464372354,0.9826697640815684,0.9819640429005484,0.9763612175619342,0.9729830518232929,0.967388032067339,0.9376047538589979,0.9411399104928636,0.9248693096461607,0.9041548842000321,0.9226128788822198,0.9176508140030226,0.9179014357965967,0.9200663563929186,0.8796004458925485,0.9212777787971318,0.9498853729223127,0.9417275322884837,0.9517910212035726,0.9350965396359491,0.9182440271281375,0.9357597446107553,0.9069752974031222,0.9035304832309906,0.9598879784730918,
pre_model_seis2_20250809163930_471.dat---0.9305705021411512,0.9529281513931007,0.9427993817874047,0.946557093873946,0.9620885588768493,0.9342765543585073,0.9356490523688218,0.9099789723127096,0.9235367702356149,0.941968286698017,0.9122225131539132,0.9367634062898893,0.9553541229295994,0.9762304360233992,0.9906979663157118,0.9948849568135082,0.9938723003119878,0.9918973390772027,0.9923330260689327,0.9891623037192867,0.9811474986112105,0.979421995391581,0.9770903099164105,0.9796278212583346,0.984334244196649,0.9766175677415118,0.9824188770713281,0.9722708977357517,0.9662045441728119,0.9452475189749403,0.942812046228251,0.9593796718385971,0.9719766515498476,0.9700695486049506,0.9694266258990634,0.9730935720300705,0.9787154118318417,0.9626187735081432,0.9617481586042406,0.9598197996739671,0.9625189825559086,0.9626910295645112,
pre_model_seis2_20250809163924_149.dat---0.9779432858076526,0.9688851054625977,0.9579838308436566,0.9539658320717251,0.9676152200260677,0.9656493059959211,0.9547376863851404,0.9269553748369063,0.9026266166064211,0.9229323080620425,0.9669503562142395,0.9722656005655391,0.9943674799799705,0.9971733879211606,0.9950757856115849,0.9942611830402932,0.9920653992006663,0.9826328225257781,0.9840482061033126,0.9632434653767687,0.9624971187373712,0.9365222778524365,0.9323672580042118,0.9424031179699998,0.9168389139244939,0.9402969695509433,0.9342039013104316,0.9346463767725659,0.9264372060213637,0.9233822844552482,0.9252558603148423,0.887533724633542,0.8780856870484869,0.8987649421937045,0.9054622910588523,0.892163121722193,0.915274180367605,0.9281206698443767,0.9312181146139648,0.9292650280594187,0.9321994141949215,0.9442516271045954,
pre_model_seis2_20250809163939_816.dat---0.9270693311280342,0.937286058944626,0.951363461260059,0.9688385847727584,0.9377392699921844,0.9452540347670686,0.9282643123403342,0.9327259566899677,0.9052006414946646,0.858691556683632,0.8472914756442713,0.843297082272112,0.9438645476408523,0.973984987652283,0.9905823720282418,0.9903204551794267,0.989400076187065,0.987172961816563,0.9778733283597992,0.9428598651607475,0.9661133119404074,0.9563516766506186,0.952119064517698,0.9613804533848308,0.953816445283134,0.9500565072637606,0.9701818446844943,0.9652971150396941,0.9768708146606279,0.9794962540219789,0.9812927533767862,0.9821632981115354,0.9777195382559484,0.9748937410017704,0.9762138634330793,0.9709955456804352,0.9692346805884045,0.9784904865929858,0.9799670970306524,0.9636609214322431,0.9750835387781996,0.9546458368718046,
pre_model_seis2_20250809163918_471.dat---0.9808704655823846,0.964256882277869,0.9744701269983052,0.9799592574547774,0.974810609739944,0.9549514917051821,0.9459966998706056,0.9436552400118465,0.9182173885460388,0.9102249377131143,0.951178160012733,0.9680206645368012,0.9617261747675293,0.9297578101915975,0.9017961883097791,0.9665076752991356,0.9845843256638153,0.9556573659582533,0.9573263867805405,0.9172181952300185,0.9363146217223872,0.9461198871015616,0.9596081229626187,0.9152761443090374,0.9094395512657217,0.9271133563251778,0.9287280946406483,0.9012308033057218,0.899631984606808,0.9554255433976805,0.9525546314479105,0.9440664150696038,0.9427957735692263,0.9570533665258889,0.9675735984775812,0.9573594105956954,0.9602407508298693,0.9579805851965342,0.9552376015976293,0.9521803416234695,0.9533064296003384,0.9468395868493018,
pre_model_seis2_20250816100700_95.dat---0.9883062672568129,0.9860877162734407,0.9866538892332172,0.990332603268096,0.9937517170015494,0.9928366730452797,0.9935982634958384,0.9934286127865596,0.9928779944978401,0.9894031294029737,0.9891250279104307,0.9889220214349228,0.9872383403709113,0.9860448400891975,0.9914271837488091,0.9942772691264775,0.9921065808429933,0.990825742025984,0.9913000463515677,0.9929886333830188,0.9919821575066421,0.992337252038234,0.9851131428556074,0.9922448227202582,0.9887281156620832,0.992211439700783,0.9812678974978932,0.9876978860705627,0.9837717238317732,0.9758056263084052,0.9735340722812783,0.9796171991890296,0.9805067153594085,0.9696080407864711,0.9845553645622642,0.9879965496055596,0.9838570984931099,0.9833430165192099,0.9849313575199852,0.9863744908852096,0.9840581598459809,0.9873432848972112,
pre_model_seis1_20250809165430_425.dat---0.9645336293468494,0.9636770171850964,0.96200083403705,0.958177983920338,0.9054066206131882,0.917764843914622,0.861949818531302,0.8731419558018935,0.8790769481465586,0.9125758656019957,0.9111571007868275,0.9620165897530731,0.9784101917600649,0.9797130315302568,0.9790739213654882,0.9779353218584729,0.9856278678241776,0.9700767704662384,0.9067747497259726,0.908488584769557,0.9058321335822872,0.9214806009486396,0.9482003469149286,0.9494842718850176,0.9518042070770734,0.9511533314725672,0.9475101872951224,0.9372586581734028,0.9114526572900314,0.9077243911859105,0.8960290418111613,0.8445469747261349,0.8596905425880026,0.8632533433709306,0.8777814459418144,0.8766478849183994,0.9091718799836589,0.9348605305280239,0.9434189472677176,0.9467070323741006,0.9310045512303882,0.9261607953049839,
pre_model_seis1_20250809165433_194.dat---0.9797819314592705,0.9827074111259332,0.9731990395668751,0.9820025905258923,0.983698348877794,0.96349691010266,0.9734950883094575,0.9663612986392277,0.9723833121728896,0.9753661649525628,0.9743906388955299,0.9657360128833808,0.9858504201863505,0.9967121771523827,0.9951492956065393,0.989812187730691,0.9750084461174465,0.9752177802206228,0.9771772721058609,0.9852494847540033,0.9707401319584563,0.9713862446377033,0.9637713083319507,0.9678604993463085,0.9750550904398864,0.9761024963011469,0.9726383195046426,0.9652418060718586,0.9711468268148195,0.9758216922413352,0.9801222214880586,0.9771258586937538,0.986225932600516,0.9864636602487921,0.9852642281414619,0.9726674539440069,0.956844222887791,0.9609264317673188,0.9593746921018296,0.9729154769280806,0.961240818454495,0.975164176202185,
pre_model_seis2_20250809163939_753.dat---0.9651066652927686,0.9606886677467532,0.948253831606132,0.9804056651659968,0.9694453775197994,0.9773358887271076,0.9864558358362623,0.9856069031191136,0.9924852492825538,0.9964686819749701,0.9966124280744811,0.997347501430268,0.9961980223540773,0.9942962797190936,0.9926945702960801,0.9873321704400657,0.988623534624546,0.9904182001230087,0.9973924854590912,0.9956042290651909,0.9892645246870168,0.9930751222179119,0.9915528657590962,0.9887457868208105,0.9913185738700075,0.987462922442932,0.9865193727287549,0.9852983441132183,0.9901591229742994,0.9880367655151306,0.988101696948701,0.9853214591958032,0.9849768009332455,0.978963788588485,0.9807466827703277,0.9791551620551481,0.9756007728003331,0.9718828213958974,0.9700868186334899,0.9603622605507914,0.9519755597062803,0.9833507173796351,
pre_model_seis1_20250809165451_741.dat---0.9778844577211606,0.9887681852086517,0.9885557785440638,0.9842440176358573,0.9899155795456975,0.9853698160208642,0.9789318429103391,0.96672541198738,0.968411241609062,0.96852885949102,0.9681784204314455,0.9687733897595153,0.9763527004440985,0.9656846610762415,0.9875980591761835,0.9923447761839229,0.9976334647329431,0.9912923034466936,0.9918735648241994,0.9924653469972372,0.9763932339332847,0.9723517694952288,0.9720381525679263,0.9714677445889434,0.9748972785610246,0.9853881304469579,0.9876593481781824,0.9817966981065915,0.9848935066477578,0.9783903410492478,0.9771338516627779,0.9647446123990745,0.9681361386701015,0.9582040498293726,0.9676973202840957,0.9624243692579879,0.978559370057131,0.9759013206830303,0.9788911852676813,0.9818736993461512,0.9840313536274997,0.9783513500586983,
pre_model_seis1_20250809165451_116.dat---0.9842576761327398,0.9862361750856802,0.9776712732200179,0.9904194698134009,0.9871972867283156,0.9876716121846736,0.9908851066578025,0.9915952620076417,0.9899879601733478,0.9933930220715917,0.9934857731597665,0.9932300094970518,0.9933634388100521,0.9946699882596444,0.9978869485404819,0.9993745641877141,0.9977215290537421,0.996120849815529,0.9956844061338298,0.9920390943375937,0.9941193391496149,0.992500184078656,0.9874376999957396,0.9855657203205412,0.9835645433028258,0.9785308796476381,0.9869484926802615,0.9749020411198589,0.9845768512220552,0.971751461429655,0.9801172982022677,0.9801319133976479,0.972113718277622,0.9772324971935847,0.9655905958770051,0.9671793803171327,0.9633210436555166,0.9458059163898868,0.948239124586677,0.9511834178285697,0.9451078151371222,0.9821661312117194,
pre_model_seis2_20250816100703_8.dat---0.9489168607926477,0.9329256291196883,0.9475400903691199,0.9299809144026636,0.9503998519917821,0.9493850521345446,0.9592891643965207,0.956721916648484,0.9927503636869606,0.9934715068986855,0.988600242164235,0.9948523765705557,0.993824989245538,0.9916404161030891,0.9885552870108758,0.9915888441907375,0.9936192672737786,0.9914458148240128,0.9862857686699128,0.9867360697345655,0.9897753461231109,0.9866634440423325,0.9607560436164949,0.9465732369132015,0.9589262330976774,0.9488112614434149,0.9417092927982073,0.9488660457611765,0.9449170239236468,0.9543380982599874,0.9712725770457927,0.9725854151231152,0.9731400905958788,0.9630681057611732,0.9401010568102899,0.9250898307053539,0.9282219426095353,0.9261187310546527,0.9113228292907342,0.934759311354915,0.9381858421980422,0.961798345969686,
pre_model_seis2_20250809163924_82.dat---0.9873866746770819,0.9833428996534413,0.986065944545491,0.9868309132107332,0.9850885540504982,0.9800850362065747,0.9831235361575261,0.982896131855112,0.9846438491770213,0.9877016580074659,0.987953980622624,0.984493635991993,0.9810358351597838,0.9707331487422235,0.9784579727929197,0.9911824648318247,0.9892792365899598,0.9876275908818536,0.9763701684575582,0.9779265371366243,0.9653014345756626,0.9518676115561161,0.922767245706547,0.9477686828692978,0.9120838531396087,0.9509114926757428,0.959397859297976,0.9483543991897071,0.9693896830749607,0.9624456773106291,0.9319425155621247,0.9331025987448791,0.9302050628005596,0.9298655110580076,0.943889805293489,0.9477217974169534,0.9349858045462709,0.9338727501538595,0.9162348554205291,0.9002676337923873,0.8730257733039178,0.9594543369814031,
pre_model_seis2_20250809163927_74.dat---0.9476475275186216,0.9011853425014587,0.918481254568414,0.8482421403848185,0.8756679392735343,0.8075926097788872,0.8652604019835196,0.8856932606914506,0.8771074577360423,0.9458421279464426,0.9647523343907751,0.9863724356391136,0.9911076566311688,0.9828053611434546,0.9661337269460853,0.9720988304160385,0.9782459701187521,0.9622776222240652,0.9121717051649684,0.9010071893061355,0.8533197222864743,0.8527311117715204,0.8744723432960367,0.9240376021794807,0.8873394104996083,0.9215083304075147,0.9071527184447173,0.9210640990946428,0.9234050306477466,0.9331344293649677,0.9401929064513013,0.9308089808757593,0.9321282530697516,0.9346276012183472,0.9356115941745095,0.9117859134776514,0.8927283684945804,0.899775423840263,0.889746500644198,0.9249936937416638,0.953703134168813,0.9179014649393487,
pre_model_seis1_20250809165445_560.dat---0.9763122137251012,0.9350686443595388,0.9745239676540576,0.9753805503077919,0.969246357396811,0.9755348851266127,0.9621744641948439,0.9546151240790743,0.9657221252081655,0.9813011123321825,0.9813662090014373,0.9819519240996417,0.976559398066966,0.9911331924741759,0.9971593890679198,0.9789624675668775,0.9691371513662265,0.9662728702834918,0.9720885382511698,0.9794567274951513,0.9548897871422111,0.9498249366901379,0.9569822493315393,0.952287363444982,0.9707212478606272,0.9767655975662926,0.9701018389662909,0.966257327155212,0.969563715777921,0.9763621811533569,0.9756637375780128,0.9577654690644086,0.9172768560340329,0.9226613768001247,0.9394080706544996,0.9452724940476792,0.9425110658193809,0.9484984608944251,0.9611150893099113,0.9187816213971074,0.95205539667024,0.9631398340345276,
pre_model_seis2_20250809163939_729.dat---0.9694637062165473,0.972886977739871,0.966391102946383,0.957821532744985,0.9763487606216138,0.98256070900277,0.9817561146207221,0.9850769456598814,0.992250401466485,0.9949445688833136,0.9938370753436467,0.9983487102106466,0.9955849363412247,0.9921692514978557,0.9848618840116062,0.9886691759087697,0.9838454647629233,0.9765865260749041,0.9635659739667177,0.9732122264332352,0.9630222025249211,0.9756331062748488,0.9762878902303938,0.9656904346762389,0.9598923207299918,0.9382810294717491,0.9582912125348065,0.9576186546422087,0.9570920382706455,0.9711794307772375,0.9710167015093559,0.9682472817762108,0.9720628181560105,0.9709386600850518,0.9692928262739628,0.9565492168108474,0.9593749911537073,0.934299364624291,0.938880653488285,0.9674734237592028,0.9664772033789559,0.9714093537951957,
pre_model_seis1_20250809165436_349.dat---0.9848568252615777,0.9842002633398598,0.9679088228150113,0.9750765548473989,0.9800762581386693,0.9716160883349126,0.9634583498793885,0.9630291435796914,0.9598698416244366,0.9490525565474662,0.9613500352278398,0.955994947442704,0.9794082601481633,0.981142156218219,0.9930618994986583,0.9942255681302382,0.9906791919687868,0.9939000534566658,0.9943410762314916,0.9781409006000847,0.9775680221054984,0.9796878555286017,0.9833087968492865,0.9881242127536142,0.9873549482197287,0.9867270033723815,0.9850995485394,0.9880280147555067,0.989066553632524,0.9808541358376022,0.9784079889516175,0.9812622643398596,0.980445428666512,0.9844228833940991,0.9792012647934947,0.9914824574235569,0.9917831262688022,0.9894926281074614,0.9873421568166095,0.9866079633612107,0.9857010022455126,0.9805696841281498,
pre_model_seis1_20250809165454_633.dat---0.9869120859376141,0.9921804613563973,0.9858244856365694,0.9897887592297812,0.9858202559626781,0.9789734360286823,0.9746964832867848,0.9750120652145273,0.9665671279185521,0.9524864467123276,0.9688015596076405,0.9769439590461686,0.9782495985651793,0.9814739915990802,0.9871174818701358,0.9867122793589832,0.9889467471738681,0.9926613832101808,0.9908306792960133,0.9844765249009106,0.9819581243071137,0.9886889576696497,0.9756991754308376,0.9738371451403955,0.9725330497707583,0.9483007868107314,0.8941244774114397,0.9063679298354875,0.8545416374337266,0.801505644912269,0.8584312941232605,0.8407456702918435,0.851622900616807,0.8551376502549253,0.8847064099980946,0.896744812173863,0.8779002547973761,0.9050703470397,0.9097580598016716,0.9029028013992125,0.9398865446934552,0.9425594996542608,
pre_model_seis1_20250809165457_579.dat---0.9866449471532283,0.9834445590707594,0.986870038152448,0.987998388902378,0.9890864861819523,0.9789336662030186,0.979248642985062,0.9688766325813695,0.9578049951151896,0.9464776611072002,0.9424498329082358,0.9639425402220599,0.9637040828329689,0.9646578161806425,0.9802233748545716,0.977835515874445,0.9823885204129876,0.9871046494478825,0.9691479223761815,0.9698209821283087,0.9832891791416322,0.9777220775285489,0.9473011786345253,0.9453668921215714,0.9364220750567777,0.9286457817088977,0.9217771550166122,0.9044735502100003,0.936389131899135,0.9077832985115019,0.8901611908911561,0.9199307000225826,0.9167131708863568,0.9218775482602685,0.9238726112742386,0.9543763512435675,0.9573141655248635,0.9546318308414473,0.9609849165729982,0.9720906906682962,0.9671350622705337,0.9559736539750342,
pre_model_seis2_20250809163927_146.dat---0.9706923730540284,0.9535695384836347,0.9606766092458451,0.961743594966243,0.9642146091810934,0.9607195472744108,0.9730471841964797,0.9710718410687845,0.9648077270388439,0.9877946272668072,0.9848343350665111,0.9888920188600294,0.9913283222590973,0.985544203570761,0.9887653590606281,0.9881511832257135,0.9927515130587468,0.9924670757479133,0.9938119888109418,0.9869074618645736,0.9891768825320866,0.9851152786383984,0.9770805018035412,0.9702552444767144,0.9781148385310989,0.9655791286425004,0.9640412379117596,0.968474827778144,0.9575420291691255,0.9421829344479388,0.956095701755794,0.9481345112006303,0.9063585386408161,0.9240622630864533,0.945813504573631,0.9300792748891434,0.9422769989944815,0.9501847189925479,0.9513228972377326,0.9546906382370954,0.9553970779117663,0.9664334181159142,
pre_model_seis2_20250816100700_60.dat---0.9610741035375187,0.9860730854876437,0.9607656528758277,0.9813286366877245,0.9808781624035754,0.9834458511241958,0.9882682595459027,0.9933785723287021,0.9938226865236327,0.9957548456867543,0.9945767555681365,0.9956574232953751,0.995831030130025,0.9975864787167161,0.9982672655533363,0.9982923393563046,0.9984057615713535,0.994161823139534,0.9936435996609957,0.995653263922535,0.9967133374228504,0.9974096436283014,0.9965401361748771,0.9913038761020501,0.9879126685667847,0.9862618310214977,0.9856293076495019,0.9818096146980994,0.9868753927169442,0.9847447643420556,0.9708426832967536,0.9609894757669392,0.9661902480824898,0.9583191392313121,0.952976079182156,0.9414016068225336,0.9573349282651752,0.9580223243223284,0.9788626385353311,0.9663767445261656,0.9744108275881997,0.9821412893916621,
pre_model_seis2_20250809163936_854.dat---0.9702806456050441,0.9804178463611479,0.98013955193827,0.975375660375404,0.9733301421397753,0.9674506710396572,0.9689271681284436,0.9618760274055909,0.9757930849740825,0.9921378859625922,0.9925446112664245,0.9919392807216229,0.9920673439794303,0.9922049975111589,0.9906362836470942,0.9908604414905593,0.9872043029848906,0.9784053703799178,0.9745278924034507,0.9608044393607017,0.9729390331599321,0.9715301547324331,0.9776496484913908,0.9830230820939277,0.9879331972430669,0.9815170276294582,0.984205743325534,0.9744598807966464,0.9694729745497841,0.9579972328662812,0.9519265401981263,0.9199949307615797,0.9318082205974836,0.9447787254581986,0.8842893368009437,0.9362159649265765,0.9198333311337735,0.9523076571117134,0.9316916186463088,0.9148423387893398,0.8397908664366357,0.9630519793518145,
pre_model_seis1_20250809165448_777.dat---0.9908321427105389,0.9870829513488005,0.99105928890921,0.9937842908601145,0.98919022166269,0.9874341009153006,0.9929404844510802,0.9943976026516818,0.9937504139328687,0.9878458267689212,0.9883093898126337,0.9912216444590549,0.9907171147019832,0.9900497262399653,0.98091002081655,0.9848904939267639,0.9803289721287052,0.9950931966003619,0.9892407288830098,0.9849371002224686,0.976373877802226,0.988669089780469,0.9903824224351365,0.9864803775509021,0.9884000543614065,0.987919546715123,0.9835586353813844,0.9821123529250928,0.972845847796926,0.9735834273208553,0.9726269782179889,0.9748879889086319,0.97437745556959,0.9439684383950356,0.9734047877941239,0.9355318395657947,0.9029062610090183,0.8594355955507756,0.9020604537298108,0.9134795052729118,0.9199056435611623,0.9728518607718795,
pre_model_seis2_20250809163930_268.dat---0.9901629290238422,0.9958066263483218,0.9935776337225594,0.9923689297968962,0.9929319631839998,0.9899281360513298,0.9892133872030883,0.9875214970581329,0.9809003370775529,0.9885789106284079,0.9853119040297575,0.9924470944367922,0.9938133090025946,0.975086647207125,0.9843346859734181,0.9815507451629432,0.984682247272517,0.9798381533587259,0.9756303261265478,0.9886802856477104,0.9614294549701826,0.9615872932389724,0.9556579119802859,0.9712534758109964,0.9724590816390905,0.9591854044342389,0.9397089432641239,0.9676605321106364,0.9711484444201138,0.9649203607620509,0.9599254579704768,0.9510780521346437,0.9005359954266926,0.9421685370885142,0.9514233955648456,0.9321089045761676,0.9478028663738512,0.9497473717156522,0.966103139130896,0.9550444855732981,0.9564624771805464,0.9702384715531349,
pre_model_seis1_20250809165448_114.dat---0.9413520584610775,0.9756367066550097,0.9761541821227775,0.9698405573653002,0.9770864559720781,0.9709746525414126,0.9773662642847886,0.9766062403027324,0.9749379523101843,0.9728051724615986,0.9758977046492512,0.9640391265784112,0.976054880897465,0.9805888878366019,0.9763159742015091,0.9867743115125917,0.9917863971249283,0.991015851668067,0.9786492232516708,0.972485510607842,0.9542546763443678,0.9554531802067687,0.963703315052912,0.969109902486317,0.9733849362763602,0.964447832025329,0.9521383198649689,0.9572543827990505,0.9637181302720458,0.9609706286583268,0.9553680495819769,0.9398671729893416,0.9568760226282451,0.9426657642377011,0.940269242785103,0.9344833916875953,0.9174050169295161,0.9079462130333472,0.9133853389719879,0.9060996854837676,0.9115573413809802,0.9596762598658852,
pre_model_seis2_20250809163936_108.dat---0.9808345779599733,0.9779704134307022,0.9799718866946473,0.9787183726444993,0.9725600645585212,0.9662522218247829,0.9793372631597457,0.9757199619412411,0.969489790290991,0.9732040203606425,0.9678835404452338,0.9703508026507803,0.9595297267521925,0.9604689485243308,0.9457193497463058,0.97836429813578,0.9802100782090238,0.9903232558140979,0.9923416567734229,0.9907776560205849,0.9909219258872649,0.9934117973349768,0.9933842966425661,0.9937713920646911,0.9868101388088122,0.983403782944533,0.9838806692007984,0.9798862365105023,0.9819940917840718,0.9802097099284364,0.9762644509193141,0.9784111635176989,0.9764297241861458,0.9690543899209619,0.9723300246823531,0.9685515694479323,0.9720836880914567,0.9653520904144326,0.9469746290850629,0.9504653610529555,0.9548152040553638,0.9753276639614104,
pre_model_seis2_20250809163930_747.dat---0.9479001185959697,0.9801338582902411,0.9794255064834304,0.983883363699109,0.9845919699676527,0.983363192685726,0.9736456056225861,0.9738578974299861,0.9741235016075537,0.9715017115973463,0.9731143331467562,0.9848489391763713,0.9924115660418938,0.9866137749378467,0.9610472564461254,0.9824407134179146,0.9908231014910537,0.9910136611827814,0.9889302542358949,0.9819608578420326,0.9889764781769951,0.9862327843098944,0.9820744558857475,0.9788815021563176,0.9820349539266195,0.9840301597304981,0.9899196894312665,0.9898114592897636,0.9822769853016314,0.9795234832471857,0.9871287019581484,0.9833418095304151,0.9771941429083085,0.9623859053249427,0.9600050421262876,0.9573654894641004,0.9473120861440242,0.951376016029379,0.9317980240456271,0.8940601132503594,0.8950880665118561,0.9725963056743328,
pre_model_seis2_20250809163915_17.dat---0.9745657437817223,0.9904264556830988,0.9878087364456837,0.9919689322307946,0.9915308857455032,0.9935097270417383,0.9904472796616602,0.9866510248136309,0.9846057316584078,0.9833945507494821,0.9790514326103812,0.9836362194495797,0.985248127222312,0.9872952087741509,0.9919279104693991,0.9956282157096038,0.9950173328211946,0.9804730810345924,0.9501912980957992,0.9688761215496831,0.9739329470110997,0.972326881130034,0.972607654621137,0.980293557782379,0.9546707320343661,0.9345921036315847,0.961147266533059,0.9516079176523918,0.9597066544900874,0.9573416750276326,0.9444991595159314,0.9227788117198464,0.9166477139148355,0.8468450965224267,0.8750823877859373,0.8563302012724964,0.8868759027518849,0.8883500355174226,0.8985856870711595,0.893732021704751,0.8081794124713207,0.9523997033100048,
pre_model_seis1_20250809165454_270.dat---0.9909116599159754,0.9820436483458279,0.986364807514873,0.990588546224293,0.987414106189835,0.9872527110691646,0.9854364780337638,0.9786354549668347,0.9724977318031672,0.9698104083445549,0.9852019826402392,0.9925703653025139,0.9934593913893337,0.9966550846842306,0.9950351081299672,0.9942064282530523,0.995749642152281,0.9975542750322425,0.995930240865723,0.9947333923511916,0.9929969547542304,0.9782742843351651,0.9767451241403374,0.9526082556894595,0.9555622350244547,0.9527861951633546,0.9216644221614095,0.9410718590187307,0.95224040255446,0.9288088324286597,0.9652694035257339,0.9860365609642756,0.9871466946751409,0.9798003548096988,0.9781428513175708,0.9763626703770771,0.9800104241696317,0.9821062674635042,0.9569594905531494,0.9780579812624122,0.9555424800896124,0.9768352489679787,
pre_model_seis2_20250809163912_310.dat---0.9579424563184852,0.977160547902013,0.9672916781950237,0.970861053276835,0.9770797404053381,0.97041217294271,0.972768290440992,0.9760198253524228,0.9776297948868902,0.9765077825992523,0.977988856946592,0.9741258605282873,0.9739869679246589,0.9648150709153872,0.9736488614145694,0.986877283835218,0.9820404366080616,0.9808397580437433,0.9788990201596897,0.9748949659499695,0.9775558337788037,0.9721396258707687,0.9714648668048522,0.9668054843213025,0.9714765084316462,0.9636793727068181,0.9510884442823198,0.9576410553873841,0.9788534315545554,0.9710127010030997,0.9346039382924376,0.9352901031421293,0.9033808240050896,0.920182074352938,0.9068292491175448,0.9253638405531827,0.9298894198132585,0.9261474593025644,0.9038435394095512,0.8982829043450811,0.9279818221452589,0.958178120079676,
pre_model_seis1_20250809165439_14.dat---0.9786901318856271,0.9915468275746933,0.9917908900958735,0.9925967706486164,0.9902882076087932,0.990787977988422,0.9862616811612539,0.9765211552986938,0.9792397119547273,0.9726404567542606,0.983964265513023,0.9934211598722306,0.9889986873278885,0.9865269884329191,0.9823065795344295,0.9805387388132946,0.9878311651996043,0.9837607676157148,0.9886514575978306,0.9879992831694171,0.9838471303062177,0.9845818562003436,0.975747309927451,0.970953618891619,0.9665722964182698,0.9756591665352418,0.9783736049002671,0.981314385569824,0.9581299262746283,0.9448298208854797,0.9231040203887941,0.9274465258020546,0.9319215605453199,0.9532574488195551,0.9541521380584604,0.9703760416942613,0.9729136020928612,0.981218198907635,0.9862102381907116,0.9863644741288199,0.9863207873189574,0.9757965135586364,
pre_model_seis1_20250809165448_463.dat---0.9397714399711572,0.969284571139548,0.9677543822783846,0.9671970773343129,0.9740117634304472,0.966934253471234,0.9684041794639321,0.978962226942137,0.9735820420645985,0.9769835028241068,0.9731580231314761,0.9489533152450995,0.969824752642868,0.976592745240969,0.9889561742750751,0.9886287846221602,0.9858814670869958,0.9903472675652194,0.9882675513630491,0.9888501563366718,0.9895104160100504,0.988872868968461,0.9871762601879457,0.9811743603557802,0.9781088768085573,0.9691660971112607,0.9701711598549599,0.9574467438580446,0.937933521172625,0.9292421690272171,0.9309607383203546,0.9322252760681936,0.9366911295311957,0.9475741637232812,0.9114134395800694,0.9627130364261676,0.9637973376735456,0.9681778239457517,0.9691693472709821,0.9770360892984767,0.9667211753394929,0.9667714074868744,
pre_model_seis1_20250816100531_90.dat---0.9787855549526171,0.9853236821848919,0.9844153070234155,0.9775874594431722,0.9751856545623222,0.9693015501448996,0.9446234520722779,0.8958864479276655,0.908367788244385,0.8641235187600932,0.930439206945816,0.9499845404002875,0.9809839873887604,0.9779711627335179,0.9870336547548447,0.9696115664411493,0.9736651310947486,0.9676964040765561,0.9697438434543972,0.9517854464390486,0.9524039160450437,0.9583618304576356,0.9509486760817872,0.9460912194490702,0.9545324372392467,0.9608825651183948,0.956336524947187,0.9671278082805705,0.9701319240163369,0.9705896861146046,0.9699688003275774,0.9519358149681041,0.9417630122449031,0.9506601989555677,0.9487606197510304,0.956975010301652,0.9468798642085405,0.9393828332607012,0.9464171911215605,0.9360854432744696,0.9086238123753635,0.9543262084776637,
pre_model_seis2_20250816100657_12.dat---0.981471519641887,0.9619689797156646,0.9642862691770756,0.971376290721755,0.9536807567014087,0.968056638737631,0.9696981774354969,0.9600420528063264,0.964812421296898,0.9739191790710665,0.964897493221013,0.959190573693546,0.9593742353715444,0.9607573098454332,0.9544633247796883,0.9545307951500737,0.9928092801329336,0.9976881740800712,0.9970494212734416,0.9788741742101582,0.9755320990647943,0.961698006264321,0.9304902210023521,0.9178642959012233,0.9401715307368536,0.9285173630533469,0.9153498252196123,0.8985495160369897,0.88667221208769,0.9384188067156776,0.9641864427559371,0.9754722940234464,0.958360966522916,0.9616069136184213,0.9431958078333065,0.943791415764181,0.9409260860145037,0.9589870762028607,0.9523611536151657,0.956665612258478,0.9497607737998496,0.9557933045257327,
pre_model_seis1_20250809165445_179.dat---0.9882264170728077,0.9773347489662539,0.9869373045182668,0.9831322260611546,0.9792416787715829,0.9831216227644292,0.9830482940284848,0.9733780303772418,0.9749501789362419,0.9722639665488518,0.9699142816638461,0.972080951930604,0.945503966924011,0.9556551798815717,0.9627591189048799,0.9645052068093823,0.9816435416693713,0.9895034332505388,0.9705405274535106,0.9402850325549286,0.941751450918796,0.9536895252267814,0.9467003203346276,0.9112415222266481,0.9146225966316859,0.9242545145298072,0.9211881009527436,0.9018988891370067,0.9240147020981067,0.9198168595416165,0.9099267069866398,0.9092173192044708,0.828687875995688,0.8318691343968458,0.8422877229844051,0.8255573924850826,0.8666429987902097,0.9338551510484393,0.9270692886516322,0.9285586985332555,0.9051660534102901,0.9371229886139691,
pre_model_seis2_20250809163921_708.dat---0.9892927266924622,0.9861141349375225,0.9922111931261691,0.991701851884817,0.9920431340983406,0.9912041586001992,0.988461440271485,0.9913559690385192,0.9895068557788542,0.9846027127285375,0.9815300858624555,0.9788756158215243,0.9870000990967563,0.9910209912108917,0.9954332459990708,0.9925575434134023,0.9939740088630938,0.9946915227269899,0.9931235475336345,0.993365808915025,0.9937209394939264,0.9944128879847484,0.988222036980864,0.983775983669688,0.9894401861434138,0.9853385923272209,0.9895771436125289,0.9902350383759213,0.9907480079702337,0.9861446083419334,0.9896020035245049,0.9917027548455687,0.9931176116357184,0.9874085473564505,0.9911276816414385,0.9903052517106309,0.9875763596239434,0.9799093280836433,0.981209286397488,0.9774072011479363,0.978269289870917,0.9887150582277675,
pre_model_seis1_20250809165439_771.dat---0.9474894330883112,0.9390883061757085,0.9754298500431623,0.9456606279483517,0.9659194262239519,0.9694464278495355,0.9720302934158669,0.9767084615128835,0.9719602436925595,0.9738559729780073,0.9808379461383582,0.9854071929421178,0.990803467450395,0.9932513206273947,0.9936314795011374,0.9888073336077191,0.9690154489809762,0.9593391776265593,0.9528385308887575,0.9545469441968251,0.9314161859823743,0.9442016499169005,0.9633598434554879,0.94989851065373,0.8983514977138389,0.926291405576269,0.908545609062529,0.8705372588007549,0.8657101182890174,0.8736320006195405,0.814559525178341,0.7645613201129826,0.8183234819828721,0.7824315669520757,0.7688578826110367,0.8463258051512355,0.879383612487389,0.8669080173809893,0.8775706610087369,0.9167316324941269,0.9171143268521184,0.921726336516364,
pre_model_seis1_20250809165445_570.dat---0.9938019327008819,0.9933036334846698,0.9902980118296185,0.9887289503576789,0.9903814392763741,0.9879165164030691,0.9824248481499297,0.9805753343516074,0.9786259521730141,0.9764188126944326,0.9795245958354537,0.9821248106117215,0.9852043072787547,0.9940574515121112,0.9900825995719384,0.9907681540459664,0.9924440951682865,0.9923550956394178,0.9946637666322186,0.9898188334396408,0.9864806167384101,0.9711714325892656,0.9745425918937828,0.9495311755504785,0.9193603932595981,0.9213636193395208,0.9207997432405866,0.8955335451158488,0.8121914916746742,0.8513741857292659,0.8728075569194238,0.8521814831358282,0.8945472682461475,0.8986997482276828,0.8905626687404818,0.8716180079859127,0.8737374169254959,0.9053869027146574,0.8951110165467107,0.9042151398521947,0.9142159707036522,0.9446085638118636,
pre_model_seis2_20250809163930_598.dat---0.9570688566137868,0.9438090902057089,0.9420122817454858,0.892155053677432,0.8831983325757419,0.8915231085827555,0.8231727608931846,0.8307199062936776,0.9065709419051442,0.9233727765637896,0.8926023539871397,0.9395127257962799,0.9518276230611593,0.9891856403783124,0.9907627978209672,0.9896415202800732,0.9936391995992736,0.9844816529728264,0.9746393762270059,0.972892411363284,0.9547145875745178,0.9254064992334314,0.9082296308036639,0.9053084776306006,0.8944344364880185,0.9023601330677276,0.8999446612520751,0.9140992348485213,0.9108669767200543,0.9059699564971422,0.8636678755933972,0.8394818911116951,0.8620177482454573,0.8824615251507025,0.8911808400687514,0.9160109284497118,0.9040179582516628,0.8910764744799241,0.8714729428029653,0.8533772709860288,0.8102874548082217,0.9116872174294464,
pre_model_seis1_20250809165433_778.dat---0.9953524299402565,0.9931340546843285,0.9963824646900553,0.9932585120272227,0.9952111724985898,0.991026035567257,0.9887580484961651,0.9854026556161083,0.9754606373033382,0.9626000109040684,0.9362055681309929,0.9079219116968047,0.9697952595416636,0.9755182027544905,0.9910379138935888,0.9878619087711467,0.992554410048234,0.9962423480964414,0.9923766390455648,0.9932009485147917,0.993872130923644,0.9891034317359605,0.9897747486396792,0.9866191795440437,0.9873295090533101,0.9836234154981063,0.9687259153427865,0.9827517523818373,0.9733101274764223,0.9847461222929176,0.9829319515431195,0.9860756882120273,0.988525510103617,0.980263531534792,0.9874865588960423,0.975021518804131,0.9823972548455714,0.9816585075343233,0.9746772572450036,0.9765785734225061,0.9771631180203376,0.9817545593968605,
pre_model_seis1_20250809165445_172.dat---0.9604980455381754,0.9654748621310455,0.9719832842383985,0.9802408074737642,0.9769156317734893,0.9900436696727085,0.9825336702610107,0.9762970279518777,0.9647801474361672,0.922391010796913,0.9154449526369293,0.9679993042406879,0.9588416288541013,0.9555285332751914,0.984958999135135,0.9801158554780046,0.968601003577945,0.9489030466463348,0.9233825485299625,0.9668557288130742,0.9676567171991517,0.9821460665861381,0.9823779600694131,0.9738418070072006,0.9640958890029359,0.9600972534115736,0.9546800024450068,0.9695579023498646,0.9418219434083627,0.9453994683668069,0.9462370412480385,0.9597924747915773,0.9477072010945065,0.9259647986822853,0.9419696296574418,0.788977168841868,0.8106560891160485,0.755449471262021,0.7753985492085528,0.7735994066300624,0.8073683041497421,0.935038656170476,
pre_model_seis2_20250816100718_81.dat---0.9830594755057058,0.9832946213178447,0.9689332568539331,0.9717491991529793,0.9811656953138022,0.9783064443791404,0.9800922307451618,0.9783759124939911,0.9725527778866884,0.96635946846161,0.9782478993438869,0.9849751525167955,0.99267580771806,0.9970079390417942,0.9980894261353778,0.9984852916324805,0.9983649981950319,0.9973441581090269,0.9962634426336098,0.996661012460407,0.9971171110242651,0.9962644407825318,0.9952392169358142,0.994744841055767,0.9909937621861662,0.9909773073314228,0.9894603641616788,0.9903503748720054,0.9912624076292699,0.9919344321968759,0.9920389520806733,0.9898334483935859,0.9858638366704793,0.9806536307750933,0.9795094788290074,0.9766529244762374,0.9749638863010309,0.9752544963990366,0.9597747831819267,0.9534749457682357,0.9624804329752027,0.9844109581444792,
pre_model_seis1_20250809165430_645.dat---0.8287477419411864,0.9206011338261455,0.8722785888446193,0.8749381882158747,0.851255135499981,0.8755358588382357,0.9373532799866042,0.9475521226449946,0.9162017756471721,0.9357874255091101,0.9371527918206769,0.9771898473461786,0.9742014833940446,0.9893017741027108,0.983062850300802,0.980214318072043,0.9870632877934208,0.9864626856785718,0.9836782327847978,0.9782997769578633,0.9753583615455776,0.9575906851429103,0.9708599210616324,0.955839597517348,0.945235815261096,0.9213613711692559,0.9028669673944513,0.9391001460151795,0.9176314023525697,0.9380387361542105,0.9525765693799807,0.9606697743619975,0.9670914685013794,0.9383707712989705,0.9554233152959628,0.9524998364305566,0.9656365180062025,0.9750834772408963,0.9724350829142281,0.9608666712923088,0.9662142857044658,0.9445763188596635,
pre_model_seis1_20250816100531_7.dat---0.9536723725386633,0.9598860476562793,0.9499649526375588,0.9659529412178953,0.9756948059210128,0.9677343823756944,0.9647844071441629,0.972944646557445,0.9802551621775205,0.9759114942933069,0.9717009550702755,0.9444014525315577,0.9419746635248236,0.9773207183346052,0.9803219874778856,0.9899462919101931,0.9937390968083077,0.9958020550360667,0.9949514465852536,0.9816996991728755,0.9679153830309908,0.9395540404337417,0.9597765167414564,0.96578252199068,0.9592577926549885,0.9300843900440084,0.9423378562782888,0.9489191962807436,0.9530484878425438,0.9372811795843656,0.9345639366196169,0.936923235159028,0.9239981850309782,0.9041744934302349,0.8992300022715486,0.9069574442906806,0.9113443045934281,0.9168838303158717,0.8987237009953251,0.9285960309648765,0.9346338319697987,0.9521620960852338,
pre_model_seis2_20250809163939_766.dat---0.9909165937754328,0.9924435240513704,0.9831473132101644,0.9903089596313055,0.9868533095728851,0.9908073481708711,0.9861769741694331,0.9855573154320688,0.9829069819343452,0.9859754297820386,0.9817220831732889,0.9795025960493625,0.992745901045938,0.994127648375595,0.9893823475742167,0.9858951355488462,0.9870750701813585,0.9869458542415259,0.9897454159148769,0.9906801929699347,0.9881846323575031,0.9790150184886185,0.9808745753035133,0.9755945085520598,0.9753961689641947,0.964370220098749,0.9661407700205427,0.9753688594410088,0.9784918781343047,0.9839435001884087,0.9795971294395399,0.9590857317131125,0.9275898246341835,0.9208922926187112,0.9536287474454154,0.9543266142359949,0.9435957039374127,0.9577721689917256,0.9516311033074132,0.958011801000068,0.9571616175235202,0.9752094844195331,
pre_model_seis2_20250809163927_93.dat---0.9624711397798886,0.9835811224187473,0.982434432288666,0.9891266182248638,0.9829076497575616,0.9824645620061131,0.9846490253225106,0.9849691110936394,0.9838972482023164,0.9890546402787868,0.9767646333292092,0.9890306378257255,0.9928854632826711,0.9933048644096816,0.9948696563403273,0.9947996273373896,0.9901485742239746,0.9861294200515618,0.9825425546463943,0.9948153203142298,0.9963684413200565,0.9945014485230138,0.990945991227508,0.9919762545880132,0.9878220610918267,0.9854122040939788,0.9763005529595973,0.9784620066531255,0.9697325166923342,0.9748838447648429,0.9607009548597291,0.9521828682113981,0.951566781757592,0.9474041235657923,0.8991211794578142,0.9445189779250815,0.9273152889195029,0.9498699736842233,0.9462230467406396,0.9356466577356456,0.9520044492649422,0.9739952664675833,
pre_model_seis2_20250809163918_465.dat---0.9964131856718416,0.995745190931864,0.9959216909805491,0.9966281884621064,0.9947419661762579,0.9936146270446131,0.9911330243518698,0.9835707667162257,0.9777364627836052,0.9575352427579489,0.9633599968352687,0.9332826967873357,0.9507345922901927,0.9458248791904075,0.9464175007570776,0.9353384361256413,0.9302737538456127,0.9703010692567645,0.9711590803042756,0.9593331272414982,0.9409527995806257,0.9524528044136065,0.9414290031714556,0.9311143231820559,0.8938639079778498,0.9095767359003909,0.9161249164006362,0.8975691662968632,0.9046092014345594,0.9223259419777671,0.9115578704813706,0.9319269300804799,0.9170239046962453,0.9431430551951607,0.9274203050463541,0.9270321078913103,0.9099195182331917,0.8888262909006819,0.9060927808522258,0.8822026944277435,0.9092377202323183,0.9427674989483863,
pre_model_seis1_20250816100525_66.dat---0.9928806718953599,0.9943335756219667,0.9969481691022335,0.9969936600103859,0.9956765874770908,0.9946218600118245,0.9946463494459683,0.9908611669115317,0.9890827506113992,0.9930219259620019,0.9950540903677831,0.9931206264937424,0.9951761731403654,0.9944260484853075,0.9929229200061197,0.9965663316395837,0.9931015607831885,0.9928961739397774,0.9887188038088696,0.9927141710968961,0.9928726962798516,0.9901220685568592,0.9910705599718568,0.9906695171961853,0.9812723932825776,0.9823563429273878,0.985478672641374,0.9780065169435863,0.9766667401421978,0.9623585654274792,0.95789797029022,0.9594406449686632,0.9612163544940443,0.9566139172663419,0.9374944771164884,0.9141777276717709,0.8370515534143658,0.8735652507140433,0.8519565668753748,0.8571254735097737,0.7318780825909319,0.9644647733925064,
pre_model_seis2_20250809163933_722.dat---0.9467377365033939,0.9889183682866785,0.9880225842813981,0.9822197791481624,0.9909279514948559,0.9895585194370057,0.9923738966947361,0.9926867546681148,0.9922031711781139,0.9930053392973456,0.9936160381076624,0.9966018390817161,0.9975602141353247,0.994847338904144,0.9950782330507664,0.9811342472333752,0.9765066173115607,0.9765484647390072,0.9705455862256576,0.9653510117394856,0.9733550100726919,0.9795473839457556,0.981792834920449,0.9744803416409078,0.9728568050220439,0.9714666417681481,0.9710147619363261,0.9722191039099942,0.9724221822236115,0.9739675504767684,0.9735046177098934,0.9726378981030379,0.9513367422262384,0.9530971465693037,0.9378993762644018,0.9423904908639459,0.9581217981342838,0.9530640019963078,0.9607926986257436,0.9720947026614494,0.9868554099710136,0.9758380778185569,
pre_model_seis1_20250809165448_729.dat---0.9872142894601159,0.9849608606744108,0.9867889107818196,0.9882756948546767,0.9867632380348739,0.9750507240675974,0.975657347226708,0.9615884615666515,0.964245029844148,0.946555238519607,0.9674958711071637,0.9787926828490253,0.9833674887391581,0.9780992735431929,0.9733773359536082,0.9766181361270899,0.9905435025764399,0.9799315043367735,0.9827758364077743,0.9783215460385436,0.9811151287873353,0.9625652305029637,0.9629356115469979,0.9572450515474694,0.9505212881434352,0.9474258507410315,0.9309273813499797,0.9349355035371373,0.9122633695832181,0.9270323654691809,0.9503823161399109,0.9399303456918804,0.9359498993286699,0.9467439576029592,0.9506429969492053,0.948315779342749,0.9410701678313316,0.9285590145218263,0.9440239374040948,0.936952427812547,0.9315686251091138,0.9601836395524982,
pre_model_seis1_20250809165451_406.dat---0.9759334795997381,0.9723137307809191,0.9677236805552201,0.9740439787057276,0.9563901861998845,0.963708334819603,0.9677754750068142,0.9453299767080594,0.930576364699727,0.9197995611879239,0.9452778958759245,0.9460333884548344,0.9562854109502026,0.9524874528363146,0.9096863267748235,0.8994729698368157,0.9238965011528902,0.9549134960078173,0.9701019894375724,0.9663042017405741,0.9747736258919905,0.9799481119368675,0.9815712153590154,0.968952934203151,0.9816818491937748,0.9854712592608357,0.9746421491809152,0.9655415713216216,0.9491378976907865,0.9470018928922499,0.9601966008729792,0.9667302799544126,0.9436438943472824,0.9682065179534585,0.9653444551147942,0.9692218973071479,0.9710727542632792,0.9751059420806021,0.9715489675424598,0.9672967442144986,0.9491482752592044,0.9588852009066519,
pre_model_seis2_20250809163930_655.dat---0.9827241110062762,0.9771261727018457,0.985687422758008,0.9830123040638784,0.9823428765705569,0.9741538599944407,0.9871268721804718,0.9784914064042376,0.9905021391318324,0.987532424741667,0.9845247619632191,0.9865266804869193,0.9828320670169507,0.9895826844024954,0.9909440194126506,0.991132264439984,0.9916857661626408,0.9919840182817268,0.9916835008629984,0.9891916971236,0.9820906211688006,0.9833768551362824,0.9862483612555909,0.9779066885284675,0.9799873701234209,0.9672130320886266,0.9512211213398334,0.9628693033336566,0.9438693740521604,0.9603246647236164,0.9636043716940662,0.9479828228032309,0.9211615801982371,0.9162850875141374,0.9285609658998883,0.9306520199904561,0.9587745120862889,0.9531732413184301,0.9260962035531777,0.9156433778078584,0.9141776045086261,0.9680489324105184,
pre_model_seis2_20250809163927_296.dat---0.9835591782552822,0.9847944737058446,0.988892783719384,0.9880871063507676,0.9849942972788452,0.9820026475583834,0.974978425533632,0.9699276519854769,0.9839908880192252,0.9805432342629655,0.9886618474043547,0.9859109775616131,0.9972022004149873,0.9984975404118391,0.9982354087594932,0.9975955223083881,0.9988600839563115,0.9965521647240059,0.9970294190164565,0.9965564821948493,0.9942641883326049,0.9928026598993445,0.9885970813535674,0.9812897003156474,0.9813330796880271,0.9790857661872869,0.981801863179948,0.9705835339441214,0.9825143699835528,0.9750207797631035,0.9742279066743301,0.9769755953481589,0.9762734629186225,0.9619938560385872,0.972861333712405,0.9696325257515569,0.9643368309865608,0.9542117541140254,0.9582993963703353,0.9479734624774497,0.946442133088771,0.9806681369158562,
pre_model_seis2_20250809163936_671.dat---0.982008034749746,0.9738307047098912,0.9887847047413281,0.9877144506717501,0.9843432136810357,0.9819532382349093,0.9756191707983891,0.9778596191905775,0.9741411377157443,0.9823815400906147,0.9900762149733197,0.9856973232884687,0.976658871108682,0.9697758563014665,0.9737927280720795,0.9711311312569454,0.9615609047140573,0.9466820878293853,0.9520346252425202,0.9464406685853551,0.945928420060686,0.8939213775660545,0.8428715120228004,0.8653895348875296,0.8960687422124283,0.8709557518369774,0.8882115775360202,0.9029357419728712,0.9047863848463138,0.9289935465575245,0.9130842103994075,0.902360699506129,0.8584401380074455,0.8611009511278143,0.8827750108443359,0.8664611123147952,0.9275339914854337,0.9416440434690434,0.9527661166710216,0.95088204574954,0.9510984687261596,0.9373340391160142,
pre_model_seis1_20250809165433_282.dat---0.99123379100804,0.9916072487753431,0.9908294632357274,0.9853286697427982,0.9879442178272555,0.9880869958304963,0.980435165269913,0.9835197723413681,0.9757801313688167,0.9839731316957877,0.988390571605361,0.9892560118839479,0.9802106652454379,0.99387075627326,0.9937875452113897,0.9920825321772232,0.9926415940176148,0.9946011463992499,0.9870965685547194,0.9866803263506712,0.9798626706925262,0.9842841116895448,0.987592747262043,0.989062022107293,0.9824932954149747,0.9773814002284358,0.9698498102161915,0.9675475672384807,0.9562933091090592,0.9507227780652795,0.9390806360749204,0.9502403586852489,0.9509184656839103,0.9440526320798324,0.9551814915370982,0.9520634199568035,0.9441971228403327,0.9034789458760977,0.8966611762952975,0.8878503847433871,0.8602311360642896,0.9679610191872066,
pre_model_seis1_20250809165433_862.dat---0.9613873799185765,0.986962624490836,0.9745152853039672,0.9834806638960253,0.9799745707206656,0.9755576726351028,0.9782200204112113,0.9800414272642928,0.969678399103546,0.9580982423956126,0.9778776285948614,0.9810610408157755,0.9874382328791909,0.9894213701784144,0.9950969938753567,0.9974870054444599,0.9978728485134604,0.9960835918193516,0.9951499868836885,0.9858966475508434,0.9690276579323271,0.9559257677092506,0.934855413674449,0.9538311725945967,0.9477635414548755,0.9420063982474819,0.9397707724858781,0.9361224879613413,0.9439517683213298,0.9357400711921606,0.9144085044539939,0.9522330936339132,0.9342042469025953,0.9385230403094115,0.9467007240665303,0.9105383667564017,0.9049573389638836,0.9229368025066402,0.9072318537845719,0.9144541999464758,0.8899083084701015,0.9572291015625233,
pre_model_seis2_20250809163936_109.dat---0.9811276194506108,0.9642315259765573,0.9713399523787132,0.9792950915567247,0.9757648926763902,0.9772464621786503,0.9774003159280258,0.98831956814307,0.9834970694022364,0.9902487874420959,0.9774062681860495,0.9891492794454975,0.9889821505479506,0.9766182674889873,0.9826324202464228,0.9708449415625431,0.9540528483317923,0.9490179063234945,0.9456125064085189,0.9772065969128664,0.9786329559102295,0.9580234149759485,0.9693023583189709,0.9634243806109065,0.9750244562606109,0.9646079840799082,0.9573905289416549,0.9420263641200504,0.9472300473041232,0.9397511472572914,0.9370390080001214,0.9306499956982941,0.940380606283736,0.9465731711289548,0.9450379377331892,0.9510267122760092,0.9512895571523982,0.9449280060773477,0.9324408025011981,0.9523643451692395,0.9432497408015088,0.9626923900289972,
pre_model_seis2_20250809163930_151.dat---0.9337224299553333,0.9677172750949217,0.9678282636523944,0.9551490330161464,0.9540029231288697,0.9612328109967035,0.9616064450584739,0.9644370940786791,0.9506819918823286,0.9748411876802471,0.9827025699766796,0.9805728715727438,0.9802914714806193,0.9796055347743536,0.9882550982179489,0.98629530475878,0.9797774327983678,0.992879029232041,0.9908215694013068,0.9923381265731344,0.9788903470774951,0.9762988851353852,0.9807739465477927,0.9796903340141866,0.9890914867751143,0.9844793952598904,0.9826108247058384,0.9762910210749105,0.9711880599211806,0.9520526032402337,0.9498772990386162,0.9686981560111408,0.9787439766915574,0.9565284329648506,0.9684124631890022,0.9676548494760294,0.9536950311379965,0.9690847385912931,0.9714647149157115,0.9638588980828949,0.9497779518020918,0.9710712653410555,
pre_model_seis1_20250809165430_533.dat---0.9750502948112767,0.9897609498658506,0.9811322225464463,0.9895055219574874,0.9890703316332734,0.9902484478516472,0.9882690001092682,0.9825702973083416,0.9872565901250632,0.9829497881751519,0.9753847002756193,0.9908442375720276,0.991341471360716,0.9689263125423339,0.9640130461188962,0.9818422148571397,0.9816379734587252,0.9901858366552151,0.9912502500324472,0.9919497407504241,0.98142789898733,0.9869298296058366,0.9931178256225667,0.9915719432927952,0.9934352045705077,0.9850163841538521,0.9799049819139983,0.9814315776083403,0.968572044925295,0.9537596770875573,0.944647177761509,0.9350776023513353,0.9362946159665613,0.9168658381206423,0.9167199532732299,0.912026501600467,0.8861378532702543,0.8475473307752441,0.8426975226286905,0.7995241423545711,0.7470411587758237,0.9556813729915549,
pre_model_seis2_20250809163927_211.dat---0.9655378383933398,0.9705838596997953,0.975098414781862,0.9779616519536417,0.9844584144076285,0.9827635985858395,0.9892469084309982,0.9898415743247861,0.9877859826208699,0.9827607603841633,0.9898827660117832,0.9886179988003619,0.9880776966703647,0.9840973788280851,0.9800665401615647,0.9855386480556888,0.9893058422709726,0.981123180492125,0.9938956885051303,0.9939981091949778,0.9839940989845894,0.9740790054578528,0.9724737135461738,0.9643799636874862,0.955869848456225,0.9484338948606386,0.9386904506222074,0.9236471336738129,0.9232711675526611,0.9279164796277004,0.9299842369228555,0.8983084501035337,0.9075332730411224,0.9361611187062121,0.9472069905483949,0.9299058467667441,0.9566586153249438,0.9473865456193151,0.9469295837559318,0.8685383914287818,0.7779047803817897,0.9570711327229985,
pre_model_seis1_20250809165436_235.dat---0.9795624523488575,0.9845506180654228,0.9714019985274273,0.9874296481523654,0.9775449107125315,0.9866073452683387,0.995269408697354,0.9893682496057695,0.9953664918985767,0.9889222787689004,0.987643622046325,0.9843930501333815,0.9948320917577197,0.9968629062761785,0.9918425702748388,0.9950933312924085,0.9954269546006796,0.9927823919328655,0.9803074371459486,0.9865824686347832,0.9841930227614626,0.9858608960746927,0.9678809298940912,0.9649110057278553,0.9863386206312886,0.9888209193553814,0.9870216869597028,0.9859162603950961,0.9763445118089109,0.9728084847577986,0.9717216001727075,0.9711211487231726,0.9670407260673746,0.970393665443996,0.978367625264183,0.965084823383874,0.9580371758982619,0.9379371195172381,0.9382789437424557,0.9115200562318622,0.9596986517608007,0.9778314170905582,
pre_model_seis1_20250816100516_57.dat---0.9695993884532441,0.9730892934850282,0.9728342777467994,0.9395706061302831,0.9420846061111489,0.8706305645913008,0.8137756552936034,0.76823956979282,0.7127717820526779,0.6239257582600143,0.7237913328072763,0.8655344872159556,0.8871425722793992,0.9344288099012807,0.9655925698123938,0.9702939531434345,0.9669693372814316,0.9584682989684731,0.9378688292829146,0.94602183103461,0.9397538244374314,0.9175510419360984,0.921750876300239,0.9182923523250236,0.9442641370859247,0.9274388217347559,0.9468322763252854,0.9628796761100307,0.9688486344963326,0.9611248767601657,0.9655349266860487,0.9581523667830089,0.948565187379534,0.9493712342966242,0.9610488652068316,0.9529121440625926,0.9673410194745806,0.9750177296739797,0.9710750774945668,0.975884162921499,0.9738473732778505,0.9207346372783535,
pre_model_seis1_20250809165439_336.dat---0.9393228796675138,0.9627815149181459,0.9630945921846416,0.9539468954906312,0.9418825679559034,0.9641846870814219,0.9683018556153543,0.9484115970318802,0.9491802493709026,0.9594677273964373,0.9576867548800606,0.9555295229465267,0.948844384823861,0.9440666370009883,0.9442106976894529,0.9427091566208337,0.928137785622405,0.9854373400575918,0.9629912565839404,0.9736584411890102,0.9781697445869709,0.9622518227279755,0.9725154411742449,0.9644293852662111,0.9607163164105852,0.9658946442170503,0.9753169522267426,0.9769832623729291,0.9639748061891033,0.9515105359291509,0.9470156970070899,0.9509585495817953,0.9475439837524083,0.9320961893317451,0.9247904594322989,0.9230236107475169,0.9186060268581412,0.9306724513399078,0.9314753972026146,0.9164598313529958,0.9129886191007095,0.9512497627057486,
pre_model_seis1_20250809165442_283.dat---0.9816136928227643,0.9741369593056008,0.9801850475095811,0.9623761414984815,0.9598249452315976,0.9752325929535014,0.9599025752575686,0.9719250700789754,0.988544201703242,0.9853656189054858,0.9911039233531547,0.982625122252749,0.9935432233391313,0.9951985405675355,0.9950791144141224,0.9832958671416137,0.9833840049853353,0.9686823346190334,0.9797098388712127,0.9889696665750622,0.9900135628112772,0.9810203248723293,0.9819979875465966,0.9500575274101193,0.953667999340789,0.9512115990707286,0.9554027583070581,0.9567336310256674,0.9523219366260597,0.9372673437095449,0.9426081932549862,0.9359151620150248,0.9569018276970124,0.9446962869850256,0.9743004377597955,0.9782391437886577,0.9754705976991961,0.9720522578566437,0.965762286303705,0.9685824079737231,0.9650323926833546,0.9704866864908058,
pre_model_seis1_20250809165451_786.dat---0.9768765025705349,0.9723401802075672,0.9620643314316665,0.9639858755888139,0.9508840012379793,0.9385705849134549,0.9347573255744138,0.9463850076085263,0.9496304601883051,0.9381338737453666,0.9277601477570552,0.9483799278726205,0.9613276367630897,0.9524730377877327,0.9231197616968438,0.9602382914461144,0.9660206726440199,0.9432521483010012,0.9623160864816694,0.9236544403546961,0.9286058056806151,0.8982613206945061,0.9220587948036052,0.9379411905518736,0.9160156968702251,0.8962137840305288,0.8991519023592284,0.9083644170762861,0.9099379462850183,0.9079529171725359,0.8999694707880199,0.9085574032061977,0.90350662514803,0.8800210818167952,0.8986127234437405,0.9093167723894412,0.9539223990989859,0.9532814728859592,0.9494414989124417,0.9508248414200531,0.9334402836929732,0.9333553327438668,
pre_model_seis1_20250809165442_696.dat---0.9849859755469628,0.9848148167311406,0.9924448377139568,0.9954121956259052,0.9967025502061447,0.9968421478768005,0.993969708245527,0.9929102591346939,0.9887204943457728,0.9878236874571134,0.9893133286332162,0.9937735721839002,0.9881318254463506,0.9853708396297302,0.9898599489585694,0.9903375880715664,0.9910711000062904,0.9917007386983498,0.9880378644754695,0.9745666355759046,0.9693395095972562,0.978807632087247,0.9797929272749776,0.9782372524201493,0.9734571656708667,0.9739548934006019,0.9724641281934197,0.9689713478450941,0.9620226165399434,0.9183943051532859,0.9203218434104224,0.9266604128975557,0.8978577611759522,0.9052158894625801,0.9153913785190492,0.899498629703275,0.9307973621649769,0.9195860677012636,0.9194982085901975,0.9467305606919943,0.9531981288296775,0.9660241008754424,
pre_model_seis1_20250809165442_562.dat---0.9910913925518494,0.9834113144851773,0.9804611769041898,0.9878934643491736,0.9896756867217508,0.9796061314119537,0.9790551292409599,0.9454596856705519,0.9537896541138307,0.9562685075639398,0.9583666569473731,0.9519647036357166,0.9662801188901374,0.9558269236513219,0.9403412315710974,0.9435965786805309,0.9537301229567238,0.9645926709631478,0.9710692986066654,0.9718727197316619,0.9742467186671712,0.9733690271811473,0.9709796897585945,0.9763014563153374,0.9768407790939605,0.9643985236947159,0.9792511637335191,0.9699907933756662,0.9663838031637004,0.9536803988439752,0.9678978799274289,0.9689442661106161,0.9691240102064852,0.9688088426513529,0.9658277159567333,0.9665623041917943,0.9603439706573759,0.966667122358556,0.9612151634066479,0.9627667206573794,0.9689438936477978,0.9672414002987246,
pre_model_seis1_20250809165445_209.dat---0.9789368337439596,0.977499763837217,0.9920649080400864,0.9929702639596945,0.9857993823337168,0.9830856809886092,0.9860959954718654,0.9802159997493087,0.9782885267357231,0.9814878172787582,0.9793068523045451,0.9728992080100451,0.9741103121986376,0.9683290284578455,0.9713587783963317,0.9707540806804045,0.9791062379543507,0.9812244912774754,0.9810861623411117,0.9696694609224334,0.9546068236186463,0.9464144543587828,0.9553633371352787,0.972136588504006,0.9729820916296693,0.9607604704074963,0.9641969500619473,0.9595418471586376,0.9565858508637485,0.9427206820868198,0.9311526582786332,0.9343927339326491,0.936060119146569,0.9394398227624181,0.9423098876141763,0.9527523144630532,0.9654490525848,0.9652861046343322,0.9717767417015949,0.9729599764704332,0.9711201131099136,0.9671292293952618,
pre_model_seis2_20250809163912_496.dat---0.9701287762016825,0.9759195132178008,0.9761455879397761,0.9830593263257861,0.9802321409319641,0.9785118567282,0.9804238364628863,0.9690090019117544,0.957184704023533,0.9529362786459107,0.9561061890426539,0.9602770212598378,0.9600211187064123,0.9835114839183184,0.9911218494812614,0.9958924427035148,0.9944100952320267,0.9950092780902527,0.9922283702481193,0.9883030756600858,0.9803576509185945,0.9848047461642191,0.9895846704942085,0.9919774088112833,0.99229074359317,0.9885801131754702,0.9910944922900901,0.9919546025761162,0.9917598901594924,0.9850074200145893,0.9736509987259621,0.9849135442502576,0.9900254709893088,0.9934460751256369,0.9888520453186058,0.9907107867717538,0.9885352514533426,0.9883334864973995,0.9891802225334669,0.991638492115672,0.991061845973196,0.9828827293825275,
pre_model_seis1_20250809165451_130.dat---0.9904708258220016,0.9910355384596065,0.9930552700988949,0.9935921515579986,0.9936776387041202,0.9933022662826931,0.9895952245156271,0.9848872450622752,0.9828331379153838,0.9909396239465639,0.9912300059819608,0.9880758450896856,0.9888333863872003,0.9885801977355902,0.9894353809233674,0.9852408946739527,0.9832819380604683,0.9860730986408912,0.9890306437411858,0.9801383293875422,0.9767735338216351,0.9703790777112699,0.9757611354999443,0.9797179449801394,0.9728619183518511,0.9738082460405529,0.9708276175988727,0.9652559331176188,0.9776193064171664,0.9831744002598465,0.9803666167668487,0.9899941419736931,0.9896453510395455,0.9862768904970453,0.9822307285998825,0.9837701118633942,0.976444979082922,0.9821263364042264,0.9802152412189119,0.9767716019485341,0.9803872715702024,0.9836028543353929,
pre_model_seis2_20250809163933_682.dat---0.8677567376165513,0.8733388349190587,0.8311202924502834,0.8540936800060192,0.8927653955794733,0.8219442125091514,0.8987198411286051,0.9069076000393611,0.9310536174838043,0.939857945891717,0.9593636429703535,0.9832552178922324,0.9839744314137725,0.9855150404403132,0.9820153528300902,0.9827183956662879,0.943714245832795,0.9300286681834546,0.977947354454908,0.9893384601119795,0.9856791293904416,0.9619638738014947,0.9685173066695351,0.9541703848218677,0.9571181791676622,0.9401667917858371,0.9176622667104555,0.917316363579463,0.9074252380102115,0.9153968318370285,0.9140484390324596,0.9508085348389888,0.9685407584888628,0.9640541975536248,0.9438371874155718,0.9152345987046617,0.8833857802453218,0.9261046970620045,0.9336426406139592,0.9527714175168116,0.960045617680301,0.933495590301141,
pre_model_seis2_20250809163936_826.dat---0.9858659489799677,0.9793913813161312,0.9821750262007062,0.9823371132764279,0.9789555512993557,0.9634811537831335,0.9673410498718445,0.977215914954084,0.9515450502921335,0.9647912659693986,0.9632806560113986,0.9333637110223801,0.9621840353132123,0.9771595148444171,0.9943553422378881,0.9920369332064105,0.9879683773415292,0.9722877491804668,0.966725561720218,0.9723775280512209,0.9743930959914512,0.9770460354474182,0.9845931538231245,0.9729696476860562,0.9665194282385118,0.9707518492726317,0.9721956157163495,0.9672749437920581,0.9690821223833458,0.966217907108994,0.9710680750041567,0.9722587307533103,0.9732565640945879,0.9746787392842317,0.9747907864096503,0.9743047443540868,0.953824442623213,0.9437224453956697,0.9583044968905349,0.9398148729737549,0.9613057147162528,0.9700783482154078,
pre_model_seis2_20250809163912_448.dat---0.9906142524401813,0.9844960685095969,0.9901837699990896,0.9842229235565357,0.9861285660003528,0.985773427334817,0.9822030824853785,0.9760812621620524,0.9855808004005262,0.9897349692988681,0.9952474934090053,0.9950157954793128,0.9948227344371104,0.9914683404936705,0.9876084400199314,0.9957264989083006,0.9940881921576902,0.9887114379672628,0.973833243800982,0.951687251497352,0.9374474459973396,0.9473423592882149,0.9218610547438537,0.9251258263157232,0.9143430832670167,0.9498755645186132,0.9427257880419276,0.9531457867798802,0.954882671757457,0.9536346501520753,0.9595399758176487,0.9442208466231772,0.9353226100415588,0.9318224688662633,0.9662532751897865,0.9696000834873845,0.9660647823254067,0.9599491409522894,0.9267159008829857,0.9578798676293366,0.9504034867226736,0.9656435419453322,
pre_model_seis1_20250809165454_823.dat---0.9840301301178952,0.9857772646278301,0.9750338248191738,0.9723938138458837,0.9457473177606213,0.9737181067999507,0.9646609580260901,0.9499816393874536,0.9659868303711667,0.9702499559425989,0.971967305818278,0.9782073337979884,0.986682640847329,0.9932559098095766,0.9770182046583287,0.984081327058518,0.9595834795552971,0.9539500547563642,0.9155764769509209,0.9312829732403901,0.9307165171856244,0.949643663867214,0.9456065251828379,0.9485961419632174,0.9375005338271631,0.9750932064845014,0.9812324467677402,0.9897319794227974,0.9793497992241985,0.9712825053505298,0.9701315606620508,0.9465973510825821,0.9652380262653688,0.9501024575457158,0.9607156970962001,0.9554780067053068,0.9448201132565305,0.9506148066387288,0.9285192947588604,0.9298147392799978,0.9283725953367714,0.9604474028315996,
pre_model_seis1_20250809165445_651.dat---0.992839000892092,0.9931068329294834,0.9938795576525259,0.9943727394334738,0.9945858489112293,0.9943185706555869,0.9935717978422969,0.9942688998871746,0.9932323735218533,0.9933707346037713,0.9934452285398653,0.9907236655372154,0.9904480042985397,0.9907062293987715,0.9917149223551424,0.9951855419121525,0.9964489560185867,0.9958833706167733,0.9883142226834972,0.9905622483920544,0.9878757715937141,0.988264670589658,0.9923616304853895,0.9917616900399119,0.9847454691071824,0.9870196325838803,0.9840064696730318,0.9850844045471302,0.9857175089949636,0.98558729700289,0.98432212375158,0.984214356408013,0.9822236894672409,0.9794247098302051,0.9728698091017542,0.9651569887212835,0.9665237391726227,0.9617357750342989,0.9665030624769733,0.9567959815947609,0.9536201452769679,0.9855315529642813,
pre_model_seis1_20250809165442_77.dat---0.9816881408903563,0.9888526274805832,0.9864909301615963,0.9863554297293785,0.9874128230271054,0.9907770226503765,0.9891134903366651,0.9840024353937955,0.9756469166914844,0.9376574865167507,0.9485683762572422,0.9642732398763615,0.9728303207963256,0.9807653996250478,0.9872949826984156,0.9909626537095854,0.99651818027438,0.9932085898621703,0.9929381136334088,0.9926625234509217,0.9902316017356592,0.9846733141721145,0.9873732651613912,0.9742500578276404,0.9675710559552799,0.9554209524146352,0.9489858164520854,0.9353957369039465,0.9258713129651679,0.9055789351446182,0.8617509464457009,0.8687987571475857,0.87486743416415,0.8678807786224261,0.8339740902832122,0.8676935095188791,0.8481892311089752,0.8736690265949365,0.8954434285009354,0.8825052149752683,0.8690883663319412,0.9450544515972804,
pre_model_seis1_20250809165433_621.dat---0.970322685136485,0.9759708730971458,0.9767944976614992,0.98123600048635,0.9812301286686727,0.9809954732355669,0.9818335485686257,0.9816774445704741,0.9883435404013206,0.9911293387998463,0.9933596448546317,0.9953223175561156,0.9949421027905421,0.9917437826969481,0.9949829769629577,0.9892223719084222,0.9848756396862116,0.9871713597122027,0.9907121631318668,0.9489975250307893,0.9425981465312154,0.911957824897517,0.9150133154124843,0.8306260302684952,0.7983806245229985,0.7653142073953445,0.6414174744138124,0.6228879410745709,0.7164559394353102,0.7964781461771245,0.8427046917036412,0.8457548011972073,0.7843522133097818,0.8545074552835119,0.8636809366760637,0.811405760187233,0.861476094972831,0.8306453814980507,0.8270856181606807,0.805261286357,0.7804278570735038,0.8958364673537818,
pre_model_seis2_20250809163924_148.dat---0.9787572637335772,0.9840126455721353,0.9839640635282163,0.974774727194379,0.9743588096477784,0.973585980171082,0.9739659236078906,0.9696305966259322,0.9731155376305904,0.96733773019409,0.9240236033185071,0.9362093145090393,0.967582690058886,0.968291985349317,0.9795367587373793,0.9786128353404202,0.9822590127896266,0.9889298663632637,0.9854220316380418,0.9844685976680095,0.9843879662673626,0.981050706273731,0.9747493639588972,0.9716928467726912,0.9776127864874921,0.9791961012790976,0.9797640729556796,0.9826994435087072,0.9811535143129372,0.974319627139083,0.9717487937365529,0.9701695680920612,0.9657328047511965,0.955873604067892,0.9433610401220422,0.919305947012931,0.9267881996426818,0.9014228545155881,0.8949256730977314,0.8420790811296743,0.7978468171493919,0.9591395313646724,
pre_model_seis2_20250809163933_341.dat---0.9763555753968044,0.9849082786624799,0.9878911596931882,0.9775442748090903,0.9772877653724544,0.9826633283104629,0.9855335310055763,0.9845147523375535,0.9785258945715326,0.9634535864534085,0.9673129859277748,0.9582888336677825,0.9516546981361569,0.9580194918764087,0.9609186263988377,0.9835720438151426,0.9834153167303122,0.9851802650893273,0.9865421952860556,0.9767289671796522,0.9623678570792253,0.9358337244403181,0.9535063300839884,0.9428329922176374,0.9183917283714299,0.8793316576287272,0.9205171027313512,0.9326684327268359,0.922237997002664,0.9366754253000386,0.9518599717656901,0.9434733443302706,0.9618611396556218,0.9450825120078208,0.9495176485706691,0.9454219957042763,0.9449906949884067,0.9447650725576741,0.9331551637119095,0.9371877169679177,0.9447308284276589,0.9565053879753693,
pre_model_seis2_20250809163918_35.dat---0.9623841372655032,0.9716429323841703,0.9684650843760292,0.9754545700962826,0.9739556752224572,0.9698973064965333,0.9545286819332114,0.958932925444697,0.9544649665499467,0.9456548539131778,0.958455884610676,0.9653588943672546,0.9540759039424496,0.9791520492186766,0.9747789433846359,0.9823980669948238,0.9876445485899313,0.9783376504625867,0.9861761791679321,0.9854877236020987,0.9870766223550277,0.9854784328914116,0.982013743155354,0.9776168130054962,0.9748783263661072,0.9772324143723726,0.9725154220965357,0.9526619258438896,0.9326480055958578,0.9287350137531453,0.9293209334621373,0.9165319925333473,0.9195683015483389,0.8986767345827806,0.927726200324451,0.9369672726668516,0.9249805802967233,0.9161035615279804,0.9191961960394026,0.9280150578633303,0.9333579306947252,0.9563060599755691,
pre_model_seis1_20250809165451_829.dat---0.9836785600405811,0.9802634228527559,0.9874607746125875,0.9833667487771823,0.9819054077636985,0.983727386129205,0.9642654274668927,0.9614653501404037,0.9539776001684787,0.9655525352806212,0.9656995629219043,0.9527325093573563,0.9532020102640962,0.9680065121525466,0.9745900357209994,0.981181838175916,0.9815316934539008,0.9832643094407635,0.9909392102094424,0.9885023046189685,0.9865912781623806,0.9889801218597852,0.9815952094824104,0.9850257230353711,0.9804240467062052,0.9807223454862327,0.9827985588660915,0.9757120812055458,0.9849121305722511,0.9836352035864232,0.9806704194441371,0.979763428327292,0.9749193882144688,0.9755234122621029,0.9658865958513039,0.9667365361964798,0.9686320877517345,0.9685910732469852,0.9664126125079103,0.9664628366265337,0.963923649271646,0.9754446814197948,
pre_model_seis1_20250809165436_581.dat---0.9416085581838974,0.9600386258414155,0.958789346847672,0.9529188663829178,0.9536407139163321,0.9707329635320563,0.9721353528497176,0.9748746742194151,0.9644895912295225,0.9685413150024615,0.9716650328856337,0.9701735046866062,0.9498538401083415,0.9208551005973802,0.8820215006253316,0.8119103765222028,0.8436114571255936,0.8370109049158392,0.8119242011371683,0.8469416631944767,0.8772650031829655,0.8630463198093533,0.8852406531194371,0.8483221918833297,0.8498480348766067,0.8409174993151539,0.867282906767447,0.8814230332943872,0.9227998576660222,0.9342474661877884,0.9601794128405855,0.9496736820198877,0.905798041400483,0.8634069408770891,0.8780422429304653,0.8824834008075676,0.9283453551336276,0.9472032601417082,0.9560588658496116,0.9691792670999319,0.9770872323149729,0.9134533721298146,
pre_model_seis1_20250809165451_843.dat---0.9938484823264645,0.9939835017019177,0.9924817123019529,0.9916858813764252,0.9855319199529947,0.9826678936606463,0.9819955263482438,0.9791654488531258,0.9768174227068592,0.9683507188887697,0.9722233246366482,0.9599182972636008,0.9180238633365363,0.9181435123549441,0.913777572706935,0.9782014399847789,0.9882998236818129,0.9841356949784127,0.9834460928443333,0.9857788398682515,0.9808798525939544,0.9759336738088467,0.9741688191441826,0.9308191988147699,0.9192152764954317,0.9563842634106987,0.9441169010523071,0.967068107333016,0.9810556623748703,0.980788122124892,0.9801247065220626,0.9825140200882106,0.9750497636880696,0.977062720121793,0.9676349628546318,0.9436920392920861,0.9560423750855078,0.9520220458521582,0.9621842551180022,0.9679831210410307,0.9753857640190303,0.9682586005026638,
pre_model_seis1_20250809165433_467.dat---0.888675391913742,0.9236203466513196,0.9190665348266495,0.9133090184448517,0.918318334624964,0.8899299731008258,0.9322545435880734,0.9433293255553105,0.9111986225926316,0.9484803185794837,0.9672138407493964,0.9634146489687028,0.9733357599039201,0.9666298778375849,0.9643525724342673,0.9837616536281847,0.9873094242560404,0.9939133073151726,0.9913001891075239,0.9853403074609783,0.9717226137987843,0.9650983014377481,0.9535052834866349,0.9285073576223454,0.9555435296848319,0.9561684614595032,0.942155230422344,0.9306965205356229,0.898937977308748,0.9146004961933892,0.9107213384676139,0.9047428584604448,0.9077273650180059,0.8861813106659959,0.843722147877078,0.871678977643708,0.8180310961822126,0.7596574264133009,0.8337317182824499,0.8131027701104372,0.7325748042592672,0.9186234530943924,
pre_model_seis2_20250809163939_894.dat---0.985610283431579,0.9756228873918346,0.9870768475853484,0.978659953114221,0.983739402696467,0.978243716933276,0.9695217446979919,0.9694924188362338,0.9508028885734932,0.9483339707260994,0.9568337449835623,0.960952087727737,0.9362888237315378,0.9775332231370357,0.9797777354192913,0.98323276270055,0.9862805096751537,0.9871299578752243,0.9871372662296991,0.9855295320782319,0.9739036789368782,0.9489523367297464,0.946039447557184,0.9241296407546127,0.903184760040232,0.9191803821876188,0.9431507831598167,0.9652066238054444,0.9772459766972498,0.9811887959859247,0.9793932266964845,0.9717323153607593,0.9691362415644162,0.9650217629108769,0.952031420176337,0.9110792675410574,0.9138571275028653,0.8980728067692418,0.8633475927650452,0.8893720779229791,0.8715992796488582,0.9545030561526391,
pre_model_seis2_20250809163933_210.dat---0.9934195643237279,0.9888904268798308,0.9952439803672662,0.9921757461409918,0.9926383721235716,0.9854637718813725,0.9898497501594594,0.9849978903861172,0.9799432304068368,0.9791502492478183,0.9704915151019249,0.9687729214523808,0.9828499913724702,0.9805906714292951,0.9923337318715275,0.9914886374185902,0.994400167756584,0.9915976928947106,0.997379928998308,0.9934701996780655,0.9921650799418393,0.9870908478870899,0.9953999894384272,0.9934594474631488,0.9945179774507149,0.9916830809095845,0.9892279485650054,0.9848570268962175,0.9833802183315261,0.9785840615369895,0.9733857492071655,0.9709625662880248,0.9779538198079372,0.966032761363659,0.9699160078067129,0.9694010984934393,0.9511243381890172,0.9676201385021164,0.973434092978447,0.9801324795803159,0.9777595833312719,0.983249676923402,
pre_model_seis1_20250809165451_735.dat---0.9852439591850162,0.9678694413405163,0.973412486369384,0.9814280247668052,0.9893167794453195,0.9932886268789852,0.9942312935812091,0.9927648709676842,0.9941658037886487,0.9940661658498972,0.9948716892665256,0.9956188729486245,0.9969569485766346,0.99561764016863,0.9958607071997931,0.998735555460754,0.9989352586430655,0.9972520517274661,0.9975474633038766,0.99486508388574,0.9933070082415573,0.9906184979651997,0.9899773609860137,0.9782291730789423,0.9759226358094981,0.950653294777206,0.9574492831300554,0.962081670025595,0.9657440743745529,0.9665200988174415,0.9616397221320417,0.9530065243227556,0.909890764486531,0.9105034258555966,0.9490847979368011,0.9385226614473067,0.9459492531954611,0.9507572917168596,0.9360845729102947,0.9527698943467269,0.9430632321094435,0.9735079014883039,
pre_model_seis1_20250809165445_132.dat---0.9855112467595618,0.9869105005421431,0.9782589414167463,0.9841055313272022,0.9880118132547359,0.9889639208153493,0.9868409327907217,0.9851482232580665,0.9680700263881364,0.9744233946134795,0.9724546174425581,0.9539333968845707,0.9555249872388858,0.9644614957149906,0.9686854432761882,0.9833707700874397,0.9859951052189245,0.9767225177121819,0.9826909695598518,0.9835204258590298,0.9872862605196902,0.9893732460429988,0.9879715205333806,0.9912205790667421,0.9889008621225283,0.9804970514472465,0.9683928483895293,0.9670826744381849,0.9714158328413016,0.9555338039574687,0.9639882788442127,0.9642181624105584,0.9845221611172363,0.9910554020303799,0.9904789986482786,0.9874223977931703,0.9894471555980614,0.9780569241066046,0.9846002374952534,0.9857111404882799,0.9705589747686116,0.9788131408004994,
pre_model_seis2_20250809163921_789.dat---0.9788665847795625,0.9725423809273224,0.9723562741599874,0.980282106153735,0.976436560224169,0.9877779700566588,0.981255098264327,0.9831191725807767,0.9758401580951152,0.9683618063518983,0.9759958106006011,0.9802619603902967,0.9842320764209536,0.9918826292870514,0.9928859999374368,0.9794084641452595,0.9835828984362776,0.9897675712737141,0.9919283332312697,0.9659367285845704,0.9697945200877794,0.9592159727769155,0.9492187700925144,0.9517777787231194,0.9506598915594925,0.9488051055246931,0.9427213181632267,0.9475153646423975,0.9460394795609076,0.9073793905952482,0.9135050098040745,0.8810232683421921,0.885094761975989,0.8877667188687117,0.8518141390908082,0.884585532590407,0.8776530129633305,0.8781410291208079,0.8559746674246979,0.8991539544080066,0.9000993017715541,0.9463575505362892,
pre_model_seis2_20250809163912_690.dat---0.9826913504512367,0.988636751317216,0.9757531112530763,0.9790798864679544,0.9693235476206766,0.966244651907315,0.9540908346716832,0.9408325005152903,0.9601102624376088,0.980143261105551,0.9769026096749075,0.978638281988204,0.9653495769851967,0.9804530671260209,0.9612105608438417,0.9508967896624204,0.9349651011492831,0.9508019198208508,0.9484217587473253,0.9172113545682956,0.9310779147349506,0.9546515075271108,0.9691034634278378,0.975865080481625,0.9691594978710357,0.9564501146377499,0.9171349630439161,0.9117281706069078,0.9280070256914887,0.9099160787114923,0.9289098740460727,0.9262083554073575,0.889266665337529,0.9159163836138773,0.9216700779552115,0.9211974314312351,0.9308213222454226,0.9491896022222756,0.9148291912562535,0.9308832672642217,0.9542917750429386,0.948000852216353,
pre_model_seis1_20250809165457_402.dat---0.9665356372162617,0.9681692196234455,0.9814304710133858,0.9834301985203057,0.9805180923481678,0.9695282491716349,0.9759924294714812,0.9640006591656621,0.9712176628257018,0.9756718771946068,0.9772801093925102,0.9842072960728319,0.9954165332866184,0.9952701247769888,0.9970202027948873,0.9932884765636202,0.9931280397514737,0.9885295353920283,0.9893117940259266,0.9916725091527037,0.9866224731238503,0.9928360915584891,0.9861390440397829,0.9849865310642469,0.9889748415651322,0.9882903189841472,0.984811591771377,0.9862352667300788,0.9919429623659367,0.9924171207813588,0.9941434066833512,0.9948098685769301,0.9933730364939978,0.989658518041185,0.9853463979763286,0.9845913552179837,0.980598195154194,0.9806693264771233,0.9785658350050879,0.9765326960708556,0.9752581047213414,0.9843517585405612,
pre_model_seis2_20250809163912_361.dat---0.9814820305872181,0.9859018119415232,0.9831326499347096,0.9769593453478146,0.9860228281570391,0.9827186081990341,0.9678756756173571,0.9868843675434315,0.9810413595394948,0.9776150376452819,0.980637670860822,0.9689626870930667,0.9651125546951551,0.9756818293195066,0.9801338217037581,0.9809380689395258,0.9726262146413491,0.9186959473319324,0.8955533224380199,0.9200316182086171,0.9268545142939306,0.9338179100166085,0.938938283799648,0.9237106451697826,0.9607638728513016,0.9344112231966089,0.9044028575293133,0.8994732982338711,0.8957243300968767,0.8502588035200248,0.8812457907968745,0.8575191885911758,0.8546954612928861,0.8605691957476209,0.8608871753342734,0.8934302393682411,0.8696670503918179,0.8621572627252851,0.8803386191276319,0.8468250987248725,0.8625222618886531,0.9284444032302918,
pre_model_seis2_20250809163927_671.dat---0.9826295921629022,0.9885943804634197,0.9904814848613505,0.9868778190857865,0.9894795947238728,0.9875373140612156,0.9904440987785078,0.9874580882544427,0.9862551947149024,0.9865265142646538,0.9873875380026383,0.9861623043838217,0.9887099290457821,0.9915394366482643,0.9951217560769728,0.9949336120659441,0.9953784793318441,0.9968721268379431,0.9926718617682015,0.997869834274986,0.9936452636470967,0.9910783212420137,0.9863204140820414,0.9855500481125263,0.9751133998581862,0.9680681752181075,0.9611639782565028,0.9534773070783986,0.9336542724914982,0.8975418274300055,0.8995689894111405,0.9078203971165791,0.8896370191121038,0.8785049857743308,0.8726769446333092,0.8794850063850708,0.819721098103327,0.8173916956954753,0.8456892490865686,0.7982765526757528,0.8330953434627547,0.9485466158214693,
pre_model_seis1_20250809165439_679.dat---0.9770213311461683,0.9813777987132881,0.9493138540908583,0.9505703489312262,0.952621303657072,0.9510604867281648,0.9473618864746317,0.8850130165587757,0.9037515460815249,0.935059681807361,0.9118728600533347,0.9508198217275606,0.9788230983075242,0.96866353424191,0.9821466698303711,0.980711171080733,0.9817814600742316,0.9773787348634458,0.9747573490754395,0.9650663406554523,0.9615312105637854,0.9579044881853325,0.9710450926309252,0.9630477555466304,0.943415743344577,0.9241779754354897,0.9223362474478208,0.8878525048894196,0.9092021854708743,0.8866582237674807,0.9057782877395812,0.8772246288574604,0.9213421232765272,0.923660478183579,0.9125386426106389,0.8839166021218042,0.8797488240748894,0.9351967569292642,0.9372443692843397,0.903286619218743,0.8922281879406381,0.9366953473565578,
pre_model_seis2_20250809163915_480.dat---0.9763044753044485,0.9714309431225213,0.9891041952071319,0.9890227994634236,0.9879610483715422,0.9842735769741576,0.9861548565227085,0.9815934272524487,0.9868217448495352,0.9839354269117284,0.9829537184037118,0.9797694708595726,0.9860922148132438,0.9847442714844712,0.9919269065196723,0.9911524954532227,0.9938497907106059,0.9954037168315566,0.9954276716890592,0.9939527442116511,0.994259820178469,0.9936659165324708,0.9914986791262241,0.9866243852623104,0.9898472607021778,0.9914018307143162,0.9913663360135969,0.9841716272316073,0.9746122603692169,0.9807018639664195,0.9808509802530987,0.9736357518531438,0.9749954878763384,0.9664411006392745,0.9723852384223829,0.9789984193074525,0.9768140992260549,0.9756011293172323,0.979225777416487,0.9713239681244238,0.9745016549739486,0.9837755873771479,
pre_model_seis2_20250809163924_265.dat---0.9794880109481132,0.9818010618271612,0.9711428717983595,0.979824529617355,0.9850778274475605,0.9858505525673057,0.9859501781035123,0.9877237735578381,0.9778482021198495,0.97104372318065,0.9598884779202653,0.9372364116227445,0.9606610248566221,0.9718838938904898,0.9733056554828219,0.9842617671734929,0.9612326636924089,0.9518828170075282,0.9489307327910148,0.9657630680543288,0.9658441351152451,0.9613896858078612,0.9689338370586449,0.9720007219181078,0.9732824731564511,0.9538954763932125,0.9536515935634445,0.9290131494572291,0.9374182689344959,0.9371183551391239,0.9260969670388661,0.9074000467467436,0.8980898214495969,0.9169724169494402,0.9002205414456691,0.9269447174130939,0.8914529405769237,0.8686859651935717,0.9131788042059059,0.921533820793352,0.909862286255457,0.9500922748358991,
pre_model_seis2_20250809163915_539.dat---0.9762468732819033,0.9698395811085669,0.9801277976222584,0.9595215883395349,0.9740394533907685,0.9801514505054513,0.9931026538849265,0.988544606499352,0.9922806139890841,0.9958539582980062,0.9956330407889628,0.9921909047861732,0.9891376904536614,0.9910743244823801,0.9739899063702009,0.978415050361252,0.9741837335137119,0.9743730380205017,0.9704886926408219,0.9722276129269721,0.9641384470221239,0.9457276103793005,0.9363990924292157,0.9184337935358399,0.9217202789737478,0.9220378986683984,0.9552582608454965,0.9221648023429498,0.9408057472223483,0.9690965552994776,0.9582431968321593,0.9549177926264033,0.9621800532339431,0.9548821179073937,0.9528154983329072,0.9774301037160115,0.9757387611528001,0.979253090859229,0.9804616513639293,0.9814962710138013,0.9809947564121284,0.9676980085715635,
pre_model_seis2_20250809163915_424.dat---0.9648058176018052,0.9778498828933196,0.9752209959782041,0.9789063500017247,0.9755111087110222,0.9567304715118113,0.9743164786519598,0.9716589592602459,0.966190764402477,0.9711007804847253,0.9725402305153302,0.9679627235924532,0.9338281820509696,0.9482204428226715,0.9324156804971119,0.9040754955911323,0.9542366174665984,0.9086583929927683,0.9283535036020986,0.9399996723729206,0.9283874965418593,0.9070285816676504,0.8718055691912441,0.8824222226132424,0.866299975551184,0.950659111516116,0.9409682457892244,0.9211222138238077,0.8946199946218988,0.8811970622050944,0.881545739770538,0.873722744891812,0.886978732772507,0.8904901530845449,0.9033536371188035,0.9259809596021839,0.9068778144399067,0.9171772421704113,0.9156360956952235,0.8997897297235595,0.9070592123679964,0.9281879289307358,
pre_model_seis2_20250809163930_763.dat---0.9865028462215376,0.9863957669636109,0.9846117752067273,0.9791699309024886,0.9802190885055939,0.9768096420216029,0.9858017536412106,0.974250117591703,0.9533895550001377,0.9702958921552537,0.9766398299371248,0.9927093705732386,0.9904357562768006,0.9889764241020002,0.9867178172516163,0.9904998198627623,0.9954928285891379,0.993586265190749,0.9927573731722937,0.9921453009310441,0.9915723605440526,0.9883269921656386,0.980768909386941,0.9877843215349681,0.9847019062945163,0.9797296489297465,0.9855052844496854,0.9873105995999648,0.9853029378415478,0.9883159580966584,0.988368328006772,0.9888321522420026,0.9896842889373432,0.9812771388514523,0.9853751202345491,0.9835863979766257,0.9784443492057192,0.9681905134318367,0.9641776015442508,0.973601749368569,0.9773784512029584,0.9833083454620106,
pre_model_seis2_20250809163915_668.dat---0.9442253524200784,0.8826733324965511,0.8883884397531178,0.8900419529211877,0.9400676984430537,0.9192958737957637,0.8918335153157343,0.8812453735013965,0.8946839430847693,0.8874067873376476,0.9329362637004194,0.9763569049868306,0.9814802825004941,0.9759812777967262,0.9842192208161911,0.9890065564391469,0.9945239870927319,0.993987589183524,0.9978593973024507,0.9959961849347642,0.9930925807088932,0.9929168552285651,0.9908702240462043,0.992334971954478,0.9902726830128721,0.9876708389621622,0.9854622146026897,0.9798115007446518,0.9706014746919983,0.9683290269654801,0.9548423678156737,0.9564969300145258,0.9376895418013533,0.9558650247657678,0.9823727947204994,0.9776088903367257,0.9548803676093409,0.9683701137741034,0.947052114944814,0.9158985982851733,0.9407462157208295,0.9557413479153511,
pre_model_seis2_20250809163924_274.dat---0.9866188743867578,0.9688265681147099,0.9871922493363852,0.9858488834065837,0.9864959782904319,0.9820999413883669,0.977493911587811,0.9782716167723156,0.968407928771683,0.9725263175584005,0.9629023626226285,0.9538164708979264,0.9464920957527492,0.9767410813537949,0.985012736874519,0.9848947664065159,0.977200671136006,0.9805422126908016,0.9821385490988788,0.9866396070280837,0.967969101345937,0.963836105224664,0.9592130943282754,0.9431800635944791,0.9381530498456939,0.9286661300050382,0.9342733855134121,0.9471366715750189,0.9559965129895657,0.9545713853877823,0.9226577120007868,0.9295476918237056,0.9394906206024168,0.8993119312039919,0.8932215804817584,0.9364986774796175,0.9135004464527495,0.9448478384221293,0.9154649944479631,0.91723962130386,0.9550504794643578,0.9558534126089892,
pre_model_seis2_20250809163936_717.dat---0.9925527797000274,0.9918626918443065,0.992428900856552,0.9914399093663918,0.9946673217729648,0.9910067619040281,0.9881537392891191,0.9876774278331165,0.9868414196242221,0.9839822577370707,0.9832611864909616,0.9794880925815315,0.9835304817916615,0.9905015168158627,0.9951057975864657,0.9969136371409212,0.9950197987662952,0.9888640369385506,0.9926379542457219,0.9930020361168911,0.9954797904427303,0.9969053357405294,0.9947690250736911,0.985558898745865,0.9833976433287154,0.9780499887986958,0.9712242759734825,0.9711314943901925,0.9557294773415244,0.9490369590695865,0.9484339156204686,0.9454278782886303,0.9455183669033139,0.9460896038676194,0.9512544853688031,0.9379344457237536,0.9585232443895947,0.9436824199507344,0.9538322181608317,0.9526087946777979,0.9353804593695688,0.9755830846250925,
pre_model_seis1_20250809165439_12.dat---0.9658494894869393,0.9872560836063132,0.9755719518305541,0.9814806948213947,0.9851541261227545,0.9761396702211513,0.9631964730519657,0.9584910787908952,0.9532981156066546,0.9329814427757694,0.9239138027813905,0.8895982760810598,0.9141048934621967,0.8939303360992955,0.9254082248257786,0.9258557187763533,0.9430289456603053,0.9784115626649784,0.9718170514250419,0.9644382884816302,0.9398405664086572,0.926438069185357,0.9149192734460788,0.9238496360275331,0.9380290874858581,0.9494925399488032,0.9010204428486968,0.9124055150375441,0.9184869037127963,0.9100104498718705,0.9247520666708773,0.9316814631515022,0.9355930130258012,0.9350835655332981,0.9542518198169415,0.9483336615446445,0.9566051595085636,0.9516898445414425,0.9523261486192064,0.9564749069627045,0.96480644252928,0.9428296781085334,
pre_model_seis2_20250809163939_810.dat---0.9915581498846638,0.9855858129861731,0.9923246832086647,0.9930043017357438,0.9908520772480859,0.9905591406241576,0.9819443804021607,0.9808709069384213,0.9776879369213639,0.9734828544672979,0.9490852381465654,0.9602067239856764,0.9701054424100382,0.970428676727702,0.9742674864840823,0.9709831906079599,0.9929090989172756,0.9939292776137809,0.994719418736386,0.9975939197573765,0.9893057140329506,0.9819143159443551,0.9787039264056215,0.9721472586229151,0.9549359243888169,0.9730361478644357,0.9691837676517416,0.9665662793978349,0.9587996344982905,0.9418464023375943,0.9536416911305855,0.9540245743415448,0.9717249500141656,0.9714725463717178,0.9797138917301604,0.9824197702933273,0.9748335036033315,0.9701926015026248,0.9591551532751028,0.9608667454686278,0.9503690193163048,0.9743159155120885,
pre_model_seis2_20250809163915_829.dat---0.9770577469948082,0.9809483987410027,0.9824167324521755,0.9826002720591533,0.975563269393387,0.9757379499041274,0.9781218715980327,0.9682212947456489,0.9876547647555864,0.9926223976921466,0.9939613599966272,0.9887217029977504,0.9601937150547221,0.9700956535597527,0.9770794171191051,0.9863387964673651,0.9761514261982371,0.9443224714585255,0.9461928857564295,0.9432408512751687,0.9330507514763632,0.9422038287627987,0.9373257604278148,0.9298896267525665,0.9306156226380539,0.9301759448485182,0.9446474473588476,0.9511633807115709,0.9425189655512232,0.9465284771032624,0.9511467122058473,0.9260607887491308,0.948728082536324,0.9360008707811017,0.937960206693844,0.9436016197123294,0.9545681636658285,0.9591756926895907,0.9638386697414472,0.9756565823716227,0.9750381435434314,0.9596863004034454,
pre_model_seis1_20250809165439_570.dat---0.9852528379987195,0.9880130000501206,0.9867865751007346,0.9890363962969229,0.9877129204780986,0.9795007160292559,0.9751895458570587,0.9742138487000799,0.9647830128060576,0.946773820739625,0.9528001664943421,0.9460598174996959,0.9455564854513548,0.9422016330661954,0.9302314443939834,0.9014171929788273,0.938776090489902,0.95283977322782,0.9313130484785813,0.956959389740663,0.9481166461216556,0.9455062661049103,0.9513973225373051,0.9576436909083759,0.9610369448606403,0.9605928013461434,0.9450607361048529,0.9410799798821564,0.958167583936903,0.9585394311378865,0.9677550746146188,0.9692553442732644,0.9529394594486095,0.9525070538419478,0.93735313808391,0.9479248988047413,0.9365129031572925,0.900762393509778,0.902042846505616,0.8539320648771154,0.8739824845629681,0.9487201653780178,
pre_model_seis1_20250816100543_53.dat---0.9813354830764798,0.9752307523281235,0.9683769817475071,0.9756991064673369,0.9714674331966475,0.9696210291239419,0.9560029979221557,0.9376185881579416,0.9416362195642278,0.9273495912079099,0.9473610332888321,0.9403068135864652,0.9462709167843549,0.9605555595536747,0.9772802517983298,0.9752582728545299,0.9822825571052914,0.987134680632636,0.9871435342342182,0.9882264697604619,0.9797757941386139,0.9747678833828262,0.9726896473984862,0.9453043240556912,0.9496223573139059,0.9181174171266141,0.9397086130914187,0.9164558869478041,0.9119556047117381,0.9139168832590446,0.9141104635217794,0.8778379592608092,0.898344279676209,0.8858775211705622,0.8907130227983818,0.8776439313319793,0.875781783468374,0.883952936653033,0.9003226394477973,0.898237158631053,0.8855429908241774,0.9391911553805211,
pre_model_seis2_20250809163915_666.dat---0.9842070863477984,0.9897690701412739,0.9860131467275686,0.993581219429199,0.9942918132684468,0.9929002005056373,0.9906385969385016,0.9866771397557775,0.9826926721356427,0.9870557207047781,0.9896204467475984,0.9885895991183861,0.9733416088784701,0.9855780540726297,0.9798358802857055,0.9780662762812403,0.9645381745574461,0.9711264510043162,0.9604156232951024,0.955325317442253,0.9798422728114251,0.9814547283043455,0.9783958404303451,0.9777294641457912,0.9696034175176522,0.9663594391940734,0.969600405135809,0.9688933673939344,0.9703781481501459,0.9663372181987318,0.9474878409423519,0.9459161776783787,0.9505979064966289,0.939953712246628,0.9443098521098391,0.9418987257517295,0.9506927050712738,0.948249256211051,0.926088013551028,0.9372278348372969,0.9137924992504101,0.9685139737333326,
pre_model_seis2_20250809163930_358.dat---0.9852199104800765,0.9846476971814379,0.9848588902741416,0.9883707472186131,0.9895137324691268,0.9850722837799685,0.9831215474107667,0.9851427865225312,0.9891365959187619,0.9921089625320513,0.992405915667827,0.9847973171856738,0.9890572666787021,0.9901166915741049,0.9924229873727882,0.9956307976729398,0.9933444617244092,0.9929857122634065,0.9907357417448721,0.9908880828953671,0.995921566637298,0.9924592220439431,0.992377299068446,0.9847538858073188,0.9852818254088301,0.9863242952560929,0.984861328308838,0.9826508156496757,0.9720198599882894,0.963323326085297,0.9662331446511984,0.9642334962837324,0.9537404465769986,0.9527526634823512,0.9524811535193174,0.947034943238685,0.9586200629606713,0.9586758313698338,0.9577475301025512,0.936890138026133,0.9077059226768811,0.9774552898953647,
pre_model_seis2_20250809163921_460.dat---0.9657876450010939,0.969108928856788,0.9709796922076859,0.9622200113770065,0.9729808539922487,0.9832796124217251,0.9824140993724302,0.9860940301786609,0.978608020344439,0.9752771732282064,0.9822636372559239,0.9807929013291571,0.9810332633023815,0.967537325364265,0.9673287026105108,0.9691433278400379,0.9694424140901916,0.9760512570858615,0.9859075619716988,0.9273321853635023,0.9423221204864382,0.9383267332030343,0.951576728098354,0.9452660398499525,0.9520226158181602,0.9244451834656826,0.9479646975822915,0.9506866722412016,0.934032447678161,0.9332092092643774,0.937391615558273,0.8926668773748984,0.8791430079336247,0.9009407532794659,0.9037351536718833,0.8999160992395615,0.8959838813855774,0.917989740952264,0.9378540188006383,0.9451704555574268,0.9486589244787513,0.9495825760759468,
pre_model_seis1_20250809165451_621.dat---0.979919507886367,0.9933463104215637,0.9925451975645467,0.9926677103208027,0.994696033255605,0.9942439543429965,0.9916478830175183,0.9893328923228212,0.9848045149739519,0.9832895045066906,0.9892103924645409,0.9929610712646686,0.9916381429527586,0.9948879684427498,0.9943674443607742,0.9984381150409741,0.9977363308430215,0.9978758119212545,0.9976543308289071,0.998192762859149,0.9977138889832953,0.9961814357060267,0.9924225711385106,0.9852738653119903,0.9809962063336384,0.9815312801596288,0.9869396444799506,0.9864244568097923,0.984162215494721,0.9830502972787646,0.9801875802112981,0.9767920704758686,0.9826914206761941,0.9767445307020749,0.9837370094225435,0.9793362822837557,0.9884752587430653,0.9896914035248279,0.9841467497820915,0.9920269965694303,0.992767858233889,0.9890426561442202,
pre_model_seis2_20250809163912_798.dat---0.9890611700903568,0.9786858538389759,0.9865909106832461,0.9876004640584267,0.9784976895664167,0.9785449096303935,0.9809469253108372,0.9781614948517564,0.9636676083247826,0.9701162401643166,0.9632549068137504,0.9604976875709073,0.946355278878854,0.9348083085820351,0.9293030816493522,0.9753415770047212,0.9664112034019318,0.968670580002093,0.9607473533368085,0.9604926535622652,0.97319844705179,0.9826874773197549,0.9889172576052764,0.9900401346619673,0.9805615566885885,0.9767286567181899,0.9675831900788017,0.9644787127496519,0.9671440378176076,0.978283789733732,0.9744550410134919,0.9533344210155679,0.9603718873611932,0.9250933660908786,0.9437032771699462,0.9231462385383552,0.9396141067957235,0.9281570313418906,0.9346938300158362,0.9201070583115778,0.8918955592350332,0.9615109993813923,
pre_model_seis2_20250809163930_357.dat---0.9623467763991757,0.9699655852080149,0.9625953452607726,0.9689893854788274,0.9792402162059347,0.9693163297573401,0.9550975822979899,0.9695430374381969,0.9456078928592166,0.9696945105452447,0.9682037446277462,0.978745696051404,0.9798858874072182,0.9849606207113801,0.9892219755486183,0.9906823658954322,0.9860051887686159,0.9782991929851701,0.9825289483511747,0.9914713740044806,0.9830950631686273,0.9703385285286135,0.9662278276006607,0.9626332886709505,0.9405766107763376,0.9327730372629182,0.9265948348532883,0.8981573395808353,0.9200831995019274,0.8953204076933043,0.9321084617911208,0.9231349926486833,0.9235743253436968,0.8661077640445268,0.8856743548862441,0.9068887601374686,0.8880290574390445,0.8999594994090361,0.935443978164981,0.952658050706764,0.9513696070617242,0.9498329425627487,
pre_model_seis2_20250816100657_94.dat---0.9868245082586087,0.9804274557987384,0.9748860189010113,0.9878589755160767,0.9910313084305789,0.993315767001221,0.9927126598818098,0.9921850953945412,0.9875886316907106,0.9842954208724555,0.9866027835043357,0.9892313654527325,0.9889634305791565,0.9887648952158139,0.985886830161022,0.9838683444300476,0.9846615032822318,0.9956303638936945,0.9842203469628296,0.9847557573535599,0.9715844116910737,0.9746407070051069,0.9796909639480395,0.9800146084716571,0.9704847342367926,0.9660794560847963,0.9623904590764626,0.9430117628927276,0.9177031051404986,0.939521759661151,0.9304415243157097,0.9426826711791823,0.9391393221522686,0.9465474961711746,0.9393220699274134,0.9318792757137806,0.9155543600480173,0.9105532221741465,0.9235392134925912,0.9141951871867561,0.8971715283108285,0.9643868122307647,
pre_model_seis2_20250809163915_296.dat---0.988449225306189,0.9870344454141945,0.9865185567851199,0.9768724023858281,0.983562049868611,0.9843661217503685,0.9789445406578796,0.9769411915507279,0.9822397244291532,0.9539260829225789,0.9414274527741219,0.9341699166585207,0.9343379736324462,0.8643350763096691,0.7672065192652837,0.8426651025798245,0.862515999121793,0.9200981496009631,0.9515883759230839,0.9561421758366807,0.9582305489201014,0.9541583892898258,0.9311741958372757,0.9209403327668486,0.9160607101951492,0.9270491171588539,0.9332938056461504,0.898708586947957,0.8498619580550639,0.6970937820694318,0.7859971717239096,0.7915133882893841,0.7978207077336285,0.7956562170164511,0.7440858111346242,0.7621699536375547,0.8371418534461199,0.8624856458809863,0.8585552477899351,0.8793554970458604,0.8716011627089004,0.8962511016113917,
pre_model_seis2_20250809163921_605.dat---0.9721060643460558,0.9702548064561631,0.9588738728590095,0.9474980347054212,0.9635421378801884,0.9724664175583434,0.9735913194236625,0.9826271763883436,0.9924899507124272,0.9930557230982336,0.9887877619962567,0.9936421597844665,0.9892349798289336,0.9967962598649039,0.9958536810994735,0.9869536403902229,0.9821947214448593,0.9930865728763952,0.9885008526685087,0.9859758834626962,0.9836616738452869,0.9844838349824192,0.9865876415389884,0.9856837151593333,0.9823435074606237,0.9649342841131673,0.9459526493597361,0.9259199135096888,0.9227335077376886,0.8954123153564988,0.8972563234549762,0.9336159586748425,0.9091209587801617,0.9323986782881648,0.9324682146006191,0.9411326691500203,0.9186092515988273,0.9303185495600672,0.9028954483897487,0.9008498387041707,0.8845640183744787,0.9582554870605873,
pre_model_seis1_20250809165457_765.dat---0.8931777487081265,0.9591035197770164,0.9338356125339523,0.9712172719296551,0.97782879994624,0.9694248742760339,0.9785825540251669,0.9799312658464993,0.9922680573941383,0.9923873150767674,0.9859781143795798,0.9815469750293246,0.9803874959707074,0.9864760508253363,0.9923267696858487,0.9875980621891023,0.9860005420941068,0.9845202131947435,0.9875954307942683,0.9824911681147579,0.9823232584730214,0.96538764793546,0.9692007044431038,0.9469313502392204,0.9634008517468455,0.9702434158297403,0.97680242605277,0.9608056711033829,0.9827546385685659,0.9718748424697974,0.982124080169218,0.984228002953564,0.9885971862221676,0.977323971860392,0.9690783462035218,0.9699121242331857,0.9595123682117085,0.957262522745014,0.9536787781293251,0.9603504719039536,0.9584352288426546,0.972022090978731,
pre_model_seis1_20250809165439_58.dat---0.9925594494893698,0.9886813975543365,0.9826294255319248,0.9864910683634401,0.9738230952955184,0.9781405438836973,0.9742631157971022,0.9518938038278956,0.9299078277689173,0.9047560117806496,0.9064447017798466,0.8522922246901525,0.8947267618068523,0.9382181564286297,0.9550921039497412,0.9572578621485803,0.9825090736304641,0.9884192816100386,0.9915871241060978,0.9932684270141863,0.9950673218344924,0.9930264181979761,0.9963238252471419,0.9922744575442725,0.9919598595497837,0.9826722395434961,0.9848224120304657,0.9817010225035786,0.9760181760409885,0.9780367805623286,0.9718187859735267,0.9756476692472021,0.9761434991888531,0.9698822075861482,0.9758291372936697,0.983871600174825,0.9826611593472726,0.9796428910511543,0.9790400804786276,0.9776827312736711,0.9738510856910633,0.9692910930931216,
pre_model_seis1_20250809165442_824.dat---0.9937401052992374,0.9956348385620282,0.9960102869607944,0.995602997976935,0.9931883219621092,0.9945697717438867,0.9918403674977985,0.9858565192118557,0.9777718390833862,0.975831722416726,0.9347076048278699,0.932204431114354,0.9596996140151468,0.9713206176318652,0.9835997044245384,0.9803507387495976,0.9899779876439518,0.9904546800696048,0.9910506868292687,0.9886696285717016,0.9814357641861259,0.9794856051254335,0.9748985788651126,0.9631739246598832,0.9577374544702572,0.9606397640810831,0.9121713063585034,0.9154219598503232,0.8931144798904406,0.9384526706193566,0.9356048754085934,0.9143135970112507,0.920883769251493,0.9392229507692877,0.9499119194760572,0.9342077529228158,0.9635498483164492,0.9577174810361787,0.9699949638428073,0.9757292468854345,0.9790319426872356,0.9643605443977261,
pre_model_seis2_20250816100703_91.dat---0.979164039823242,0.9772348783587221,0.9758025549800073,0.9821318738905058,0.9663668308408392,0.9670327708357918,0.9749649845277322,0.9735500761145774,0.973146750295132,0.974838046142605,0.984000057794552,0.9805799012730119,0.9794469136536528,0.9878188988467129,0.9969203754078098,0.9917563670782268,0.995663992276376,0.9954053641205162,0.9897182565268593,0.9803909362581515,0.9840878106350007,0.9696483405620018,0.9544348322078143,0.9726688211169886,0.9669664601127393,0.9772210352465257,0.9632739433283737,0.9773794825731387,0.9727323178300622,0.9528752173885321,0.945320328474765,0.951914491561301,0.9487061921291199,0.945859259374549,0.9513806118553971,0.9564943484271428,0.9592311476703524,0.9675416033199795,0.9659009586226683,0.9634712425058436,0.9596579776297297,0.971529275405294,
pre_model_seis1_20250809165439_431.dat---0.9496672022018103,0.964583768335845,0.9684038476704661,0.9782309869424622,0.9752265074494036,0.9752058767543101,0.962617191211193,0.9786464273444722,0.9748740153366796,0.9781971623679251,0.9787418631657926,0.9885362890080723,0.9899689051753379,0.9942964439342783,0.9957836566893759,0.9816735449848492,0.9917215387145009,0.9939764994797453,0.9921510474382526,0.9814123312973231,0.9599838835137484,0.9697207012809602,0.9631592747333434,0.9703301931659442,0.9659611615278804,0.9740746449839918,0.9655475820170034,0.9473191986470936,0.9734190955187595,0.9660532157524241,0.9731130651625138,0.9674243490881881,0.9752009408257196,0.9709136589657299,0.9560424613601718,0.9557064930399163,0.9642687181783222,0.9608461881725237,0.9560444547834063,0.9641143853014359,0.9583344870523336,0.9719876404530124,
pre_model_seis2_20250809163921_691.dat---0.9821558655493449,0.9862350895111216,0.9847155826760425,0.9862468703092272,0.9861787968950003,0.9857626614816489,0.9863008264148481,0.9828862553938279,0.9792760366923611,0.9791506488732373,0.9739867967200667,0.9767676803084591,0.993054118687015,0.9954063724981767,0.9947547370311293,0.9951308522192986,0.988168192433297,0.9848440789656391,0.9902445335003107,0.9917722668728374,0.9926052778849666,0.9921359309116422,0.9828825301925435,0.9830632799913143,0.9842223425474576,0.9841370650330785,0.9856567256794684,0.9831767278667252,0.9866835951395082,0.9876057587844351,0.9817623038760777,0.9728303503218882,0.9546555836024344,0.9690430739185314,0.9863717985485244,0.9898068356601329,0.9872647555390734,0.9660360103276178,0.9581914056300195,0.9660981018628113,0.9577767737278042,0.9823181582946083,
pre_model_seis2_20250816100703_37.dat---0.9920004154126554,0.9944819925732185,0.990500978317525,0.985987727051657,0.9866607752506592,0.9765553942145099,0.9797577330285302,0.9699188960764825,0.9855985492152016,0.985195252785341,0.9809609430911598,0.9821780334193629,0.9787292946766223,0.9813947126214037,0.9714034804759623,0.9819678179407489,0.9877293918585216,0.980722252116265,0.9830058482197983,0.9759593168978317,0.9726676815284905,0.984604136691,0.9743247055197827,0.9757340254124935,0.9656625874715503,0.9834394241078246,0.9760876617733051,0.96735784972026,0.9454235037978583,0.951083033897331,0.940188846838473,0.9420646768883643,0.9461162766294109,0.9631570508713406,0.965613036900654,0.9485278251620479,0.9582426584007822,0.9551317399887873,0.9519849456947141,0.9422558434643356,0.9278372736637442,0.9704442338942927,
pre_model_seis2_20250809163915_871.dat---0.9901744020383885,0.9777057414804576,0.9764019688806065,0.9863653277041581,0.9817949161541347,0.9725291156041856,0.9769643069406624,0.9671924708233418,0.9668834804464472,0.9602590961420993,0.9562194925200008,0.9433891985111289,0.9553313542746711,0.9676829841493505,0.9766954872362619,0.9801804314800938,0.9899485238608865,0.9934422587290551,0.9944234664960957,0.9934151902514728,0.9950702413556081,0.992481388140427,0.9931231472362871,0.9804478213941964,0.9758133960752865,0.9713272124613181,0.973434496325993,0.9665886938871557,0.9667546558927852,0.9738516482515538,0.9785014911695632,0.9736220009511843,0.9829904315040635,0.977211142207259,0.9821279391924952,0.9788896020946558,0.9758504560463761,0.9762703235290917,0.9840075047627332,0.9812868654220742,0.9854061976653128,0.9773672163241197,
pre_model_seis2_20250809163933_686.dat---0.9891342246461057,0.9915434680247261,0.9921804083954834,0.9932978222877523,0.9916750988226214,0.9924453399637744,0.9814815672716102,0.9836058887056846,0.978782371659687,0.9775144336759239,0.9806993824697121,0.983609236391615,0.9876701286972853,0.9826279465975286,0.9911857740978097,0.994804501592906,0.9941085506270786,0.995171300622878,0.9887096944038395,0.9947805513682639,0.9882244128675245,0.9923850058540318,0.9905812106712824,0.9828755436845641,0.9795298285096429,0.9717316537073885,0.9661823353099322,0.9721584661350302,0.9755183262798846,0.9717931586959159,0.9773417165724705,0.9751844127444972,0.9617551709748736,0.97536587478725,0.9755935962048627,0.97529452825321,0.9684185156798165,0.9721499828798041,0.9763996575638876,0.9761211047013933,0.9747076760792249,0.982057069962897,
pre_model_seis1_20250809165457_391.dat---0.9375978493086029,0.9596357983605251,0.9334219802174503,0.9549981511060225,0.9573346605351112,0.9370028400501772,0.9301619159048335,0.956034829393828,0.9320122574766374,0.9808190786048535,0.9775219796843779,0.9783106377172794,0.9624593124593565,0.9841868884630796,0.9888251850933991,0.9912869428008324,0.9936274807072056,0.9930692705743731,0.9911957564925977,0.9877471975117574,0.9837865247575858,0.9761936197461527,0.9691770523491395,0.9488903433916147,0.941693757899316,0.9473135456712811,0.9561198292873869,0.9439939183371968,0.9580627248871524,0.9640617807610635,0.9606387826232069,0.9011946090318382,0.9217174964105521,0.8217672475158666,0.8850339636351223,0.863773216391915,0.8514383388634839,0.8310972439415387,0.8879560327560775,0.8900082893476341,0.879311216098555,0.9417190133211214,
pre_model_seis2_20250816100709_2.dat---0.9921262907120597,0.9911843706837041,0.9834822259882866,0.9911765156812545,0.9885718973224285,0.9834076025095523,0.9732124807440704,0.9710276105579699,0.9629558878656721,0.9441502615472619,0.9589858336791172,0.9747348253038096,0.9767768440315006,0.9902072109459727,0.9875408313352471,0.991519543853644,0.9861545694170608,0.9786554040734333,0.9903185508633908,0.9939730883507043,0.9929752577709938,0.9894674797668361,0.9749946669492774,0.9800900835777221,0.9837945823998702,0.9828006517242134,0.9754950693851672,0.9725497249993388,0.9493830547662487,0.9680875315239639,0.9729669524300585,0.9742894324415208,0.9762904881545904,0.9763944821933588,0.9831448358849365,0.9799485994499321,0.9804184727669298,0.9839697717846233,0.972516820340753,0.9717341016483628,0.9763580408330901,0.9787276084453153,
pre_model_seis1_20250809165433_580.dat---0.9856700253838102,0.9897507715289755,0.9831511360886954,0.9890066473637688,0.9884479714675916,0.9835899630763887,0.9745667035247846,0.9624660906186902,0.9624500587066164,0.9637622017556619,0.9726509621032206,0.9675167228796236,0.9881712591823991,0.9883634972651965,0.9900614168964554,0.9867013179821865,0.9958238202504545,0.9921983123485859,0.9858569284235961,0.9826226976372492,0.9616868887898944,0.9712804452204916,0.9572987164278169,0.967729717567072,0.9757022862997707,0.9673308376533938,0.9670920454734293,0.9644185607644031,0.9729542086455399,0.9637861279619246,0.9556725870950709,0.9607806534378361,0.9574946657141808,0.9380541974576828,0.9533009698385587,0.9531372964104814,0.9598296398642282,0.9722069953078285,0.975303664466392,0.9765026292694573,0.9706814971529298,0.9725627593976178,
pre_model_seis1_20250809165430_186.dat---0.9914112979707554,0.9864728138404805,0.9858790788894418,0.9839472994093432,0.9785398133815856,0.969266969803874,0.9662108764711332,0.9565445998869425,0.9679461559331948,0.9748428088767019,0.9450010837892341,0.9811477701024475,0.9811037999874271,0.9788072052616711,0.9757358465369907,0.9880339839621484,0.992728337333978,0.9696754892833042,0.9472836801433809,0.9467566147768282,0.9365483952509619,0.9509379085632345,0.9571616028856064,0.9473342243101904,0.9467548370765119,0.9313414942850351,0.9384807454087832,0.9260674136568521,0.9445290552321117,0.9474549600988118,0.9612610222457983,0.9617688846072296,0.9606317636937721,0.9442843235876551,0.9434377056517455,0.9122244548625137,0.9289900837728403,0.9378543004995353,0.920873346762658,0.9340546774602899,0.9370859546831767,0.9569856751277115,
pre_model_seis2_20250809163930_574.dat---0.9894273943775492,0.9896073821204845,0.9891460786706915,0.9905041224477918,0.9905551220808533,0.986108284984696,0.9910003374287948,0.9919320499064782,0.9904426154143753,0.9839967597754289,0.9814320458929617,0.9878811258936436,0.9886831332666329,0.9921399783399342,0.9940655183065826,0.9939318435818553,0.9907261382635253,0.9866577692463502,0.9883585709702163,0.9920347023401166,0.990612605219521,0.9878587580737654,0.9867648771411235,0.976674799250575,0.9832800935032128,0.9887731947439886,0.9807014884078733,0.9688131414346062,0.9810478758051239,0.9811747247603042,0.979435915341552,0.9694497387871661,0.9711930825857531,0.9495619171054606,0.9662191627544118,0.964476230412673,0.9655934312890506,0.9721060094882653,0.9697065340172192,0.9546711695497407,0.9705402937085479,0.9816411223582657,
pre_model_seis2_20250809163933_603.dat---0.9701184798862671,0.9665518035812675,0.9641498951554054,0.9393820098847266,0.944559560273971,0.9019967204507189,0.921025256614722,0.8462670383925686,0.8505975614606464,0.8962526888840142,0.8058470974513451,0.9508936967115943,0.9609568309657921,0.9424522587679848,0.9304136391301551,0.9601204318807471,0.9402081803356687,0.9457387470604277,0.9653062908407471,0.9596294688276726,0.9396595049829121,0.9488687601548734,0.9070223995393066,0.8645965060819104,0.8301981788422366,0.8391262903082655,0.8792169870632008,0.870781609502044,0.9036317820292699,0.9081313173867571,0.899941313581912,0.932745816149979,0.9387610220121639,0.9284303929526004,0.9068328144782364,0.9117160870246114,0.8842567639344859,0.8451267615270127,0.912401119703444,0.9336314752985545,0.907967001433085,0.9135490624522756,
pre_model_seis1_20250809165442_897.dat---0.989934125074418,0.9823252671791586,0.9780574336547513,0.9702995223774699,0.9745500595796657,0.9532252549446434,0.9042749596396746,0.8712753366628061,0.8706685494425177,0.8970834262319012,0.8550235444140509,0.9720669064845113,0.9884598865448846,0.9829859185324832,0.9686401695251985,0.9828086627014336,0.9845165284067497,0.9786190589452508,0.978541487979458,0.9763456719833381,0.9690820984972333,0.9742575612857554,0.967541776145597,0.9765877643915126,0.9757252942806645,0.966400764345502,0.9662751101554291,0.959734031615338,0.9436455248666773,0.932338992205514,0.8817666998856691,0.8526848066713109,0.7629283422774361,0.7539261696487617,0.7305170852851636,0.6589525523124687,0.6665214767233145,0.7922096239177758,0.652951564008029,0.7063551137632985,0.7017750721830168,0.8988263218236549,
pre_model_seis1_20250809165436_432.dat---0.9443700735862576,0.966470641483721,0.9634523837632136,0.9553069280381798,0.9760394901822246,0.9704679162556912,0.9638983195966859,0.9523487564448623,0.9548305190344144,0.9676415033307614,0.9840757794916997,0.9885599724306743,0.987221244184763,0.9864230875026272,0.9837283854031412,0.9813183252918849,0.982987047759073,0.9853449756857925,0.9880812854723109,0.9896475587297623,0.9857522552021029,0.9799860678236375,0.9826871092743793,0.9859831549944078,0.9832898299903184,0.9855647391560138,0.9830464014611514,0.9800677579595835,0.9658823868077381,0.9706325567411759,0.9588249375925362,0.9407104641619976,0.9373067267845818,0.9541411459648629,0.95677534526948,0.9641345389647247,0.9611090613745977,0.9630344413828573,0.9469059391262873,0.9515517285229952,0.9569226257076735,0.9699152050714842,
pre_model_seis1_20250809165451_797.dat---0.9783845881641314,0.9929638918626655,0.9911484385053366,0.9943856925951438,0.9939515297127123,0.9944886453714394,0.9942385951775441,0.9934190548187088,0.9901539791751032,0.9902972364782306,0.9853713746112237,0.9886323049416855,0.9957066902757505,0.9961335970148685,0.9944959457167162,0.9883094684739551,0.9794571224632782,0.9879127541803957,0.9746860011698082,0.9840278070706904,0.9739594028117555,0.9701612877100095,0.9559519625323821,0.97118286576982,0.9856609918291163,0.9902117416997596,0.9938634072216971,0.9919129317430317,0.9768685509809399,0.9803643646828313,0.9821588630490079,0.9862418862777407,0.9843841568212884,0.970312136930568,0.9352241544432746,0.8923682187297831,0.8861833413999273,0.9339650621570931,0.9026494922770767,0.9027089180765304,0.9236384738748267,0.97263748606824,
pre_model_seis1_20250809165451_227.dat---0.9794713360544068,0.9846315627582131,0.974985483201239,0.9775719412770304,0.982738983306378,0.9906918103941805,0.9786659427917687,0.9844638180156404,0.9837004354891737,0.9823114168548446,0.9812932998179807,0.9879840432211465,0.9906000509468704,0.9914932893105569,0.988962814883439,0.982488504651203,0.9878190048637074,0.9907685167901576,0.9846788335200354,0.9823784244089101,0.9657608083814097,0.9517375495048087,0.9634526186269287,0.9779239154127325,0.9873273782204364,0.9903235697031886,0.9852518045557033,0.9838217106501116,0.9836821730029534,0.9769385053979149,0.9774393088852676,0.9807112971205444,0.973225050918915,0.9661418453476437,0.9649516605952904,0.9753531971892482,0.9821680627189385,0.9820901501016872,0.9755807440180513,0.9795622418558009,0.983267844819092,0.9803514865752085,
pre_model_seis2_20250809163918_422.dat---0.9900129870187392,0.9857839860534622,0.9862710474501541,0.9838411863565568,0.986101907529416,0.985982001622437,0.9794007864795801,0.9791973763845335,0.9800217795909394,0.9824338117293275,0.9790183583156159,0.9851812508914106,0.9828564698372438,0.996189960416757,0.9956829701677757,0.9938763150862003,0.9956457056075132,0.9969056388974066,0.9975734079689865,0.9960205710784358,0.9918952266357637,0.9927735449951051,0.9933279480428462,0.9964948776085124,0.9968278338654997,0.9946367310912051,0.9943967214658471,0.9909519781781477,0.9916228647543246,0.9912401752355149,0.9873540721501609,0.9773034347046604,0.9810321719012448,0.9721867894489569,0.9535544196577705,0.9453570098675224,0.9481604210131077,0.9482701856690348,0.921544158014191,0.9202186316290328,0.904967463202217,0.9793198579905646,
pre_model_seis1_20250816100525_99.dat---0.9903648429695576,0.9923044334308041,0.9927077746619202,0.9909970018141211,0.9939564512261847,0.9913556963125629,0.9905962753950774,0.9897184299978675,0.9823258419427693,0.9782081370003598,0.9674790962300042,0.9663704506312085,0.9578956083652235,0.9221107128457595,0.9265516752337059,0.8729509135284207,0.8637056194942906,0.9011945360710086,0.902439122487656,0.898469602080521,0.888381666812937,0.8760073747185143,0.8308182797390385,0.8277835821851337,0.8634261974599269,0.8888778866886344,0.9512544168163432,0.9507360202763094,0.9355756433536421,0.9529446557343947,0.961033128679816,0.9674597210205987,0.9759910530087442,0.9743545682140498,0.9744416385569981,0.9747810009561977,0.9756332993398974,0.9731349103610955,0.9757942417720838,0.9767951917724232,0.9750872158867341,0.9449271686603059,
pre_model_seis1_20250809165454_93.dat---0.9764861565326541,0.9784161843552054,0.9789821555666172,0.9777099354867002,0.9801444971611445,0.9601745115709341,0.9694075842179686,0.9813864684105639,0.9820769296084759,0.9890516493130881,0.9852390678976757,0.9871867938604282,0.9915406999369877,0.9929138670131397,0.9804840244119429,0.9606945111766078,0.9616524952206896,0.9795298801002381,0.9902816446295818,0.9814242073399666,0.9644782532397673,0.9467842769300556,0.9658662396888825,0.9649647021704064,0.9502854722139166,0.9311915287978295,0.9496224264073415,0.9352922290799109,0.9516908269649977,0.9451414623591451,0.9738346462658221,0.9612050356468869,0.9637352358426778,0.9604603120920313,0.9610440486091826,0.9636800185907862,0.9762704715476165,0.9616092667242226,0.9640994846284826,0.9244524721825906,0.907268440967759,0.9660429296283153,
pre_model_seis2_20250809163924_426.dat---0.9751365566399166,0.9895348548716244,0.9815046099716735,0.9859617464862936,0.9775846777573214,0.9798962219295249,0.9644960413819529,0.9590387045880718,0.9720057048384538,0.9905984022800429,0.9896645010997307,0.9962355130697279,0.9915289971136475,0.9929776061687928,0.9944398663599425,0.9914152434837235,0.9892053037110419,0.9869761964088473,0.993483210102239,0.9875864316199184,0.9842150364193105,0.9618542294453635,0.9550072821417877,0.9728721648060284,0.9739964506621582,0.954672033858477,0.9682294742947192,0.9391946699706516,0.9469527128870401,0.9683201887606392,0.9766264911550767,0.9761326723949625,0.9417265317352709,0.9196675399683666,0.9407377403615005,0.9408310544953411,0.9390416797389846,0.9403059472975701,0.9425063886578045,0.9304152696901717,0.9315417841305242,0.9681492129940055,
pre_model_seis1_20250809165445_168.dat---0.9891864631022185,0.9868621979945512,0.9852781496559168,0.9829787563795912,0.9687578921713335,0.9659734032452605,0.97442885092352,0.9496929814551447,0.9863651851870017,0.987338087597926,0.9908649157186761,0.9930458613834611,0.994527264164476,0.9953794834919848,0.9942942783573495,0.993216444333486,0.9912136590091841,0.9938301014364506,0.9883175694109079,0.9879887094588666,0.9867802876508455,0.9800798919988356,0.9845399743094162,0.9808130534945942,0.9750053210699229,0.9781092773045595,0.9619845224712722,0.9550260810579891,0.9528967754992228,0.9362166031637795,0.9440685750157582,0.9265698993267091,0.9166677329073213,0.8996683593971951,0.9431829067906838,0.9404753472510438,0.971910853092074,0.9858340328604444,0.9767986122358379,0.9725046345659442,0.9696299457183852,0.9716659254063206,
pre_model_seis1_20250809165457_811.dat---0.9902611570034651,0.9891749507749585,0.99099890026703,0.990197026762476,0.9899747390204511,0.9908996728016195,0.9913069248501439,0.9875219638151943,0.9870954739634827,0.9865766076211063,0.9818827597041733,0.9835249768188715,0.986110345479698,0.9930310581251468,0.9943675938686307,0.994738386772808,0.9900786149788245,0.9827829559466904,0.9881262118857387,0.9899256085726772,0.9870988189146476,0.9860917292759991,0.9809824120441918,0.9783357653451074,0.9765049710059011,0.9745668560096031,0.9692744704736731,0.9728920757079871,0.9759530635424751,0.9792008813015969,0.9778165743585163,0.974722161036656,0.9766563036480584,0.9725043357153719,0.9648213901414092,0.9728533931059985,0.9629939189669426,0.9595739244807991,0.9609155581882123,0.9340854870913625,0.9192933979723602,0.9789198394478063,
pre_model_seis2_20250809163933_66.dat---0.9617574801191242,0.9732066703735897,0.9752902181351,0.974764696925001,0.9742371649870343,0.9796979012657354,0.9837432961368467,0.9812794635431852,0.9753952223023094,0.9692911556366813,0.9691613657676675,0.9763659498907857,0.9643080331222456,0.9743075158964948,0.991811139985407,0.9911039023926929,0.9946479415809837,0.9871707311334308,0.990557497444552,0.9929672577546772,0.9930504326535408,0.9879055986864397,0.9817801340681471,0.9784001775678537,0.937470197260506,0.897461553601704,0.8761996279955075,0.9220729914363583,0.9306597786078177,0.8956707191509586,0.9204929993038751,0.9208980687528782,0.9416665304490383,0.9292680473773504,0.9196459239230699,0.9268608575821649,0.9303760162058342,0.9370269330213397,0.905716967713186,0.9074624624969377,0.9102463512430105,0.9544243164266112,
pre_model_seis2_20250809163927_263.dat---0.988829232220645,0.9895706581430149,0.9824313246284304,0.984719228508215,0.9786698951404086,0.9764082588363749,0.9733377535362862,0.9778903594607556,0.9717281533535918,0.9711722942464156,0.9774703667242328,0.9724411190712285,0.9754710901067558,0.977555694723698,0.9844649451678497,0.9798394021975372,0.9564511749145446,0.945742663926088,0.9461566792775162,0.9807095771687349,0.9850607110707715,0.990055539810251,0.9884878009256453,0.9794851302724591,0.9834408312768851,0.9662423826426636,0.9584335372015359,0.9452847373111537,0.9205803551240397,0.9410602633489646,0.9183134998560559,0.9256968382530889,0.9106332015366195,0.9310233098734786,0.9411495589119067,0.9568293974110998,0.9513424012468057,0.9455701073207117,0.9517412802939327,0.9398194259922412,0.9575929786208693,0.9629000770647195,
pre_model_seis2_20250816100657_88.dat---0.9718993168691824,0.9877856726645965,0.9864482737533992,0.9839016834645533,0.9824172680877334,0.9832942432323503,0.9788263033189275,0.964259430630591,0.980271064228274,0.9777820917509125,0.9743868754248823,0.9685177820912713,0.9912424362888125,0.9919313274429612,0.9979463788250568,0.9960762508729561,0.985849538588962,0.9875839312651441,0.9871376528847638,0.9832215369609241,0.9819044554238021,0.9699102939898063,0.9732410748185201,0.9870228008786359,0.9746730508748799,0.9666736262685033,0.9617318263274824,0.9511728916671419,0.965802673298209,0.9553760629606638,0.9596192709396199,0.9560717557710738,0.9545507016085188,0.9520915876670502,0.9424434833183637,0.9446911005099429,0.9461687889945068,0.9542351411219695,0.9561167106098224,0.9697744038472266,0.985229709339126,0.972421474850759,
pre_model_seis1_20250809165430_652.dat---0.9810097772408765,0.9608100999597168,0.9812760188593396,0.9795904002021444,0.9734414394331496,0.9701881993113332,0.939509756737749,0.9188753658676242,0.9022127853179429,0.8966417292726443,0.8359647674713948,0.7951849723248647,0.8709568082906308,0.8859373022450584,0.8687388812609803,0.9454081932102075,0.9488535153689258,0.9773557244247765,0.9684461215003469,0.9711016536811483,0.965227711570787,0.9835742844317134,0.9803691374819612,0.9714810296596622,0.9686738255370217,0.9717741233095246,0.9671146662272597,0.9591945334921633,0.9410444633846772,0.9563185118219112,0.9526810529467908,0.9283312985264907,0.932539054452539,0.9129953380910159,0.9403153393190278,0.9276204249774924,0.88830381902441,0.9120780805560372,0.901875699661391,0.8745797131622425,0.896521806062679,0.9342467664799425,
pre_model_seis1_20250809165445_660.dat---0.9889147412860274,0.990445452303235,0.9886239935297005,0.9859057971609607,0.9867740861307317,0.9863243083400035,0.9812988232222701,0.9809667765430792,0.9837495415893872,0.9793187392695722,0.982251963512056,0.9952871877442592,0.9973476999254153,0.9964084808612753,0.9934564548687265,0.9934066888762663,0.9941934136064193,0.9898915581313502,0.986814949726817,0.9835726100202249,0.9842672406741974,0.9830625036577322,0.9704846050535374,0.9750041001278656,0.9707480329965326,0.9546667122716449,0.9613218257772905,0.9381594221473087,0.9456115860513689,0.9445034156325922,0.9374711997268312,0.9271831731629718,0.9248171315203448,0.9055285601968912,0.8716946051912118,0.875579131326651,0.8475053032706821,0.8584357900179068,0.8472714128470038,0.7951822458266162,0.8444369676282097,0.9518997129695896,
pre_model_seis2_20250809163918_125.dat---0.9819653362224933,0.9825508277185148,0.9800521098409176,0.9837167267090008,0.9832446227885694,0.9789738152778188,0.9791620086052749,0.9680618391739227,0.9669278583662577,0.9819940287610948,0.9851385395003368,0.9889317787088614,0.9936900217333202,0.9921681283770031,0.9969965217179082,0.9886746922265707,0.9957706656267166,0.9930087239141066,0.9906787466443474,0.9811405878238642,0.9865894126885499,0.9892892504694766,0.9912941828851027,0.9865449412692806,0.973212163875999,0.9718906644694568,0.9621261523295662,0.9309355536740661,0.9130400251667399,0.908348635501888,0.9168837229092374,0.9186972846231195,0.9449467830426584,0.9358644880479661,0.8869103321972396,0.8733401780013597,0.9091603480564446,0.9043578834959499,0.9042844163464018,0.9118275702041223,0.8802282380309007,0.9583565806590834,
pre_model_seis1_20250809165448_427.dat---0.9891343125887164,0.9886451066889953,0.9896103005733526,0.9880225394928315,0.9894552146371063,0.9910623782476466,0.9883234715598737,0.9869577868327766,0.9806187640642456,0.9811909723922314,0.9797641333404543,0.9774072303723312,0.9762506558171893,0.9824266657442728,0.9877101734197232,0.9806912018054,0.9844002435605077,0.983133619068034,0.9862943434791708,0.9814771428421746,0.9861152471849391,0.9695208806132679,0.97499860554413,0.9511976986813826,0.9715652930314068,0.9695059014459719,0.9868221981390412,0.9834209224093795,0.9835929311116672,0.9592626448130223,0.9549469217941634,0.9418029770987207,0.9275604653236535,0.9344399602730239,0.916288356663591,0.9447358353276913,0.9302502113555619,0.9462412763163867,0.9025889565037023,0.9368478489186344,0.9312962783395151,0.9681848211564851,
pre_model_seis1_20250816100543_1.dat---0.9782664920019158,0.967895461477822,0.9731605136968309,0.9663390847323863,0.9742287850524661,0.9821087164198489,0.9851354405335453,0.9654676166998855,0.9899413008938879,0.9801123655222151,0.9898958606235925,0.9842194036919246,0.9925166624879642,0.9934011578509357,0.9918240943763734,0.9844509404265851,0.9957276017571629,0.9961024293586369,0.991563579911898,0.9958967050891175,0.9921594478431152,0.9857270607549146,0.9724622936544668,0.9634902433007756,0.9413837963939767,0.9511155929889156,0.9582626971461473,0.9706273837158536,0.974421618750983,0.9754539313643774,0.9844880833733551,0.983020073274123,0.9701464080495634,0.9853232121281865,0.9787147557243594,0.9607720628078781,0.968913136879158,0.9597775873343847,0.9456704284859296,0.9421291124227854,0.9468827888925635,0.9753462421436784,
pre_model_seis1_20250816100522_71.dat---0.985130015380724,0.9886833217967971,0.983670715678139,0.9883141822014379,0.9844393036350415,0.979186202788749,0.9833298484315134,0.9776791745914819,0.9871712553732451,0.988059339122356,0.9905758622930597,0.9915932655423805,0.9930767739963909,0.9926381970782677,0.9965943513478768,0.9978530040564573,0.9991576973097895,0.9986308284190304,0.9954320236182025,0.9957965904317632,0.9929373958618167,0.9730376128269876,0.9793896945386275,0.9784338743680658,0.9700094308490695,0.9518675108889045,0.9410975657785129,0.9294311245590965,0.9382724178414463,0.9076649608306543,0.9245433183391848,0.887252061757301,0.9217962350233394,0.9227154844766576,0.9485806708672359,0.9517359163137309,0.956856298774338,0.9474004847383874,0.9110268076075093,0.9150273100689016,0.9416664444001333,0.9655549896049416,
pre_model_seis2_20250809163936_482.dat---0.985560520069004,0.9716809570360906,0.9804222148600557,0.974478911116428,0.9726384005949225,0.9822930176093183,0.9671625111740785,0.9765334586242178,0.9643072948207304,0.9554778392892588,0.9521160039801064,0.9466156119434406,0.9585230124865944,0.9650218242937862,0.9975139734020827,0.9939229712830028,0.9897862569894185,0.9808913336395894,0.9813428967586765,0.9679815761996269,0.9582143792745467,0.9668740395962084,0.9665352810290964,0.9798037744147019,0.9733691878662452,0.9801810949054578,0.9739141771977762,0.9769951754374385,0.9793064466208421,0.9787001214510825,0.9783943265445979,0.9709904344208735,0.9765724926648857,0.9783660978911675,0.9772651588637569,0.9704394501319482,0.97133363889651,0.9695958095989544,0.9650499403450609,0.945110172382601,0.9413093233490227,0.9717705148549564,
pre_model_seis1_20250809165445_638.dat---0.9532074277039526,0.9773018153161956,0.9522690110566067,0.9621565821968191,0.9350116914677652,0.9289306090038579,0.8983652436503717,0.9016280793854419,0.8996261483976126,0.8650108635512718,0.9190813119329588,0.9307086243587762,0.9656338818660658,0.9816770312082655,0.9925494801849033,0.9904034830709233,0.9959634554131571,0.9963581429582212,0.9960235898781773,0.9948441576440357,0.9906630197413796,0.9718868228859671,0.9651571262183787,0.9833874776762823,0.9899304353105542,0.9919070895720916,0.9895297469407567,0.9903252790017971,0.9892794872477801,0.9929588107698518,0.9927754231975411,0.9940066916989527,0.993782360354381,0.9909052855696225,0.9926284392270408,0.9923360904186409,0.9855408458131348,0.9760197052171851,0.976260293614986,0.9681565950764778,0.9682375030768848,0.968839638021343,
pre_model_seis2_20250809163915_794.dat---0.9846678088077953,0.9721206580960584,0.9809760632954725,0.948491680531902,0.9457333492644203,0.9460688965804553,0.9152208125244351,0.8694254979718569,0.8873803542781661,0.8974947323860234,0.8424774622163966,0.8711740995471834,0.869317454741303,0.9010689165128744,0.9189950622562556,0.9241474324057235,0.9289152482313341,0.9004544035322711,0.9066882593502394,0.9396446329637582,0.9306908945773008,0.9579475193070464,0.9385140833868143,0.9409879908889225,0.9342042579722174,0.9214441727367523,0.9148134767371616,0.8794684363146004,0.9088964547744143,0.8837983871337133,0.9290318462026185,0.9249946988939561,0.9336656610818883,0.9353288371941378,0.9328561332695886,0.9381471473185843,0.9453210321253309,0.9513316356608602,0.9504845155567051,0.9277266455033848,0.9394415783484723,0.9236477617189851,
pre_model_seis1_20250809165442_434.dat---0.9894288558719537,0.9920458510033924,0.9939299798716932,0.9880963158535666,0.9901014552999488,0.9880404212823439,0.988124856903355,0.9886146946786741,0.9900129357122278,0.9865917555036099,0.9907689542333804,0.9866468594160642,0.9880950302715532,0.9833394797157464,0.9926254654992237,0.9929591809003445,0.9955460480366171,0.9973816501277551,0.9978492586747947,0.9969660098136067,0.9957806635623964,0.9921279645365472,0.9923927688884493,0.9942897997388087,0.9901279687652098,0.9891136780334101,0.9888576990550247,0.9893485139288926,0.9927794095487209,0.9874228892548521,0.987308505448474,0.9864579864091427,0.9821675679672969,0.9697969377403386,0.9744420195506442,0.9789540051281601,0.9750592760837489,0.9705438612514785,0.974408106272566,0.975826040324392,0.9612746764647611,0.986966960893248,
pre_model_seis2_20250809163915_891.dat---0.8697294797959518,0.9287458839908777,0.9013769474572134,0.9077595370037961,0.9077228094953215,0.8923131352606629,0.8906945211122674,0.8311847045460565,0.8110885516709095,0.8410237575527485,0.8649734505103583,0.8972827606444276,0.9350500678633731,0.8566695762544554,0.9264644989682413,0.9430674177263346,0.9526687600746852,0.947447060822543,0.963697887296656,0.957541999520491,0.9559424438286654,0.9320234968879808,0.9541401750986281,0.9751617592112901,0.9533066036863378,0.9507498239800534,0.9530648041635285,0.9518798694849111,0.8970001274398473,0.8993022712324545,0.8702599856009787,0.8512444013531054,0.9090779426860215,0.8883791085629238,0.9332169184496816,0.9384636059339981,0.9358114420193381,0.9444572815728455,0.9299668513565114,0.8932639411525499,0.8602649613600465,0.9122800151860747,
pre_model_seis2_20250809163912_218.dat---0.9773421142597968,0.9840040655204333,0.9810638667678724,0.9868626049203332,0.975737414252534,0.9850367847912348,0.9821708254291512,0.9888773650013193,0.9833190819949845,0.9924994246554817,0.9933044149482365,0.9916081942701861,0.9951026016415455,0.9918240806193437,0.9939006606899842,0.9982313613985646,0.9978844508623036,0.998341303267082,0.9968614788417138,0.9956527169401235,0.9913456322324057,0.9837653895499248,0.986042713599881,0.9891260864112278,0.9922131542803945,0.987286240637043,0.9845922429499608,0.9817224972633546,0.9703360827675495,0.9761477067320578,0.9627269986984291,0.968965748187454,0.965021573864909,0.9653543545826043,0.9627078208966792,0.9526158986382052,0.9355556039769419,0.9170095350873738,0.9461367051968903,0.9473155429567284,0.9428125319557561,0.9780103627204392,
pre_model_seis1_20250809165451_617.dat---0.9780613428760124,0.9804057992317354,0.9865907845919765,0.9847050201775025,0.9811695478931015,0.9775643596273187,0.9656584863769713,0.9495731603855586,0.8731204904272462,0.8534493262980916,0.9287966304557677,0.9630606402715677,0.9930306815641763,0.9944834682875462,0.9824802803448126,0.9810913563602852,0.9799483646566167,0.9786311239570452,0.9766843315400006,0.9630600950462197,0.954934750429598,0.9543381283327856,0.9472216663084742,0.959687002533902,0.9614205053087169,0.9748663335829493,0.9580654482303258,0.9796841831383012,0.9625785028569138,0.9780735931157476,0.9727902949548021,0.9841417081203931,0.9777344130569263,0.9756270627154376,0.9787976519834163,0.9764903384510778,0.9718091008301062,0.9576928021534804,0.9601106593933016,0.91558079593245,0.9414362368739038,0.9637718650895746,
pre_model_seis2_20250809163921_875.dat---0.9868820583690436,0.9874346338245837,0.9763362982893151,0.9854133759418547,0.9791278205941701,0.9722248084016002,0.9692100422398306,0.97419410779729,0.9679728679090137,0.95468569611953,0.9307854097732692,0.9183679567366043,0.911254682728631,0.8472202324799403,0.920886792478427,0.9078305535739019,0.9638064231343173,0.9652183725055247,0.9678584966432002,0.9433993743310292,0.9393780543712729,0.9258748005266858,0.9101088889365415,0.9378110409395185,0.9471872324625975,0.9235883991249362,0.9311193996663165,0.9376132431555994,0.9295007451974873,0.9302818252408885,0.9395923654114013,0.9532548810887312,0.9466569103339142,0.8757325645870954,0.8416218205356999,0.8004283379593159,0.7455514972098042,0.695352173431977,0.7571860106341836,0.764041407685036,0.8429849210132899,0.91475552496057,
pre_model_seis2_20250809163912_251.dat---0.9359265657239934,0.9278216025464967,0.9535729514188076,0.9612680010576661,0.9447070556100101,0.9533566799369112,0.9645812305135942,0.9578884099243281,0.9684287663951794,0.9705987218714113,0.9724136184957101,0.9857376299111739,0.9791670481746952,0.9916192150248123,0.9925047679742923,0.9952001938664056,0.9915771055838081,0.9801421596256656,0.9769400245280236,0.9830977525952548,0.9841560730004812,0.9843701064268923,0.9721252847086168,0.9741823908049774,0.9706980507478203,0.9718295826988563,0.972193527331128,0.983744092445551,0.9891283964761857,0.9915155847863735,0.9887555703437262,0.9860742205588768,0.9864398589045748,0.9731249789289188,0.9832255676894026,0.9745617785204842,0.9532378305547977,0.9470415540298144,0.948980828082837,0.9284080566390092,0.9494597689067024,0.970726892764982,
pre_model_seis1_20250809165439_317.dat---0.9780863827149832,0.9802092263186156,0.978713069285042,0.9855753388482195,0.9776633424714398,0.9799359869542705,0.9831938145219468,0.9815301400110968,0.9762275776605693,0.9699131026813251,0.9839959005273553,0.9791258249399631,0.9887139597881013,0.9923855961872072,0.9961880794219813,0.9961301685295868,0.9946488398840658,0.987983871175864,0.9830143487202144,0.9858419241571794,0.9757625664217701,0.979092599807076,0.971053976260361,0.9736394646080078,0.9835707068527821,0.9760738583206454,0.9601399316118677,0.9671389638536866,0.9629196210060472,0.962435087404059,0.9746718308994252,0.9750944450170773,0.9804302923952097,0.9747496591568664,0.9712292299474892,0.9649230885977317,0.970948629461207,0.9621041437063445,0.9729733352541723,0.9612613385557401,0.9591121231943945,0.9770341801739263,
pre_model_seis2_20250809163912_386.dat---0.9892106708856965,0.9934513740838329,0.9951235723544148,0.9946046820611076,0.9958393352938562,0.9947189816169529,0.9898530318489193,0.9895377207030811,0.9905243171307783,0.9837690467857408,0.9897513196346805,0.9923172201071961,0.9905406765384273,0.9965901463858982,0.9968909917501386,0.998528153807765,0.9982946667516926,0.9977423193059441,0.9980339399684327,0.9980321105078953,0.9979437327428733,0.9969325550647792,0.9955139410988456,0.9940402978546837,0.9935661976223853,0.993251408978131,0.9929365411531068,0.9934720831759369,0.9924621921910727,0.9913567092546016,0.9896000539655122,0.9862808183666992,0.983439594967746,0.9792438417364875,0.9732756123944125,0.9649858142406726,0.95599812628348,0.9312165853806186,0.9099272459413387,0.8792952336342216,0.9085597487172244,0.9823573807874948,
pre_model_seis1_20250809165436_506.dat---0.9547835243508768,0.9343658597473153,0.9518797874414091,0.9529425243044337,0.9551070329617461,0.9597943478776322,0.9556048447521344,0.964116439200875,0.97003572206144,0.9770312942900521,0.9723257832687394,0.9572275663014306,0.9778175271705185,0.9769847976919919,0.9797544476302019,0.9857105525670491,0.9937297222314757,0.9833468335566173,0.9823800002156524,0.9849616053256853,0.9837348213697384,0.964737358005845,0.9764544332608164,0.977037983666397,0.9767792998404947,0.9755815735216635,0.9575903654226329,0.97096229872204,0.9713981176428077,0.9670836744368075,0.9716227375078051,0.9832234698916154,0.9855503068934028,0.9831799315380916,0.9831997168739308,0.9835940692847719,0.9746626042745269,0.9725540045083677,0.9833402731031327,0.9832676529554799,0.9681648949184574,0.9722834097703925,
pre_model_seis2_20250809163936_790.dat---0.9634061306468771,0.9565860377525667,0.947551011977297,0.9551264397672012,0.9482765940993017,0.9431902838714458,0.9415759229913943,0.9235096115042565,0.9545268648382512,0.9665832125138831,0.9736661630176233,0.9956655927047643,0.9882351789469931,0.9906820476227886,0.9936233595925356,0.9918532898904296,0.9907058072899956,0.9843926160553178,0.9905271552994155,0.9909361802133908,0.9904746266548783,0.9919856064003102,0.9924809315523856,0.990472524987901,0.9816522006919891,0.9821692721117348,0.9762297502174744,0.9834159054908833,0.9724927222830755,0.9672032699957204,0.9589532185047485,0.935276314138278,0.913217382994322,0.8976679717682591,0.8868534401952952,0.8729704171260527,0.8458975993020655,0.8631735102180044,0.8980777982304872,0.8875276192703883,0.8986721312194199,0.9531093588768146,
pre_model_seis2_20250809163912_79.dat---0.9590259911886287,0.9401670194344917,0.9732921982448766,0.9686537973498037,0.9666262594302842,0.9668104969165106,0.9796314198556123,0.9815896272059513,0.9807229879539685,0.9814699945673158,0.9838257514875209,0.9738315816336075,0.9771723900247713,0.9733448609235911,0.9818738946138557,0.9705980518919521,0.9641393228632097,0.9682205587418601,0.9715100061420806,0.9672667452994058,0.9557834346461854,0.9756656857093217,0.9570132298433026,0.9550652154215103,0.9649376263018926,0.949801631382253,0.9414943382289098,0.9239752453946966,0.9423634842147544,0.9392553036160112,0.9297203803785177,0.9021561708865217,0.893060326008432,0.8788752052598862,0.9030645425607495,0.8718771109953434,0.9125485323349094,0.9033877845502517,0.9188379635762368,0.9175870740830624,0.9227257743610195,0.9485114394030016,
pre_model_seis1_20250809165433_673.dat---0.9750028043043627,0.9834818221855283,0.9828379820649537,0.9817773687163867,0.9797539639250685,0.9672024045264113,0.9582374441686707,0.961431141146721,0.9580886289241092,0.9750878634201448,0.9732737369561599,0.9882927536076438,0.9917139782100886,0.9954188137983259,0.9970530547232918,0.9918638784547916,0.9905676030308125,0.9894100329712088,0.9920823055684558,0.9890288051260894,0.9733616740862134,0.9851913937420614,0.971250129720296,0.9761634255930322,0.987775341611383,0.9852922160936851,0.9763158145957196,0.9703995370512406,0.9689660005202314,0.9524749242455354,0.9456329179164035,0.927861154705826,0.8877866926305749,0.8736721520055585,0.8964975311054955,0.8915593001968695,0.8871500281845829,0.8284558419918807,0.8279365016651192,0.8558894526751142,0.8650005681481386,0.9525911947393705,
pre_model_seis2_20250809163930_107.dat---0.9926385703803402,0.9953649337652838,0.9910043611063452,0.9928317970669486,0.9902361771509336,0.9847381602038783,0.9820467906932837,0.9802499955867575,0.9843121937489014,0.9917250553299964,0.9916723923515165,0.9887866927940454,0.9877483672743741,0.9738576107335672,0.9792721661585427,0.9882922299052366,0.9853498452676396,0.9913242173760431,0.9890204665659014,0.981699320118402,0.9689884291322852,0.9483839207469901,0.9570361014274225,0.9190544373594195,0.9443234573273197,0.8851075112492086,0.8912252287234572,0.8978017804123047,0.9200263549584556,0.9291329144045245,0.920033702835582,0.9127100956226466,0.8899088357394294,0.8837671642138609,0.8693449905489233,0.8321430063985175,0.8648072990742819,0.8926681767099031,0.8799179426991596,0.8840858649245699,0.9159662921176651,0.9450879231757039,
pre_model_seis2_20250809163921_729.dat---0.8852107463403424,0.9288295040475599,0.9790276767344829,0.97802781480969,0.9718218342642897,0.9567398938815183,0.9678179150947701,0.9685979233098032,0.9607770431791238,0.9454389312039982,0.9325946141999825,0.9232912680292834,0.965888322006191,0.9781038231943443,0.9727160720704705,0.9752902583211897,0.9732562683795676,0.9921415399198109,0.9813794614967216,0.9817520217057402,0.9878996415953213,0.9910860381442232,0.9762441306132714,0.9703922348131553,0.972571427529466,0.9738070538110596,0.9818553361752393,0.9740042153880965,0.9664732663489969,0.9543734157538565,0.9471367705941421,0.9563497103285526,0.9407887481066225,0.9618438523245372,0.9441108518873251,0.9445346831860336,0.9527565351742991,0.9436502262552361,0.9453811291060605,0.9329368531245293,0.908421798770366,0.9596419719809578,
pre_model_seis2_20250809163939_297.dat---0.9742376370833237,0.9864232147890578,0.9839755305626524,0.988583979110039,0.9786548612932436,0.9820172693487589,0.9750864910269275,0.9712551424939485,0.9713730465356019,0.9500178847565885,0.9379281251767165,0.967620526591546,0.9841647958764276,0.9829718269163604,0.9939792998535817,0.997252893375569,0.9954132039466114,0.9954899457232842,0.983932009587776,0.9643672194338393,0.9620602764582528,0.9700948498080649,0.9655933664093029,0.9735475941225846,0.9745965387041691,0.9730912250786716,0.9551464962850866,0.9583429014719524,0.9655026092525147,0.9639550399329513,0.9273177102319584,0.9373184783413303,0.9472086230772201,0.9332089531784413,0.926298134021694,0.9264464281344815,0.929652935242941,0.9483423323795838,0.8881367498950824,0.9166593982545571,0.9400741935713747,0.962130237495953,
pre_model_seis2_20250816100706_47.dat---0.9818816924067714,0.9850154210541451,0.9887378913984243,0.991867685975686,0.9862995439397381,0.9883447016052836,0.9943436838726541,0.9905689670010775,0.994747945261989,0.9939355054219401,0.9960909374261875,0.994161328200537,0.9935731497064983,0.9872074232940561,0.9905283517098726,0.9896460744390879,0.9877213826150313,0.9950963120125847,0.9978134536977405,0.9950092889838513,0.991919610127048,0.9903108114450193,0.9924113778708701,0.9951484028438887,0.9907630992108726,0.9920243323777772,0.9923282940813464,0.9914792249148506,0.9867157209769395,0.9809879376134214,0.9795431042202795,0.9815705406698731,0.9760124786216001,0.9612760401271239,0.9568945133932537,0.9630341767098054,0.9221757098411807,0.9467592406973494,0.9305937829615102,0.9137671533878617,0.9533126727844733,0.9807711942658411,
pre_model_seis2_20250809163918_64.dat---0.9876174826792498,0.9963227813752821,0.995440063995295,0.9947234783355379,0.9948503039702339,0.9896808327002544,0.9669548894426331,0.9783772396202969,0.9585472490822836,0.956794624987455,0.9114459610715614,0.9365208037574626,0.9433557002775526,0.9533872393390032,0.9754191063293303,0.9760708407071631,0.9758988966845564,0.9835010110387442,0.9864139711275753,0.9916698440973096,0.989941312977705,0.9905827695058417,0.9914137434736002,0.9899878267091091,0.9916591347650199,0.992246294561366,0.9924291611428268,0.9921791305855737,0.991633145369856,0.9897413501737817,0.9857768858461129,0.9838277546266457,0.9735671316629573,0.9676495489270427,0.9560662266133215,0.9472848169678744,0.9466800667677507,0.8853249913275565,0.8729381969454064,0.867247294103939,0.9216097778631227,0.9676287532081753,
pre_model_seis1_20250809165451_678.dat---0.9728517643982171,0.9720811010791568,0.9620629068237306,0.9270015869340434,0.9395164438186903,0.9074522970998568,0.8865831534970838,0.881888585797428,0.8751655197880828,0.8156779012273482,0.8165014030956043,0.9292623081813943,0.96660551777652,0.9798119814240472,0.9856835380558604,0.981913355710769,0.987043384408949,0.9727947763216109,0.9645586048176623,0.947290267057933,0.9522730162014326,0.9686929926554898,0.963942206841232,0.9736014461488043,0.9584364145243457,0.9714848813131559,0.9716148749788536,0.9802553238754381,0.9722972857491741,0.9684272643926254,0.9550514432817194,0.9619437036856443,0.9554325404647193,0.9636682276449369,0.960563982110829,0.9473708961232741,0.9609307931394734,0.954019245234643,0.96454192891721,0.9485230092584783,0.9623248047134318,0.9484668945992415,
pre_model_seis2_20250809163927_802.dat---0.9740296523429371,0.9840121853036287,0.9801689590136532,0.9835850412338084,0.9751422925110449,0.9816878967874977,0.962043693068761,0.9709419730308754,0.9812521489824022,0.982755851537002,0.9766711563305172,0.9769015682374373,0.968588410129844,0.9549053649155422,0.9321951961630887,0.9569201907683246,0.9554520925784853,0.9397573850351221,0.9351686633248018,0.9563989927868994,0.9554256141129897,0.9240796423858022,0.9501801556143901,0.9336264904781973,0.9081393738760476,0.9263159416078584,0.8934584680205139,0.8982199816038953,0.9085487687885636,0.910402425760639,0.9081526452862232,0.9137254690343501,0.9100225699265713,0.886321449309427,0.9037738436079148,0.833176824612453,0.8821762391137378,0.8807363484698155,0.8684321308218816,0.888017880542607,0.8936418649110442,0.9342720205357706,
pre_model_seis1_20250809165439_416.dat---0.989919703223461,0.9748203365310704,0.9842141067824576,0.9899897481921107,0.9847601279492041,0.9902612488376592,0.9825165127428513,0.9891805504311902,0.9897143014731448,0.9895280287170256,0.9890349051615058,0.9901486307382962,0.986095426551854,0.9837889185011104,0.9902224461808722,0.9882075062963359,0.9795991444330312,0.9808265907364835,0.9971234641481663,0.9926200367888778,0.9888404667430567,0.9853084289376527,0.982559641846957,0.9795434870896912,0.9839365635534639,0.9853170925714068,0.9809139959515402,0.9833180931747532,0.9839539664443615,0.9793548053113044,0.9793598624104864,0.9739514878214047,0.9534503635978134,0.9730129341522741,0.973369504536731,0.9664416638572371,0.9540288842769218,0.9649206904041396,0.9518197607071655,0.9639314396703234,0.9643971788257045,0.980348830397588,
pre_model_seis2_20250809163921_436.dat---0.9874109484287797,0.9925138800507799,0.9918551703229285,0.9876863372030364,0.985346389227846,0.9766643466079471,0.9708128204589698,0.9692781697909131,0.9633010786597939,0.9572295511871619,0.9818963870638477,0.9814958831194364,0.9774613709066253,0.9863859888688719,0.978075064177156,0.9681829878735672,0.9838065260279932,0.9890187670290799,0.985824302805901,0.9713072520616101,0.9738154832539323,0.9717533392659157,0.9604489786357885,0.9759294218167204,0.9715992024586448,0.9756841815272894,0.972900612958795,0.9617692627448172,0.9689215158022567,0.9673233588648662,0.9755349135530681,0.970749292594347,0.973596024810918,0.9795668472733317,0.9782009254572014,0.9775677536975422,0.9824894964021216,0.9821320547302921,0.980319942748846,0.9831792548157609,0.981534651087756,0.9768431643017674,
pre_model_seis2_20250809163933_793.dat---0.9916178429000481,0.9895646121229662,0.99374441713186,0.9918438953907918,0.9891862259464312,0.9890249643759675,0.9877329878120322,0.9911607135399724,0.9886510445858364,0.9881714365209545,0.9885175240810368,0.9865057911169361,0.9941730552865583,0.9915533905918734,0.991050006133943,0.979081898850576,0.9897061338362245,0.9932464581284883,0.9888508427912577,0.971073259479817,0.9685274740242676,0.9735488659824272,0.9815758213383373,0.9797204273021677,0.9657195458485885,0.9664909631691789,0.9647388197924072,0.9594704228313229,0.9495125783861927,0.9379455864574717,0.9275253029986291,0.9306732252738421,0.9352879050241746,0.9106252216732914,0.9274849610515449,0.9050381978433505,0.9051685666364307,0.9214756451589858,0.9074081880478032,0.930302097923482,0.9245953931739075,0.9645680905014973,
pre_model_seis2_20250809163939_644.dat---0.9831512798060341,0.9761221236762792,0.9597130860575636,0.9756745277621114,0.9861200407099583,0.9845831596592182,0.986691699630276,0.9801937863466402,0.9831712600334364,0.9880917856290646,0.9882074588873538,0.9893642509302352,0.9824317382713653,0.9857319070552499,0.9819538796106645,0.9900813907720819,0.9919052435328729,0.9842473906925249,0.9741027213802911,0.9698572804296316,0.9562114673171551,0.9672945882672199,0.9518664424005897,0.9571380097650037,0.9509187790129484,0.9691585111815317,0.9538003264866375,0.9596192244027797,0.9656306637570158,0.9573940026469137,0.9508731974809813,0.9156306816502988,0.9458835386500277,0.9422670429939903,0.943391036800515,0.9517454883877485,0.9682300119317994,0.9749321428742042,0.9712375137734802,0.9831651061577449,0.9776250721755981,0.9696441185118788,
pre_model_seis1_20250809165454_237.dat---0.9494234102425226,0.9568640056352529,0.9512213138556574,0.9575099796421935,0.965592160134946,0.959794907193832,0.9574905650339687,0.9479911831659876,0.9369714342803395,0.9079700694129786,0.8486337004063155,0.8162897502082389,0.7226392266645566,0.8224859053463476,0.8492404733171673,0.8877986216498504,0.8995140536788455,0.9062454587325217,0.9433934381850637,0.9403798441042059,0.9402068037198147,0.9488713691984235,0.9349725983735675,0.9472045841064501,0.928240435450766,0.8989914831270668,0.8810851283785757,0.8710193978842754,0.8732952788404041,0.9123295323235928,0.9405431534909697,0.9452988439675055,0.9604931608837621,0.9633069476068865,0.960447844618643,0.9594469980841577,0.9538787982761565,0.9530757987303511,0.9582917726688238,0.9619230093779745,0.9666395559886299,0.9216344389265267,
pre_model_seis2_20250809163924_209.dat---0.9811215720269408,0.9851100938324783,0.9838039997986876,0.990032648132128,0.9905592676484652,0.9922933906069107,0.9915314028346478,0.9903538391154499,0.9833655363540537,0.973684145954901,0.9677442823896342,0.9515322527662642,0.9540552720451438,0.9442483860485438,0.9520672513306905,0.9693888057121601,0.9116675350469482,0.8862353801394337,0.8871837009372442,0.8789842469538371,0.8818280577875058,0.869994026164458,0.880969345062525,0.8794138460110881,0.832022848348707,0.7737247819715949,0.8613976114921844,0.8687503228520616,0.831672169657967,0.8251022080015804,0.7139515505092736,0.801429220603733,0.7832608623181716,0.7661301125566885,0.684906409737617,0.7381216600689562,0.6177620472480388,0.666478062825526,0.6385274658393246,0.7188407638904011,0.7725541960925503,0.8676048921637685,
pre_model_seis1_20250809165439_699.dat---0.9676647581110239,0.9896800221211143,0.9890370954767568,0.9882868005781426,0.9900345425436576,0.9896915174778484,0.9880269834540346,0.9857028285905051,0.9874993998628107,0.9861223126030918,0.977773092877027,0.980645216056844,0.9826066592819394,0.9860864061053428,0.9942605324968619,0.9942984551311931,0.9933363003963214,0.9825694831405624,0.9736314911164405,0.9732689710167277,0.9827443682367888,0.9731482530672155,0.9715822602854943,0.9433905094489082,0.9686804055226169,0.939729430910586,0.9455061094683803,0.9074430316743834,0.9160325873922884,0.9079575059220413,0.9131829738474191,0.9098035227152176,0.9187729918844634,0.9068841115452291,0.9074476161246857,0.8722127649398163,0.8650493629887365,0.8632595554041519,0.8441234333005939,0.884089009494703,0.9034259302286536,0.9498704537278199,
pre_model_seis1_20250809165430_220.dat---0.9738948653573873,0.9857106919457757,0.987258688550039,0.9879577531518032,0.9737680292750679,0.9799224196895556,0.9367120769755695,0.9607335498171842,0.9611131102189423,0.9389203666552126,0.9599254008719328,0.9825485842733755,0.9865174830162978,0.9935194170310625,0.9910954771831026,0.9915454877524997,0.9928203676385245,0.9932598178362755,0.9925376377604233,0.9936388546210093,0.993825553986383,0.9955479648252636,0.9843929003920885,0.970329515822768,0.9714986339558803,0.9520721715496628,0.9463997862444674,0.9386881934243516,0.9312222165802144,0.9059642641590113,0.8463120305918199,0.8459827734770885,0.89315909798054,0.866737197412799,0.8852199767288549,0.8845486740294699,0.8281207463797712,0.8975284756079386,0.8796788329474957,0.8948312366900858,0.9245512761473343,0.9463417463062035,
pre_model_seis1_20250809165433_789.dat---0.9684551469398349,0.9814115815307829,0.9717286888675164,0.973065528579689,0.9802251572433234,0.9744008719931264,0.9712345027098442,0.9727501253007581,0.9747936322132956,0.9718771776542742,0.9756323452577732,0.9773606037423944,0.9838845078308418,0.9870692893668324,0.996662618545619,0.9918489097361234,0.9963454835920948,0.9928788492017521,0.9932781466695587,0.99412559806312,0.9884757004271423,0.9839856079515947,0.9653239622849515,0.9648808986771326,0.963704091385589,0.9735306535664241,0.9676300844839497,0.9681557029927816,0.9669317071205815,0.9717716024781884,0.9694807305399622,0.9488715207668669,0.9546020457292645,0.915261293281778,0.9289194537179565,0.954327250343779,0.9402073484103767,0.9531573705860458,0.9486007399810679,0.9519390478635139,0.9285640303207433,0.9692036489743479,
pre_model_seis1_20250809165433_11.dat---0.9791153703823348,0.9533421635773206,0.980612690178129,0.9741261448326104,0.9648367977717718,0.9789292507435794,0.9653970660458524,0.9708323508450866,0.9666681600038135,0.9632852561392719,0.9708755641981116,0.9660682484335577,0.9788778682511747,0.9777905952686938,0.9573123150447633,0.9756966045892881,0.9700618408315732,0.9758567754105075,0.9639127616731166,0.9631381614971329,0.9668117646274014,0.9623239321787848,0.976797858210058,0.9599373385218954,0.9611163989253484,0.964685893671187,0.9438381648338312,0.9405240196614578,0.9379989214875409,0.9239616969406844,0.9318184258640999,0.94320453145328,0.9179150273720604,0.9348842544812654,0.910341333623156,0.9313973059668489,0.9303413541785434,0.9425401841906613,0.9196998430600773,0.9353758159896333,0.9337952076890569,0.9552693965523067,
pre_model_seis2_20250809163930_876.dat---0.9828473464588722,0.984031859993628,0.9690175007439629,0.9853790021579435,0.9854280223334678,0.9831845903725744,0.9809793220041502,0.9789504192013887,0.9781011755915584,0.982992448677719,0.9912263180139392,0.9948297913957568,0.9880957394913056,0.9847698199121033,0.9710224659258171,0.9640725976739267,0.9640189740022065,0.9676764414904612,0.9540833602579216,0.9375338170940313,0.9640251399960159,0.9535214385207117,0.9703021218925907,0.9708275238378458,0.9667128947953011,0.9445439988453977,0.941343863225725,0.9550410965540915,0.9708396637711918,0.9680483598225308,0.9565362962369707,0.9613569932601798,0.93687530999892,0.9281266530714579,0.9082512768813438,0.8743763433845084,0.8989928982430765,0.9143617235780954,0.9107115754840449,0.8987457407588204,0.9022780888472551,0.9566843905804586,
pre_model_seis1_20250809165436_656.dat---0.972766352273556,0.9633040446467782,0.9840874216442187,0.9759291897489595,0.9836883990299553,0.9795631571512471,0.9902798878868087,0.9835216001594598,0.9886449139863448,0.9914477355143827,0.9956487953836276,0.9951228451525183,0.9946780016345987,0.9951996150794998,0.9955245075882158,0.9904430119385607,0.9899292533760832,0.9885083708209748,0.9985678720595127,0.9944794489389507,0.9883357110996289,0.974561656617346,0.9627400531429661,0.9597196889191066,0.9575165660870485,0.9486741751336222,0.9641947111536705,0.9623189232101119,0.967626989646793,0.962261766737607,0.9367712599054009,0.9362709037724154,0.9288463580009001,0.9329534327374022,0.9212226146018695,0.8899953052501914,0.8903789805811172,0.8681872532160974,0.8582134363938677,0.7923133096144476,0.7942579772328392,0.9548462316358219,
pre_model_seis1_20250809165430_875.dat---0.9655803303297716,0.9562730168706443,0.963909226075738,0.9662543057076822,0.9432739575563612,0.9520327810819724,0.9640111715853351,0.958793318435941,0.9528017889815463,0.9522550836865786,0.9647232973872196,0.9582613996802649,0.9518178696875588,0.944422013775511,0.9054384548442398,0.985111673154905,0.9964460175951668,0.9749793492021724,0.9715568954500466,0.9742970026907295,0.9607830746760269,0.9448622204575655,0.9455280773535115,0.9231227461465235,0.8646055909554309,0.886284514956268,0.8604000013649054,0.8669651032264543,0.8823259244846409,0.8619641086747736,0.8348456501814429,0.8524354447855514,0.8232427291082114,0.7671042121336581,0.7601105934392872,0.7810605676190462,0.8413370040331752,0.8271710394288249,0.8697344136657815,0.8778419136705025,0.8968013958542246,0.9105064702437853,
pre_model_seis1_20250809165457_158.dat---0.9817438827423632,0.9794802751484674,0.9833852702872714,0.9834475842722571,0.9768337034821991,0.9720080319652918,0.9710128249617022,0.9514751915175464,0.9692956340332669,0.978033593439337,0.9782062983285454,0.9855842607791089,0.9777887624496011,0.9854975891204819,0.9770272876047975,0.9705349046945655,0.9711991091916703,0.9652696952630104,0.9482474236674392,0.9559753255878779,0.9496234389027326,0.9698175780760802,0.9695717977457097,0.9527151892873474,0.944278678807539,0.9369023335324973,0.9359348884431032,0.9498527748057679,0.9484129459605313,0.9413751128762695,0.9343482088079708,0.9456295810411524,0.9532756599907364,0.958552702566854,0.9605898224858187,0.9508896975578337,0.9501667969158657,0.88577131556153,0.9106263710771826,0.8510686254664149,0.8325064144863765,0.9535111361690761,
pre_model_seis1_20250809165448_707.dat---0.9763444757968696,0.9891096533355018,0.9794684759404106,0.9847667296259897,0.9869159550263612,0.9818217822772929,0.9828235810161461,0.9823360564846209,0.9865043858336252,0.9937322111332015,0.9945666296287679,0.9888245809238977,0.9865542603912323,0.9877989483477064,0.9861133115560252,0.9879938147915478,0.993378086267135,0.9926463249525007,0.9893881653395142,0.9853338434353132,0.9865253271946658,0.9868720264980294,0.9882585135437468,0.9876097785450316,0.9882729441901432,0.9933934604973842,0.9899741067981522,0.9837442116054248,0.9765127776064574,0.9737670664636937,0.9723188883243904,0.9739658280875237,0.9668019719127476,0.9691904647395706,0.9707675615504238,0.9773321490251454,0.9901328453172865,0.9942070075864734,0.9930177027618202,0.9867433266215471,0.9752671988026133,0.9844169860920958,
pre_model_seis1_20250809165448_71.dat---0.97539328476257,0.9841015361326768,0.9853039990326834,0.977893195387027,0.9865324784661398,0.9840053496596184,0.9854070723943732,0.980407656725211,0.9721642407072609,0.961188545986843,0.9534978123289134,0.9469658184508407,0.9479076290603167,0.9747063402500497,0.9784972003080209,0.9730308110428288,0.9420541818040205,0.9244045984100072,0.9653118630289027,0.9656473478252188,0.9426322263782703,0.9274746074443326,0.9483775553946407,0.9403384429269479,0.9526090522674006,0.9652615107951058,0.9714169845210934,0.9681831714207674,0.97681221869239,0.9798999554808937,0.9617753070014511,0.9262284019844087,0.957537145300413,0.9268119357623856,0.9526856657420364,0.9505859214867076,0.9630325806648526,0.9635965213036818,0.9487459696668112,0.9213189502552034,0.9411702810749852,0.9597784235933732,
pre_model_seis1_20250809165448_52.dat---0.9681443981024906,0.9783773243987653,0.9819605626154039,0.9728065247528925,0.9587739848849167,0.979490418208339,0.9833472782920378,0.9666457440784527,0.9821620343728448,0.987716197266346,0.992901543289152,0.995256072041344,0.9907253923948803,0.9877239248912979,0.9924519015376543,0.9938785779584203,0.9823845359137929,0.9780192081717949,0.9830635136473933,0.9873826437632445,0.9864845832044372,0.9826870487585859,0.973147138988441,0.9652533119801762,0.9602384022595928,0.9539863724319906,0.9547657684753075,0.949910688221906,0.9448943543501156,0.9542408525279328,0.9361463263465154,0.950610855614516,0.9495207971512951,0.9312518540959346,0.9232457343390131,0.9389333045276902,0.9408914011085528,0.9402416058459018,0.9349591979943285,0.9144352923973155,0.9571798713435083,0.9655179644523053,
pre_model_seis1_20250809165442_541.dat---0.9513108476479863,0.8647006157803735,0.8799040174665272,0.8959307099033463,0.9172984418903589,0.854470131143993,0.8519350237002327,0.8289503543740167,0.856817201139662,0.9120255448311665,0.9323983912398978,0.9707952291235581,0.9867175911658559,0.9898494234793968,0.996880034128464,0.9958629899551132,0.9928873549965898,0.9858240671227846,0.978024009921811,0.9702005447737421,0.9704020470792143,0.9485740495675807,0.9243982793317419,0.9208962320712786,0.9216452124638913,0.9171554228358695,0.9276382370344756,0.9357776534662338,0.9063290869581776,0.9170507715073566,0.9371974044952391,0.9058596481873563,0.9482813084987574,0.9232543269103624,0.946709471359681,0.9628184241864569,0.9595343961109613,0.9560321442317022,0.9541064554397563,0.9591889525544705,0.9353813853985296,0.9339271569139991,
pre_model_seis1_20250809165442_559.dat---0.9806646078009192,0.9746048223940139,0.9801091475748258,0.9812968587795871,0.9773830730318471,0.9777079665115079,0.9717260422660394,0.9830542122187349,0.9834937200071516,0.9859620398738274,0.9861340596983859,0.989709928287068,0.9866331130624538,0.981667498208172,0.9967585250376558,0.9968157581154454,0.9970677427428178,0.9987438348028252,0.9910798977537724,0.9893794159614578,0.9859939041422614,0.9901887208774383,0.9907181392303885,0.9875729764110613,0.9751370907271013,0.9781360111301836,0.9554557730251667,0.9511836992889188,0.9079453872291269,0.907151489518472,0.9109857808891101,0.8920541806265225,0.8660449921665734,0.8497193991663572,0.8288386732059567,0.7526443863501473,0.789775747303928,0.8474838866347436,0.8496133080570897,0.8541540640560696,0.8575403131061244,0.9423982972505185,
pre_model_seis1_20250809165454_858.dat---0.9859671317647574,0.976899871744996,0.9883680034399636,0.9884882590655361,0.9838737799648098,0.984815639699175,0.983706417624381,0.9726308234926977,0.9780311652948229,0.97175344583983,0.9511600414931076,0.9484378918375126,0.9310286272162861,0.9058963861274665,0.8634721549619119,0.8447982147788404,0.9535291149483781,0.9553708624796565,0.9557667661292465,0.9382537030219301,0.9268420480460653,0.925730984081839,0.9561178367990295,0.9586371752667469,0.9508304899884147,0.9366764459116798,0.9343110140985725,0.9150081948034595,0.9157718696063298,0.9456724817641292,0.953765296799049,0.9602742449977072,0.9722807739605369,0.9726370069062018,0.9724416254487313,0.9771112707129167,0.975935025224086,0.9700429067090618,0.9491063035735959,0.9535084551158924,0.9570931299495805,0.9522449483094865,
pre_model_seis1_20250809165442_542.dat---0.9736701786668169,0.9589991837093311,0.9579714709671074,0.9730391062348653,0.9820126641663209,0.9746705015978523,0.9765192662464809,0.9719510466651864,0.9622520782785997,0.9524062182556766,0.9694981933442992,0.965798460263324,0.9140209006709179,0.9153673065580019,0.9322449167111807,0.9232597363807646,0.9223577455048882,0.9296702054714346,0.9240267451134284,0.94816265506515,0.9265593278469668,0.9657798087160172,0.9495677466313844,0.9184922455546584,0.9549864261592317,0.9554355271014193,0.911720343702738,0.8989032130413168,0.9010499436051818,0.8509262107911372,0.9196161136206498,0.9309197224964275,0.9200149511866089,0.9524958232039438,0.9391657963124894,0.9603319747817852,0.9487088890887403,0.9630231623837938,0.965510978666614,0.9696457330699757,0.9749384082846735,0.9440412421004238,
pre_model_seis1_20250809165454_268.dat---0.9879444303086542,0.989627006648043,0.9899002252089638,0.9930490175184007,0.9926926557192138,0.9919302042011915,0.9914011823845897,0.9900548472411421,0.9828552102806893,0.9893245745823376,0.9945437689262713,0.9965680646527,0.9964515233991591,0.9935245045245341,0.9905091801098216,0.9840991603260072,0.97958180447738,0.9881421730613633,0.9833340815280532,0.9769719624620291,0.9726759046861417,0.9685075838525307,0.9698274663542217,0.9680329625697001,0.9686905805787727,0.9664013362437691,0.9583681760953101,0.9605855063204103,0.9536041235599567,0.9634935034024465,0.9602143449601788,0.9624775099975298,0.9593572894720428,0.9592344862880984,0.9491897364524998,0.9393200715063015,0.916174502394293,0.9209687074340824,0.9245772060826246,0.9254247538282097,0.9348209124665532,0.9703524937099078,
pre_model_seis1_20250809165454_883.dat---0.9769410919122603,0.9850481750706025,0.99040170964153,0.9927386442860279,0.9924009597334142,0.9935481523712711,0.9921266846206233,0.9908901326253063,0.9901532486890967,0.9900435458532996,0.9914344860177849,0.9918143280309554,0.9938723035565182,0.9927006720693158,0.9952452232879123,0.9901955269879363,0.9971484777285182,0.9976058371955191,0.9949040774103682,0.9880608853444386,0.9852841580187862,0.9861487982004278,0.976707865031039,0.9782527432573673,0.977976720392175,0.9766338977526264,0.9845483981609066,0.9743877065044735,0.984564767313327,0.9686620158636946,0.9688904553475104,0.979844668987587,0.9781338130955431,0.9737645903046627,0.9738528806093977,0.9699917489071417,0.9727306284264088,0.9555566861958342,0.961893453415465,0.958658765272409,0.954008351579731,0.9821406652455907,
pre_model_seis1_20250809165448_492.dat---0.9495540153663694,0.9738386947554417,0.9750513778680284,0.979027928221558,0.9792153643809198,0.9790761497813756,0.9801549950980463,0.95889938214801,0.9651844818573042,0.977984173648663,0.970826670408144,0.993577159016836,0.9910024751494155,0.9862685069905345,0.9852231934369585,0.9878681810384902,0.9873501854588788,0.9833487325616616,0.9773786988198502,0.925487978035379,0.9223996971216363,0.9515761149978138,0.9497029685668893,0.9879455506803103,0.9744412369653889,0.947777811370012,0.9468438389077779,0.9336116162670871,0.9579995621284767,0.9206016487523663,0.9229472115599997,0.918699779951897,0.8982452988815264,0.9139431914558548,0.9171949858456115,0.9237483344946089,0.906278436648425,0.905476309796055,0.8823696710380483,0.8836482888308558,0.851505887571565,0.9493481898993679,
pre_model_seis1_20250809165430_864.dat---0.9851338229732745,0.9859028727701066,0.991146819073834,0.9871642158071894,0.9883818499058741,0.9881658691476536,0.9873927703384904,0.9797047898800919,0.9666031960362849,0.9694301455760713,0.9762973365846287,0.9784432925813336,0.9897893991807198,0.9805696883586479,0.9864325595297758,0.98786303138071,0.9897213610297098,0.9770130185570096,0.9711657132279996,0.9593581455737586,0.9735674578869595,0.9723030857879775,0.9757624816740854,0.9787679923586617,0.9718075869400864,0.975904793066552,0.9835337524568107,0.9850982264504881,0.9858158367982333,0.9793905811816348,0.9775550477954192,0.9791401057609901,0.9803255562468338,0.9768608062689635,0.9788015335134981,0.9837126066240139,0.9770537416188173,0.980810541761927,0.9895327007345597,0.9894650148716028,0.989967019744697,0.9807525943184385,
pre_model_seis2_20250809163921_438.dat---0.986848280453861,0.9861387245891331,0.9915794788506884,0.9904362587498587,0.9943442820628124,0.9935748880814156,0.9907247249311831,0.9927191107557365,0.9920586949028668,0.9883749751017076,0.9904069325245115,0.9793289827803121,0.9818497479698853,0.9601452846965046,0.9446530442447466,0.9653407446201118,0.9526268641055244,0.928961473134869,0.8887638851397783,0.9441194740709442,0.9248873000733614,0.9428738151927966,0.92654682962856,0.9285424246093713,0.925127483113554,0.9092709783576619,0.8822871966386036,0.8795257025172548,0.8806778739630815,0.8663138207538656,0.7912613024144718,0.700456389987015,0.684535284187785,0.6850569119705191,0.7013847832069469,0.8096164389158641,0.8261481602896541,0.7511477123278687,0.6990751899495459,0.5427456677693271,0.5731397569363046,0.8847223627943872,
pre_model_seis2_20250816100706_58.dat---0.9875545789592721,0.9889442116476314,0.9865314962381866,0.9887321668666718,0.982890154779894,0.9873817526635098,0.9827027296061052,0.9835240964508577,0.9783177524486635,0.978739028950866,0.9845431692545252,0.9790743304976093,0.9812158576458079,0.9858484561767333,0.9834441218248966,0.9858452479214554,0.9830326303393709,0.9859443953390189,0.9821098823621314,0.9799251386126303,0.9689285349497552,0.9747235568297611,0.976166635351425,0.9825673841320138,0.9834238777590456,0.9730577521302052,0.95951668541552,0.9515170652436344,0.9412573767312996,0.9405502392832613,0.9358763048730001,0.9453126435207746,0.9341257580193055,0.9410600560510931,0.9389246709913307,0.9472672068640371,0.9387926706550279,0.9573033304512591,0.9481081114447788,0.954600985909568,0.9642612788538097,0.9691132518059937,
pre_model_seis2_20250816100715_38.dat---0.9837828353328207,0.986935962155323,0.991859780466146,0.9922499844508449,0.9896302756242342,0.9904877985111676,0.9885345734339926,0.9885150328293644,0.9879347823973192,0.9812730562597466,0.9661746219688818,0.9684244183298455,0.9763424733766143,0.9759977664729312,0.988403781736123,0.9946242760910196,0.99357204523139,0.9953855709087694,0.9953691749404165,0.9969422192801703,0.9969741649543189,0.9925759760536575,0.9899949981109284,0.986422074728038,0.9859545614329902,0.9748768308737182,0.9567009269369889,0.9697687820485288,0.9661549682598112,0.9621399963278344,0.9553028667649767,0.9778800813099073,0.9691410546172569,0.9637437886401851,0.9705524153696742,0.9679052514227158,0.9825602225809186,0.980619070176804,0.9710755516869816,0.979901826537508,0.9715315827611657,0.9805906688144401,
pre_model_seis2_20250809163930_748.dat---0.9905180467177891,0.9873911900903922,0.9804659784204068,0.9782990432718096,0.9809602720619482,0.9659633623070967,0.9188806790489363,0.9444413983149921,0.8864197593586232,0.9348335807471971,0.9088248673746738,0.9136672769871177,0.9440399297439738,0.9518653342546576,0.9922320496246195,0.9923332121255245,0.9950224122347878,0.9935425129906571,0.9980771329780848,0.9968261602547469,0.9933360814431168,0.9914613108329539,0.9869072388801495,0.9887379678999804,0.9865237172917912,0.9881528683277737,0.9857327324210419,0.9805409782197315,0.9786960547594028,0.9678766029463695,0.9755588492501581,0.9795138155003101,0.968439652126261,0.9660435818226841,0.9632689961444089,0.9712578131834668,0.9684150590634709,0.9581379571828658,0.961618010347648,0.9751209870734612,0.9651630619462244,0.9696367691602757,
pre_model_seis1_20250809165445_860.dat---0.9511365024515612,0.967361319680471,0.9511259100206642,0.9488954817017474,0.9742247016287399,0.9287698906507601,0.9642981173880104,0.9407105740444093,0.9497958717880604,0.9521502728886695,0.9507689364619019,0.9399009106854822,0.9757227243357257,0.986296277842921,0.9954060912660162,0.9960962394232941,0.9971079094146509,0.9977522531615586,0.9930456306209153,0.9883622492881772,0.9809413311900702,0.9526743832422211,0.9579789581867928,0.9561507268913897,0.9504545833703787,0.9433618463903687,0.9442739930367885,0.9446324187676851,0.9342524470495395,0.9301918156086569,0.9055865670439663,0.9086155156653372,0.8921612316441435,0.8746995325796687,0.7802142983075031,0.8392651819017134,0.6440568222081345,0.691181693400314,0.6892645620018334,0.661985938516949,0.805766308009693,0.9155277565794362,
pre_model_seis2_20250809163912_235.dat---0.9693151191547685,0.9826911221599017,0.9837013203957612,0.9791462759641829,0.9471148166603948,0.9632344865239231,0.9502380406670652,0.9319327439625561,0.9491203773550231,0.9252293233985804,0.9413582447472071,0.9308810553178988,0.948944123984553,0.9656455188000772,0.9894677238243066,0.9881292235169055,0.9909598557767887,0.9914936158154356,0.9896559091039959,0.9801853001380745,0.9742781444037774,0.9695893641762849,0.9813776576392574,0.9782740279856669,0.9737671899681163,0.9713593414425319,0.9734616299987964,0.9768714594881687,0.9738495081331106,0.9578963108349717,0.9619943734937875,0.9814216559298677,0.9766808202496708,0.968895180366922,0.9740437793833568,0.9673845371819149,0.9749958313705004,0.9594339340536332,0.9737076129999384,0.9759952768587692,0.9502797938190579,0.9681463811474511,
pre_model_seis1_20250809165430_514.dat---0.9778257291230275,0.9858417537255145,0.9890309819515272,0.9843817044963326,0.9880789598690318,0.9857744412898585,0.9819696300871192,0.9777068399201096,0.9731670205565252,0.9628000413433073,0.9678456793862458,0.9488843356058702,0.9766991733854861,0.9956159739449755,0.9884925531713062,0.9910260311438612,0.988548723766717,0.9923170598366404,0.9896344548461168,0.9839192903543623,0.9772544877351833,0.9900458149928297,0.9864603581215083,0.9808603813231696,0.9767516157317006,0.9819852676587137,0.9905366121203949,0.9881324752656276,0.9881974873301832,0.9904081205277805,0.9923677029424517,0.9912352967680215,0.986264870054514,0.9833925602915885,0.9813678322380055,0.9817815025790327,0.984921942442979,0.9817785396562313,0.9709759350869116,0.9679758993641021,0.9650064451615353,0.9821283298828389,
pre_model_seis2_20250809163921_552.dat---0.9929885485765596,0.9873200807253931,0.992357468125813,0.9973345266998309,0.9964727989373141,0.9939599430726362,0.9941411236660096,0.9924809896856955,0.9919263050840238,0.9901717262989902,0.9902038451743718,0.9907954860283119,0.9904899549952587,0.9950879165777571,0.9962918250379522,0.9981300753969596,0.9975141000939498,0.9959269185849426,0.9971747222430579,0.997216671599209,0.997267988942036,0.9916512855436129,0.9943063194467707,0.9937677653823648,0.9925731339923674,0.9935398878648279,0.9909417012536388,0.9922219533917921,0.9925550260901985,0.9858097252604587,0.9753852496106148,0.9724421076333799,0.9757375443591472,0.9828660471603599,0.9770225302552518,0.9789986185543905,0.9736503062250158,0.973001626686047,0.9625991827091522,0.9809630608891811,0.9681489283454106,0.9883764638097577,
pre_model_seis2_20250809163930_299.dat---0.9952538473894925,0.9955728159612639,0.9951607430050349,0.9940398073953765,0.9919470679509725,0.9893693249342363,0.9817021264375542,0.9872199501966679,0.9804007022116088,0.9800568062904351,0.977408655035495,0.9740549174032154,0.9757099148955222,0.970333610873286,0.9772309830238164,0.9678590943679856,0.9701367432091038,0.9615021459972565,0.9773298050558819,0.9831263281014563,0.9860516426502732,0.9870328239337126,0.9835440350517448,0.9766956460774613,0.9812587602800699,0.9804753553346723,0.9816818578697004,0.9727521851482057,0.9649173139886482,0.9567529087529263,0.9568812764241578,0.9505039074327796,0.9502302524722935,0.9619693321253161,0.970901218988455,0.9819570406448761,0.9840421301412027,0.9822437429869775,0.9832907426526913,0.9850638825896186,0.9805567828635604,0.9776638592230491,
pre_model_seis2_20250809163933_267.dat---0.9829660883509543,0.9749829552098058,0.9859394610442677,0.9862938203218538,0.986342146697411,0.985884968975601,0.9828428695359132,0.9885707211767337,0.9830895385967579,0.9877468638407297,0.98807047353954,0.9880673810405793,0.9902612179681051,0.9952308331294707,0.9947455372827192,0.9829414623895176,0.9741409852626282,0.9953924515830285,0.9764962459020371,0.9855272310481815,0.9749721855866627,0.9789555316113702,0.9784483496060569,0.9838984635178286,0.9734089950401943,0.9739680105065768,0.9684541522787846,0.9509525754236843,0.959954316632559,0.9398079693234668,0.9640390232245384,0.9665030323751224,0.9768844082787953,0.982760553310231,0.9760026653332966,0.97794673122113,0.9893787657261116,0.9904953181257401,0.9882256862472194,0.9871674630228355,0.9854897074642983,0.9800791989451788,
pre_model_seis2_20250816100718_75.dat---0.9695344515252069,0.9487876328728221,0.9791891250676713,0.9786574313653394,0.9724131672509365,0.9702325558577942,0.956978980434273,0.9478736168564642,0.9404407389498175,0.9174143724849054,0.9344006106631102,0.9392730848776476,0.9436226668968838,0.9553330430378087,0.9638174161556744,0.9808444638883947,0.9775920730730137,0.978841155171476,0.9793205049465268,0.9776402396150856,0.9801074565958798,0.9795071308985467,0.9854621891030537,0.9774157936336015,0.969323158874872,0.9784212253282301,0.9645049711056214,0.9224239949501153,0.9413803096927972,0.9178930222625679,0.9354331595272941,0.9494002985120711,0.9435086025173884,0.930076509669512,0.9289969458304747,0.9305170638355487,0.8938932356037795,0.9244975440667004,0.9638185931699421,0.9693211893013673,0.9510725794640296,0.9548581049983963,
pre_model_seis1_20250809165439_597.dat---0.9705829912382361,0.972969866322905,0.9698932586836796,0.9661497602645003,0.975142303565087,0.9489355096760467,0.9667253861411081,0.972268079343058,0.9620155598260383,0.9643715415072893,0.9615284915722992,0.9412798463767355,0.9476050651816539,0.9376692291280753,0.973278140451133,0.9849443164643649,0.9817688520932452,0.9702127241189709,0.9845921000920674,0.9661439148611992,0.9812360969459212,0.9796359763884269,0.9565493704920218,0.9540689568290922,0.9653025883390204,0.9664190670071693,0.9627455440926436,0.9548003955395198,0.9385782778189006,0.9533414957192441,0.9619493854667802,0.8995417578574952,0.939132127559482,0.9227733524848374,0.9332861049367437,0.9150751430202259,0.9245806620558203,0.9505889089335642,0.9400460309463219,0.9349094925471936,0.9541620958113746,0.95626340896828,
pre_model_seis1_20250809165448_417.dat---0.9806152837026358,0.9760166900192802,0.9498386066459791,0.9580794863522109,0.9646277898297325,0.9528917707438598,0.9114871013210294,0.9412521019673652,0.9504380214939374,0.9330691180249355,0.9586988616645138,0.9654604774870484,0.9331755558444238,0.9671673462877299,0.9238145215077807,0.903345772199974,0.9214691141454898,0.9654633911885964,0.9538258530618096,0.9663581673215816,0.9750971945690837,0.9697812486546208,0.9808414355551778,0.9804118259041236,0.9765611898783624,0.956188523906438,0.9697236072194179,0.9552381028822765,0.9541340267773756,0.9259649492657362,0.9284055513088223,0.9510100237828625,0.9511731225418623,0.947947459491294,0.9579683320098232,0.9644589704714696,0.9171256857682006,0.8785475231401638,0.910996403512166,0.9083675738331479,0.9076289091449438,0.9474308948884701,
pre_model_seis2_20250809163921_342.dat---0.9715585786202416,0.9783011159325589,0.9723389511794964,0.9869243571769302,0.9844674823974812,0.9855923202811302,0.9757407150804702,0.9812686880515464,0.9807438552544826,0.9749425931077864,0.972336696236576,0.950500210608851,0.9567036453880884,0.9707606637595974,0.9840330575062417,0.9782877416877845,0.9809420563518318,0.9815631270672852,0.9829692344459007,0.9826956184876341,0.9753695237814292,0.9743995125667825,0.9783774056707268,0.9783159066285617,0.9836921985942658,0.9860072914776528,0.9806280870051579,0.971715733251054,0.9568848014035762,0.9405406605350889,0.9408379138015034,0.9116260754413366,0.9233248405618205,0.9247239816723034,0.8883702532750178,0.9155146295115414,0.8911856013527113,0.8886213752853981,0.9158756880643198,0.9122450149523522,0.8903652769616125,0.9575924995223443,
pre_model_seis2_20250809163933_858.dat---0.9352733509599066,0.9304593252302249,0.9610506149079122,0.9570962271384283,0.9377493079210748,0.96768511392861,0.9503505919021027,0.9399351899284587,0.9645462209390966,0.9735721006496114,0.9552130954782273,0.9540983739885607,0.9510238989242441,0.9649823973290035,0.9711191128629313,0.9744337206968894,0.9680893294871771,0.9496805930757009,0.9277065009266164,0.9302646608486387,0.9313974419507487,0.9424446400380622,0.9331149911178278,0.9256792462880514,0.9318460263826069,0.8994061240511554,0.9136166014917871,0.9367411564586795,0.9208272337227268,0.9227075123783884,0.9142799690433813,0.8970974588501405,0.8951501932870454,0.9096246243415108,0.9136954065849421,0.9046029619215143,0.94131793704555,0.9423203659667025,0.9522742363681973,0.9430738598658703,0.9628450335146126,0.9389851889705587,
pre_model_seis1_20250809165442_212.dat---0.9716949424735067,0.9650031525725575,0.9795052087423057,0.9811988094272938,0.9746531179230082,0.986945921716582,0.9892413575779526,0.9888376583011736,0.9937244357285713,0.9935679683539888,0.9934104558114155,0.9945402741283411,0.9959774719611265,0.9962896461934405,0.9909598204852399,0.9919234037136464,0.9890331272814677,0.9900796859163218,0.9887043917843935,0.9858268899213126,0.9832599559481964,0.984656388678499,0.9846096130017468,0.9826546716369494,0.9797476457032459,0.9809749806239311,0.9688040692442575,0.9711228195053079,0.9784301060888644,0.9745500058496174,0.9721639097190272,0.9748901403558754,0.9776820828216659,0.9781596695128341,0.9778440688230712,0.9767191353175161,0.9709791066935266,0.9601774267810723,0.972238206295051,0.9817277244172561,0.9795308082359435,0.9817570798845634,
pre_model_seis1_20250809165433_737.dat---0.9831606959861545,0.9770080845009042,0.9856504433500469,0.985896657698295,0.980150744833427,0.980811582495366,0.9761876212007643,0.9591759611261179,0.9306705875379552,0.904955754163576,0.8583885075992749,0.9269433757535364,0.9473866230671167,0.9886893138111345,0.9718772623245309,0.9738318873717452,0.9840294654538331,0.9696548897344184,0.9806874976493674,0.9783395397684392,0.9817534514534924,0.9773213338861058,0.9744203968579926,0.9678725713400641,0.9614300903200573,0.9738760201615256,0.9595958193785707,0.9718386903339796,0.9732217488333763,0.9813628408202311,0.9759086809453997,0.974023474230054,0.9834838131372381,0.9876978118459099,0.9764757446392135,0.984112528037492,0.97840965750206,0.9755430940720986,0.9807346756800933,0.9805699723584886,0.9761132020279357,0.9692502954460339,
pre_model_seis2_20250809163930_351.dat---0.9909361089875239,0.9930936167675429,0.9920454837467223,0.9904150020282827,0.989357102076014,0.9884698737647855,0.9878063341566752,0.9904752599727824,0.9880605809373693,0.9824031256745953,0.97933107974203,0.9808232567880856,0.9810365949544019,0.9727005742869043,0.9680132042532039,0.9629543768262442,0.9729569079539395,0.9796351004954374,0.9655806349465489,0.947635190421567,0.9612072902446525,0.9378336610032354,0.928919560643313,0.9345611538116572,0.9264731789582086,0.9484894885512278,0.9353685679583618,0.9537245998550207,0.9618439060809688,0.9674896258156701,0.9722496039374673,0.9741861016733765,0.9704362954691682,0.9699578394404763,0.9798563960350487,0.9828210511279772,0.9820390904057806,0.9888357111024526,0.9908125311322148,0.9870610232209063,0.9871283025425539,0.9718298631168386,
pre_model_seis2_20250809163924_695.dat---0.9562001206202694,0.9749100341838941,0.9797708899226875,0.9826784295872893,0.9825574742918776,0.9761637646319878,0.9732101721063269,0.9619044236523586,0.9644270023459224,0.9208653375165808,0.9251245452335537,0.9238119411865359,0.9397756995655109,0.9550660897141247,0.9740876796432176,0.9931893547706476,0.9907132206770135,0.9925194121330232,0.9919551432948543,0.9707338856888846,0.9640341490972891,0.9834072609393052,0.9729558473819492,0.9751982611250213,0.9691066107111366,0.9731838706462269,0.9675208188527084,0.9725491034166005,0.9662551966554321,0.9483337650115309,0.9579413021333264,0.9767647839786932,0.9838276973993163,0.9869323527724335,0.9894361179022492,0.9917608565182953,0.9820147974450675,0.9817624961211536,0.9754686563882091,0.9566960221506611,0.9445292252145253,0.9694961905518951,
pre_model_seis2_20250809163927_678.dat---0.9875039420995668,0.9678833059187777,0.9853881099495327,0.9799183269299623,0.9710225638896387,0.9760981847417645,0.9768963865574893,0.9647979164688172,0.9474265806304033,0.9579637633124054,0.96267067326622,0.9592082632891403,0.9653331881953047,0.948039084318849,0.9837653148742534,0.987952840832504,0.9941569423205685,0.9914880633161869,0.9967482505602966,0.9908655559032615,0.9889653283437574,0.9738042082610302,0.9582060885012298,0.9599574770282919,0.9666395176055748,0.9635744879589829,0.9670334653412751,0.9809361068238615,0.978323592441104,0.9854342662978274,0.9834302755045284,0.9811267664504434,0.9721446503439467,0.9577993332213589,0.9458354012906071,0.9344248366210445,0.9310155946482259,0.9287051358390658,0.9174324737438357,0.9201239486746998,0.9155292273180443,0.9659894985276508,
pre_model_seis2_20250809163921_644.dat---0.9857814798423564,0.9818242375809205,0.9900115949697216,0.9785187318156919,0.984674439894796,0.9856786519206051,0.9864172681673276,0.9876731252820249,0.9898144485063516,0.9912849799785135,0.9916832774166903,0.9953385466774683,0.982443579065583,0.9687099032119286,0.9805356743843964,0.9781728746967481,0.9820874698054127,0.9700960324331832,0.9744748991695885,0.9781672806395713,0.9792226558463829,0.9811282550192197,0.9809557352902651,0.972017668401948,0.9716669896423634,0.9843587028912418,0.965488201264332,0.9177343127017388,0.8889651759865934,0.9046768834295621,0.9129424104698858,0.8880225296878784,0.8900833944135507,0.8981795324176639,0.8987693065418781,0.917865067124321,0.9183336832275288,0.8554602694687505,0.8792971240910821,0.909057481048463,0.8651953347230474,0.9522636392474775,
pre_model_seis1_20250809165448_262.dat---0.9896116647666412,0.981648443836868,0.992032261402456,0.9946757756774053,0.9944956013415309,0.9953021350008645,0.9952109714103591,0.9959678440990236,0.9938810524758525,0.9915205141454361,0.9859784507299675,0.9887294045769977,0.9856089188665762,0.9914043875414074,0.9970656373460428,0.9976049731893104,0.9942703742157705,0.9960682148905226,0.9950107010178262,0.9938900661323979,0.9849085076534535,0.9866651568159909,0.9825919884989754,0.9833920318576812,0.9734592710628349,0.9758522463829991,0.9641398107848328,0.9685810910684431,0.9642204234967573,0.9572373797325002,0.9329126621143715,0.9350760553871347,0.9061215320150309,0.9094682231570147,0.8911497827328206,0.9192225878466763,0.8496684393661931,0.8207681070769,0.8679129646714577,0.8843428722593721,0.9156883937538557,0.9615452907414279,
pre_model_seis1_20250809165430_691.dat---0.9946039166229279,0.9958238710535362,0.9936678908594464,0.9927424370130588,0.9895916873417873,0.9856436282179689,0.9812730398785479,0.9745875213026431,0.9717200222468123,0.9690321037618342,0.951611917863995,0.970806844833979,0.9530061175824894,0.958786843492803,0.9595479956594798,0.9665033444550296,0.9861974184228836,0.9931164525574627,0.9890323037489198,0.9823355295184069,0.9774287944217743,0.9847538238424077,0.9791069000677617,0.9841557880382273,0.9769185521001164,0.969037234664581,0.9692030921467556,0.9701314841481985,0.9497304199134801,0.9538305795426785,0.9369024526262025,0.962430911907937,0.9728249227393677,0.9694774341608713,0.9753647637544647,0.9775438344846695,0.9789013687845939,0.972246480147819,0.9684152424698499,0.9711752384490177,0.9729066014381715,0.9739540684459256,
pre_model_seis2_20250809163933_51.dat---0.9908968031166078,0.9793522240131783,0.9887357947172309,0.985287663841924,0.9903123356212711,0.9892064746611171,0.9886374555949751,0.9928722337053457,0.9956696896428258,0.9964412613689214,0.9970511500194935,0.9957217519025177,0.9940789163143274,0.9976286633567562,0.9988590575418629,0.9990407326929047,0.9994168198330947,0.9975342426552415,0.9961918503949589,0.9961600005982991,0.9941059474791721,0.9948757288267005,0.996124694774074,0.9972539475339395,0.9912830418677404,0.9931064028684572,0.9868378271033762,0.9850348933035586,0.9875414809969509,0.9829016798774811,0.9799655283805254,0.9805117347214278,0.9748524692076079,0.9755055064538395,0.972248048586402,0.9740909332501827,0.9764387219647759,0.9748521038892184,0.9739927878491952,0.9694985883504897,0.9671140126223091,0.9877373463780555,
pre_model_seis2_20250809163927_790.dat---0.9976854551975379,0.9958139014445453,0.9958905479639087,0.9963988643273032,0.9944866664525022,0.9923198861952723,0.9908255081209274,0.9886033727414097,0.9858187991070239,0.9836820433536766,0.9807712094277605,0.9751100400666785,0.9761347211063452,0.9748644458480823,0.9718763392695103,0.9881073518125414,0.982449630192839,0.9563778047479775,0.9650300566197407,0.9738902200103343,0.974239546700502,0.9613106202081986,0.9691021539940261,0.9669036685149432,0.9686960471441836,0.9699639995651473,0.9705440312153996,0.9544995729851379,0.9564699728331643,0.9483330519097676,0.9103179787052931,0.9390180704897404,0.905012025530321,0.9270764809029731,0.8845944357571589,0.8929006145768063,0.908109009607271,0.9284084353740902,0.9289971443212927,0.9216160768057751,0.9250677197384468,0.9604223785581842,
pre_model_seis2_20250809163915_501.dat---0.9756163880333051,0.9693314871929962,0.9797552638855314,0.981276743165551,0.9823186939582035,0.9827293522938818,0.986460290633438,0.9763991406784647,0.9624346847244301,0.9576044243715739,0.9765302195644753,0.9774382269624555,0.972459833753244,0.9735215131623306,0.964742305879373,0.9797525562837964,0.9933666401196553,0.9971519491640936,0.9922516594532507,0.9919609059534792,0.9882386125653958,0.98905818677888,0.9782032223677948,0.9650327251048474,0.9550189145323774,0.9541800582777005,0.9532525830219112,0.9611415041340411,0.9675246145995298,0.9547449919207952,0.9606117630880628,0.9587686293119005,0.9251281685638933,0.9191527501437516,0.9172015606474173,0.8886588564328225,0.8572252600736727,0.8421829842311912,0.900658670749219,0.8611783502518681,0.8554117763399479,0.9542847917651355,
pre_model_seis2_20250816100712_95.dat---0.9887170251470854,0.9888303038689736,0.9871614165370849,0.9924064396119568,0.9910411367671154,0.984452094283702,0.9875504633239954,0.9880325395462664,0.9885987179121808,0.9886592158591091,0.9880595204204207,0.9826508429433951,0.9782590429906107,0.9834404093462513,0.9838277096140925,0.9815061129713498,0.9809543056033285,0.9869112384634442,0.9885839154265241,0.9912165747907745,0.9934694432444836,0.9931116577376511,0.9926039209504054,0.9944949096298896,0.9900153663688079,0.9851362604453447,0.9784525228691411,0.9662668071598908,0.9528696997918424,0.9326787964817116,0.9557268885154769,0.9440362527003078,0.9735620610651652,0.9722410086766815,0.9824090760530755,0.9852263615930081,0.985785977645334,0.9788329740500248,0.9821771502083373,0.9704634924775561,0.9757648073105964,0.9808825478146922,
pre_model_seis2_20250809163930_173.dat---0.988101133352946,0.9754544249249054,0.979493346278539,0.9800495875268097,0.9741516522557548,0.9787555944529113,0.9643016484097886,0.980492949359397,0.9696492658586492,0.9659525949089994,0.9659827342989921,0.9515685555797069,0.9783108541544338,0.9539682412217787,0.9747903299266262,0.9761131883950704,0.9768871426142222,0.9820774201734468,0.9821397321069664,0.9847034122928738,0.978730559073113,0.9720252397038984,0.9567347600216147,0.961122511367222,0.9704372843775332,0.9552202298688598,0.9659011402160215,0.9592081861657616,0.9512250657740615,0.9351565734804868,0.945229345811878,0.9184528945130569,0.9278619320459861,0.9395478064236292,0.952726975500317,0.9609264907629533,0.9702852192079833,0.9548787554191864,0.9721039771950872,0.9696973026738611,0.9623275785517746,0.9649449667377341,
pre_model_seis1_20250809165430_893.dat---0.9916441436122801,0.989812799647068,0.9911571586566035,0.9876119896186908,0.9905694861047993,0.9883523925937805,0.9851093269369031,0.9935397007335753,0.9916248992961524,0.9916822997902642,0.9921996695025818,0.9921564018422457,0.9869238635004438,0.9984548994345673,0.9979939715424301,0.9957903199298594,0.9889253780204973,0.9834388099001521,0.984922485779819,0.9774530353857152,0.9876522250803139,0.9895596429954168,0.9886329889346128,0.987103834112331,0.9885644698851136,0.991181765046901,0.9871258571896615,0.9860139431030894,0.9851474061274024,0.9842730279934266,0.9830638857287427,0.9884634849290488,0.9897175329686284,0.9885575081805595,0.987603295845425,0.989908028699423,0.9919676011935977,0.9963413306589187,0.9954135770337328,0.9926196870434274,0.9888262421362097,0.9894414723588885,
pre_model_seis2_20250809163915_211.dat---0.9896234260296217,0.9842632568694863,0.9923542872762618,0.9917893851733633,0.9878623899553388,0.9839970343717662,0.981877188966299,0.9793180566066167,0.9782400969051491,0.9820434493194375,0.985628682399489,0.9871114463577493,0.983378997720787,0.9831161283988873,0.9823984986322014,0.996528130075042,0.9900779867237919,0.991035524903068,0.9900416506272802,0.9834856665958526,0.9924639293201343,0.9855907994325561,0.9927104511402206,0.9901806667580295,0.989760653993526,0.9841046884832249,0.9894980809972935,0.9922168261657257,0.9938700877472578,0.9956015959010304,0.9960453693208629,0.9968545435295593,0.9952453926192046,0.9933046106938552,0.9898416487096323,0.9820588948619865,0.9806034403191531,0.974117509155423,0.9729030534516755,0.9759884883440657,0.9655296426466726,0.9866502843292335,
pre_model_seis2_20250809163921_186.dat---0.8930333086612128,0.9477217200091855,0.9609837226145309,0.9603029171858098,0.9451651003895021,0.955175068606041,0.9537562552803633,0.9418996171258164,0.9577362973989157,0.9279001165415341,0.9310432424280879,0.9067013136446714,0.9041694692826877,0.9491377625873079,0.9688237880507818,0.9829513948124752,0.9840226431655917,0.9932249128336126,0.9935129711801924,0.9884702866368696,0.989101662005926,0.9879207995408613,0.9889958716219075,0.9852551205593552,0.9860607119161543,0.9765427604775294,0.9696157924733443,0.9639257346410113,0.9603823589806693,0.9591602582412325,0.9594980266411905,0.947836693277123,0.943984919312397,0.9505735873121551,0.9198139011310738,0.8767569598058403,0.7740695512688552,0.7747914095472705,0.8099765522336495,0.7939101361941724,0.7473190120260036,0.9344200909181194,
pre_model_seis1_20250809165445_512.dat---0.9848256329714196,0.9818219140854921,0.979283042238378,0.9666229788756505,0.971924177526838,0.9534591403163988,0.9372024186441558,0.9437324850037332,0.9099466636311564,0.9231777526519266,0.9028413611174534,0.8723078382502947,0.8638926524786874,0.8939345102058281,0.9230290734680453,0.974857855077047,0.9824255897022358,0.9801423760269585,0.9708224639603943,0.962713756851487,0.9691746842739667,0.9714823173794647,0.972406758182471,0.9689744729783228,0.9813213759199289,0.9836597207666138,0.9885101402573442,0.9863466591171219,0.9817672195674623,0.974389367429107,0.9572366013624041,0.9650402931557096,0.9575522632451168,0.9464278499321883,0.9621562456545327,0.9718656619120077,0.9752884710740467,0.9616876771431919,0.9614734034174043,0.9599921417481566,0.9537144016396849,0.9568154002253617,
pre_model_seis1_20250809165454_537.dat---0.9868585745167718,0.988756651620957,0.987734743149674,0.9873144068256211,0.9872003105419495,0.9840382588755061,0.9816815626139924,0.9809751149904542,0.9690784791710219,0.9563947355511228,0.9488134213809734,0.9645901605370298,0.9765670654996716,0.9799273579431826,0.9829596571440941,0.9907993782008554,0.9913058705498163,0.993505141260273,0.9905832979847808,0.9863359911922478,0.9772342234263658,0.9803413749593282,0.991964073223979,0.9832509984783189,0.9726636901502719,0.9591417138220956,0.9505562696482122,0.9650439941495312,0.961079639765773,0.9420448680634599,0.9210135171262791,0.904377750592164,0.8998227953003705,0.9286257159800941,0.9327159397386738,0.8983019726741021,0.9094955314519036,0.9184126286681602,0.928419904071391,0.932309811876962,0.9243331208057683,0.9608919442322733,
pre_model_seis1_20250809165448_521.dat---0.9587019036339812,0.9893101121514006,0.9825041280826406,0.9881572905527721,0.9924651805280291,0.9899661378115071,0.9906068739288902,0.9893336012475157,0.991580696720329,0.9907287676225849,0.991394788929472,0.9897154598747414,0.9912121062739649,0.9930180140702917,0.9955050773526087,0.9988351734377788,0.9960340107653155,0.9948539589506789,0.9970032265672968,0.994391803706638,0.9919394832370996,0.9927682975532894,0.9945133134152049,0.9904712283482059,0.9899250800055868,0.9774389340061524,0.9779694910683572,0.9678962280286484,0.956901470115687,0.9419815401674857,0.9325036722844385,0.9114338501951272,0.9260119105814131,0.9330298251160978,0.8919873999815067,0.9108156531060427,0.9074641920767096,0.9198265194321463,0.9549514673136079,0.9375783105929675,0.9576417789164563,0.9700089745792848,
pre_model_seis1_20250809165442_574.dat---0.9733837949601107,0.9448926973748445,0.9685797678315702,0.9547688499084406,0.9699560318271558,0.9530820472917205,0.9526566928523184,0.9302701599107612,0.9034374159507935,0.90819309538453,0.9156218933222485,0.9060095699080659,0.8652564211674028,0.9375865446112587,0.9600043036017667,0.9945013514232134,0.9930513734614579,0.9876877481230389,0.9778196445773879,0.9819168508848743,0.981342324041401,0.9865783657311374,0.9785509091405019,0.9671542136970328,0.9699839787532857,0.970481926632495,0.9674551542528348,0.9837090018405797,0.9885751073615521,0.9893882002267579,0.9882099369970682,0.9838548515258208,0.9759058472970564,0.9762076717709983,0.9692102459014349,0.9699075788815256,0.9610763862103215,0.9662782676758407,0.9675425793433672,0.9634194202453761,0.9621117408076068,0.9620882917733404,
pre_model_seis1_20250809165457_519.dat---0.9632657994185855,0.9824266257767148,0.9853642118628123,0.983758126440756,0.9803600031065122,0.9714848882651609,0.967117566195208,0.966790563179209,0.9668464837660866,0.9429421930154885,0.907219966415427,0.9199968231185403,0.8565902712097551,0.9210012776426799,0.9542407668239239,0.9446650310935429,0.9084635159938692,0.93132897251928,0.9236588242535452,0.9015546022843577,0.8860345234183901,0.8817571903194367,0.8748007090565543,0.8207413562267191,0.817710452993235,0.8095459433636176,0.8312469650650929,0.8263574130521617,0.8224058251720094,0.872545508022654,0.8845677776849834,0.9371100580949354,0.9331066666038152,0.9350706986992829,0.946954691029979,0.9442811566230106,0.940107208196466,0.9441283184616651,0.954092511486367,0.958994657612116,0.9532388328135338,0.9183871945457922,
pre_model_seis1_20250809165454_820.dat---0.9841281933710486,0.9912724788370967,0.9931205615168718,0.9919267425235329,0.9934140650877576,0.9918369551560257,0.9880093600213828,0.986772695140544,0.9822904446047867,0.973519508410666,0.9655817934632297,0.9471276348931146,0.9711820526543951,0.9861479835195605,0.9959909604038896,0.9944798682116142,0.9949495552052224,0.9928390953547902,0.9922118304680316,0.9844968297432218,0.976232350678127,0.9754788107423323,0.9780833589669593,0.977869983225932,0.9721864624963336,0.9517029874732856,0.9653483995286269,0.965434117281058,0.9507192356973462,0.9355429044635362,0.9159558120352581,0.8661529655080893,0.9117877333218389,0.919559787046754,0.8786495371482751,0.8697053672549532,0.8904885431264967,0.8976183369594003,0.8675628824619016,0.9234755492470232,0.9433783232732865,0.9569324891835022,
pre_model_seis1_20250809165436_117.dat---0.9019640691448235,0.8421674150634718,0.8852004299155152,0.8817160424195389,0.9101032482406862,0.8415711731119152,0.8695387818839088,0.8933471300778894,0.8836809333802179,0.8892132621477725,0.9589084233778647,0.946018207195704,0.9571100702720257,0.9696069868474331,0.982650601046888,0.9806004785335993,0.9833799328786649,0.986399268789161,0.9623130966708726,0.9702169194926211,0.9660827219087901,0.965180509343759,0.968353852538512,0.9667493740298253,0.9585757992506599,0.9624184989627592,0.9662247447905693,0.9574520058256774,0.95660552740523,0.9483922565439196,0.9285020210447529,0.9413134231896033,0.9476027002162986,0.9498298225327567,0.924406805623621,0.8956638096204301,0.9137810019079011,0.9206018776379093,0.9249699153660523,0.9524386944798913,0.9431214068238313,0.935462761939837,
pre_model_seis1_20250809165454_230.dat---0.9790348947398257,0.9622815495846427,0.9844649832704269,0.9861783891581892,0.9821995190358337,0.9911514065593535,0.9870026338442566,0.9931963516909679,0.99558887963857,0.9915809315180957,0.9933764656102603,0.9932805265074913,0.9935790188004726,0.9935364000825931,0.9917515983853316,0.9931019798203101,0.9844133087383345,0.9785607696055355,0.9776613702766216,0.9780190642546979,0.9776821626674486,0.970285292019674,0.9847256240223476,0.9814283142325273,0.9833620629006202,0.9763735979979011,0.9774126392175058,0.9760744384640309,0.9851850662442484,0.9850957115034771,0.9825618716105134,0.9881495951865734,0.9823287641394375,0.9866845567344159,0.98397876406561,0.9874129622626655,0.9910680607016915,0.9907220364785617,0.9892861023317232,0.9904409810575007,0.9902412244920155,0.9851331675476174,
pre_model_seis1_20250809165457_29.dat---0.972834554566309,0.9793704762723211,0.9762046391498866,0.9494779422599012,0.9323073408660252,0.9169529460611153,0.9035061982113598,0.902630522594054,0.8880326178351837,0.9163629812890756,0.9196718251480144,0.9446515772904136,0.9475518060343668,0.9447003907700808,0.9400339085399803,0.9365658808343584,0.9413922578760132,0.9337958322185287,0.9036298576959841,0.8906440456172183,0.8598780716396106,0.8729968918924698,0.8606558731309725,0.9121646989618297,0.8998321349288185,0.8724059476721797,0.9157061223703163,0.8904981349410642,0.8756194770983756,0.8982225628653714,0.9058028188209611,0.906668107285986,0.8703843086984395,0.9016109771396664,0.8874391277208,0.9084339821413087,0.9316581805572908,0.925145428646753,0.9195588778283117,0.9181125532818271,0.9278999552332847,0.9146588252191669,
pre_model_seis2_20250809163939_224.dat---0.990741797488336,0.9859495265643968,0.989195672779398,0.9803351633791734,0.9869500115769553,0.9828366154379485,0.9725757262220591,0.9714588892359297,0.9558107657949992,0.8956622568404712,0.9076084581025324,0.937854446269255,0.9586921307283511,0.9694996349602503,0.974553546141961,0.9881980647795967,0.986577611560218,0.9923621110830664,0.9906104498024071,0.9797479543191342,0.9766238966511237,0.9843800463524959,0.975852286328025,0.9860287850930654,0.9851971614599745,0.9697438041437748,0.9529547821219221,0.9646234994056769,0.9719617466774082,0.9765035820620239,0.9749458794765868,0.9755955016159185,0.9742509543290347,0.9838845002842321,0.9767005442467386,0.9825835651594298,0.9801666624561127,0.9812015018550155,0.9765132154001842,0.9752528377695937,0.9726055009160881,0.9730436850456308,
pre_model_seis2_20250809163930_675.dat---0.9759516004621452,0.9836019578026158,0.9790909871377501,0.9851683797806788,0.976760784019814,0.9775424676015733,0.9622144986104633,0.9518249992053136,0.975874392216429,0.9764725388583657,0.985492483317442,0.9813902034018229,0.9671470074590712,0.9711546680529775,0.991685634629461,0.9959911661962614,0.9846105071640627,0.9854516954500072,0.9942918283013669,0.9913741199784011,0.9924577240700204,0.9938944719761154,0.9879061986534083,0.9911985662015246,0.9909071400919722,0.9783250066963887,0.9773787106606499,0.9750497388532322,0.952382222306467,0.9689267895466375,0.9759553460212583,0.9758739544451833,0.9809205149632086,0.9860464447073864,0.9856251464925935,0.9898322342246609,0.985102871799422,0.9886410732618056,0.9861039791286507,0.9843422122721961,0.9797258423602115,0.9809680026433905,
pre_model_seis2_20250809163918_136.dat---0.9880875321540438,0.9836824507934631,0.9794115885133833,0.9909842387836846,0.9847956430492084,0.9882752568835452,0.9899033023616498,0.9930714279009398,0.9906687799609497,0.9909076748490953,0.9962742438923865,0.9966295875016382,0.9970330150610527,0.9962182665784476,0.9945207758776413,0.9944762398114708,0.9942189361972822,0.994246354004382,0.9927907545102718,0.9903920101980229,0.9837694551519062,0.9775376279889555,0.968833939613392,0.976241729734393,0.9877091696294128,0.9764712518804582,0.963050574043972,0.9529508274914698,0.9594720270734002,0.958750922633406,0.9538963913882371,0.9499674105276524,0.9129394153061746,0.9442241083839185,0.8894636213567404,0.9300151340952892,0.9542035706542767,0.9496950944664776,0.9462841349080608,0.93346176480105,0.9366523988116691,0.9715165524103142,
pre_model_seis1_20250809165433_94.dat---0.9705512707651803,0.9790799493217499,0.9917056422222218,0.990967312820827,0.9913348174716765,0.9921707526622726,0.992190248630388,0.9938387313561082,0.9934442616923658,0.9931243659182128,0.9913866676812955,0.9934050533787568,0.9925689076850851,0.992916706299823,0.9920901117284331,0.9982766157528572,0.9951802591851839,0.9907300669682768,0.9850416231113915,0.9859056714075983,0.978482401237513,0.9767018907441839,0.9753796967424145,0.9778523179283801,0.9751713614151872,0.976032038962843,0.9747272728227931,0.9713912427573627,0.9689368540896458,0.9690260194339144,0.9670565733936209,0.9601849088210818,0.954317012485931,0.9559548401846559,0.9397124679589394,0.941103738658711,0.949109229889961,0.9498568562499434,0.9413632553931934,0.9355625498626022,0.9297616145292815,0.9749656873078504,
pre_model_seis1_20250809165454_297.dat---0.8978419295279915,0.9612100535620965,0.9295980954867429,0.9495799336860423,0.9275930192191749,0.9379702292934152,0.9028750216909285,0.9310499605940611,0.9395601568981448,0.9526986057718506,0.9384018394874418,0.9619896256878181,0.9662560191560156,0.9608802307494735,0.9724933530286185,0.984775391275394,0.9826366118429256,0.9761290730041328,0.9752244331055256,0.984474104969731,0.9823007768205005,0.9867207429624177,0.9805068980347506,0.9846465058230199,0.9791895180349104,0.9709076216644592,0.9757960824791899,0.9673574156284919,0.963507349672556,0.9751440351810433,0.9730606238532883,0.9808222319039726,0.9825345878254383,0.9834195242473651,0.9851843140185099,0.9846810456196681,0.9761741643587365,0.9702007749908428,0.972226460383996,0.9751639950205057,0.9714609232642155,0.9647376409713514,
pre_model_seis1_20250809165433_882.dat---0.9887122108765914,0.9881623407286534,0.9798692930760409,0.97991992545713,0.9855031801803756,0.977127656507678,0.983965808968494,0.9791498921750187,0.9836662697606486,0.9818913709475892,0.9833673182234344,0.9791612457679385,0.9594814915164057,0.9636199969366795,0.9652584443642532,0.9860032745441817,0.989623092867882,0.9866805582624143,0.9890970431421326,0.9895281450912421,0.9899605663136056,0.9832427709768795,0.9843139534212144,0.9893621660893975,0.9872627270145945,0.9892558089168199,0.9886468243894679,0.9871118239839018,0.9841175312226172,0.9773238059587531,0.97516743271394,0.9769749503087491,0.9733324783781361,0.9813267238239632,0.9851726770607826,0.9853605638202594,0.9800626750290345,0.9870861419913065,0.9895720550591355,0.9905935939338955,0.9861637722557188,0.9827121854160231,
pre_model_seis1_20250809165442_767.dat---0.9780641457733489,0.9840326812948335,0.9801302323284538,0.979197057931334,0.9871588206299202,0.987285615767755,0.9879445306460973,0.9766573947004643,0.9764720020134013,0.9752254929620603,0.9731652689163142,0.9711575479852517,0.9787631558673383,0.9852749451994156,0.9777321244561236,0.9731282846745952,0.9855717957221587,0.9830119582757287,0.9850529687746498,0.9819409695580275,0.9785011767584557,0.9809919021723984,0.9824387903777891,0.9782463358869875,0.9883097919532167,0.9868642245820727,0.9850178870470498,0.9866794041376744,0.9833329458469339,0.9824941040815661,0.9790856253021151,0.9820360544512375,0.9746470547627853,0.9711883953725351,0.9688546937608793,0.958196463376286,0.9523861085344664,0.9618754453838679,0.9531758895549047,0.9550073514459316,0.9540494735025709,0.9768377100431466,
pre_model_seis2_20250816100709_96.dat---0.9759540565829078,0.9821713727891788,0.967370678521097,0.9691647805529182,0.9670489837230192,0.9692766135265033,0.9714685795819796,0.9554441258790569,0.9385362280400313,0.9506122977905842,0.9298909523743332,0.9407644604687152,0.9840846659722773,0.9792453469720139,0.9187013443587543,0.9287161041923127,0.9471645516206535,0.9529752931005436,0.9656949210004417,0.9692937364185963,0.9641470113968159,0.9722371875023494,0.9751189906582515,0.9749437204608151,0.9631012316763028,0.9583541247749097,0.9603872997909195,0.9402841107390666,0.941076833946944,0.9584140176462037,0.9678331748438083,0.9737196970602037,0.9751866733497832,0.9743208855438394,0.9762685189871304,0.9740835713632762,0.9779488026081788,0.9844689899034952,0.9867169510772181,0.985205176076733,0.985686112583422,0.9642215164745266,
pre_model_seis2_20250809163936_409.dat---0.9864085399405726,0.9793665936846847,0.9916029305166717,0.9859496142746429,0.9918673675981938,0.9922346942431568,0.9907014149622277,0.9928914603323302,0.993637692040357,0.993229383551396,0.9934544779232094,0.9933179800844874,0.993078331590082,0.9939175940419968,0.9950127292756425,0.9946575649903532,0.9866994541047253,0.9815962571010434,0.9856726563858124,0.9813794875488095,0.9783805803224384,0.9779523215417545,0.9821903981189029,0.979780565459596,0.9784557953257942,0.9659509888072514,0.9732736139104542,0.9661043340868046,0.9641231720965052,0.9520103072786137,0.9706930159641958,0.9577439718195183,0.9599270323419082,0.961624687278141,0.9672407926870566,0.9665486469004845,0.9689030004334784,0.9671982460145825,0.9783837730402788,0.9780515582325698,0.9743434650214198,0.9796477192895644,
pre_model_seis2_20250809163939_172.dat---0.979008669776576,0.9641224734409883,0.977702204257587,0.9731029571803852,0.9742054984830838,0.9696376800775908,0.9631276335627725,0.9597685125662637,0.9410117785473385,0.9305280400266657,0.9151068622062205,0.9347588296819944,0.9467849151524467,0.9561878995779448,0.9700600272289654,0.9700691868501755,0.9751654653379397,0.9869558399018478,0.9852026194462148,0.9854559204895433,0.9831531813680165,0.9670245260605055,0.9772184761106465,0.9777104036878779,0.9850848726864473,0.9789968389281417,0.9862321373043452,0.9792725048828145,0.981189706014721,0.9799660625932188,0.9634933715055817,0.9674779065172097,0.949233379599782,0.9430890810550121,0.9277090030421925,0.921407791166368,0.9398005912308277,0.9361109441180695,0.950134480287234,0.9556239765393338,0.9561129902839074,0.9625367131408489,
pre_model_seis1_20250809165445_256.dat---0.9900148351566026,0.9814296035372742,0.9873209193109357,0.9835985289912926,0.9741985716245198,0.9578315995898375,0.9730387916775617,0.9686656371084822,0.9578613039633982,0.9522080075902124,0.9460173758818149,0.9507950353738216,0.9544980937057906,0.9610034376705001,0.9648067037908569,0.9743284242291477,0.9766578427693681,0.9976585588821648,0.9927119921602339,0.9881314009140364,0.9849188995770116,0.9916418461226286,0.992827846133088,0.9836894135701915,0.9799176081690557,0.9794840152798656,0.9727256718365443,0.9636929334601957,0.9719536719063923,0.9623496282750337,0.9605887810410799,0.9620140128762953,0.9553590098848104,0.9627334199545072,0.9603669958218632,0.9599657884878925,0.9429154115353775,0.9469590759273722,0.959610452694604,0.9602429833470049,0.9684238956669066,0.9696380006218435,
pre_model_seis2_20250809163924_616.dat---0.9820694096086863,0.9899622437438138,0.9888168439599527,0.9832693702707063,0.9832947788953468,0.9664058164887828,0.9584757121667252,0.9401714626309866,0.8369742688048006,0.7644090166781636,0.8262035987688346,0.7771689420269343,0.9240046299938094,0.9345228005696349,0.9287925034767901,0.9424522774789612,0.945530395259886,0.9595352248812016,0.9714150239668286,0.9659964761492149,0.9700004730087597,0.9395479949543096,0.9444942052201164,0.9614573083633954,0.9635393216149053,0.9716077323456173,0.9600649770890157,0.9465013329051479,0.9509082916643316,0.9578344681534356,0.9619971150096635,0.9604993640990942,0.9678652195819111,0.9683370167889648,0.9747540800218295,0.9738690162886581,0.9779223387581325,0.9768559371312548,0.9750441508532212,0.9673005459509099,0.9655294213158778,0.9464731977302102,
pre_model_seis1_20250809165445_892.dat---0.9414723963156342,0.9797764861898242,0.979917726099931,0.9676366226783907,0.9777414929735055,0.9750461924079682,0.9750970471271607,0.985209713149463,0.9814196221941295,0.9808003099365167,0.9672009154649055,0.9699294824086268,0.9656600853007997,0.9843861564195752,0.9899684624309841,0.9908166078997308,0.9823295101652088,0.9794665373097702,0.9819766158657857,0.9850856421977575,0.9688655771074939,0.9683370483601197,0.9421705139022405,0.9550026498079112,0.9535917055951881,0.9410368294830282,0.9705597062211869,0.9422759061435434,0.9720891114473649,0.9783996861301474,0.9846108503136092,0.9862746201974746,0.9887659482549443,0.9871572895774947,0.9791665592593887,0.9803862231836368,0.9786752134023733,0.9670810480889734,0.9567346335827688,0.9357941350413614,0.94363247943012,0.9712572038796594,
pre_model_seis1_20250816100537_23.dat---0.9524963235368593,0.9143453944490996,0.8775324820003316,0.9186327279405312,0.8952798023567938,0.8968368082012519,0.8574218221607985,0.8582496290674257,0.8382001542071297,0.8783018537970289,0.9048136661372017,0.8810936311735844,0.9446238620581874,0.9573650237943355,0.9740353547322035,0.9840795538751306,0.9942420958879864,0.9838662122758516,0.9877172705233553,0.9831346165090412,0.9865761434156602,0.989176774060758,0.9858919487396561,0.9836072953731508,0.9791691210602209,0.9797564885618132,0.9797497962413402,0.9659866483717263,0.9672714532133463,0.9641262359098164,0.9740717491025926,0.9819399917187914,0.9844774813222898,0.9779736178384284,0.9727140681708211,0.9718774899342648,0.9639518438028858,0.9639842787032504,0.9617020003241453,0.9576224812115786,0.9591666594845123,0.9495868744206141,
pre_model_seis2_20250809163915_570.dat---0.9638377478138414,0.9667719166076291,0.9794546081235741,0.9715439362464038,0.946808295469591,0.9634649326866379,0.9338559227681822,0.9552546827115613,0.9438085945699545,0.9387356820135889,0.9145903538955285,0.9363601978738978,0.9671160295512868,0.975192752709612,0.9825706045393999,0.9830665393308201,0.9848167111108681,0.9888249772892652,0.9751050736518302,0.9810533938664534,0.9826636645645381,0.9879997833755362,0.9883399602491817,0.9743236720998436,0.9742665098969597,0.9659557807220349,0.9546869514107665,0.9584203314793832,0.9454245013790621,0.8820248953997996,0.9079925336710613,0.8942135855051557,0.915811325021901,0.8560123360369504,0.8913127687884107,0.8559968054850368,0.8688572414523261,0.8818102345370908,0.8937112352546079,0.9078432687880913,0.9282400021301223,0.9431253741482386,
pre_model_seis1_20250809165442_272.dat---0.9481181511190943,0.9560544516721088,0.9195841090417671,0.9498305713411015,0.922379286220314,0.9013295278785334,0.8480596561478834,0.7999238621963402,0.8457492139884756,0.8825608648392115,0.9163556360701889,0.935213857451952,0.9720830681163514,0.9885549903269742,0.9890002938513377,0.9816632681101851,0.9830240842637394,0.9881624110821072,0.9879207989462643,0.985256812023767,0.9852305247784297,0.9863702654494713,0.9828375973075978,0.9874566200088644,0.9792305999917628,0.9801249601446294,0.9662196288637515,0.973450810100732,0.9593049324781818,0.9528095610875968,0.9494357713579793,0.9292611117841653,0.9393719325014119,0.931094670807598,0.9349058799318332,0.9386276950817748,0.972967509395843,0.9607506650216954,0.9427431570425798,0.950484457502601,0.9538543598854606,0.947740429883211,
pre_model_seis1_20250809165442_723.dat---0.9592269168215778,0.9707712391663083,0.9561463026026003,0.9660458841487182,0.9676631729967874,0.9613691301959174,0.9254356006981526,0.9404148720906309,0.9361575914867917,0.9569596355130211,0.9708701913389467,0.9752849120178595,0.993374289806231,0.9947022663224842,0.9927870616565772,0.9936019823938956,0.9956558907215874,0.9769060395187844,0.982031872457105,0.9829124927669598,0.96876025631607,0.9429953194862867,0.9158114679295801,0.8828492086869749,0.8938267748899402,0.851120287237316,0.8848794911901635,0.9054129229415215,0.9087943274131633,0.9206316155269344,0.9039935185040928,0.9424815872581928,0.9494205335180139,0.9525939043850834,0.9530572450954637,0.9440912400893003,0.9242525915010619,0.9356155468856807,0.9319480146460228,0.9288419666402625,0.9114896069198382,0.9451508480922413,
pre_model_seis1_20250809165439_132.dat---0.990057356757759,0.976503844427576,0.99147968582711,0.9860174614948922,0.9886105329049629,0.9765088113390477,0.9801031006867852,0.9668713418273316,0.9705516281407262,0.9779979152480901,0.9814752847121431,0.9846767317249797,0.9777258700025833,0.972706303320827,0.9886717213414592,0.9850394582009631,0.9665265077223617,0.9680940971012156,0.9649036036860823,0.9635165396105037,0.9690183800259463,0.9638385126701394,0.9655631458124733,0.9547720561805493,0.9435373637734024,0.9586479867462159,0.940166857567851,0.9352432520064344,0.9550798828315987,0.9540432984988656,0.9313286674747028,0.9572233166368089,0.9240996442675284,0.9362618643945937,0.94205514990066,0.9273683737016322,0.9382374246460414,0.9347716986620621,0.9389455707992891,0.9432656766188823,0.9503159868779193,0.9615078513700244,
pre_model_seis1_20250809165451_704.dat---0.9787964421897322,0.9745964741377398,0.9640391370012608,0.9591041999622318,0.9350954764664826,0.9084968219961354,0.926885845272324,0.8574711170535991,0.8551021672195329,0.9277897836502119,0.9524405965209618,0.9687179906156493,0.9843883317357424,0.9933785830048557,0.9949956308305848,0.9934712840215482,0.986766092780436,0.9791958040527439,0.9878116302810602,0.9897292063177026,0.9812327905174608,0.9739745017234185,0.9773407450558204,0.9787143050756184,0.9765711605002594,0.9697470073232828,0.9643017396678967,0.9625910828862078,0.9511062723092514,0.9676226925758985,0.9703995774122909,0.9668728694560448,0.9695072124466599,0.9769593867011795,0.9762946278623154,0.97242843177578,0.9532753614360128,0.9599053802313345,0.9357131244279047,0.9409563507454298,0.9117529213219333,0.9598912233307937,
pre_model_seis1_20250809165448_68.dat---0.9870015458380684,0.9908882626921554,0.9830161733390075,0.9908142782819404,0.9764268763425845,0.9749997901463018,0.9832033938556304,0.9815412911661361,0.969716749877354,0.9672440569943324,0.9774793057613033,0.9790748875030175,0.9696562366555439,0.9644410040324758,0.9790183558511926,0.9828618657479481,0.9836983479245965,0.984125658585489,0.9829696283613453,0.978112590260707,0.9809111692112165,0.9842491501773597,0.972724067486464,0.9658775135499991,0.953628330868766,0.9499239305559386,0.9272751781509718,0.9245016189767573,0.9416047703782525,0.9395563991628192,0.9487592617122935,0.9485069115928426,0.9618467756024024,0.9638989085895688,0.9550555288231101,0.9517648933980934,0.9485752479246075,0.9284415759734359,0.9424085605914625,0.9458004869819843,0.9377193121764582,0.9648614607585838,
pre_model_seis2_20250809163936_889.dat---0.9900091582831547,0.9767393395183558,0.990580256741845,0.9853152591116714,0.9864191520920954,0.9746702984095156,0.9648780674396411,0.9554802476785395,0.9501966363062389,0.9416223580444827,0.9437888135973915,0.9332218941977437,0.9554531474159914,0.9842044157889012,0.9795194168374615,0.9879606588999462,0.9975471715767241,0.9960950912545383,0.9660875599114402,0.9608399867652124,0.9613862412460443,0.9559934888353049,0.9579929565538913,0.9659197757594122,0.965639266261175,0.969452888268951,0.9687568154140824,0.968967996951075,0.9691355075191357,0.9657002195348066,0.9596488406076099,0.9617730774802593,0.9612157028752172,0.9561031123160811,0.9260715099382211,0.9038591758879989,0.9228602303026179,0.9117907393328682,0.7917796418432986,0.8625072646272102,0.8241811656359254,0.9524723060259044,
pre_model_seis2_20250809163915_213.dat---0.9757249920968522,0.9761319549239923,0.9691420515129144,0.9724944762574834,0.958843935851402,0.9417555418326893,0.9333150949307517,0.9308688874451075,0.9194036152871945,0.9444177588286107,0.9659575114807403,0.9906958768931556,0.9878552986405971,0.9819361624054702,0.9878115663715051,0.9825159426122199,0.9843883467951434,0.9815983912519676,0.9752264770534985,0.9607873353675758,0.9442239092932437,0.9348214188888362,0.94462424581546,0.9695289736912994,0.9706923198556427,0.977306601305956,0.980293560241179,0.9849124885993442,0.9798353405914609,0.9667389644993305,0.9645262073083373,0.9370625003363361,0.9291388602436281,0.9207092566558294,0.9315445467420242,0.9254317395674855,0.9190677495943373,0.9089346183286544,0.8899765413761829,0.894927002684948,0.8542407900943154,0.9524246061842127,
pre_model_seis2_20250809163915_303.dat---0.9903056099960933,0.9914296709501464,0.9837712275116777,0.9901861673383971,0.9903509469619073,0.9880787797598733,0.9894013427109299,0.9894475464295612,0.990199538290117,0.9920790178147704,0.9946530928472702,0.9949265473078166,0.9921359657682464,0.9908032868061569,0.9934647936872952,0.993415567630903,0.9951952340725716,0.9943458779829139,0.9963780118146823,0.9975545094047574,0.9953658003220635,0.9878562736423914,0.9856637216499116,0.9802764841699936,0.9697841560792584,0.9771323620104542,0.9845574568254024,0.9813331338961166,0.9904747414919529,0.9707462744661444,0.9701142295577511,0.9466243951029092,0.9543954976091101,0.9562233124246566,0.950226086416711,0.9585958741194396,0.9774541385226091,0.9618737865092727,0.9657854529382376,0.9761354012572704,0.9590666661168505,0.9814099507369414,
pre_model_seis1_20250809165454_263.dat---0.9638219074054168,0.987329820808858,0.986799394775664,0.9861960989306929,0.9842463170131909,0.9661610864434114,0.9543933468544127,0.9660894169615879,0.9337675105732892,0.9337004599535997,0.9443654826462788,0.9647026894916596,0.9636962223537475,0.9811639533774454,0.9684215970988181,0.9711872691537093,0.9475202802207944,0.9397827552065874,0.9294098617943934,0.9467611884161381,0.9572420285633692,0.97020643051959,0.9800377402611152,0.9551212270294641,0.9598192199859408,0.940469543301225,0.9258640193625872,0.8976088142952025,0.8853724135169522,0.8919903637764115,0.8836204307674501,0.9512913441146185,0.9496830960242265,0.9537494436543353,0.9712840977031005,0.9785341711638562,0.9726621122638088,0.969507688222855,0.9516240496133669,0.9596130209694376,0.9651448422176859,0.9534137257757632,
pre_model_seis2_20250809163915_49.dat---0.9731685014943475,0.9780399600629054,0.9827944516645752,0.9777709003676802,0.9832248920458626,0.9784131963624215,0.9802704998953228,0.9776165090278867,0.9753422442297425,0.9619501187408966,0.9751321725292773,0.9577805733549334,0.9824400116516188,0.982481684978228,0.9775662717617807,0.9716570992750629,0.9745349279031726,0.981667081311016,0.9821720397733833,0.9862388255386779,0.9839995989558978,0.9683848220597743,0.954352981389913,0.9481084788343148,0.9664342357995354,0.9660306659875777,0.9597013217643052,0.9681566564317861,0.9723334211635497,0.9713449868633983,0.9657457804384496,0.9638963219683423,0.973399850878782,0.973567437765213,0.9721691445984447,0.9750719380199324,0.979639365885673,0.9701925681108698,0.9758488783995957,0.9792145335385888,0.9794736462468068,0.973349477977306,
pre_model_seis2_20250809163927_43.dat---0.9741231857560402,0.9915585617555868,0.9907685464847656,0.9884563382312176,0.9899131021315003,0.9856707356051237,0.985050168145655,0.9891683809090787,0.9951397102582643,0.9914371348086018,0.98989612323359,0.9886019826329132,0.9922245236130991,0.9914126517826558,0.9920862096100639,0.9886617027232986,0.9863320408818538,0.979194418443783,0.9781082313830417,0.9645591171121436,0.973937584869548,0.9702371325819538,0.9651365388949195,0.9699326891564892,0.9523526744086463,0.962804211885673,0.9766797450666395,0.95939376204451,0.9808097590311806,0.9798890508678078,0.9736851427620499,0.9773731846542291,0.975263308611183,0.9745061608401884,0.9745744168711168,0.9696830680504391,0.9731693386546025,0.9700497816213829,0.9653737096741416,0.9598904797758439,0.9595922875502494,0.977968216911587,
pre_model_seis1_20250809165445_115.dat---0.9946190442389717,0.9759417307118837,0.9802088430671838,0.974835756728457,0.9696156218993446,0.9780528130030471,0.9717226101987058,0.9740705024723143,0.9620115757884733,0.9496195991296352,0.9582828457410942,0.9553651351460483,0.9595285796003943,0.9456817809516042,0.9174861134509302,0.9034457363849253,0.9308213830520093,0.9793256440353777,0.9962899746054892,0.9779941977580879,0.9540855016158735,0.9306187724202276,0.9457886999142856,0.9376852388156657,0.9138556293434819,0.9229768874412729,0.8876021203594243,0.9086631496831099,0.906047655238712,0.9144215786259509,0.9214675112217414,0.9228561682148951,0.8763205009820138,0.906955624310093,0.8768288804917463,0.9155159983385149,0.9228555703742285,0.8950361506355101,0.8871382829101824,0.9193716440311991,0.9336261524371025,0.9379179806187611,
pre_model_seis2_20250809163936_291.dat---0.9739179520264689,0.9773251816091022,0.9643828754061319,0.9526438404158922,0.9406009050293817,0.9147395530760438,0.9002850804980899,0.9088850739255865,0.9285546192648881,0.9210035523563492,0.9659230183800103,0.9855846594897995,0.9803502782346235,0.993512232468125,0.9855993161370218,0.9887100145881982,0.9911548289110942,0.989742335014487,0.9805722737806856,0.9647847203727159,0.9228558632505958,0.9289112287028075,0.9618270905952803,0.9707409896228913,0.9659531056946477,0.9712080363273418,0.9819852470279222,0.9819532174815842,0.9686414396447499,0.9632449961595215,0.9527773833090873,0.9461917512518998,0.9601801545314562,0.920236836401741,0.901305997531876,0.9269083674412572,0.9286149089135376,0.9265590366806257,0.9265630356486556,0.9464957698874702,0.9095918112380265,0.9529516726421381,
pre_model_seis1_20250809165457_50.dat---0.9849308356925457,0.9792384950269263,0.9893950382678097,0.9897809053922746,0.9887098381405056,0.9901980098231353,0.9862142103545963,0.9849258131094056,0.9902216433664477,0.9824464668350298,0.9866323688401629,0.9857379961778561,0.9858769024054416,0.9862580224245115,0.9787243143665032,0.9723928295598744,0.9796018992592478,0.9761898253764504,0.9740746273083505,0.959655525363327,0.9598093822001658,0.9536551746569372,0.9344402721229028,0.9470334684431871,0.9483455888688284,0.9122966311726602,0.9310888409219983,0.9500359537875683,0.9258245140221418,0.9566626967443347,0.9685010079447999,0.9697828395791062,0.9806968359498539,0.9615570627149869,0.9551662988696051,0.9556127147938484,0.9736250090607752,0.9597961466067243,0.9675932539888646,0.9678851992270567,0.9729191746529223,0.9683788691077971,
pre_model_seis1_20250809165451_299.dat---0.9793009999344365,0.9636357782322515,0.9503650174719197,0.9299541199117886,0.935869854152491,0.9279686094291215,0.9012204384798496,0.9095609028728319,0.897845842925978,0.9117454849513242,0.8906575024902059,0.9124365958220779,0.9754668354517589,0.9757336216201584,0.9792902452957101,0.9569669819454,0.9393989891111348,0.9380086316079832,0.9240487037389211,0.8413938635524327,0.8460270406319608,0.8623659581026418,0.8805034671478165,0.91069695101271,0.9560510643181319,0.9680596194548717,0.9733626064674403,0.9742183754838974,0.9623071876864379,0.9686133337264962,0.9581872208331876,0.9635001320939272,0.950104754490623,0.9448396405000956,0.9569852525317665,0.9480157549878298,0.9224263254474,0.901721254166264,0.914065297807659,0.9218635451106665,0.9026714317376802,0.9323769568960312,
pre_model_seis1_20250809165442_667.dat---0.9947646059626778,0.994568010584799,0.9919341080480476,0.9938739451196964,0.9899985336111942,0.9829114108372433,0.9820361325743473,0.9659314666945692,0.9615817862089922,0.9688985993026166,0.966229512781163,0.9342392389046774,0.9539828245054303,0.9710942157825728,0.972787838092522,0.9914455828086506,0.9953703531183168,0.9892179715234084,0.979437380752256,0.9809605409998147,0.977603276281972,0.969060954613189,0.9792264307000493,0.9795607313643993,0.9806106609687152,0.9783788300104109,0.9725746983150997,0.9667254730792785,0.9549185100431556,0.9628088737924746,0.9639083124338518,0.9509522457749044,0.948266863377936,0.9312803394888921,0.907042735643531,0.9003426094775091,0.9295384599016482,0.9480584544072246,0.9563472241280739,0.9546159139610376,0.9167328366806229,0.9656053290891943,
pre_model_seis2_20250809163924_64.dat---0.9890485931356165,0.9922735228825739,0.9898961189699778,0.986977796949683,0.9930030721921786,0.9936841088360452,0.9955442934973782,0.9945679624059528,0.9918165276224805,0.9933788092681225,0.993798122827112,0.9927843938110245,0.9910378884473379,0.993665421100581,0.9944918989319074,0.9945474053210978,0.9937074796995513,0.99737297080277,0.9972297758634929,0.9973466469450043,0.9945797431739856,0.9911064705293647,0.9897996569129445,0.985835611219655,0.9876864729851319,0.9887354512734157,0.9899394914922723,0.9892997098427045,0.9881992217667233,0.9861067354777513,0.982944647211982,0.9797399110785608,0.9739184211900502,0.9665531145817167,0.969230693997053,0.9639823468402029,0.9506483704459058,0.918738844798552,0.8782955963756421,0.8847598290199852,0.8957059773982926,0.9785848567590679,
pre_model_seis2_20250809163939_823.dat---0.9784344737721691,0.9806839103381125,0.9745397947097367,0.9727620101887304,0.9803696313551836,0.9779627670298516,0.9801541553526084,0.9825028569583749,0.981259221995985,0.9870723973050067,0.9853949666164512,0.9768607261450734,0.9752300821111685,0.9794269439376709,0.9875184855917533,0.9888034833247964,0.990334276629706,0.9638221146850052,0.9833588096303395,0.9740478336983193,0.9707496917165541,0.965856186925023,0.9706758417357441,0.9562207805190033,0.9733823057474869,0.9676613222137344,0.9569665129474688,0.9774825562199203,0.9724779611163251,0.9585340712653075,0.863101644369643,0.8471142010763102,0.8738956759835204,0.9508844055847718,0.9179447633854301,0.9057101705482515,0.8802761256579688,0.9293732780136947,0.9024583267779515,0.9154382154954255,0.9131566038313935,0.9553634044513896,
pre_model_seis2_20250809163933_333.dat---0.9930911272372543,0.9913058584491639,0.9910001711021765,0.99189671208897,0.9926956326181579,0.9930293701070183,0.9934173922303672,0.9940446034964985,0.9924369263650163,0.9908103172072056,0.9911221710725237,0.9912828610873406,0.9950091118198163,0.9966665794158857,0.9960193758630361,0.9965992528635531,0.9969836722411188,0.9976611453563751,0.9978001659982699,0.9977127141169109,0.997398391187723,0.9969767651700968,0.9947567348280018,0.994378173726558,0.9947932892072645,0.9971458115870897,0.996186118200478,0.9928253258292656,0.9908746930096498,0.9892345381395312,0.9893166126685227,0.985417463619335,0.9894979516968546,0.9908474645374934,0.9898297294183276,0.9922425869457429,0.9951582384848383,0.9960214295657057,0.9926345150783588,0.991550947158093,0.9904075735660868,0.9933677930332119,
pre_model_seis1_20250809165454_505.dat---0.9916983395559846,0.9935011526966125,0.9932345873733632,0.9949976311875153,0.9949526405407234,0.9928386344169688,0.9946106423523152,0.9938367645339978,0.9964587657868437,0.9965820090658785,0.9945353960522525,0.9910368111567226,0.9920779317915637,0.9933593683683974,0.9928644432842003,0.9927465859072765,0.997319565795435,0.9948498991335708,0.9910020770884008,0.9925931956426526,0.9914096603919615,0.9856125502479317,0.9837930959914151,0.9833946895118827,0.9774706399399897,0.9806487958473691,0.9746464081751013,0.973872805846591,0.9807284662704655,0.9736989832658621,0.9750814972924546,0.9787749497275794,0.9795489887855348,0.976578350032076,0.9756293267217807,0.967992338694458,0.9615228271192306,0.9525590995922679,0.9344453127062431,0.9116160797962128,0.8935963071405288,0.9801882345079908,
pre_model_seis2_20250809163927_713.dat---0.9929192488748425,0.9948494666085851,0.9856930790609938,0.9899200286825547,0.9903821201981932,0.9832266752048454,0.9833984563539284,0.9730157236325587,0.9577581345206545,0.9515752148342884,0.9287448634985896,0.9305062171439135,0.8768649429893586,0.9524562413314301,0.9775108689795736,0.9715496320891708,0.9749730084208549,0.9859234984382454,0.9909694861647338,0.9918790644929836,0.983885021194361,0.9830408149888682,0.9802697802027063,0.9748804733252417,0.9636720477468163,0.9533006489409509,0.9347249228407538,0.9436258820230159,0.9538370777150472,0.9576893291015064,0.9593003868733609,0.9621437036305799,0.9516049157071353,0.9422329571197174,0.946001916148105,0.9564658719781277,0.9729821394129249,0.9676669831660312,0.9727750332545043,0.984648810551568,0.97646257754796,0.9659835918290144,
pre_model_seis2_20250809163921_212.dat---0.992667846007463,0.9936372992759753,0.9920367821953731,0.9848295517676277,0.983278494870745,0.9726929919931824,0.9710706898869124,0.8976450585471945,0.8595488384947759,0.8988303933617832,0.822863027289866,0.8547584338728647,0.9531331252742904,0.9286968244818726,0.9482693429929512,0.957072384456137,0.9453374008061947,0.9561839889031272,0.9360647417377679,0.9396967170982305,0.9453466930430802,0.9602075004838988,0.9709087660530449,0.9530516170059617,0.9345619908354212,0.9145987700923757,0.9245553792601612,0.9125884883477252,0.9116026750937818,0.9403865073839757,0.9306039634212816,0.9233387812128993,0.9412823660143428,0.9551440508729679,0.9550672184720531,0.9534932455436634,0.9383030787290282,0.9417405631104562,0.9313494815160029,0.9107652837811064,0.9114495119012773,0.937772191841191,
pre_model_seis1_20250809165448_853.dat---0.9512439237140876,0.9758547603757667,0.9863201438167112,0.9870192596604388,0.9863486359352615,0.9830398902714168,0.9796208520904077,0.9799544496762038,0.971172587052104,0.9713560886108066,0.9700202297918437,0.9592337749338768,0.9561068983742524,0.9664926767859447,0.984540097787476,0.9833432372509728,0.9892499478372875,0.9909252135968797,0.987830473735868,0.9703362530547525,0.9554774917613297,0.9383627611516897,0.9427656478057765,0.9644142936420746,0.9688914006134175,0.9512768306168794,0.9170031791677713,0.9411358631349291,0.9125514756339171,0.9606209639293245,0.9790096027310917,0.9784514614258496,0.9734323089027453,0.9614992502157684,0.9513860333735172,0.9534608712643774,0.9584153897173862,0.959279137960045,0.9498685857124483,0.9519090122535524,0.9300847485542741,0.9641294074126958,
pre_model_seis1_20250809165436_517.dat---0.9738415886000055,0.9649981045116497,0.9769259634321524,0.9642343253090141,0.9750884500804398,0.987761188087547,0.9878885305783022,0.9822384743908716,0.9890770539243949,0.9880461061307845,0.9827038888430127,0.9666511423621464,0.9619134796009928,0.9627548138949092,0.9841043679824171,0.9876368698047981,0.9853907757804069,0.9807738866477743,0.9835045587961205,0.9779477425022561,0.9808216646742378,0.9850396929492841,0.9799301222986865,0.9643602019324491,0.9596633692033669,0.9550246905358701,0.9633558338932121,0.9458167263387923,0.9610297583512386,0.9661934949653773,0.9680719841887605,0.9657364599362143,0.9718520638962973,0.9624164854172549,0.9702126338734555,0.9680811247269115,0.944262523575819,0.9474795617894266,0.9369265921507031,0.9389806496562277,0.9292430659120089,0.9689751222323317,
pre_model_seis1_20250809165451_798.dat---0.9805788956093887,0.982504266848661,0.9902210399130034,0.9934070656060757,0.9883740800407501,0.9879892976734476,0.984390991385415,0.985982085189085,0.9816903583444887,0.9707538105279231,0.96659920843723,0.98241798262845,0.9812239208822863,0.9779557500850398,0.9814150371269946,0.9830662954493588,0.9775152435840543,0.9602044452347132,0.9590405906370931,0.9346712606836455,0.9636205687758367,0.9647420778777357,0.9560887997360791,0.9663788843838383,0.9553981382760842,0.9578482631569022,0.9553446239570367,0.9632499329348782,0.9729179962720622,0.9649765681863528,0.9672931889979335,0.9705272906242721,0.971152888314657,0.9749688201784847,0.9750289779194862,0.9781724938931992,0.9788905623420382,0.9765906674383952,0.9758799870914302,0.9732758798653817,0.9746168199918097,0.9728528062463658,
pre_model_seis1_20250809165445_129.dat---0.984493732501463,0.9823167140383828,0.9847850129223911,0.989545573385296,0.9910396336311068,0.9901070815426947,0.9911995624520417,0.9909484940792544,0.9894816273857463,0.9857876951763733,0.9795009464590776,0.9699595469162827,0.9675743197288392,0.9760022803491842,0.9882458243025318,0.990254526259593,0.9887018657147748,0.9757777657219975,0.9659296492563887,0.9660435127642758,0.9635914426854761,0.9514583451027983,0.9743569813675472,0.9623314244926415,0.963156680664847,0.9299008403485887,0.8914220021614355,0.8879873292498798,0.9599765220906308,0.9734397149480644,0.9789952180102047,0.9650898510255793,0.974205269168158,0.9676616372023457,0.9733717919228596,0.9732499532620555,0.9727057163196828,0.9694802500181136,0.9716392807551623,0.9592786991596971,0.9733306429394042,0.970349389206899,
pre_model_seis1_20250809165448_539.dat---0.9734323842428688,0.9746047983686257,0.9728849983471455,0.9697800586275471,0.9668502044639146,0.9669192614153793,0.9543412687943313,0.9540050444481404,0.9449565670804242,0.9463937180266936,0.9589500184451683,0.9476634016958425,0.9611595312571304,0.9645585427336062,0.9640331120062177,0.9800139307583392,0.982141912733338,0.9863842039967172,0.9836092390808865,0.9862843215365864,0.9918909010119128,0.9902952159851842,0.9882192541423017,0.9781711710876296,0.9824046161596458,0.9663964156348939,0.9698024427165605,0.9780189071268951,0.9731239387047617,0.9668060625889603,0.9578316238984538,0.9473873437895699,0.9628528414091102,0.9576082802956325,0.9704009923957836,0.9731684166365927,0.9765024946479308,0.9790224094357135,0.9778622026353491,0.983051612874484,0.9827954186096377,0.9705507092645344,
pre_model_seis1_20250809165436_21.dat---0.9373996745114684,0.9812679281300689,0.9769370761451959,0.9706883378189984,0.9821589814276248,0.9827460588854537,0.9698349624801066,0.9572787525053256,0.9522860735159614,0.9585469784963032,0.9518572439703924,0.9470982296361711,0.9506430618060295,0.9601045483823926,0.9633161908527457,0.952633211663929,0.9568351970800751,0.9671431319095845,0.9628444172934115,0.9474480095304418,0.9387238846295105,0.9346536591684842,0.9281157144417038,0.932512859543341,0.9255289700574377,0.8976094039505996,0.9219028589671991,0.9228181778518161,0.9288077207418289,0.9380090858783456,0.9376860919637178,0.936539584453316,0.9526930570019574,0.9523644619297476,0.9577982319464425,0.9349441038835437,0.9578416114203363,0.9543326080910124,0.9521497825434161,0.9547633391030941,0.9424258869953092,0.9495436380635086,
pre_model_seis2_20250809163918_708.dat---0.9692185974092219,0.9661466676309504,0.9902623376734946,0.9825766243933278,0.9865757488417856,0.9914895171310786,0.9883413355208585,0.991483099941964,0.9865119563036523,0.990985759826562,0.9869293285148633,0.9727485948685792,0.9816258678748839,0.9848653284409433,0.983122070890453,0.9803226758821046,0.9723801195571758,0.9608213569212869,0.9439338905526874,0.9568648340057635,0.9554865811379449,0.9373265470877787,0.9540400053584047,0.9496222490326081,0.9645739162190966,0.9693300081243715,0.9664791955514351,0.9641403207608442,0.9538514644532881,0.943933464033392,0.9409342870229281,0.9450266722999632,0.9533051713633053,0.9497310965515612,0.9589135763409072,0.9630513023843791,0.963974101244741,0.9712133578758033,0.9655601297331694,0.9494011826895923,0.9433130656549396,0.9665954489537093,
pre_model_seis1_20250809165454_61.dat---0.9901153398998827,0.993032554438183,0.9948396798103338,0.9944183993240067,0.9947179894032847,0.9933610638534732,0.9910276708197296,0.9918133476604819,0.9940245258703504,0.9929023651519421,0.9895710866836371,0.9870947075060277,0.9797005245441563,0.9811905530563934,0.9827153917916625,0.9876415771369748,0.9760955496770224,0.9776631406591139,0.9710383024691224,0.9595239712019958,0.97168878260526,0.9767397173226461,0.9557138927026765,0.9491303597000312,0.9370044279275006,0.9350354159252819,0.9324636117598278,0.9328958461064328,0.8808935787764068,0.8413154999972943,0.8453925524219641,0.7772351442641243,0.8427752149947025,0.8612461172773012,0.8549067754478691,0.8484591596279261,0.8555280161209153,0.843922620105498,0.8477183723675152,0.8498620151832816,0.8118816195071008,0.9335194263682762,
pre_model_seis1_20250816100540_54.dat---0.9855151101509663,0.9902485946832661,0.9883798676655675,0.9897685367618958,0.9900384080512632,0.9887086129028321,0.9791997009194146,0.9854857143229576,0.9846680619824656,0.981466989074158,0.9842397616280266,0.9747029586239526,0.975201181642095,0.9752848092099072,0.9554160173749944,0.9858522857968317,0.9949243496389895,0.992745917087893,0.9733647956087474,0.9565225326295025,0.9558227009072757,0.9346893829422176,0.920744481327792,0.9306958234882907,0.9414328002058959,0.9541854773590746,0.9488435954327056,0.9423862424972997,0.9421901067352582,0.9417092987861462,0.9181922042853331,0.9158871245712752,0.9325123254801346,0.9339815253282465,0.9303222296873672,0.9147795751290945,0.9394871024564971,0.9574468261895337,0.9465899953137729,0.9489800256454387,0.9383148719168894,0.9590470224741773,
pre_model_seis2_20250816100657_0.dat---0.9897328500563972,0.9822683156991577,0.9858335141707225,0.9823297956190707,0.9886412550958096,0.9906394912566057,0.9866146461825949,0.9873848766873026,0.9796027263093149,0.9728896260239182,0.9721136520951836,0.9855523578923726,0.983447042998273,0.9890513797897299,0.9908712173854762,0.9929700396325006,0.9895596910848562,0.9966002411701061,0.9961873422268321,0.9908623847653506,0.9881866871800337,0.9921200397197236,0.9928355477808978,0.9879019595808574,0.9822778134226157,0.9823225308941622,0.9735836150314179,0.9810907353147806,0.9808583593458977,0.9803214312456062,0.9761668254214497,0.977571231812416,0.9771021040300528,0.9598225306585408,0.9642801482336115,0.9637218913183927,0.966676827825081,0.9659773433828436,0.9592403290537901,0.9487815053439255,0.9414158041924475,0.9798879928519544,
pre_model_seis2_20250809163933_485.dat---0.9718521773363543,0.9843466232976655,0.9834457068452892,0.9820022532412943,0.9703316114370605,0.9808368569056017,0.9766554149858494,0.9774682775711293,0.9772950053507216,0.975872568547537,0.9541710157709838,0.9700054254109032,0.9526026490994539,0.9514931593627203,0.9437925834506254,0.9637977741251778,0.9557238180360274,0.9320139621278096,0.9552430420745164,0.9029003443744853,0.9348793444071293,0.8999720644917197,0.9177427155577922,0.9424777137528516,0.9268806668885841,0.9116586186153892,0.922326966999685,0.9368521304400144,0.9428757119345809,0.9495771385622298,0.9545492809078634,0.9534300118281746,0.9595898677769845,0.9719561990244588,0.9897419237692358,0.9875950454727613,0.9846138851374711,0.9809144039191621,0.9778002022937489,0.9747498268286,0.9763067862588172,0.9575205066882553,
pre_model_seis1_20250809165430_703.dat---0.9914032875568848,0.9916812462357011,0.9853149004158664,0.9876288466617951,0.9927690776990751,0.9945859547487645,0.9946543883041968,0.9939255764479179,0.9936811392664366,0.992392452012303,0.9897991479346908,0.9914957461941758,0.9871020532063243,0.9934147822609762,0.9941991042988672,0.9945425099756969,0.9954926955048773,0.9921782210889611,0.9753192646127489,0.963833156142541,0.9910190207951122,0.9960895026355804,0.9904539559497717,0.9923405829132516,0.9938789497721275,0.9954694152041241,0.9908220954245448,0.9917531300829439,0.98958736534939,0.9735005677714499,0.9199175419064021,0.9211734755079244,0.9289518071343885,0.9223387332391204,0.9485799021132296,0.9796129531721938,0.9767690040419214,0.9707592387313915,0.9127707319078961,0.911709971177784,0.9131824748520495,0.9757583895183266,
pre_model_seis1_20250809165442_359.dat---0.9638756769044864,0.96064765025125,0.9187559315466259,0.9247834068225567,0.9304676339757136,0.8643225065292736,0.8607600739539892,0.8193062530857192,0.8397801457478593,0.9026144530704209,0.9055832784560195,0.87946745243025,0.898456084079369,0.9243386264160619,0.936683554233556,0.9518153718163772,0.9445984246466926,0.9600899196515591,0.9656454841441117,0.9562703825119078,0.9447232525918587,0.9573470732649945,0.9547566127798739,0.9653424631843862,0.9632935296242632,0.9563292810995848,0.95294161189647,0.9420261742671368,0.9554867757026657,0.9420257515545345,0.9328470373638743,0.9476566999591516,0.9386464865690485,0.9355106167565052,0.9295728925138321,0.9160098809210536,0.9067688269714544,0.8666579312908776,0.8674351246887019,0.874972898879453,0.8956630312134315,0.9232750308138283,
pre_model_seis2_20250809163918_304.dat---0.974452837310992,0.9584346676428442,0.9771414054000322,0.9775436224984025,0.9767443161828521,0.9622745831785005,0.9749338089054898,0.9766985314115827,0.9842844893548763,0.9843787599631777,0.9919635309253532,0.9915440124723258,0.9919888158382495,0.9919629492874048,0.9929278895523691,0.9945339764755999,0.9984769622790627,0.9976071372199329,0.9949336152675645,0.9943661540931298,0.9958805663161339,0.9849836656763515,0.972661560154406,0.9793848446606805,0.9543322891203034,0.9537444844947696,0.9696890124913091,0.9738560806084737,0.9846497312155805,0.9817432019032365,0.9916677372997371,0.9839887587923817,0.9762051163748782,0.9763211667058241,0.9684427656335731,0.9713930849733877,0.981092968161621,0.9854354602628899,0.9860206965559614,0.9863430979492928,0.9864153867998335,0.981254725400253,
pre_model_seis2_20250809163924_355.dat---0.9960801823199013,0.9978417311756552,0.9977406977191982,0.997031653974394,0.995176270135263,0.9955035428155231,0.9942423788312048,0.9887254346147916,0.9858534808454367,0.9888886947975789,0.9874510904140629,0.9904208369344265,0.991641264658646,0.9930660225256854,0.993033124343516,0.9919160019415681,0.9912911080319221,0.9904636347315984,0.9959494354752867,0.9936048222106489,0.9985997575315426,0.9970216887325354,0.992596316505054,0.9846371528863527,0.9741976730811531,0.96395598251181,0.9444654957336946,0.9614690945801557,0.9580740797594626,0.9712377965284141,0.9629865557984453,0.9492799793143489,0.9038292427825526,0.9385171830549931,0.9405900582179734,0.9385707964870363,0.9067013483076222,0.9354511489099077,0.8776012868049029,0.9103340147781364,0.8925453963718426,0.9697215477359569,
pre_model_seis1_20250816100516_67.dat---0.9778581630081188,0.9630060331925797,0.9816958902969851,0.9804773104962416,0.9691348343063527,0.9734133867346239,0.9747634378521175,0.9599537812951969,0.9627593921013445,0.9663747052317523,0.9496028691003826,0.9664038949427534,0.9461972159123995,0.9437959817325758,0.9765207072289146,0.9769351076449355,0.9904085453330699,0.9860640243467802,0.9728030989734726,0.9680475213874669,0.9696344234080989,0.9641655087953405,0.9782888722606701,0.9762418916963558,0.9617166186771572,0.949706703693545,0.9319805736847318,0.9392706074605622,0.9410109970075892,0.9372405659244867,0.9405085227853905,0.9195728775159804,0.9285467199141935,0.9215310749207211,0.9290171332473739,0.9501707619328295,0.9666916184954343,0.9706590526862221,0.9692308171694,0.9700266288206763,0.9665425889176685,0.9601944014666459,
pre_model_seis2_20250809163927_346.dat---0.9792585099684145,0.9848627520964287,0.9848590544001895,0.9856061396865271,0.9827772484749858,0.9768203722042199,0.9753554584274418,0.9738635363642577,0.9791724142151915,0.9730317248419176,0.9835070386027719,0.9914219583955164,0.9898516389542501,0.9971554940639649,0.9970718863926409,0.9967292468166785,0.9953330741972032,0.9940822371883717,0.9973530117578593,0.9959799031133113,0.9962558418168312,0.9888523144102604,0.9921139201746308,0.9906201050000254,0.9655697933798408,0.9613771845804533,0.974682269700011,0.9694339183201367,0.9481399186093628,0.939027214769447,0.9360665784106202,0.960978536431927,0.9665872480596414,0.9736341794677107,0.9751715630968334,0.9633393032708291,0.9533710999952666,0.9616516182502783,0.9560967522608574,0.9590424618599056,0.9585562191526344,0.9762112375897476,
pre_model_seis1_20250809165451_808.dat---0.9825879278720784,0.9884906538353976,0.9801150975022785,0.9855620337369523,0.9888952363394541,0.9912778852011583,0.9872289648522491,0.9895899376564854,0.9866962800630349,0.9900979212191803,0.9873371383667324,0.9887975000348408,0.9924636029911194,0.994849561036194,0.9936973812594783,0.9906646888676122,0.9947202689931339,0.9837634192532241,0.9864859918374718,0.9818785509318944,0.9784455641449121,0.9709929310547848,0.9679538429251872,0.9657983784800596,0.9678753457011218,0.9352100279174845,0.9510007684791674,0.9486102914498616,0.9416593919711531,0.9168582417324967,0.9402294221367673,0.9231314156163462,0.9367929053668389,0.9370665973952268,0.9499685730946444,0.9614784993624618,0.9572675442384859,0.934199400260214,0.9173639140830834,0.9374194747193717,0.944526136309416,0.9670499684948549,
pre_model_seis1_20250809165430_36.dat---0.9935426640009091,0.9934043018618318,0.9828214297299369,0.9917092904899715,0.9790295473957713,0.9840302104366693,0.9764842128388523,0.9708186722956902,0.9810184988443207,0.975008527118001,0.9855924218617081,0.9856673087378276,0.9818021485517308,0.9848871807111053,0.97812104242017,0.9823524669803047,0.9891075460620784,0.9703684687831367,0.9727663589174921,0.9517400867522388,0.9663004902379402,0.9709544643577509,0.9669608468142197,0.9753937401609093,0.9731564959734923,0.9650032685777572,0.9711689908683911,0.9435743848686468,0.9669542123543555,0.95580003510515,0.980143947142284,0.9787362197778646,0.9861819514563367,0.9820984540625172,0.9747192116590225,0.9804358191591365,0.9802963567586306,0.9814369073437987,0.9740520507834584,0.9688018827532726,0.9588287648285215,0.9758846556056879,
pre_model_seis2_20250809163936_395.dat---0.9712973578026837,0.978266778151419,0.9416591408719648,0.9534991054054991,0.972422970667613,0.9569943345683437,0.9470817564996379,0.9409024503703266,0.9192983164719454,0.9404329449381823,0.9292546746854227,0.9781841355063193,0.9749874122831836,0.9884262861953926,0.9984648448607014,0.9978514246840521,0.9945653607406975,0.992368716731113,0.9965977803567149,0.9951086293869666,0.9907406621677124,0.9892316401051432,0.9839838218616775,0.9897855848041812,0.9873112944125557,0.982337854116138,0.9819018399652824,0.9768592957466177,0.9755049234369078,0.9713832680455127,0.9708748484075249,0.9580083673835315,0.969657278243313,0.9617756875472935,0.9651088415116101,0.9444766108740769,0.9593219193460857,0.9490626633748266,0.9450822084016551,0.9384362652144446,0.9413600015985869,0.9682894950668991,
pre_model_seis2_20250809163930_213.dat---0.9615109000637522,0.9604953773944791,0.9760793072692479,0.9782096403460245,0.9688905303166458,0.9705940333414159,0.9713137825039588,0.9591887476695096,0.9554535815375359,0.9739323767579922,0.9831449593226519,0.9903731890378572,0.992944597050674,0.991998836804734,0.998711603398356,0.9792931027561466,0.9911899023635419,0.9910590830748847,0.9884516896722195,0.9838840468156346,0.9549538380186401,0.9320690706394629,0.9456266845892005,0.9744889214070053,0.9629884095071245,0.9557058995929861,0.955240400260474,0.9365941480592836,0.921464524321165,0.9079683527133081,0.8826828334074047,0.8963461605576573,0.8102886088861617,0.7664979512953635,0.8257095175225849,0.6609413503917444,0.6266466827695553,0.6044334246318901,0.5414810693803177,0.7225634103636079,0.6570490980634751,0.9026453571676993,
pre_model_seis1_20250809165448_218.dat---0.9866499360957285,0.9821755183262134,0.9788285985802636,0.9844112382219762,0.9784969016724846,0.9788221693408985,0.9837427835111009,0.9811229480153241,0.9838743770216182,0.9849076516035101,0.9914836527320301,0.9921899522777855,0.9868267326049392,0.9920832970758973,0.9839470437762825,0.9925127243663987,0.9943783793867345,0.9915730342258119,0.9911977617842833,0.9853011286972948,0.9856098276535474,0.9799039254680033,0.9857192875940937,0.9908402542876413,0.986417223949937,0.9959737648055691,0.9971383906807955,0.9957458051040311,0.9930357114608342,0.9866443197483792,0.9856299722900352,0.9860651834542399,0.9819215813263075,0.9804460065571505,0.9763984386127897,0.9788121397908862,0.9739803675276821,0.9740696328673221,0.9715140680877232,0.9667658841854847,0.9784726101260142,0.984771468899879,
pre_model_seis1_20250809165430_831.dat---0.9816761371563267,0.9889357281715405,0.990533266437924,0.9888418411699812,0.986408427239925,0.9815458556121968,0.9734382815957611,0.9738835517223134,0.9432078280385044,0.9312031452610623,0.9451272561321779,0.9489546241851342,0.9533389386802458,0.9607330519500427,0.9765828189994757,0.9880692154826931,0.9924456983430197,0.9951608503543116,0.9968922896003173,0.9930304928817675,0.9897903629803917,0.9854258530678544,0.9757662208155106,0.9824706828113322,0.9821610201565693,0.9761240577909776,0.9693996236934708,0.9620115609685909,0.9682480240316302,0.9647401242143658,0.9439392305562117,0.9479900719503299,0.953307571976525,0.9693779900884987,0.9839489500798967,0.9876833027024915,0.98937708337326,0.9800277332133706,0.9872197874617772,0.9705215495148036,0.9727435202150011,0.9739581370896969,
pre_model_seis2_20250809163918_553.dat---0.9936241748364437,0.9919885010727698,0.9914398721571707,0.989390252635241,0.988008123457817,0.991803069988581,0.992406918802674,0.9896522380434212,0.9949975975435603,0.9938673319683131,0.9936408981765185,0.9914050424216689,0.9891628302806403,0.9897791274104134,0.9947768124648225,0.9928492980541207,0.9932873071001699,0.9963399731613866,0.9910535533937522,0.9899338175238668,0.9931071764574398,0.9879601181619145,0.98845301754294,0.9847061529335431,0.9847766198043044,0.9841656921739661,0.9832273342831418,0.9810095599719806,0.9775307814320302,0.9794089902343378,0.9837067432143347,0.9878744954462989,0.9871254291824954,0.9895874627850298,0.989628431958799,0.9894764343837592,0.9856806315255894,0.9878401489128177,0.9857009991592706,0.9800244639964873,0.983413910444199,0.9886295447438544,
pre_model_seis2_20250809163918_151.dat---0.9392560596340302,0.9567845605649261,0.9765691379115597,0.9710455311995976,0.9691036715793394,0.9856334861513356,0.9862425105450728,0.9806004121367712,0.9856321547205352,0.9859188459989133,0.9856439361164318,0.9857577923530356,0.9823928605940953,0.9748219736838428,0.9732212270145744,0.9828377973022564,0.9772328980536494,0.9906783204985823,0.9939073592358706,0.9962749955274413,0.9925683306598976,0.9775466614258956,0.9891810502394898,0.9857366574180241,0.9574400744773207,0.9654280012978627,0.9369803112635404,0.9577583508279063,0.9406686154085456,0.9370386898165513,0.9562682492698866,0.9864967997673959,0.9883326583991658,0.9864302232522445,0.9796063682887454,0.9815520148901076,0.9821369439501457,0.9712784932751589,0.9564094750741902,0.9459129153742256,0.965227908789768,0.9736476664387294,
pre_model_seis1_20250809165430_86.dat---0.9310865557610739,0.9777901525306194,0.9790199281597457,0.9838862625694028,0.9824220601420602,0.986472455835704,0.9871084654394018,0.983610920503092,0.9829840736882827,0.9849062322484529,0.984877197491787,0.985419209715659,0.9826199950775756,0.9770903440137407,0.9750439321899986,0.9844709862927802,0.9753214509736958,0.9883554495789623,0.9815542619296779,0.9854352393396942,0.9853988389702749,0.985805926266909,0.9690139610733262,0.9760062415957815,0.9823386627981807,0.9682251308122629,0.9575092591090003,0.9368067321489404,0.9483707267101489,0.9435179676265526,0.9495272650301675,0.9347516124062022,0.9332894231433948,0.9163087932585096,0.9236662592134931,0.9254322962851573,0.9274052434768596,0.9320430021556176,0.9337941511218574,0.9342365588663497,0.9271152395811736,0.9631716698812578,
pre_model_seis2_20250809163927_125.dat---0.9755740460534819,0.9875895386631631,0.9881829475080309,0.9761000749585635,0.9768935207728559,0.9768505301115059,0.9551028677977546,0.9572278590441635,0.9330458137528808,0.9269912287267988,0.9518744505246778,0.9468659636545715,0.966957835301012,0.978013786344558,0.9916939966389221,0.9922482183329688,0.9931405688078155,0.9941622470680666,0.9944973898551956,0.9938760819075985,0.9922422044600998,0.9894522894881629,0.9891036734665951,0.992021324926231,0.9906747370358792,0.9851504332073981,0.9872782422985033,0.9862645525538974,0.9811307451908801,0.966747999235314,0.941171549416737,0.9328033813722747,0.9172298887129345,0.9179258042281666,0.8812193918145678,0.87616759910749,0.7901731738619605,0.8071837730353425,0.7281110898184386,0.710887341138501,0.7476680930747704,0.9406706403236276,
pre_model_seis1_20250816100537_80.dat---0.9849561997199666,0.9704741972476881,0.9898108265136516,0.9862910010079886,0.9877730930130151,0.9906102068274583,0.9868482829746298,0.9902789168474614,0.9892849958594347,0.9931959422187119,0.9796917304045016,0.9835645457743878,0.9805911194142365,0.9771721427591068,0.9687838187099991,0.9948439747421658,0.9857961728066696,0.985744206987149,0.9564946582974758,0.9501671019211902,0.9779243763204153,0.9666464839878703,0.9373726061948244,0.9551767657454758,0.901550335545042,0.8882975127866783,0.9041201337387638,0.8970690526420941,0.858488459609361,0.8434593670520663,0.7783077448626621,0.7850155845608295,0.7402462042681653,0.8253648105827783,0.8196496680147607,0.8539228537140124,0.8459712453903677,0.8126872308669475,0.8066784019185742,0.8876194349945141,0.8382426130128979,0.9208825370696584,
pre_model_seis1_20250809165451_47.dat---0.9777575980881918,0.9830889054041896,0.9816542896171196,0.9853118764354887,0.9868251193920744,0.9876771813000386,0.9881701136668004,0.9830099632571292,0.988100276353929,0.9848990001166286,0.9838075178288687,0.9790412883932393,0.9759135825789191,0.9749748397963275,0.9772413712902505,0.9819757675380254,0.9931462142391724,0.9965025843002775,0.9968993467268499,0.9950035265167719,0.9941371517730636,0.9935938340729324,0.993961143906879,0.9923553303870425,0.9915272809287193,0.9892668979868469,0.9834221009019368,0.9816164297080244,0.9734922223141824,0.9683531895506866,0.9690883898561947,0.978809114470142,0.9807772619754457,0.9846019475819571,0.9905519021695507,0.9892614574502753,0.9860789552543211,0.983215740173794,0.982852662847449,0.9823136576022409,0.9802381471613596,0.9846467117295936,
pre_model_seis2_20250809163933_541.dat---0.9934327850846844,0.9924836368934052,0.9907958640903035,0.9917086936784567,0.9945276292943156,0.9917226115186989,0.9929841288956253,0.98904849658578,0.9899368901240941,0.9842487920096267,0.985879526507818,0.9847666647554422,0.9807068408126847,0.9847098598759458,0.9765435985405144,0.9863622939215944,0.9816756773637259,0.987458094324909,0.9855109755166428,0.9782813014637253,0.9696128547496196,0.9541010792631586,0.9517052094943647,0.9478122857639211,0.949235448893286,0.9664729239085184,0.9614668381732208,0.9440959772956763,0.9342778886728206,0.9344803980438398,0.9378074231035864,0.9170594800754548,0.9189176041214653,0.944496998437083,0.9358398837206198,0.905312856006063,0.9052041917249206,0.8940762301034458,0.8590865963700017,0.769317336838445,0.8287478543946933,0.9529734565954192,
pre_model_seis2_20250809163933_753.dat---0.9873721831015148,0.9848384567562829,0.9903044314402011,0.9883425939120133,0.9885439093509052,0.9891662843478677,0.9902965366784274,0.9915938391161342,0.9925601547959816,0.9926451126754625,0.9922043127915582,0.9909997159475759,0.998308342151623,0.9982952194347947,0.9947638619123566,0.9924312319849247,0.9930863364436469,0.9897013111658691,0.9800483256866357,0.9809599760604439,0.9800236613302324,0.9752389116429658,0.9738040816054477,0.9496240487646344,0.9591211300170054,0.9520326759746984,0.9534082733286305,0.961565331349493,0.9679101961456471,0.9648281967592133,0.9625087008045262,0.964003990010548,0.9692083686022852,0.9845512494230559,0.981896882445737,0.98638526637157,0.9849157281704438,0.984628798345501,0.9822827268454714,0.9761593292367267,0.9704540032410167,0.9802686264919287,
pre_model_seis1_20250809165445_658.dat---0.9807628695030425,0.9888399507279793,0.9894710760916053,0.9916646477869441,0.9944451174690129,0.9860044464237306,0.9896001901668507,0.9852233711210366,0.9864197776673884,0.9832457575501273,0.9796055873020499,0.9701539556620876,0.9705869531723599,0.957583999583467,0.9576481811052198,0.9731153699214157,0.9692792992226046,0.9607027674895254,0.9744334009356833,0.9749608787632826,0.9760089594717334,0.9773295566129583,0.9869675139116209,0.9852418901504686,0.9842151606438334,0.9855150178290369,0.9670228073462905,0.9788801364652812,0.9848968556375998,0.9687880325374424,0.9764128903473202,0.9281799728583758,0.9366211484245806,0.9325974872748333,0.9268708450804695,0.874710532627327,0.9205658438981064,0.8806950969170595,0.9409349812029838,0.945912421166353,0.9543915880021369,0.9652806423432008,
pre_model_seis2_20250809163930_187.dat---0.9621765509301938,0.9718470975825957,0.9726239792311067,0.9735371075058374,0.9727434219139944,0.9568859775390155,0.9592293697873645,0.9605402218291571,0.9744202961351456,0.9831565454915914,0.9926292342971829,0.986345226249976,0.9949612557976719,0.9905082420504737,0.987247770555176,0.9921745169416933,0.989554712030022,0.9753233597716061,0.9773033014301343,0.9844499699390841,0.97618778356833,0.9569978216528962,0.9663554740045595,0.9634060405273613,0.9737751278154512,0.9765956977314559,0.9675801492679322,0.960035819304841,0.9603884653284698,0.9527736014529576,0.9534132172166802,0.9527496771674332,0.941413882293249,0.9001991856185712,0.9181556707525589,0.8950514056850282,0.9190922017156158,0.8914388120026997,0.9082805492674968,0.9450226218617833,0.940418056398552,0.9604143760400715,
pre_model_seis2_20250809163927_233.dat---0.9902099846487697,0.9854736280046629,0.9893043529776394,0.9867404586253997,0.985383717691833,0.9784946735236716,0.9827082862604927,0.9778745890725761,0.9809448872822344,0.9869815652632961,0.9836648750592912,0.990412887265265,0.9922687661271344,0.9927042757072223,0.9956743996176481,0.9941195860606443,0.9880075878839791,0.9848156717667551,0.9831530834189967,0.9838725013597897,0.9777780560146309,0.9770335219091649,0.9703734862661602,0.9768175793537244,0.9753595368993441,0.9821698928988359,0.9846448772354705,0.9833449362058446,0.9860704220305053,0.9834508293935162,0.9812923990536165,0.9823142221166515,0.9827189424598426,0.9799597002229123,0.973576240856013,0.9775200140555743,0.9713790583944886,0.9776232337341344,0.9774355279151794,0.9717841584112876,0.9786156538008436,0.9825383430937815,
pre_model_seis2_20250809163930_790.dat---0.989790893017883,0.9939709123965484,0.991667650241281,0.9929564522493463,0.9954161087195516,0.9938310659450358,0.9901052553204881,0.9890047418367909,0.9804575372824638,0.9599994940055925,0.9419565759567676,0.916210207148344,0.8783747431925552,0.913099633579351,0.9440452675775872,0.9711116643165941,0.9730159457416381,0.9704307957430698,0.977616771042022,0.9743651172730482,0.978196178029757,0.9602069500822289,0.941764464247104,0.914851561101596,0.8644434590732427,0.8761389850966894,0.8576162773793329,0.8877217455747575,0.9253708847165879,0.9263400620378467,0.9092967096255351,0.9054834560794184,0.9343064811390371,0.9349218799675844,0.8897926039344318,0.8788366061339241,0.8892955293967812,0.9023051624482383,0.907070867820737,0.8376305345410144,0.8429610852138775,0.9341945930786751,
pre_model_seis2_20250809163939_134.dat---0.9242634942739181,0.9052022087686665,0.9551551171571085,0.9564535261242068,0.9520168563280131,0.9552453719033754,0.9667406767054291,0.9473081957818803,0.9714190282426393,0.9615826829300981,0.9693901656014513,0.9809739782302467,0.9884321169625058,0.9890734705072595,0.9909428932159181,0.9901322001255559,0.9960595147203882,0.9981306160756754,0.9934090136765099,0.9907166032148421,0.9877543859200619,0.979796970773689,0.9726251589691486,0.9795720377702707,0.9738674640768152,0.9793995266380517,0.9727184076664969,0.9725196122601555,0.9671622778801806,0.9749834062185888,0.9764508691013548,0.9806919460660117,0.9839876275254962,0.9838183729587598,0.974811611252047,0.9655427166343864,0.9550723138844295,0.9415609677225303,0.9401605847687853,0.9235003902406579,0.9137786033051454,0.9678639751750913,
pre_model_seis1_20250809165430_256.dat---0.9308653928531254,0.9501221097393309,0.9572482651954809,0.9684731674385219,0.9577762133200451,0.9529173367815822,0.9534105911835348,0.9407528406269438,0.9511934903853645,0.9492067546461946,0.9471006886174776,0.9749830328825883,0.9684700735604448,0.972077823060259,0.9818741707343234,0.9783159982055077,0.9686798053384997,0.9779292572001734,0.9822759663170418,0.9710710330245519,0.9847582686503858,0.9889300176723596,0.9903039278941796,0.9872949097830375,0.9886075142428892,0.9882691262235977,0.989148349160561,0.9878364823446693,0.9822203106520098,0.9772764525876382,0.9725109588334163,0.9556911043983694,0.9436110370562282,0.9159036642056375,0.9588272301565441,0.9610216050968639,0.9682470012541787,0.9666731263021323,0.9665313993586588,0.9677251835377297,0.9566937063387556,0.9666542777283131,
pre_model_seis1_20250809165436_532.dat---0.968693341231557,0.9473837246851038,0.9670188959924368,0.9716288948593367,0.9753452789160606,0.9710817984870073,0.9782554830684057,0.9799841816866334,0.9842885638777795,0.9758593473852448,0.9769611844360213,0.9882846419171502,0.9901224961481987,0.9852325377760612,0.9849197367789619,0.9813910842828376,0.9578956662970792,0.9706962960633593,0.9810274461089696,0.9730146240916586,0.9584676942102859,0.9742235096972557,0.9810936631699265,0.9893546689429213,0.9804898141533926,0.9675991133583987,0.9592913089150896,0.9434001041672737,0.9382663164018933,0.9502034443898154,0.954515543995963,0.9625078882347193,0.9643120441814156,0.9718782979920535,0.974693057063216,0.9760750080624795,0.9760675048694132,0.9783156392982665,0.9768303126761595,0.9755981648070949,0.9596759410552541,0.97126693326176,
pre_model_seis1_20250809165436_121.dat---0.9906548162047304,0.986666816466076,0.9888868762264434,0.9899251513530319,0.983871172579999,0.9851222332118653,0.9761254746812973,0.9581081310903016,0.9402700989062075,0.9176423310699012,0.9121626218425791,0.8715920259290896,0.8965497216588477,0.8887449600711205,0.9082631280252477,0.9442195838278263,0.9549132425528092,0.9454115735413742,0.9428547512956583,0.9195009177946502,0.9307883998841741,0.9340928588279573,0.9409473056038637,0.9414726448997043,0.9430224726439224,0.9429725581344828,0.9440015079750527,0.9635427527040502,0.9553113181029695,0.9675218610275627,0.9666695698655977,0.9385092975363841,0.9373285146836304,0.9594536834508554,0.951273684001564,0.9680168262686071,0.9482077474844469,0.9613444621010963,0.949925923171819,0.9685010046635802,0.9726442131119301,0.9484642496212756,
pre_model_seis1_20250809165442_100.dat---0.9539175216394195,0.958696491358458,0.9453465413358719,0.9789868994685644,0.9577283168151274,0.9620080573400149,0.9763615772619308,0.9739421538409128,0.9769268238399599,0.9821013840896793,0.9739136631800478,0.9742824109389363,0.9610534592794737,0.962045316609415,0.9566213445870592,0.9627836835582133,0.9905348343781784,0.9935201182774688,0.9427838292849519,0.923821162752385,0.8875353079889562,0.8537993193653786,0.8642196639768988,0.8653399908817949,0.8837420943877378,0.9014354522336879,0.9334499896924643,0.9319371905122844,0.9235880277542046,0.913740808442577,0.9122087586011183,0.9202885755670205,0.9169763045024818,0.9145013597010737,0.9034658938998988,0.911150081488085,0.9188380996000917,0.8996769510796797,0.9235117091071472,0.9327517743241897,0.9478063543397056,0.9357887633483547,
pre_model_seis1_20250809165436_617.dat---0.9738296576547605,0.9803467660533113,0.9733244442700051,0.9753137600902445,0.971307995852539,0.9722890471132786,0.9739476696201,0.9603527881019027,0.9847087707023477,0.9843077733870562,0.9864196768984494,0.9835930127951115,0.9883267483191394,0.9811317785988968,0.9852593775334655,0.991350224579603,0.9943959152045443,0.9873549058435724,0.9901287161734001,0.97550880966825,0.983266006533528,0.9756853567476346,0.9627255959461058,0.9665906306646561,0.9420494741060232,0.9415330317971301,0.9114912600671166,0.9108942886268233,0.9027681542006688,0.9010999833695812,0.9139980008409438,0.8762462479135847,0.911214015120206,0.9014908707038597,0.8972846788054604,0.903155966697402,0.8803760459448091,0.8997128388363353,0.9244990497631806,0.9010097435549625,0.9004859638461918,0.9492871961596633,
pre_model_seis1_20250816100534_99.dat---0.9863223997958066,0.990104506497952,0.9875071406632487,0.9895008278470698,0.9898728433653908,0.991464773487836,0.9904740031307726,0.9875785572900475,0.9839373754367637,0.9792351272318199,0.9578103360497451,0.9424684358630171,0.9147387948675968,0.9069657933499922,0.9231925471504426,0.9566731632241778,0.9632044565493524,0.8966707432457999,0.9103797927384061,0.9368225253242296,0.9366729158088296,0.9455309328432465,0.9489287683433312,0.9511603324215042,0.9180270573960491,0.932458218158148,0.9070727072547246,0.8796242806048055,0.8872397699908454,0.8558054348952204,0.8872135715358417,0.8601173823791292,0.8835431238795615,0.8704179848466175,0.8943003444066489,0.911085680986087,0.9123178896268254,0.9056349452172225,0.8745548380954176,0.8979337651817073,0.9091090809509964,0.9305773943398107,
pre_model_seis1_20250809165433_638.dat---0.9717659040266415,0.9247439553919916,0.9437049619869061,0.9805399693385072,0.9777726182327368,0.9716430498474822,0.9245778150509318,0.9334006575855337,0.8653667360977975,0.8937864614169757,0.8594685477863443,0.8542841053403718,0.8430028857102577,0.9634172943725196,0.9833220493786505,0.9864091797728578,0.9853737058979646,0.9871135247231215,0.9730344544562487,0.9739468951668447,0.9799836165668865,0.9900244203771669,0.9937064210430216,0.9857356339930462,0.9811734381176721,0.9832026886491428,0.9800672839878591,0.9796997449953199,0.98502549189068,0.9860729918146331,0.9862307660238563,0.9806679744059941,0.9879179088130878,0.9904326247074837,0.9914656606401052,0.9879528175916786,0.9664744304530899,0.974573046164737,0.9726814888052782,0.973787751319087,0.988174349812887,0.9619933005305704,
pre_model_seis1_20250809165445_400.dat---0.9857482430749591,0.9887476814628914,0.9871300552565327,0.9834008799529738,0.9857553844681861,0.9788547145281707,0.9773444815117066,0.970338357958847,0.9631104619155575,0.9627680504431886,0.9642409128153031,0.9404194390728631,0.9518239510577239,0.9524744321462014,0.9680537723631222,0.9790679769392256,0.9785531031691671,0.9725006454669451,0.9748108647816929,0.9714501476555429,0.979756919549055,0.9783853430495704,0.9543193026289167,0.9630277864064528,0.9794955067191923,0.9807268111264145,0.9869994547851508,0.976581232866969,0.9656201851105124,0.9510821535595719,0.9300296580817037,0.9071215705089225,0.8832296790743872,0.8917645836459213,0.8939289058861277,0.8887771214163354,0.9119077014100677,0.920515562491031,0.9191222622415101,0.938073404350831,0.9179894587440668,0.9550011746266708,
pre_model_seis2_20250809163927_219.dat---0.9833811273412905,0.9811649778831971,0.9789866418454513,0.9828797810313421,0.9718004456449734,0.9798874643553388,0.9675621422475119,0.9656562178054001,0.9346646014855298,0.9558188920069636,0.9411374768449162,0.853486195200393,0.8851378288691426,0.8745336792113519,0.8194874654387769,0.9146760187371402,0.9342001162877863,0.9442671507200786,0.961910060776205,0.9571006460474926,0.9603234514839737,0.9472605471068672,0.9554358772198864,0.9398053227667391,0.9112953059794615,0.912040483765097,0.9113598547887609,0.9257916944313096,0.9352734492563138,0.9205726553154839,0.9290363656551769,0.9368894147571357,0.9418000310677093,0.9436055513361479,0.9575593883130474,0.9458271123835248,0.9662944448468715,0.9599281036459691,0.9761703936533835,0.9756591066733865,0.9850207187864621,0.9420655659271464,
pre_model_seis1_20250809165433_724.dat---0.9671926983446307,0.9893242337062226,0.9911773183653321,0.9917049644116117,0.990972471389517,0.9892738050728539,0.986111035862285,0.9819025759326475,0.9860803088392243,0.9847762956848392,0.9871587614937654,0.9955155209215353,0.9962955681003561,0.9979943583223168,0.9969056614894842,0.9913449954418796,0.9908549163424043,0.9937194846826266,0.9922952086058967,0.9754072397928956,0.9797893981054591,0.9713112505050383,0.9786971412615731,0.9765040992321732,0.9837039564598113,0.972727656020334,0.9667298017721574,0.9770054189584577,0.9711088446065875,0.9737005858704639,0.9712525703184924,0.9604176829118342,0.959229873726456,0.9240395921685398,0.9405603833527503,0.9333817164885275,0.9363758627064743,0.9466314753866198,0.9297449783554881,0.9382124655788936,0.9425426180071801,0.9734067023072105,
pre_model_seis2_20250809163927_836.dat---0.9678503897783214,0.9841927319561805,0.9779029114723837,0.9851999315332416,0.9828316153388079,0.986476708787901,0.9813684142068441,0.9735584202125042,0.9695214676395866,0.9417416857452343,0.9440856571099199,0.9776055479196413,0.9932970255596381,0.9938104584442405,0.9611098140764457,0.9496926483498056,0.9592087422309044,0.9769165589420336,0.9768356735595689,0.9710532200096492,0.9558556066302583,0.9594103139651753,0.9103896327413468,0.9446491405025906,0.9596240193294674,0.962035644212165,0.9639906527791327,0.9459296036638912,0.9315192855726991,0.884863029390242,0.9005928775591431,0.8682481155850102,0.8891121631674946,0.9106735184609263,0.8539237571144546,0.8941203044856448,0.9202104572782188,0.9253300663259282,0.8913356227165156,0.915304162850988,0.9269248798303477,0.945568353098402,
pre_model_seis2_20250809163915_492.dat---0.9726435399698246,0.9912309079052996,0.986166142646152,0.9863970270643466,0.9806221130763112,0.9841302329951513,0.975332845976018,0.9682353358949825,0.96524716902508,0.9786386245330051,0.9850780153182673,0.9915712825734412,0.9822091206225975,0.9915649312493795,0.9904999558315588,0.9891370529160937,0.9875342986552611,0.9891868295658289,0.9761838949715379,0.9814437342707439,0.9615581740944286,0.9766679837253337,0.9819673047717318,0.9818301850741463,0.9904841132144409,0.9874925674019304,0.9771578011558807,0.9467232732906243,0.9405285005521667,0.9099117655813019,0.9085198404977531,0.8879618016849107,0.8815273786413197,0.8777713324559183,0.8937051554389187,0.9247324902303341,0.9366998693827872,0.9149466748329097,0.9386900948400635,0.9195002584623174,0.9176333826899443,0.9587576342214641,
pre_model_seis2_20250809163924_715.dat---0.8129713201882343,0.8776190076986837,0.9138611431922542,0.9271918219239711,0.9172846807937658,0.9210102896069041,0.917816236896169,0.9261440181632978,0.9203808088914757,0.886880894519302,0.9206024962002528,0.8884707542088511,0.9400150318681969,0.9322327894752385,0.96582764855062,0.966949982224574,0.9678425723979142,0.9705740214128237,0.97072132401206,0.9635863112388855,0.9498724411540158,0.9452349801904818,0.9328087168674151,0.9179045681885588,0.891442527628495,0.9087155227970561,0.8980805628594408,0.869833273144186,0.8177774933113328,0.8106106664007972,0.6944464022671596,0.6035453283615919,0.5792017992644128,0.55389792471256,0.5480884811729284,0.551822202082932,0.5184295869686815,0.5123404855731091,0.4610935011432771,0.5081680954756992,0.5185130236951038,0.8170685545542126,
pre_model_seis2_20250809163936_493.dat---0.9844178428108644,0.9858177667371679,0.9837970357649474,0.9885275045472387,0.981118736548135,0.9739647518450778,0.9674736999574644,0.9838173869605268,0.9890386034929054,0.9822141755507121,0.9843662996988254,0.9883826930342777,0.9940501236714909,0.9924682575259339,0.9989534915793432,0.9972000298358134,0.9953432579978685,0.9947663348767343,0.9958227265745311,0.99755176960585,0.996775582061824,0.9930366221353537,0.9880264589976275,0.9853722718512017,0.9876650064357082,0.9907718488388759,0.9885008792464,0.9819099016750518,0.9630473949408224,0.9558556989488458,0.9710351052543548,0.9675562600823381,0.9848953979552418,0.9842548200049251,0.9802238660487478,0.9762671415964191,0.969205913680206,0.9642013537306534,0.9567324855507952,0.9418802937169186,0.9518100365727165,0.9814174836083105,
pre_model_seis1_20250809165457_24.dat---0.9090378680143905,0.9465395924615931,0.8945345243185617,0.9220136360193293,0.8997599469621302,0.852149884952821,0.8557539644833948,0.7575078879612154,0.7629091235455693,0.7696766866072782,0.723114934223167,0.7837553574636466,0.8139772898272034,0.9361298100238704,0.9030568025798503,0.9495168525383008,0.9635410443559469,0.9761054794105675,0.9834064628865762,0.9809195296769726,0.9794651803570231,0.971010111233784,0.9406535304423532,0.9489051039509462,0.9465139215223854,0.9466455270975562,0.940045165785234,0.9570749993952805,0.9698001408119543,0.9705363496854246,0.9566334833060135,0.9252535654426953,0.940058057935511,0.9144047439393755,0.8844566757378661,0.8312161418238733,0.8702595579397558,0.8333799325905685,0.8401302823065186,0.824721546726656,0.8189700399470605,0.8974034325924445,
pre_model_seis2_20250809163939_420.dat---0.9749407973709373,0.9737010173461359,0.9863893074696695,0.9697406719277778,0.9859159455826598,0.978426539507732,0.9845582816523554,0.9766807323214777,0.972129648473686,0.9676938597533338,0.9746451556832038,0.9709240987500384,0.9781861145458817,0.9824165302778227,0.9826805283012594,0.9878800922371438,0.9900638883371745,0.9893052402159116,0.9713363653977826,0.9649992156633928,0.9719381354095844,0.9544135668414531,0.9502979825450828,0.9739522685653491,0.9790665235925278,0.9792953804182377,0.9721213489868,0.9569962359810024,0.9354872068199284,0.8975466268362827,0.9236014766803259,0.9215595607340945,0.9401141475143545,0.9281757252185391,0.9419126824544691,0.9578429699022453,0.9543834978056664,0.9634132846291744,0.9572063120803357,0.9659240345334766,0.9340486217798086,0.9639490639059543,
pre_model_seis2_20250809163933_398.dat---0.9786912168908314,0.9798155877672126,0.9792554033365396,0.9789530251804556,0.9846305943871368,0.980209122994513,0.974112964122988,0.978082303324452,0.9630098853619744,0.9797776086509283,0.9736490567832706,0.9755561283890064,0.9893991618553092,0.9886631070621774,0.991248977965977,0.942759546069825,0.9696405424786081,0.9836900283196345,0.9739368976453199,0.9740711414044414,0.9747976435176847,0.9707013465829384,0.9490179156545682,0.9491938715346405,0.9026138024095469,0.9079849996758623,0.9277857832008174,0.9277924121708306,0.9362716126051556,0.9428856311971083,0.9152360786804208,0.9277532202329462,0.9248273206773682,0.9419605807667698,0.9385216385930263,0.9456075232272121,0.9340116234285819,0.9089276855022104,0.9270889767306657,0.8975125610506652,0.9039824461618948,0.9535030969168665,
pre_model_seis1_20250809165451_215.dat---0.9539001704243161,0.9791231224814028,0.9907928026023776,0.9885452264565028,0.9897176910245573,0.9917417651503814,0.9890731665442813,0.9908930492699253,0.9881946313741155,0.9808080366998894,0.9749073914884239,0.9775508546312798,0.9761410791396093,0.973735978800058,0.9773497695419675,0.9792056866200796,0.9825629039100816,0.9866850543825237,0.9938971475927632,0.9820459676548333,0.9746800275541475,0.9623160244756666,0.9613642794129963,0.9583893106522168,0.9663681418871279,0.9643515968787276,0.9332505606803957,0.9246231922118167,0.9277771957555128,0.9339092088739361,0.9401299547634693,0.9565596663057874,0.9533942859309035,0.9569469735464337,0.9106406614068437,0.8873703229472703,0.8841217359716228,0.9205235100176407,0.9066424060105006,0.9085391316289001,0.9270487356399384,0.9586784980083222,
pre_model_seis2_20250809163930_401.dat---0.9810701854925452,0.9544938848128092,0.9700318770627009,0.979011051851205,0.9566522233954314,0.944168734618188,0.9350967087938221,0.9346169888636391,0.9280807076017754,0.927562012974246,0.8855633020839286,0.9431968373051208,0.9571551298168941,0.9740889509834825,0.9936486216682884,0.9958628964386163,0.9941699054163903,0.9906796967339694,0.9853456072430117,0.9527908893072072,0.9076580950221811,0.8970822963033686,0.8965983766668366,0.934863669829132,0.9215683693562734,0.9120814215940807,0.9281940517055303,0.9304128038238064,0.9104156843866896,0.9180440788041357,0.9243492064688117,0.9127445861759308,0.9147393839951629,0.9114885475775348,0.8958271106715727,0.8899765429645641,0.8967264799606156,0.8699955006078739,0.9038587913164375,0.8873803068224465,0.9234537491190482,0.9334328113569583,
pre_model_seis1_20250809165430_706.dat---0.9746577280659334,0.973888519110881,0.9719317629802946,0.9877411477049847,0.9846318076285094,0.9864080656945218,0.9822895156931032,0.9823965869660631,0.986366169810577,0.980777056692841,0.9808429534554126,0.9914468029343352,0.9923526984124552,0.9945947790148579,0.9814306496308306,0.992750131669266,0.9896151818064536,0.9906902301045208,0.9915706755947447,0.9957118087535595,0.9973463668865489,0.9909548311551598,0.9909640154174081,0.9935901826049,0.990517989355421,0.9903278505149279,0.9871678065536664,0.9843594541636341,0.9826278000069212,0.9795458103748038,0.9787149382423596,0.9771539762140284,0.9791996620948362,0.9565795727336576,0.9329936759078393,0.9350671716770811,0.909941729953028,0.8710884861418562,0.871442942166598,0.8819656145919427,0.8947425522465408,0.9704484561153002,
pre_model_seis1_20250809165430_876.dat---0.9721882239685204,0.9721328859766138,0.9587237811614708,0.9766964046778407,0.9739660536922086,0.9804249129428182,0.9782985387926912,0.9785670715755526,0.9780486261522569,0.9655318754502428,0.9466304975338935,0.9478751786364291,0.9611618739704751,0.9457479783487382,0.952317979226036,0.9808265027786182,0.9802142597998827,0.9731598483710256,0.9719351917322798,0.9755777199494495,0.96931954271236,0.9747410627927602,0.9725329294825569,0.9581143609136631,0.954258818969167,0.9401639019633702,0.9091153430535754,0.9175274687951035,0.8870842616195782,0.908794393969698,0.8799176029065321,0.8711144544375151,0.8756807899545818,0.8708317016532285,0.8857685967781539,0.8831634736114894,0.8766569832064922,0.8493915523578167,0.8157096743838069,0.7818880374854282,0.8205902626570903,0.9310339175229514,
pre_model_seis1_20250809165454_262.dat---0.9869021256358456,0.98510939218372,0.9845033953334085,0.9682607940083036,0.9787359753036385,0.97481417243583,0.9596031957228042,0.9635212079832627,0.9588572060359888,0.9532358042291655,0.9465430825483404,0.9478246541613417,0.9692589261041069,0.9774781724145816,0.9622758207704609,0.9355623851083865,0.9456942314197808,0.9660402530099998,0.9735459113714712,0.983397865436737,0.9620668312483718,0.9732680775903529,0.9768337742389854,0.9868817018044231,0.9819140781979918,0.9820086188330305,0.9811297524128058,0.9852941470582424,0.9855658559823454,0.9766166169440325,0.9532214345635205,0.9751126571872398,0.9781414926519746,0.9786832602142739,0.9761453441147667,0.9639012421679961,0.9480615149688055,0.9420581518964614,0.9469723160935563,0.9464500143302185,0.9592919796947927,0.9678239861807649,
pre_model_seis2_20250809163924_701.dat---0.9868115420779545,0.9881533910622319,0.9892673665748527,0.9812225042961927,0.9916497762647848,0.9877291473688088,0.9883699528110363,0.9916122880195218,0.9879303958434325,0.9885956866806251,0.9838110154491213,0.9816846370674897,0.9904674639188752,0.9937384694434717,0.9978014876233733,0.9976571207757516,0.9949859415476922,0.9874196174438166,0.9883163828364651,0.9916018926356919,0.991971154304305,0.9813533851410151,0.9805711667914995,0.9791211433425545,0.9744013603494245,0.9757678313036315,0.9833071221877031,0.9858922142617974,0.9883615433273749,0.9842086345535117,0.9547313280254076,0.9489896963929094,0.9774056191210173,0.994370303799216,0.9815407555719616,0.9488032826352795,0.9600390618135898,0.942594171954302,0.9483620506000647,0.9542540685502963,0.9255260996917173,0.979278001791702,
pre_model_seis2_20250809163939_696.dat---0.9817179581081329,0.9699167572258991,0.9841154136140747,0.9863140794323678,0.9886008360224731,0.9913149461662365,0.9840801771663066,0.988147909351351,0.9922050655120295,0.987289369136835,0.9857899575140323,0.9884696190146727,0.9905003337500207,0.9950222215191127,0.9940813667547365,0.994492848361908,0.9950608311234105,0.9962450561555973,0.9961764063072812,0.9971633198694823,0.987708411338898,0.9823412256425758,0.9861502343507319,0.9874277162581854,0.9817060045192861,0.9840468301586788,0.9765811264924408,0.9595818541792441,0.9554010188374462,0.9129114244710973,0.9482464132018851,0.9254815799812954,0.9455967710331983,0.9607887885962908,0.9373667406373978,0.9537685264573812,0.9600072054810064,0.9770823655058495,0.9748257523168009,0.9826536896525286,0.983637688897091,0.9768296546369578,
pre_model_seis2_20250809163924_320.dat---0.9732876535522681,0.9684202783462972,0.9624269783778242,0.9664384529937107,0.9719829533985149,0.954419511995309,0.9605739260423384,0.958838259453859,0.9373116013340512,0.9265009177399314,0.9278866797605362,0.9746172002883782,0.9814598714631216,0.9808718894703035,0.9855242115591956,0.9777474090890339,0.9580839441513364,0.9537176020158473,0.9547132435051238,0.9758310139929122,0.9732342807327531,0.9542631394841629,0.9643081694257213,0.9679246143776078,0.9652038459255166,0.9516228289146091,0.9344039165324548,0.9272999413936898,0.9094597910352303,0.8941967130676569,0.9081642130925476,0.9111688515168763,0.9131152202120778,0.9023223486379949,0.8945655719016464,0.8225501411365352,0.8985490169363399,0.9278803119733954,0.9128187445741437,0.9326681561545163,0.9404424951412543,0.9428491685535764,
pre_model_seis1_20250809165448_792.dat---0.9923041890979795,0.9921316876613331,0.9851559632867308,0.981786253574929,0.9832510176751761,0.9806114932545503,0.969506749002378,0.9567658791074428,0.9629733016314171,0.9294180848282841,0.9314212300834331,0.9239537522429825,0.9673378255650541,0.9547551895127656,0.9632014430605449,0.9769148813275611,0.9730498042236893,0.9662976304111502,0.9577425978743737,0.9622661299209095,0.9624026290280242,0.9597388282958521,0.9475221099274213,0.9232030625023112,0.9504132598090018,0.9368826114927351,0.9423732026129819,0.950957974113377,0.9442858301823618,0.9531632756180464,0.953904270426129,0.9567184600149532,0.9602987137883865,0.9596210368901716,0.9497316583303865,0.9464097015214655,0.9366516618095496,0.9320605400589294,0.9353456606612843,0.9277264934193242,0.9372090942520015,0.9555479311731067,
pre_model_seis2_20250809163930_564.dat---0.9842748583234794,0.993571732706884,0.9916110520687541,0.9934603551706177,0.9947643292116206,0.9931937268652464,0.9925658589950439,0.9937236980967026,0.9917440572346377,0.9901428469916916,0.993239230206445,0.9946188401329435,0.9956519932084738,0.9967724947035987,0.9972267474964963,0.9980692482181939,0.9979590014535763,0.9923598630600003,0.9931640165844815,0.9921116938977341,0.9896462698667203,0.9894804182733238,0.9908763194903984,0.9854619038353618,0.977138429684303,0.9838389448085869,0.988986882170114,0.978540464282512,0.9756965603354407,0.9607111348165216,0.9598765140564178,0.9609923489166329,0.9132052630400689,0.9419363255039579,0.9056283972553062,0.9252113901847525,0.921384523265812,0.9214354479929073,0.9437891723542136,0.934276295641822,0.9627958191082733,0.9751496212075627,
pre_model_seis1_20250809165454_610.dat---0.9708230597863333,0.9871099803573089,0.9883177410211103,0.9896182592925072,0.9822946341750268,0.9914123617975906,0.9866107577761061,0.9884132987450056,0.9867185546179131,0.9909486405720321,0.98636082287524,0.9769983727853759,0.981151129732812,0.9651953104093992,0.9632190188537523,0.9522865676994234,0.9355689643829255,0.9332652672521707,0.9274841877711927,0.9513543103793881,0.9431269280687793,0.946250645582469,0.9546282101842589,0.920144020099361,0.8743282122483751,0.8411262607177502,0.840053348569882,0.8856621539401289,0.8619469556648206,0.8906707851871323,0.8516639314586102,0.856057612524426,0.8643897989432986,0.8475480807938737,0.8290867507085661,0.8664366933513534,0.8294093014711279,0.817023990261328,0.8766214095899486,0.8658866589497108,0.887067170865392,0.9215678087673955,
pre_model_seis2_20250809163933_90.dat---0.9737706569460514,0.9600727156603475,0.9737514530469973,0.9733819081230431,0.9759183588255134,0.9704621352820053,0.9765892363655982,0.9760228566273522,0.9848999422187239,0.9875886799966624,0.9894659137256901,0.9872038050129597,0.995729460848211,0.9936711491570823,0.9963849563315711,0.9939753163141545,0.995899408541848,0.9742623184620619,0.9832822171297282,0.9832870029589429,0.965934667687473,0.9708422047468024,0.9535977703949494,0.9566953572097529,0.9626562654892381,0.9692772649910705,0.9713916558388195,0.9624387015624317,0.9450596745167013,0.9604882445943317,0.958612631557657,0.9667790151114771,0.9690665476260598,0.9769535614993765,0.9677176582194948,0.9623586545560413,0.9644973800388842,0.9656534886020195,0.975239222918458,0.973576255030831,0.9671379501532434,0.9734535039980405,
pre_model_seis2_20250809163936_374.dat---0.9646971658621099,0.9822093392566569,0.9725769072896542,0.9801204231537493,0.9758254024838714,0.972064949278438,0.971424736692558,0.9622401774229506,0.980276013318468,0.9838962516071282,0.9846557239165791,0.9882722773977674,0.9877724874778517,0.9944500069911513,0.9903364904072443,0.9874978720289,0.9863258091036443,0.9904635427871415,0.9887066702821432,0.9913815470540505,0.990031363271316,0.9816508261674737,0.9781857567893564,0.9726392326325511,0.9829891613953211,0.9827842924992103,0.9841272524262977,0.9839215582329157,0.9777682663893968,0.9833227968717402,0.9790663184288104,0.9788595809358163,0.9764936131012079,0.975380233848302,0.9663102806087659,0.9532615003702882,0.9647308808017092,0.9542522558935224,0.9451767765381254,0.9366346843523762,0.9494532080115954,0.9763959422775161,
pre_model_seis1_20250809165430_549.dat---0.9591287353642525,0.9620870495171143,0.9300294661029803,0.9557940655115207,0.9293168821842803,0.9409925106188104,0.892022364735252,0.9135596550149576,0.8430242090054811,0.9134062246672082,0.8755414184093655,0.8986542048041443,0.9486735304057001,0.9623200143659378,0.9715301025241557,0.9803020654996519,0.9798627998175428,0.9817094248519386,0.9746732443071494,0.9716752101674005,0.9562494175154598,0.9670540258696437,0.9573880163188445,0.9563602067544706,0.9559821578920406,0.9293477954950466,0.9371984586966983,0.9304723962828967,0.9471178366339086,0.9467568990132407,0.9346927836934892,0.9317410038576402,0.9274544181978267,0.922623166838802,0.9266417771947522,0.9367384726099869,0.9345678450202974,0.932306030334961,0.9272880098233314,0.9356466195949049,0.9133643693697819,0.9388120703629969,
pre_model_seis1_20250809165445_576.dat---0.9562273684410975,0.9773041356013231,0.9717999269894356,0.976011250226523,0.9587567852242567,0.9544774737565394,0.9610347660372145,0.9709783040965891,0.9415442775622652,0.9588263664046405,0.9565167785645621,0.9559637997273623,0.962351359605848,0.9859380612721096,0.992820933136713,0.989275591358852,0.9624135100960852,0.9723834894650356,0.9683959284537289,0.9811076603636387,0.9716683157772917,0.9738887767240113,0.9850083756042856,0.9771643700872631,0.9650467018953114,0.964029244200258,0.956166163707072,0.957363394012061,0.9612757401962971,0.9723743209631914,0.9689190105415894,0.9663958399591746,0.9737815211110625,0.9797319903880584,0.9725010962458824,0.9801411339717052,0.9802504179507857,0.9732176589277379,0.9733849248133493,0.9801440714284266,0.980159693451108,0.9699205006912133,
pre_model_seis2_20250809163933_816.dat---0.9953019308470845,0.9920264874033858,0.9953413286382147,0.9952602508343593,0.9953186784128772,0.992567375818325,0.9930464205358972,0.9918087621757068,0.9945056894855342,0.9960322584946346,0.9964255710673283,0.9980933676198284,0.997883526055148,0.9971199962990972,0.9971618674403141,0.998079438706319,0.9912820758845942,0.9930277516135381,0.9911389837104426,0.9901573873827094,0.9921743747175059,0.9895229860824678,0.9883158763818737,0.9934080304819146,0.9931254922962403,0.9882815831793362,0.9831072923696521,0.9755465947551988,0.9721453434041507,0.9660216714047546,0.9514493190701379,0.9533403512026987,0.9562862940271072,0.9562629473005054,0.9328730533733687,0.9516200350624859,0.9668547086659152,0.9567990589509756,0.9789279705342339,0.9765880213757103,0.9851645534674768,0.9829120660129038,
pre_model_seis1_20250809165436_272.dat---0.9847938330940609,0.9744492069458796,0.9805144161225539,0.9864836490873884,0.9825560847739153,0.9845474871626481,0.9851844991722942,0.9894419356962593,0.9882303338728398,0.9890569773655463,0.9913271095967511,0.9900133639665739,0.9908429167372764,0.9912473757827389,0.9838310811416618,0.9911300713151431,0.985761511337909,0.9878211431790113,0.9540777684675479,0.933439185084469,0.922679669470436,0.9433618725275299,0.9478882612227537,0.9632501967745676,0.9633788116252004,0.9194139224632344,0.919970044967488,0.8793830251255039,0.926703969106285,0.9314153541975233,0.8971725034128645,0.8448784708341389,0.860654846660463,0.8099285249860094,0.8431232319690929,0.8702273920760502,0.8622811063922524,0.8291610776854078,0.7556212414679513,0.8200442443031921,0.8570679638577129,0.9320086751470276,
pre_model_seis1_20250809165433_500.dat---0.9634697880397162,0.9868167758672085,0.9860077921017324,0.9818043294735093,0.9764981031769013,0.9809099113557089,0.9781150970355933,0.957148840960094,0.9668199466273828,0.9739717610846805,0.9528467845808551,0.9718875407338096,0.9753793589327753,0.9703237020215008,0.9785119880641416,0.9880205103386376,0.9878311784725363,0.9778794036521493,0.9876567307409323,0.9796054422087133,0.9777806821799173,0.9598548655296308,0.963998575948908,0.9370589045471652,0.9544422396036717,0.959153695405697,0.9554316422930679,0.9631831373617525,0.943294986519067,0.9411267752591603,0.9666328103399056,0.962999845006175,0.9424218222042019,0.9649453899406767,0.9562374435134794,0.9679827114466141,0.9522672166882188,0.9652628721529868,0.9581230847452473,0.9536219701765163,0.9709896228298235,0.966788177540499,
pre_model_seis1_20250809165451_898.dat---0.971039023976749,0.9875346865448037,0.9871649918673705,0.9871079091557036,0.9706939608103016,0.9758200076979804,0.9607346936675967,0.9387967233192165,0.9270135654165389,0.9253803723284242,0.9564617426283716,0.9625123151811937,0.9805882052627566,0.9915025456792115,0.9820205200210073,0.9863569716884609,0.9932496253364727,0.9931998754016482,0.9922697864803247,0.9927757711025523,0.9823225156815489,0.9703173616199728,0.9740286461836569,0.9768522060937833,0.9895309790089035,0.9831978677530702,0.9826286949674145,0.9773521646880825,0.977355256145949,0.9783870524674542,0.9763368250068134,0.925464231776394,0.9355556311206948,0.9206808862301445,0.9319038411413223,0.9704455824207633,0.9775834311371121,0.9637896186423965,0.9647995221214938,0.9408645025137461,0.907330392186646,0.967535378109123,
pre_model_seis2_20250809163930_582.dat---0.9832225320808144,0.9885137397787073,0.9785717660660738,0.9798317815789516,0.9871965441146594,0.9805298818684701,0.9771109182576346,0.9819075595190193,0.9770052457782075,0.977473974464373,0.9738267287219303,0.9537724357781803,0.9538200740425997,0.963905605808622,0.9914687175117344,0.9941555875435762,0.9908771689926095,0.9893077732371157,0.9918527294766186,0.9917139705421139,0.992937675926918,0.9939981966143652,0.9930602965435668,0.9937314473098858,0.9860147872933893,0.9726439703286586,0.9806174035368596,0.9688345072102997,0.9786380930721258,0.9758434149392601,0.9695184011761594,0.965182553136055,0.9525626469826766,0.9493041568830788,0.9521271010599097,0.958686317334969,0.9516323976742971,0.950618051549317,0.9415171938511023,0.955126075420265,0.9519375398984153,0.974160901534234,
pre_model_seis2_20250809163915_12.dat---0.9803138637715045,0.9800568492847218,0.977805098414756,0.9725228409295786,0.9735695735019995,0.9618199786275861,0.9638583873170834,0.9626895675871109,0.9630908604424375,0.9530780650657044,0.970518162737679,0.9843077240935213,0.9886927138516413,0.9714202755484527,0.9693828464594412,0.9703177849007677,0.9720039482538408,0.9557877288448738,0.9714386409244936,0.9637019169592644,0.9394152584888086,0.8983030085146817,0.9271016127381516,0.9306478154058161,0.9345637810974007,0.9191374101344059,0.9084281631777408,0.9425709958195282,0.9418061928915252,0.9357194209243136,0.9274287485024635,0.9391891857906759,0.9292950816912933,0.932789880131469,0.9161220417860327,0.9064916890397648,0.9003194263714847,0.868765449715533,0.8389686290318928,0.8534971476026803,0.8379525396203833,0.9398753733168905,
pre_model_seis2_20250809163933_177.dat---0.9765430748220276,0.9867913503708043,0.983969520696984,0.9918420412047406,0.9913075725116723,0.9871464483181971,0.9845662896808596,0.9802242235075305,0.9826141472650545,0.9790624319165604,0.9844665345817488,0.9818338282027405,0.9787691911129209,0.9746662037274163,0.9747279224020938,0.9749248426148307,0.9810644202804483,0.9946518311062897,0.9967429562324077,0.9943888265082133,0.9941617883636925,0.9870853104359644,0.9829578434246095,0.9665239437182188,0.9670295982440552,0.9719829799105593,0.9517358240049238,0.9251735870129184,0.8969580097390675,0.9096124469897061,0.9187178956268548,0.954702024486882,0.965849905714314,0.9584253266487953,0.969467284396228,0.9555545150496749,0.9720183329099082,0.9513219929355465,0.9624389570385486,0.9471308202966785,0.9484945158853226,0.9692108917047808,
pre_model_seis2_20250809163912_401.dat---0.9347870407251154,0.9608542475691147,0.9601031857116354,0.9481312915909801,0.9592532774139924,0.9528117913949078,0.8982394079776342,0.9162675402136438,0.9301231721080246,0.9219549358471686,0.974904012777946,0.9896824451959898,0.9951032962741736,0.9990781927132221,0.9988807363009984,0.9962564979682266,0.9949559943024494,0.9866463303706132,0.9860907138950166,0.9926831390250344,0.9930957179520705,0.9911983224142349,0.980441195746114,0.9661817967089198,0.9750122473273616,0.9622581854110995,0.9663233331039762,0.9689254820374278,0.9666640764622384,0.9735587915270829,0.9810839126418537,0.9901226592621327,0.988206017851805,0.9878609605832953,0.9703363960713532,0.9595353054597078,0.9656428943872768,0.9347860043769177,0.9471202855293381,0.9611749319334214,0.954095702533634,0.9678154016755403,
pre_model_seis2_20250809163936_53.dat---0.9744173196991195,0.9853078637235307,0.9869568395167377,0.9820622393560484,0.9845151901391235,0.9851707050310075,0.9847111994590761,0.9847470885364663,0.9813395754979185,0.9792403944463869,0.9804013704842327,0.9905096806454617,0.9784698042684928,0.9685649158493839,0.9841347597594076,0.9786335191726279,0.9658752907957405,0.9855103427760392,0.9809005645867465,0.9824091613427701,0.9729011410339397,0.9841088879866722,0.9780512935635657,0.9452367302440188,0.9741537783684158,0.9629211359931918,0.9774300976457545,0.9780062891299169,0.9880679127840205,0.9863778021990658,0.9913482466690897,0.9913485566698035,0.9922839591173225,0.9889836458275498,0.9847556809728151,0.978232295369036,0.9728049339916994,0.9793297338726994,0.9521903413766287,0.965710716427688,0.9700027825096257,0.9789786289472886,
pre_model_seis1_20250809165451_612.dat---0.9463217738121324,0.9611426512499422,0.9655271967244857,0.9442695548382927,0.9706156506252993,0.9720446500466258,0.9646445254974184,0.9729879757521726,0.9768498048643516,0.9714023115695476,0.9788489308473997,0.9830833761065624,0.9596760350468226,0.9482403677544626,0.9631241777141829,0.9792095312605807,0.9878012402482359,0.9894343547679154,0.9859614611430491,0.9864996194756044,0.9822080487624971,0.995768779679814,0.9899485090849182,0.9850694270309404,0.9888782866642808,0.9900087112462627,0.9837059605064942,0.9853105394034253,0.9808167960392479,0.9802519400122853,0.9742751104789303,0.9620501281308905,0.9465579215727846,0.9490229938287482,0.960029268100871,0.9597627149110806,0.9521153720764488,0.9583540217452859,0.9595298651710679,0.9705462809546367,0.9790174884296668,0.9717295939798942,
pre_model_seis2_20250809163930_178.dat---0.9834133585468613,0.9707600157418603,0.9918487829416731,0.9894684545647483,0.9890969351243387,0.9917318926661071,0.9861572108335498,0.9826981452280471,0.9806749082220038,0.977779020001875,0.9841711865024529,0.9888091192094096,0.9924438648127569,0.9930395110084145,0.9743445047201187,0.9645890101376786,0.9704760983996782,0.975440886984123,0.9721101705349793,0.9671206435508433,0.9824159305077464,0.9747993866085363,0.9816186493244038,0.9655731493107231,0.9640350741051589,0.9585672452995398,0.955975429012194,0.955480447090077,0.9447376228286141,0.9638497115124185,0.9498058405253589,0.9309421318358919,0.9297373777346709,0.8715329308053034,0.8726004837164268,0.8255119239112798,0.8063821980926398,0.7643722138772218,0.7347161429969755,0.7095979562203115,0.7468915488311844,0.9369589539970291,
pre_model_seis2_20250809163927_657.dat---0.9893287688225755,0.9926156439973449,0.9909955511584849,0.9883094979610292,0.9881544302471733,0.9885976101744792,0.9879986420442772,0.9769953494653912,0.9787559978332063,0.9598632558814332,0.9349776395008041,0.9192506094301723,0.9131080679964743,0.9290668608672322,0.9834217126338296,0.9817852857521185,0.9783873447819945,0.9858978787668089,0.980592542448832,0.9875644078983697,0.9817728729028824,0.972641326319119,0.981710059703131,0.981214012892528,0.9901320320182434,0.9875031710066017,0.9762495138775871,0.9742827720556562,0.978024432448724,0.9790701851710945,0.9811050175976084,0.9703797733334789,0.9645153371064222,0.9634988728426804,0.9577279125226049,0.9492480025580561,0.9464764194298395,0.958919475919564,0.9528201779175277,0.9297869880132174,0.9686418596809715,0.9702777393409654,
pre_model_seis1_20250809165442_650.dat---0.9853279824818544,0.9686970605776777,0.9626033732401156,0.9852080992332832,0.9784481807932056,0.969989904519771,0.9760999192555844,0.983800160365383,0.9789754695890867,0.978346358079739,0.9743581841381608,0.9878298450548919,0.9879204816159299,0.9892786653960728,0.9886335623726566,0.9902792199150379,0.9831043662809698,0.9825854657698264,0.9857144015452818,0.9851082666530724,0.9715037141311288,0.9657723215512093,0.9549107827180152,0.96693379732485,0.9487056789342656,0.9540732825219317,0.9191413515248023,0.8381070542664161,0.7708280790167361,0.7286705763810978,0.6367524482667983,0.632999372954825,0.7545446085801804,0.80890488375156,0.8606025384115953,0.8209658976312767,0.8263118197008363,0.8245047338247838,0.8414685807487686,0.8418267886429657,0.9013091490550378,0.9119791811418702,
pre_model_seis2_20250809163933_364.dat---0.9225022453497969,0.9335980115641138,0.8987386332633744,0.9336905760409486,0.9257526702427062,0.95055790099173,0.9887045755190432,0.991728636525327,0.9897958807603977,0.9883920208053044,0.9839319166631529,0.9868220536238631,0.9886969666869342,0.9906281484233121,0.9838391805886249,0.983343386445983,0.984736443385329,0.9932823795099525,0.9947702500878803,0.9901691990665227,0.9895174678221484,0.9895195576912827,0.9861096289648268,0.982990300318018,0.9864943582554997,0.9852417261257267,0.9861593232238077,0.9863071172464091,0.9870578088753377,0.9747915357335368,0.9809717563307034,0.9758897687028076,0.9755900039286173,0.9758032140604108,0.9671052932430289,0.9685218875623576,0.9619339228765875,0.9514515979955688,0.9610478252697195,0.9555505355174299,0.9521669679903119,0.9727781139824009,
pre_model_seis1_20250816100534_45.dat---0.9868513154724817,0.9893901891480644,0.9807024862629475,0.9813279812046442,0.9794884471455395,0.9746230724449018,0.9710221970918325,0.9672794635525773,0.9698257504329012,0.9545871549336788,0.9687795180923526,0.9719524105456087,0.9695299050773833,0.9797722611035254,0.981085977270452,0.9831700053669349,0.9861111964593324,0.9888139641621623,0.9913139843925907,0.9887318023471772,0.9806004652358544,0.9773233279560393,0.9630050268362784,0.9351281531080629,0.952108219146467,0.9495790020415237,0.9474442571496057,0.9528133411825792,0.9417619366284768,0.9389165292798105,0.9012863493566292,0.9416325410495737,0.9389961832939013,0.9376169940991036,0.9506698996576847,0.9613806164367988,0.9512064342543373,0.9591665855745569,0.9556540164381174,0.9672774176665032,0.9633316003137876,0.9641770238832386,
pre_model_seis2_20250809163936_636.dat---0.9884665238226692,0.9756116775006164,0.9713690910773072,0.9752656415520549,0.9816471049781823,0.9820620566132195,0.972927405418717,0.9544253171798219,0.9616649126683183,0.969860192192976,0.9849197433963733,0.9868956616025432,0.9979200576041658,0.9884892384684077,0.98460641123873,0.9851682404083171,0.9615525310422491,0.9709737609604503,0.970466390073539,0.9781759337534639,0.9874783109004934,0.9733944826767188,0.9723697484101421,0.9749130846380016,0.9633516327998424,0.946599289036143,0.9357879803914776,0.9466529198770063,0.945700653082165,0.9689004227853126,0.9644304840596748,0.9810286570748431,0.9828034913301016,0.9843584168601189,0.9819226567465783,0.9811825597435877,0.9814813787463834,0.9695515743948223,0.9694797725678284,0.9708644152390767,0.9770232161359875,0.9732132448548396,
pre_model_seis2_20250816100718_19.dat---0.9727696003208915,0.9879456702232353,0.9733626393411419,0.9865350764325743,0.9867991920847767,0.981317802054635,0.9880867257264415,0.9846749168455963,0.9852156726415955,0.9898071551860763,0.9862621536327472,0.9723607213213211,0.9825265997236998,0.9878458382883536,0.9981912892661894,0.9974996907191327,0.9967067283760772,0.994913035157168,0.9939567351672162,0.9922121546153291,0.9916461133263403,0.9905306765760477,0.9900166788152277,0.987519264328721,0.9875091286337336,0.9821572242198489,0.9827928872232666,0.9665200761021667,0.9758547030263206,0.9631210496003257,0.9669512153099336,0.9540699245397108,0.9481953593340461,0.9615328664075236,0.9485923873525458,0.9570170993009133,0.9535249033003376,0.94249264285535,0.9264302546442729,0.9271862795212122,0.9163245474820957,0.974609138512784,
pre_model_seis1_20250809165442_886.dat---0.9531639975555719,0.9637080055903888,0.9676627424903561,0.9775922094590532,0.9691639532445727,0.9642516173034029,0.9592936220202036,0.9216911858531301,0.8906174682127597,0.912196708358668,0.9113404611722902,0.916043416859445,0.9211899648983588,0.9741672420692519,0.9844966014296794,0.9781081038386572,0.9706036851591575,0.9615126917309154,0.9568648740482664,0.948910615912649,0.961020992042867,0.9709200491512702,0.9613047108989398,0.9699184066879145,0.9706652315537257,0.9665986443855935,0.9567668517249365,0.9595779148252717,0.9597801081983565,0.9684604986151775,0.9759845956770254,0.9725661341078583,0.9761181646587205,0.9703904165254457,0.9744898935417295,0.9782362973630724,0.9776831321820922,0.9773734876297895,0.9750177415152378,0.9820446027926092,0.9791962510175504,0.9606510559098039,
pre_model_seis2_20250809163933_52.dat---0.9841498439060974,0.9648124509512996,0.9820481136788132,0.9674635709263624,0.965852323130045,0.9657824846555788,0.9341200179354615,0.9268149627122855,0.9433233012099816,0.9517536576212714,0.9611433437123311,0.9522367307399159,0.9523234742100831,0.9414210043729974,0.9663282818380321,0.9625565790069914,0.9765134298814919,0.9807623300276599,0.982677361679498,0.9900620158407599,0.9871044976845168,0.9809250860730924,0.9647700043244997,0.9476072014307284,0.938208632527487,0.9311905908562731,0.9328769590031716,0.875833317486764,0.8505981689398446,0.7862463148273293,0.7851901028794487,0.8395930395756983,0.8489323705120925,0.7822264488863587,0.8929043895138065,0.9138649093729135,0.9312673397185164,0.9474474421610155,0.9524384351244465,0.9636894028579871,0.9718514663200748,0.9335832048320247,
pre_model_seis1_20250816100519_98.dat---0.9700487785126606,0.9782978595673673,0.9787901812519868,0.9805387367592279,0.9777464819478653,0.9835507749741768,0.9722256225208323,0.9780799923111874,0.9801848162137966,0.983122808281169,0.9707919254867783,0.9783826761096112,0.9618090463475516,0.9808784956798239,0.9858920632698399,0.9564628517121074,0.9310167626644931,0.9493980353866831,0.9670210453347124,0.9704338224830575,0.9607265655930987,0.961518737642628,0.922491429693271,0.9326836964647,0.9337682186833077,0.9094440729662423,0.9374072004346052,0.922934073712943,0.9382514053264425,0.938671351289983,0.958892946890304,0.9571232197395997,0.9685345705193688,0.9594878447149873,0.9598425189705894,0.9585551890953737,0.9509690842401406,0.948594514704567,0.9699692503342612,0.9693698551485477,0.9742374973012728,0.9601986834214918,
pre_model_seis1_20250809165448_306.dat---0.9716282726632719,0.9519415150318163,0.9746603566760784,0.9784827716796249,0.9823011423980088,0.9867361598910062,0.9882675619404848,0.9907794693388212,0.9937938115974984,0.9950287199606043,0.9962284599597003,0.995304283146195,0.995500666371307,0.9945260846659176,0.9987347002728166,0.9970569727971956,0.999362802595708,0.9995021389278307,0.9991415588903068,0.9968099311667512,0.9958998775435629,0.9958039608061185,0.9919767478705854,0.9864921126861536,0.9836814663448347,0.9803463618292638,0.9841299496050048,0.9794152438300624,0.9770154608908835,0.9707463561560712,0.972883173600171,0.9611261380224047,0.9570867202546922,0.9643389113350966,0.9515377157564338,0.9566905031596282,0.9535361237895729,0.9393588430284943,0.9515416450592373,0.9569803475057744,0.9466222878841243,0.979097495778759,
pre_model_seis1_20250809165457_509.dat---0.939374863564566,0.9740991260866303,0.9749678898753442,0.9747798540469832,0.9827784077185374,0.9816446603487483,0.9844738730093543,0.9796691039922041,0.9831200129512111,0.9799567941558208,0.9887658964273767,0.9912265909835135,0.9938167335407011,0.9945995398306472,0.9939117461656478,0.9941303029734763,0.9860124497884167,0.9773841759083861,0.9665808823214287,0.9500141044364413,0.9537529623946058,0.9649435417170942,0.9551613499057507,0.9421576897253071,0.9004861287970316,0.9238759668263647,0.877803735764979,0.8894114427225056,0.8578678135058696,0.8771670711923939,0.8514879709620354,0.8081130449924292,0.7539938406766671,0.7035107422548327,0.6830536550587111,0.6033527389156206,0.5184120062871103,0.3336810329838988,0.28048704927647716,0.19790342013402057,0.14992813751906336,0.8443380085301998,
pre_model_seis2_20250809163936_483.dat---0.9861818845356577,0.9872863907140849,0.9860113262318475,0.9762233808141172,0.9752339245856433,0.9798587711011414,0.9679451059989265,0.9555243351188395,0.9750347691401412,0.9774698483881122,0.9869331668406903,0.9885673773747758,0.9892123441589602,0.9830816774871295,0.9890460596321036,0.9903171447070683,0.993980649474174,0.9913980059308083,0.9921970258651743,0.9819346591154887,0.9772880248917929,0.9575064750554443,0.968288199575431,0.9745539897733917,0.9799964439075916,0.9855014238840231,0.9841013177471953,0.9803536204045306,0.9759786880051812,0.9707884985950813,0.9597498553462902,0.9648285789556748,0.9543862249794675,0.9552208064067857,0.9559111337851538,0.9585782626117474,0.961758453871831,0.9612120582125933,0.974908289328538,0.9701322247355496,0.9721970104513806,0.9755287177497453,
pre_model_seis2_20250809163933_876.dat---0.9768211049914819,0.9541285820157168,0.9716874044177621,0.9690975281725588,0.9625152777991263,0.9419217285007359,0.9413887231485735,0.9261812760098392,0.9520179449102179,0.9670217754661112,0.9708045658076702,0.9702046155563392,0.9771804411151466,0.9942920063065133,0.9968145265523065,0.9909166389202692,0.9774484033022188,0.9854581213600813,0.9890892454084019,0.951346179170781,0.9596106732947789,0.9765403128112531,0.9789895887131175,0.979004097070913,0.9828834188847325,0.9798823500080455,0.974399976705933,0.9711617666953085,0.9647176642901764,0.9579417389557828,0.9586966319324076,0.9580960890040818,0.9526473053029252,0.9559604345304455,0.9594457948849403,0.943035473134403,0.8813841027436683,0.9137707639264943,0.9263073659834502,0.9290648293539086,0.9428774230000562,0.9612866802477724,
pre_model_seis2_20250809163921_136.dat---0.9333715433606027,0.9746497409696663,0.9574432636121399,0.9623658916136845,0.9612814148944389,0.9423069702438285,0.9400022611091051,0.946137667863691,0.9203446885282599,0.9057026880519494,0.938924558632016,0.9394454678828676,0.9252753047054414,0.9470823121937865,0.9490123836603187,0.970160958106507,0.9701964910226855,0.9653641821590468,0.9884060698987448,0.9908963354990736,0.9843611935004507,0.9830059685111672,0.9849880698552538,0.9835578802256345,0.9764186827757239,0.9739968142217578,0.9614031315331996,0.9584969645292386,0.9629703846203337,0.9682203520349928,0.9675474605796397,0.9628087538401241,0.9747344389875026,0.9835903434875458,0.9836483466255512,0.981510594039055,0.9814748151977533,0.9574326447347041,0.957608438459716,0.938553110479008,0.9487049847017774,0.9610586235840974,
pre_model_seis2_20250816100703_45.dat---0.9885831257649067,0.9795298730515641,0.9877807334535854,0.9880335781346783,0.9854188737432662,0.9830228066823508,0.9725428404353342,0.9829994637201016,0.9793784537183665,0.9833566792637666,0.9840984419574447,0.9887299768472987,0.99320989399925,0.9875725290006621,0.9764435831345782,0.9898368040029285,0.9928127985118012,0.9941809540272655,0.9911094852936457,0.9887294723966683,0.9804962915045898,0.9736196123388435,0.9783434567582806,0.9809007151886042,0.9888637288793256,0.9871421652710314,0.9824237754639616,0.9911494252466406,0.9911026156191312,0.9854608285826852,0.9903351656985306,0.992919648961461,0.9940996311275226,0.993554374442475,0.9924954277418342,0.9809743015958448,0.9796665148774937,0.9753300135726983,0.9748870335092544,0.9727629965206721,0.9662032888032422,0.984636618996185,
pre_model_seis2_20250809163939_150.dat---0.9867974047954449,0.9774197364590528,0.9830222851413578,0.9687429297126426,0.9714487410213298,0.9544397970447749,0.9556899034580778,0.9295712475509285,0.9237465097753015,0.8995189356935155,0.8840934291769948,0.8550514877953534,0.86738793894172,0.9782834927125152,0.9679003732063644,0.9879920675989764,0.9921951548220418,0.9840540194758284,0.9755795392300278,0.9728873901545778,0.9608697931733381,0.9619127472676426,0.9744401519628004,0.9831197544833574,0.984169084584807,0.9834332480248392,0.9620731758916888,0.9478390891612704,0.9539321366279636,0.9523440937436609,0.9556691383812825,0.9546692634945433,0.9379709894657359,0.9379623891564228,0.9409532476610358,0.9685803776356681,0.9744178780472069,0.9596019401999759,0.9762863881263446,0.9587044090090044,0.9646362110364205,0.9563270217293129,
pre_model_seis1_20250809165457_804.dat---0.9748026786765451,0.978955252933082,0.9864334703659693,0.9877113625734857,0.9887276171187074,0.9860295804299548,0.9833606888029871,0.9781279902948106,0.9665669098346354,0.9604712991959556,0.9598030600447346,0.9738567661523981,0.9747721391165303,0.9690522647114286,0.9785017885991345,0.9850641763411061,0.9815393647475754,0.9858080663606338,0.9873048952457922,0.9680035817095217,0.9657574030004291,0.9595687860645519,0.9562860473321659,0.9594376365895548,0.9412725934922976,0.922704094535916,0.8965574222260113,0.9133941527844442,0.8869252649374114,0.9135689243094293,0.9204716200559021,0.9209985179577469,0.8918970791952744,0.8978112613132464,0.9207542112093076,0.9470659145589982,0.9442290621588502,0.9515294317352807,0.9526251189444074,0.9501694420099384,0.9513175568433836,0.9541276705977931,
pre_model_seis1_20250809165454_215.dat---0.8955233260937611,0.9504988808808164,0.9237513222755115,0.9378893948680029,0.9626492204742275,0.9571469174658535,0.9563111651546612,0.9667125325155385,0.9563587457914301,0.9603222597812819,0.9706774211088564,0.9519925293309,0.9331820776257166,0.963806599984128,0.9658446581344107,0.9242938186738497,0.9368835607952798,0.9432500928512879,0.9385529777330359,0.9438184637985423,0.9283717590078411,0.9477956618215837,0.9642378046242089,0.962365138026811,0.9661480675031117,0.9520320925876611,0.9497036465567689,0.9503423195671099,0.9501121153493396,0.9497775247644756,0.9475433448198195,0.9356844824192398,0.935941158863739,0.938387843856659,0.935831670722167,0.9362442746683093,0.9323943924805752,0.9365239819427433,0.9378001363612904,0.9208326490708418,0.9081385618443227,0.9445286485901391,
pre_model_seis2_20250809163927_627.dat---0.9770975383961191,0.9594753720700088,0.9635015271332005,0.9592612073460502,0.9442099922174297,0.9301498828545811,0.9571422472822378,0.9270227486130005,0.9242634332241705,0.9461471374935819,0.9593907818562144,0.9677931458352499,0.9800543240615258,0.9817002700329256,0.980656060484298,0.9784411230975242,0.9471971800738227,0.9209371701705363,0.9369827122103608,0.9380933820967896,0.9216777749845905,0.9369854292049281,0.9121255310863691,0.9219851076466364,0.9268689498631759,0.9257678726999686,0.9255835835768479,0.9190812589344489,0.9152227941424815,0.9281965763491695,0.901217778650604,0.9112028462610919,0.9071669022139266,0.9126962488026094,0.9135709630039174,0.920376715469481,0.9122140446368225,0.9238381082997283,0.9332677858832729,0.9334903437946116,0.9338699497604431,0.9369737512637744,
pre_model_seis2_20250809163927_557.dat---0.9748143649427014,0.9869068015468225,0.9878526131179993,0.9837625166012156,0.9894676239804431,0.989101433592079,0.9890632413269957,0.9842167298849427,0.9838317111431888,0.9841607817542185,0.9850097023253409,0.9863812780770856,0.9902315290750882,0.9883240986896836,0.9868420512596439,0.9919774297755735,0.997346558991312,0.9801010484081972,0.9640047638047569,0.9862377110164978,0.9937075030272126,0.9925178818230543,0.9897768047994439,0.9751123835162849,0.961110317116998,0.9487044957181607,0.9046215516643982,0.9108481836384091,0.9346638836977977,0.9622697117211013,0.9744213186501676,0.9742196021183847,0.9820965390422258,0.9788288671287603,0.9818226228191022,0.9734326457542409,0.9587574987680436,0.9622571825139342,0.9629523503219877,0.9426484096600413,0.9612629333868197,0.9740406506390334,
pre_model_seis1_20250809165451_184.dat---0.986384772064174,0.9861723075595683,0.9873224802327097,0.9755326948855817,0.987875683210104,0.9790524309848655,0.9825003751518819,0.9858435793880147,0.9827080115845944,0.9798336638953351,0.985841467612576,0.9872692756391921,0.9859877777112512,0.9809892329362142,0.9658678226988153,0.9601557656587127,0.9629809591745879,0.9719433594862219,0.9801992970529506,0.9798058409944669,0.9521327395123907,0.9552866342175729,0.9611608990755625,0.971451468329634,0.9348079326656966,0.9602337156003863,0.9487699054898684,0.9719757412923636,0.9491149293465057,0.9706823851258085,0.9723653988375239,0.9622382026902244,0.9718151750770726,0.9697415183059281,0.9669560036542234,0.9549370203917681,0.918639004708974,0.9304286571109752,0.9581077054061099,0.9620710157311683,0.9675673082589129,0.9684085404573289,
pre_model_seis1_20250809165442_836.dat---0.9808438153784966,0.9766671373268289,0.983839400536373,0.9786684819482945,0.9913377250474265,0.9896305785506068,0.9891381407226475,0.9943398802732096,0.9926458197128514,0.9918000519803128,0.9930375588811352,0.9938213084441812,0.990811865058366,0.9929851919633835,0.9936021911275361,0.9964122285084869,0.9974403531971553,0.9970334373385443,0.9925983720165268,0.9915445658907055,0.9902723982862588,0.9847410352050884,0.9885413227347418,0.9783807910546285,0.9813267912405034,0.9715650488894065,0.9777107500015367,0.9766715600700576,0.9824064713146727,0.9785049981006192,0.978879513996064,0.9733258201718613,0.9596010227187182,0.9236373826440918,0.9149660876690178,0.9160640898160041,0.9079062141132143,0.8574930645912446,0.8012130210009739,0.7253176774062856,0.5322115023160988,0.953876455298638,
pre_model_seis1_20250809165448_409.dat---0.9366035414141217,0.9487232092634479,0.9359591929835136,0.9408713131422809,0.9391968165428027,0.9538938132036076,0.9243002464472101,0.9310180303544389,0.9540841693470782,0.9574024505188096,0.9697396436492621,0.986421138102106,0.9907836670498734,0.9775251379395421,0.9767277822880908,0.9814216904966653,0.9617808015535908,0.9710335222375156,0.9714299857268381,0.9683809895397749,0.9701003032871307,0.9653054721423993,0.9499651550396232,0.9593712301887232,0.9585283020581926,0.9514898035165125,0.9468585788278439,0.9410793938748803,0.9210688538009063,0.9221124064383464,0.905870835085023,0.8954763045853732,0.8712674741673904,0.89785950208612,0.8880132980815912,0.8882801153142511,0.9277141025475859,0.9454525549930017,0.9599423470280869,0.9648546195909535,0.9403751205935011,0.9450800710987317,
pre_model_seis2_20250809163933_296.dat---0.9917777533094418,0.9916610463372981,0.9859251894593409,0.9864852631100302,0.979618299551918,0.9849722077478097,0.9797429496296921,0.9817829864804845,0.9731909093590596,0.9750403303780767,0.9711299491864913,0.9612119750258825,0.9681827379867227,0.9576336230917735,0.9649169723722792,0.9722248102491906,0.9842911219970485,0.9883989245505976,0.9748938419872926,0.9824903889595047,0.9893946144541836,0.9876383380842509,0.9659405776997202,0.9750028616538816,0.9674943689675461,0.971592933168065,0.9848294539309125,0.9850618988705149,0.9860782056309059,0.9830730004816779,0.9835111790655894,0.9844144627469582,0.9806448403000065,0.9743232596191683,0.9741006122678646,0.954842263942983,0.9403351260070318,0.9624424700774926,0.9644168435551657,0.9616920733401523,0.953537948875837,0.9752667954514597,
pre_model_seis2_20250809163921_433.dat---0.9884915563675978,0.9937656842722625,0.990681382451367,0.9871758993770178,0.983252781961548,0.9790131856744944,0.9757121412857473,0.9654522505376482,0.9435889522528895,0.9647919266471381,0.9785656989986508,0.9921373692398279,0.989400438014337,0.9949891667831208,0.9951749238952323,0.99126875688655,0.9733259842166933,0.967560913305559,0.9676720761166799,0.975463680137351,0.976941362501111,0.9871608397735246,0.9918070435663545,0.9836559925418829,0.9802038627745846,0.9934743007308017,0.9897057893423478,0.9829521939397318,0.9832879862741638,0.9771476347662765,0.9801543094170313,0.975115980482576,0.9749389022052019,0.9686201285204443,0.9617731745857999,0.9663120371077553,0.9781543029726256,0.9753028287937069,0.9815167998959581,0.9892966623451795,0.9901679082200632,0.9801262148580204,
pre_model_seis1_20250816100525_26.dat---0.9864412345264437,0.9848939149288957,0.9819291589736538,0.981208834893703,0.9781605456103286,0.9865192852835498,0.9837324375662081,0.9834931176433922,0.979310028916691,0.9740503373526666,0.9533932873044171,0.9645147457905484,0.9749108075912448,0.9817482172195282,0.9920037038701368,0.995554807933539,0.9952436767792437,0.9956542300199615,0.9927487543887821,0.9888588585117636,0.9884549742189391,0.9918174409601747,0.9924463927455696,0.9914384559250944,0.9873087912751174,0.980458721799966,0.9805057762689229,0.9794175066442085,0.9838141812760423,0.989159874749316,0.9861978526312548,0.9898674563866998,0.9862713543094003,0.9802808686035185,0.9767234161758603,0.981397332678942,0.9756086408177859,0.9803257735842397,0.9785655699675977,0.9828680471188755,0.9820252563256199,0.9833981382821431,
pre_model_seis2_20250809163912_687.dat---0.991337476211174,0.9782006040008274,0.990607668287988,0.9888088783112405,0.9856223406326894,0.9741727312606243,0.9798657184921662,0.9504420964444562,0.9505083244757014,0.965258602738749,0.9664381658999676,0.9695116078779066,0.9652948297269545,0.9803497196008577,0.9918094112521256,0.9870596368211022,0.9832656622049115,0.9844918961954425,0.9646197159030658,0.9621573206698875,0.9512963865265377,0.963314029659906,0.928096415038751,0.9462999136665944,0.9622044085671883,0.9634551877009555,0.9695446395365434,0.9627087019978772,0.9561866446205026,0.9476813272393451,0.9454071193883553,0.9418976797846029,0.9355230423765973,0.9308156838628826,0.8878627558728842,0.925005511353602,0.9268717590493203,0.9222274149008506,0.914975424554942,0.9136935535234321,0.8833773223178567,0.9558113982572526,
pre_model_seis2_20250809163933_558.dat---0.9595393782267259,0.9797561152277212,0.9851858445936446,0.9860860323588084,0.9833851318551574,0.9890589628915746,0.9768440977993407,0.9792908058670361,0.9784710024248108,0.9825785524952719,0.9744030546215392,0.9739905964186708,0.9834235347776814,0.9855365188581722,0.9895709528579366,0.9971116368758158,0.9980623660479996,0.993001479994427,0.9922053136523937,0.9885259574316709,0.9869507179006558,0.9855969350382526,0.9853501649095008,0.9880925192588053,0.9876999864964492,0.9936732700969625,0.9852592128351922,0.9897397175118479,0.9754522342474868,0.9621237107687646,0.938755061859583,0.9217505056363346,0.9448077115947963,0.9239844014246646,0.9621472807709438,0.9715149619743844,0.977907632033716,0.9862424542485525,0.9804948434781109,0.9782915374071698,0.9805244199768153,0.9776191857254973,
pre_model_seis2_20250809163918_743.dat---0.9549824037226027,0.9801038411258942,0.9706614236359438,0.9862798865607479,0.9852271131910089,0.9779739221027999,0.9659200345794966,0.9681886364665818,0.9702113077164399,0.9725379922238507,0.9866807330872207,0.9951294569428657,0.9919457569344123,0.9972756775045236,0.9912576314358511,0.9788850383408151,0.9836089360954087,0.9817612201398815,0.9643684568960806,0.9649240131864626,0.9764974873154022,0.989109217359458,0.9672922982387828,0.9609396681173059,0.9308958865462017,0.9219360196593418,0.924144954589312,0.913128337622108,0.8785792808725156,0.8338619475769701,0.8714730504249096,0.8332748440832188,0.8366776584775113,0.8324124805398767,0.713914515868496,0.7461025873762436,0.8229998428087335,0.8739315860392263,0.8985236721401323,0.8802651134668823,0.8821566485754473,0.928196111697243,
pre_model_seis2_20250809163921_336.dat---0.9827575248306443,0.9826605395568263,0.9819725500453814,0.9831627640854497,0.9826476843691051,0.972737129719263,0.9658240625046387,0.958708932970083,0.9687323796013441,0.9711369914673564,0.9788397546511141,0.981538399185555,0.9800972895308128,0.9844403840191298,0.9919377259665333,0.9716412417565089,0.9786619013257529,0.9761400270279971,0.9809632743541018,0.9618902598010667,0.9634602069599097,0.9795469821904439,0.963430043265076,0.9484310871912819,0.95025432981686,0.9602344024482639,0.9505948804062015,0.9559815137553974,0.9606887117757931,0.9721249442446407,0.9736344693993427,0.9807738998634586,0.9765581057355914,0.9633171691817487,0.9537617694502256,0.9509348181799703,0.9529321622721802,0.9475984242310366,0.9578676676708886,0.9589454273256,0.9669994062850249,0.9688917375223807,
pre_model_seis2_20250809163927_29.dat---0.9852159735233781,0.9853977925722117,0.975562947769287,0.9806363280202803,0.9834412189604527,0.9864598236857612,0.9891527599229274,0.9873202040883677,0.9847217440284463,0.9803882053514315,0.97868986269126,0.9740676647361,0.980043482681643,0.9862419993083977,0.9823808671873177,0.9811310346238566,0.983491850296675,0.981782930536631,0.9860841297972992,0.9778838253600588,0.9646206498067781,0.9645235883880027,0.9721332926110705,0.93665990599907,0.9586812277003871,0.9544415830555056,0.9280796650948885,0.9566733194203535,0.951910925195511,0.9443193237304581,0.9392385637887718,0.8998383100186225,0.8840483036196386,0.9016936335576193,0.8688804682236432,0.8683690410474483,0.911367625330217,0.9092084248316368,0.8400967220220451,0.8517461723921355,0.8942998801737196,0.9500225675890075,
pre_model_seis1_20250809165436_626.dat---0.9846072201818507,0.972188007681782,0.9864598456855204,0.9879873454884476,0.980467765066797,0.9888428075450536,0.9875834791838645,0.986238702216239,0.984023028153323,0.9906740709050161,0.9931845154891249,0.9926622990284112,0.983707294572609,0.9848979972044732,0.9781004242928291,0.9699826473651326,0.9742854386547842,0.9805765315075763,0.9866708905345414,0.972750869721381,0.9792025678217627,0.9902142075906553,0.9854161400961159,0.9848175596563434,0.9822063745267137,0.9800730781036397,0.9791924496283051,0.9784181735127911,0.9839729134842079,0.9821640158358491,0.9861848399194982,0.9837756861182321,0.986360481121762,0.9858859385872873,0.9872107247943737,0.9874330672048885,0.981436129297935,0.9693078557119803,0.9675247764062583,0.951438503234827,0.9559957305566672,0.9813200583826549,
pre_model_seis2_20250809163915_734.dat---0.9834346896392758,0.9708004830000161,0.991618917696773,0.987268565068794,0.9906062804249148,0.9911052864457814,0.9872333797021595,0.9835617879313896,0.9764669250926371,0.9818867353501348,0.9814855848206322,0.9770571658867874,0.9820837106433207,0.9771817112549904,0.9943211648987306,0.9976233568758788,0.9938920006179854,0.991557888933743,0.9824524447456988,0.973636484033609,0.9771322568694121,0.9701677532818568,0.9728381002044351,0.9726308125407532,0.9660794809288727,0.967148493193137,0.9661795375561166,0.9420592959323397,0.9729155084341548,0.9781847711860797,0.9826533154924085,0.9833461708313084,0.9781593692099432,0.9413364153560897,0.923465002531641,0.9025268116681646,0.972775206303141,0.9776451451836429,0.9862027484602301,0.9711453430601857,0.9605200751111775,0.9746435652780084,
pre_model_seis2_20250809163936_621.dat---0.9770818068941257,0.9696761131500398,0.978623920250445,0.9795904146917397,0.9408247122994016,0.9353657872564194,0.9618904928548007,0.9506330180284319,0.9469570929641259,0.9608574752154576,0.9696440625777637,0.9628265078687285,0.9678415776832247,0.960237418277292,0.9676191656521754,0.9924615672052236,0.9708288387376631,0.9835578839201374,0.9829874855020986,0.9782895726467274,0.9311397952858483,0.9366493822989604,0.9110464476305162,0.9396406033038941,0.9510704262168078,0.9627686876011341,0.958212139149056,0.9500623525937946,0.9610318537861933,0.967127194505774,0.9806284872929429,0.9245279211291303,0.9209457374979676,0.8871281234696605,0.9148080154050797,0.8925261773985201,0.8390291476458535,0.9079092060229359,0.9155375592781757,0.9208077722488249,0.904829230227335,0.9467127115527907,
pre_model_seis1_20250809165457_248.dat---0.9728416161229572,0.9578174017927787,0.96142737163555,0.9576459075512652,0.9727702285598132,0.9560332505762812,0.9492106573273912,0.9635896999761216,0.9756237214062082,0.967403864067538,0.9798789827162697,0.985595447576828,0.9802247226690065,0.9840514386187066,0.9950711790501828,0.9915453138173108,0.9881655077268485,0.9876158396897663,0.9825484028875682,0.9797672303953946,0.9875812420029918,0.9896460764897297,0.9872314434256652,0.9897494691853989,0.9886370847957454,0.9833195713177912,0.9837379262757737,0.978879289991015,0.9803158451525982,0.977932443174112,0.9704172110285111,0.9710188895924926,0.9741340468174493,0.9740145095740607,0.9715646609553408,0.9432307577585484,0.9410462511990774,0.9418501110606912,0.948088312710509,0.9550416928827011,0.9613576527556541,0.9728688359099911,
pre_model_seis1_20250809165430_453.dat---0.9883178709439998,0.9884715451967654,0.9940363220927283,0.9943091795342403,0.9898230795705892,0.9921254412311862,0.9869527109322132,0.9876561922539833,0.9828678857870897,0.9809427657273859,0.9746043980865816,0.9743370244447679,0.9828357254778117,0.9893153524010735,0.99005117480244,0.9934742799184014,0.9907317708634883,0.9946147650296527,0.9937176886324881,0.9912103792571672,0.9973828993939603,0.9917648116980458,0.9925291781477269,0.9935672866468611,0.9932733957692723,0.9912393740138249,0.9923888192312864,0.9909319501093078,0.9925993444804163,0.9924259974370397,0.9861864289230045,0.9904511337380656,0.9824291339214152,0.9694567771187208,0.9648177501959907,0.9604711298411918,0.9779565094923058,0.973379331205445,0.977074689457976,0.9778387291660169,0.9554103117290786,0.9854626959488053,
pre_model_seis1_20250809165451_592.dat---0.9505166747595293,0.9316377501558651,0.9367358798197298,0.9284405612202036,0.8499733662984605,0.8783239132187792,0.7798891271748125,0.8323634328586984,0.8750481700095876,0.8868082676687697,0.9718309578795107,0.9811416649925295,0.9825134486714576,0.9779478725342161,0.9906891460287651,0.9926515111846813,0.9943568204556041,0.9938524101983093,0.9915220565350742,0.9850347473551241,0.9855343979763028,0.976228394906847,0.9797787782083432,0.980011786309259,0.9719592693471627,0.9804260539044726,0.9738162666646567,0.9664094402596458,0.965316235182545,0.9653266998677171,0.9576217000492455,0.9587659553939636,0.9555463683307157,0.9473077750241216,0.9445952722328227,0.9293631143813903,0.9215584562739304,0.9285167829707904,0.9188733216142911,0.9281305808238208,0.8943811320053757,0.9448962331889542,
pre_model_seis1_20250809165457_188.dat---0.9845738310893656,0.985551921092311,0.9814897809899582,0.9806395240796676,0.9815655019331845,0.9831489230168693,0.9758619464822187,0.969192755646647,0.975476266689124,0.9662024047413454,0.986618742363735,0.9874484438903638,0.9891662815388078,0.9903766115727196,0.9933882774577076,0.995225469496376,0.987886287152449,0.9889990626908514,0.995533765345771,0.9735196959982994,0.9756217672940468,0.9354334579102568,0.9489220873805981,0.9067712040900533,0.9085413177711499,0.9183277527296628,0.9319907116872632,0.9343205785246169,0.936494583190985,0.9722512914831132,0.9855302384783122,0.9781013301363165,0.9771405287063963,0.9689889527804513,0.9557493883706561,0.9533468943480037,0.9181027026660808,0.945152247008487,0.9230893378044813,0.945679666346072,0.9370573124044518,0.9641092401068103,
pre_model_seis1_20250816100540_3.dat---0.9577840403017966,0.9533351809610741,0.9740513452639123,0.9582500849605182,0.9569385082739073,0.9528535417838465,0.961619780888046,0.96186185962101,0.9665173982841466,0.9628465976245676,0.9689640410575557,0.9897962848117903,0.9915756237449497,0.9898878614133321,0.9928603771801262,0.9975608830746825,0.9937800240362422,0.9928818681436563,0.9871089485581268,0.9836313007155665,0.9782927422971248,0.9664494951229412,0.9461377182939874,0.9624611732527331,0.9619048699833258,0.9434101441403202,0.9442993576014802,0.9094886915478013,0.925693916033217,0.9168455796408916,0.9424543255274415,0.9525740732667051,0.9466597835620957,0.9381727241256416,0.9396097732476965,0.9629411123363525,0.9564385965013249,0.9687245272501154,0.9486082163098809,0.9618438339737633,0.9538077713182999,0.9614859506349267,
pre_model_seis2_20250809163936_280.dat---0.9815483537482934,0.9788388093617129,0.9443978656798045,0.9802774323854149,0.9810250612693756,0.9757548544250267,0.9862017128407484,0.9830700738247335,0.9777764806406851,0.9733155759128204,0.9632597258698815,0.9449779807321467,0.9596131231370847,0.9631195554306571,0.9474454066447673,0.9633371074925963,0.9835770549756647,0.986374626375291,0.9890623358661376,0.9538353088712819,0.923724351591661,0.9440913617238399,0.9368786580700517,0.9267058443926516,0.9336560062253383,0.9401572158761544,0.9394286739975869,0.9390493413085247,0.9400754874076169,0.9345840725290023,0.9181843300599599,0.9324257023843584,0.9389927914451206,0.9175404191280216,0.9030391537092262,0.9057194798926155,0.9014280999466853,0.8928198969546183,0.9301091715429255,0.9494133892450475,0.9620846743075807,0.9494369894444562,
pre_model_seis2_20250809163912_337.dat---0.9921103671425903,0.9855131272880628,0.9883468296440469,0.9900864160892684,0.9794812006052198,0.9806530179097651,0.9639597211398125,0.9454374779098809,0.9342702511148694,0.8561964853785167,0.8843356766268615,0.9690305166807949,0.9589576650579447,0.9847773185312811,0.9893450683191954,0.9891961401389262,0.9893884327519498,0.9826108321892496,0.9748157252948516,0.968606278640736,0.9504590942612612,0.9675695400991555,0.9766175669834398,0.9758170177915408,0.9742294010821486,0.9675923036054598,0.9569573465893645,0.9367251090609955,0.9316571847831732,0.9285423225685212,0.9398650539562056,0.939702132813513,0.9400698227351948,0.9456162841103998,0.9373704490698916,0.9422026071054199,0.9457850236094029,0.9287936902167931,0.9442204150081789,0.9524581963794445,0.9598366299524816,0.9572977009813611,
pre_model_seis1_20250809165457_514.dat---0.9807482765937553,0.9328284952579786,0.9553725541648508,0.961871059861307,0.9386586483743137,0.9306623730408163,0.9587256437707895,0.9315540345340473,0.9192550273481063,0.9457051589918322,0.970971578899803,0.9699415496636755,0.957641943609099,0.9713758439586028,0.9734218983299407,0.9859983545524823,0.9943081798656463,0.9871345909542947,0.9850096491947561,0.9832883298607343,0.9925085872390069,0.9859753946402188,0.9497587396199401,0.9182534700603535,0.8771268397207138,0.8753655199851897,0.9136225637063784,0.9391240074147853,0.9527112752545086,0.9663411709555718,0.9682732124930812,0.9583902463941018,0.9510845059540585,0.9651196076453649,0.94700998654536,0.9519081804341191,0.9621706026420873,0.9475844583114735,0.948436826739166,0.9426164299335105,0.9570360283038154,0.953777825483406,
pre_model_seis1_20250809165430_394.dat---0.8890685130301046,0.7911249245887699,0.8586879746637452,0.8762417133847196,0.9207585499463611,0.926012046164631,0.8856590110807099,0.9256986280353342,0.9536069642652127,0.970005979079561,0.9711692733446128,0.9685573592514843,0.9832155866373935,0.9852003450963023,0.9806869380078899,0.9772609215568595,0.9742235108303607,0.9709644490423489,0.9683830900688594,0.9546192062217719,0.9524693782703255,0.9564988285447559,0.9374823140287539,0.9291076324687083,0.8907064834568057,0.8650006368618404,0.8354960746906174,0.8770962147552279,0.9227785968116332,0.9465695864017659,0.955200609831783,0.9372257770879572,0.9218023911737231,0.9117503161735468,0.9292270441201298,0.9210805118463881,0.9127321762550539,0.9425374456698532,0.9304065818039308,0.9238417591977159,0.913484130388549,0.9278936457106366,
pre_model_seis1_20250809165448_652.dat---0.9682260255405523,0.9882673794625084,0.9688493179911041,0.9774525959318033,0.9583429173996033,0.9284804300776048,0.9420749074871283,0.8810400741706351,0.7939939684374303,0.6834792956139644,0.7654741663279268,0.7665441034607532,0.8712273102113844,0.933275957643568,0.9676444063505222,0.9685549647103394,0.9841402427160537,0.9818374051831048,0.9786354788231386,0.965469135537894,0.9524463646692647,0.9432400493372171,0.9382409153384528,0.9006272801651845,0.8992030724754375,0.8958646096889018,0.9390842343428898,0.9233880969526552,0.9312169075838508,0.9421890327192957,0.9557256158124479,0.9384462476724402,0.9295443075727917,0.9326392972085845,0.9311851825645499,0.931168619466227,0.9313899638195854,0.9302139196204934,0.9265498643379702,0.8921554579835328,0.8846865258521234,0.9200540402014858,
pre_model_seis2_20250809163927_164.dat---0.9977188972979654,0.9962161952732621,0.9967472034781066,0.9960205098519737,0.9956247540325168,0.992289154051766,0.9930195853053756,0.9919408147629609,0.9874777024633608,0.9859103697226822,0.9836736680391897,0.9763197835526429,0.9761537617062134,0.98861479997713,0.9903425322673246,0.9915181211129175,0.9907534575078906,0.9874519532070419,0.97988868484576,0.9898766431794896,0.992195548538505,0.9903539097969143,0.9935552234474345,0.9871897200226639,0.9829661123245974,0.984440169049898,0.9908049694293182,0.9861465515972956,0.989145716770507,0.9879310681906986,0.9868820677355342,0.9866980820608596,0.9848326488748304,0.9805864172923298,0.9585711539734758,0.9429958792883397,0.9124467969402604,0.898963862004014,0.8927033595795916,0.8710753630692619,0.8622666669982276,0.974397801917564,
pre_model_seis2_20250809163915_533.dat---0.9872504597771046,0.9864350689204893,0.9913557911346056,0.9835784049593093,0.9852150916858634,0.9839895490466773,0.9761473931383714,0.9737288694754362,0.9625801069567416,0.9728666254977414,0.9735472039849992,0.9551171319620425,0.9397959222304025,0.9364099091181721,0.9358101845747215,0.9166568324772777,0.9538782427901613,0.9655987859321594,0.9255568353138685,0.9177379873389461,0.9346195932770281,0.901754345934012,0.9257778642155381,0.9096966059795318,0.9493613397157536,0.9607461656118191,0.974118323343789,0.9699655027060451,0.9643906306846768,0.972687060363764,0.9569304521555231,0.9640346112683946,0.9706053077518986,0.9516718234197192,0.9555286725465654,0.9418061618637347,0.9828220884915835,0.9792543189989321,0.9780209110217072,0.9760908638650522,0.9728732907101879,0.9589271300058623,
pre_model_seis1_20250809165457_648.dat---0.9839533521379423,0.9829779359399854,0.9866293760625167,0.9856419013809014,0.9849965290951808,0.9780486402413289,0.9740740583868709,0.983518784081912,0.9818719806649221,0.9855584190495141,0.9891735255513215,0.9897110903737377,0.9901030628540524,0.9943537573912026,0.9980243368169893,0.9933866595922881,0.9854802246258665,0.9803781616563891,0.978784559202103,0.9758584663323797,0.9793645161009724,0.9851572633821666,0.9896018890514566,0.9851192952312674,0.9828295305383786,0.9709959235560153,0.9752599458946053,0.9734221802205814,0.9683161585141961,0.970527257474275,0.9626564671592535,0.9395170842744306,0.9377624401816886,0.9259664720223969,0.9339455807264667,0.9341538963531056,0.898905402139365,0.916913796367513,0.8656771968372564,0.909758587028669,0.9206506843191534,0.966561619239283,
pre_model_seis2_20250809163915_267.dat---0.9810593765704669,0.9870993863615022,0.9641451905200542,0.9858698647430051,0.9862442889535743,0.9807029506608895,0.9824410817931866,0.9871749325860936,0.9887830594362683,0.9899918457523177,0.991166293749058,0.9911284737038357,0.9914948480683767,0.9958106241276037,0.9955179197094043,0.9784855082045882,0.9837676895935781,0.9857129785938494,0.9812083136386773,0.979932647264164,0.9750061800390484,0.9604189759027504,0.9608569749919492,0.966380270810342,0.9784673735389786,0.9875583321381387,0.9836299143393141,0.9740459943255023,0.9641538468048073,0.9487491733015354,0.9507019388518635,0.9668984353154025,0.9630543372122525,0.9608932279323207,0.9576695927312671,0.9526340694412443,0.9503741783069789,0.9506946815767152,0.9537390680839708,0.9614896222950187,0.9633797387077495,0.9741105658701866,
pre_model_seis1_20250809165439_894.dat---0.9792288950293754,0.9891477331581892,0.9832594037941867,0.9912203951331636,0.9901650481774533,0.99391557983072,0.9940761695212188,0.9945400304985278,0.9920451717428342,0.9933503691170967,0.9935202976678824,0.992143321782654,0.9913082557134183,0.9890511101521897,0.9931373217389863,0.9984588774655498,0.997947927742129,0.9977226941862928,0.9950654633502337,0.9931809606520418,0.9941700259681879,0.9937167393509996,0.9943834614006276,0.990643764014625,0.9898135388379965,0.9860255121637382,0.9873271403704782,0.9832522508511591,0.9850545521316029,0.9828551111996953,0.9739310764320938,0.9716804101063449,0.9725151622128703,0.9717593616343938,0.9776738903752845,0.9709009944679295,0.9688116269147806,0.9561768259816343,0.9364786345026662,0.956594234834475,0.9480032519735024,0.983762258345835,
pre_model_seis1_20250809165442_797.dat---0.9927606289825271,0.9920941546228382,0.9905535196274858,0.9869528029940153,0.9846637748220486,0.9889290494090119,0.9851669743841075,0.9836183341975214,0.9815254851281199,0.9833586047738594,0.9765622870902085,0.9787582716164159,0.9749980201188496,0.9752846890540334,0.9946394658196487,0.996412157355996,0.9878555031105389,0.9931881567797074,0.9877719071652823,0.9822637302007983,0.9802033362731188,0.986239230257371,0.9844207013520558,0.9668140715714908,0.9620612603350003,0.9646216538516391,0.9707440109827837,0.9457119127588797,0.9529202809212394,0.9346087472281999,0.9534254803404192,0.9316584360547059,0.8944923731197386,0.9025197581640588,0.9025557924014677,0.9282731090657269,0.9299961325388133,0.9318831863156035,0.9092501423671844,0.9271777407332936,0.9197816621045173,0.9633345496583006,
pre_model_seis1_20250809165448_380.dat---0.9854605712105228,0.9935227596490426,0.9918976091311876,0.991123103927049,0.992121124137274,0.9942573762101263,0.9950333331538952,0.9955019531934999,0.9947888604639021,0.9963105938556928,0.9973515298486394,0.9979817992562531,0.9988869704012638,0.9926400158117885,0.9937277085406447,0.993813304724344,0.9923416139443134,0.9946069800883766,0.997122886453822,0.9972594968061109,0.9967016712572901,0.9970511160095173,0.9965760743072871,0.9957235828571573,0.9951067829247563,0.9919868401974776,0.9861262517529883,0.9870108928502221,0.989860412407168,0.9957105087707043,0.9968568530084875,0.9939270553857888,0.9852683105288889,0.9853058685366117,0.9825151408386745,0.9819031207305385,0.9823293174210154,0.980282224265837,0.9781153010153294,0.985955454855686,0.9765420012578587,0.9913805944387081,
pre_model_seis2_20250809163939_507.dat---0.9900377415644396,0.9864175001223237,0.9920164368370324,0.9893294851821216,0.9934053838384743,0.9881579215207311,0.9912973283725032,0.9879615698984512,0.9900631199543014,0.9899115432278089,0.9847983586115672,0.9902696922141272,0.9880876266749764,0.9881874930975976,0.9899866674713271,0.9906871796967084,0.9897656706855374,0.9903952684885947,0.9733157949302422,0.9943764005477518,0.9849404602754784,0.9676931044348218,0.9694068763885043,0.9840423757963873,0.9872369008276397,0.9874521623003079,0.9853587267386378,0.9855837794932626,0.9690996584304373,0.9656694416399886,0.9473342040370364,0.9635629639828903,0.9761941266683213,0.9653770907426732,0.9780629136090243,0.9771357178575969,0.971904323736117,0.9747384887257278,0.9704047745530868,0.968281947100022,0.9643395925016047,0.9810314100677119,
pre_model_seis1_20250809165448_751.dat---0.9688955352976104,0.9550376494333809,0.9752035731806648,0.9845436406318617,0.9660094812609366,0.9668326527060629,0.9788698406435816,0.9683614465086655,0.9482210750038219,0.9591140556409056,0.9437256167191805,0.9296670831534284,0.9609086974422147,0.9609650592167542,0.9788351040968091,0.9940684269362038,0.9886687008976054,0.974001725841218,0.9899037408344467,0.9786003435601452,0.9499521763335839,0.9386827144618999,0.9283817346363232,0.9443234653129832,0.8985515236678905,0.9037383107557833,0.9012650410685186,0.9077561841342691,0.8883261675823033,0.8166791586832588,0.8761820160694989,0.8828564191077218,0.8474146895118267,0.8874795250478122,0.8973328431789377,0.8880424112408963,0.8996331342799999,0.918554037490408,0.9198468982807086,0.9200103756041639,0.9182894624134912,0.9342373594601899,
pre_model_seis1_20250809165448_577.dat---0.9549455324505037,0.9826412702114681,0.9865227640388299,0.9903956297227936,0.9861166434100266,0.9779437609816057,0.9800453091858901,0.9722853407969304,0.9785002275708389,0.9731267937573639,0.9749435360537183,0.9753355025105531,0.9823896175845899,0.9961148103929734,0.9852496559445671,0.9606509988806403,0.9687725278399681,0.950323915517722,0.9318868338212069,0.9646255641638417,0.9780747112873512,0.984616842767824,0.9890728863664094,0.9853546310503299,0.9733284992327783,0.9683897259808285,0.9466929261083604,0.9490336573325883,0.9462957492022177,0.9626996368056927,0.9600840016289389,0.9334669864599933,0.9210796028111609,0.8983666781264568,0.8606595343205448,0.8903062087007513,0.9251149497232877,0.9080372415001152,0.8929715153638269,0.8922477897592469,0.8767600345734201,0.9540358547301988,
pre_model_seis1_20250816100528_40.dat---0.9729067796751569,0.9888183511363546,0.9886211111489859,0.9812640139352259,0.9810871771907499,0.9800976128793829,0.9789249988044096,0.9805978937855655,0.9709573183847472,0.9718152994699354,0.9710510202582688,0.9739613473529015,0.969014726630265,0.9918291219470057,0.9939904465050573,0.9972834710711997,0.9979238291754207,0.9945613906022457,0.9919602093327673,0.9786411898068915,0.9791005872849026,0.9778709360319903,0.9870638209570627,0.9736456702322,0.9443166158082947,0.9332256218927898,0.9260188529810573,0.9163287868998599,0.9182889850074837,0.9266642747301748,0.9243501550669342,0.9217491885511928,0.9280139388943864,0.9306547514051059,0.9378572201777466,0.9217182009977936,0.9236353897672114,0.9242278302387169,0.9275681251438551,0.9401273317798851,0.9527739228436309,0.9602562808728003,
pre_model_seis1_20250809165436_386.dat---0.9883447151763707,0.9848287649124001,0.9908708997515673,0.9802945988351093,0.9882413329914523,0.9852199938852362,0.9834698749763032,0.9853312057044983,0.9764408813322041,0.9748585586008102,0.9533526747087625,0.9733061519233273,0.989529617594668,0.9921138410229289,0.9931380347477635,0.9937331505226508,0.9914032076491133,0.9854401244241211,0.9863687809167108,0.9859536526522388,0.9833836352913173,0.9814064176763514,0.9723131062742562,0.9678684708159715,0.9620656034474985,0.9620749312452338,0.9571655113633882,0.9600898182914155,0.9565130171252423,0.9456069994731501,0.9541298358011349,0.9378960335008683,0.9331343218117764,0.9350048738337287,0.9488315504325324,0.9312350064054176,0.9383891842290348,0.9452928253369101,0.9531861911766969,0.9591882584978563,0.963553246526743,0.9690382658752378,
pre_model_seis1_20250809165454_376.dat---0.9773668892739172,0.95975803943284,0.9796065737841158,0.9751647239063846,0.9834564648493698,0.9826550627277751,0.9777628949189678,0.9680555159506388,0.968903402288235,0.9883571529837464,0.9803467726346611,0.9699686610180005,0.9553202032669995,0.988304329569449,0.9745254539292797,0.9830700961257373,0.9876856440017953,0.9937423802491702,0.9953179146048003,0.9930623711943616,0.9937371215860888,0.9902575457124333,0.9862107665128135,0.982713907139006,0.9810296914643284,0.9774775296251403,0.9730565088914184,0.9747621045644566,0.960676900957755,0.9460951972775241,0.9593716856924159,0.9611899238263798,0.9473735701650527,0.9263866610175223,0.9479022626569488,0.95049721403856,0.9453681559847178,0.9424839306587512,0.9110925686692302,0.8990134865395891,0.9139708149171273,0.9671487340148174,
pre_model_seis2_20250809163918_272.dat---0.9679987088493295,0.9691559580890882,0.9694301420588197,0.972971888068421,0.9705945059439159,0.9673169714758167,0.9682175482578086,0.9571953877167221,0.9650590937062845,0.9660654096733161,0.9727075710263918,0.9694625493785061,0.9777006651948609,0.9840122048923337,0.996523742608006,0.9951877003712364,0.9953722344282282,0.9950972332097101,0.9939066414023906,0.9928055043504966,0.990131060145674,0.9911142100272841,0.9921247167460427,0.9890596425712771,0.9865631995845321,0.9821615520041704,0.9800936831020639,0.9783798517114998,0.9772889986213898,0.9749130925341936,0.9761430600529591,0.9891488210457571,0.9901551909203964,0.992022995859577,0.9856599206708864,0.9822423149980046,0.9808221144750023,0.9743181036272184,0.9702472597167547,0.9687838516084794,0.9723550110209872,0.9797685441889227,
pre_model_seis2_20250809163918_271.dat---0.9794221789163173,0.975238915803909,0.9813380933850777,0.9799485946643764,0.9772964488518376,0.9697226869915776,0.9726847144294537,0.9725352163534019,0.9847729616645551,0.9855598636608486,0.9951008936242173,0.9953308864781393,0.9959109775174309,0.9926531435896396,0.9922868193239605,0.9866720414801461,0.9880129336077492,0.9738910503565916,0.9771926058724747,0.9740720030685297,0.9746906510352094,0.9834578649931021,0.986427917934348,0.9847212077427657,0.9742893127741092,0.9681752276189732,0.9545813507362411,0.9656261397087749,0.9555263149712072,0.9621688832911666,0.9479329850654976,0.9362271035647671,0.9190740520515629,0.9343400589655276,0.9395439766761661,0.9241908227832294,0.9448477735491883,0.9371088918539733,0.9191710210730197,0.8834575191963334,0.8700739551316811,0.9637872209843187,
pre_model_seis1_20250809165433_564.dat---0.9849859777284841,0.9899420767775546,0.9886370611868166,0.9904979775242757,0.9923952715401125,0.9897836099572529,0.985180301932771,0.9855544732092338,0.9830579293520676,0.9856567396740336,0.9823962127802114,0.9816182173617571,0.9723359588777559,0.973327274704959,0.9607217700203866,0.961171518437019,0.9614142712222932,0.9907885101693842,0.9945917506296459,0.9844594219985765,0.9818494562464006,0.9936637779788396,0.9915484159382908,0.9919857565333273,0.9753995222852844,0.9445975710581573,0.9575600717183547,0.9548387951076744,0.9486391545711006,0.926136793425788,0.9399027534620821,0.931962046291039,0.938847312689804,0.9563213276623906,0.9653020105103561,0.941498693663373,0.9513059821682435,0.9457521156821134,0.9576590544286578,0.9570690674611133,0.9564368194337448,0.9694339713024566,
pre_model_seis2_20250809163918_86.dat---0.9667757644306663,0.9555381679339646,0.9732636641980476,0.9597251412712855,0.9799382651132849,0.9826739639239777,0.9766720528655928,0.9742547073576269,0.9752459687416271,0.9721724810874335,0.9648702853421974,0.9713967940070328,0.9571874364343789,0.9591364496092638,0.9885677886512177,0.9883287894178573,0.9952320786738617,0.9751387329836997,0.9492753329953437,0.9663575560161706,0.9550455210537412,0.9542115334166833,0.9718604489451779,0.9576289434603286,0.9693453739240016,0.9656116072679947,0.9657952472342616,0.9496336050336809,0.9524218093804171,0.9701723636967265,0.9715537669259464,0.9652134067666743,0.9553384207052578,0.93434884105253,0.969163339514498,0.9802718333950637,0.9664604630106298,0.970919046302953,0.9573805776684646,0.9333116796640681,0.9258444073474035,0.9652020404102689,
pre_model_seis2_20250809163912_27.dat---0.9795839425513043,0.9902077907951203,0.9923962047048276,0.993225147961234,0.9908688472673228,0.9920836925977098,0.990003400857597,0.9816095332823482,0.977985548013227,0.9662887830449212,0.9684693148995946,0.9555358211958439,0.9644520224241819,0.9812756033929887,0.9796739380882983,0.9894617643700905,0.9923933217600064,0.9930191419549117,0.9934579549528262,0.9922797438782381,0.9949759734043175,0.9914596316438008,0.9839208899790476,0.9890702567555262,0.9851621104163066,0.9721092729080785,0.9666307139743388,0.9588458381069142,0.965252680816017,0.9542306284720626,0.9611060180685288,0.9538890224617156,0.9613821707052991,0.9526452942702787,0.9528875871314089,0.9640773441604955,0.9625979396601996,0.965765441475494,0.964198849752715,0.9685361076559227,0.9865529884323774,0.976087031176669,
pre_model_seis1_20250809165430_436.dat---0.9873750248900839,0.9820891182924875,0.9886340426369422,0.9794559513942906,0.9856408566119153,0.980019768153293,0.9772630736746301,0.9714809627144815,0.9622345087306675,0.938601033137144,0.9407660956856256,0.9526486969068276,0.951786789446523,0.9680622618522274,0.978272163674445,0.9810040530273809,0.9831708506986302,0.9789746816860544,0.9702700670942878,0.9704278589017235,0.9592444618586374,0.9455180990081986,0.9457960066377847,0.9563344409906285,0.9285900161723626,0.9520811491627218,0.9169418391168103,0.9084346375371407,0.9245258644401557,0.9009407214831667,0.8977907915136265,0.9201460586757565,0.9268110656960767,0.911361513498456,0.9057145715115205,0.8942471993314858,0.8744299616921636,0.8734735688615604,0.8501291325097914,0.8371273297370015,0.8861657705953042,0.940097123396098,
pre_model_seis1_20250809165445_120.dat---0.9566608551673158,0.9743322375337264,0.9752538942881662,0.9702451484513854,0.9789596542734236,0.9640371651501253,0.9622224687331634,0.9799803307920439,0.9571877634284567,0.9789030081205458,0.9749310750122545,0.9821600140477714,0.9760795144778911,0.9732015324302679,0.9593955393268583,0.9659442351439376,0.9836697341077503,0.9824785058392332,0.9846497518279876,0.9782362838547548,0.994293741689504,0.9892220596905124,0.9880535105646187,0.9710310367052837,0.9545455129881092,0.9518017384089579,0.9728107357207213,0.9779959329641765,0.9750078750335438,0.983329284388473,0.9836528356633013,0.9834406886147599,0.9728127063556309,0.9486101574467712,0.9578193719632611,0.943888760724251,0.9351224637775046,0.9287556169177991,0.9109729248676556,0.9248312372923764,0.9056807490692074,0.9661514061671577,
pre_model_seis2_20250809163915_618.dat---0.9918926774040374,0.9891081398665386,0.985328275091339,0.9857656136082615,0.9845849373073048,0.9826049812722061,0.9807856298481832,0.9788330461671292,0.9817573454770804,0.9859838592759239,0.988024949750808,0.9856990615568282,0.9843949786127243,0.9856390018660134,0.9873100556402783,0.9871292309485515,0.9919792685853616,0.9903380564405078,0.9908442877332241,0.9892193525679422,0.9871968711299237,0.9808573574647363,0.969301026273442,0.9721869718947721,0.9822210363486594,0.9778334935389674,0.9773438493461377,0.9777309568907404,0.9697193396709598,0.9741754454675792,0.9637736251313398,0.9631502486703243,0.9530251720188169,0.9547045681011846,0.9451570141850624,0.9570561411642109,0.9491200849266059,0.9350736961761371,0.9384043803439066,0.9541111345397635,0.9574494473490132,0.9748003563329886,
pre_model_seis2_20250809163912_13.dat---0.9555520226498411,0.9931038822946776,0.9884492873032652,0.9936236680035079,0.9938909441742872,0.9927884518528027,0.9946559888921258,0.9905025915793525,0.9931661932353513,0.9862283353431093,0.9852450131275139,0.9922714761064247,0.9923515568584312,0.9933579996653075,0.9943250545281751,0.9905541220753985,0.989171709114461,0.9950318725673898,0.990094728982599,0.9809396608799581,0.980676043639602,0.9859564541303615,0.9809389302823457,0.9795258273364349,0.97917014737132,0.9867165304109553,0.9864700814146954,0.9826663668297281,0.9792955374455498,0.9742331966570801,0.9760535728698835,0.973207185982209,0.9705524143579967,0.9593312189515376,0.9485532674637402,0.9411981613638161,0.9583608072451494,0.9590835120251054,0.9767149998177075,0.9829805649075259,0.9808753859206264,0.9811674333087157,
pre_model_seis2_20250809163915_595.dat---0.9681708554573546,0.9809030339281773,0.9771246700661632,0.9851425144273808,0.9754663176504736,0.9763763052592356,0.9765609596844067,0.9737001261017526,0.9749688539544964,0.978169800319294,0.9825112986301353,0.9850011441303409,0.9834715612077386,0.9653462661987262,0.9692991847492725,0.9786892300695017,0.9705893074060775,0.978827750964103,0.9738447625030789,0.9729207580249454,0.9573709999821904,0.9673835771946755,0.9593378380949137,0.9714228472889134,0.9719647058749339,0.9752091193819563,0.9730575552961166,0.9766918815160757,0.975441704408727,0.9767475147799989,0.9742179982290771,0.9728651196360949,0.9681344881249605,0.9504719137517618,0.9445419321954291,0.9519054821928812,0.9430183453704304,0.9580461118866729,0.9627580988555502,0.9675244110653913,0.9694694067894111,0.9706016037231415,
pre_model_seis2_20250809163927_92.dat---0.9197340026958118,0.9652326369281571,0.9785959263108645,0.9317830701238625,0.9297993294655775,0.9600554366319146,0.9428586586732658,0.9199729000986999,0.892998255702979,0.9071159742563165,0.8424710152722208,0.8329654553820978,0.9406043552801959,0.960691613858011,0.9611916866865913,0.9654546119246677,0.9634100365799936,0.953019315638743,0.987670405449519,0.9898957897464041,0.9849060367243362,0.9780629463939138,0.9744108081694762,0.9697701890184807,0.9704315878661562,0.9530341030403144,0.9512070363144388,0.9327514154749662,0.9344766275042387,0.9402219188179087,0.9426107094776144,0.9448116560710113,0.9419951627351176,0.9339188430506787,0.9343663501297752,0.9308188267891644,0.9246036566531618,0.9289424194256206,0.9064936713570848,0.9207465088487137,0.916206932496042,0.9404953142210759,
pre_model_seis2_20250809163918_7.dat---0.9809560890328575,0.9848498763520404,0.9855055134925887,0.97971488492173,0.9807629628064778,0.974607166077623,0.9798844702333226,0.9793453605456477,0.9719563302200758,0.9533058145603603,0.9523334673783856,0.9292478578297744,0.8982574142910275,0.8897423498707693,0.8953165480842468,0.9061235730891856,0.878798765802813,0.9165370208193011,0.9159648144751653,0.9094005298034676,0.9509794467298743,0.9544439116029151,0.9559525114555317,0.9418068181306595,0.9610594387812864,0.9420411653150176,0.9358404934548054,0.9288200859168851,0.9495456900844172,0.9407115362617336,0.950207914640801,0.95002385250037,0.9489726195703857,0.9630537327648844,0.9656862289791717,0.9596526798081587,0.9610147033382817,0.9521461873264918,0.9564756983969711,0.9575068068040579,0.9553876673118877,0.9474131707039377,
pre_model_seis1_20250809165430_118.dat---0.9682811173681857,0.9615874057551592,0.9556527832448218,0.9826470355273726,0.9730895693499478,0.9826249961452159,0.989776808824116,0.9897485193758361,0.9752926336768514,0.9642479235538832,0.9752291310960524,0.9803476902985805,0.9870317226246117,0.9950390058550722,0.9946969568248452,0.9973112178004747,0.9944785471488273,0.9925884232082866,0.96707671556902,0.9503343723107343,0.9510238055957011,0.9540504450199435,0.960938446953917,0.9428810773136015,0.9607248954511969,0.9534334046680114,0.9267867512173207,0.9191368828254889,0.9286983577640765,0.9159003777876332,0.918643549722807,0.9207334444983817,0.9532277030929015,0.9553100790417047,0.9832812520254911,0.9874881018248199,0.9843345422061088,0.9548956288265438,0.9360092933864175,0.8807223703363269,0.8590623296270263,0.9591308613352029,
pre_model_seis1_20250809165439_377.dat---0.9719159108686786,0.9806860001720261,0.9889460933655551,0.9863911972501829,0.9860238975251153,0.9806908163912458,0.9610534353310244,0.9377328314795088,0.9086405893795291,0.875561382908092,0.8831326239464918,0.8905309540741054,0.9364726540126129,0.9416739392895129,0.9519213609281485,0.9375643731842985,0.9287698824167335,0.9203791144795187,0.8982131631089381,0.7956424628954176,0.807225547284754,0.7798194585041369,0.8297521972119125,0.9275907591698702,0.8845030208960055,0.830852557058621,0.745405837264347,0.8177176252469913,0.8293637410303057,0.8485696158586302,0.8006077815867009,0.8426569322575937,0.8832317442611896,0.8122267438273839,0.9081533199689825,0.885516437565605,0.9390216859883095,0.9560017353499521,0.9732874730528566,0.9708350941060984,0.9695466633353507,0.9000933818007887,
pre_model_seis2_20250809163918_249.dat---0.9808046436432821,0.9837942381552067,0.9858414134466565,0.9841493389495629,0.980716332323213,0.9760263285630012,0.9689540615255818,0.9705368115963976,0.9631824474680187,0.9897054133254295,0.9898652240653066,0.9909183169133702,0.9955824900040314,0.9959834393678788,0.9961936600780028,0.9835822612957499,0.9727071060320985,0.9730800391023172,0.9647594760571561,0.9473255562237947,0.9538373716151369,0.9428693798781924,0.9457947595567678,0.9427309872271923,0.8933499168253742,0.9292976053024952,0.9296040659236633,0.9553564225104046,0.9229754105452084,0.9207558773892663,0.9455108459087115,0.9082261567100143,0.9204234774931802,0.9501872675549532,0.9161818225256589,0.9513868326458855,0.932002846458465,0.9624519016720288,0.9619619648085848,0.953479262852427,0.9712454257988467,0.9586180048619151,
pre_model_seis1_20250809165439_779.dat---0.9830789758237282,0.9800018243328295,0.9902868090942925,0.9897744544995863,0.9883665129977026,0.9830752767419526,0.9836088502845494,0.9730369078614476,0.9748231820601656,0.9724943861221275,0.9672665529496014,0.9455417713934617,0.9314188592665992,0.9611724011562277,0.9603393232550208,0.9666646438493367,0.963789684425932,0.9629374790625626,0.9692330393625856,0.977914524804296,0.973859224431057,0.9698305948573952,0.9752783317664758,0.9776654409400579,0.970397570456686,0.9635071244259924,0.947546959624943,0.9532539580133789,0.9380820038555384,0.9328145375511411,0.9176823043231568,0.8869857444311615,0.8793095904913926,0.8366057976643485,0.7162801577391213,0.5682931024923201,0.6266076444728363,0.3875913024710848,0.45698035627559414,0.4540600239584508,0.3964272092634981,0.8818020594841374,
pre_model_seis1_20250809165451_341.dat---0.9907436411067713,0.9866517085092297,0.985768680459556,0.983402177587442,0.9764279441705137,0.973857989724214,0.9639871667221274,0.9653857248997962,0.9808114808500177,0.9803817151424935,0.9798927323684284,0.9809560988824576,0.9837848863672572,0.9826771724163176,0.9779661725930012,0.9870415517794803,0.9876974928325785,0.9969815973006553,0.9975702137259607,0.9908384718913508,0.9927788084004677,0.9909653256685024,0.9928620103137445,0.9885736128087168,0.9845149058324077,0.9776381219475576,0.9725350156415314,0.9734185334486756,0.9712277432149331,0.9738108363541603,0.9672605751413926,0.9442584082748132,0.9413737491215182,0.9308140944953888,0.9133879670513875,0.921510836087138,0.912357517977813,0.9230415774926843,0.9236300810117483,0.9312071379969311,0.9397758760263599,0.968774813503354,
pre_model_seis2_20250809163924_548.dat---0.889846034648957,0.8660648576807902,0.909145366324603,0.8775474764381391,0.9352669375912893,0.8785063014965748,0.9375507648704946,0.9676653138476161,0.9763538728021574,0.9796575794307302,0.9897034660941142,0.9927187717493844,0.9938797708806374,0.9955192520855215,0.9943181592457598,0.9950134057479203,0.996796121255613,0.9939752227909407,0.9926112449321679,0.9930156797965978,0.9918887518499109,0.9947324086493179,0.9921486634787362,0.9849722747735479,0.9775800767317439,0.977978650531002,0.9755153547983277,0.9730925451687887,0.9645937320522828,0.947486265392802,0.9374649733169891,0.9505554145618664,0.9311698454291253,0.9218632898571376,0.9177726256107283,0.9395685921625789,0.9420785552984313,0.9443769185662105,0.9396659948554308,0.9422674202227314,0.9255494892658584,0.9567677424947213,
pre_model_seis1_20250809165448_500.dat---0.9812701209800027,0.9859509527072279,0.978638032531764,0.9853790031588677,0.9941536703204966,0.9935651897598333,0.9912655381570019,0.9894474147957263,0.9874598545826311,0.9838313948109876,0.9719046252815595,0.9436842334620079,0.9598086725131044,0.8992217525969362,0.9186349077593322,0.9234586455017338,0.9191140777351382,0.9534213277077045,0.9529517888379097,0.9176508446717667,0.9020053710532925,0.933957866510559,0.9343751943902596,0.9154064822663067,0.8527595087454711,0.8405318347018589,0.8691692259302946,0.8713577844109077,0.8298599761898723,0.8609671144233598,0.860844327932983,0.7819526723459613,0.8236540670381942,0.8056368883429309,0.7542161631894974,0.8365643275774742,0.758843126447822,0.7825504633312879,0.8489464463198305,0.8033689563609312,0.8263550333833296,0.900588655579614,
pre_model_seis1_20250809165439_290.dat---0.9759767921016299,0.9735543912419472,0.9880545742322161,0.9825870655477262,0.9783254062086965,0.9719871026497022,0.9402184203103199,0.8978012685014091,0.908957740739561,0.9384434933678177,0.9579140202804309,0.9791078019560499,0.9785470116399425,0.9851565862457553,0.9853052707043339,0.9859384840958477,0.9840815369973077,0.9752339278796429,0.9589320388414809,0.8888338002747957,0.9109251297943776,0.8593261105867195,0.8714039059591422,0.8114750344936373,0.8536008784525946,0.8501441657872615,0.8616385830191996,0.8350926848258996,0.900147873993335,0.9029626516273468,0.878759977785005,0.869243508461319,0.8611782926651876,0.91188633584172,0.9041833303923221,0.8995020792178683,0.8769362919998658,0.8444406362256134,0.8770215084832698,0.8339093683792076,0.8557489438157567,0.9147435128200796,
pre_model_seis1_20250809165439_843.dat---0.9792125787243603,0.9791389501908201,0.9714305442047034,0.967466826022197,0.9657179407737181,0.9662934904302408,0.9524833802038943,0.9558934337673277,0.9343910081955682,0.966411766776633,0.9625533664664062,0.9718905363718878,0.9799454439870501,0.9847877489097399,0.9861562900647962,0.9863237045823352,0.9834595977080417,0.9623597374931581,0.978565892985618,0.9730862240076363,0.9769408092586758,0.9794528158731491,0.9808974362923176,0.9767055804839975,0.9561974167386064,0.9541125290497229,0.9658676208036634,0.962583698482937,0.9421374523111681,0.931198711873257,0.9428704702508675,0.9277323360941028,0.9352318356368813,0.9434697847344992,0.9226584176326693,0.9322725246204084,0.9124419561587089,0.9171667051802986,0.8936318358947988,0.9074521892325988,0.895283571123425,0.9552164429168999,
pre_model_seis2_20250809163924_729.dat---0.9326305490673776,0.9770225006618893,0.9633743903927202,0.962511305657947,0.9494507810256615,0.9475004526801115,0.927984988050764,0.8523213063233949,0.8182346555407249,0.8366778668283089,0.8838927280128981,0.9049613385755804,0.9521419965162456,0.958774599284656,0.9901407096692705,0.9838710884597114,0.9854972624492994,0.9758275060653254,0.9895186388365668,0.9970925344707274,0.9949147962163415,0.979882154085489,0.974946384890953,0.9776859186526616,0.9756365656610865,0.9903007882487159,0.9924696022764689,0.9886743394288743,0.9877657054604781,0.9705384538580328,0.9711481157226212,0.948601373637336,0.9553316484703972,0.9239632052920919,0.9300842064717407,0.9280664544345704,0.9295603110162293,0.9191360943415482,0.9231000325829675,0.9440471715451221,0.9380622905850119,0.9495937271084859,
pre_model_seis2_20250809163918_0.dat---0.9785556948613677,0.991307877222316,0.9865885397602062,0.987028022678703,0.987262409376997,0.9860933316711419,0.9860329452495235,0.985993530615472,0.9891517909108791,0.9909780338580294,0.9968461023467071,0.9928403367689913,0.9731721106071818,0.9352784088410021,0.9712046215200405,0.9849286451070539,0.9915610796724525,0.9928964975063846,0.992901391821863,0.9943305798052663,0.9837095698912377,0.9842928455934689,0.9854187341771279,0.9808681446163684,0.9791916134118674,0.9789042252549597,0.9792548579256048,0.9737428998640482,0.9711685020317645,0.9612937732701278,0.9676124585448654,0.9632572952691604,0.9422356882993118,0.94903141358023,0.9475156700538598,0.9372131553365115,0.9594237866793229,0.969021615190419,0.970553471726352,0.9791635258794947,0.9837259772094438,0.9766231993660276,
pre_model_seis2_20250816100700_78.dat---0.973111506193172,0.9644966466789329,0.9750726294536469,0.9645293614126325,0.9777061529918903,0.9718966057635379,0.9338044174662375,0.9529865500906289,0.9454981444546756,0.9555219573930236,0.9277856602615149,0.9765440493968992,0.9872959884209477,0.9884914345220461,0.9834424785253584,0.9889493098794437,0.9932970304758696,0.9920128286595218,0.988571253371868,0.9894659564574737,0.9928994535016126,0.9944201656877646,0.9900682126326372,0.9892280459358486,0.9876075113828174,0.9857482995404991,0.9850102816540871,0.9804349109276631,0.9836008758589833,0.9856109587199025,0.9844239710706818,0.9814519321647349,0.9843077402108911,0.9836074411652799,0.9636860280510483,0.9679194965808936,0.9465058828036464,0.9444148082223873,0.9220774314163949,0.9395095677852942,0.9323868332712227,0.9720829222061859,
pre_model_seis1_20250809165433_550.dat---0.982834401901623,0.9761901690038243,0.9849147710139649,0.9852169846965664,0.9830363744646322,0.9660034407367393,0.9542687805286992,0.9570683302015276,0.9411095937966018,0.9373661127245788,0.9085940331568554,0.9463450349626689,0.9524150089307916,0.9723769047524796,0.9264194346236483,0.9417110114773065,0.9591314347161988,0.9714089648829031,0.9557453698762334,0.897861264063901,0.9312968770319604,0.8939983255345617,0.9171315089773775,0.8569802421439757,0.8867377708004902,0.9100446761162989,0.8850655818536822,0.9026038178384086,0.8947480320733723,0.7953321256859082,0.7539254626185072,0.8358998263592875,0.8159450896087991,0.7559134766651568,0.8582356846536722,0.8368576015890123,0.8697974833757353,0.829778323230694,0.8678904139669912,0.8365168059049085,0.9038068315734744,0.9058176433686346,
pre_model_seis1_20250816100525_83.dat---0.991273393228623,0.9863125122310465,0.9879400496026014,0.9899918301429717,0.9896829293312185,0.9879935089926308,0.9781490242064694,0.9626235891765962,0.9419630363037809,0.9361363628306575,0.9419401671367986,0.9006085892703936,0.9610145684182402,0.9817795598607773,0.9868343991908819,0.9862023325554833,0.9828712034665129,0.9881632211410072,0.9946753281733052,0.9950015826903473,0.9938631472119936,0.9906331917258462,0.991053138660707,0.9861353969627862,0.9906899758744807,0.9910702131419762,0.9843973348130413,0.9830593617508208,0.9749826010559169,0.9776038730089727,0.9839728780541483,0.9828380529309303,0.9818922380295948,0.9719436693003113,0.9782393637335657,0.9751560445972046,0.9731649388872312,0.970362406452251,0.9670308930855994,0.9614853736239812,0.9676269101969966,0.9767892241719197,
pre_model_seis1_20250809165442_343.dat---0.8181293586432803,0.8633112290374562,0.9000586947806849,0.905067335045827,0.8728973656221766,0.8322289614556986,0.8984250285359604,0.9073071804509372,0.9071045764506773,0.9114438820085863,0.9462149071852396,0.9621762405666038,0.9859293336735601,0.991985418208647,0.9925360193311683,0.9923724390905362,0.9929384890717797,0.9921685758225118,0.9925755537100207,0.9900725559754472,0.9862978015424194,0.9601550940104743,0.9444496688432025,0.9420322177087833,0.9483263465370259,0.9021027319139423,0.9048151713692363,0.8634394362838991,0.891147636657601,0.8596127324834737,0.8676639193278545,0.816185612644714,0.823212492836432,0.8628947178205473,0.8529689989717499,0.8746875339107374,0.8590361354971648,0.8887326976744921,0.9060190820183975,0.9134666091110522,0.915442588571489,0.9131129846439385,
pre_model_seis1_20250809165457_442.dat---0.9748645551380181,0.97448315510367,0.9372848425887124,0.9551901996314233,0.9681942330658659,0.9656716158320559,0.9385400226872646,0.9413993374968445,0.9371178957032618,0.9575783054671695,0.9928410066752031,0.98998307494522,0.9921620120259472,0.9936522189888617,0.9970257342040655,0.9963039192189307,0.9968418691087251,0.9946874724280651,0.9908647745587332,0.9868860962171733,0.989790242055317,0.9867529385687765,0.9864672978671305,0.9849427021448707,0.9854285031592805,0.9795517128356076,0.9733689714644621,0.98250215430325,0.9783299075453917,0.9734585748896055,0.9549879512986769,0.9642531040336485,0.9606577410049175,0.9545746470811586,0.9561049683065692,0.9677709750530685,0.9683700076128963,0.9823020116936151,0.9828440330800127,0.9801024407569735,0.9881852217289796,0.9746906938431565,
pre_model_seis1_20250809165430_445.dat---0.9772769748562375,0.9556907521582052,0.9663611170194492,0.9672281689042999,0.9720086927027631,0.9592577003628305,0.9516511848949214,0.9062973724733068,0.9061237602680603,0.911994183464468,0.8724031197947045,0.8525045119879974,0.8329827512060533,0.9543616939932253,0.9808762944276047,0.9894628693606735,0.9823338653711499,0.9312108946315937,0.9239864889139516,0.9017411725205812,0.8919341720254693,0.8044263574596431,0.7889672440263916,0.6620535440680494,0.6738477806754337,0.6820364247263129,0.7656995755950123,0.7823655882376616,0.7231545215690945,0.736337001159476,0.8109607014924383,0.7993516864278389,0.8050405155228328,0.8086275213786047,0.8437012314463923,0.8243153431063682,0.889415598576323,0.8566523659864786,0.8883482092620829,0.8824106635190934,0.8903696557099839,0.8659943724703183,
pre_model_seis1_20250809165454_588.dat---0.9517088153292044,0.9792881753524637,0.9805547147097138,0.972240244067362,0.9737514890987342,0.9696596036699598,0.974229636152079,0.9739488841892826,0.9591293980839943,0.9725075164246753,0.9807289163978071,0.9871957828016877,0.993379768531798,0.9972595616916785,0.9984156047252983,0.9970773794116508,0.9936199793596231,0.9910836829654702,0.982501024443035,0.9709253129253363,0.9702047344552759,0.9494479126454334,0.9502667161403332,0.9465832883718278,0.9602941870968735,0.9619001667685102,0.9666714637908832,0.9828048546218731,0.9553382319074949,0.9506565627123715,0.9454615302645155,0.9407895582408012,0.9131422352653381,0.9226267324503167,0.9153174575034922,0.9169494643917037,0.9173531851511951,0.9200296675875527,0.9195805320380163,0.9058816947984794,0.913520666850141,0.9591225934971531,
pre_model_seis1_20250816100534_69.dat---0.9483308713532309,0.9579345622531318,0.9504808381303469,0.9607584181845829,0.9591858767133916,0.9718758932997432,0.9808008906713481,0.9813738497606084,0.9823859279446718,0.9836177436249391,0.9892577660225759,0.9902351767384945,0.993439376973215,0.9920360747885991,0.986203396161926,0.9911720254229249,0.9808380595824033,0.9813749327366248,0.9793597598807227,0.9884405330909545,0.9875741846178129,0.9902619111038715,0.9912180079452398,0.9897566754635886,0.9813557706543982,0.9819963202708498,0.9734439175465499,0.9538123242446284,0.9389151408448607,0.9660667219301832,0.973583279492324,0.9830627821283993,0.9827253720322351,0.9722016940916823,0.972840646509849,0.9564182539289985,0.9602418242055165,0.9678689552807864,0.9820138070667735,0.9854174041998061,0.9849695725779958,0.976215769255385,
pre_model_seis1_20250809165433_260.dat---0.989488151355545,0.984075377883255,0.9907886340436668,0.9834790018843803,0.9833208786528491,0.9766590995694595,0.9763364145984598,0.979077652310016,0.9693494518265031,0.9411280126882372,0.9345212468542881,0.9436368889885104,0.9737903334412137,0.9796229279302778,0.9837984123590054,0.9831554935727407,0.9751302539229014,0.9873719852805071,0.9815861189409998,0.9786351717253998,0.9894825145896364,0.9896162885504237,0.9804575732262629,0.9831454694292577,0.9774408287557592,0.9842139953694852,0.983549156480088,0.9799587030567813,0.986905580124803,0.989213063645493,0.9907409385318996,0.9896439107330116,0.988391243048702,0.9883291848964073,0.9860733578075677,0.983312429892664,0.9818248856728289,0.9835030794029047,0.9864631796471144,0.9843538602946571,0.9843506453133514,0.9801444242999345,
pre_model_seis2_20250809163939_726.dat---0.9626911830385345,0.9827042468696072,0.9847652697538306,0.9836649810344624,0.9844955583788503,0.9880203055082781,0.9872603873821746,0.9814756898544286,0.9735110395671572,0.9740178058555216,0.9725605137819433,0.9732483321545433,0.9658553572199178,0.9827731322858582,0.9880759108163027,0.994575339929027,0.992651200700589,0.9941460895550867,0.9906475570265889,0.9924857814704284,0.9854344595719716,0.9891151993470307,0.9873602559569274,0.9889338525578458,0.9905468683914758,0.9922644965734168,0.990459554004187,0.9875035477879833,0.9842879314109355,0.9832740851156146,0.9807408355130577,0.9768476958595125,0.969782957688468,0.9703939373904206,0.9556133268326824,0.9372617198052319,0.9331594647397062,0.9415035377839681,0.9410337761332289,0.9322308314688402,0.9609927554224057,0.9763016285740986,
pre_model_seis2_20250809163915_671.dat---0.9840447621101847,0.9791877386909574,0.9808179727905336,0.9789060455850558,0.9798617661074578,0.9875375622430165,0.9838708309604568,0.9862851104289433,0.9856169244050724,0.9848132788987206,0.9878497425429614,0.9874007587074841,0.9895771745519777,0.9915530514707663,0.9908411998425996,0.9905443504590518,0.9897781254586628,0.9902540856181626,0.9899963205901514,0.9886610090988568,0.9874472819081103,0.9806031251139018,0.9666117860764253,0.9750684958333358,0.9631120097867246,0.9537517172284398,0.9431415127784272,0.9354573757661195,0.9514394218377484,0.9213484965281609,0.9476996545692555,0.9229997772469116,0.948355130175359,0.9097939362076539,0.9155066747366208,0.9205445330456689,0.923688648791196,0.9086923349851301,0.8839146498198264,0.8558547602316026,0.8610695963997159,0.958621920234815,
pre_model_seis2_20250809163927_460.dat---0.9038884050797084,0.959718395665329,0.9580601139693737,0.9244917393381674,0.9509851497958437,0.9204947808026618,0.9238066277273724,0.9165926471683533,0.9588939196074869,0.9542594775190532,0.9614780866628214,0.9705770927215687,0.9708701163051557,0.9955597709777051,0.9929539575931553,0.9923530542570262,0.9919707126620121,0.9944645308254846,0.9906342166165217,0.9856037252293288,0.9803046705429919,0.9848598563271027,0.9836961277799168,0.9844118883187215,0.9869083897967535,0.9886705827794506,0.9929061937633974,0.990966428881327,0.982541403781018,0.9759391059885972,0.987160227964275,0.9831770710418766,0.9699176532130478,0.9750266211585906,0.9706955980193016,0.9817289746717403,0.9798087055805029,0.9810510050665588,0.9634074856450019,0.9679153318394703,0.9354853935365635,0.9698593960053741,
pre_model_seis2_20250809163915_625.dat---0.822917804385313,0.6504543937659811,0.7662132992954871,0.7529359319124016,0.7095249777452541,0.6187534666062596,0.7731793944661719,0.7591997963582223,0.8676216099246306,0.9151792619971432,0.9422549183870679,0.9481704564224498,0.9754323834569142,0.9809588288868936,0.9780100307148163,0.9875692893461826,0.9819948383921527,0.9773863122569825,0.9588833091777881,0.960297477861948,0.9743901772905417,0.9818356937095106,0.9812901980852641,0.977767639333158,0.9743473466196666,0.9752000573622095,0.9588843771780132,0.9657359512143737,0.9571430045821381,0.9702187191946987,0.9733590704421152,0.9623287140444198,0.9374957931754919,0.9644201605724527,0.9653903537364553,0.9541195892668639,0.97123794455956,0.9710030153983114,0.9647750152088108,0.9586176424300837,0.9718942003875287,0.918009571832969,
pre_model_seis2_20250809163933_334.dat---0.9844024928323168,0.984707228725072,0.9673207486368535,0.9806320174938868,0.9812538005878033,0.9817227446335293,0.9842203966083938,0.9858936997074466,0.990367179598054,0.992576315726783,0.9930488625794734,0.9888479729225386,0.9858059231337677,0.9865064754920794,0.974890002524493,0.9866112515904288,0.9949843260465835,0.9979832840166857,0.9971919883893754,0.9936284432860164,0.9862808655969943,0.9928160934777001,0.9906045306930624,0.9920220271024254,0.9862712101754331,0.9800000599008619,0.9792955362118959,0.9777623954841588,0.9766251740783535,0.9740215874453042,0.963958009222923,0.9649215663547321,0.9583626504803299,0.9552710258376516,0.972417755574419,0.9770675570961855,0.9790684669543985,0.9764380145719612,0.9719363419551058,0.9750666471143702,0.9604143536840938,0.9810540737449744,
pre_model_seis2_20250809163927_469.dat---0.9937780808121769,0.9945808817910011,0.9905573123797399,0.9859349459239423,0.9865031569536393,0.9824118038112742,0.9782260281796284,0.9796136022860977,0.9630881118347349,0.9611802484444528,0.9197554937433189,0.9390288365888652,0.9264847835810459,0.8919595361338707,0.9406112129925023,0.9403294289327543,0.9308554427052881,0.9544900653664273,0.9473099111190878,0.8916991243522706,0.8652952953980304,0.895990115794722,0.9071738366433691,0.8551533252937742,0.8649304419752931,0.880453470795196,0.8788391331576956,0.840409764907772,0.8956121345481446,0.871039964083645,0.9070844760973534,0.9081612270889998,0.9166320804108846,0.9187883928305194,0.9057193594041196,0.8689833039266897,0.9181363780645423,0.9159199065480202,0.8684091228828421,0.9003219812158383,0.8911337403179094,0.9212825721784754,
pre_model_seis1_20250809165445_394.dat---0.9755152611443072,0.9833793409839736,0.9825992390929781,0.9865226096326793,0.9815185854163221,0.9810171043562791,0.9637491433095285,0.9615697695892033,0.9387532241252136,0.9501401868603414,0.9415948976480263,0.9573345575690984,0.948509728183297,0.9382616666592362,0.9199771971569907,0.9657368708251963,0.9726992617433061,0.9848907626513065,0.9912162914865792,0.9928874851949018,0.9861574504114626,0.9550620468502191,0.9180835525245965,0.9453110137270565,0.96357359105521,0.9823813061988372,0.9809430041862726,0.9432619610360281,0.8883439279933267,0.8595667672589773,0.879922984596151,0.9015932698381623,0.9157239515870526,0.9407047355124107,0.9390182376041,0.9311221656797066,0.9212247277415071,0.9238117968748603,0.920136235542799,0.9103921062481,0.9192115792010311,0.9474004779340647,
pre_model_seis2_20250809163912_847.dat---0.9539484279071976,0.9263101196113923,0.9477081114555869,0.9306257284119818,0.9562246659112634,0.9442922799628413,0.9047698868998209,0.9537896023693513,0.9549064374440466,0.9521827144372553,0.9564614514024197,0.9556341489424643,0.9799186916454482,0.991594961397073,0.9908104774258252,0.9927306417848581,0.9839402595060888,0.9849692794834783,0.9837451498421502,0.9905870327763141,0.9931072811367138,0.9955849170009593,0.9919985539381454,0.9926730523241644,0.9908982602966108,0.9878386043761472,0.9806072547320768,0.9600996676835755,0.9823645036636767,0.9828599654794367,0.9853870889685069,0.9621757841187483,0.9587140109222086,0.9547142390508092,0.9581651863631763,0.9388548879449025,0.9693941600439051,0.9482293899164677,0.9667239858022959,0.9713587705593199,0.9835520700014238,0.9680597976326861,
pre_model_seis1_20250809165439_766.dat---0.9891172673615423,0.9809262686371476,0.9907869068066005,0.9927483362447911,0.9915232135850204,0.9929826937747483,0.9931956910609797,0.9875608916973303,0.9821685390412263,0.9856839799713039,0.9891255085053122,0.9877044366406541,0.9888822174240199,0.9937959619092827,0.9937795928541849,0.991615494114117,0.9939652702590063,0.9827792586797198,0.9855272042289752,0.9839562305563481,0.9860959802588304,0.9743270074958498,0.976960032254725,0.9631273557198069,0.9573876413083554,0.9523965335645205,0.9207750056118879,0.9518175017749242,0.9492463113149452,0.9133492749555558,0.9472495384701253,0.9388433102302683,0.9506161142224706,0.9404284900714637,0.9474147845907656,0.9432540036459983,0.9317912666626245,0.9340942936319067,0.9116959998096268,0.9261837598993352,0.9251476063710871,0.9663421164687163,
pre_model_seis2_20250809163927_747.dat---0.9879808689554418,0.9801164248933538,0.9849683404747798,0.9874931458156281,0.9816995761111786,0.9818590274608084,0.977639133045013,0.977600979071719,0.9829504437890825,0.9764328744533715,0.9794634687787068,0.9705052149157781,0.9789073128152542,0.9849633223421369,0.9873155336764228,0.9839537359464438,0.9814067599886116,0.9928052514721918,0.9923495947909912,0.9783642066042929,0.9807034463843333,0.9539607876810892,0.9619840060844661,0.9654247724876565,0.9738197793366943,0.9779072743486249,0.9857212653760606,0.9815002394877512,0.9768162164314727,0.9665819871278464,0.9560094053124496,0.9525822755411208,0.9443408711676372,0.9368931045852773,0.9357677000879197,0.9379096496441495,0.908253232850134,0.9199260436978628,0.9182326037024949,0.9317399867317004,0.9385401187397497,0.967155853224578,
pre_model_seis1_20250816100531_28.dat---0.9938795329699285,0.9876889413614638,0.9948142808854831,0.9930666042949116,0.9942424521383252,0.9941362684239313,0.9926912988027815,0.9904171939927912,0.9905042293584313,0.9894007182847314,0.9911842464890299,0.9952925327293758,0.9978819079708271,0.9955298446227172,0.9956720606809796,0.9948082007581656,0.9963681105854726,0.9939799203338174,0.9946122510692356,0.9943245657229651,0.9927036329872502,0.9944691324910095,0.9907624988527234,0.9897371715673362,0.9848925581096687,0.9876303378293355,0.9904889946621315,0.9845004014581696,0.9846626676365705,0.9797655571375882,0.9764823862535851,0.9834027179668612,0.9818075247379554,0.9838272473754981,0.9859145964417316,0.9917557440624539,0.9914192565821122,0.9931910526934861,0.993490270377086,0.9937275589885577,0.9940610115179791,0.9907118897854745,
pre_model_seis1_20250809165439_193.dat---0.9531603961550165,0.9736780515469269,0.9825392252845465,0.9686244024331913,0.983204304079057,0.9802239693627985,0.9739601574563702,0.9775114769004966,0.9814136574544475,0.962694761655421,0.9716698463366805,0.9719099801612723,0.9844649476014952,0.985936789522318,0.9852719044958284,0.9926745149316344,0.9922645435470748,0.9872490220364785,0.9942313683748009,0.9942538489550409,0.9877073661487471,0.9801998626156593,0.9796183245238915,0.9894471078947131,0.9917439579923603,0.9879650003209139,0.9740112385107861,0.9730736485843366,0.9721313826213878,0.974532699641463,0.9740075353139612,0.9686539142342766,0.9681846517650821,0.9665075002022564,0.9655931691660045,0.961992580433244,0.9608927141196263,0.9578850351215368,0.9638345256817392,0.9690617311104469,0.9692578127187661,0.9764204616344414,
pre_model_seis2_20250809163927_182.dat---0.9600072342884889,0.964432980663674,0.9711975286294885,0.9609030892562332,0.9648473103241668,0.9657491779096984,0.946962717461476,0.9491693124830332,0.9490745198176394,0.9357757349262985,0.957172725547568,0.9776581571479155,0.9883251662193121,0.9953515169539602,0.989632260736796,0.9790902111936135,0.9630507951870743,0.9728475521739749,0.971375028078588,0.9527448076220804,0.9625843926070003,0.9541832954367829,0.9760477922740465,0.981258736751853,0.9709937715969489,0.9847414196761087,0.9783581494810094,0.9607594073340748,0.964756020613438,0.956498825828986,0.9483882166853816,0.9327086609933553,0.9275065714334519,0.909247184490026,0.927457094646491,0.9367852160935548,0.9325354373317146,0.9316836395590301,0.9283908141998652,0.9269458415524866,0.9317828864004719,0.9570483219904183,
pre_model_seis2_20250809163924_886.dat---0.9656552676876735,0.9613410833159682,0.9493218558126155,0.9539792835597246,0.940359004883029,0.9022255653403887,0.8584438233695016,0.8609337528156762,0.8089278138882477,0.8288357047349005,0.9270761251779465,0.9433398135818613,0.9316993187961576,0.9746954358580651,0.9889928758507451,0.9977489891584759,0.9971831984547677,0.9897980716460492,0.963249872761997,0.9798795758044734,0.9801556947073061,0.9831235071568084,0.972278725033894,0.9734169945926598,0.9733790396727855,0.9870777604459023,0.9886637256865533,0.9860465708552417,0.9834499637890429,0.9676032172687846,0.9572827650103354,0.9603658475907496,0.9598637196802742,0.9585074254494642,0.9354235240071331,0.9508872702384424,0.9373340391920837,0.9601164593699999,0.9535242129733899,0.9594152720249316,0.9668963773223591,0.9516706962089367,
pre_model_seis2_20250809163918_780.dat---0.9450911100266983,0.9720882339426842,0.9669370839877443,0.9652607446392558,0.969005091671797,0.9628109350137043,0.9589460579547088,0.9619824412089995,0.9766580665347865,0.9653481906047829,0.9807444963133917,0.9864007079257563,0.9945736471786343,0.9938458089614859,0.9959620169567049,0.9935548811770536,0.9981090546538463,0.9928783992693133,0.9900749903902734,0.985470778140394,0.9836624666384536,0.9901268714477227,0.9829467001017289,0.9727422915010313,0.9664106541209525,0.9598883907696139,0.9297579034670992,0.9396162686195693,0.9242335952415556,0.8754745311797261,0.8467790176330751,0.81887224156114,0.7300489645225063,0.8475772185747799,0.7399296374543759,0.8316019746734395,0.8184036849836567,0.736067677577251,0.7170592422941967,0.8059603602460653,0.78892655226425,0.921020219059127,
pre_model_seis1_20250809165433_670.dat---0.9666369865586651,0.9835894745939074,0.9861639554087638,0.9815937158360366,0.9854385923346309,0.9893668941924729,0.9858087823879131,0.9813315898808452,0.9813957022982033,0.9790301245895366,0.9721388002225986,0.9701027229357674,0.9599780837614503,0.9772676209701135,0.9786265053491082,0.9726127237800223,0.9823134228497243,0.9917311250444575,0.9862466728629171,0.9893337303579074,0.9859550216844193,0.9848044842753172,0.9861448928435251,0.9776358193341728,0.986603663717911,0.9726249352966715,0.9627367936447672,0.9681547358671868,0.9604347384876127,0.9317299719527496,0.9396872641415863,0.9451424484797447,0.9320989826084881,0.918109924790879,0.9172115588523385,0.9406714592721084,0.9476246136869697,0.9047727258469792,0.9456172417047477,0.9428771988481841,0.9135102369687232,0.9649964863053689,
pre_model_seis1_20250809165457_776.dat---0.9903337098637435,0.9923026947480774,0.9877768587557505,0.9913227495643603,0.9841239533804139,0.9851143475883516,0.9809383939685044,0.9725619164243562,0.9720641128702051,0.9658709677047069,0.9572980208826999,0.9773027901239739,0.9768272644234317,0.9784337944825463,0.9762425204249787,0.9615006399513978,0.9622693471964241,0.9521028610595358,0.9501717880417045,0.9692545444601159,0.9831787596584396,0.9707720367215137,0.9697599881684155,0.9442248756785808,0.9528537572546928,0.9470318163083385,0.9635427700837373,0.9569011687716764,0.9347427192771985,0.952857326887162,0.9341376100318153,0.9353453642597997,0.9056161588287008,0.8584724636649302,0.8668456680882856,0.8900272476178935,0.8315622446708625,0.8348334871795373,0.904458960379911,0.896915212521307,0.886305880086484,0.9464438729769405,
pre_model_seis1_20250809165457_392.dat---0.9929952383001229,0.9870659888455583,0.9927220185910866,0.9919772982291318,0.991105645898254,0.9873923311104326,0.9776705591964325,0.965139039152525,0.9420597434817204,0.89949347577793,0.8993550595818817,0.798398546433207,0.8099905738216951,0.8838883146607837,0.85869910144229,0.8758542018750689,0.9453951985160586,0.954114102922992,0.9711789549130212,0.9353106337998881,0.9618594836228544,0.9444779423741823,0.9631110032430391,0.9367409095816224,0.9412067768757949,0.9623540945870529,0.9285340034997405,0.9499268383270106,0.9404224329831459,0.9360712153360082,0.9329486782295224,0.9273254683349823,0.9234493866912653,0.9225718087001866,0.8981766397565171,0.9257415590397938,0.8874641722426236,0.9146285195968479,0.9218773029634785,0.927608776466418,0.927737918777498,0.9325375843360891,
pre_model_seis2_20250809163939_750.dat---0.98383318907807,0.9883628153105188,0.9873189617918724,0.989887191331412,0.9897954387251096,0.9895875689092096,0.9902545751845829,0.9899205296462112,0.991731977896721,0.989222070805326,0.9906349156566893,0.9935754187889502,0.985589782514705,0.9788683422087181,0.9980052662455503,0.9962768042696974,0.9907688088106621,0.9887528714723137,0.9890625825622297,0.9881960770328457,0.9736034322856483,0.9806259959539009,0.9807793555086485,0.9765442534313251,0.9865471442553438,0.9863368388115865,0.9847130047911565,0.9860439857389901,0.9859057480971154,0.9720096099439188,0.9757090779099108,0.9736617230284971,0.9795793259529907,0.9823161953271115,0.9780974952638426,0.9849509510470726,0.9869733124568774,0.9886174202100121,0.9890932059934595,0.9880182352730781,0.9843316391749518,0.9857098326511425,
pre_model_seis1_20250809165454_346.dat---0.9805845870902046,0.984447384406527,0.9822432869466435,0.9861340844953593,0.9863297572677051,0.9792219344086712,0.982427836472825,0.9641168745317589,0.9519559816740073,0.9647853034218132,0.9630575629988496,0.9637697520206101,0.9596129594012826,0.9750794091216808,0.9893108752523153,0.9906120411880218,0.9866735666876181,0.9848193623027973,0.9820468164506155,0.9815419849607344,0.979194504568443,0.9701720969234523,0.9813832706503411,0.9849117740770837,0.9545652224892681,0.9414727578647925,0.9427192896635643,0.9297786376047945,0.9305235964686808,0.9450391736727239,0.9375927665749962,0.9467031555013404,0.936275482296728,0.9281189659523311,0.9364447986236187,0.932600706785833,0.9088574894560274,0.915986036016028,0.9324344904407755,0.8941268131477104,0.8983255512463648,0.9577072668567059,
pre_model_seis1_20250816100537_75.dat---0.9925309888752865,0.9898587860737675,0.9874289513376623,0.9931690989846629,0.9925880729593823,0.9925980298413375,0.9915936772205378,0.990824951329935,0.9927401117678603,0.9925236581680768,0.9906574046706157,0.993678329468849,0.9965730141456225,0.9969080768259398,0.9984098024146282,0.9990167530903374,0.9988411302846455,0.9970786746979718,0.9937797343385926,0.9894980134042098,0.9901781890846224,0.9915922004234901,0.9870323514494036,0.9776061177785571,0.9552197756158537,0.9574852488298742,0.9563419489420225,0.9540614247193983,0.9340802547074161,0.9591793418824809,0.9455943086354065,0.9290977576765126,0.9388757738506647,0.9564912621145981,0.9530559034660778,0.9646954533430216,0.9483074648246342,0.9450654167735124,0.9539283624945166,0.915804889076768,0.9373610126821891,0.9736915053236813,
pre_model_seis2_20250809163939_92.dat---0.9671199241913995,0.9846415150513396,0.982328221514774,0.985282346607877,0.9869257879595463,0.9850676987095937,0.9878048651683387,0.988110208447494,0.9867849127105189,0.9862813840473255,0.9886814871498083,0.9898177800803375,0.9920586811124695,0.9935986125896741,0.9920653830375581,0.9940307096927443,0.9851518439303075,0.9713394912127521,0.9738344649496564,0.9683808866992016,0.968029156351647,0.9657701107928054,0.9837988974459889,0.982283883554836,0.9875093212252316,0.9677328148712043,0.9610568233824172,0.926746979804149,0.9342571838183104,0.8868034501850535,0.8292168721957928,0.762215388976681,0.7970203810405503,0.7911743712762179,0.8166358608377965,0.844518575194224,0.8791304624184514,0.9098848124786949,0.9251630343886678,0.9212614450998116,0.9217661726647232,0.9427142000699017,
pre_model_seis1_20250809165439_782.dat---0.9955355451971939,0.9947005946733208,0.9923412967848453,0.9903526337569835,0.9907746855694225,0.9877933891014141,0.9830497249870986,0.9731327841016383,0.9667689418881509,0.9683151383175098,0.9709278337559526,0.9776218742941076,0.9539691340911113,0.955329954519645,0.98028771981071,0.9832667836007702,0.9843685636401103,0.9702160906881575,0.9844580586902386,0.9864363845924469,0.9815947848906724,0.9756904274339773,0.9633841079907639,0.9722236142072369,0.9662226682481145,0.9595877151468021,0.9472446060847017,0.9336125821826529,0.93935610340354,0.919147321326478,0.9388442780675801,0.9569004864417984,0.9454719775441448,0.9606045264034059,0.9582846226594991,0.944724970357434,0.9471882423893152,0.9704611768455569,0.9777453228365677,0.976424078940658,0.9652827537789236,0.968040085347333,
pre_model_seis1_20250816100540_95.dat---0.9835344840195183,0.9875417454099965,0.9911051625698952,0.991119027836787,0.9892386940686574,0.987331730352037,0.9771094794719717,0.9817494846842725,0.9774875424812324,0.9810167142606622,0.9837454987042125,0.9868072276563518,0.9907324909123431,0.9920687680976686,0.9787945907401598,0.97784561441885,0.9858208016661574,0.9860791488901189,0.9845796884665096,0.9810718706044467,0.9858267730862408,0.9872429687817955,0.9864760190254754,0.9757340013758071,0.9670645132230468,0.9672100450123028,0.9611021284723782,0.9344488529105356,0.9524991092349192,0.9285980523015122,0.9352624393951645,0.9186595027173924,0.9427159118007602,0.9179459233348325,0.9436290864472445,0.9473323579923911,0.9196743318659553,0.9449354875331203,0.9469975308794414,0.9553654329136959,0.9571779853399517,0.9675775175355078,
pre_model_seis2_20250809163915_755.dat---0.9931097882548935,0.9902469621927352,0.9875310572677727,0.9897525964991635,0.9909862693792636,0.9854744099991036,0.9828137391809899,0.984286677211184,0.9798297858938364,0.9769289944251364,0.9862669221633974,0.9889304035643869,0.9904877446824598,0.9937717167330145,0.9941305709397834,0.9920221763235638,0.9950560846454068,0.9969076275830946,0.9931559320974478,0.9930191261926047,0.9851537386196202,0.9868244932525267,0.9749618294122688,0.9743077777694259,0.9790604075787821,0.9725968895563736,0.9804241451718596,0.9838770704297585,0.983906422278603,0.9882842426596841,0.9848907581263235,0.9869293559188524,0.9872996084310671,0.9808121726155559,0.9783975261797039,0.9856034813496121,0.9853936796098921,0.9750238050543343,0.9704698319575453,0.9744492755799663,0.9601603669931384,0.9844764747261984,
pre_model_seis1_20250809165457_812.dat---0.986332192819126,0.9772079516352762,0.9640912312415348,0.9890142547557329,0.9813143832377808,0.9806887148281064,0.9740265515582084,0.9827350861042363,0.9817844856394824,0.9772968669638401,0.9833435202450539,0.9760386861225759,0.9662199484637763,0.9639204008513953,0.9712779882276432,0.9832197678055511,0.9835415108428451,0.9785648761453479,0.9752430374399398,0.9662482760719707,0.9475274866501703,0.9557183774427331,0.9550966345358185,0.9326442898417291,0.9353890693189343,0.9403012815328347,0.9579912297699242,0.9555769082022841,0.9591399927493479,0.9653557983609049,0.9672388604796063,0.9697132619920198,0.9345101427444317,0.9330713248053538,0.9188685167341402,0.910305968922055,0.9013312796927545,0.8659546837691103,0.8822908821278623,0.8593095749809463,0.8550047227794065,0.9523036589861412,
pre_model_seis2_20250809163939_517.dat---0.9788432148697016,0.9731722366856642,0.9797693833967611,0.973749191244454,0.9807873311295524,0.9830598849882017,0.9730318769023888,0.9840604759567935,0.9776640362829343,0.9596744438845314,0.914844412160499,0.9246635642341055,0.9257669160433865,0.9539887134894188,0.9087813572392767,0.948378363509236,0.9549402347890603,0.9672514798518748,0.9870058189447234,0.9863311159839873,0.9732970481789608,0.972177127721382,0.965847156985322,0.9630360684720071,0.9459679308708513,0.9464619963949984,0.9358302812992102,0.9396853155750957,0.9588829624374926,0.9585802241717327,0.8951226152559321,0.8929530737558322,0.7989402204180902,0.82903124333531,0.8734308371504115,0.8684882989200818,0.8950799333434905,0.9026141776429139,0.8958509825225193,0.8924607646504964,0.9003973262668272,0.937558527730622,
pre_model_seis2_20250809163936_124.dat---0.9920771649381704,0.987300408503295,0.9912907605875749,0.986184210065255,0.9859100616156069,0.9792585726877107,0.9818489876749117,0.9853377827743128,0.9843246175617361,0.9834926516004476,0.9785983662120669,0.9876518795729955,0.9889272678717049,0.9948871383710487,0.9974392941710357,0.9973640383576463,0.9957405277341758,0.9964098457600012,0.9981108411056864,0.9964468412112241,0.9934882325790922,0.9898651443385067,0.9884323283910836,0.981590529968779,0.9780640294820189,0.9795785160209662,0.9703874220238714,0.9749357308205652,0.9788157695805734,0.9760713274025881,0.9770194615805818,0.9751447270555696,0.9741080363778982,0.9781421643011348,0.9758595306150137,0.9731586782840187,0.9717704186076991,0.9712510595156083,0.9592173523863785,0.9629023618587694,0.9745569385587676,0.982755146783563,
pre_model_seis2_20250816100712_99.dat---0.8918738726190157,0.9194213940274817,0.9735534651666327,0.9745360199940631,0.9730755986969384,0.9714114073026612,0.9690484707086379,0.9615411178308757,0.9717268321810226,0.9551530729485213,0.9785149190237257,0.9933560462766008,0.9935520004457032,0.9935837912983445,0.9909357299703156,0.9902092317208597,0.9970218845078961,0.9932258900312433,0.9882067556978327,0.9827053521030529,0.9858545628419266,0.9792706030246805,0.9813432977960762,0.9695207847368129,0.9724647652356795,0.9532559560279159,0.9593526553748011,0.9704058173651559,0.9656788501927707,0.9374169120860646,0.9630697395253365,0.9476121361807952,0.93932553691765,0.938249599464867,0.9552249387965736,0.9513201299695816,0.9658273117684634,0.9684305645717277,0.9689955881416574,0.9746727724057415,0.9703029168139353,0.9678109339460885,
pre_model_seis1_20250809165436_195.dat---0.9884092973183977,0.9750366886868107,0.9708228421576722,0.9789556561398826,0.9843663321245537,0.9768916082255139,0.9840954444898549,0.9838216044898698,0.9846325327528158,0.9906281342197729,0.9947964391543144,0.9961264063077481,0.997244886651809,0.9946023783274957,0.996398443906399,0.99467091259377,0.9880143657694369,0.9794865335225701,0.9753974477504657,0.9786692358537064,0.9717292991265495,0.9836469409965916,0.989981943577132,0.9898721707954549,0.9868339761061429,0.980545046337525,0.9666554645811068,0.9690156793051574,0.9672329853381286,0.9680414326449237,0.9661542028242105,0.9689840077104542,0.968342443103644,0.9598493063601137,0.9713324333144517,0.9596299207637794,0.9642889947578009,0.9563785685288504,0.9562769961639106,0.9465299235471567,0.9614336331466212,0.9772151843773793,
pre_model_seis1_20250809165454_158.dat---0.9863784401837233,0.9883112851876076,0.9868923798149163,0.9858224385751141,0.991611230283387,0.9923409087409102,0.9937873864737355,0.9942261961909747,0.9941031452668446,0.9934995524135677,0.9904103997244015,0.9878986240247655,0.9856325872887705,0.9864027841635052,0.9857930194567455,0.9928103705817541,0.9939766633384007,0.9940354160341697,0.9930324687375475,0.9925931586856092,0.9904205989509032,0.9844949946265018,0.9836868519930417,0.97384488240855,0.9764937572579397,0.9659652222269717,0.958607513370343,0.9632658422187814,0.9624831947083445,0.9413486252264589,0.9427760236163861,0.9308980642516747,0.9311924849149587,0.9169444444968268,0.9241190267288625,0.8954793467133776,0.8595997446694813,0.8887038475328597,0.8300979479435969,0.8493417364646233,0.7811024897150409,0.957571343785414,
pre_model_seis2_20250816100706_73.dat---0.9920755768226667,0.9867879443682401,0.9921272788093005,0.9904702356961756,0.9866315634476599,0.9850167943988248,0.977804432018672,0.9780383407552092,0.955698840380482,0.9556877949440767,0.952749475896731,0.9648489006670216,0.968775482325178,0.9686266232976377,0.9760982557894273,0.9788883374416135,0.9717466232493995,0.9617382099878157,0.9646403566080741,0.9358405853678569,0.9540704598365316,0.9561858305868982,0.9155263223456911,0.9473066887139816,0.9217518845081591,0.9106631443683897,0.9274958085644471,0.9025860934329039,0.9083824376951514,0.9302271572614454,0.9191488941270248,0.9059129349141783,0.9091364963377389,0.9162581599867458,0.9141531360723912,0.9178471965676912,0.9189447699542106,0.9148791447193145,0.9347432482179882,0.9379598948787268,0.926416777412742,0.9471680032384003,
pre_model_seis2_20250809163915_225.dat---0.9955883182975322,0.9936260644260633,0.9910024855307308,0.9905451395384418,0.9875188201552212,0.9874547845981009,0.9786471383114977,0.9771280169630772,0.9660233238772086,0.9643176941661387,0.955881414275982,0.9658115802720293,0.9715993187602325,0.9758876729041345,0.9736129216308135,0.9648649014868728,0.9820230614485278,0.9899015687908806,0.987339313430312,0.9808154646966457,0.9773041919445095,0.9747425885908321,0.9686248238315373,0.968212294782437,0.9552082579742582,0.9268313886768914,0.9302818837298006,0.8912545659374485,0.9007115571130834,0.9072864007864416,0.8605426614328406,0.8663822309412179,0.8952616451246264,0.9050842615118997,0.8957782572590695,0.8831591117039085,0.9022251268864195,0.9205097370008587,0.8903890004684742,0.9537257688200914,0.9565672850290461,0.9490163912952717,
pre_model_seis2_20250809163930_793.dat---0.9642640402927548,0.9840153872334976,0.981713675161131,0.9816903795899891,0.9793859412221656,0.9802317598864134,0.9746999108537518,0.9698543020600912,0.9786318087257205,0.9677410370658043,0.9655596427801588,0.9942232170413472,0.9956171679813538,0.9840836608177076,0.9856878115209708,0.9905780877649293,0.9950081151261125,0.9954439531771878,0.9928568874443371,0.99428229330402,0.990371280526111,0.9814998430393147,0.966545725546443,0.9661899695791228,0.9681725105326313,0.9584619089347669,0.9515556183069762,0.9364937558690314,0.9592084223019365,0.9622250239828137,0.9655626679055397,0.9578475391127115,0.9406338229614676,0.9419580443465354,0.9527136792999414,0.9449206279317883,0.9140035281012835,0.910259615553401,0.927380516490996,0.9268473343111177,0.8676353030842294,0.9645379467504294,
pre_model_seis2_20250809163912_0.dat---0.9547298851569276,0.9876402464981917,0.9736338825671101,0.9775197755442733,0.9870413614080195,0.9822047603429969,0.9709598743596314,0.9656780660457369,0.967780145988809,0.9666598030830386,0.9483818074005056,0.9644585171883174,0.9644945938947734,0.9795706505279557,0.9777751523515816,0.9729443411619473,0.9696348007362626,0.9754459980779936,0.9809386288278218,0.9807007534170388,0.9778277134457471,0.9687254061167637,0.9430291155953597,0.9707137883120609,0.9756740830087888,0.9822436558546815,0.9815634903124811,0.9737250829847853,0.9782297179657853,0.9801160837580255,0.973620406209201,0.977273023774082,0.9882396892518085,0.9812012369295869,0.984837805000763,0.9829883405451247,0.9829559358433487,0.9782272204633642,0.9726227411651046,0.9671005029625332,0.9744674165602657,0.9742335487960633,
pre_model_seis1_20250809165457_503.dat---0.9686243374026202,0.9442067902646877,0.9720430508393338,0.9723210873457876,0.9811971108537093,0.972316926311831,0.9825663476908529,0.9819987562044687,0.9823378335190573,0.9807226788654616,0.9809110040132303,0.9892775134622014,0.9887725713547444,0.9885907780786815,0.9957922445381557,0.9933759967993931,0.9921291017107361,0.9853141809650796,0.9868840633456035,0.98524820689808,0.9839383926618135,0.9847377509879085,0.9821267556449476,0.9788030894421302,0.969048622697656,0.9506632816767274,0.9676644997117911,0.9704633499774257,0.9740494961955408,0.9697062208693082,0.972743587977564,0.9712403718932484,0.9659507568907417,0.9645652475662758,0.9563593009270667,0.9523991320189394,0.8983467324427424,0.8754787375067848,0.8779092998192077,0.8639583728862024,0.8933950593734152,0.9645897229178332,
pre_model_seis2_20250816100706_57.dat---0.9968182969805105,0.9971737377862849,0.9970816465341923,0.9959915318796155,0.9976411463014476,0.993369267363365,0.9953818462256302,0.9945172438409813,0.9935219180539755,0.9907583742882583,0.9918151923382161,0.9942487339955798,0.9886993621661944,0.9849219327228481,0.9685779640002319,0.9673747112792407,0.9740402862543072,0.9808082432813677,0.9822107578191914,0.9782107327469857,0.9651383016473511,0.961006363474062,0.9704744054350799,0.945672122489178,0.9291725519271721,0.9552490074389757,0.9546188893977765,0.9597088206968326,0.9485719159754901,0.9582591873161542,0.9532836685469367,0.9633207360913117,0.9603540717994835,0.96387252047256,0.9626774365728488,0.9726869153489944,0.9681688078752512,0.954810166827619,0.9688262164523475,0.9681200362571826,0.9578241641303198,0.9732921763910087,
pre_model_seis2_20250809163918_397.dat---0.979986539938552,0.9673181349532535,0.9741947846436727,0.9758166070264042,0.9697638663688133,0.9701875083262401,0.9670877089166436,0.9841722355277804,0.9887773540843965,0.99226773531682,0.9926690929536767,0.9896783082366366,0.9899684290891895,0.9775553096231767,0.9681940738037608,0.9542652617906012,0.9668369509920902,0.9371273516343948,0.9698736405830563,0.9711004706637031,0.9771211145718633,0.979945008278671,0.9708307343162366,0.9678202898051337,0.9559057578951157,0.9503827364477112,0.9377747392459536,0.9253511520568605,0.962756290436737,0.9561069820688917,0.9558394619062456,0.9640497445112527,0.9495511637597942,0.9440061898305182,0.9068458414320714,0.9156598281430308,0.9261261979023101,0.9430760695780024,0.9437129077748547,0.9452989995725157,0.9412694861122607,0.9611285868321682,
pre_model_seis1_20250809165442_7.dat---0.9714130822059295,0.9783493867114212,0.983747062779304,0.9759783473258595,0.9826532181837998,0.9894677719214158,0.9907929300932151,0.9910000791216113,0.990813570876455,0.9894507755496234,0.9891884364175196,0.9867297958660772,0.9892057013424451,0.9940451709542355,0.9971233453717462,0.9971512563166188,0.9945914337785298,0.9890152390165805,0.9835135282009001,0.9887150757457557,0.9886865526341698,0.9856116007903707,0.9741263783579773,0.9670075029630828,0.9681674877706029,0.9765432907196973,0.9789166949653382,0.9723803376579214,0.9855857594150463,0.982629648416366,0.9699466162319413,0.972819083717742,0.9698500689134351,0.9673587934981743,0.9667274699914422,0.9570429059927369,0.9522372730592978,0.9555629282328875,0.9321458171931088,0.925834525764213,0.9293665194400065,0.9763778649635266,
pre_model_seis1_20250809165457_523.dat---0.9574528111074053,0.9563722465745464,0.9739376578465508,0.9652754893436285,0.9582678458817937,0.9736714643745282,0.9628738802275936,0.9427983270417154,0.9607271590245203,0.9526753849125633,0.950155462973378,0.9643951034407002,0.9817602986717938,0.983055586718803,0.9875153633483938,0.9896370224645529,0.9912452329813525,0.9918501825308857,0.9883361866630901,0.9897276736586673,0.9928281039833028,0.9958969822325597,0.9911378298721654,0.9822169563705598,0.9827415698820132,0.9827560941507525,0.9894480440231035,0.9814542011492002,0.9811605213649014,0.9747097059397317,0.9739696270761895,0.9748245056609818,0.9684593767686666,0.9538439177489928,0.9338682074144155,0.9329026938764756,0.9332754985727423,0.9087559406731305,0.8899498065403749,0.8414026508762195,0.9078603463486907,0.9632973892758934,
pre_model_seis2_20250809163927_445.dat---0.9896791263349531,0.99439452043187,0.9941242623431844,0.9903640698097654,0.9935937906998233,0.9894322749813061,0.9911247982790519,0.9848505467272123,0.9865372853244959,0.9854481069770311,0.9841065130430304,0.9697412373311108,0.9668130463272295,0.9539027945727591,0.9465672680073481,0.9555903489400102,0.955935679797784,0.963226474712532,0.9704856794145363,0.9851323541230644,0.9731182391000538,0.9713502340052887,0.9468813452926018,0.9415198874027367,0.9248946658395116,0.9253850277167578,0.8816519496712286,0.9015376539294385,0.8919813102763995,0.8813565952583761,0.8597599655890387,0.8879701909726669,0.8800468123353725,0.8775951713589614,0.8569365611944983,0.8461100332308671,0.8594159248006102,0.8834139726501594,0.82735289478576,0.8331502397826276,0.8533362485527279,0.9330686610225312,
pre_model_seis1_20250809165445_55.dat---0.9793608336761045,0.9673222800187334,0.9849143012837392,0.9815785480938537,0.9783776083732435,0.9793743320125525,0.9719935800272621,0.9768284073328849,0.9777504379314534,0.9661573803106825,0.9599367738934953,0.9590645314190291,0.944442236156,0.963318995010755,0.9735448038194143,0.9723827812254945,0.9871094361090792,0.989581371792171,0.9888843783472399,0.9688082050238873,0.9858770999862453,0.9738855965319304,0.9547330579932446,0.9518117162416727,0.9592901633036566,0.9554081912650333,0.955457543429989,0.9561941781661334,0.951305288950035,0.9557207750444491,0.9681107348645814,0.9586024559563893,0.9567590134957816,0.9134528353205632,0.913852417784944,0.9452504570008536,0.9374093456857651,0.9307276067988478,0.9571449282736422,0.9457925954971754,0.9543238612872139,0.9622400264569565,
pre_model_seis1_20250809165454_345.dat---0.9725886519031235,0.9729318142292604,0.9667801472053499,0.9608685479215163,0.9601912424568649,0.9493341979080933,0.9713667722493122,0.9577867752242866,0.9751038012069361,0.9824890916901005,0.9889107517495872,0.9845675278808332,0.9897505200101697,0.9914080220379791,0.98912310093037,0.9924455528252506,0.9912259016972916,0.9872121349591226,0.9890283328004011,0.9739872395006921,0.9753494529206986,0.9766630263231076,0.9790260837852525,0.9866810345673033,0.9864204187385598,0.9904127438919507,0.9878908699089691,0.9855420030238429,0.9876401003754254,0.9820548208448732,0.9737422573620225,0.9625839899908457,0.9429150680761929,0.9340876155399048,0.9361633866353214,0.9346706295954805,0.9367186301457592,0.9144737074462519,0.9475542987402921,0.9733498017518051,0.9699704117648399,0.9710002555564695,
pre_model_seis1_20250809165457_68.dat---0.9867810275828173,0.9902908064996566,0.9882063239293654,0.9879228581255416,0.9879087420849325,0.9875204937561348,0.992395247337893,0.985347766308172,0.9868191241142314,0.9890325338008985,0.9800353579392798,0.9708590939214398,0.932913030332045,0.9606763514815307,0.9706454391854299,0.9822837923932214,0.9847213917972669,0.9846118520617199,0.987055566507964,0.9887952234158217,0.9908829195031102,0.9886360126509854,0.9909851007290909,0.9787547561410154,0.9801025769842124,0.9555371549806105,0.9495304610640549,0.9506480620549678,0.9533264225036758,0.9362097123197296,0.9333148513451385,0.9319890006604014,0.9572234199356046,0.9617341725525762,0.9582854059943008,0.9695545031991769,0.9705108483294492,0.9797408132246728,0.9847053857617861,0.9892997493891622,0.9879614699017836,0.973750117604899,
pre_model_seis2_20250809163921_687.dat---0.9942421393543516,0.9959227989039853,0.9967411723729446,0.9971874206641547,0.9954748457167872,0.9952923048865445,0.9950663047133669,0.9908617756515652,0.9884424850402176,0.9851311888120523,0.9774681650081499,0.9785449709870641,0.9935719122132108,0.9948905492699328,0.9913020814214984,0.9867543777462568,0.9788153981330927,0.9853173599301103,0.9859810185743162,0.9864078401099012,0.9870148381457498,0.9790873876181555,0.9842874567824115,0.9823591111078399,0.9702537453874173,0.9829973904444587,0.9820049143050539,0.9758372793467531,0.9704847644523672,0.970968463375822,0.946505015425947,0.9591322573579641,0.9325116949470567,0.9554310628567763,0.9088274809539706,0.9080218375298366,0.9471300962740089,0.9261199842886978,0.9389663074324361,0.9357152401163431,0.9033087872672796,0.9717166152420941,
pre_model_seis2_20250809163918_613.dat---0.9674327756259185,0.9853680340739835,0.9733598094563862,0.9483656440510588,0.9713178979902691,0.973769417348998,0.973303788881262,0.9761047185289018,0.9840827420623505,0.9850074810266155,0.9809051907778821,0.9647936435669782,0.9570914140240673,0.9659234329386773,0.9793745969969523,0.9758284170225481,0.9870769172579561,0.9820100959794121,0.9850864927585327,0.976937564330458,0.9743675355573653,0.98939720936285,0.986555257933499,0.9811544443912694,0.9661003467539253,0.9601289466095935,0.9740926610703101,0.9801076159716751,0.9736271918676609,0.9687763241835673,0.9308932486018446,0.9425373220338809,0.9435132774268554,0.9207998552462029,0.887503634296828,0.8605100111228189,0.8029475677783928,0.7692218982875717,0.7775344065524102,0.7866749929419012,0.7829009404917866,0.942743530809303,
pre_model_seis2_20250809163936_251.dat---0.9188904257137257,0.9462496263334252,0.9465832367238621,0.949897973724389,0.9279114337918538,0.9171517963150408,0.9450832308401057,0.9497121619521491,0.9743416921826772,0.9812320635643095,0.9663335284630538,0.967638094470546,0.9777411451540672,0.9855088373829028,0.9853281490265876,0.9888897559285502,0.9820783043754187,0.9655894600754263,0.9816134082721072,0.9857995772701011,0.9829127850045899,0.9808894663860512,0.9727893873428212,0.973069431998903,0.9573184764485516,0.9674698319173435,0.9460621963863355,0.9233991553368855,0.8986570009602295,0.8845098219435145,0.9020476735397152,0.8788942450500731,0.822209795687514,0.8019118590719873,0.8278687869271525,0.8040745777816019,0.7897400640852436,0.7375458280228128,0.8041671422450007,0.8474520612983872,0.9009399056933508,0.923109838894838,
pre_model_seis2_20250809163924_391.dat---0.9819504150442987,0.9799615691683254,0.9846358750469665,0.9877225449027648,0.981812331029573,0.9887089644988056,0.9930797872284097,0.9928768517618656,0.9930166095118514,0.9914963131680035,0.9932509201597546,0.9913015820578824,0.9942873886502167,0.9927466437390595,0.9912544367792424,0.9872094769581485,0.9891701349373024,0.9947912776148736,0.9943238223632969,0.9918619857028615,0.9887826310849043,0.9904538344182362,0.9894244044205345,0.9866989233318404,0.9849117668340089,0.9794793425988003,0.9781484683834948,0.9758741777637059,0.971041063719432,0.9681358258886046,0.9731273715780777,0.9687397512906644,0.9769801602997432,0.9798054078062072,0.9769084481626122,0.9736678037750915,0.970578079501045,0.9690264635738588,0.9576217150225118,0.96760910040659,0.9576523791061964,0.9824420987631625,
pre_model_seis2_20250809163936_888.dat---0.9888292045704905,0.9841163226440764,0.9888769875437533,0.9883809090873971,0.9821921470235174,0.977537303848981,0.9768622347145475,0.9601598055930708,0.9469283226304918,0.8987945538023548,0.8655819595167421,0.9035481061031355,0.9388632357094543,0.9311955155061928,0.9429866799842345,0.9709186507008045,0.9748814614655152,0.9656778204137333,0.9833553330447463,0.9884020081830281,0.9805909190966602,0.9539522650860582,0.9621005971368353,0.9477061439337673,0.9429768838881379,0.9380768995888541,0.9393295834014236,0.9077551883269432,0.9129317934122547,0.9055670869216464,0.9024168635652001,0.9066086382837102,0.894132634571124,0.915768046539329,0.9272152289493274,0.8995718769499773,0.9358589376217102,0.884398535613791,0.922930986774743,0.9371676025306293,0.8899079143160066,0.9406110533803513,
pre_model_seis1_20250809165436_533.dat---0.992419264722718,0.9874968318420605,0.9922623946780755,0.9940268284516035,0.9939474257782136,0.9876177566632055,0.9770425478061872,0.9529321947574335,0.9624380011797543,0.9178707497665737,0.9134965807832024,0.958235748477858,0.9730241320630809,0.9886042674979633,0.9910474703590275,0.9911554190910035,0.9908509853889232,0.9856317874583532,0.983824476744343,0.982120427903997,0.9764541836866601,0.9694505179217644,0.9764528702046815,0.9682949069388993,0.9698511452261994,0.9637353706622758,0.9666205938812203,0.9584847489392013,0.9526777293899417,0.9741990541059309,0.9736920721340485,0.9739243830715233,0.9625882289199577,0.9654843171603518,0.9593000777179775,0.9635762967685161,0.9653153390665864,0.9383480366001431,0.9416829954004864,0.9365981112730006,0.93858226451409,0.9685697203657813,
pre_model_seis2_20250809163933_466.dat---0.9891694419474684,0.9937922376302124,0.9875119106518133,0.9937351761451428,0.9938054624973665,0.9920477261374941,0.9925946680637353,0.9932031705685339,0.9946686178780075,0.9921937047818803,0.9910283929180367,0.9865399062645283,0.9877809985763553,0.9869397757214673,0.9856530969588472,0.9718482318758762,0.9698753384884751,0.9782785281757979,0.9938015302713105,0.9875860749498463,0.9802552222248158,0.9737507403075764,0.9559004701426833,0.968124524441566,0.9740594134272187,0.976650438928557,0.9871337068394337,0.9865090621928002,0.9853756128971287,0.9790170365836718,0.9705816033681353,0.9597013416347036,0.9353860751104379,0.9122513649476449,0.8390309965655146,0.8759290977190797,0.8234510157395449,0.8536382836548643,0.8335143521136065,0.8585029570761378,0.8985507313936663,0.9582772692149022,
pre_model_seis1_20250809165439_66.dat---0.8178965932702895,0.9620952415099328,0.9584401330983637,0.9557348653429772,0.9705763086987483,0.9790848617562895,0.9737605462510112,0.9715277338668669,0.9750590927099307,0.9688764394862177,0.9823141745221309,0.9730385070605471,0.9704462351933034,0.9714808732092844,0.977553501127346,0.9810803860263042,0.97991742358401,0.969761514459326,0.9662760468713463,0.9650599602014039,0.9428237852724295,0.9500177608438055,0.9498180559848769,0.9521922877778609,0.9638663255458024,0.9772487319674983,0.965662414816525,0.9611353138560306,0.9590027915220503,0.9601563634677414,0.95118205318507,0.9458929032536956,0.9485578602695068,0.933260621474654,0.9293748669306761,0.9413056050907763,0.9494939744074246,0.9359756333229533,0.9556358488121672,0.9472617869802323,0.9240675515873475,0.9564369018198723,
pre_model_seis2_20250809163930_284.dat---0.9738727525429075,0.9842755188764448,0.9862206301844298,0.9834669530532609,0.9905622959187025,0.9884380438056931,0.9837941796459272,0.9798075089645498,0.9793636292282031,0.9823890891170999,0.9712297083730216,0.9765274267920494,0.9608035546214577,0.9704030223380756,0.985466543085561,0.9810888080469398,0.9889822256504438,0.9896793834167374,0.9774023962633316,0.9701453092962434,0.9469503006583979,0.952276560381736,0.9745712570288323,0.961590528617188,0.9817352829934175,0.9746143355319027,0.9798909564028289,0.9772177169344969,0.9776041850791936,0.9833546551945322,0.9826465451917147,0.9817130665179479,0.9708071868447896,0.9630542201983343,0.9608713061305769,0.9719851497496257,0.9638546071877343,0.9713927025499178,0.9706078049232841,0.9704840784118625,0.9794856415137644,0.9756250504210526,
pre_model_seis1_20250809165445_22.dat---0.9458618080240392,0.9702713003586455,0.9481267453184725,0.9658255935371128,0.9441790389464845,0.9429724119372853,0.9329305395709911,0.9351752017804416,0.9012134063669079,0.9237088873815432,0.9253080922421335,0.9410872593669184,0.9278314691744612,0.944210900425332,0.9653206998583652,0.9705047226728661,0.9914364988112642,0.990251963736253,0.9941118368427031,0.9948060931438248,0.9956420912545367,0.9957495502983493,0.9934323458691869,0.9905992674415948,0.9927903976718924,0.991280076243548,0.985838594850633,0.98353713784448,0.9858588233941733,0.9750254696728377,0.9695038781554159,0.978803604436649,0.9834382967169053,0.9848838715697888,0.9817179713532043,0.9840328919269128,0.9828227159412275,0.9795181946163641,0.9764030829064971,0.9570786090431807,0.9544665508182424,0.9677453144273576,
pre_model_seis1_20250809165448_620.dat---0.9913277582065174,0.9902563134420369,0.9913686162059413,0.9904945733793444,0.9807017886877996,0.9899347236423868,0.9914657939591396,0.9896063832596119,0.9834692857674981,0.9789382609455444,0.9746582935625604,0.9792640039551859,0.9917076056094581,0.992461504140129,0.9930486139881113,0.9941384561009738,0.9953184232359897,0.9969808503916063,0.9948441332540957,0.9927940548470157,0.9655239119520198,0.9563837206359096,0.966472072366887,0.9717513144217549,0.9732717014247472,0.9639033156636477,0.9672558281464212,0.9729785247817635,0.9623506207699912,0.9705542574696405,0.9657369218080569,0.9735996408975324,0.9555576075789947,0.9644314352334271,0.9656016767465738,0.9592236849859768,0.9485141677439104,0.9614514523186354,0.9709327521588111,0.9714154707875021,0.9588867668104037,0.9767945434459401,
pre_model_seis2_20250809163933_399.dat---0.98092787788487,0.9855001317125808,0.9840033291672192,0.9844487067865042,0.9874371018493993,0.9843779133146352,0.9889349008384877,0.992612468201135,0.9939047839171992,0.9941412633459404,0.9885595174597348,0.9946403349864908,0.9963174200193118,0.9959062678896852,0.9929013249255951,0.9933084437945779,0.9919661676859259,0.9926447755058329,0.9920752950846231,0.989832816909427,0.9851710886373781,0.9767805678055099,0.9583430625591964,0.9185852587683431,0.8799174504123093,0.8054697483811378,0.789016199151852,0.7791299777670178,0.6486380740371765,0.7241773265096136,0.7371783477254679,0.700391515084865,0.745418108529976,0.8122775546892718,0.8126356092863526,0.8627941326723206,0.8676552263194872,0.8733784052988188,0.9190647184848696,0.9170249736604127,0.8956297655694455,0.9125150720153656,
pre_model_seis1_20250809165451_126.dat---0.9305445499861884,0.9577019214916803,0.9784921122286279,0.9829672108104331,0.9811013154779674,0.9803917821256971,0.9718551406730289,0.9717338152093519,0.9514381675952953,0.9461024656065951,0.9577770841162959,0.9860376950980406,0.9987131262866755,0.9984231069048747,0.9969650508090003,0.9679167462422623,0.9502655434781301,0.9304435356838359,0.9449601880130521,0.9237370485984854,0.9492567240713399,0.9340488301629024,0.9339611483876854,0.9453039034736975,0.945565159494128,0.9357721120608028,0.9473144187612579,0.975017588253497,0.9754628398436141,0.9735232899204224,0.9562896301798882,0.9593682964565274,0.9732082017520745,0.9704895488383903,0.981379010129449,0.9878821351720694,0.9889893678218162,0.9880054599218399,0.9845658963985725,0.9812291622729113,0.9719824340922906,0.9650288479000169,
pre_model_seis1_20250809165448_233.dat---0.9858909162573773,0.987997783096915,0.9857403030761955,0.97928677213651,0.9851138459669647,0.974860413211417,0.965907652315344,0.9632447895682559,0.9424143862704251,0.8960110374506846,0.907727324441543,0.9244861811457998,0.9640653397532057,0.9654902008615639,0.9677572345758158,0.9730128073781308,0.9650037123520319,0.9364933467713198,0.9612556807136798,0.9300476318791243,0.9475956059680152,0.9473029884809189,0.9444981287879866,0.9263804124612735,0.9586379693425803,0.9749699750053165,0.9591964452814717,0.9800292823962582,0.9691435226661353,0.9741521530154228,0.9738518113949826,0.9482007610352471,0.9620077317079816,0.927555158254394,0.9118017072446875,0.9233698615119815,0.9166545282977571,0.8957734589527064,0.8700880081419092,0.7659675524068792,0.8009839404060959,0.9424382527312753,
pre_model_seis1_20250809165454_156.dat---0.9848502087735364,0.9868560561103145,0.9927033992551411,0.9908778713450846,0.9857098861785837,0.9799916711951655,0.9730012297174823,0.9741732772497008,0.9716158876374124,0.9343817332537602,0.9284405551562953,0.9410325776567188,0.9288724717309098,0.9621061438016237,0.9670091571449417,0.9898020190296627,0.9931896110804364,0.9834427572889661,0.9674204263650589,0.9673450271462726,0.9517534770377245,0.9331943186782938,0.9513173299708007,0.9641056197544919,0.9465961813179664,0.9512819150017846,0.9584049504712407,0.9416702054187736,0.9491132252713619,0.9342733324506252,0.945707433619032,0.9254620023035011,0.9077430773054357,0.9137256782560401,0.8790198754159185,0.8760639985406226,0.8762680772211779,0.8937582584715996,0.8869309576955136,0.9233402787317146,0.945909418590538,0.9477673555766153,
pre_model_seis2_20250809163939_115.dat---0.977124493939368,0.9805685797143302,0.9766893130955268,0.9813468517756626,0.984656749072295,0.9878561723571821,0.9842916559895365,0.9846686227802316,0.9732669669831103,0.9712048965185489,0.8993910220528423,0.9401447303402866,0.9390898484274139,0.9329688844544284,0.9241465296499712,0.9064748714595202,0.8750292816764133,0.909949745191085,0.9260612773306345,0.9358744287875052,0.9482485527917226,0.9341492104210916,0.9027297573348491,0.8925779331239202,0.8964230693489701,0.8963979720627717,0.890122081292979,0.8452531515365592,0.9038967671655539,0.8299053262556254,0.8933161223837804,0.897841875137686,0.9060578729380303,0.9274756911275234,0.9143302657322308,0.8847530975736246,0.920872244931583,0.8724383563781782,0.8479370995764706,0.8532200301958887,0.8703967560791058,0.9199792232922933,
pre_model_seis2_20250816100712_39.dat---0.9869783707119375,0.9721161139421981,0.9831140950104583,0.9660022927480499,0.9616984931680935,0.9421560108599079,0.9395215266871572,0.9323822928615022,0.9271368235992579,0.908386434604191,0.9626421081683428,0.9664182151267675,0.9635112312904291,0.9559389673653788,0.9616026716811995,0.9553870959822404,0.9371236540618375,0.9407173920231726,0.9510680874121539,0.9725474588469186,0.9466705709350224,0.9564206432579515,0.9572001159645007,0.9686912371274661,0.9664227412220574,0.9745836173336798,0.9784306552067543,0.9689649081641316,0.9728919324307217,0.9824314818560475,0.9896593729110356,0.9893506861932584,0.9764365348441869,0.9726245731460105,0.9733768788163095,0.9685830415710022,0.9626056961774575,0.9702190479739222,0.9694530649162282,0.964827832000093,0.9678552856001289,0.9625402257024185,
pre_model_seis2_20250809163939_725.dat---0.994754826594803,0.9889932607731515,0.9918198706679614,0.9893816201754346,0.9919814788735682,0.9884996818959118,0.9882449946127521,0.9916859184835991,0.9891308335663611,0.990511019598544,0.9779470809551706,0.979473871254558,0.9671318626949761,0.9745982303134639,0.976245048075174,0.9730623872408326,0.9590744025787005,0.973990959949088,0.9710900311601602,0.9717392902845602,0.9422882596525454,0.9710902597392924,0.9626913225928548,0.9728340671203793,0.975760778658364,0.969267331623831,0.9469983690655663,0.9406805462005485,0.9287636820800235,0.9259276232056204,0.8788123859170629,0.8788548696189742,0.8989397412204521,0.9367311208547551,0.9236489780222598,0.933434506118099,0.9115870447505509,0.8899636528661892,0.8300370242859145,0.9108405563206243,0.9110921314481254,0.9529170956368489,
pre_model_seis1_20250809165430_244.dat---0.9505964978171808,0.9779285092112044,0.9864852255012978,0.9909240154656644,0.994245108637874,0.9898889036818186,0.9953287082658756,0.9948190624149795,0.9957230574266724,0.9959314601322574,0.9948730140947074,0.9969823909917948,0.9948518026116164,0.9946481024821403,0.9941913603522754,0.9936502468719836,0.9941922913579488,0.9921720207707605,0.9933261940291056,0.9885902871071547,0.9887673628127829,0.9786385962009814,0.9871165288202515,0.9898699917084335,0.9783257144803502,0.9736378868135737,0.9776517739082654,0.974599407580945,0.9803106280629508,0.9743175659275011,0.9770052988350474,0.9745424072193003,0.9780159307831764,0.9787119781744698,0.9787897428712284,0.9757219498700386,0.9612741321928113,0.9571271003228856,0.9359973262183895,0.9393919209305673,0.936001684273818,0.9806137362739532,
pre_model_seis2_20250809163924_600.dat---0.9824661947956752,0.9832286391166162,0.982539226443357,0.9814677318373285,0.9894559254213788,0.9870342273326018,0.9830519145466023,0.9784626755921411,0.9844115194715833,0.9720966720000299,0.9807552149526951,0.9872652248259748,0.9920544940103678,0.9935639849996115,0.9826243113342962,0.9863445177545858,0.9958965597380862,0.9966485480774367,0.9871254363528379,0.9944013436254465,0.9934509093146969,0.9877925075670724,0.9783000084744256,0.9867399678221468,0.9916435933138624,0.9844932162023607,0.9785650590950774,0.9741667039226393,0.9655504475480524,0.9697837711629462,0.962477227042457,0.9617571752014261,0.9725979387200409,0.9639553822894197,0.9629811346376616,0.9718325783629171,0.9706977344658614,0.971122349419964,0.9689725539734966,0.963216703284475,0.9588296473999574,0.9795078285719414,
pre_model_seis2_20250809163924_77.dat---0.9506869190735054,0.9524600361947501,0.9791554854329204,0.9799340257423965,0.9835933213987361,0.9822000666445048,0.9690059642436876,0.9688675242166038,0.9695531527911564,0.9600981915629674,0.9757376063099807,0.9763048490579104,0.9774727300170986,0.9908266376107215,0.975612191996875,0.9714043048079347,0.9754972962039148,0.9913142512759933,0.9721395619622231,0.9639552714598372,0.9784576652918129,0.9833606785202855,0.97080159597422,0.9534394527847437,0.9403677984974845,0.9562834098182252,0.9492438204207984,0.9565119977497523,0.9617412544137385,0.9678488974327223,0.9776299751959414,0.980016417758734,0.9756713472113441,0.9552774717587847,0.9666886263922227,0.9493527233789273,0.9631451755980035,0.973748316280722,0.9851293287767618,0.9873297239126575,0.9899824679307899,0.970435305685424,
pre_model_seis2_20250809163924_606.dat---0.9804091665171434,0.9915780930751219,0.9890828070775777,0.9883741384138851,0.9923316537705048,0.9892345737866899,0.9883769815619107,0.9840818553698415,0.9845125375269825,0.9641931329507172,0.9684086472315347,0.970224993537135,0.9713501676994449,0.9617403549119072,0.976221459285818,0.9790124942299985,0.981335496426981,0.9740395988827528,0.9730220651844612,0.9744949547736758,0.9735187452254538,0.981944070924778,0.9824529762965686,0.9810681485483825,0.9771493227188403,0.9836559439296512,0.9881191116102357,0.9888709173020305,0.9882288723085313,0.9873521379572807,0.9864342700375017,0.9788058698166907,0.9765359343444037,0.9730982855649507,0.9709827323397536,0.9717116350224575,0.9702201793238925,0.9715470597462437,0.9725817326399786,0.9794722578454668,0.9752783902088645,0.9790500918518548,
pre_model_seis2_20250809163918_713.dat---0.9847876889544576,0.9657462395614412,0.9655294860535556,0.9753133554361018,0.9668147652458984,0.9639738849112403,0.9629122938111738,0.9687473607048293,0.9653728572049751,0.9818330704630649,0.9765547859326478,0.9841208482194913,0.981188326079075,0.9855999123010447,0.9922617654253922,0.9979348581490372,0.9954740845344812,0.984048685797479,0.9810550916772127,0.9529743562960467,0.9007056255891251,0.8787326604857101,0.8845889689416673,0.9273034866375083,0.921398434709018,0.9535797174560352,0.9312960261244476,0.9420056500286713,0.9509968971096366,0.9613779333102875,0.9701026152886026,0.9677666654257082,0.9556421242422753,0.9579952039548629,0.9411973235579729,0.9391667307968546,0.9394239087937399,0.9217587746305667,0.9481542126938611,0.939073032355526,0.9406576880859934,0.9562235950482125,
pre_model_seis2_20250809163936_154.dat---0.9802025392584297,0.9811699252578981,0.9675887331296662,0.9677408592380287,0.9684821802152913,0.9628621520968131,0.9633919968259421,0.9674858360744806,0.958144112025472,0.9724878502303125,0.9747757082167653,0.98708169440422,0.9902183183722328,0.9916750934426483,0.9913922438518372,0.9906073543150602,0.9788818234311191,0.9729634178022266,0.9709479017249736,0.9261754710938062,0.9366420443942243,0.9301341786320158,0.9402229096019259,0.9587535272962392,0.9518592210761815,0.9305433777488014,0.9424865754565482,0.9387310739442981,0.9494900804698286,0.9512930628011194,0.9440143767333146,0.9418091725097129,0.9493350138358057,0.9466391319732348,0.9431085180955016,0.9594782352887317,0.9246270050307694,0.937210822878927,0.9433461717662911,0.9238049099079971,0.9533767214433357,0.9575897888266348,
pre_model_seis2_20250809163930_110.dat---0.9684420243660322,0.9566409570249222,0.9719682285259447,0.9761861354730789,0.9691882558789789,0.982589120956535,0.9776003298096055,0.9787407929523582,0.9808384835298836,0.9757032059352443,0.9837100183369502,0.9853639312800372,0.9870237913545037,0.9907785584737373,0.9927242929531599,0.9911342371850504,0.9864391106278144,0.9715748525916608,0.9500580830222994,0.9378043604833327,0.9456775495551635,0.9484125646416359,0.9595090681605262,0.9582194569321373,0.9786168590764609,0.9727306055596926,0.9740096988639632,0.9637949211415756,0.959157479971591,0.9720346348799073,0.9676378036020346,0.9557403651294378,0.9630369257019106,0.9446919463190907,0.9384693528832158,0.9130036254711834,0.912375563757927,0.8951794821315322,0.8675100405770337,0.8559129625683374,0.819184679932924,0.9555954721370344,
pre_model_seis1_20250809165454_600.dat---0.9912321752422097,0.9904853419154884,0.9860318974296459,0.9895281602144722,0.9816845516104468,0.9855402997377611,0.9816573378267516,0.976521730324275,0.9641984324489968,0.9532565413147561,0.9600618071696446,0.9425090166821036,0.9521703710647785,0.9460193601665379,0.9731109908499224,0.9955592893988537,0.9900188902608296,0.9831705973857138,0.9806737250773706,0.9776830142527776,0.9802225303066097,0.9635906487975969,0.9769159445369006,0.9648012327801743,0.9389345595892323,0.8977007189351659,0.8106686951273829,0.8053217874011228,0.8060761218677512,0.7965961322827099,0.747223910751028,0.799158823010374,0.8278218123127008,0.8200833809283524,0.8398676663901752,0.8571786229810925,0.8419663847511526,0.7778234913610204,0.801158346634127,0.7748650842665128,0.7761422215143458,0.9098836987048504,
pre_model_seis2_20250809163912_786.dat---0.9646063051100763,0.9808926122339356,0.9790327029246151,0.9772249439664633,0.9570029573945462,0.9604931524936631,0.9417808074604381,0.9498313648021868,0.957045755911248,0.9827505611988538,0.9800511345558889,0.9862539855860636,0.9925682446976999,0.9943388945809372,0.9919322873463261,0.9875887142388337,0.9854557100993063,0.987957417339361,0.9891723398833598,0.9889350126954768,0.9836896199950644,0.9721040237392814,0.9620398625800133,0.9471595454039425,0.9438164244406907,0.9615304334449386,0.9386503761476621,0.9352479524986306,0.8892788206935998,0.9296537643210829,0.9395406421712222,0.9314687865185125,0.97036570735468,0.9512584035596414,0.964168288943977,0.9629578240716327,0.9654597559223299,0.9432552289849896,0.9639027054390555,0.9596745953366523,0.9680509250888583,0.9638582583213594,
mean:0.9586271981879755