pre_model_seis2_20250809163927_293.dat---0.9252739067375817,0.8656585887809699,0.930510006596066,0.8406661096891305,0.8451845106087092,0.8853317992761638,0.8844441313100456,0.8962156520625382,0.8985743333512825,0.8625370763221519,0.8345214501503694,0.829727826931532,0.8907745274282542,0.9165143541790696,0.9400686087515541,0.963000904286731,0.9329032102231042,0.9509045435877823,0.9489586911257419,0.9108257217555652,0.9170087791966907,0.8942116759878108,0.8561369942898758,0.8621808960570065,0.8695893940772478,0.8670422300317249,0.8833590764156164,0.8586329811656748,0.8700918281260246,0.8622608228084507,0.8475627130793475,0.8402069157082375,0.8233900556016793,0.7704802959071783,0.8323417256972958,0.8782735478676336,0.9196826110273173,0.9377743747844737,0.9427940615731991,0.9502261915273246,0.9454064188226058,0.8873475498269942,
pre_model_seis1_20250816100534_94.dat---0.8241945755619824,0.7100591988119936,0.6533475233964805,0.6643924502533529,0.6441736681730643,0.6176726762739564,0.6127857649480265,0.6911655436749852,0.4558129706611174,0.567265974707721,0.6297280316911222,0.8280732764226407,0.8069261074773392,0.8663138679670072,0.7932601421387003,0.78793439762419,0.8223407689336366,0.7795447710704606,0.8115194490411763,0.7873857337220258,0.7344799152562648,0.7071951884692991,0.8612958474597788,0.9240188574372753,0.9066782771550768,0.8884890948957188,0.8580530367830479,0.7112804607507012,0.7287980982007263,0.5415966618882359,0.5009159029505186,0.6280734913605196,0.7383926593552862,0.8847451453077217,0.906709517057098,0.8514401432936087,0.8511008744810752,0.8066799228214511,0.8008042541084122,0.7977903118969135,0.8056001558481785,0.7509276758372656,
pre_model_seis2_20250809163912_429.dat---0.5986792569405969,0.7762748375040825,0.7247374086534636,0.686552609358801,0.7763567166015359,0.7895229129293073,0.8450668359771407,0.854244006723147,0.902351792809378,0.8265793086119593,0.8151949268964819,0.829930863291132,0.9353599871855579,0.9328042413766221,0.9425468900617628,0.9076150948022511,0.8921158459600759,0.8543918041827557,0.8309467338658978,0.8073097161726864,0.8409331427825882,0.8999806296689306,0.8957966528516491,0.8510760134404644,0.5403562713838628,0.47436863691257664,0.4689100279846191,0.29339228140309315,0.2890344472641681,0.3001146309212747,0.2962572703379973,0.29135154319088535,0.42852267183533616,0.4215588967585526,0.511258213466756,0.7771751882323507,0.806473299356723,0.8293095337205187,0.8125046557359241,0.7948932793985567,0.7472290291945384,0.7097336123352685,
pre_model_seis1_20250816100537_0.dat---0.8959039153607464,0.9196766005600238,0.8822869093680403,0.7799824498458856,0.814801872417809,0.776518582599069,0.7421659922969116,0.7730139233634733,0.8132635009684354,0.867081694968036,0.9120970882003042,0.9040423127347988,0.9779503887201333,0.990765143130719,0.9792964242299793,0.9677913511668713,0.9469922734593311,0.9544633690196561,0.8930015155144426,0.7392040289067686,0.654495075849343,0.7254525153364868,0.70455747092981,0.639860234794686,0.6634297669550959,0.6603293197855571,0.7493084304308485,0.7967374514382236,0.8029827488913199,0.7551031453608918,0.7280475144678347,0.7214924949054872,0.6129260951742939,0.6258838862528846,0.6352520859661958,0.6158991544211855,0.6928205731892668,0.7052940691398308,0.7267103790811772,0.7054562322993831,0.7393201808827735,0.7851623942044882,
pre_model_seis2_20250809163912_117.dat---0.7208531771482664,0.8899209909461754,0.8587693685520407,0.7963876216320762,0.7500823345147156,0.6556895314394637,0.5437340179424068,0.4488468484453706,0.5676718483128643,0.5414693875749477,0.6933824370000687,0.7568105837127461,0.6883632873241323,0.5585420428747119,0.5998634187811973,0.6534436149361637,0.7048813162383636,0.7681500395507054,0.8036907549159219,0.758051057367573,0.7679606194895973,0.7047042327511543,0.6673007418458592,0.614473648874752,0.6109453403515435,0.49536368125271457,0.5832504047329893,0.5682445357787226,0.5883309801627131,0.5527430157283586,0.6414539827414361,0.5854426276723593,0.7411157427356602,0.7861782302594352,0.8225290655563066,0.8042234084487574,0.7642708375189303,0.6642424264344982,0.631589852279887,0.5753954946018535,0.4514082812376726,0.6677992885284174,
pre_model_seis1_20250809165439_583.dat---0.9462568554498111,0.9516241553369388,0.9428141410814447,0.9382830623662283,0.9250195527911166,0.910034328700828,0.908839552001012,0.8920020687923198,0.8792805880044107,0.8026826084591253,0.8715762325525845,0.9355831278276442,0.9494618872714848,0.929088821041745,0.8435373167745482,0.7702822767988878,0.8893203344607076,0.8456031839065201,0.8940065754019955,0.8786154845789541,0.9059010620275394,0.8940923755419603,0.8441040658365518,0.8747856940628818,0.8934433231554625,0.8813714454285319,0.8647552590780986,0.8393147934290437,0.7825308868556078,0.8166963693949499,0.7974687707476874,0.8433805530081181,0.8231678693192197,0.7819374200728134,0.7452781569194606,0.7249891326921211,0.6710922352080042,0.6199525063657861,0.5913952357971842,0.573612686414117,0.5678267159059328,0.8351465539233994,
pre_model_seis2_20250809163921_836.dat---0.8386774923313768,0.7889910486829228,0.8164421252435307,0.6759095070906945,0.7505962232771289,0.6761381578197057,0.6481425680521254,0.6045667086134099,0.6755447286963612,0.5813527422643077,0.8813704534239267,0.8993372653137526,0.881953895124467,0.8741728510979458,0.879437632093945,0.8632785493892927,0.8122098795857708,0.9065357509057774,0.9430124357608056,0.9536737973657341,0.8968512761135843,0.9108600384000293,0.895756949171191,0.8953449638912704,0.8739302937565832,0.8015728933356008,0.8475059126964384,0.8146965768432392,0.7567293754314973,0.757632170828064,0.702109693635896,0.6549964045098462,0.6552443047383654,0.5791708871527541,0.6310252054015832,0.5762316985010422,0.5802530596679645,0.590413133632984,0.6116583437497112,0.5760987278616758,0.5431310284795569,0.758598945120289,
pre_model_seis2_20250809163927_685.dat---0.7164885627487169,0.886828399743052,0.9291431829187756,0.8410381111966534,0.8692697522400796,0.8529964731575991,0.824023140451242,0.794952605968122,0.8176691441299476,0.7097200496489421,0.703303381104171,0.8153996699794394,0.8613145530105591,0.8529669007001524,0.8490367168472304,0.9126385629360589,0.9436927698663162,0.9404351811397115,0.943103237991134,0.9458546421495458,0.932555303827253,0.9206317830938628,0.9308355416472341,0.917939546453367,0.8706174580381424,0.8723340082498624,0.743793140843161,0.7391523360343337,0.7594949983645874,0.7104120818472397,0.6251629770047957,0.5686363130686094,0.45644468495990526,0.3996696505167908,0.27324614658591173,0.2658553307527537,0.3440105742201679,0.35995227844328886,0.42760586063234907,0.48818428562777066,0.6332256443302482,0.7377959751821728,
pre_model_seis1_20250809165433_801.dat---0.9360928949092292,0.9540495413382798,0.9348606589534705,0.922810463202245,0.8890471339379233,0.8799932975312543,0.8239544146893422,0.8400258079175597,0.7556589429329528,0.7427247394932345,0.8168005612094072,0.8947892040778986,0.9313759922738946,0.9610931950087527,0.971103445219156,0.9691541479461996,0.9816321380873089,0.9819963128111884,0.9090636796240069,0.9058075340052373,0.9322981618331928,0.9398703622265644,0.9610797550368433,0.930939609500712,0.8853850510060917,0.9231446399022479,0.8542822104365175,0.8859119740932287,0.8311369590712399,0.8079825509078946,0.6702291698789824,0.6229236961005126,0.6900460844194175,0.7434435900178293,0.652444601965827,0.7567560040728881,0.8471076489311217,0.8373765329310708,0.8472557254223763,0.8691760635421495,0.8579827232476944,0.8621660297490963,
pre_model_seis2_20250809163918_772.dat---0.8528626686928138,0.8862160153639941,0.8785373505509949,0.8742917557124369,0.8290976058869148,0.8352992257107342,0.7934878079562024,0.7444604966533374,0.808784701524315,0.8244100305107945,0.8595400537970108,0.7830720971182359,0.7996909610429517,0.7916087397319826,0.8180401691117376,0.8730403038323526,0.9708005878221987,0.9495062257653379,0.9089501671592672,0.9008982048775045,0.8429480638047918,0.7726051025639277,0.7669524543273919,0.7206276176801755,0.6279603250786628,0.6098552232055952,0.4800064803260806,0.48466141235083465,0.4537172756553689,0.39469414106445116,0.35419769928334954,0.38256221840919347,0.4819410451222328,0.5292970372615171,0.5192914540997404,0.4680162464075356,0.4588182250950047,0.42260821708426854,0.38588523822221843,0.29508087146979994,0.2845592744210689,0.6760702632135204,
pre_model_seis1_20250809165433_198.dat---0.9305119094198913,0.9290023232299098,0.9501008816723248,0.9355454010848654,0.9148337452347379,0.9023210105462861,0.8667735017469993,0.87969909516313,0.8723144735661893,0.8208481298474285,0.8816794501225599,0.8892147922166395,0.9068781692804985,0.9545826610846554,0.7740504811944394,0.7501657528942092,0.7796243408921115,0.799342988267133,0.74468270697345,0.7047085449903258,0.7395300988343438,0.6627060283022554,0.6775149175913137,0.6531210157831744,0.6618907188322705,0.6035331002908295,0.6263869775059044,0.6349442703329868,0.6162727935604785,0.5789016580773386,0.6593156626686553,0.682262119992294,0.7251760918513159,0.7779164232447892,0.8424930439206388,0.8627009144451115,0.8843839789468174,0.9012030068957233,0.9325746072837117,0.9295891767062427,0.9228112778088353,0.7990758107878737,
pre_model_seis2_20250809163933_130.dat---0.9473159399462516,0.9316554037327338,0.9500813549133306,0.9570292624952607,0.9614730930346947,0.9586360620539066,0.9582780931728528,0.9624554972886866,0.9441589435179909,0.9546766974370363,0.9398713657223945,0.9130157305411802,0.899164931773429,0.866176520960773,0.903234821415596,0.8871794934794056,0.9645173066615345,0.9307723546415403,0.9108653565693927,0.9421551263569636,0.9403004934954089,0.9417039183632735,0.9147800264285388,0.8923444612497922,0.8544875431219643,0.857373600476275,0.8419513547225661,0.7868675899968494,0.8040747523654159,0.8019328986340406,0.7238141525151597,0.7394235657557957,0.8022568043188654,0.8956327366911678,0.9192756679658225,0.9154754326895502,0.8597766987667246,0.8451380912186766,0.8069715782671927,0.7736976229463938,0.7666755367977185,0.8869918995732233,
pre_model_seis1_20250809165439_743.dat---0.8712350195341463,0.8303841500456092,0.7826516381976141,0.8447872296784835,0.7451267800535925,0.7524995740334761,0.6880837819625161,0.688265021705172,0.5784248365414839,0.6541423544317374,0.5307435168191287,0.5750662764524161,0.6464913794204962,0.5322775422385168,0.5547979435542693,0.634016360798373,0.8101906701799103,0.8475840532476888,0.8351487664436801,0.9087310961508696,0.8900032798340988,0.8481459591490027,0.7774206063952142,0.7682993530883966,0.7654835379547673,0.7542538930377147,0.6596109495328963,0.6335364517209584,0.5750084253473632,0.6838086326750309,0.7018137359082774,0.6972626856097741,0.6963686214709767,0.7177441000336079,0.7180378815851343,0.6478815351095606,0.6320473412036381,0.682706471100454,0.6884298576381489,0.7503920300552893,0.7655940227951259,0.7162072527496246,
pre_model_seis2_20250809163933_188.dat---0.9236901137580786,0.9372794160889947,0.9325928748726783,0.8777734844435675,0.9317001983209177,0.9174425917262266,0.894959234579875,0.8879249480021342,0.894901785787296,0.7982493976140265,0.7042450405671752,0.7006809002856483,0.6182615713839121,0.9565575438107932,0.9865996850514922,0.9642717381880025,0.9456940157002265,0.8844151862295541,0.8635274389300175,0.8034148752421524,0.7857196507116512,0.7855096216297294,0.777253177565267,0.7870665367211048,0.8270187814316045,0.8449580845477479,0.7841202692816208,0.7545888375729417,0.7083437708440582,0.7213927701539239,0.6245474483682161,0.6599368306165433,0.6349192966083079,0.5378700602954203,0.5734218054597651,0.5680278241242621,0.6229652748972695,0.6825231769310942,0.6752395618050373,0.6718172170967213,0.6699630121263266,0.7834484158383265,
pre_model_seis2_20250809163924_280.dat---0.7705483041395427,0.754972103167654,0.8888600268229373,0.8942606921128191,0.8906515588198919,0.8684280056613524,0.8641766719891246,0.8868240786009756,0.9079438386835861,0.8928650946520856,0.9435724456288409,0.968094648976917,0.9832171112614807,0.992116369443163,0.9897923387260598,0.9725769770774427,0.8879756496894895,0.9584571042232765,0.9462825396475724,0.9374129950130029,0.8791104426354679,0.8399520630882874,0.7244358687153561,0.667573578928312,0.7857204838917407,0.7602664597736263,0.7272716115215307,0.838820972381696,0.8447787042877486,0.8493103129023537,0.8628164612404519,0.8831740840855584,0.8833547635134021,0.878926246872088,0.8765230480370455,0.8373232422772218,0.8698302177057284,0.8591592997133756,0.8417354772503228,0.8038714357829876,0.7323696446854386,0.8645208042348039,
pre_model_seis2_20250809163936_197.dat---0.9026613966842657,0.8827963702403974,0.8968006536756672,0.9234416468403669,0.9160279386909181,0.926148865274182,0.885082763537829,0.9084317358845659,0.9157704491067833,0.9311812068139966,0.9368047852311866,0.9221181377674945,0.9471914055723875,0.9541788252275326,0.967995235057472,0.9758312120327912,0.9914579542832389,0.9864369954899038,0.9894419202881246,0.9869658830909134,0.9671759881630182,0.9325778019321603,0.9031686751991019,0.899247126319052,0.8850785259689505,0.8699476729345698,0.8135625566395103,0.8282097429378532,0.8452233767770804,0.8154407703969407,0.7241915743466022,0.7078357655053071,0.6466176555392579,0.5771582560485655,0.5829276850114059,0.5530132771190609,0.4380199357993278,0.3256182826486125,0.4250941316826983,0.3701750890118163,0.28535498970087,0.8083513234261412,
pre_model_seis1_20250809165445_178.dat---0.8212910464347695,0.6558072149975885,0.7594097539044093,0.8078250898104712,0.7723320671180206,0.7157466946941956,0.7056752704209938,0.7119027396308862,0.6736754696641793,0.699850475952166,0.6420954890024929,0.7961924307593942,0.8119021062732318,0.800329357639719,0.891447165466813,0.8647346500845577,0.8763677088242502,0.8835322404440794,0.8483659555765694,0.6897127970228271,0.7060311429086777,0.7160854436691563,0.6966058025329945,0.6007762501337566,0.5534010035334068,0.40243196225884376,0.3336135531592693,0.29209111311288555,0.26643764401870645,0.14438286394604535,0.10021330699693475,0.12238972881369703,0.3115531640909777,0.3472498676263457,0.5749660745567727,0.6769735746093456,0.8378911354778953,0.8499130995446404,0.8304715569790702,0.753995090456804,0.7089905410973785,0.6403575522742736,
pre_model_seis2_20250809163936_823.dat---0.8551426035904972,0.8826464183399049,0.8498166910166771,0.853790022891962,0.8446914661047199,0.7922295593819461,0.816263403352569,0.844358718190124,0.8839239191369845,0.9198566624028177,0.9581198580598919,0.9590165139829367,0.956938537560201,0.9969099713834748,0.9934355503554876,0.9935701168506327,0.9330274964160541,0.9245743240323046,0.9049390125200576,0.8581963477920623,0.90880863601525,0.8803741747526181,0.797151986277777,0.7918098862535518,0.8109669104727275,0.8155105420413189,0.8291594397566878,0.8878435038398408,0.8658533982822757,0.8707310373210323,0.8637062418406063,0.8719399450224499,0.8918351524945611,0.9158237492086837,0.9191085053694329,0.9356743499700007,0.9346668738024919,0.9206241793718398,0.8822955126252953,0.8873106060572997,0.8765460093864682,0.887297264232281,
pre_model_seis1_20250809165457_41.dat---0.8603742672828546,0.8507338722554156,0.8811282146068806,0.8448337842070256,0.7985678129265281,0.8657299787886366,0.8406317256699903,0.8697646811619314,0.867906774301781,0.9141311220229941,0.9063317120239562,0.8555796268432454,0.8371298849663462,0.8031428124948418,0.968459201716189,0.9743066401400379,0.9712143040655739,0.9465769573914476,0.8460821733552201,0.7832993741748729,0.7510181482882465,0.6650296606232418,0.6196852108019331,0.5794162286386239,0.7318871502082668,0.8056986845681109,0.6123872427992787,0.666053349000806,0.5916009678766208,0.5886248264565328,0.4501070146400696,0.5185309513746252,0.4741617333706562,0.4690414554858975,0.6213039800745461,0.7411449484126662,0.7468603663285903,0.7466517955288229,0.8423605646881489,0.8970837645379767,0.9004013772621329,0.7684140083258917,
pre_model_seis1_20250809165454_715.dat---0.818869358885298,0.8708596325323209,0.8512388941446245,0.831237260798231,0.761894691950036,0.7483627485216172,0.6592249103843806,0.7140830537980694,0.7755696359948305,0.7548334370602446,0.8386697206703536,0.879051909024009,0.8969588952137034,0.9110394337275058,0.9366877106991596,0.9493247452133654,0.966079578550994,0.9868428987749712,0.9784907766052959,0.823134500477072,0.8410417954715717,0.8476939662905898,0.7687866496460246,0.7896595977799948,0.7542234618204418,0.7649521273262091,0.7846003289232235,0.8041412046404377,0.7673590977282028,0.6389439645820862,0.5622513340064295,0.6028697486931711,0.6955895653677796,0.7729816653165029,0.8107351781539092,0.8336065726794637,0.824864333033599,0.8264745870054249,0.7959564868224989,0.7936528285946889,0.7833231914589687,0.8052722311796902,
pre_model_seis2_20250809163915_661.dat---0.902376788859072,0.8515688481956835,0.8739992135735847,0.8724170512343956,0.8671707878158642,0.8399381408478473,0.7969630623121843,0.6883906345926383,0.7694994711319655,0.7951549356532341,0.8216405894254238,0.908739977614111,0.966461799897507,0.9647063027244931,0.9665720350476268,0.8851025744576534,0.8085537640130265,0.905463408667375,0.9291553777672318,0.7191986822417779,0.6519066859294045,0.5847626859603886,0.5298473796173979,0.49918280141156,0.677167952246175,0.7182439709033819,0.7355491803000992,0.6920617155362183,0.6410252911300142,0.5976767736015641,0.5197468383926948,0.4405186528072723,0.4641176376221993,0.4020302656871072,0.4197093999841658,0.5287652487342096,0.5908611437161774,0.727575805130316,0.7538526209617911,0.7826566066003656,0.8034629266877261,0.7291169519276322,
pre_model_seis1_20250809165439_280.dat---0.9547293332840684,0.955069541940841,0.9302764274179313,0.9149707310777679,0.8647553891358395,0.7929572888938659,0.6919112533459826,0.5407345799151544,0.48975980764428745,0.33958507744870975,0.31558902105165315,0.23446263986048563,0.6327412750249966,0.7545740441384889,0.8689599730588727,0.8972434713038212,0.9148541523618515,0.9118873225510017,0.9220589505959705,0.9274745895159131,0.9343033345670845,0.9532920473461276,0.9705697055970165,0.9519765650619534,0.9123135441387716,0.885172296355692,0.8794316879239489,0.8680542251052412,0.82029044699089,0.8223432712879691,0.7768690511988692,0.7777430604439217,0.7547839400634434,0.7620153338232446,0.7812365677841152,0.7859930278852606,0.72581117092274,0.6813572755394499,0.6795077508759072,0.5981264285698737,0.5824939309758543,0.7745921837079238,
pre_model_seis1_20250809165445_9.dat---0.9294322536889817,0.9146770781336642,0.8966408410813481,0.8109031049806366,0.68339650196217,0.7267090978898014,0.5760266598557903,0.3511108323845664,0.510254700057761,0.5039303723004751,0.7518960384256242,0.7987096533993958,0.7968417441742544,0.8254441279273853,0.7927888964274417,0.8317493472348086,0.8724033197746488,0.8791126697821077,0.838936422507625,0.7677754740453657,0.7719736687104364,0.7736752352635967,0.7748572085710099,0.7585778578502115,0.7686562247777069,0.7696630177913151,0.8040202255954658,0.8485958025652701,0.8328385833819582,0.8506510193006709,0.8536283906900182,0.840028305582272,0.8307718935293839,0.8272839235587583,0.8033287889723713,0.763430332705951,0.7021842216200258,0.679443199356184,0.6518174976289948,0.6176670707265375,0.5447616058240868,0.7591852002447824,
pre_model_seis1_20250809165439_359.dat---0.8899280269100215,0.9210002263662298,0.9590855033687891,0.9195223841812005,0.9475144091756246,0.9125451942284112,0.9129440789842624,0.9001049145545841,0.8818268375903205,0.8979239900640767,0.8669356802019837,0.9237056262211849,0.9706856897284718,0.9742053272787191,0.9783744103823658,0.9017065691248807,0.938134128056858,0.9589784841084535,0.9583507878374244,0.9569824783716838,0.9173631084418168,0.8999244743521466,0.7494533836456924,0.6942777499221043,0.7047807454227493,0.6677294862497921,0.7972452261680383,0.8265747210020146,0.8918374726583963,0.9078010363382656,0.8663566766481321,0.8447978409275698,0.808901207900611,0.8042879305336715,0.7301151828937664,0.7534235734635765,0.7834429826843029,0.7807483942716585,0.7975489230027708,0.8105682962271765,0.8386382704393425,0.8645432056080278,
pre_model_seis2_20250809163939_825.dat---0.7762484141782899,0.8929369388039979,0.8486924717743519,0.7471554945189193,0.816112973476834,0.7520475890021099,0.6093087039529504,0.5395169075176077,0.49610315218543966,0.3512013872095441,0.2835777156494787,0.27884051263552934,0.5552295174230358,0.6135588069456758,0.5810687376141336,0.4623606555604983,0.5382037995057262,0.7076025786054795,0.6301447567440385,0.5688116862011973,0.5925128048348766,0.6061266248889503,0.7290186647047489,0.8275730822764124,0.783957879739928,0.7515032274464842,0.7499695297082365,0.6516916933067954,0.5720821158836321,0.46990369712374863,0.5768832611050986,0.5073712217125209,0.4501288951586711,0.4859962721760712,0.522735735438404,0.530673082241571,0.526321648964874,0.5269574401796345,0.4612217037303418,0.40056432325596725,0.35342933171506735,0.588423049636509,
pre_model_seis1_20250809165457_187.dat---0.8215032395260337,0.8207744860997546,0.9263143191118478,0.9314507043632537,0.9107017595874245,0.8896267776786216,0.863090403385256,0.8752819450726009,0.8467634953603654,0.7867454047319236,0.779065823295462,0.788047791134216,0.8059645779609851,0.9144511319707846,0.9245084223234554,0.9095321171355994,0.8823254882800934,0.8669086444918188,0.745911547884512,0.7678748882613455,0.5880546123380583,0.4907252786382291,0.5025729701797512,0.4196018960546821,0.29374586312430434,0.43937741294176424,0.29693592138957425,0.39539274132743657,0.38070691110502786,0.5271524154380329,0.488260204962142,0.5017078695016643,0.5656990880463175,0.6351520899885991,0.6507992597308148,0.6546682029234753,0.6731302166453986,0.6565341190833519,0.6987874733747242,0.770933152542328,0.8159422508408742,0.6951883638495586,
pre_model_seis1_20250809165448_278.dat---0.6078973813276508,0.7972984214592431,0.8697740361695437,0.8659690724247807,0.7826750822872085,0.6981439826488993,0.7635151603027156,0.7032483383536187,0.731979124274605,0.6240722436312314,0.5685551370318707,0.6250438261187552,0.8299852557992811,0.8150187253490928,0.8406890836744729,0.7865669549716249,0.8203169492885195,0.8446316378310078,0.8707326458764846,0.8670687556159408,0.8530655584913804,0.8033744216381865,0.760245895995639,0.7522600387656593,0.7005377678734043,0.6875342348923272,0.6650677302428722,0.5844070290591081,0.6405841212631175,0.757360340331146,0.8288624764810271,0.8821729550932732,0.883885988734338,0.7727724621920505,0.7592809349996511,0.7114864689493915,0.6575309831853969,0.4717596718802985,0.44053723414537205,0.5241961130615831,0.5305401257077356,0.7312352284736464,
pre_model_seis1_20250816100543_9.dat---0.9253694864526876,0.9122707425948832,0.8800741800049129,0.9163585243417336,0.9063991115070202,0.923492316430056,0.8705769926208519,0.8971062459210377,0.8556191000009553,0.8310928828045067,0.8568708527463289,0.7496683841856576,0.8818662714109028,0.851322453327875,0.9421439671157662,0.9575895788912869,0.9614747517951983,0.9643732390996447,0.9543214434765447,0.9338276855648816,0.8614206008612937,0.8160251619850662,0.6457157310508829,0.5654945803625804,0.541076980562176,0.5254310465779086,0.5269324040535287,0.5016910404253476,0.6434837290955934,0.6422487732531085,0.8105444897119358,0.8401127013873274,0.8340570224334948,0.7861431731478717,0.7628431612068748,0.6897447771435076,0.657934575657327,0.5713723810922581,0.5385185783578967,0.5347005994672158,0.5250105225085654,0.7754224448935241,
pre_model_seis2_20250809163924_826.dat---0.9396718507384502,0.9281266443968762,0.9283404848450743,0.904859229101592,0.8895797224735822,0.9041526280661597,0.8665411153505994,0.6937748314576673,0.7090042456815344,0.5610671526255936,0.5882317711936198,0.6326219366534003,0.699971542712421,0.7817423772783743,0.7420655381033152,0.7519848809477973,0.8311082461238181,0.8003922715573883,0.8388635564804692,0.8761002719887738,0.8776096199076505,0.8641487169668898,0.9205524806037698,0.9204497825573134,0.8779984032575244,0.8445580909308064,0.8537065523392897,0.8092692259364586,0.7992180133453206,0.7565718510676921,0.754583317441351,0.7458239226348912,0.6854670735521431,0.7601247423663221,0.773608084192029,0.8523859274767286,0.8689863188078185,0.8557600584308968,0.8565131131014264,0.846484019206001,0.8367143485837706,0.8104569258654293,
pre_model_seis2_20250809163930_327.dat---0.7534136553628055,0.5936814641740183,0.6480327192978877,0.7201445432502918,0.7078975558852517,0.5679294338857082,0.4159405433233007,0.43055634667381,0.4163019007591052,0.521010361079544,0.42611545478586743,0.671181722386997,0.8950259390784696,0.8696193305702759,0.8188349182884276,0.8214059488157875,0.9379829903517936,0.8229299217427386,0.7144243485146216,0.7704396822577811,0.780097321954019,0.8189807435519827,0.7972636293736783,0.7302711449071632,0.7048011601412562,0.6193167046578463,0.5441308280917269,0.6256230658732379,0.5522338377198327,0.5836125625248874,0.6922562703719883,0.7150119919566048,0.7752822408212919,0.7340692824458861,0.8163194298614705,0.8381546933514078,0.8397218829866633,0.8110607994720551,0.8446099762650455,0.8644937753112831,0.8799107022955656,0.7095144103516918,
pre_model_seis1_20250809165433_441.dat---0.8161929963115677,0.5689889476715293,0.8173766312805333,0.8084207880125733,0.6943496680458813,0.7020022287518556,0.7217379638204775,0.7363332556638095,0.7199816391105281,0.7971497990434289,0.7993890838215505,0.8209070457559597,0.8139773642109119,0.7481518056631371,0.7143906935185556,0.7203482525597437,0.8484998618207746,0.9390360627752777,0.9214005465983487,0.7427451215741804,0.8114367569755141,0.7919257647543637,0.7332019440592109,0.7531973144144977,0.7616774369849638,0.6629414528099188,0.669248232493149,0.5259649690203188,0.5866007636845372,0.5920822194561486,0.6443475692845716,0.6604555555578343,0.6314684507225574,0.7030501228540889,0.6728812431119439,0.677195046108402,0.6206742030174113,0.7113997026255248,0.741677536733607,0.7886317748653292,0.7451922776655155,0.7301617095904888,
pre_model_seis2_20250809163927_0.dat---0.9479425872892709,0.9661399337667829,0.9671793480680642,0.965311115714863,0.9568776868667885,0.927838179627319,0.9119388016994775,0.867957896004968,0.7796191440269088,0.8469008615431217,0.7916745299891447,0.809283853359465,0.8228852156229781,0.8645851351116112,0.8318455958583622,0.9022649320664571,0.9563288758998676,0.9465650728228663,0.9362844937398689,0.9375739434930012,0.9541003738592109,0.928411362630907,0.840512561397966,0.7897194129198093,0.8048580665149468,0.7437832343460792,0.5196545812903062,0.5846544987523146,0.4626877062913272,0.6984097064437416,0.7301798515920785,0.8877974578571779,0.9014518294248898,0.9082778384909571,0.8815345515615822,0.8095259351791416,0.7638142124645855,0.7120465802686289,0.6964636120371808,0.6655220583222949,0.6553942339316777,0.8262389480036096,
pre_model_seis2_20250809163912_697.dat---0.9062506277075646,0.9625260388669368,0.9587786494062323,0.9540349354479085,0.9467150006053029,0.9357320645771916,0.8841942287595574,0.8686257552811218,0.7835667355621269,0.7911435779931155,0.8074393767990882,0.8109457742595839,0.8903064263522864,0.9223278088890743,0.9576611599408826,0.9629565563476681,0.9257364779311857,0.9395590270198985,0.8659316111615963,0.8170712567708399,0.7948413268333264,0.6026725810378811,0.6994164171804494,0.7753697359299858,0.7666665163950055,0.7055142475705195,0.5929263612943194,0.5949068444003702,0.45985251937363497,0.4549880544216937,0.36211743076704844,0.2916927026166171,0.2531282759233215,0.2815402777998246,0.3630018688180756,0.3785606474289302,0.49047165387220854,0.6579521043038515,0.8989874542701634,0.8784028610157102,0.9403625603861334,0.7349969641784935,
pre_model_seis1_20250809165448_639.dat---0.9083345710910856,0.940931166784678,0.9185612878774755,0.9341893880195948,0.9017260539560403,0.8826121583868806,0.914988523729744,0.9127097787343671,0.9009355480743501,0.8866989526721664,0.8757052044538316,0.8772636417888829,0.9230985584738459,0.9176241444128399,0.9287754692298321,0.9491655736882032,0.9512724688785325,0.9424414262059533,0.9631047672599535,0.8642763297232167,0.8179653137802201,0.7661841635588921,0.6688559668607743,0.7052494956619701,0.6483691866865585,0.7724119916345958,0.7144470242664286,0.723375814922735,0.7666574196864355,0.7363863401095836,0.7449496031130781,0.6715906900783718,0.6199813959904841,0.6098282695769405,0.5099925943787368,0.7460188593285058,0.8566657548835034,0.9303417135451633,0.9355198498678343,0.9370765925998196,0.9464996746605095,0.8322629933812835,
pre_model_seis1_20250809165454_755.dat---0.9105759314585288,0.8921848324054233,0.9141342633446651,0.8910929249853355,0.8266368372133301,0.8387210973740232,0.7145302072387042,0.7519795405515253,0.6192205839878296,0.5955393086534317,0.5391334186928635,0.587766357044629,0.579746719315188,0.7416956830793099,0.802440974842087,0.8819246912385491,0.9214985872669148,0.9271973237176433,0.9196103410935107,0.9088898260763576,0.8474073023223302,0.8155009182725349,0.8006488784817691,0.8303328692846471,0.8101141307676878,0.723306199932311,0.8210662657404042,0.889625445912805,0.7906810080216716,0.6827850102144297,0.7054794039008583,0.6479863082376734,0.5901740861361414,0.6934418365166253,0.6260870633430892,0.7213027939277301,0.7175381925172312,0.7219928331310893,0.8628907983767189,0.8859015428685387,0.941720766120886,0.777817148868464,
pre_model_seis2_20250809163927_599.dat---0.862996284491882,0.6718367581804111,0.8386898733171444,0.7646436095477619,0.7879104386710998,0.6954952930755114,0.7098244745890397,0.5970521549667318,0.6893658336124537,0.6034472798349194,0.7669056228475959,0.7060790335287974,0.6710906633563607,0.8071874339061296,0.819508812418094,0.8788248724741047,0.8901831714850763,0.866653549489964,0.8878804336264021,0.8751592315176033,0.8560405660289512,0.8281201122162706,0.8227609593856946,0.777783745792148,0.8209898112876922,0.8104692792226063,0.7488916591057462,0.773825953572979,0.6923858042887967,0.6995381650345899,0.7283006883552995,0.7190280010040742,0.7022723633705703,0.633534554884025,0.6858870765370632,0.7297897442598418,0.6903719464418239,0.6991633167812744,0.6014830399365464,0.5632286381176751,0.5215602845826135,0.7438087935400821,
pre_model_seis1_20250809165454_784.dat---0.8500937503648164,0.8683938461021115,0.8466950704173299,0.6659928083164866,0.7754094421361628,0.7849462424750571,0.7525851908493276,0.7763239164052798,0.8032405236547868,0.8271023926737733,0.8468341175730374,0.8307639005770102,0.884099077757424,0.9259307027320818,0.9735104328406008,0.9248574064575023,0.7649539483934341,0.7227735957369934,0.7388043844886149,0.8035689586698069,0.8655886855917906,0.819939372041666,0.7723099463185316,0.6824599160150848,0.6597884998471617,0.6893118470691271,0.6296254275829128,0.5705458613385986,0.6518364646205024,0.5334640224748423,0.6553663245229242,0.7216110250577887,0.7130640409850393,0.6827639923806955,0.6540931237956406,0.6939177672518011,0.5928985640773291,0.5802898471329493,0.5308731791547553,0.3740129352225425,0.4337240827968679,0.7286430398512241,
pre_model_seis1_20250809165445_822.dat---0.9044772924552501,0.9183182644112593,0.8867629769586064,0.9084131046771718,0.8851943365239966,0.8784235657999931,0.8851946907497736,0.8624379366681575,0.7266269749130491,0.7186483315103256,0.8511658458865355,0.8781600193445557,0.8914204565494422,0.9692247087535937,0.9715788991989117,0.9808524932317604,0.9600260086788512,0.9605924657996131,0.9478163685869916,0.9531670695605464,0.8528524189094585,0.8844796223491124,0.8061211524459752,0.820130216674757,0.9347651139679697,0.8656055999247413,0.8061856561079743,0.8007904707816357,0.7834614154072359,0.7615783036786807,0.7363384453990974,0.7076653554192712,0.6220477247240166,0.6957381739708005,0.7766046254326316,0.8036259429646365,0.8679714680931169,0.8167167221063268,0.6887618132267653,0.7333060423815764,0.5614037058870849,0.8357232146368596,
pre_model_seis2_20250809163912_377.dat---0.8841558762011964,0.8447050622274462,0.8637503016695659,0.831374033543,0.866427379895524,0.8834349178160957,0.9163098922682167,0.8917245119086205,0.9080644350965404,0.8840526113784585,0.8776278997532323,0.8724511755540136,0.8344409237053687,0.8259417288253601,0.9476773982862586,0.9747345301458471,0.9919451612703026,0.9401000946172994,0.9362103010119341,0.8952361965888852,0.8725860184113177,0.8688786987309421,0.8915964594564617,0.8613334386215017,0.77858648979561,0.7015947411190353,0.6903724163402685,0.7042267071737789,0.7646206341376935,0.8036060016651858,0.8018405187353265,0.7807025767927346,0.7987237849650315,0.7171266186284464,0.8733939497109063,0.8696937790813456,0.8981678037930856,0.9041035928192674,0.858778004487194,0.7571243474111814,0.6218032093812076,0.84607863958587,
pre_model_seis1_20250809165451_8.dat---0.8819296881729571,0.8621863024727315,0.9036829410036452,0.8442774271513519,0.88009339034296,0.8753613256721477,0.8627013239187925,0.8258371652717632,0.7784674491793885,0.7746804066749567,0.8042984681742705,0.8599832768246812,0.8344694986423294,0.9645657756745132,0.9628404763169779,0.9440212220081637,0.945600736776733,0.9662944924246774,0.9675499259988131,0.9616967868325694,0.9507828379387668,0.9402401533749588,0.911355588793809,0.9191581458879257,0.8464737906576165,0.8459276571798635,0.8386672171597896,0.8889570995334036,0.8877729379861369,0.8613255188857427,0.8338984001500035,0.8210355653377386,0.7422973408653801,0.690507094512935,0.5632367228510657,0.6593268727272379,0.6771623372337252,0.7150705002321086,0.684174773811437,0.650792211521153,0.7143056582501025,0.8376343049859836,
pre_model_seis1_20250809165430_249.dat---0.9715517468708119,0.9375597496038982,0.9751949467578271,0.9581404919800071,0.9643554507080065,0.9540008953143745,0.9430099511542981,0.9425731241954013,0.9359515048608607,0.9210109603424261,0.9157966893989353,0.882176452603085,0.9339905089317982,0.93980811345161,0.9860259385609024,0.9757492318863402,0.9336336436664899,0.9070146899136224,0.8685802780596976,0.8296612776591599,0.8267598533798091,0.7657558121523178,0.7882774976797691,0.848512566783768,0.8469154703465089,0.7677144093914002,0.7798588832480634,0.7589580108038843,0.771323888349513,0.7641735811571171,0.8047683037872426,0.8005921407156227,0.7665347125962477,0.7811087071082307,0.7608423936026025,0.7513776590873811,0.7102743691771467,0.6614598020793606,0.6479480395260077,0.6107740887118842,0.5531547280178234,0.8400700137468597,
pre_model_seis2_20250809163918_253.dat---0.9478356949676628,0.9407884420661947,0.9469758423761624,0.9166844873597666,0.9167209831013865,0.886368031241583,0.8845749491873817,0.8226426465518056,0.8482120044141428,0.8544674833141387,0.7685432627849001,0.863920869609655,0.8765715102872378,0.981339123315521,0.9733485586825225,0.9740452511303757,0.9819856275501997,0.9893647758208465,0.9808817314709998,0.9773267689482372,0.9305576436058566,0.9253063924450944,0.935072803737346,0.9347170085132877,0.9154494463540719,0.8843895476678233,0.8516730924961207,0.7970447781813327,0.7351377566406122,0.7505151651143267,0.7041744142366004,0.6892212716216208,0.5772178463155467,0.40506959018483496,0.38731593888186233,0.28679024342186266,0.1948478184840641,0.09165682503015393,0.13166134501070334,0.07888367457014854,0.08475203551679053,0.7469281142002628,
pre_model_seis1_20250809165442_382.dat---0.9614804050698689,0.9599130885785041,0.9553687543833315,0.9421830656756425,0.9068122633253194,0.8949052924411983,0.8299175863919815,0.8174103192869278,0.8516766142037092,0.8263967586958112,0.8671410250813513,0.9263196417816462,0.9218323370205936,0.8285657844962332,0.8176677216967332,0.8529496007439542,0.9108175176275594,0.8978651698255025,0.8320795239246779,0.8546055328809716,0.8830526146153592,0.92615769700602,0.9082235803267106,0.9283694132964918,0.9255489669928216,0.9003834515074034,0.8750155726699683,0.7836488989257728,0.5325974511117366,0.5645682484743765,0.5169943544028667,0.42842911115883164,0.4206314924518411,0.390890079290324,0.37419982624303444,0.4131528988517458,0.54906176125913,0.6036348505493427,0.6961568643952657,0.6703686364974212,0.7198011844980545,0.7723608526257568,
pre_model_seis2_20250809163936_45.dat---0.6133617530760144,0.7387804963653231,0.8293162950078327,0.7973671452157802,0.7900741934864616,0.7698555240277414,0.811213889393586,0.8481670008115836,0.9335926850678096,0.9307642856942394,0.9521578297791159,0.9482210053569102,0.9466533423691587,0.9462343113477462,0.9411044234476614,0.8601908574048268,0.818585167830395,0.7591343825857786,0.8405307983755257,0.8456412239409176,0.8910121783182033,0.8418401030224197,0.8429194224733924,0.7945873882160112,0.7906250311709174,0.6880694535151463,0.7116662632440832,0.6893288865263183,0.6052331700184289,0.713565043266243,0.7690867172905872,0.8167396917213333,0.854175902404205,0.8559732713752656,0.8591976274707017,0.7381259749418785,0.7059807977554526,0.6905438443013582,0.5863147162336952,0.5626671682635462,0.5302837052421057,0.7916800723745294,
pre_model_seis1_20250809165430_389.dat---0.8987906562410072,0.8265929146038709,0.908282774571321,0.8811653735639606,0.8259458446183582,0.7618255178228787,0.7020590268869178,0.697418709727097,0.6243996831768557,0.6261265357878729,0.6260697476421342,0.7800539922125623,0.7927062167376305,0.7162120636741871,0.7412964516005359,0.689525750544181,0.6583138810192808,0.7074041046547682,0.7029523550250499,0.5885150783868061,0.5209128513075313,0.5786490804223923,0.5281284342634883,0.5113813245524728,0.5521499741771158,0.5956951098188761,0.5801612721845824,0.6081776318547469,0.6097386261365748,0.5893302327841871,0.5958116848938217,0.5715885885448002,0.606599001574795,0.5622084293191432,0.63290333800546,0.6645844774759095,0.6749438292280215,0.6961383865040144,0.6832209359639805,0.6422947181861635,0.6091198753541882,0.6675462068548669,
pre_model_seis2_20250809163915_584.dat---0.9209059453619883,0.9023690437888965,0.9038142712362955,0.863136746439026,0.8175931780777056,0.8160976776030102,0.7655033313278616,0.7988730900215391,0.7661240189838707,0.706664716048372,0.7307853115632658,0.7362080812261598,0.7438643533304738,0.8744689876206376,0.9325417166734524,0.9761085570269487,0.9943617723530375,0.983155455193712,0.9811944747471962,0.9731635457577332,0.8642506158359885,0.6734930992532911,0.7130960332405216,0.6035422436640042,0.718792783526347,0.6703813127945483,0.6813069343778957,0.6698825321498204,0.739779505263053,0.6339782579005576,0.6332511838361703,0.6755293286801446,0.7377934396602741,0.853395287345516,0.8683536343823426,0.8300359058017571,0.7363134011736675,0.7628768816619396,0.7271612572131974,0.7023623487305695,0.6985876121734845,0.7897828749523481,
pre_model_seis1_20250809165442_460.dat---0.6059992512039493,0.7489340478911222,0.8135972948285134,0.7224542426522425,0.5674145164823468,0.5452898464490357,0.5900879038788827,0.41857833143817774,0.5546923599734277,0.6802754435870966,0.8301009789790486,0.7834209937004725,0.8158491535056304,0.8008364362701957,0.7943299036449951,0.9307509871722405,0.9637279319817413,0.9617925912968828,0.9428930338066136,0.9356195686789391,0.9116453455770029,0.8918717106046398,0.8526541529253291,0.8186914904122504,0.779761489481383,0.7638353426301594,0.6894628405859121,0.5950207359990978,0.6689899269904048,0.6254069608727001,0.6583064601848911,0.6505357799825062,0.6078178228019137,0.5788068220164179,0.6410698013199803,0.6586108998456132,0.8029803709700526,0.8565657132619322,0.8796056075031317,0.8510544440952937,0.8263383299424182,0.7467238259859652,
pre_model_seis1_20250809165430_505.dat---0.9133504524954745,0.966775467273885,0.9760991028692002,0.9768718560503521,0.9676770964347954,0.9698805536489974,0.9641293776800584,0.9302758070445757,0.9479768202887697,0.9460482946311508,0.9290538231123566,0.9136150210075553,0.9125048818778491,0.9288632356194227,0.9612832196496328,0.9714995175064437,0.9652643978021131,0.9370743254469044,0.9248717705191635,0.891437833405411,0.9086007853752505,0.8884439925704473,0.8667533121151985,0.7855821384572256,0.6945648089738565,0.6970825210073724,0.5956090231173824,0.6268719101074796,0.5854319845430351,0.6285464282656827,0.7748377012737188,0.8395793401185582,0.9315278645615204,0.9439268376733533,0.9540501922553195,0.865430874648051,0.7980054884308819,0.7527461141608565,0.5876650587416228,0.521528461312597,0.5233941562848377,0.8454812645941063,
pre_model_seis2_20250809163927_528.dat---0.779284444783187,0.5820599352080552,0.6798111091409882,0.6209009598742954,0.47631928737520435,0.5476010685393523,0.43015826335104684,0.7053966314451897,0.7959822954003309,0.9108026324050044,0.9443295027473404,0.9145399984180274,0.8855978125308966,0.8615715012997659,0.9050856403107265,0.8840993450383048,0.9054619044573082,0.9556648601579121,0.952175026816657,0.9381107002797119,0.8991521341884613,0.7992044932867642,0.8160239639866633,0.7788061046041929,0.7472861281050197,0.6988317919883865,0.7411217782323443,0.7528143420183548,0.7870784905971735,0.8073013139366074,0.8230640603621517,0.8946977948116575,0.9350274748433547,0.9439665440643195,0.9503497793335874,0.933647670236564,0.9012824374958018,0.8566088994322012,0.8403862582733962,0.8520375990914884,0.8377126505208518,0.8114964543655769,
pre_model_seis1_20250809165454_377.dat---0.894487403988314,0.7413516916531513,0.7731052146048701,0.7965631307663051,0.8798909155744041,0.8275339411225472,0.817404810468307,0.8029006655727681,0.789834762376395,0.628069815199612,0.5652656764519793,0.6058100251675326,0.5601083547538647,0.5983395043121805,0.6444447881468005,0.872626977383703,0.9498094310973999,0.9080372715423098,0.9236695050635811,0.825772644261283,0.738839465279633,0.7412356205480892,0.7583471513670921,0.8051348820507284,0.8224163143526172,0.7629950370958319,0.8027756753359792,0.8013494999865586,0.7341170126921526,0.7395474973590984,0.7467375518249498,0.7776923022711809,0.7974533613715127,0.8194812828083579,0.7827572947231901,0.7653585499579686,0.800630011203132,0.805178421435101,0.8118834766079439,0.8137497562651154,0.8286954674159418,0.7771073697916946,
pre_model_seis1_20250809165436_741.dat---0.7685957244168496,0.8322127396349441,0.7254163100498495,0.811082521530209,0.8793659838731073,0.8657226325823701,0.8723349651826842,0.8649983425107699,0.8785364091118059,0.8875422070606309,0.9216166928230551,0.934336124492385,0.9310501804699657,0.9383540455017634,0.8785992565897891,0.8599419177564008,0.8053832935426581,0.6626576669945716,0.6415323398385718,0.421807231646248,0.5959755581940974,0.7741046411924287,0.7517062749500187,0.7478322289045156,0.6690247379829168,0.683814156659535,0.6528750251438499,0.5654622304798976,0.5011528618745493,0.4356281590383068,0.30818022169145726,0.2300244696501692,0.14495252235275222,0.1333654725922779,0.057970557589636255,0.18644396604413727,0.1695072980348127,0.25733314295043314,0.2646588563831808,0.3680997641322969,0.44687784287501203,0.6177091847396319,
pre_model_seis2_20250809163918_614.dat---0.7633714185681298,0.8050708891801512,0.5887193619071763,0.6977021827132789,0.7563004220513191,0.6743238452239476,0.6900227384287616,0.6964670538461082,0.6000981159978918,0.7244716117091584,0.7765546741136732,0.827446762609992,0.9644102048717028,0.9905425772063349,0.9745306128720908,0.9477926280095601,0.9020476329360397,0.8138641715806739,0.7694436557685509,0.7644475706474644,0.7327965573624257,0.6492212612689969,0.7796162903423476,0.7491222214054742,0.7299400345637831,0.6610212985390695,0.7864747879420526,0.7342896089410224,0.7179549906559585,0.6365113134701347,0.582198705890912,0.5943399043111051,0.5444765637251566,0.6213894658778547,0.6612592617777103,0.7344682811815058,0.7624315161688973,0.7947991325712254,0.6916901382730105,0.6965291547933679,0.6586070664224133,0.7377259923347909,
pre_model_seis2_20250809163939_889.dat---0.7470692870596567,0.6588361318962244,0.6230150255387233,0.5795550644593197,0.6065363477942919,0.5281883421170215,0.4666603036562677,0.3970260031099554,0.29459135512246487,0.21940170835862677,0.4853170425251008,0.8646035417040423,0.9701959208801887,0.889097360277048,0.7924150042892782,0.5323463444831641,0.23148216407207564,0.10993055402254025,0.15982537829798565,0.25231068119227956,0.30014127933711626,0.3711306650972634,0.499979455274685,0.49327648960014575,0.4969690009826849,0.4468345727172136,0.40921479081753415,0.45465206232722066,0.4722780618561576,0.5225970870890594,0.5166791795382815,0.4993125309568969,0.533806326162744,0.556211406768877,0.5425168492689326,0.7529127489694778,0.8301986073615042,0.8442481635496651,0.8283371276555973,0.813353049706791,0.8015284717956087,0.5462093045777978,
pre_model_seis1_20250809165448_615.dat---0.8447969678276098,0.7023951796217403,0.8495078719458469,0.819827378143879,0.7039837514436417,0.7191794756151696,0.6740065433628109,0.6490740186850075,0.7228770507872893,0.6795432606557409,0.7973477563990922,0.9012504482346563,0.8993512750989128,0.9209325303958884,0.9504709384286403,0.9115420784639111,0.9108383322123755,0.8319580909094838,0.7921339886910311,0.7769616511813309,0.8661130548146604,0.8337913382736009,0.8520431160902451,0.8747960225176467,0.8408970035306561,0.8255395466293668,0.8335266697508716,0.8034181002455798,0.7397411387365888,0.7332838705352591,0.6427735669552833,0.5975194528501481,0.6226698443061796,0.6029492688744701,0.5563465062629973,0.5245425393130941,0.5700349384141586,0.5649168397706557,0.5346128488525637,0.5694023017160075,0.5771125080361663,0.7469270503556161,
pre_model_seis1_20250809165457_353.dat---0.9611955889512371,0.9543677645598165,0.9037559640821017,0.9586647960072358,0.9400886946788196,0.9371002183877255,0.9455351061585437,0.9250881479461607,0.917437533931986,0.8713785927331517,0.8637830394444496,0.7478203823603446,0.649457364821198,0.7474961859364704,0.7210332382221154,0.8519509343757624,0.8644109684781264,0.9040994365002203,0.9097385561004078,0.9213249559234072,0.850769225500885,0.8465372374036484,0.7827315931603376,0.7680736484768103,0.7111726271870485,0.7077991051927089,0.691530133421804,0.6759770960034056,0.76458310887886,0.8220701764307866,0.8443046367382567,0.9163360511025701,0.9326302211168196,0.895175541585384,0.7369743630024157,0.7026707279875724,0.590953368082049,0.41759495126246,0.3645397513446367,0.3407849591257544,0.38533883893905985,0.7864457275985989,
pre_model_seis1_20250809165433_64.dat---0.4270343722228329,0.7827073015899353,0.452428265895892,0.7297687489006507,0.5457274050455735,0.6214191107251956,0.588429930192657,0.4031810100805753,0.5808703435251085,0.5161222737543011,0.5709243766030753,0.6239814666411497,0.8883209452974679,0.9225941825672795,0.8469729028228736,0.8189713532972532,0.6946045910963407,0.6088552640744662,0.5795419581783628,0.5218446641197787,0.5195333032931575,0.5681930557675149,0.613746057099803,0.6361238325609923,0.4892314771185686,0.4480936406634304,0.3582197827815399,0.37453967382689174,0.369147236907233,0.37774951968209486,0.38861255327381417,0.38364448344052976,0.3889356564156023,0.5378700995129068,0.609900501470861,0.7058929561313162,0.7288485358873623,0.8375494221278157,0.8673133274685558,0.8568324002352667,0.8922174792211794,0.6018657429638341,
pre_model_seis1_20250809165451_557.dat---0.8540664214030855,0.8656154638193562,0.807088445873044,0.7008842265594623,0.8268320186906478,0.8077229210425281,0.7075603438521307,0.7331215623623027,0.6232913578554481,0.7235260627543116,0.8749390503783944,0.9277617991255397,0.9443286300545641,0.9897668450512414,0.9921271136168478,0.9837122317004653,0.9791965448069586,0.9729632568962441,0.9730227430641192,0.9418073487557881,0.9424736036889024,0.9447698403246755,0.9424323081236551,0.9052454021962641,0.876733635160815,0.8332001586503502,0.8361950314591851,0.7765764899929025,0.7625494592604671,0.7310339867142942,0.7694962122198513,0.8230675233684938,0.899289052487541,0.9130022420576818,0.8685944258526311,0.7568736372321778,0.7810466352049094,0.8432185038365082,0.8361476686096155,0.8292405737362939,0.8271587004116874,0.8518946214207653,
pre_model_seis1_20250816100540_83.dat---0.8736581874691407,0.9459897368056771,0.8438250205311568,0.9026834452994932,0.8833768869720143,0.8590966714496026,0.8770721868045267,0.8084135385176655,0.8680668933055654,0.8940888250157978,0.8478949851882662,0.9457371001123236,0.9236854902331704,0.9524432373936632,0.9383037608724611,0.9760666836738239,0.9908590797268052,0.9951600115780732,0.9917737017442303,0.9892255930337539,0.9630934850736431,0.9611033244506666,0.9365884835827737,0.9672151918568255,0.9681884021689413,0.9375396388477105,0.9417211294501263,0.9118740526432265,0.9038444816572976,0.8057435493108605,0.8685924351398968,0.8671167215105406,0.8603055638648645,0.8871211949054327,0.910204257500162,0.9012605878808267,0.9081066025536899,0.8927771046608679,0.9098531494107637,0.8889395923280501,0.8937395633555791,0.9120085255580476,
pre_model_seis1_20250809165439_700.dat---0.6551275201401503,0.8787640963902517,0.8011844273486485,0.7167601627287541,0.7967624099629801,0.8538734455642044,0.8043776768697484,0.7723274577702508,0.7816005490722343,0.80072310048997,0.8386340811142983,0.8033943068968595,0.8449759805211449,0.9181223667748901,0.9799976223427225,0.9764235500309204,0.9812413287679874,0.9926729976910551,0.9889490192369557,0.9817441694358492,0.9659141750003499,0.9614162953917896,0.9288661333580309,0.8374558425824082,0.759377109682501,0.7974517900997522,0.7413781162811964,0.7240645580794814,0.7179235787216857,0.7278121742140388,0.732968005792433,0.747556997180903,0.7748709160436607,0.775986995386297,0.7726436736061465,0.7721676151262534,0.7098063474800894,0.6153879884052256,0.6126226636094827,0.5717055183572651,0.5376235185866942,0.8037233239545257,
pre_model_seis1_20250809165433_23.dat---0.9517071785418234,0.9203187456547087,0.9427434028700824,0.9334337149366756,0.9022174833400552,0.8954681030683748,0.9019553574204062,0.9004510695170301,0.908877546595427,0.9199174563300512,0.9207509488371592,0.9300051917581822,0.9448294106829549,0.923821184992922,0.8864266999914963,0.9474313214846866,0.9522375111026566,0.9832196387048486,0.9728324715888123,0.9645810789644556,0.9450921324003495,0.8783782477174117,0.8260417280859055,0.7348471830415526,0.6033254150619154,0.6525293574512092,0.594955269998173,0.5898603553920916,0.6280721920026755,0.6481432064550422,0.657672926661315,0.6279663012790406,0.8070415215155005,0.8332975761919498,0.861438891960308,0.7993412083216883,0.8722198588675106,0.8825997184388104,0.8980827071156439,0.9372721951199025,0.9196393919294302,0.848805924424152,
pre_model_seis1_20250809165451_853.dat---0.8899058031498057,0.8975519481894499,0.8471599217371679,0.788966965297432,0.8655760868556044,0.8522503639211993,0.7858780858424761,0.689630120876948,0.7857039768789317,0.6846713250711782,0.7470043639055216,0.6797571419474786,0.7544606764334684,0.7361836654045663,0.8125883183493016,0.821790962443205,0.8060841834673466,0.9387382341203324,0.9893816587190795,0.8488635996179219,0.8450674213055337,0.6965311513919463,0.7242610930178294,0.5564117277034305,0.6572180546017025,0.7131265352372459,0.7602216699735757,0.7108264618607085,0.640037776636342,0.6474355923904402,0.5611317025476783,0.6688834786268748,0.7170142650413807,0.7496474229073401,0.74027345611773,0.6825375098024585,0.6596470589407167,0.5978029873662107,0.60637041168073,0.5577117655369979,0.5714343264131724,0.738676567593377,
pre_model_seis2_20250809163924_327.dat---0.9296279500109834,0.9478988891595564,0.8660850491505886,0.9179005265275899,0.9238239256708373,0.8763195043607741,0.8127079703498472,0.7710213678844479,0.5811736317865028,0.5675400448094883,0.599616689927102,0.6468184386961822,0.796642295130765,0.8480540773036483,0.9034742675622692,0.9232002633447831,0.9386589627454578,0.9466573293523107,0.9259277069914302,0.9102388656173419,0.8791288534550451,0.8122281361273942,0.6593675516581042,0.7152254483946321,0.6519574243078748,0.6863488761562148,0.7718439007791662,0.7428255598151577,0.8555501344507048,0.9026953745267033,0.8386850187579129,0.8358755853049848,0.7419857514687549,0.7408324824760855,0.7632092579297649,0.7749488856266405,0.7777120484623369,0.7895838560546194,0.8147679509774458,0.7970813513182093,0.7684002452705458,0.8037473524317126,
pre_model_seis1_20250809165457_769.dat---0.8669698869783397,0.9058045076012469,0.8871143786963333,0.8627253071546891,0.8711343859321192,0.8894803569200586,0.9005716739690688,0.8257523331468858,0.8475851412697749,0.8519881848863542,0.7940735679055545,0.8407868510083193,0.8960630806762678,0.8447871741713561,0.89017052252506,0.889243994119386,0.9019612375386796,0.8855028084368153,0.8475920983419993,0.8408706486868598,0.8426389235067778,0.816093962707374,0.8121308826111729,0.8509664545478292,0.8323986264492481,0.7876182373768212,0.7288117846002952,0.7784933373314115,0.7802051265470518,0.7440460617973327,0.7361295311132852,0.6910753370941124,0.7194348863077236,0.7054012911606791,0.7042887641217511,0.7463922967418707,0.7305749664411879,0.7073038555896899,0.7099167188521239,0.6803258686193451,0.6316463538460712,0.8067334489592275,
pre_model_seis2_20250816100724_46.dat---0.8241210745399286,0.7594750931324793,0.8476148370300064,0.8881340934824745,0.8860904655715192,0.7929524332375614,0.8063608766388379,0.8344912613680139,0.7123924225900924,0.722217844898071,0.7480173730621732,0.7764449072281064,0.9040198322558827,0.94481274004378,0.9729691390868317,0.9721116532161405,0.9776760892260657,0.9785378623325474,0.960329970002393,0.9078028691479026,0.8727142802180533,0.8630215804086606,0.8209930518754643,0.742542787697514,0.730151812202339,0.716096523226637,0.6584857643534346,0.5923106102940804,0.6032982734360134,0.5697649286679605,0.606230074675463,0.584658490516521,0.6177223351395421,0.7949920291115834,0.7862516607899992,0.8406067009820508,0.8533901279358678,0.8549888389380592,0.8108918855025357,0.7619420965510258,0.6444393784195183,0.7937089285130032,
pre_model_seis2_20250809163924_617.dat---0.836733190355562,0.6838079654721547,0.7257785936446294,0.7907436791656718,0.6814420927942269,0.7174714043389645,0.6126247887145855,0.6353217705225681,0.6483716281804923,0.7173060097685074,0.7584445744694333,0.7576235068641857,0.7885374812869633,0.7779148364718813,0.6186702025313596,0.6365093779528529,0.7969700728095155,0.9593642872074077,0.9286170978596077,0.7703327302339417,0.8429402706156199,0.9005745112042455,0.8462484742433393,0.8005056207102784,0.76989584025295,0.7577928731956377,0.7160092889024798,0.6973594584913223,0.6208450101909453,0.7279530702381958,0.6833018886474445,0.8282260648708459,0.8869424957617938,0.8872797178166459,0.7988841006655188,0.6969179272330526,0.6626117555974761,0.5498272782930477,0.5982246384709408,0.563575219721008,0.6318021010600359,0.7392756804104229,
pre_model_seis2_20250809163918_53.dat---0.908051048865853,0.8869075837066334,0.814822155129122,0.8421346332206637,0.704583810724746,0.7553393367902749,0.7132631898780747,0.7866013004230616,0.7645714920436727,0.6644558658878024,0.6658087513844755,0.7829890511901709,0.8768078287097726,0.857567304644576,0.7054255562417975,0.7501982171221498,0.8922830518740644,0.780973809974769,0.7647431082270746,0.741881854558373,0.8216581460918517,0.8952704202466334,0.7681054645143509,0.7034813200657739,0.7349463615843459,0.6968511508204119,0.6647252966299295,0.6233856881324084,0.6446282866190316,0.583359372755888,0.5195547497590282,0.5284647818658841,0.5874357174436589,0.5329938536854861,0.6169543845502012,0.6352795591644661,0.6473206999193031,0.6841748577531302,0.7038526147927795,0.6769951339788821,0.6700519139923629,0.7219243591454374,
pre_model_seis2_20250809163933_380.dat---0.9236377430130156,0.950639963801577,0.9213567334389335,0.9463134572743882,0.9212160149898545,0.8873384907063182,0.9143101606710357,0.850997423666573,0.8629040855489838,0.8785173786558101,0.860044969299202,0.8738145007980773,0.8967188170693215,0.8896099701163503,0.8944812363621572,0.834668604842084,0.71004923619932,0.7295736097915897,0.6377088106843952,0.7713911940711519,0.747491514868696,0.7900316957412431,0.7436280034797605,0.6448704884446965,0.6857123570504378,0.7126031092307807,0.647569892104328,0.6560182733676276,0.6149531568845868,0.5760071089923178,0.5726037222607073,0.49040255200330407,0.45672773496797786,0.41550165779068643,0.4570466604018922,0.39847748787252235,0.4119347689415372,0.4062116053030617,0.3493907700907017,0.43386488210898344,0.6617657549048462,0.7080025755563617,
pre_model_seis1_20250809165457_872.dat---0.8857211919710662,0.6962191459751781,0.8930088674735117,0.8893564245725516,0.8413385198655984,0.8875402703085963,0.7995449595447333,0.8680912714707791,0.8915449106354714,0.893614860880158,0.8999689968066847,0.9648667464575617,0.9506502367918404,0.9740012773066878,0.9644437712047349,0.9802597268585695,0.9874542849183164,0.9542274858343521,0.9361501298036954,0.931240141533546,0.9054334413418322,0.8316427230068691,0.8094972272583933,0.749470049340139,0.7229302004476994,0.6769632614503611,0.6728460229472774,0.6074016838780075,0.731524778598968,0.7425594662757704,0.7876414619599746,0.8085571681546802,0.776817119847894,0.7245466625804583,0.649164341507916,0.6542947899590711,0.6582116900361547,0.6539533381983729,0.6637257637345021,0.5936915068845888,0.588189211126027,0.8072757348475267,
pre_model_seis1_20250809165442_579.dat---0.8995115227772361,0.8787063951568984,0.8791767094493372,0.8003020281926095,0.8087287090804853,0.782506877040344,0.8159459105084969,0.8663915197182755,0.8176184681071543,0.8299849082654315,0.8172809254148987,0.7569883569824148,0.7467249372536873,0.763290451146786,0.8407247112924964,0.9458672260075348,0.9281737368951812,0.7994422790931311,0.7905954325843544,0.8228670335539022,0.7826636263281826,0.7802724170805602,0.7266250510737231,0.6663915828223816,0.6348676573769404,0.6191058277132083,0.7283169777952665,0.6998627652513801,0.8083055000798075,0.8578972881699793,0.86398900145693,0.8527697566173872,0.792309513040431,0.7457805032681408,0.6990004002628585,0.6617117879757297,0.630936121902787,0.602423555577793,0.5785533303822126,0.5882415379379631,0.5392864568406601,0.767076556035975,
pre_model_seis1_20250809165448_213.dat---0.9132553075370506,0.9134775686583406,0.9147999664710073,0.9190962192791777,0.9100176172988975,0.9013960588152322,0.9047123491571248,0.8558301981866171,0.8205761057790387,0.7770416021370925,0.789697868074068,0.777470413390722,0.7821026946342354,0.6882828340773615,0.9112533892071327,0.9818165915293411,0.9932566693633826,0.9787294690707676,0.9264658775325055,0.8867980491275047,0.8280629418070818,0.8118167192014742,0.7453641864377892,0.6786257351979129,0.7201199826790556,0.6187471111895536,0.732921589252994,0.7340165032846651,0.7431326162215262,0.9217007083973949,0.938331203597994,0.903647835799391,0.8873278880142116,0.8422143053086885,0.8364583502322938,0.7285832448204557,0.7691695223548615,0.752101092448764,0.7064444147774175,0.7575097629440035,0.7537382641754892,0.8281978250602345,
pre_model_seis2_20250809163924_271.dat---0.9162325342495207,0.8164696031308603,0.9221508090230087,0.8976694065229672,0.9030246396556293,0.8561074990367323,0.8456354572434285,0.8769766970913011,0.8892147153528454,0.88012992482043,0.8882679066497676,0.8871449399685779,0.9534125664278532,0.9775346532207805,0.9835125284714551,0.9721450932440465,0.9575273743531963,0.9264350061146696,0.9140401373831851,0.8720913185594156,0.8421797174947953,0.7668999957518842,0.6763924019798866,0.5927310196076433,0.5723247908408223,0.48569912918281977,0.4168980174143616,0.4711213613167576,0.3618652471711215,0.39192640288071223,0.36093580979421797,0.36619573551597867,0.30619669990885473,0.3869334018083355,0.3785089058083059,0.4164855872722498,0.4167447910466903,0.4762488173360588,0.6228551171665434,0.7618155951070092,0.7452116940332266,0.7061437329014135,
pre_model_seis2_20250809163927_849.dat---0.8896635447725431,0.9154696623074099,0.9467754444627965,0.940406821845342,0.9371520957558604,0.9019314466331503,0.8800522280520119,0.8077987214407558,0.7721472197323976,0.7766426621935758,0.7566355381860534,0.7238898670520196,0.6906914684932893,0.6322498028774725,0.521750624817863,0.44658376518703446,0.5190919286470963,0.5115684611767489,0.5894196406003218,0.7130306066562798,0.7984181884107104,0.9444663055621095,0.8669513801389832,0.7902832982992023,0.7621484012408967,0.6613421211366687,0.5326263572428646,0.46976571898901115,0.3878295678743595,0.3069967691947115,0.34228375758071466,0.3788350821629886,0.4871185343509817,0.5477553529898933,0.6440823773603509,0.7100942603554383,0.7621125587013658,0.7923216115136478,0.811425929599261,0.8031891323900666,0.821440534487034,0.694986311962714,
pre_model_seis1_20250809165430_481.dat---0.9004327294506815,0.8671127957254738,0.8499342922517102,0.7544504672814663,0.7428013345236094,0.7846451236059054,0.7400923053098007,0.6948030722239869,0.7677102198270993,0.707865045216294,0.7447572813134578,0.7579198766151175,0.7340601264728889,0.7690099647058758,0.6303061414512313,0.7436419246519979,0.8202964775788383,0.8053454566553496,0.7916491164176668,0.8526390346013504,0.9186892650293256,0.8979492745422798,0.8691665703726442,0.7657490403089318,0.6962401602670807,0.7528133724301264,0.7042833817976617,0.5863337356795915,0.593479816225006,0.5347890052783193,0.7025919697310287,0.7440698462601664,0.7416228943781317,0.7619245895809081,0.6956612664669014,0.7487222381574772,0.7704364124605128,0.7334012622179565,0.7237596988716599,0.7158871534371765,0.71110542284142,0.7519060771271735,
pre_model_seis1_20250809165445_773.dat---0.9290933483399563,0.8987325486994796,0.9179252082698984,0.8746444974688934,0.8495292773883506,0.8384075282818774,0.8104828254926507,0.7019848219167615,0.7300583362668763,0.7395850912025063,0.8769352877305253,0.9769133148641299,0.994957496633642,0.9765308141877606,0.9815463358149038,0.9584511639371401,0.9067966704841725,0.8345450162708954,0.7316501108141455,0.7156612652887017,0.6748882892853313,0.6205709770013843,0.6974199733928295,0.5422602867859496,0.637293296950438,0.6305113706986153,0.5129620005277054,0.521701544192611,0.5630321219543035,0.6230695581107264,0.7299334869500121,0.7299290465296582,0.7561749562049684,0.772729520835681,0.7666607453088137,0.770119359530951,0.7986133787067498,0.8112975332581779,0.8402911168811049,0.8243545300096625,0.8224267770481138,0.7778212397443185,
pre_model_seis2_20250809163918_259.dat---0.8113751713830688,0.8982690289588358,0.8191224582714478,0.8383588533221936,0.8251719460099993,0.7960723528207074,0.7901995504029947,0.8344213606694367,0.816733347032272,0.8028299901635536,0.8984682669497805,0.8690807992219479,0.8344847242279025,0.87201100572525,0.9406928210300655,0.927911856807208,0.8814901037940274,0.858857276188533,0.8144828567350095,0.8584887516404195,0.8313558498644015,0.8195101629980457,0.7358950421152297,0.6799653973329106,0.6783214578370073,0.6778681416992242,0.6380337972605123,0.5910056273582178,0.6388500975187372,0.6924553522547359,0.6518010337482153,0.726780894748145,0.7630645838312597,0.9208655114307682,0.9421651261629111,0.9062874292490803,0.887889373176451,0.7818117093287542,0.7439412057427531,0.7267199348346017,0.6194457908442913,0.7961599034314853,
pre_model_seis2_20250809163936_110.dat---0.7976945391228003,0.8105945755570398,0.8935712110575246,0.8340229653288422,0.7897141577667516,0.7195898397292736,0.8232955650249427,0.8819609793025913,0.8452349054597107,0.8639313537121227,0.8923096784154593,0.8815289457444025,0.7901094161218037,0.7843204241320267,0.8155617315266488,0.694668335879772,0.577876583049776,0.5814420588214282,0.6683422855873322,0.7104960257280865,0.6893227822071759,0.7041660917868391,0.7133950931106147,0.669108542231848,0.6539712237407245,0.4544285160354706,0.4528715469151879,0.4472301088308435,0.43205063187717385,0.2611263204992104,0.33620233903431396,0.40222032390995655,0.2352371458486236,0.3091564720976914,0.29059811633457894,0.28930953940243853,0.2879347309700923,0.2680625399057421,0.2645681162642352,0.2931868012166628,0.29979685196266603,0.5953709612500107,
pre_model_seis2_20250809163921_539.dat---0.8603332684098696,0.8265180637695888,0.7867212981477317,0.7350473226197825,0.8188289206959904,0.7363753713323662,0.7839910454465554,0.7566864638368259,0.7329996490482703,0.7016419787074263,0.6609980819936301,0.8726452282464577,0.8506225898658261,0.7601693422083222,0.8147784713962392,0.8504445213903211,0.8331549427497351,0.8951269398659418,0.9497641305592791,0.9577314293641979,0.9552042449955507,0.9431627028849481,0.9260611952636754,0.9057384240401148,0.9019086285220762,0.8907631076784547,0.8646627569451107,0.8268942383791346,0.782765271779883,0.7502660094275367,0.7075161110369381,0.6210424232189434,0.6332228891487194,0.6673572270947038,0.6308234676869103,0.6325199882368373,0.5205069987360004,0.6001226627679633,0.6035360904194135,0.6000512960577883,0.7038467521832307,0.776891501125812,
pre_model_seis1_20250809165439_162.dat---0.9127372895796972,0.9232269973357516,0.8915840125791482,0.856660320163911,0.7672260559390375,0.7723876748509868,0.6049292185126238,0.6411632496202468,0.6789535139288672,0.6117607728033067,0.6976189940230405,0.7897030684851091,0.8319380439182017,0.8127999686637908,0.7710013708731089,0.7124176580473962,0.849103339984997,0.7403989050559213,0.721617761343312,0.7726229634296496,0.7554720111654228,0.7572639720766947,0.7468905085245297,0.7026595136186373,0.7010515706277045,0.6895104472924409,0.7376233809219171,0.7915936317944464,0.8220339942228124,0.8324306697736473,0.7685267185816721,0.7215463856369572,0.5873706997884101,0.6220667251293513,0.4530655467288778,0.3205397481932561,0.38910403948028044,0.37987233544933524,0.3827259547164752,0.3592786398932768,0.3994110457636977,0.6897533833784864,
pre_model_seis2_20250809163939_30.dat---0.798913630760467,0.7944073319532619,0.7591051939002296,0.6664701571125798,0.6242997200744945,0.6657095445868738,0.7302930503816063,0.6841388810885365,0.6592028171320572,0.6337773648998545,0.5745292193404784,0.5516913781828842,0.4045301300123868,0.6616175447223329,0.9678507453095851,0.9070448668334147,0.9419100121908801,0.8035600424156795,0.6911860609293516,0.5911915193930798,0.8531072811914783,0.8981515963074114,0.9566949099658285,0.7881097003675229,0.7135074940213962,0.6186634815588914,0.41694910104127103,0.37730127606024677,0.2797440108191247,0.47823909229793105,0.715194842987086,0.8521271215744763,0.8636051965019528,0.8622469327581106,0.7796889654804964,0.8137200223940702,0.767515524403526,0.7569998988443271,0.7388317405577625,0.7506273372724679,0.770055057530423,0.711280726711118,
pre_model_seis2_20250809163927_806.dat---0.8385439385835125,0.8723274012532726,0.8413880776434963,0.9266323029118334,0.9063835000940352,0.8865150589858951,0.8672067241654365,0.8377435655465388,0.861489982893017,0.8563398761415858,0.8570901066538806,0.880011716096126,0.8945025035911237,0.9159499596189649,0.9606321341162138,0.980511273446269,0.9740999692013265,0.83637810896961,0.8382657717256153,0.8843935966551836,0.86091305680703,0.8430028087227761,0.7388353583921387,0.6768575533746656,0.6862325702145592,0.6980147568899894,0.7099414155690404,0.7217997936593064,0.7339444984011811,0.7628947744693734,0.8539680810320065,0.8628462742642995,0.8157532493097985,0.6576564516523671,0.5723899524973017,0.5912980316748394,0.4888954448801623,0.3542079820009119,0.26984190022736165,0.3936210723868568,0.4098564774592395,0.7663213920043449,
pre_model_seis1_20250809165448_369.dat---0.8616585987501193,0.6402564454039426,0.762292214462415,0.7671367953623828,0.7797074364170189,0.7675935142646285,0.7360212024768682,0.7887031294601201,0.8374868987214732,0.8652209599243623,0.8618561137335429,0.960268356001627,0.9462383622367051,0.829202538627729,0.7369890782088063,0.7700876716838344,0.7864545810989118,0.7712959873375402,0.8054123984142854,0.8964869058769113,0.834576759310221,0.7662129451864612,0.7978722840157507,0.840711540870065,0.9284799123490192,0.9432610633537022,0.9077842683237091,0.8210988655331972,0.7196543253994447,0.6264898424844647,0.5684153581178366,0.5518693102561676,0.5963438023588764,0.559655950270101,0.5748625300898177,0.5285437446543317,0.5134183944397873,0.5186772730018869,0.4761187837597802,0.5209624162560927,0.5377429425609043,0.7391005244159718,
pre_model_seis1_20250809165451_437.dat---0.8062122472028426,0.8082858127863417,0.7128950187544448,0.8005126368225152,0.4949169283142927,0.659424579912839,0.6902247208956448,0.6350362753124852,0.6229612631142813,0.46438899029724884,0.6719827459096681,0.708711003599978,0.8647538852657739,0.8563665306657694,0.8101855631944751,0.6355195390580917,0.5852987557677104,0.6200834882465521,0.7888609954351888,0.610409282283312,0.48614489678684386,0.37191260748737653,0.31842121232656595,0.3578830992256059,0.3399164521418565,0.4151127358386852,0.3005415240975965,0.3934549438558057,0.619914407718997,0.7248804336577317,0.7296020870610752,0.6747781109888753,0.597378337385049,0.5599388970636463,0.4765366811248081,0.539819743657189,0.43402754701057344,0.439667602873181,0.48267851546005347,0.5605984855612364,0.6161964393136729,0.5923520737433141,
pre_model_seis2_20250809163927_742.dat---0.8131678989985861,0.8802365075173282,0.8505322744102657,0.8966547196584598,0.877351398958645,0.8811041539980735,0.8505608928087309,0.8443338458605653,0.8781213665805704,0.9057527680088687,0.864583130047258,0.8353963023904726,0.7050141589857786,0.6832647929397723,0.6604058141912338,0.7235519002110222,0.6942526395052522,0.7490828274434865,0.7892499139848126,0.9131983496545723,0.8489266743466836,0.690086945081571,0.7578781382631946,0.8409092160807045,0.8913951201467905,0.8898996886348182,0.9062390957541829,0.8954837564336149,0.9110660494549683,0.8988365586215719,0.8570320230790188,0.8004158528177271,0.7421102121433184,0.745170527937179,0.7398826183098691,0.6823707022688019,0.6696872545151945,0.5940359919168866,0.5913347334957224,0.539747436237104,0.5423455482174794,0.7885529219490282,
pre_model_seis1_20250816100519_56.dat---0.899781466692085,0.8619254539152482,0.8700400510159343,0.8437349038516214,0.7169396407771228,0.7460054470358304,0.7953386699581092,0.7694716797770053,0.6596203507335415,0.783460081611791,0.8273180657976829,0.8341915918169751,0.9359306452162094,0.9643602270831982,0.9766163044918891,0.9828795329715778,0.9465517543779295,0.8981591624381877,0.8567724062745002,0.8850478752912598,0.8835720294678938,0.9328750504502229,0.9451684001029215,0.9211573054620158,0.9153243822650081,0.8992151279942159,0.891015305126785,0.8665219073255425,0.8472650953326523,0.8065291552233508,0.7953802519057044,0.7012709599273227,0.618576224011549,0.6179334989824603,0.5910448631006163,0.5063702075873867,0.5587334688043014,0.5449616766876652,0.5870257634081236,0.5877753996823751,0.5662243389140478,0.7960508712899969,
pre_model_seis2_20250809163912_557.dat---0.9290206446570634,0.9015148100257887,0.919857183504724,0.8901392675716959,0.8254166442228019,0.8901941304904717,0.8623472442773022,0.860058544151791,0.7744025237640121,0.8236727709853078,0.8542548249402855,0.8466706237447323,0.8700325196133105,0.8839366814535309,0.9222734685857504,0.8978010299807245,0.8839694212779253,0.8695390558437301,0.8859312705054884,0.9100407600607058,0.8955383718882961,0.8869879228172206,0.717582904237557,0.678953150750952,0.6661794062696823,0.632555854441481,0.5999694881286587,0.4874301415459227,0.4981352626718337,0.3774661614396613,0.4499631064736092,0.504857944225407,0.5435851259246566,0.5530332782649695,0.5513772357571763,0.5809174739800538,0.5136631857780316,0.5501439337800982,0.5920783087486527,0.6012644243536135,0.613879794665636,0.7316252657512271,
pre_model_seis1_20250809165439_251.dat---0.943650818818279,0.8690230111277486,0.904197618817063,0.8510014851418878,0.8514967494650746,0.7407693710904822,0.7300806831543806,0.6854835855526771,0.5767070630781315,0.6507144383002791,0.6452511422807228,0.738501343382897,0.8234825078916822,0.7452790693582328,0.8010854798781046,0.8484314930964432,0.8520059392987017,0.926379137811966,0.9611128611837597,0.9366336992222681,0.8106724625802884,0.6462301549029893,0.5461640420379733,0.65216209243832,0.6339687110866173,0.5756516291112536,0.5481676527624707,0.5910746571871343,0.48995154461180346,0.6086186633267839,0.6440603951512757,0.584225231591368,0.6254240063572404,0.5260280114800776,0.537737817443307,0.42802674799938806,0.3851416003538225,0.45680621165261487,0.46907184974452887,0.3849617184031593,0.4901446998242326,0.6759896926340836,
pre_model_seis2_20250809163915_897.dat---0.6309335303079877,0.8500951695592442,0.6588417401982365,0.6843200597239,0.6953239991052602,0.7762572025307678,0.7089573517791573,0.6767946287325426,0.748095222535541,0.8002962979246736,0.8412164354062384,0.83755608150227,0.9912599406046089,0.988274764629462,0.9828643132140911,0.9677906127173709,0.953296618876684,0.9493134024934652,0.931336341156942,0.7379936779530178,0.7163666942558675,0.7476418564675302,0.8382033615834059,0.7771476609049576,0.7749599691332608,0.7930791261683959,0.7893005978484336,0.8551004328506493,0.8742456644582985,0.8875383415086837,0.8661836565484236,0.8356213937391836,0.7977510322455019,0.7907004264548033,0.7677585236482533,0.7075405769473695,0.7098059719659742,0.7205946476694469,0.6475528697638521,0.7333532643205928,0.7492208624956115,0.7997679102909748,
pre_model_seis1_20250809165448_869.dat---0.8832508742776207,0.7844697469686545,0.8852349936472095,0.7394838682643943,0.7833048558887152,0.8779774999357314,0.8178402035665748,0.7987729970141066,0.8333760571126231,0.8992888691068534,0.8612778444512913,0.92996517934082,0.9516700470100283,0.9481996181738624,0.987789026911875,0.9652283573831528,0.9459323578746279,0.9017216233429469,0.8439013030280588,0.8596408527469506,0.9241652149550484,0.9306248115883168,0.9201038616688935,0.8386887558112902,0.8227778300213853,0.7761417453381008,0.7115829158429665,0.7538245761151304,0.7420296506373543,0.7696976129272511,0.8145920878219994,0.7794314570295765,0.8570065153612335,0.8964136293978403,0.8895230694589583,0.9029934711263896,0.9070442289953886,0.9052350643389828,0.9316877301732875,0.9188567935942954,0.8576756752032134,0.8621566554500733,
pre_model_seis2_20250809163930_471.dat---0.7388083447348015,0.8416483683434477,0.7649176157266897,0.7787852797782349,0.8180625770532841,0.7528070823589134,0.7405805509990171,0.6923040666716239,0.6946000617176458,0.7166783847762747,0.6115812680542626,0.7173801759812762,0.8386336308694242,0.8622240976926674,0.9734074525753085,0.9740085361762993,0.936610100523899,0.924821957054074,0.9180361360347365,0.8628618911936917,0.7718083754042988,0.7484327930992376,0.6905603514268454,0.687201709004268,0.7273566030292931,0.6593499383790596,0.6797920548565872,0.6299077232132655,0.6738917863881374,0.5990786826824575,0.65211292941104,0.7951430908462935,0.7941844561236717,0.7131650496656007,0.5383196621175532,0.5553672882874021,0.6286746309570851,0.6261104216776395,0.7776405935026437,0.8150442608318013,0.8948800380418125,0.7516287809088187,
pre_model_seis2_20250809163924_149.dat---0.8564625879230329,0.8285496960379818,0.7805833028566076,0.7938734023720523,0.879652646790039,0.8833048252963637,0.8726595397471288,0.8546868891907401,0.8104844609758042,0.8208501778954492,0.8491843888607252,0.8519242122035197,0.9093496311947945,0.9479916943944018,0.9747065493614785,0.9771024079416429,0.9301306186948882,0.9446145769268494,0.9269650146526598,0.7948973964085577,0.7921956587869029,0.6860426650511298,0.7101155229260363,0.8814306724908845,0.826499744043938,0.8420851123896358,0.7811280745571741,0.7699523247315195,0.7018606236122036,0.6724742588378548,0.6717817283681712,0.5363542587805212,0.5454447735856954,0.6848301028883496,0.671395781534552,0.5694324971871039,0.5748783671266611,0.5805928289164854,0.5925878436886287,0.5925243730217982,0.635461593975043,0.7757815323469516,
pre_model_seis2_20250809163939_816.dat---0.40357301200716955,0.5917722427625278,0.7557396578480704,0.8580899566713943,0.8118954364855719,0.8715224950280864,0.8363171863137259,0.834689456884537,0.8026560058828148,0.7558626695762466,0.7920257785584647,0.8851224344641958,0.9281899521796858,0.8911411898847135,0.8540886567111731,0.8001620494753224,0.7723744411363389,0.7635860371248072,0.8902555329397459,0.8938291378384123,0.8444315472750688,0.7630595388669952,0.6996237636006515,0.686886398157594,0.6731002923961419,0.6608283976725852,0.7115809719672881,0.6155462333162767,0.661906900802495,0.651801844301269,0.6149312675854951,0.6074619724896168,0.6427136801466414,0.5999699801877411,0.7620344868061696,0.7248512691688399,0.7714885490482374,0.7338894870394862,0.7590660543399573,0.6615644434221176,0.7432409402022296,0.7459236914284365,
pre_model_seis2_20250809163918_471.dat---0.9437524317761742,0.8810673057565762,0.8977190423425049,0.919226465084669,0.8909876075962742,0.8074455494420189,0.7794563636989124,0.7560122096925681,0.6695252367298787,0.6077384053515454,0.6570526010298826,0.6519690185937439,0.5938963974162246,0.4740608200183446,0.6563943293497018,0.73817488089398,0.7046114216372719,0.5097715998503943,0.6904508180154149,0.7356998742835331,0.8047881062355465,0.8555601928977511,0.8574640946777289,0.8060414999013407,0.8134542582887482,0.8415464517715299,0.8505238708311166,0.8021940042942721,0.6762638232358709,0.6371995581612332,0.621596870535289,0.5843714822327485,0.6429787993214405,0.7564964156680521,0.8901403094399356,0.8651644968777013,0.8865758437015805,0.8201067386059437,0.7772032628852066,0.7523581185781776,0.7502880191459393,0.7526177706304089,
pre_model_seis2_20250816100700_95.dat---0.9050722696772265,0.8508980319022108,0.8366571690359187,0.7997233871030637,0.8507221423239375,0.8363463488178199,0.834874375847762,0.8467269980466041,0.8613225216173139,0.8405625615451786,0.8360552703058541,0.8419097233553499,0.8333837799657128,0.7791468011527651,0.7832333508223474,0.9007689504536657,0.8536167000726118,0.902995866720226,0.9361466788145102,0.936266434099889,0.9133138899220908,0.9080477666063719,0.8042722816727416,0.8167677298898338,0.8131807905097187,0.902705960575497,0.8694848028861174,0.8347823990974089,0.7258910410008457,0.6415016071475597,0.6153317818795706,0.6019400895958452,0.560818471782829,0.4686283447866451,0.4747195444763367,0.4795125990534996,0.41825132370377877,0.43236775974960956,0.5006457497193187,0.5721857370050925,0.5114561235690954,0.7544447599099945,
pre_model_seis1_20250809165430_425.dat---0.9492825330563214,0.9541342171487711,0.9509253932154534,0.9480639014707934,0.939600959968463,0.9408597771401674,0.9457032684352826,0.9484206646920282,0.9502987750385984,0.9662750695537082,0.9389365273580845,0.952668651972799,0.9809630116597506,0.9816126944368457,0.9686411132456307,0.9202865439987592,0.9564741043784372,0.9392720953858577,0.8344937546962853,0.844382120709431,0.7950811155306707,0.7083178753646788,0.7618393628740722,0.6909271112716029,0.6536668868939987,0.8389387383797171,0.8839508702085023,0.9272216484954893,0.9477115395296873,0.9664217027132642,0.9712660750685358,0.9495159599478747,0.9539651862541317,0.9127478564526206,0.8961019311224514,0.8362735043020398,0.7911387640793248,0.7699031708301688,0.7036477391702542,0.6769691977294973,0.6175746022376587,0.8796213662443345,
pre_model_seis1_20250809165433_194.dat---0.9536939173357348,0.9630357786132536,0.9435408607061241,0.9613197244548186,0.966156150784124,0.9372944704455592,0.944284005165444,0.9108831242272418,0.8678982229522292,0.8256498958765575,0.77598611261693,0.640600390975466,0.7748768611008892,0.8633574395368697,0.9111972767189285,0.9228751422202128,0.9208794337495462,0.952234075782334,0.956136325562978,0.9190788908659798,0.8427141391898108,0.8146870101727867,0.799816579954231,0.7856411936483283,0.7927106910468615,0.7534909089257401,0.72508772648055,0.7080955244051439,0.7532583428736787,0.7738784603297513,0.799373002519323,0.7686512588331772,0.8021262381680525,0.7863093718205082,0.7430111984032672,0.5987817185511267,0.5035651390802719,0.4263012222562804,0.4122543531260311,0.2557514112421725,0.13617161824914933,0.7778696392431089,
pre_model_seis2_20250809163939_753.dat---0.8791943648978423,0.8226112863328947,0.724177121561638,0.8797143012329397,0.8036577585508689,0.7622873941472319,0.7600889861300774,0.7728818632655955,0.7241487314603211,0.7472438298671832,0.7043365216225322,0.8614515015336142,0.8349447346956687,0.9083822013341853,0.9029082577188556,0.9144672494422449,0.8622447960203997,0.8345770044020759,0.9695345092798165,0.9731734199446036,0.8869721892634018,0.8979735674354428,0.8699199901294534,0.8054172962373708,0.8224544430905376,0.778957944570325,0.7848473914472452,0.7834222571166188,0.8342327753700274,0.8226314226585599,0.8176576607995263,0.7930508730835469,0.7446388086076721,0.6144136944303047,0.5374337155202091,0.4592921936074666,0.3839924194400024,0.408196682680516,0.3726383480836638,0.353230592931529,0.48540838075517434,0.7536294751390045,
pre_model_seis1_20250809165451_741.dat---0.8841597534782717,0.9301012653056494,0.9282334974392555,0.9014282247790325,0.9429504576808876,0.9324845173860449,0.9197332464339856,0.8766271047422486,0.8566329975653257,0.8556614256413119,0.8188550444617327,0.697987024636859,0.6664698430285564,0.5069683605345368,0.689781312302913,0.7067371888371166,0.8045683319409589,0.7584974331763151,0.8439088554843425,0.8885339635271453,0.8380875819808447,0.8444445449523127,0.7852195671461806,0.7322290412015774,0.7169387913153524,0.7105207554018979,0.7436567862440981,0.7363206908095836,0.7533948859085434,0.624065567273961,0.6068419743794292,0.46214783356910466,0.39503335307462273,0.3634199887937943,0.3188899861207089,0.24157228373695358,0.21981188517899788,0.16798637953892817,0.13349335403105428,0.07619538907564384,0.059994777962870165,0.6570874455141209,
pre_model_seis1_20250809165451_116.dat---0.9366609830599044,0.9242866292259415,0.8556769242821733,0.9213937040808271,0.8609114823095622,0.8478619912347753,0.8703841915933754,0.8090180921222015,0.792121941033607,0.7715474090979271,0.7651469866362174,0.7700730903384255,0.7277514470691012,0.7738199214503457,0.7620273592014468,0.8846958932331486,0.9538093122683388,0.9372694840171927,0.939403343470323,0.888331955808758,0.8874006907970406,0.893035346046959,0.9106702494674564,0.9388299659767875,0.9194450061224523,0.8900226318052018,0.8942114933773008,0.8436410204043491,0.8831852784454728,0.8280490385998156,0.8630930741015407,0.8687965742023238,0.8582987678757693,0.8735283297967784,0.856700087365723,0.8713977455255065,0.8681690294848508,0.863374014469123,0.867756225438716,0.8383406336476543,0.7656280621601588,0.8603845221132823,
pre_model_seis2_20250816100703_8.dat---0.8599623682735249,0.7938327575031937,0.8284377197033567,0.7231626625201224,0.7946882339171211,0.6780588609244337,0.6566099408458206,0.6220311034928558,0.6000813300976334,0.4955688075381309,0.5761858870135736,0.6033776918094275,0.6623572320246937,0.7074030862902837,0.7417859289078181,0.8039578912718675,0.8285783482160965,0.8462601648641902,0.9312879738906384,0.9185730943541512,0.7687725537923609,0.7471870015720999,0.6869636462206187,0.6296618846654629,0.653944755184383,0.6228643376809132,0.5976865497695466,0.6524872130551097,0.667698929291859,0.8253899106819906,0.9368848342273663,0.9440853958368561,0.9472501634236256,0.9377944602286655,0.9537798843877495,0.955279126936175,0.9484836935813189,0.9353499801112152,0.8296885872902472,0.8751513438104812,0.8120128570423353,0.7707467851768126,
pre_model_seis2_20250809163924_82.dat---0.903621959018713,0.8529747239093116,0.8520525832673186,0.8038889568323313,0.7345525026233375,0.5946960491202508,0.6026220718417258,0.5342710540493029,0.4499745253058895,0.648875568522107,0.7013125477070887,0.9264140892983161,0.9456255020810301,0.8791725211671281,0.8129014053800223,0.9025887400572312,0.9559118103999544,0.9534477138387545,0.9370068442659633,0.9542625106564876,0.9490689933237046,0.9269057811655262,0.9302309191487309,0.9667298043371346,0.9548738653402169,0.9673478563467703,0.9546465882805905,0.9416916217639691,0.9403319958502435,0.9043814071737606,0.8525176267004427,0.7649290731262911,0.7206653414828585,0.6863443100964561,0.6763098339295459,0.6254694906262384,0.593455466535636,0.6206637156010686,0.6099861956578014,0.656496078881683,0.6847403583551037,0.8018039025138058,
pre_model_seis2_20250809163927_74.dat---0.8606736079134043,0.6989446933435818,0.8139704619224793,0.7546696481494811,0.8246979017440788,0.7654415765027811,0.8611701756814565,0.8838288466874861,0.8941376959489721,0.9391586006021703,0.9379533430929495,0.9579160705001198,0.9630619466009066,0.9306741016802896,0.89979543402158,0.8013558475130034,0.8603283948961787,0.8506547994978229,0.8691777087299553,0.8438785947667667,0.6399222694521763,0.5492054860076327,0.49015268216118024,0.4622544270363004,0.2867882101252915,0.27909921151282413,0.16161050938115773,0.14018258100348022,0.06950458497519951,0.09652139846708338,0.12688381544649766,0.18029237715411917,0.31453890098411286,0.4859979927621995,0.6325972352454399,0.7165539928321384,0.725644264445234,0.7322907089122732,0.6848455532282702,0.7266070161387311,0.8490549491004495,0.6478545760040794,
pre_model_seis1_20250809165445_560.dat---0.8660012620625355,0.6133113832179555,0.8567740998862492,0.853769332224947,0.7980471974947471,0.8185088277701323,0.7655632281719307,0.6814730848220057,0.6067986204246955,0.7345347609012822,0.7074065804667973,0.7225341602048003,0.7654757653151537,0.8796271929161713,0.8894841808816106,0.8945312101184861,0.8515009469868651,0.7702025565524389,0.6442075189676133,0.6536968344994327,0.6617329222989125,0.700511821751455,0.7632432736327112,0.7545643509865033,0.743781152301414,0.7511057395998565,0.751894921563102,0.7444545603311657,0.7641075162134578,0.799832513663965,0.7977199150991559,0.7736083067111967,0.7064786012940313,0.7218860435500305,0.7523019859975651,0.7235243536453039,0.693339656964472,0.645095535632478,0.6031456380069793,0.4229814599717308,0.4383724674535494,0.733832475135485,
pre_model_seis2_20250809163939_729.dat---0.8218574654042075,0.8485488641828387,0.809676217678713,0.7541211654953046,0.8382423737575597,0.8611419613984553,0.8419098840382654,0.7714526289819429,0.7680823240929816,0.7630808305521993,0.7618424461504091,0.8964520317464236,0.9421638368341501,0.9615327454614517,0.9359138014125884,0.9122772473586298,0.8712656519863485,0.8776858467647278,0.7956544415752962,0.7750806922181476,0.6411873105589571,0.6842607043764729,0.6956332037811174,0.6878110770294561,0.6968138068684003,0.6715495841028647,0.7687514517516979,0.7945996699970889,0.7927809339327134,0.8686441887839341,0.870160094446028,0.8882628938747291,0.9256947052052635,0.9249821009018255,0.920023171047504,0.9065218729265644,0.8892863425097867,0.8740769344818663,0.8095391852212221,0.7744008843236184,0.6754664731571027,0.818742171862655,
pre_model_seis1_20250809165436_349.dat---0.897244067462316,0.878991739040718,0.7099256013472252,0.7825334930524372,0.8644908526773523,0.8221752267934394,0.8145405060583408,0.8331565675151859,0.8532687937744075,0.8473517524940987,0.9111156454029409,0.9069004953564215,0.9655126380280664,0.9489953615152966,0.9393650233872064,0.9621480205875231,0.9527902963479447,0.9872487562106663,0.9876284218920982,0.9155911215296045,0.9159266168278895,0.8617680508962432,0.8203957436634723,0.8421599982205141,0.843582229541139,0.8668205620422959,0.7908504859213489,0.7854390287129819,0.7977612217531307,0.7571872525583948,0.7349543383339285,0.7338341702381813,0.6295337915760347,0.5852504594585755,0.5065907315643438,0.40801843046956354,0.37932949990090714,0.251720280792259,0.25951974592439186,0.19519024222159415,0.20836835987988672,0.7550042834383017,
pre_model_seis1_20250809165454_633.dat---0.8666229740662126,0.908684099910686,0.7837724022653131,0.8517772560284309,0.7934245878674017,0.6525592834469245,0.5924148714237616,0.6251444233166102,0.5122695260814075,0.41356725770876723,0.5846257663194735,0.7235467981528068,0.7970815440068375,0.8560682170521553,0.9682537976757126,0.9804391514065097,0.9767036883721696,0.9428943699694414,0.907512127045606,0.8954889958330257,0.9024690858693938,0.9545431664719888,0.93182062165436,0.935830934044192,0.8292245896978182,0.795665930735396,0.7462876538663598,0.7786088172538286,0.7188090258058257,0.6535072331213356,0.5871343555130997,0.5107727987336137,0.47908391761431685,0.43511880470666425,0.4948948527463178,0.5522289468506978,0.5153008648619591,0.5876813137133574,0.6043210045578805,0.560684144950373,0.645862879127594,0.7281146848742837,
pre_model_seis1_20250809165457_579.dat---0.9565546563668805,0.943190578569418,0.9530051924501155,0.9506441963966509,0.948830592528084,0.9103490029413959,0.9176017468974017,0.9024337869372455,0.9075778942360906,0.9022397430486176,0.9101006036426222,0.9346768536386802,0.923994054577926,0.9147168122492013,0.9205080000629011,0.9061407099704913,0.9161244832773526,0.9614155885017308,0.9754951079813443,0.9611364271825364,0.9527638175894909,0.9202367176498715,0.8246076695027632,0.7495030687221444,0.6329419626083203,0.5743309005535697,0.4449200677200284,0.31786490810266355,0.5309282242233728,0.5334760084280006,0.5334630677300788,0.7627372914207692,0.800390155541411,0.8044358301792247,0.666643885597582,0.6419257639758524,0.60186313130526,0.5553344093719704,0.5499213259289001,0.5760435011928834,0.5753231391532869,0.7845461189744911,
pre_model_seis2_20250809163927_146.dat---0.8827423489171283,0.8315893218524744,0.8241849531698983,0.7263771605411343,0.7166210201449107,0.684166510028377,0.7097351462487312,0.7054738293069441,0.6327726936660751,0.7713346460882198,0.7424371815893275,0.7685500621547009,0.8504370000765105,0.8872182518069796,0.9398597232471796,0.9363864832963702,0.9557084186631956,0.9400001024305349,0.894649458735841,0.8508842553435316,0.8325965943788254,0.7372381436230733,0.5775042789045985,0.5224117929971144,0.5759499949029458,0.54822390224158,0.6430512283141369,0.7065205558998656,0.7484684768875146,0.7645704162182004,0.7472380537977968,0.6858378429135475,0.44638975746486786,0.23459367770079867,0.2795121459681199,0.08068709416769448,0.1337799214923497,0.16756242390929751,0.15561834000746508,0.16702257582450927,0.2216934752097956,0.6396975429300528,
pre_model_seis2_20250816100700_60.dat---0.6949247761847495,0.9041375082483106,0.7218008116580478,0.7766444921258185,0.6836418839937947,0.7745129882810624,0.7747717402317524,0.7740661086396977,0.7628617635467057,0.8177935356869587,0.7995213211493672,0.855343096895933,0.803824680609745,0.8712541415283173,0.8707067317469217,0.9058882795458756,0.9581866621929322,0.983703229550477,0.9858479574435158,0.9802806205910151,0.9596416280494852,0.9479670258463351,0.9069286961949719,0.9100005367949862,0.8639392885472942,0.8005743734523589,0.7337317822056126,0.6891268904622928,0.7459590845301848,0.725975072008847,0.6230407309642236,0.5080510912167039,0.5106276180185103,0.3675699923151756,0.2902839121174175,0.214282975259671,0.31616759288931934,0.32082860519294426,0.33357022099372613,0.2087899699808204,0.17174903900802865,0.7036224013634121,
pre_model_seis2_20250809163936_854.dat---0.6754967863011396,0.7992453164533894,0.8096915620338865,0.8204171054766379,0.8388108419193394,0.8226632353995157,0.8007631317384364,0.7757316447234981,0.7361499349021624,0.730939535941423,0.5774302949269107,0.6988787428572226,0.8118193790756922,0.9166792233043514,0.9400406294386692,0.897604188499292,0.9202020465055037,0.9307383367370423,0.9271757336457639,0.9039287161732431,0.9038886532551065,0.8898751689987126,0.8828161545257309,0.8841672438434941,0.8706048262426266,0.837274257688736,0.870488782877345,0.8889442062685917,0.8863718274682894,0.8498359058327023,0.7470917631639601,0.5591139002139142,0.5817387603357879,0.6094445576005763,0.56694661910936,0.6629454990570064,0.7342402364611831,0.816084220770038,0.8238690898981212,0.8390568507294104,0.7274083890290189,0.7991856902298249,
pre_model_seis1_20250809165448_777.dat---0.9749650125546446,0.967439813178594,0.9685452561457141,0.965746392817758,0.9513530850815356,0.9439840010662733,0.9438199651911388,0.9499880996240889,0.9394470510770565,0.9056938549151434,0.9073768906891623,0.9282952923405695,0.93823949360028,0.9570076170954881,0.9682607204144491,0.9842329192732454,0.9685436003822006,0.9770146720128714,0.941716761175589,0.9403529828190557,0.9357304603686977,0.9560139145289298,0.9263518548621422,0.8535504843513531,0.8423564836250916,0.7791174140868093,0.6839732566609443,0.6754351412074006,0.624536576246747,0.6406884003710053,0.590474614359206,0.6008501247592433,0.5951235957024932,0.5459684496350697,0.6646878511535177,0.6284375424478262,0.5824351085817122,0.4825268447119556,0.5121509470738542,0.454841110906238,0.40436750070117666,0.8049180770194213,
pre_model_seis2_20250809163930_268.dat---0.8356723873610048,0.9082229492949382,0.8399990712449561,0.8114462977103167,0.8062749808905566,0.734629813346305,0.7347646622700876,0.777277501374758,0.6333590786495945,0.7612016966677837,0.6456675701497013,0.7452449616519662,0.9440241710214126,0.9838779998646779,0.969484636798289,0.9430470377233933,0.972991121814551,0.92240973467274,0.8251373446291772,0.8202388930287011,0.7179700556479895,0.7303252415424786,0.7030517592432066,0.717635835022241,0.7017715976800835,0.6516981887123502,0.6521314966981534,0.7871098318249138,0.8479879836852865,0.8570881246998632,0.8723773731693332,0.8869968496434683,0.8385326305747263,0.8169604030141226,0.7908260262451657,0.7461766462013973,0.7442263080542223,0.7499944824251011,0.7796920726221556,0.7140648272100415,0.7121377331287901,0.7959445701758535,
pre_model_seis1_20250809165448_114.dat---0.6005897089702118,0.8455794660472039,0.850931155147903,0.7954798702333927,0.8311696593678491,0.7741532044914877,0.8537751370792952,0.8331987836080005,0.844614182773434,0.8268337499229675,0.811920100224037,0.7460947167914033,0.789467707703512,0.7881357526540739,0.7584902280629219,0.813859331208465,0.9633154742283475,0.8648866903475263,0.8847761126222818,0.921604571500081,0.9326445471126119,0.8797478086665977,0.8501080463332006,0.8328650459423369,0.8431674646871798,0.7999059134204042,0.7503164158691582,0.7283896544144356,0.7109063659600808,0.6461405157495782,0.6100517873006764,0.4865654801648619,0.5225758664080937,0.45044996118858777,0.4297855749470694,0.4038409745096298,0.3251233831789884,0.28631372159678525,0.2890486733912087,0.26915431069749773,0.2811260800113068,0.7006610535252362,
pre_model_seis2_20250809163936_108.dat---0.8706373359648055,0.8425818897324862,0.8585141859799212,0.847047490128018,0.8108531654188698,0.7873221664637974,0.8890651822774601,0.8881141533675424,0.8698881304317131,0.8833002111602012,0.8663637975540499,0.8284173966605552,0.7938943466071485,0.8072303387885995,0.7575333561489687,0.8585457872199393,0.9262356653021926,0.9762734454534208,0.9563452896385318,0.8442325368437681,0.7461869236446103,0.9175163520606745,0.9276590273344808,0.7300251923225666,0.5845964669655375,0.5402788845649986,0.5381871369078589,0.4490345481100465,0.4487447913448772,0.37437677298031197,0.3010954260477682,0.37736850145431555,0.5322190315317475,0.48797184543958383,0.6231874478727277,0.6041857249795661,0.6156633377984629,0.5718939988720965,0.43362761934507615,0.4557054000019623,0.5157548117567692,0.7057969539628789,
pre_model_seis2_20250809163930_747.dat---0.9549685639686007,0.9829676440286984,0.9834925440375046,0.9869582687897196,0.987796091046931,0.9858677133526892,0.9729454560640015,0.9706982719030014,0.9646631997291074,0.9460603719911731,0.9310780608705115,0.9356265773633756,0.948771096986071,0.9770531803664715,0.9746943781580636,0.9889821335860377,0.9909970648401208,0.990421714350101,0.9712231238891824,0.9438148998988679,0.9351077563399485,0.9259080642373969,0.9042332821406641,0.8792557082925853,0.8416527923140616,0.8251910823115824,0.8592135713993981,0.8375973283180361,0.7852750050358613,0.7776921427516029,0.8409541971385442,0.8340868898384649,0.8095962992241973,0.7686464919639857,0.7601669982468767,0.7640333833078989,0.7440393970013249,0.7533885686946504,0.6296608577329748,0.4827331880125561,0.4892576044582748,0.8740675844873441,
pre_model_seis2_20250809163915_17.dat---0.8633543880947466,0.9504282646531601,0.9285837007431222,0.9374933211815294,0.9235378644256584,0.865400369053506,0.7905231951788142,0.7189456619777705,0.6708150921658236,0.7333598201796028,0.7366408755094855,0.8445672238248568,0.8706307577126459,0.910816989082605,0.9479807668227205,0.9714497638074372,0.984203672092679,0.9447566435877066,0.8496978436949267,0.8183766983197406,0.7176030770376849,0.7318402939333585,0.7557563110494567,0.7977180152145572,0.7260045423959207,0.7477199507860118,0.8327161707632523,0.843585970168325,0.8509490807994198,0.8510774264575138,0.8499852873893783,0.8739529689065592,0.881414757236976,0.8937795460578326,0.9003954653929936,0.8888623310644754,0.8203592701945105,0.7895245608331547,0.7373534260788425,0.6526588016703438,0.49971556840848813,0.8269398959499412,
pre_model_seis1_20250809165454_270.dat---0.9682982316661418,0.9115381685107732,0.9467108343333374,0.9426400211255491,0.9288046873260061,0.8966171987784868,0.8716587749092369,0.8125549193874236,0.7363052347723985,0.6706116275915343,0.8235609354602248,0.8734159521000412,0.885502726057666,0.9372580060317014,0.9457052678562992,0.9615484686236473,0.9670874671874083,0.9634731394009347,0.9403977467989255,0.9265579847152828,0.9304051010595201,0.8758044660212638,0.8630625693984815,0.7274167313602026,0.7843555510043952,0.7920286816688155,0.6316792219672487,0.7821998752989859,0.8264732396954888,0.7770992580454478,0.8515876710492004,0.887953979755205,0.8752801158741479,0.8843991701627113,0.9032755394807985,0.8908666291356108,0.8899325388583283,0.8854950792050887,0.780846754969057,0.8287697022258289,0.7516920152520722,0.8617285679053882,
pre_model_seis2_20250809163912_310.dat---0.640872396945201,0.7001563698435139,0.548234566503343,0.4610669184683926,0.5977836414863844,0.4511482784499025,0.4126482715584237,0.48079010431812086,0.5459258168142935,0.5110588475629753,0.521454064715348,0.48329410566907194,0.6993080355606017,0.9397657927138025,0.8598046393019728,0.8799000172459421,0.7100772629111719,0.5252804888581923,0.41038944686920853,0.5232571693946887,0.6318504849900303,0.7572222195669776,0.7245681290092654,0.6616124328748579,0.7631061044420406,0.760521234742075,0.7141170447588817,0.6197938082856077,0.5977611961284371,0.7091208418489714,0.6609297583846762,0.8516478798222367,0.8608052289542031,0.8375488437751762,0.7850357772659604,0.7480705514848305,0.7308033908146496,0.722864944787563,0.6788866483012145,0.6719309300849009,0.7363504214449825,0.6616283928526364,
pre_model_seis1_20250809165439_14.dat---0.8469357033381897,0.9346388186782564,0.939327800192237,0.9403405246761442,0.9302168298685785,0.91820144351054,0.9181842433042907,0.8731278893748802,0.8982729761234783,0.8913967970477045,0.8920053208119472,0.9130266568558025,0.9502418325051726,0.9703044242487652,0.9661667028699334,0.9589120934209452,0.9834039608436899,0.7690625220978653,0.7461409130891128,0.7282023032684676,0.7265583990600011,0.7981963856022792,0.7598960895046398,0.6969258207237922,0.6562084022051282,0.6954929148065253,0.6688286262150223,0.7375093848777151,0.7884890464006107,0.7660453113042269,0.7561404916452504,0.730346315469234,0.6684297503531662,0.672527106807483,0.5842847529540557,0.5825871220305406,0.5063419385083622,0.48690975344680193,0.44289288660704895,0.41413296877920414,0.34062556004292044,0.7670116776456098,
pre_model_seis1_20250809165448_463.dat---0.41763953478737004,0.7072110772307537,0.6739375896095876,0.6735843490220212,0.6803353046558537,0.6327872324599527,0.6513986243132854,0.7939431868700463,0.7887214755732826,0.839525066069031,0.885939452343814,0.789194493651283,0.8634219607618109,0.8839103912670792,0.8555094056130114,0.9086205701857957,0.8907234624238202,0.9276249793720376,0.8434984220669477,0.7971178449670427,0.7928889806376164,0.7987260419444034,0.7852080138039307,0.8569992548781374,0.8746363784520318,0.8264755817559852,0.8372606308483869,0.8100383054344856,0.8152454663306844,0.821582590342616,0.8565433454424837,0.8224297350505335,0.8220314051115033,0.8009838747899738,0.7763895277222141,0.8092589175394362,0.8072256705948492,0.7650978382582064,0.767119329707764,0.8340701955516274,0.7828835273935775,0.7943350984105919,
pre_model_seis1_20250816100531_90.dat---0.8921321526570266,0.922395498395574,0.8879577701736122,0.8442997377689393,0.7877728416385881,0.7823690208809794,0.7779827367330155,0.7106016804462463,0.8059806669782948,0.7990712888389865,0.8447781870375388,0.8408255469390269,0.895801411517185,0.8890124307830065,0.9763550175870311,0.9312392840920312,0.9369983389638513,0.9191620409039943,0.9041020012845834,0.7860424010781035,0.7842431662370709,0.8335561784782763,0.7200667744806282,0.6327216211642795,0.6575755930883774,0.712365463860589,0.6981304673923494,0.7600470954122599,0.7618812245169024,0.7786738679042716,0.8058264935000892,0.7862866682828565,0.7935674030259348,0.8547598098399021,0.8591947895242869,0.873883725072487,0.8280637108062392,0.7786885776915546,0.7803898490611939,0.7245663848695517,0.634231175762032,0.809600002308994,
pre_model_seis2_20250816100657_12.dat---0.8054389047265864,0.6388117350358001,0.7222053965213351,0.7884981191572655,0.6813368511766171,0.789244367802927,0.8092885812926558,0.7789137536947462,0.8262152591409008,0.8734992546737845,0.8529187904409876,0.8306420074328913,0.8203987361204471,0.7756934590596134,0.7772055268101292,0.7833654219840059,0.7648056839392685,0.8853160839764859,0.9020912431339717,0.8467693317082988,0.829299220840733,0.8492860655668355,0.8850770918325579,0.8184152276906163,0.7935093472533638,0.6916847179508363,0.667285416788856,0.6205990909876498,0.5656763644119206,0.5988664027004605,0.5812455443609722,0.6645601974873984,0.6660447936134073,0.8155561453578828,0.8346207439748402,0.8444482024792211,0.8197681665624248,0.8113805489061812,0.6963624999873814,0.6445771099158571,0.5726147731508198,0.7615496629182668,
pre_model_seis1_20250809165445_179.dat---0.9770979769040049,0.9561662729462713,0.973439239149696,0.9600967326247589,0.9417276472664985,0.9413850037106961,0.9233940706298626,0.8532383225105604,0.8723577649002426,0.8185971171820389,0.7343819245523336,0.7276166264513724,0.513709241890892,0.5699739055941616,0.6230873325169731,0.699859142798087,0.7333540719783579,0.777713429647972,0.8649800218496331,0.6469981728948739,0.6166139030011766,0.6791078819043076,0.6987807926573664,0.6776103298724288,0.7581566362889242,0.7907495680297655,0.7904506284820083,0.7641051587071153,0.7969652114110795,0.747173707607991,0.7088439555369501,0.7267931839506405,0.6071355177997461,0.6293355957586058,0.6381030692580537,0.5542683975632232,0.45997856648090113,0.42782109089216785,0.3507555720324544,0.34658684895537833,0.33343508612472733,0.7124864565930318,
pre_model_seis2_20250809163921_708.dat---0.945254821927972,0.9235759052833828,0.9516534236838041,0.9471789727193629,0.943543685489787,0.9285251175453708,0.8976114295449907,0.9043255422420509,0.874289679098095,0.7714448007484515,0.7146631876934048,0.642234365161835,0.8060465251707849,0.7450964431176443,0.7068972332408968,0.7812504023835048,0.825492482465868,0.7910219224787107,0.7347282913405494,0.6898840531111359,0.660110643451353,0.6500057489601047,0.545463430192828,0.6007794167204613,0.6739435457965479,0.6928735572492959,0.7620920834142739,0.7438293094371268,0.7314989810298411,0.6973011117925729,0.7706046637681788,0.8009764452748293,0.8247633201595146,0.7853796084080182,0.8472875504031336,0.8404094588948977,0.8176895112772606,0.7626047085070427,0.7921599220964609,0.7869825886185213,0.8490153386390364,0.7844021763058269,
pre_model_seis1_20250809165439_771.dat---0.6688978581106665,0.5968180788257248,0.8367142606561648,0.6576886288003394,0.7747676950780459,0.7696811921671154,0.7522671659865022,0.7611963119202887,0.6890199349991142,0.6854927684028277,0.6634210946172527,0.6365572308884243,0.6620755059020039,0.8062790608641782,0.7922385607756622,0.5616656227217035,0.5861470857606117,0.7180262087196974,0.7891468890751107,0.8051894896223426,0.6890965587216112,0.5418353376146081,0.6806412821507852,0.7617966991650598,0.7255672396807654,0.7745165893851209,0.7520655968237303,0.6724683945415276,0.6324849206757773,0.6491597837089055,0.5410695453443992,0.5087092455903321,0.553960010716613,0.5203542181343489,0.48024931748999716,0.501382563367028,0.5138447421219703,0.49728849163118555,0.4842807870363672,0.5346144566675755,0.5524733434587097,0.6531987748273219,
pre_model_seis1_20250809165445_570.dat---0.95886024919936,0.959158407739943,0.9346046441177746,0.9194241657479325,0.9176067975420967,0.8795492544627599,0.8285854610779076,0.8290826761116956,0.7955394501659941,0.8542501981249252,0.8888708308313198,0.9103381915580995,0.9385065164424847,0.9427000881308416,0.9359769823386908,0.9690472935410781,0.9658359094747037,0.937833829365437,0.9549624313623517,0.9223292215200706,0.9147050122418529,0.8064062840384401,0.85542953885564,0.7891121368038154,0.8853978909972254,0.7870036154871958,0.805222833198967,0.8004424372350183,0.7395410544240792,0.7514373586774914,0.738564898741315,0.7059838627430224,0.8022931429098102,0.877246691629425,0.9309920187856066,0.9213229604417114,0.8739500552184142,0.8908485193354748,0.8996696321661916,0.9109891007958044,0.912154367268237,0.8741896588012247,
pre_model_seis2_20250809163930_598.dat---0.873165233629361,0.8425504976801885,0.8491701764738011,0.7627161307416036,0.7631525819827016,0.7973520198523425,0.6763726532371603,0.6537669176232002,0.7533113890140865,0.7776545393287656,0.7156140060365258,0.8131735945301278,0.8852814802705367,0.9859062266139647,0.9840687180812975,0.9614706103912322,0.955399722267174,0.9743278118654491,0.9672931054660185,0.9598867438180484,0.9415120912875279,0.9238406025360563,0.9000034455540751,0.8882873406919788,0.8870327719268263,0.8905807938574609,0.8962021602438804,0.9021873520080188,0.8818079155480766,0.8518266000298939,0.7736048395815857,0.7142691023307066,0.7749641386273511,0.7888514174130391,0.7674627107719367,0.7803570918288679,0.7618059886745544,0.7709162113423643,0.754853945796477,0.7473131428658717,0.697363005625416,0.8352848006694038,
pre_model_seis1_20250809165433_778.dat---0.9941456352346868,0.9886532709403415,0.9931102902452971,0.9864254767650963,0.9833942014785069,0.9710165102708811,0.9636335040294213,0.9560221007965103,0.933143595307758,0.9006857038798716,0.8335517461004943,0.7345505615881054,0.817772157955271,0.8085703275144525,0.8610235729344384,0.8662988700532295,0.8976135685013912,0.9683027393595494,0.8943627166478696,0.8120856475908691,0.771821534151613,0.6534390368128071,0.7247495856907701,0.6930703752303802,0.7349866268966461,0.7951610867645283,0.7226460439491295,0.8691326420107979,0.8402536664380249,0.8935582873363214,0.8840538232151014,0.8794296521446137,0.8618024813740228,0.8136665373888056,0.8328718403638224,0.7793517176623856,0.7972428449219501,0.7803451550920966,0.706520244953414,0.693569104570537,0.6832419680389025,0.843299425663432,
pre_model_seis1_20250809165445_172.dat---0.922546210084897,0.9279299640410755,0.9365299018148885,0.9386770340405312,0.9109732994405845,0.9131681745247517,0.8710842964030872,0.8958863893381982,0.9038564137387949,0.899972419066854,0.9065519851419785,0.965486264405948,0.9595684858537857,0.9349596709112371,0.933854504003919,0.821854889769921,0.8158872338734123,0.8308846359965147,0.7621082038091644,0.7889365958659225,0.7165930949667665,0.768957109605028,0.7967329329861088,0.7809883020261396,0.7292048280157694,0.6943325166181624,0.5438450842493389,0.5863170941738908,0.4553937397849328,0.47768650161748705,0.42907824287098795,0.452725374798978,0.47100756596518806,0.5987200134234599,0.7074564345639406,0.7785294810215859,0.7896738301496696,0.7162426150951245,0.7211458366534534,0.7075965277468823,0.7253874126114053,0.7680080758797504,
pre_model_seis2_20250816100718_81.dat---0.7753443741768281,0.7810403110922783,0.5972687388777219,0.6580925010990524,0.7644363537016076,0.7520956183026214,0.787668428005945,0.8164491554287375,0.8133267137351268,0.8278508811466551,0.8366014077917121,0.8309260388352763,0.7992603737387041,0.7884362710447389,0.8410719573115656,0.9060129581405041,0.9421158863815435,0.9679515189058665,0.9814123886784858,0.892325362932868,0.7486590244932538,0.718923521712353,0.6262352409620708,0.6703908773523691,0.6756930088271503,0.7612684967363822,0.8950041809588216,0.9296892865554633,0.917697835453779,0.8151458077099413,0.7622914138404211,0.6327427778118756,0.5470350202572631,0.43850039397508667,0.40342510921086105,0.36288253544962945,0.3827341905538341,0.437834498395475,0.36270587893368567,0.40540802143368304,0.4553071835990377,0.7148600376475676,
pre_model_seis1_20250809165430_645.dat---0.5887819902417334,0.8274751592528827,0.7564015949193363,0.7135420699379459,0.5748837047955968,0.5720424723081009,0.5923411323154573,0.5900444639672303,0.45676393107904445,0.5857745972770848,0.6994113548723574,0.7955492977400855,0.8360758182343168,0.8745265664413572,0.8252948439680637,0.9155058659033267,0.9280764539368835,0.8379208448012853,0.8206937989547295,0.8047630694956847,0.7229907736649518,0.5941432986633866,0.7137683614494161,0.6840416222462841,0.6612691310641647,0.6954015093218389,0.7255957607620048,0.7705590448865408,0.782531552114054,0.8036629483105053,0.8341307721288148,0.859893008676736,0.8716248003222943,0.8125491372333914,0.7387030628454845,0.6446137895314177,0.6690136474856722,0.6260007822977341,0.587673561063981,0.5107663948890632,0.6092607090654295,0.7198551877674553,
pre_model_seis1_20250816100531_7.dat---0.9023787694441133,0.9167894522622532,0.895202225615372,0.9154926440934088,0.9238088077916196,0.9197384744329655,0.8683221062556523,0.845142853697341,0.7444130009968998,0.6398937892519679,0.7904664990948298,0.6981297340385614,0.7225744869536658,0.8251323418464697,0.8402258584927353,0.909247023209079,0.9053157625804902,0.8766015959205352,0.8803128221731505,0.934260798507701,0.9012636569717283,0.8422628462200518,0.8665988930455083,0.8587702663072309,0.8161680178509397,0.7216574278380384,0.7317114233089284,0.7485626500052401,0.7586264070279889,0.6902630593159835,0.6655259244521642,0.6737939158072417,0.6527751675605655,0.6487569930120346,0.698568841614515,0.8356744762031909,0.8943267962865101,0.9174752421433979,0.894470640352056,0.9553117139694869,0.9550264654728666,0.8214887773518171,
pre_model_seis2_20250809163939_766.dat---0.8918708677413026,0.8872623710932585,0.7473774593122553,0.8599621702832264,0.8447390074658487,0.8953000737445099,0.8524925377387476,0.9070332895120702,0.8836033156384588,0.9363757698806651,0.9420639462072383,0.9501328137377624,0.9715541756534273,0.9702663221905246,0.9744437930768187,0.9822892085519012,0.98628949004502,0.974330173163964,0.9450389174759805,0.8683937483821561,0.8343743136635442,0.7693198833992666,0.7907355021191371,0.7188377612726573,0.6988299135949702,0.5777566674921037,0.6083127258314478,0.6926196653842278,0.6745081151097535,0.7638446326959134,0.8906581742816548,0.9306737459083543,0.8857923900739935,0.8348808056624026,0.8934977592116419,0.8957921482488752,0.910261508214638,0.9182912079792794,0.9030459408014091,0.8927616825469612,0.8446488325592307,0.8585429957791854,
pre_model_seis2_20250809163927_93.dat---0.4831483499511603,0.8068678738007175,0.8001885952958557,0.8734109248770742,0.7791413811044119,0.7724475687566581,0.7951141142024333,0.7788281927124339,0.7539801225800893,0.8167347180521796,0.6795920051692639,0.8099615283736591,0.8941101164844735,0.9231849475701916,0.9755522613758895,0.9761761310841255,0.9745089826840235,0.9757917638897653,0.9829686790769059,0.89079039980864,0.7871495848037058,0.7884068936277775,0.7040896197425662,0.7986162311862901,0.9163621470960367,0.9231531120190628,0.8704443849043354,0.8135658580834876,0.7787883411287336,0.7980573927548533,0.7229174065631659,0.6909279170435999,0.6470215940727829,0.6221065543162189,0.5035461240159689,0.6077532782554182,0.5620834815890222,0.7019371955280947,0.7094358590610962,0.673365395224246,0.7992865356549556,0.784427160085887,
pre_model_seis2_20250809163918_465.dat---0.9243455414226677,0.8970079390182718,0.8922154005882251,0.8798754432113913,0.8179619441680643,0.8099388463059637,0.822116101141624,0.7521721487126866,0.8108169299816403,0.7361804452745696,0.9209424996214498,0.882012048584572,0.9376141017364741,0.9575384397769701,0.9725671160403693,0.945435226190898,0.9396152158301064,0.9772502317635517,0.9449019651351523,0.9246014780446317,0.889559064576881,0.9091092199369583,0.8209588248029625,0.8663890346927942,0.8111800655999458,0.7590524787543007,0.75821563940241,0.7045897641283956,0.7119805141051684,0.7333582399382178,0.686852072689815,0.7832043039816214,0.8367847353773628,0.9092086641797605,0.9029315984349876,0.8008403177729027,0.72144555650267,0.641087435060454,0.674994850876625,0.5937663537589748,0.6477919076872634,0.8270343830441402,
pre_model_seis1_20250816100525_66.dat---0.916502715957383,0.9155773067991675,0.9609080976613729,0.9542133176465663,0.9371061318833048,0.9158268040688063,0.9277910520504506,0.8827637857707253,0.8680285212799053,0.8880113639359133,0.8945083579795874,0.8606216593900963,0.8648727239922417,0.8403550517440881,0.8552256042302496,0.9531950884177252,0.9126174477637953,0.8334812983405168,0.7340494137870189,0.7325593869962214,0.782827029236004,0.7745137081771232,0.806001617196163,0.8189285010055654,0.6215437390963141,0.6286187518258479,0.6142696875964121,0.5999347500694149,0.6101775767347282,0.5810890297665533,0.5311164150020143,0.4592535375029453,0.44990180352816944,0.45829515585878944,0.5030388457348541,0.5870319416572263,0.5511505101511469,0.6713495968601133,0.693572551416945,0.7581478872613285,0.6952740127455839,0.7522988238565459,
pre_model_seis2_20250809163933_722.dat---0.6283656581524764,0.9048365240982696,0.8806274556840349,0.8022548136981608,0.8769548787905915,0.8602769061016865,0.8557573872310232,0.8485255457000418,0.8136865408542744,0.8310008434493137,0.8163888534989105,0.872228467529598,0.9781988817975111,0.9956463071671461,0.9874299017746165,0.8986255424974375,0.8955348993055892,0.8265658787244878,0.6788802659768598,0.6679085676174749,0.7305119107594904,0.8283998163030488,0.8086944580067192,0.6747054337773022,0.623522531634463,0.6035272161750019,0.5974922429705462,0.6043997107754939,0.6049254858380989,0.6305269098202048,0.6926758018202566,0.7550960614254487,0.7445067236528113,0.8960888020631872,0.9122819325818204,0.8761377264200333,0.8436017161715048,0.7730245774025377,0.7677631380651468,0.7780315815290137,0.8526725818413651,0.7931287921629999,
pre_model_seis1_20250809165448_729.dat---0.9462877371127798,0.9271284993471286,0.9330090084720191,0.9438919470464788,0.9329219742688581,0.905957850755812,0.9225917474861758,0.9039384897274788,0.9037247900233284,0.8639604571336701,0.8683155729483989,0.8852520620375637,0.9254653664664939,0.9708135526953339,0.9579837640024683,0.9460373240196087,0.950658164186084,0.9383446577098585,0.7963485434639828,0.7051380713877367,0.8127790017407963,0.7902851953355182,0.8107282046807452,0.7816317610602643,0.7015689752593595,0.6476878532872967,0.5270182021770341,0.5053639804967142,0.4061993668804431,0.4635098381362406,0.5872049660806486,0.5836270213787328,0.6766567585769655,0.7948766434319587,0.8504258619486529,0.873305987656546,0.8755144880359347,0.8963490359685881,0.9073832828967892,0.8778904154976984,0.8376366768279052,0.8130588560401485,
pre_model_seis1_20250809165451_406.dat---0.9062921911133047,0.8910455527153943,0.8166884968013998,0.8293834198553078,0.6844467422426365,0.7357796960912069,0.7451437181551134,0.5309703455448593,0.4933406344220779,0.4681123812000894,0.5639935744844767,0.47163769382912923,0.473920140213397,0.4528585757143185,0.3943882807392899,0.6183088297505145,0.8426962367724908,0.8725509342937844,0.905158871290475,0.8798631489342763,0.8722440634457882,0.9524934198680746,0.9425398703910207,0.6843587485316672,0.744417951519565,0.6808005900505728,0.605453694790071,0.672242488020811,0.6436525566019751,0.7256805937114537,0.8148025482844222,0.8270393154377469,0.7255459026726582,0.7174764629810034,0.6614458674530787,0.5853213403890591,0.4857451144469068,0.5121915754683162,0.4794522507834242,0.4673327630430265,0.45958645488920624,0.6789366594376436,
pre_model_seis2_20250809163930_655.dat---0.9091404378951038,0.8747684785295576,0.8975452097974241,0.8705405619193476,0.8532720934100462,0.7416888444723237,0.8305252934427937,0.6968976772024789,0.8307138255277075,0.7743621831572655,0.7770773045859709,0.879896721072761,0.9237508994935736,0.9510682660728074,0.9486475524057305,0.930795569697235,0.8315870432616754,0.8702542762611538,0.9016356246044941,0.9435352807290269,0.9177272146839701,0.9187165221002735,0.8985013829854273,0.8729205089471294,0.8748900961894407,0.8434751110574682,0.792742822068304,0.7665761141714028,0.647494453634295,0.650871215743258,0.6659075868901537,0.6665158217053869,0.5624982583403063,0.6439663335184639,0.6969571932156876,0.6549715777583299,0.653080384653309,0.5933279840023618,0.4862033411963509,0.4046487863791207,0.3235895839329274,0.7749581813832157,
pre_model_seis2_20250809163927_296.dat---0.8840248600152415,0.8796020290152895,0.8903541316838686,0.8756183597503334,0.8434002232573167,0.8188260724436767,0.7527526671897514,0.698240167261365,0.807510126092678,0.7130167074528446,0.8162568689703306,0.7559914576095182,0.8381355584510568,0.8421297515314738,0.9057222889981967,0.9578411062334862,0.9907213414806368,0.9539368587628828,0.9585280404658535,0.9567378300349741,0.9418055546666388,0.9338461427936794,0.8963219287599107,0.8494381118508724,0.8483061030638168,0.8169463057906287,0.8656437921725997,0.7788270647934524,0.864571139263316,0.8016767327400964,0.818834435216468,0.8155868415495305,0.7953956766886949,0.7436880372401965,0.7403825678696675,0.6945332636887698,0.6420131523121938,0.5931324259265701,0.5207152449157348,0.4761474781982207,0.3862132396174259,0.8039846752638846,
pre_model_seis2_20250809163936_671.dat---0.9055202350025917,0.8215236925685342,0.9148532330275976,0.8898327433090748,0.8401067994580667,0.8180944935637406,0.7622378670263115,0.7843089702885921,0.6302913831250061,0.7970294182677947,0.8532869941877508,0.9163694326863917,0.8939059009866205,0.8593444200353068,0.8675790244133658,0.8788385003642124,0.9466051106784593,0.9625154163435776,0.9648275891464868,0.955510686542451,0.9587268840971245,0.9257205271367134,0.894109405899384,0.9054719422179024,0.8992067868555139,0.8546000185702979,0.81436751027629,0.8038419688782104,0.683050487407502,0.7313865638257188,0.6743365333331873,0.629713405898768,0.47085905690285074,0.49567535562097487,0.5499219872146692,0.49828089998011105,0.6005475302730924,0.6082650946660723,0.5830192425350408,0.5509969696768146,0.5366477017151762,0.7788128727805697,
pre_model_seis1_20250809165433_282.dat---0.9791310145452903,0.9799368272729998,0.9755034897654399,0.9616700569969762,0.965093829693814,0.9640262730184334,0.9327910373985914,0.9433454577288135,0.9255449129887022,0.9537036610714582,0.96620722599846,0.9673986727849476,0.9287853948459339,0.9481436387450761,0.9232485410917537,0.9253109437601026,0.9442482808978266,0.9777888345671089,0.909222537822199,0.9415462507381623,0.9213106823967908,0.9469883047276196,0.9216475090373295,0.9294532487193364,0.9208170777368652,0.9003778416126436,0.8487918012011754,0.8075913058906854,0.7516859779430254,0.7013911477080776,0.6175132428553581,0.6418291700823107,0.5722835814162035,0.5034537440532855,0.5413839013997321,0.5472792741619785,0.5676518437526535,0.5839067356559202,0.5903207040457997,0.5984112083619411,0.5396281671448431,0.8284478866252601,
pre_model_seis1_20250809165433_862.dat---0.8446728496428203,0.9402896824272384,0.8510302273461987,0.9003421090864068,0.8890307558364888,0.8723056305576253,0.8920284266742897,0.8973246355753102,0.8471699800610497,0.8122089742462959,0.880753718984496,0.8788608265608057,0.8821558950157551,0.8875500482417513,0.9576130338311593,0.9630099854210569,0.9729809653627955,0.9793675498544229,0.9764275976230964,0.8989990765521667,0.7692265244729027,0.8416589894647333,0.8262356233313948,0.6927349453888295,0.6433573963429464,0.5621310918202407,0.48568350197552995,0.42723262955129043,0.5097478750748308,0.5449866925879149,0.6583574697472617,0.8244688288842366,0.8915099296676695,0.9387602035713472,0.9299350125580681,0.8244879952189844,0.7944197765033485,0.8025294009749535,0.7692693121259558,0.7572975123640935,0.7125778095048905,0.8105056217081136,
pre_model_seis2_20250809163936_109.dat---0.9018211661190048,0.8564413564569185,0.8737110135924819,0.8954268928025175,0.8775572684538558,0.8645410058353827,0.8679955896076188,0.9063875559515113,0.8953110153127434,0.9390067666538078,0.8933667445285859,0.9686158391907005,0.9427881503515325,0.9633180640399555,0.9629010671634832,0.9297447469816618,0.8409508546337624,0.8126384244786595,0.7866313784701471,0.8739770165757967,0.8734238536018651,0.8178577417465076,0.7394240792119656,0.6491666730734769,0.598362081276591,0.45764661067115225,0.44134022377074456,0.22727126609098566,0.3338574960486667,0.23218486765953278,0.18290145382283743,0.10846403214640693,0.1332388405044202,0.13385798602015866,0.09842875441229176,0.14255451930792765,0.23092397152843322,0.25413183559270214,0.4088707049233691,0.4323716844205332,0.5247494215488001,0.631077073526329,
pre_model_seis2_20250809163930_151.dat---0.8978989358579074,0.952602240873099,0.9551168117223711,0.9371242465914947,0.938297693839969,0.9483609777606359,0.9491560865597348,0.9454598490976079,0.9231752579734689,0.9481006162912586,0.9677612207525885,0.983041558441852,0.9692071159261939,0.9294159123858904,0.9253258103286429,0.9130942148991426,0.9275723112996495,0.9251418322804354,0.8703921288655981,0.8669634889700949,0.7102363127643702,0.6832339864006415,0.5163591344899202,0.4981101883773383,0.5472508821718471,0.3598775361221508,0.39896357692545625,0.29881647556240337,0.3491105615550738,0.2697963387453618,0.2653888072198382,0.33571915903857014,0.35723683560993713,0.2749133607103409,0.27862591877599246,0.27587701416834187,0.27861866012114844,0.3240928065453913,0.34111387484186445,0.321809865368251,0.28977572961199377,0.6499545203864359,
pre_model_seis1_20250809165430_533.dat---0.8474097323163157,0.9415844682294593,0.8760165655013589,0.9326901788234999,0.9196485067238787,0.9060648102656534,0.8775208565967344,0.8097115350540266,0.8468066598988399,0.7731381512419417,0.6586551658791617,0.803055620459489,0.8226443522041983,0.910614815018067,0.9093420268625936,0.9477460345510389,0.9315778104243725,0.9612505529759232,0.9704230223779192,0.9810377935974753,0.9541523157595047,0.9531684401927225,0.9562160044861628,0.9311470305260638,0.9317806571867552,0.8934034621021761,0.8849803208940585,0.8818551613069523,0.7901507245129954,0.7805987357160424,0.6720538241414361,0.6076053961659658,0.5666729556110093,0.46306299123518135,0.44398734732003176,0.3869700113361938,0.3122328721747285,0.25890215154391183,0.2109856026775125,0.15782218552344585,0.09898057340052926,0.7503333517759834,
pre_model_seis2_20250809163927_211.dat---0.8379156347848866,0.8391769982413251,0.860406179342327,0.8513449319882112,0.8482377776719084,0.8494792935846004,0.8751966593270267,0.8792768548181092,0.8807167858947305,0.8592930121124971,0.9097605760904053,0.8942943915853268,0.9040025916921643,0.9026693358318688,0.8524182458608659,0.8866117807511127,0.9328947196842831,0.9242251566144454,0.9371932274606095,0.9373489830285346,0.9289028519374327,0.9021502042797324,0.9143219798899251,0.9108733624923551,0.9284444509354051,0.9313080544171385,0.9242126950338264,0.9328805089947242,0.9284625259985786,0.9242568182265016,0.9174271795450981,0.8798107332193229,0.8740305680733694,0.8725575633633023,0.8589602653920791,0.8299661981420655,0.836200419548231,0.8134770068502993,0.8074478373407232,0.7304664512021688,0.6455404886962988,0.8769307634132639,
pre_model_seis1_20250809165436_235.dat---0.8956663160479489,0.9057427024603888,0.8299733664282968,0.9213164492258773,0.8427082151053694,0.8773273283791961,0.9214865232323416,0.8293026449958245,0.9082753588176944,0.8342133153724953,0.8583722428776988,0.8525633106210668,0.8997756679435298,0.8788040803083987,0.8939738697427905,0.9224360885729418,0.9407672948718148,0.9264506519566355,0.8303793023440019,0.869588450288098,0.8599749561728974,0.9087781577316729,0.9028394266650682,0.9240587702815893,0.9298533704548584,0.9200834533017902,0.8532329527230346,0.8325835430952301,0.7980851278303759,0.7931091602074049,0.7999149736373019,0.8069283526504425,0.7725553280171633,0.7687098596614944,0.8104651572632621,0.7633526937949374,0.7354606151331784,0.6706754890161291,0.7324427294981208,0.6947646205592548,0.7177860408466248,0.8447506819057131,
pre_model_seis1_20250816100516_57.dat---0.9341815781063577,0.9510948789594714,0.9574164786075339,0.918132887445026,0.9245792840520682,0.8607849129948568,0.821479715204756,0.8005656748061448,0.7852907508702615,0.7461836830541315,0.8290263024521932,0.9103357751549933,0.8723576615407103,0.8924519167967082,0.8940987703428767,0.8349390738729286,0.8140710755105853,0.8076693079217465,0.7555447273801869,0.7172695927275209,0.6909098231779924,0.6484684528734329,0.724635675151388,0.7102920976713574,0.771473359702527,0.7896367340849875,0.8586707264478828,0.8924758158541852,0.8831893196043643,0.8502681572849173,0.8454946596746559,0.7949029806578819,0.7517990356404178,0.6931456136047021,0.6892794099599495,0.6058126971442064,0.5936772211819088,0.5837176633041897,0.540596689266274,0.555810391877628,0.47395033066561404,0.7798946561617444,
pre_model_seis1_20250809165439_336.dat---0.8196828679200575,0.8882755887292199,0.8847501641524133,0.844630119631896,0.7597198613686513,0.8437810958218797,0.8567641263067266,0.7603755705184658,0.7494321862948572,0.8195831750062814,0.812568586194933,0.789104886341222,0.7314026538764509,0.6517850523702604,0.590517079232832,0.5979564503375896,0.6648467196234871,0.8056275970351862,0.7624525800131827,0.8064697725018596,0.814821264672275,0.758575768484322,0.6573824880051514,0.5322428886905399,0.5137018189760014,0.5392458913613909,0.5660497425835408,0.5850562199249194,0.5954474569769653,0.773111500710419,0.7774213511910933,0.7566374007566198,0.7202826192418739,0.5988851916930267,0.5498302242036903,0.5275873392461548,0.487436946273248,0.45203885174611835,0.4350583497185464,0.37908060628599055,0.41089334736702304,0.6797686195460089,
pre_model_seis1_20250809165442_283.dat---0.9144304867469084,0.886474368600217,0.9082827177596808,0.8306790599389283,0.7889739520293045,0.8699385644192754,0.798844707925856,0.8028191030515851,0.8697258187008198,0.8427618406660422,0.9189046837759821,0.8595086369842132,0.9138228130351373,0.8874160783344929,0.9629091840993873,0.927538667238955,0.9124021722262771,0.9175971447268213,0.9694187881807391,0.9401037170751476,0.9455942104506238,0.9344706299688061,0.9362324109826775,0.8860373034421504,0.9253945575452835,0.9105492841680702,0.9219719093475421,0.9068379418623587,0.9066090219527642,0.906363479060664,0.9068826563114544,0.878751851275508,0.8643092925204774,0.7730076753119094,0.7664379763686486,0.757806127831068,0.7042618079762719,0.6879973663845501,0.6259661490689363,0.6155868941670135,0.5987323535897228,0.8556671562220067,
pre_model_seis1_20250809165451_786.dat---0.8833389156209729,0.8365427755803172,0.7534098838004628,0.8413476594882439,0.7950639566793711,0.7677625685506254,0.7617465951442554,0.8243498646742071,0.8596947811134146,0.8266119711546067,0.7740895023680847,0.8429215431492446,0.8501890234362447,0.8018058336149317,0.7378526362864471,0.9176549385212992,0.9155163635415431,0.8917073797794338,0.9234337507555568,0.8535269501407801,0.855501138051579,0.7847030071012168,0.6889880678284415,0.6676489015933532,0.7466229145426241,0.7431598468072372,0.6931007339435163,0.634685855943869,0.6200546538521249,0.5836451759652966,0.5629666098609607,0.5519216835619387,0.5567630743203551,0.4749877096948225,0.4810297348066269,0.445532775269815,0.2923763458652354,0.15855457350489707,0.13201881443406643,0.16109526421229461,0.10784776079963035,0.673213939886828,
pre_model_seis1_20250809165442_696.dat---0.8567592891404466,0.8438623848648167,0.8419197842254226,0.7660788365409582,0.7582221132005217,0.8200868018434171,0.6899982204774028,0.8000733373635399,0.7657224414261469,0.8044980025172365,0.8025389613027587,0.8845816282643391,0.8031028056060002,0.7365286810983059,0.7438472054868542,0.8432956798260391,0.9631412998558471,0.8891939851183687,0.9159011795095068,0.9333969608533753,0.9217864326822948,0.9460110604323115,0.9376457468614516,0.9130340615533443,0.8965917792716893,0.8581873518113191,0.8512867123557011,0.8161781174893401,0.76420546484799,0.5173093908048167,0.5020885974403939,0.5131898898642148,0.36583335877202333,0.35247185687291516,0.4043018475459834,0.3803905270290587,0.5396338089071676,0.5903791789456632,0.6622995502243896,0.7359360531572191,0.7589115347929687,0.7485468761020381,
pre_model_seis1_20250809165442_562.dat---0.9424516333268884,0.8482944490095599,0.8455241598993714,0.897759435039917,0.9011938923105532,0.8327196023496777,0.8538095162152276,0.7587324630559595,0.7962520149366478,0.8132934946602615,0.8224249691764671,0.8050986966442893,0.9066324525063529,0.9119685203546428,0.8948264180250175,0.9219407225135847,0.9650060243207097,0.974769547831006,0.9860268643162279,0.9810859257700012,0.8631236677058624,0.7393312421847946,0.7587983053275315,0.79366879302788,0.6833815180572862,0.6772723642576389,0.858190627893656,0.808801219556992,0.653133648506984,0.5754683224860153,0.6526911402693863,0.6522952217659704,0.5776068856295161,0.6092315028403029,0.6493738585569382,0.6584464190561803,0.6645727439349629,0.6795532440839563,0.6298013114656011,0.5959007853315514,0.6238757592312748,0.7820568142300642,
pre_model_seis1_20250809165445_209.dat---0.8690324945295796,0.8105585665290354,0.8969552981395847,0.9176991145566955,0.8494359755794121,0.8069829735725746,0.8552517840426108,0.824360893512847,0.8661939773690076,0.8806030299004729,0.8778984146677418,0.8295819965614586,0.8339665175495282,0.9163579284134575,0.9387099702807806,0.9692565488659751,0.9807164013341944,0.9776520893554432,0.9506389051053055,0.9236149718496082,0.7436945173845508,0.8386035915737409,0.9132951240944971,0.7951403691584824,0.6947354543423406,0.6131893601997928,0.6131774229684273,0.5696302921853338,0.549174898020483,0.5232516776899471,0.5228329059281357,0.530731487627594,0.5350807491935967,0.5521460995091227,0.5728615933639036,0.5705221289502922,0.608568739455492,0.5682410900389074,0.5943990397529934,0.606546843631861,0.5885365071941797,0.7531665303409509,
pre_model_seis2_20250809163912_496.dat---0.9119135114383693,0.9200345125219631,0.9104141289293006,0.9205067926213216,0.9273301315439223,0.90768256425461,0.9098242349714881,0.8668459818375756,0.8555123731072545,0.8306538695011596,0.8514037830853902,0.873217763585718,0.8671382991499482,0.9501788195960963,0.9616814852646797,0.9743637267952602,0.9466310551916577,0.9113502125373478,0.9293277212596212,0.9335311509559988,0.9129953203105382,0.9218643470366729,0.9272760238597174,0.9291659524110739,0.9472646514274509,0.9058189173949055,0.9337948015163904,0.9209577347397939,0.919813973871668,0.8955337789986686,0.8713316169300663,0.8823942063990796,0.7962637022987616,0.76424830353135,0.7056164651026443,0.726069684094049,0.7021900073069783,0.7003594731231276,0.7309921845546885,0.8177856723721278,0.8508843051587821,0.8761503229411518,
pre_model_seis1_20250809165451_130.dat---0.8831035653342435,0.8297959180706344,0.8353654027977852,0.7728415141057641,0.75711555700457,0.7515542888049992,0.6249665750972537,0.5565922453073557,0.4742158419677443,0.7040914909970738,0.7337612476531239,0.762786803195633,0.7834102195694634,0.8167131105787239,0.8736688011235686,0.898618618652237,0.920408304339846,0.9117295807845378,0.9026298631503162,0.8305206771355257,0.8589006804479311,0.8357757385987489,0.8105077536083781,0.8231146284836932,0.9020321813007479,0.9005847211150584,0.7960256376909568,0.6728401890661744,0.6537677726522338,0.6325411192255489,0.5351384014237007,0.565181079718265,0.5531619229423614,0.5019510007055251,0.47640201908511876,0.5481134411209019,0.4458028588543756,0.7142798693287274,0.6915559836511626,0.7847959276716756,0.8494606499252781,0.7359956878606576,
pre_model_seis2_20250809163933_682.dat---0.7505372531397104,0.7498042971777656,0.7717405190157335,0.798698624381573,0.8648921283457822,0.8463717974147085,0.9205198286986171,0.9290870218079831,0.9676832257327103,0.9781122858535517,0.9578801762432723,0.9799438600945772,0.9226256533384914,0.8176011566397464,0.7898340546119109,0.8679206862390608,0.7709568958247205,0.673071788997976,0.7998763521818338,0.8651634029164211,0.8971465205823778,0.8078185501801816,0.8418314686927023,0.7265487141063162,0.7718668895591824,0.8025836644606965,0.7950911103985414,0.747849144422534,0.7319003500764844,0.7065774556230394,0.678105330458483,0.7769364055882896,0.8645184223702272,0.9269012414155566,0.9507780197555523,0.9214788668569586,0.8646881099477037,0.8305166290056216,0.8321594956573053,0.7998090670424564,0.7650884513343755,0.8307930467363592,
pre_model_seis2_20250809163936_826.dat---0.9423048618113167,0.9029826848019903,0.9034050759366314,0.9109171633599488,0.8690990673447824,0.8396707776574027,0.8773680375858016,0.9055989346894908,0.857769312906538,0.8880675781282124,0.8936652081678772,0.841940983752097,0.9324666418161258,0.9571544568216738,0.9741813386314423,0.9681622981295005,0.9806192187179129,0.9809454807206778,0.8793705872789616,0.8685784999789158,0.8435803723572615,0.8528332030098811,0.8917889216803495,0.9264173632899337,0.9542700224621943,0.9735636286333073,0.9676828334736878,0.9268176482065655,0.8989515251931894,0.89950686837086,0.8764074106359622,0.8845441356391242,0.8313135484193894,0.8000815927077606,0.8924627876929997,0.9693319171769127,0.9529784272993707,0.8125243293755204,0.8023662156300991,0.6582093404435448,0.7012173952262589,0.890027260857597,
pre_model_seis2_20250809163912_448.dat---0.8377306642209001,0.7146256262378219,0.8805650058888365,0.8313625372820803,0.8903081148876211,0.8660927334191644,0.8709204864736158,0.8224289853231338,0.8597818891080404,0.859974675869573,0.9719758815409189,0.9753055030971509,0.9696066988283509,0.9713293471319064,0.9869540623152717,0.955442720208079,0.9397035004898886,0.9175236465214627,0.9664908043495286,0.9554941241574109,0.9281789925919446,0.9235651109108318,0.9072962047929723,0.8585692843565328,0.7844569655122731,0.8262927226516553,0.7762373990786907,0.7976673528600704,0.7945780927368843,0.7901751791157805,0.8005182338983902,0.7080948447603417,0.5612261688769997,0.49047684375213985,0.5416657737758717,0.6044685242656289,0.681362108005982,0.8678513234323412,0.8601055418456806,0.9415594333110858,0.9380248680178596,0.8396582433146517,
pre_model_seis1_20250809165454_823.dat---0.946670076556609,0.9475228286321441,0.9030984630743211,0.9219925967955493,0.8625303773054653,0.934504483471931,0.9223014304382886,0.8976067376492748,0.923743762042043,0.9229834401266543,0.9357357233519035,0.9396037450577934,0.9413033815416725,0.9031181645012043,0.8426058854139549,0.9637185628062235,0.916169249802953,0.8308449095729902,0.7433947213942024,0.8268532509719619,0.8183439479403832,0.8415993506646146,0.8014270758742386,0.758766337379596,0.6275711233084529,0.5704405920705445,0.5241557967188979,0.43087733427951413,0.3483852623902791,0.3960303910672307,0.43194416072840025,0.4095995204746954,0.5608432384810609,0.5129179903607584,0.6094097231129776,0.6342638463518309,0.633224730738552,0.6926307829118478,0.671670333881016,0.6937296325177502,0.6929725709057512,0.7484659886015985,
pre_model_seis1_20250809165445_651.dat---0.9495688407198486,0.9461035308930107,0.9311871102542637,0.931753958070893,0.9081226064293674,0.8799725257386781,0.8600234873607047,0.8971061844519277,0.8838715852702314,0.9022393986659607,0.9302502572371499,0.9176415897026413,0.9411241679580249,0.9688448276080145,0.9717471494495316,0.9787316899329913,0.9783952517978464,0.9924496829540757,0.9657448317718341,0.9283209642984842,0.8907418607982668,0.8565562210174475,0.8746204344306532,0.8481151928870582,0.7219891369691002,0.7517102759609271,0.7139392790634443,0.7173727409234624,0.7116535240806778,0.7114715719455599,0.6949449977238136,0.6924900794876547,0.672108803615766,0.6337526135475513,0.6038733208330109,0.55014907748033,0.5499943459302026,0.5351330878681108,0.5356668079124838,0.5085401820719294,0.5195330980906996,0.8038428364196007,
pre_model_seis1_20250809165442_77.dat---0.894606997026681,0.9190247435106516,0.8911653594042726,0.880940555753942,0.8767682439316721,0.9001051467281519,0.9027592857273694,0.8848192586725168,0.849022674801492,0.7058249311122222,0.7669847113530117,0.8564466237806218,0.9229560214538097,0.9378756886362785,0.9348433026055205,0.9093056033522783,0.9523696306702023,0.9843465431832247,0.9840846052669348,0.955211970966031,0.924581931603546,0.8951518311375259,0.8433003061088887,0.7515204192722578,0.7259379853772177,0.6684468031199845,0.6430867482704784,0.6173363217305143,0.6715244650906932,0.6914833684230075,0.7129390260550627,0.8138649158166069,0.8698583975034431,0.8711441988539107,0.8285732623583145,0.8381859242182601,0.7956784078977476,0.804664220914805,0.8141214207862685,0.8124062518001947,0.8207486569481933,0.8371711405176538,
pre_model_seis1_20250809165433_621.dat---0.9323619997867102,0.9241736552038766,0.896980457316426,0.8810527832563158,0.8215401754521329,0.7818694881460229,0.802556211758873,0.8041648945956927,0.7933143754308549,0.7733574686314703,0.7301618301306139,0.8075978398845701,0.8000585584853573,0.823089932422397,0.9141245253968847,0.9606058237709169,0.9672320657148157,0.9300311529564314,0.89581360434338,0.9011008449899709,0.8440506315194776,0.5420924023047807,0.5081869110395145,0.41981547466851515,0.3764045862476619,0.29754376895647155,0.22814659201162676,0.20750361477920917,0.20348651555183844,0.3117887765109982,0.43867915773504085,0.47069534285175413,0.5190736071042851,0.6159459220109393,0.6209839887717691,0.6411985116585148,0.6616522369003338,0.6588381704936617,0.6541433581520252,0.6472243344196663,0.6351233838388145,0.6742381701268444,
pre_model_seis2_20250809163924_148.dat---0.917970383312854,0.937126028057771,0.9309829458288696,0.8927263822834706,0.8828870210239119,0.8705275334671841,0.855823927761577,0.8414179981420012,0.868904781152254,0.8973202813720822,0.9517968077908954,0.9680916223847863,0.9767416752934562,0.9660798937289605,0.9651643595033536,0.9367224077529421,0.9152807666759605,0.9064360947112265,0.8855161914202038,0.9110684406440056,0.9401740330447995,0.9120056693479637,0.8961195519849133,0.8958521822576361,0.8736603589300913,0.8512603068679019,0.8375782815466392,0.8429895201289381,0.8279709701860699,0.8140299962845389,0.8189957565387534,0.8183434492969084,0.8138983390042684,0.8068192100965716,0.7706192928053758,0.756881552711434,0.7952797227261048,0.7794379042141337,0.8198131652210195,0.8642692537892305,0.8568314254726791,0.8749125727991154,
pre_model_seis2_20250809163933_341.dat---0.8900793722739022,0.8960084848288721,0.8828927879348932,0.7878679745460265,0.8113378460186307,0.8233503566576932,0.7820914693972575,0.7339792488148517,0.6821261132576626,0.5908693151149348,0.616361418182002,0.5857882822710769,0.5868862765906634,0.7091110094281708,0.7778413622931056,0.858627964392503,0.8567882883822155,0.9146525202176317,0.953952532645093,0.9128584130132079,0.8447421304882248,0.7872701313492937,0.8297204980192915,0.7685766263626399,0.6979862713465044,0.6478092832653799,0.7235689276656594,0.7678024628865262,0.7364536305885834,0.683391519938736,0.6466920491755782,0.5427927389976659,0.5403945393369977,0.48388404038348226,0.4257879110221762,0.4021021305101758,0.38743842136793605,0.3677056817421759,0.3464973903902221,0.38215978624127517,0.42635802228766206,0.6851854934055266,
pre_model_seis2_20250809163918_35.dat---0.8132742069789685,0.8447362512964127,0.8186536987318341,0.863451113174514,0.8691058306508174,0.8507642255603415,0.7561994008188341,0.7777209866468963,0.7430324075632084,0.687184790556119,0.7313171640913215,0.7870914961462151,0.6951455644265603,0.7559611715838148,0.6885295272933258,0.7396310429871137,0.8414593699061934,0.8592426042655216,0.9690694103302405,0.9383628560987385,0.8566050522219627,0.8603769414348462,0.9429965323797143,0.9394956949358773,0.9207934064295547,0.9328684954740194,0.9025876030403064,0.8321185068535015,0.7639095387174866,0.74725818271684,0.7663767149682374,0.7362720780346191,0.7443743905717419,0.663123152858756,0.7128388729776725,0.6986119315558391,0.6967210919539962,0.6921121351644525,0.7384643028512825,0.7748790856099793,0.798726603388598,0.7988156934938117,
pre_model_seis1_20250809165451_829.dat---0.8250002429782926,0.7871558439335953,0.8589075224168407,0.8262343435896145,0.8287730991756561,0.8730015778764233,0.7708997757997827,0.78008364947605,0.7521036474823702,0.8634792235516655,0.7915648183735818,0.7189478238253443,0.6441076990633614,0.6669859426750937,0.753722032073675,0.8433973860371402,0.870599620440248,0.8816844782502922,0.8991941101723309,0.8089327231490511,0.7613518486439882,0.8323893045692309,0.831528548382199,0.8782130791436629,0.9098073166145288,0.9272595558339667,0.9268490847016854,0.8500705067145237,0.8762751767301106,0.8236000605560512,0.7440526382434334,0.7148172281185888,0.6867885712897261,0.7158638693284916,0.659208569850362,0.7236688182499402,0.7452913293157564,0.7366166984608672,0.6983385058950037,0.7019760918336702,0.6854591156141717,0.7920536945958624,
pre_model_seis1_20250809165436_581.dat---0.7902223479867978,0.8675651979104444,0.8276239011810984,0.7680174152462612,0.7786253858840927,0.7559916039073972,0.7001124088031175,0.7240560053339071,0.578610020038768,0.6962429160376945,0.7648790782818451,0.7679531086517537,0.7729282207909314,0.873409861268327,0.8555080016118811,0.7884232424190826,0.7859919042317212,0.7833388370399214,0.7626905974808846,0.7088150996450105,0.7324083727394894,0.6795614918343168,0.8280810822181885,0.7973914600335988,0.7998446563387049,0.7892256258749992,0.7963464992295609,0.780576688642894,0.7229586531882367,0.5893685148080634,0.6565133396793259,0.6309680397848596,0.636528618057764,0.5545267627125785,0.5566935942301704,0.5271332970293964,0.6355417535503453,0.678268394814462,0.6761965355106545,0.7326049217333459,0.7664082942677288,0.7297110182934055,
pre_model_seis1_20250809165451_843.dat---0.9301221772532371,0.9289915819330191,0.9180099685344137,0.9143087970221047,0.8547062232586298,0.8806650920071062,0.8919193769523597,0.8787221185622675,0.8688742566606042,0.8193688776305276,0.8165938956576296,0.7541195340759848,0.6171741926757632,0.6850499025909451,0.7053475605118787,0.9508004434630848,0.9764308677909023,0.9568676785120097,0.912093260431313,0.9349054708525065,0.9297817654726335,0.921229593688406,0.9253974186331818,0.891331417064651,0.920721496791915,0.9367261423201925,0.9318428487301931,0.9315558978830762,0.8916102846155519,0.8526667775224017,0.8030049476827709,0.8326928319581994,0.7926347808458796,0.8036777922015521,0.7691670348426445,0.7335307280044091,0.7601911611189366,0.7178736396695933,0.7053941678621067,0.6862469794724328,0.563503103292662,0.8413622460012117,
pre_model_seis1_20250809165433_467.dat---0.7844430225147865,0.8556983100154559,0.8438751703195919,0.8088138005231673,0.810806760942317,0.7406885468021391,0.8342425468525673,0.8519118232305297,0.7063089335966033,0.7403322902708145,0.7778912459483664,0.721474926132708,0.7608213447638683,0.7068002050978756,0.6783294509422692,0.7645808988037622,0.7798970998833871,0.7500480360239957,0.7721565422416137,0.8484862647250213,0.6527005096502259,0.6582322651526753,0.6794751726214252,0.6020594355759736,0.7103496948231995,0.778008254957463,0.8411536387476255,0.8432463680784754,0.732978609202276,0.7128547950555777,0.6209501805569735,0.46714668195769193,0.4088989051588922,0.3418894432504668,0.21551555771719272,0.22682020154465374,0.21984859915865806,0.24975708928092538,0.31019561382046856,0.3153320224254945,0.2854631232952301,0.6441581312600588,
pre_model_seis2_20250809163939_894.dat---0.9083355378893412,0.8465334144179905,0.9224978951935948,0.8920541241654627,0.9146777031023029,0.8963142190620198,0.8879338394348368,0.8712127300546245,0.8740312681924687,0.9170247427221216,0.9551040819347995,0.9676896616805803,0.9626976115868621,0.9726403944633631,0.9828730430320683,0.9895199276750214,0.9642824750133658,0.9391579944017456,0.8859055935039375,0.8521705800345689,0.7690566364527212,0.6604745288609919,0.671914669441537,0.5791497127462522,0.5232838152490822,0.5665617211660071,0.650539347862528,0.7466073012300821,0.8381212307922654,0.8490182641504276,0.8821339576080518,0.8670603802912664,0.8067365252139092,0.76874145264885,0.7239197194962553,0.6307426760457389,0.7097569643049306,0.694044769285645,0.6415579136879178,0.6698278714885987,0.5898940905696631,0.8107756191744829,
pre_model_seis2_20250809163933_210.dat---0.9467328927081288,0.9104922092177907,0.9682748947639749,0.9631594162476498,0.9685046986780907,0.9539578804068206,0.9761867567046901,0.9712421714255851,0.9644049808164864,0.966193964666675,0.9572295481770373,0.9511010796596172,0.9561218322595093,0.9358147679708411,0.933412999046523,0.9270396783702958,0.9827139430771995,0.9784732282389176,0.9327452164479798,0.975690716966042,0.8824608028297377,0.8547845111992587,0.802270933765284,0.7123022450948328,0.6795535146232459,0.5837267395357971,0.6126489967442618,0.5741470840389896,0.5831854632028662,0.5813397835238311,0.5983756078004867,0.5882864190054712,0.5873526999417084,0.5570043577669729,0.5659049192354165,0.578182314301884,0.5904044990123968,0.6730809095756966,0.6822669324054703,0.7096657751930775,0.6643961660646792,0.799532525627103,
pre_model_seis1_20250809165451_735.dat---0.8926969259610539,0.7699941127300736,0.7830715481904534,0.8355416011554292,0.8674041016119712,0.9143277841544676,0.9272517584883321,0.9022822846061759,0.955881835943149,0.9631229673789498,0.9577824928772463,0.9564918547979574,0.958626002875762,0.9584335609445357,0.9728938662914971,0.9793476250087412,0.9761480975262934,0.9369770261218767,0.896478678931611,0.8284343039300911,0.8434811916248315,0.831446901976626,0.8687523389448227,0.8438193350243406,0.8527963852468124,0.8076381382743922,0.7541871918597319,0.6991845427200912,0.7048972190812872,0.6812383350936138,0.6867288328185616,0.6752246327238904,0.5687470700337601,0.5665347248980547,0.6559694067042661,0.5745836584258782,0.5784457682163979,0.5780721097665658,0.527797442439712,0.565851162785102,0.5253178055477892,0.7957049420422484,
pre_model_seis1_20250809165445_132.dat---0.8959869936539304,0.9008889675014897,0.8136474492355571,0.8158660561516994,0.8577999176036503,0.821899963060221,0.7582922232874204,0.7618811224584733,0.6110942612262563,0.7232456502112041,0.7779515172503128,0.729177949504308,0.7888091421611068,0.8519313608275281,0.8651773227694214,0.867955028851687,0.8622088541325253,0.8339408890744794,0.8533029782393099,0.863156342412553,0.8328699915724178,0.7920393324518735,0.7754011616889513,0.7826779959399146,0.7940672082989098,0.7353491857949723,0.6169160513336225,0.6036759007017749,0.6771297847048604,0.5443476189424116,0.5900656510889178,0.5295381343946785,0.5121186798625708,0.48110289281528956,0.4379084247836864,0.44628071527983515,0.5081689055444252,0.47178168067206905,0.6215971714064495,0.6704240745202938,0.6418726742692741,0.7151109079434226,
pre_model_seis2_20250809163921_789.dat---0.9208801362946369,0.9147961704931704,0.8926276952267252,0.8860634657789056,0.8420971418522991,0.893541110951107,0.8476814029564632,0.8846906651706058,0.8717033518304036,0.8710260633130532,0.8999546523566243,0.9137420864994724,0.9371534323556214,0.9412106566529611,0.9451651498518114,0.8922159958975657,0.7961814410762498,0.8065010654164338,0.8636113005135793,0.8626830832810851,0.903898277562046,0.8622115473790714,0.8481137869714306,0.8589386439053369,0.8595498190414724,0.7931221864999738,0.750239640109941,0.7195834439506766,0.6966768693697133,0.6346810842575664,0.6937069344707057,0.7058868866060252,0.7350682051959738,0.733674417391653,0.5123267033576935,0.45812980471379006,0.37665149549720867,0.372429811894717,0.34422611823729776,0.4777567276913703,0.503656174231129,0.7688793816122821,
pre_model_seis2_20250809163912_690.dat---0.7988856130954443,0.8516291641794568,0.6694631297283619,0.7864299199666696,0.7656435240191073,0.8459192470242034,0.7991849422306548,0.7810524072254657,0.692126985572951,0.6924458622995081,0.6484007599845824,0.7139972642872282,0.8502160830386313,0.9899149217529828,0.9603156815164122,0.813079278216266,0.7416991908937678,0.7115463172263399,0.6880066361264962,0.6165156149068944,0.6403301084255366,0.6600617737509797,0.7406086882106027,0.7477593293656037,0.7574935551118434,0.7730784220702271,0.6300198028703652,0.6321352601371688,0.6610267634730339,0.672916818309395,0.7104692258238242,0.7599265911599474,0.7429782195846577,0.7736929982384756,0.8051004894528878,0.8000409785388003,0.8260092167737276,0.8142133092959609,0.7402091920108109,0.691235139970231,0.6505927607054067,0.7474724679651441,
pre_model_seis1_20250809165457_402.dat---0.8772492742559586,0.8789020127587028,0.9261338173018432,0.9239367726653889,0.8916962522714477,0.8026704626996701,0.7888461417008364,0.6718528836856733,0.5373603205064953,0.45218402106673544,0.4272642094063163,0.34599445907925414,0.5580973229221295,0.5552461064605991,0.6191069509402611,0.7180009547133311,0.7838039000634985,0.914407792408763,0.9140576263482146,0.9109536055922475,0.8805331425932914,0.9314145017598298,0.8851668167747321,0.8226117382531503,0.8171192158011603,0.7614792113937348,0.6874762715392655,0.6524759866987717,0.65467599556345,0.6320850034366567,0.6684380944607748,0.637527938069841,0.7483628518191471,0.901362537885798,0.8893318660969332,0.8831284155057655,0.7506983269300782,0.7461761106956527,0.6669780884676224,0.6159702928868086,0.5937552418436374,0.739622744763987,
pre_model_seis2_20250809163912_361.dat---0.8707068720914246,0.9270006506862712,0.903232478450007,0.8792866117518621,0.9028072942522233,0.8905974384615905,0.8134365347874764,0.8683605339854329,0.8383258468947795,0.8109095094377815,0.8395141895386289,0.7941631104446419,0.8129669273510576,0.8840655964375259,0.9342128383736605,0.9111707517307519,0.8456899886687711,0.8768666570471023,0.9512738450096451,0.917693741682149,0.828040906747212,0.8096539420822022,0.7745203542266285,0.6913919869112427,0.7785440054631059,0.8457671158332082,0.8364141320300139,0.8340580533825752,0.8349191991704211,0.8049248389428028,0.8507508590516348,0.8319479483505337,0.7836550631659136,0.7698290349514446,0.6626051298392998,0.70604461148578,0.5493481005020866,0.5111120824053116,0.5918684122035442,0.48393407982718784,0.5465990817263687,0.7999563501312514,
pre_model_seis2_20250809163927_671.dat---0.9035985496032402,0.9273597282607817,0.9315657033085363,0.8994499317042367,0.8875219879120143,0.8455914794295584,0.8473726855241096,0.761946473198421,0.7639977027883316,0.8169988798150989,0.7904179279549045,0.7310694738471616,0.7820853720838081,0.788752401845356,0.872086381506653,0.9501649300938693,0.9689928763798381,0.9125896758146166,0.8948919698649097,0.8112151616155876,0.7400145442101407,0.7225129841116689,0.667145507007661,0.6465340911940834,0.6407333093825576,0.6239302841096642,0.614986395895865,0.6111972158014146,0.5597890625638959,0.5534219266022481,0.5737975672862219,0.6057402514461134,0.6510228687691302,0.6537825223852989,0.6917419150845526,0.6878834961540314,0.4679583648622125,0.45483065060020744,0.461590342711758,0.3728055699388904,0.40905140197576134,0.7194668186498638,
pre_model_seis1_20250809165439_679.dat---0.8392915441799415,0.8872911259684848,0.7839799119741963,0.8261867158667723,0.8693117981861928,0.8998991389390851,0.899003826472819,0.8349065341657205,0.8469130982283747,0.8259527456575186,0.7512890676097043,0.7718697796423997,0.8441751307143369,0.8143665374762566,0.6986083551222096,0.6945721402838628,0.5386860312641677,0.6978002353645318,0.8175194714214802,0.8183488789649328,0.6382287237177626,0.5421267189714639,0.5470084756158148,0.4895170486234278,0.548834626940064,0.47627011080497905,0.5780505316551872,0.5359064434044739,0.6879104665594632,0.6854386867007557,0.7458825427249369,0.6780911278212938,0.6840311713659908,0.6712220641416935,0.7094272586924105,0.7530952274979773,0.8232366097577023,0.9226502306645059,0.8466096473341965,0.731373311563446,0.5853199367442115,0.7278098299708474,
pre_model_seis2_20250809163915_480.dat---0.8828515615689936,0.8003401574328279,0.9177098940940794,0.9023922122598436,0.88594049805002,0.8525694300906536,0.8403448012987986,0.782622524567508,0.8458380276496584,0.8363740180354926,0.8355019924130187,0.7891522982057937,0.7900037344307737,0.67568220199101,0.7485174133695047,0.8327511317309597,0.9680079053562484,0.9637642738567376,0.9418874970763141,0.9412161664672675,0.9242527297052997,0.9430230469501357,0.9033408760621289,0.7631503129127485,0.7858771353290388,0.7125746071469005,0.7433161393031137,0.7726897671026333,0.760602185717457,0.8460120670053096,0.8744784705999854,0.8558215113423961,0.8165829664372309,0.7488726327256829,0.685653537108964,0.7014290597334197,0.6633898975485362,0.6326191840383645,0.7015569279681823,0.6727548197187815,0.7486965608410315,0.8119551750059232,
pre_model_seis2_20250809163924_265.dat---0.7715187087601555,0.7387316694658157,0.6003942925496214,0.6219685402108382,0.6226083569354245,0.6753080582692221,0.6800744531502733,0.7389516873316588,0.6658147291785097,0.7945510726579706,0.8002144313058711,0.7268068073876908,0.7424159537692641,0.8214277851833746,0.9213498838781999,0.9252218052954949,0.8862938996867373,0.9273151093466244,0.9179889073848571,0.9291067522618357,0.782296385808013,0.736442937541345,0.7279465116733752,0.732735409845273,0.6136628043265291,0.5268029685940987,0.5393957110617542,0.3188653336244382,0.28414064702788866,0.30073153849756085,0.2251102113334626,0.25235617015594397,0.25684118459965266,0.3319468953155265,0.34918793872055964,0.4823621038710927,0.3635391981595282,0.31529047446175285,0.506763294794537,0.5959037341673399,0.6664043033727699,0.6199216746576071,
pre_model_seis2_20250809163915_539.dat---0.8832363343527099,0.8421170540172366,0.8883064128863443,0.7827802644202599,0.8451217389991855,0.8460716306808628,0.9008646288198956,0.8421761898187027,0.8484536299697534,0.8692296129395181,0.9015033702477195,0.9297305348388222,0.9862499511419666,0.9446880632420466,0.9493701459802666,0.9600564974077345,0.9329520845708846,0.8948581433536826,0.8946535603685865,0.8920438688438008,0.8857790444491005,0.8977667359531202,0.8971848204262187,0.9122111097678478,0.9269208035890002,0.893389631226072,0.9040895377727838,0.8259716230159962,0.7764884458255435,0.8223925163919565,0.7333026632511974,0.7317380088164323,0.7802038015045891,0.7667742586332139,0.7592421270296672,0.767621280816458,0.7386320523780081,0.7351568545205206,0.7709686251887449,0.7693431125812362,0.7245118223485172,0.8501012827411266,
pre_model_seis2_20250809163915_424.dat---0.9588349383486089,0.9747292481875752,0.9699137584010815,0.974523886860635,0.9701258157781153,0.9458112141046047,0.9646701450976504,0.9600771781319616,0.945916418568202,0.9438966032207227,0.936007914640866,0.9461916871393617,0.9659934916151363,0.9724125484259392,0.9660071033766203,0.9423393093830899,0.9296825531869167,0.9117476094984547,0.9434367498572311,0.9259946394896388,0.9017167041010942,0.897946207125113,0.862006127744375,0.860239588870244,0.7421915709862716,0.6474698305701533,0.6414949616774265,0.8286265798114638,0.775385640243358,0.6259001298852728,0.6807858470082037,0.7104557404981741,0.6946842620458636,0.6990298405881169,0.7632060536965072,0.8181470763005888,0.7805007311402911,0.7976137958501509,0.7650283934289981,0.6520415312336879,0.6629958473840438,0.8501409578902881,
pre_model_seis2_20250809163930_763.dat---0.9456026547914095,0.937220070065843,0.937789213526143,0.9298383749150577,0.9306538204895369,0.9309182747822847,0.9498313945086675,0.913901187471309,0.8037456510872016,0.7838626055958509,0.6715454120025415,0.6293343029896572,0.5483791056259895,0.6704459086245319,0.7149814281428828,0.8139914914852795,0.869761213587745,0.8509880404784769,0.8787633921322858,0.895574255388311,0.9087424646393619,0.8767671251954509,0.8349773286012993,0.8366485894319947,0.8253657521713657,0.7515315078937626,0.8065568240569859,0.7771760745491227,0.6090096569941079,0.6840416677209593,0.4934380738228173,0.4868436812263771,0.5408952994154731,0.4363708283096518,0.5698564679925341,0.5765908056610943,0.6209662846188169,0.6141355547244157,0.6524625767477419,0.7314644301653584,0.6969608080500033,0.7545836487726755,
pre_model_seis2_20250809163915_668.dat---0.9383967208762458,0.8433031777554982,0.879485848268946,0.8897150350370101,0.9255348684113649,0.8927154739031217,0.8270939722747156,0.7862263458026364,0.7717393655276383,0.6509101164237077,0.6805032458181074,0.8023131728783977,0.7965419512963561,0.7771132929997315,0.8625139303753336,0.8509662474213951,0.9120102806048765,0.8881015129807173,0.8972910186268979,0.8941383557574869,0.8706638049478184,0.8554676410530897,0.7551934979794636,0.7323161886150953,0.6610109579400039,0.5848532584775035,0.5090156603916249,0.3854313623881827,0.4632154349877906,0.5507752916819285,0.6161242994831541,0.7286595543554345,0.7421760501953664,0.7638512178961386,0.7346557741921044,0.7245151638803307,0.70272318717434,0.7187835088915765,0.7128416662606039,0.6708849790028142,0.7208163012644351,0.7553802130268045,
pre_model_seis2_20250809163924_274.dat---0.849775715907748,0.5759791547052943,0.8213083124374015,0.7832655082534088,0.7908925664504273,0.729037710122096,0.6735766975967277,0.7141167714144409,0.574913314958285,0.5940031626837657,0.6501501692880934,0.711131506733264,0.6828217644417965,0.7377240119325127,0.7976452877097329,0.8718370382853178,0.7432042567862288,0.8008487908187895,0.7329058557942719,0.8284218619279805,0.7830880371511211,0.7898015641997357,0.8241434574480879,0.8013724828067629,0.8245470995677583,0.806629563242473,0.7915573506877311,0.7745985031020666,0.6701615738604814,0.6504940126857462,0.5382532050906754,0.5048964734585172,0.5126232103132686,0.41046504945425705,0.40117890555194247,0.4455557552561057,0.43738256763686323,0.46083302091358996,0.43997391758069565,0.4469634331731069,0.5578293452994009,0.6716075118714138,
pre_model_seis2_20250809163936_717.dat---0.9244219184532915,0.888247160980308,0.805361793335766,0.7761577553840635,0.8120423941144057,0.7231202223030311,0.6703562169767533,0.663921997350561,0.6945254282329858,0.693399675232618,0.7889912408753469,0.7573257858712676,0.8311850437992706,0.8283767620633914,0.8236254435343043,0.9300780932006688,0.9382858686705094,0.932548242285278,0.8719454136064585,0.8623165724574842,0.8557426231999162,0.832092185895938,0.8011290133400554,0.7507161144227635,0.7244916023784227,0.6855319484995576,0.6314345138542796,0.6193498042134234,0.5264245971966091,0.5128693367092326,0.5232188550602389,0.5566192258561458,0.5627843492239153,0.5620854903654631,0.5643280850605413,0.5434871786422834,0.574847006983872,0.5670364064701973,0.6288327949936313,0.6475933685307524,0.5856282931462314,0.7188408737261278,
pre_model_seis1_20250809165439_12.dat---0.7406036463805951,0.8969173126293583,0.7790320327151768,0.8338420899577357,0.8702228433682917,0.8033414521815636,0.7233545622696597,0.7472983607156705,0.7582595088818902,0.7251969144685313,0.745703041665386,0.7429435165748549,0.7858014814056704,0.7573631370432976,0.7415363238677546,0.652547106739339,0.52213243664333,0.6748663606508343,0.7691759716747991,0.8619567868463621,0.8095107715561884,0.7522814303086612,0.7121464770624214,0.7311177742213204,0.7470452868271182,0.7579667474690626,0.6234776899689342,0.6245032495550022,0.6168592712987945,0.4552926498959981,0.51322639378183,0.39830094693458273,0.42440711942412684,0.35566580003080345,0.41598858185826837,0.42988776030307796,0.5032292515298239,0.5442164685404995,0.5745834880385586,0.6556570970814477,0.7357059017649761,0.6710528059544293,
pre_model_seis2_20250809163939_810.dat---0.9327295153258129,0.8599969845240294,0.9165496956012112,0.9196980843948543,0.8681008260228184,0.8730613057125285,0.8005351756323862,0.832357711189954,0.8279761913492664,0.8051731370220258,0.6904930103493543,0.7340025953317276,0.7247967298621975,0.6381888390813446,0.643702026689538,0.6254109628149659,0.8257697977115638,0.875176052685652,0.9856546839975303,0.9276144066721655,0.8326595898927823,0.7980380375670943,0.8045422804992772,0.7024916499651753,0.5680681824946996,0.5926349088069837,0.536506573378652,0.5109528665644334,0.4999033470821895,0.42019807017113225,0.6131724808151908,0.6318064559537407,0.8981829689267897,0.9034360075964392,0.8827829480980925,0.8766183208903593,0.8088689174250114,0.775670966106675,0.7248722319914334,0.7306258711675874,0.6963385700480307,0.7589111945710412,
pre_model_seis2_20250809163915_829.dat---0.8178371057621239,0.8580936023396372,0.8643213023209838,0.9005976543681893,0.8851237313745758,0.886293526573155,0.8938923759287097,0.8572945972211369,0.8992379627827204,0.9056258647520329,0.9272331949864152,0.9442177261675021,0.9236571744415798,0.9712284317289298,0.9387786794718238,0.9228367592843152,0.8965457258069934,0.8255478221019271,0.8255000701575523,0.8151177848214165,0.8085944966296518,0.7883759295117518,0.7210233516985842,0.6239964107587329,0.5709916363805203,0.5408326317201109,0.4986525259913544,0.5261920823785137,0.4634166460388703,0.5164542049091898,0.5270181469758778,0.4250475271742544,0.49811318218374556,0.4448482497063051,0.4667543616215015,0.4626032645114985,0.4696661206486367,0.41516755243932085,0.40213030669163274,0.45820350159457185,0.4275072861423621,0.7027944026365537,
pre_model_seis1_20250809165439_570.dat---0.9663259297339765,0.9665633530501408,0.958266874339062,0.9557667000574631,0.943872226480041,0.8806118928511655,0.8532335757025458,0.8237861602879404,0.7750434746819149,0.6503090547328693,0.7695493771696096,0.7726803817043785,0.7916166577010187,0.8487332131035589,0.9266540302937041,0.9170816556567212,0.9282160343388289,0.9245437352542102,0.8794945596385713,0.8464510776317608,0.6671365657830429,0.5124854192109431,0.44492370886639426,0.3449270572276632,0.42718789180054795,0.3972585713943553,0.34758302124893364,0.40839799948485767,0.6154405450853956,0.6448935458167986,0.7434959865696028,0.8095889415289212,0.8650672918779543,0.882566922092378,0.8274100099963886,0.8492878075427421,0.7822871509385939,0.6667130153323538,0.569294371562898,0.44655385959697497,0.5392328670248717,0.73586664669249,
pre_model_seis1_20250816100543_53.dat---0.9048171782163226,0.8550746653760268,0.8413678723498985,0.9069750423207444,0.9318404547734258,0.9434661906673785,0.937688140536799,0.9413069875475666,0.9488995715249786,0.9402444263435265,0.9416132535371989,0.9341258520121906,0.9240385218486405,0.9558446833807307,0.9820382826688735,0.9796655219419302,0.9812520571135225,0.9798766635981526,0.9776884369485267,0.9769970258447841,0.9774258316372485,0.9718560482754848,0.9586721352353429,0.9110632065880137,0.9165413861840418,0.8858852514347546,0.9054643208433706,0.8926636709734538,0.8922285418882412,0.8918084332633515,0.8882118990349561,0.8308389909829467,0.873944345384839,0.8598942035955901,0.8574400255561004,0.8531185797595958,0.8298694128196721,0.8276026970070522,0.8557109662412964,0.8647373268457654,0.8420014045036616,0.9115073050391704,
pre_model_seis2_20250809163915_666.dat---0.9464228186364417,0.9536264052962958,0.9338968997852062,0.9610288043645389,0.9642400073427592,0.94618813078311,0.9272210061066455,0.9035146133045541,0.8692525011962525,0.8654735430578322,0.8420812293840162,0.822740733270502,0.7089979345513874,0.7991790802048347,0.7987891130443447,0.882923330296594,0.8608233457894284,0.8471032926602886,0.8024783224304947,0.7566875086388065,0.8623051442993549,0.8750946096349049,0.7589280565382703,0.7464421099141214,0.6703771998027722,0.5872893497824754,0.5640719865452902,0.5613890364127819,0.5856390310188031,0.5716706190444878,0.5245891695505539,0.5892901097620787,0.7497797572169558,0.7427304969581029,0.7565228828577,0.6624433609799952,0.6727035650316158,0.6087422504713955,0.5126300317438149,0.6018397691880546,0.612667627364191,0.7612149947380988,
pre_model_seis2_20250809163930_358.dat---0.9169934811273507,0.9152820010206884,0.9012085066678782,0.9182757784580357,0.9112846584215626,0.8696706269457326,0.8439969356637345,0.8523305511625384,0.8606364453141879,0.8602112226558125,0.8418965085339275,0.7610493695569618,0.8161977103890793,0.7747428547980407,0.7824797959780911,0.8153864337804011,0.8817277756204017,0.8883485276666084,0.914813741612476,0.8818129939126111,0.9105418163996603,0.9114879225909372,0.9146969849540016,0.8709790966192822,0.806192989579582,0.817914151833414,0.9147409204602832,0.8961814066623203,0.8402837926715476,0.8167149351410076,0.8220557664478945,0.8067654123970432,0.7554040165242971,0.7436974515883877,0.730118649052528,0.6892964144023483,0.6454359700832065,0.6066541647176656,0.5766342300739248,0.4645169770712963,0.4040577999597833,0.8086028485004034,
pre_model_seis2_20250809163921_460.dat---0.873049928496876,0.8677934854387422,0.8663048449881686,0.8021165018661416,0.8268974353025431,0.834929867317387,0.8251987125036958,0.8434661818586362,0.8135153092086693,0.8522095907037838,0.9275431672053536,0.9124667318282657,0.9123447043598862,0.8440213082547464,0.7851565839285409,0.7682842032721018,0.728376170050072,0.7323797340621013,0.7675875388304503,0.6977599039787368,0.6508852218642511,0.5399127982845615,0.48958562109607606,0.37942628683980767,0.4146610320254138,0.23346334948230557,0.5339837643117755,0.7253472894912041,0.7592995821420907,0.7800518560419551,0.738684394243191,0.6476765454783942,0.6005678543354016,0.5869535489295131,0.5711889253046648,0.5756322263264048,0.5767741965141058,0.6247477548570386,0.662619580854933,0.6646069574025808,0.6688473294100001,0.705032146797331,
pre_model_seis1_20250809165451_621.dat---0.8438449540997702,0.9418951554961782,0.9240654940341596,0.9068164549597787,0.9119063201220141,0.9019426284738878,0.8609121789633474,0.8583865455951837,0.8089825000748085,0.8155812784656105,0.9080473257659075,0.929283211535752,0.9141708147791056,0.9383192412252089,0.9197827175476383,0.9811256984246934,0.9539225583232638,0.9939079986198003,0.9843953557609482,0.9849355055012737,0.9831984090805647,0.9724073405885358,0.9328253746776834,0.889373226104419,0.8515989147434272,0.8075780776696246,0.8491525171510967,0.8548234776629249,0.8506050812780452,0.8253454617907877,0.7939297467695771,0.7578404044853678,0.7845479900233319,0.722175068259255,0.7376192387725774,0.705021221132394,0.6738206065405009,0.6409562595473588,0.553427725913438,0.5017512661792285,0.4211873045494465,0.8388148451387296,
pre_model_seis2_20250809163912_798.dat---0.9508407873640965,0.8953387515659518,0.9276860913380143,0.9262914791285166,0.8771553770443117,0.8672019522794056,0.9092762243009666,0.93010288002368,0.9124675508382613,0.9584293158144453,0.9569215278427952,0.9485909375053356,0.9333676245260286,0.907070558462732,0.897177271805024,0.968021354678595,0.9887854130599099,0.9887614683569971,0.9536029118777424,0.9409919240960104,0.9192344747364803,0.8823451863100178,0.9054147571341697,0.8767386175300489,0.8380586523007012,0.85244025394387,0.829093440472335,0.738426545773431,0.7390359998168669,0.8185642904715009,0.772178100600117,0.6744422214037393,0.7637392351072585,0.6707154525258011,0.7259578814757912,0.6759440137585209,0.6780971887560701,0.5775978980696677,0.5197807547381079,0.4465618935804947,0.3167805607756642,0.8258348492973041,
pre_model_seis2_20250809163930_357.dat---0.9016683167550145,0.9114917651558551,0.8804064772373419,0.884740328565439,0.9292904791751405,0.9038538760818237,0.8668117775915843,0.9236096758044396,0.889694359247572,0.9355269030038418,0.9427600409091208,0.9639334634479432,0.9708008475148485,0.9860444870239414,0.9893176580237355,0.9800217269866607,0.989222196006082,0.9915793929984522,0.9761460568375154,0.9689814980886167,0.978348643442204,0.951202874646876,0.9133409707808396,0.9117528428780239,0.8396431802222474,0.8189462422137165,0.7614734445660055,0.6742484097295632,0.6516389927843163,0.5617350281635906,0.6525346357656109,0.6362654905127125,0.6640295771999065,0.541453189389277,0.6348699622150124,0.6899657167601305,0.650757079560512,0.6800620599557639,0.7435242083427929,0.7019521827802736,0.6651197367438023,0.8319211169538573,
pre_model_seis2_20250816100657_94.dat---0.904580280483441,0.8026556215283424,0.7499735339594389,0.8270847200201902,0.8026874340559359,0.8359954199517435,0.8176514799706491,0.8668280371873629,0.8184852870061694,0.8919165851509646,0.9242501407008538,0.9425009384780174,0.8786982920460057,0.8477871124277385,0.8666732925814498,0.9028060304587754,0.9605658948679899,0.9719769127022446,0.9349395392454235,0.948478936388119,0.8975621276788049,0.8986355813653517,0.9142743135509054,0.9298465885614454,0.8672206497958808,0.8391725190742507,0.8348931631866279,0.7379870874592113,0.6427808989470839,0.7244220894368665,0.6201003264360131,0.6997461721071565,0.6535964798882987,0.7938271026957214,0.8553975702840034,0.8809615692967999,0.847966330481019,0.7872470724757695,0.7642085056472427,0.7145006563145765,0.6368923365071504,0.8301896251317327,
pre_model_seis2_20250809163915_296.dat---0.8974285750796507,0.8707156379100963,0.8736688020936436,0.7870066725055601,0.8231438144512473,0.8492965404243934,0.8155658433229374,0.8128677075494858,0.8417174290896989,0.7294520375298573,0.7065291636619507,0.7599491204743922,0.7964084266924348,0.6691591755219204,0.5961658324961346,0.8007379290012824,0.7725584624645789,0.7267603225208676,0.7785581183671952,0.7918227717874446,0.8187323035254838,0.9130652682637049,0.8784306203969101,0.7305682882466504,0.7306095180975866,0.8079592165599322,0.8244533657449781,0.7910034801453659,0.7412123219872263,0.6137955906382186,0.775724010088741,0.8246201122383632,0.8991377548197798,0.9124413052348054,0.9020446736858169,0.8587809958504884,0.8397137247068083,0.8160722730987163,0.7660998262068982,0.7288639534863474,0.71027542028679,0.7947101562501069,
pre_model_seis2_20250809163921_605.dat---0.9278265699700623,0.9286372416934497,0.9187398947331514,0.8858307633081567,0.894837030006889,0.8847511320816102,0.8647657179441363,0.8562016948060275,0.8884586596406454,0.8862586956976689,0.8908952095038218,0.9668348409693942,0.9379121264452672,0.943998677810232,0.9619308954574273,0.94500427951571,0.9061700743824677,0.8465876553087566,0.7879238793739524,0.7679173297468841,0.7417776345101492,0.7815410191440704,0.8672626963390277,0.9199578027720156,0.9466266690896429,0.8639274072535673,0.6653317870948762,0.4271955706243586,0.3089849014880043,0.09476520203244691,0.1023781134987993,0.2893435474046687,0.15746345038915016,0.3335492684447039,0.38330217038043435,0.4571053523856021,0.4795932723821643,0.5605868515977893,0.5387288419224654,0.6172408398595057,0.6243687244518501,0.7085978900356343,
pre_model_seis1_20250809165457_765.dat---0.8425875501601416,0.9549324368712476,0.9298432657059691,0.9680986518475129,0.9703130040961958,0.9562750656314913,0.9669203848260336,0.9602517765222717,0.9562245819622582,0.9521525996308245,0.9321728577276618,0.9382487514363467,0.9489109461443243,0.9210012921502954,0.9022436511579107,0.9311902004304519,0.9420924763838741,0.9174541214279729,0.9245451600575644,0.8828213604059321,0.9388785874676094,0.870710305188868,0.8465241158342195,0.8278910038133325,0.8464233066240996,0.8355434676780995,0.8571827221363332,0.8339020696530219,0.8867586258013074,0.8590775704025526,0.9031256017216676,0.9034627815432228,0.90177865003786,0.8553180225892455,0.8391714123841154,0.8008141215045591,0.776401085306585,0.7546716446593678,0.7245908719571488,0.6328193829830366,0.5960756736508684,0.8777902721344731,
pre_model_seis1_20250809165439_58.dat---0.9747017150573966,0.9591333626818499,0.9348372153918959,0.9235617612959052,0.8810315694725557,0.8621523060707759,0.8407656262384418,0.7534670251396295,0.6865650730784565,0.6339421319306028,0.6471932169051137,0.5234890923625664,0.6981339998905736,0.8443510069446196,0.9334796650691076,0.9746210890785191,0.9790856703440111,0.9439426940061253,0.9180465747028548,0.8945489212150807,0.9088573132870261,0.8849875659225949,0.895029677903542,0.8217519750157453,0.8942054039665123,0.8664596838405213,0.8694116097006118,0.7853253189984502,0.7377626763302987,0.7648616013060123,0.7016555725768997,0.7426681783732598,0.8078779325821024,0.8130037607955996,0.8866077362706589,0.9409217722986446,0.9237022851046288,0.8866211048662657,0.8482749645723537,0.7894696409883051,0.7404219505660674,0.8369982302961507,
pre_model_seis1_20250809165442_824.dat---0.9317112408820964,0.934529923452901,0.935188756558222,0.9115759287723966,0.8459608962521603,0.8787658788123257,0.8496081313260544,0.7900670422666785,0.7244050116569544,0.7123129638081213,0.49278473330228456,0.5006291578308097,0.6722471676831643,0.77184054062076,0.8090992760311959,0.7678111489151073,0.8709498133339334,0.8958168048745607,0.9298891344624538,0.9369225526854337,0.9672443659201073,0.9779436044400868,0.9129695852820527,0.874642796554633,0.8291826199005397,0.8245291200037939,0.5791579739761746,0.5902260313847454,0.483536562423483,0.6357165187306889,0.650476233705156,0.6941578269244248,0.793434979521173,0.8637551665098634,0.8986797425671482,0.8347900701559489,0.8615045035423541,0.8169385068049339,0.7517565662273886,0.7337347353413782,0.64213077270302,0.7897225460035783,
pre_model_seis2_20250816100703_91.dat---0.7430180871152666,0.7440643825929231,0.6859141700677521,0.7729057923357198,0.6223735243324598,0.6561978838289725,0.7484907263671382,0.7684694448125013,0.7737207332801568,0.8600172451129631,0.9224942623669479,0.9137458838419427,0.9111290460912892,0.8484356092808591,0.8696834546502729,0.9041577391776272,0.9268357399852394,0.6616068057603682,0.6539143015423761,0.6496308254050174,0.7802254348353532,0.8556250476388148,0.8351077550170083,0.7387194691471131,0.6490543126054795,0.5731352923504744,0.41754941634980247,0.3865283449359041,0.3436347043853697,0.2504054587662024,0.21177681686811958,0.45502926734603066,0.6127584636139249,0.7748471689744457,0.8694250540680487,0.9127657993071269,0.9116907780328359,0.9165000171955182,0.9055239307882369,0.8609987153311973,0.8372565414480903,0.7252527669988511,
pre_model_seis1_20250809165439_431.dat---0.7876800553314054,0.844779608465518,0.8657654753851469,0.9173705763076888,0.9075706567860576,0.8662341695666274,0.818857697444017,0.8648631434061906,0.8381007740820702,0.8468127858154572,0.8259869547651885,0.8772830234224763,0.9075109662025626,0.9769011924385352,0.9798596469707967,0.9437973671825957,0.8718716103181343,0.8806249153548935,0.9044093152940249,0.8925227736608483,0.9061431171599499,0.9191046505093339,0.8804956016470108,0.8748214738547403,0.8305605960826333,0.8695098136874132,0.824404771838265,0.730880199679997,0.7685476751178072,0.6978256002156276,0.7146988437556194,0.654306438146847,0.6725069644653435,0.6203738652760565,0.5260474075120537,0.5104860441733379,0.5346863850372645,0.4775784717368008,0.40944839678625583,0.3599179710634131,0.28131435771463614,0.7727429598453814,
pre_model_seis2_20250809163921_691.dat---0.8770309159921214,0.9065454774520785,0.8867853148626593,0.9083959085799512,0.9118490000234113,0.9039364602988779,0.925798074463534,0.9048295523690759,0.8825714691349741,0.9082683341096739,0.8878307260807178,0.9067255657172982,0.9640679335428523,0.967743884105844,0.9054928875017442,0.8997017407192517,0.940794832728826,0.9583381184844786,0.9670303204573447,0.9778678614262871,0.9701338325412405,0.9499690568958343,0.9244074565492217,0.9107375118083764,0.9012193675254049,0.881918750667502,0.8861166741823245,0.856672683977535,0.8488310374703006,0.8421530769295713,0.7595642053258611,0.7780552752693849,0.7406611386527403,0.8452989983684875,0.9524027697503968,0.978486911645978,0.9677715110062536,0.8821325568137595,0.751702703378767,0.7841156238777617,0.7182653655627061,0.8907858752744003,
pre_model_seis2_20250816100703_37.dat---0.8484551454744819,0.9302165658510385,0.9168935423554045,0.9180704139598077,0.9048575195324792,0.8930233296844774,0.8557096556133432,0.799143568042044,0.8583663462202031,0.8806998422565696,0.805257552005386,0.9753157844606928,0.9795814475448797,0.9855575199195586,0.9776847252954659,0.9902909023510911,0.9929302137353208,0.9765457647490439,0.9640313356734311,0.9375461998241037,0.9112409472301803,0.9450127825479808,0.9042268209722683,0.8885571142959409,0.8783938819212062,0.9257313436335965,0.9504300205067979,0.950376370436863,0.9017966009707997,0.8712117925945947,0.713243520368859,0.655423958927082,0.6758603170268294,0.6988562155886058,0.7154040810965088,0.6511539748882847,0.728922801739456,0.7674483718802044,0.7734174928565096,0.774107852733582,0.7843229431984248,0.8647638190234974,
pre_model_seis2_20250809163915_871.dat---0.9854011823790639,0.9642138869301793,0.9536280672533937,0.9725471592741249,0.95839531317068,0.9280071979672139,0.9236273198740572,0.8686216417797378,0.8200136268819274,0.773329550535326,0.7476024293144715,0.6971202242297059,0.8331042040521669,0.9331203027792783,0.9603590499786706,0.9406733288992022,0.8830426411955883,0.9060730044449109,0.8872177121118301,0.802831592013224,0.8258619405388202,0.7814211075810233,0.9077445230569218,0.753574010440628,0.6636264370504767,0.6613433805851733,0.6861808251173337,0.6422543646202334,0.6249981342539858,0.6432614972836288,0.6698622991213498,0.6284204989962072,0.7699752671112494,0.8191857407273893,0.9120106369508019,0.946382812376711,0.8532792374242177,0.7544692331763118,0.7019001610282148,0.5385927582062281,0.6079449287861538,0.8080785177926296,
pre_model_seis2_20250809163933_686.dat---0.9439418428382234,0.9610054656105237,0.9650066934542821,0.9706692208616428,0.9639884615926329,0.9650750455456846,0.9208029605326118,0.9152272373176449,0.8575000889395509,0.8327703719149795,0.8528654790649132,0.8046989265114926,0.8407963122264864,0.7595770347775436,0.7807501577216601,0.7604063879437785,0.7466490003929404,0.8315534139709959,0.8617672916825583,0.8728369895102606,0.7444450090362483,0.7432882187641652,0.7307180890376291,0.8034840864438383,0.8469930446788269,0.8035209348076608,0.7330485981535387,0.8073997019729948,0.8406719298183265,0.8157072587263947,0.8191072896400561,0.7933385643163614,0.7300308073673638,0.8434338662812692,0.9084134159149806,0.9214757364834841,0.9270920609994321,0.9156522604225911,0.8310028959307248,0.7319007384988999,0.651179109514528,0.8377998048590175,
pre_model_seis1_20250809165457_391.dat---0.9118171506949835,0.9502887211777713,0.918637461391421,0.9387408669148793,0.9230821268965366,0.9093655544571891,0.8614539638969294,0.8651547423425217,0.8192005132218605,0.8823508689142775,0.8814528407716441,0.8908897370359807,0.8502693670467271,0.8969639744856798,0.9258243876919601,0.974650721634688,0.9733792339900882,0.969389050207163,0.9796754826812413,0.9773425343381713,0.9624542270107337,0.9030957000286265,0.8771608204179224,0.8252571738745457,0.8005909503948118,0.7864893255056857,0.7687976722840777,0.7378840305026916,0.7538479116201064,0.7744891850067958,0.8220794841675407,0.8121683698174023,0.8655798691287303,0.8421588073150202,0.9116689549853386,0.906439224230081,0.8924094302864413,0.8383800377583961,0.8664097108708687,0.7996180468644472,0.7395516632888134,0.8728404852475803,
pre_model_seis2_20250816100709_2.dat---0.9473234997176445,0.9452202058788561,0.9153185410033184,0.9477005227233523,0.9331191908439224,0.9138081589838604,0.8491364258934113,0.7844977671878993,0.694234838250296,0.51412510112225,0.5826141116584959,0.5660062324500009,0.5583544624158685,0.7529786436346573,0.6936655939296706,0.8976363580322168,0.9359950025677711,0.913605449787201,0.9255060585669868,0.948459423851866,0.9248036157779885,0.7880473190777648,0.7338008454176147,0.8580104816489919,0.7246408402753843,0.6562371348136395,0.5050548776807,0.5040762172326146,0.4173200903380845,0.5485626004708086,0.6822996441144155,0.738306359483235,0.8471572673784565,0.8424492410079794,0.8430679953430834,0.791524326681978,0.7772757657717932,0.7714843881252299,0.6479382442836623,0.6345717671680641,0.688311879709881,0.7596157680561201,
pre_model_seis1_20250809165433_580.dat---0.9508267899750504,0.9636132025658959,0.9411735067393938,0.9591087187683723,0.9592457032273083,0.927597000525839,0.8891687067740781,0.8361530317531571,0.8269280546947028,0.8105641875073529,0.7767492213737409,0.6576961529462945,0.7288409015454529,0.7953158080167382,0.8231592719987672,0.800824310449862,0.8982979694282746,0.9279375098065021,0.9570488220913571,0.9257177068966757,0.8766819890859066,0.9357862226118602,0.920996537111052,0.930676347313143,0.9477864880175674,0.9000223081261536,0.8930364365615987,0.8825349741700884,0.8999951839042489,0.8684800430299193,0.8272361750073148,0.837337048157531,0.8442305225344848,0.8210861781200082,0.8750138162793042,0.8450627221198121,0.7984910629512638,0.7236493676119111,0.6899739530438117,0.6126751961220449,0.4898535578428842,0.8482090904099201,
pre_model_seis1_20250809165430_186.dat---0.9661813004016833,0.9456697900951773,0.9348017216847572,0.919569466658826,0.8876918638035074,0.8286327903093637,0.7721896081589655,0.7169613844641745,0.7693493649775242,0.7988358578780249,0.6635256088414425,0.8498968841643583,0.8606947041383016,0.8748396821508452,0.9004682778294019,0.9155939117203545,0.772465081901058,0.6313627928541516,0.7143279795462255,0.7499922976095847,0.6869787999287963,0.7479131672127521,0.8242256240802645,0.8166031917087971,0.8752666151074084,0.834380895538606,0.8029608917290812,0.7162334790538292,0.7855585111065136,0.7600006064313486,0.7390646661633903,0.6971909103267118,0.7048803539589598,0.6710649692223546,0.6760490331813571,0.5585704047128534,0.5277166323650364,0.47499694730626313,0.38554445971067786,0.37978330935091953,0.40767602557616406,0.7450173137307271,
pre_model_seis2_20250809163930_574.dat---0.8615193274840381,0.8563656575426695,0.8375071474210305,0.8450494363519595,0.8397301921983334,0.7653075587864896,0.7920361696697754,0.813367240644814,0.8010114397311645,0.7323596163988497,0.6766300255453715,0.7087222864517393,0.7151479423393096,0.7400083239702936,0.8639267260972328,0.8930627540163344,0.868890915375432,0.8783676347159473,0.8946885587506106,0.9158399105922518,0.8922485654024307,0.8401082148741327,0.9295042602218307,0.9247522742645672,0.8607289551884575,0.8131226273874168,0.7755085042400132,0.7197965658373457,0.7631828897727129,0.7398242938393816,0.698277123175385,0.6400980190770049,0.6909525910399821,0.6250811441604989,0.664474661715303,0.6073257011665226,0.6017917205883004,0.6166506078090519,0.6248586378491987,0.6584729292158964,0.6729974626644157,0.7721779661847192,
pre_model_seis2_20250809163933_603.dat---0.9224821110349014,0.9084723534244197,0.9023051865535453,0.8354976920676509,0.8462419512356835,0.7698653189544995,0.7900584480954593,0.6550166784200308,0.6538073800299907,0.7081824122729492,0.5099592156854733,0.85393568203366,0.9602265722605632,0.9546363355433211,0.9688269431603538,0.9447742802723368,0.8992589049886374,0.862054087044933,0.9148395230437263,0.9268216042363924,0.8506559981134556,0.8913612538160031,0.8785142615677932,0.8880928387033152,0.8877062761040083,0.8751469452252869,0.8517836210281532,0.8075757355518646,0.7752390403101511,0.7634953417251749,0.6602725761054025,0.7548825188947031,0.7830982879749997,0.8047768391721505,0.7547551824491999,0.7643449890325754,0.7197208287949433,0.6764914651342977,0.7813729428860884,0.8303982219635894,0.7937990593312114,0.8190426074205586,
pre_model_seis1_20250809165442_897.dat---0.9544391020128278,0.9293481010017017,0.9233822101703227,0.9261489656999339,0.9465868526574723,0.9479594298817107,0.9390997903642463,0.939775803202323,0.954848637885857,0.9678427949843182,0.9555595101727402,0.9745804907188453,0.9973266145177115,0.9868266340316499,0.9746587842333941,0.9940183776252,0.9918193039698027,0.9849547546934544,0.9802807366334455,0.9528028451206381,0.892688879034294,0.8919178690236975,0.8603347733289547,0.7575679400562574,0.7154582307564142,0.6147093832192401,0.6596404136063257,0.6505459235284577,0.5095780865180168,0.6002120204259882,0.490154575882997,0.5086451833504142,0.5844439431471469,0.6179922228815043,0.6129304848576849,0.5884742275579298,0.7076041134900235,0.8162699560902317,0.7652092781121922,0.7740293538588131,0.7429488056533643,0.8191125708282327,
pre_model_seis1_20250809165436_432.dat---0.7708906360869053,0.8555793032288096,0.8514066314660454,0.8118278574771429,0.8830247439369145,0.877006619373664,0.8121529116984503,0.7969478108852277,0.6901454877037893,0.7294695866308294,0.7974497758339641,0.8520719933963913,0.9013881608219745,0.906080520866795,0.9015273230186988,0.9307646794103598,0.9041063821612426,0.8719634600652355,0.8873737689478878,0.914172505825712,0.9098482832943543,0.8978621321936383,0.9181958302898859,0.9083976651556184,0.845110041484175,0.8619388135642415,0.843347581821256,0.8266977833039378,0.7938591174483045,0.8265271755680434,0.835205687159357,0.8159737598419274,0.8217621596569944,0.8537970454293865,0.8552192103346721,0.8695522602243665,0.8704393192355209,0.8892069507769219,0.8773140794861424,0.9031846143652839,0.9127209781952118,0.8556466011625677,
pre_model_seis1_20250809165451_797.dat---0.7582957670064261,0.9039058668942688,0.8567849006667593,0.8935355008452246,0.8801710256105592,0.883861969441082,0.9056061064916777,0.9000049450544916,0.9235770037332953,0.936149164369104,0.933830084215619,0.9468400118219302,0.9641586217716226,0.9643597820996606,0.9705433996144655,0.9545071569471366,0.8827640777994961,0.9191338051865151,0.935544306644329,0.8767641851374808,0.8051786634919404,0.7940682572461327,0.72632375314502,0.7030368307346794,0.5647033102544642,0.5811741814870663,0.5367708828174533,0.49765712790580247,0.4200867709203373,0.588542029623001,0.6152666590653808,0.6808827627697023,0.7535936242619721,0.7222639621796872,0.6217335112039682,0.5351596732570538,0.5176626037364254,0.5812264849624326,0.5515237348555299,0.5620636979970539,0.5893119501559562,0.7594772720346877,
pre_model_seis1_20250809165451_227.dat---0.8986016585474248,0.9095477139447757,0.8733442680894441,0.8870082895007751,0.9131366493914045,0.902741435183875,0.7936096536903752,0.7388406060592121,0.6695264141742124,0.6284248723934674,0.5907878998839483,0.7095459754246818,0.8758795519508319,0.958198425770989,0.9033922692767296,0.8216929495297595,0.79838012082438,0.8890567106728187,0.9127222925389152,0.907309828410082,0.8444643706022298,0.7452953102155309,0.8169019353204627,0.7870323969980009,0.6654030990208206,0.7779196344544854,0.7222737397324133,0.7020717364995257,0.7434763212802219,0.6981585557880815,0.7047376426917548,0.7752046877970987,0.736409274147789,0.6610467143727233,0.634108273192358,0.5775421343132204,0.5732596795773293,0.5594931230456655,0.5004102087408675,0.5200593972177127,0.5129745199944683,0.7521948863478257,
pre_model_seis2_20250809163918_422.dat---0.9080761622328575,0.866458818265884,0.8674167116090149,0.8279214775299355,0.8442599888516205,0.8498528430045899,0.801670951149021,0.805563296711993,0.8203570513561113,0.8603243006821064,0.8337047255204918,0.9052013465772363,0.9101578859214815,0.9683989124196731,0.9692219017357749,0.968982006689757,0.9430770447898644,0.9069383341051371,0.891319473242581,0.90692224255966,0.8790897864675266,0.7582258175056157,0.7345760457041511,0.6355398635259216,0.6701481909831518,0.6981964790272619,0.8206852155455197,0.826982284017879,0.8473475741805792,0.8302843169196464,0.7259714049245308,0.5712680937840657,0.6580639779007627,0.5970078248397417,0.5250544969131637,0.5137078671013966,0.5578903938370742,0.6168314304470773,0.624626124802765,0.6551985405004543,0.6603832992128197,0.7820220610511195,
pre_model_seis1_20250816100525_99.dat---0.9228985874326839,0.9319238722177106,0.9146511835088692,0.8674239294206445,0.849870840847486,0.7609539335623356,0.7189029561508437,0.6588215769941452,0.5605886488530747,0.5948230233757146,0.5876634002938794,0.7438251472768688,0.8152266690756629,0.8251404903133848,0.8650115011900473,0.8737865776438614,0.9399875807399295,0.9289337041585254,0.8477216832785789,0.8269669126038182,0.7992278309023171,0.7711886325283271,0.7487916487268869,0.8075693180308633,0.8931408111599687,0.8692958217758079,0.7851263766698746,0.7098332396954508,0.649228058183693,0.696966507203605,0.6606915762136514,0.5882164055658213,0.5795508870452878,0.5339204412420097,0.507623188221382,0.5175596564402848,0.5622330352421493,0.5177502488208813,0.6288233801997792,0.693261562352151,0.7419047012024856,0.7389518425941644,
pre_model_seis1_20250809165454_93.dat---0.7278989813730412,0.7290131395040392,0.7293976016455624,0.7320682047044059,0.7548808976332315,0.5961322149379559,0.6687895123952508,0.748504894567686,0.7697466165079506,0.8520014312340732,0.8342054722274602,0.8806322828846173,0.9201103128996275,0.8917781242968684,0.8029378851172893,0.8728425293478065,0.8454055808993289,0.7406608256204287,0.6000486486389133,0.5653757128133883,0.58793672367836,0.4969005834818436,0.5615017624510644,0.5313930852556409,0.4256225652026323,0.329513838907975,0.5549683759804351,0.4960697132358981,0.5915006531352004,0.5944432890516592,0.7650708280109192,0.7061355723203683,0.8782223746794036,0.8806233819113288,0.8719839917931195,0.858697341473274,0.8507158350754437,0.8199019249278514,0.8376267159298669,0.8216377779273969,0.8791538045383777,0.7220012441028533,
pre_model_seis2_20250809163924_426.dat---0.8853624478856762,0.9555111229895841,0.920027303257521,0.9560408603412113,0.9448168660608293,0.9610171976592918,0.9307442273866297,0.9238694618174279,0.9313422661688029,0.9623196063289498,0.9678122947384078,0.9836806909462247,0.9674789037439352,0.9541281499391595,0.9627344156126781,0.9815502099201855,0.9817156992081788,0.9807384685304584,0.9827174417574122,0.9513090399013323,0.9173047826502947,0.7873855813739049,0.7463749538091147,0.7828113076622805,0.7821096363598321,0.7275158224053494,0.7618425772114675,0.6542655588040595,0.6851112547070294,0.6826853854303384,0.6640440027426135,0.64064942773418,0.5434668643684369,0.6062495032340621,0.7093180428941471,0.7658807891612265,0.7856847184332851,0.8453716952002962,0.8685998425979405,0.8522924785827329,0.8470370468866324,0.8473394621083684,
pre_model_seis1_20250809165445_168.dat---0.917422164584335,0.9019397088639399,0.8933913027329456,0.8795036493041557,0.7975346105387544,0.8049156674550979,0.849974101856854,0.7412263987721776,0.9208255860481462,0.9433078992342991,0.9555322039546718,0.9113819999729981,0.941366443205106,0.9403919910599399,0.8923966450500257,0.8791492821848965,0.8777642949738654,0.8270860662542389,0.736421634481712,0.6868723020334445,0.681371435486355,0.6084643015173284,0.6266318154881465,0.6427670553569184,0.6686485012976101,0.7333326139689889,0.7666508817651779,0.7774197780131201,0.7617616163359889,0.6534586843925472,0.6684998245012214,0.5244859806667036,0.4842121926427452,0.3762994362103654,0.35971234585177014,0.30398748410933435,0.2930091123569055,0.22348293668649732,0.18144235919021334,0.19317535887421475,0.18912247801157525,0.6833253693972031,
pre_model_seis1_20250809165457_811.dat---0.9620506745808726,0.9489701124984675,0.9434481192018181,0.9357459482969812,0.9130813238478138,0.9166893430307007,0.9193446811323369,0.8503902909282591,0.8475269866499515,0.8389487440965915,0.7338900561012237,0.6762776984001964,0.6869065265840064,0.7726778102316773,0.7585255098345992,0.8075796074730249,0.7833745455106366,0.7607694032420752,0.8544004478185715,0.8895565394305289,0.838836146868009,0.8410664052243376,0.8341694182801433,0.8605401753666002,0.8629363843235905,0.8690874683127419,0.8465492992452487,0.8734024992844706,0.8877376384769617,0.8795361761966906,0.8721525428432839,0.8380685598333889,0.829372428352919,0.7944346789129285,0.7242472192563221,0.7159230354422659,0.6034210577148433,0.5705175055811654,0.590745043300495,0.45700623232064147,0.4341602106039813,0.8005869388934481,
pre_model_seis2_20250809163933_66.dat---0.797346171857891,0.8582589468445818,0.8480707609405816,0.8407659654495121,0.8241365639828949,0.8319301583581431,0.8586711547370544,0.8697865917145884,0.8457111769453899,0.8162638434422363,0.8172944989392669,0.7710661081960499,0.5898519181462403,0.575413065423911,0.6705568773154152,0.7171874170629542,0.8067023585643306,0.8116231598821938,0.8432209007079394,0.8413675144107615,0.8170851159600829,0.7254718576123164,0.7011886522583332,0.7071449780261841,0.6544009387287131,0.6164515915966261,0.597976322530854,0.6572030134605368,0.6655917079647891,0.49604855080467997,0.5162949379423,0.45916284237751126,0.5519408891192754,0.47751991545162337,0.44541052760591776,0.47182220247936674,0.45908723925715333,0.4487138155086175,0.4125668906889404,0.4398076412718853,0.5034317593441824,0.6746230864124837,
pre_model_seis2_20250809163927_263.dat---0.9587629908494278,0.9649143320816225,0.9444905305273346,0.9516014916460148,0.9326153636393156,0.9246009004553207,0.9154896868300868,0.9164406683324472,0.8937691082854419,0.8921456605861828,0.903400956581864,0.8934722469587133,0.9043756669315288,0.9097226800749701,0.9181533935555686,0.9137522822404005,0.9414241905241522,0.9738516801320853,0.9718517262806388,0.9618259439739798,0.9453600075787916,0.8402053837830529,0.8654302292382592,0.8841966488238169,0.7981149841673219,0.5923683722278629,0.5656496302050129,0.48550302871136564,0.36191192042621706,0.436963820445977,0.3258055265214541,0.4874055460801024,0.4150741411235205,0.7063030571040237,0.8313536297877563,0.9216950075599581,0.9218685250758594,0.8895461419944936,0.8367484886241734,0.7778329417775959,0.7746458403870962,0.8109913261495318,
pre_model_seis2_20250816100657_88.dat---0.5964815540113738,0.8705405730722233,0.8625848740495328,0.8456227614388446,0.8555342521301027,0.8846562406070192,0.89657092087404,0.8798159292040163,0.9421141478924259,0.9411701702942809,0.9268361357630951,0.8990661934573937,0.9234465210396062,0.9230920482764347,0.8936059145107831,0.8905630125769975,0.9368980574446624,0.920742492594253,0.9134674868820862,0.8830031417078228,0.915579028948219,0.8744612044842092,0.7892204164562278,0.8432310087626812,0.7679813055819845,0.7397786163559025,0.7182025048810294,0.7244243425225878,0.7605360126155976,0.7499020974131034,0.7759224844303075,0.798419177370768,0.8058269835436467,0.8040572818904916,0.7861132454350332,0.7929840090147542,0.8072360112748318,0.8247181650390425,0.8089682816234831,0.8216881037915288,0.8119120509321164,0.8391945063462082,
pre_model_seis1_20250809165430_652.dat---0.967003035394086,0.9345477734441373,0.9555876818251625,0.9455817756761348,0.9079757214968815,0.8990699919736735,0.8347114971947046,0.8596123029915361,0.8745158642389,0.8889793356347278,0.8991838350351403,0.9148600843495885,0.9393612577776809,0.9348677446765166,0.9251973869347144,0.9725193242161156,0.9754346251175093,0.9856031604764752,0.9453331499417735,0.923275775151226,0.900621737709411,0.9493830222732051,0.9494649033653493,0.9320022036373218,0.9103365345326695,0.8796763898657582,0.8556366417853959,0.7944630344529094,0.7111185286330498,0.7869100889861474,0.7779334576334892,0.7142164245898678,0.7573461151752413,0.7350879129278665,0.79137573906867,0.8033199233700175,0.7682781795121179,0.7993759619405261,0.8140921475605174,0.8427204272763038,0.8795127566892068,0.8740510598666275,
pre_model_seis1_20250809165445_660.dat---0.8859154592447426,0.8919876236719884,0.8644489273558426,0.8100322998913837,0.7855280253579157,0.8018812220546186,0.7763354689038221,0.7872018956082549,0.8315814239981114,0.7889247132764251,0.819855554176973,0.8946413844160197,0.9316131651200555,0.9287006909275416,0.9429984995525349,0.9368920575244705,0.8752891951110251,0.8683612917567866,0.9606163828882258,0.9424666509352582,0.8927922160747841,0.8775365037658523,0.8182549730122046,0.8569508110331309,0.826767002267367,0.7382375668978289,0.7597174690687293,0.694100909240692,0.7923822220687446,0.8144612743253068,0.8095326900506283,0.8236655645739637,0.8786234672241967,0.8270667231054735,0.7463940318091574,0.7183078946895006,0.665475588564219,0.631285766912604,0.5851752084596907,0.4689929967407108,0.40945431671124316,0.803913344594342,
pre_model_seis2_20250809163918_125.dat---0.9271486948105971,0.9223297586417512,0.913871259537074,0.941501118208028,0.9457123383430893,0.9373482937989172,0.931792493371733,0.9056982057545077,0.9006676978500241,0.9051259473782302,0.9055768889116114,0.91996136071596,0.9532274284980307,0.943636124736659,0.9716478862898472,0.9360539582444769,0.9398084262593202,0.9158217889902169,0.9104721110610705,0.9152807980977558,0.9345574830645508,0.8829989918144912,0.8913189394275193,0.8486764100389407,0.7228065725973825,0.6728305793743744,0.6888424887001121,0.6389656526751136,0.6850531672712437,0.7188207504547383,0.7729962503126409,0.7710046000561155,0.8885368531449278,0.8744160597210405,0.8265152671166613,0.8296986627377391,0.8622817350623762,0.8372420527133427,0.8205796308449883,0.8013597968149648,0.7573182976958501,0.8602317761253175,
pre_model_seis1_20250809165448_427.dat---0.9304936724971246,0.9295309991078244,0.9356370982438162,0.9270342499714335,0.9320734885604939,0.9289832116937494,0.9117078792757299,0.901678542436816,0.8828389863423352,0.915056656365676,0.9218174454754079,0.9185350323970594,0.9174160683724993,0.9190200115139646,0.9548856570353843,0.9283292206955582,0.8579383468890853,0.8812860271827861,0.949507364128602,0.91681849826908,0.9483443511620123,0.9315829818383251,0.9357304513531505,0.8912755253579326,0.8800141539490933,0.8271934270799095,0.8541412274648912,0.7974895359717828,0.8115274048466248,0.8324820526280869,0.8427567107509307,0.8314182136280811,0.7789070603535649,0.7356116153853357,0.6131287179214556,0.6387614596924639,0.47304575113908154,0.498419902373638,0.3185178141008697,0.4933955657942207,0.5355651579302779,0.8251194521262479,
pre_model_seis1_20250816100543_1.dat---0.9497432933863409,0.9327919930605738,0.9305128044480959,0.8966432561928995,0.9205730617383858,0.9185631521774571,0.8814225514089793,0.8115019347645165,0.8155480587479633,0.7679105790651606,0.6752239789280381,0.5795434717241393,0.5187412500474062,0.6264648954679668,0.8166702730760214,0.9359426172953353,0.977815173345017,0.9529167707646926,0.959832501840107,0.9642526136536057,0.9023449495184525,0.8218364430643363,0.8255421702315454,0.8179945611846253,0.7608760245473649,0.7586933115897849,0.7214493604164945,0.6832133834215761,0.7198383682028933,0.7995603145928902,0.8529671336639342,0.8600822387467889,0.8689450359071059,0.8962415637532131,0.8753893650378599,0.7961264094291803,0.819397497770309,0.7395638444178606,0.6959372695605117,0.6901143054196538,0.7746668254503181,0.8173998684648637,
pre_model_seis1_20250816100522_71.dat---0.7987338440982752,0.8358079584910297,0.7864273419579992,0.8504038713071326,0.8293986877259166,0.7223216542896784,0.7706741278498573,0.6567034507137697,0.716878566127773,0.7035023917230706,0.7452363522441218,0.7343208562740954,0.830848805524072,0.811693270991475,0.8196302703960628,0.8811733137810553,0.9550619241758951,0.9182736689087309,0.8575530197820529,0.896219968776136,0.9224586005974762,0.8439941911550537,0.8573686199327206,0.8242563026712421,0.7557317115645051,0.7149204357037704,0.8323155543735744,0.8268226884753094,0.8464442972083644,0.786828550363786,0.7648738507714601,0.5655388828878057,0.6148953233206691,0.5355759921754443,0.41695571143951377,0.3762756995878186,0.40458705538516637,0.37444943478283604,0.34957705834162933,0.37564389476237553,0.4517110161323254,0.7210265418724647,
pre_model_seis2_20250809163936_482.dat---0.9699268269371676,0.9262152336887852,0.9477620316137961,0.9130955210976973,0.9036940682835203,0.9327890369600709,0.8617261086252587,0.8837367379053387,0.8244139894934386,0.7531278641664302,0.7914820487505202,0.7780072051775385,0.8278711211593803,0.8027922428539473,0.5647193608076936,0.5608041041915386,0.6641315177150964,0.8418856876740773,0.83410697789963,0.8276477990382534,0.7926681268236844,0.8624671232065386,0.8586416224543352,0.8931950511093351,0.8494335546930165,0.9089762532348773,0.8862895810592228,0.8883368345717781,0.8883757589931898,0.8891919779195036,0.8980421336806415,0.8624495458094433,0.8936811816207376,0.8913541552558405,0.8768620322682342,0.8667523733005201,0.8717576299484612,0.8697314668243572,0.861371397080988,0.8432838451329663,0.8513934633683938,0.8466875754242742,
pre_model_seis1_20250809165445_638.dat---0.8055339959806965,0.9216090952328315,0.8400953292978,0.9173684599482862,0.8749544678899782,0.8928639070614623,0.881409530825128,0.8911537059490422,0.89318311073412,0.8822945335799607,0.8707408954946069,0.8593566740538003,0.8575801358122159,0.8968354556506039,0.9005842964697736,0.7577345808166414,0.6630675824439543,0.6913048412701029,0.7145490655672334,0.7231726764320147,0.8013886371142772,0.7377112569826125,0.6215433390440921,0.7492445929495117,0.656427729972067,0.7151960996138046,0.6355467334205045,0.5894615004681011,0.49052100640583995,0.40215364130466014,0.4114667440591358,0.4434630166955838,0.40679293975477493,0.31226706028451445,0.2808230892653669,0.2612213006642236,0.22362810929060986,0.18781751418374681,0.22457545684578295,0.24638133424018363,0.280130864704645,0.6442232757993732,
pre_model_seis2_20250809163915_794.dat---0.8619691790941644,0.6845434622913312,0.8021452924470907,0.6602602425279693,0.7205153945600239,0.7636692547025501,0.7597650738131922,0.7087310288315714,0.8352312381071708,0.9295599238358477,0.9268418853239702,0.9449422838676799,0.9196914852703492,0.9443586690555051,0.8936483161726012,0.8874600687274895,0.8982502658416418,0.8965962647742385,0.903036523628681,0.8150156995053426,0.7799092091751193,0.8203549317761679,0.8061126367388631,0.820350681122674,0.7073703362462165,0.6712309888825946,0.7117712474419147,0.6091571022751675,0.6670945093594604,0.6071878773415518,0.6622083524833872,0.6559455249021081,0.6946151039623041,0.7085285122264781,0.7560452315555785,0.7970982361757043,0.8053148163426627,0.8125033988652,0.7092133407761477,0.5564608946013524,0.5746820267051398,0.7729118661301025,
pre_model_seis1_20250809165442_434.dat---0.8598095651204235,0.8914626841890502,0.908146058123822,0.8297244141589386,0.8513692478633451,0.8340922038590957,0.8239489346253596,0.8063081164401364,0.7768586757437714,0.6046868629967177,0.7264452490845691,0.6151178611043764,0.7234318149739875,0.7265062198516464,0.8775809180693559,0.8843579103635969,0.9522095314447186,0.9791461711789,0.9811864447496992,0.9696784159323516,0.9677385113338267,0.9284556776300852,0.9155074298630355,0.9236603345585819,0.9135540631893219,0.9039142455124598,0.8724777124563288,0.8586503798278585,0.8471206743567703,0.7840722734434673,0.8071143997648921,0.8245113277325794,0.8211545145870943,0.8122265177761768,0.8238650879575593,0.81702561994403,0.8063638668026701,0.7822165749428471,0.7350134559768565,0.73371796048737,0.5495420226278106,0.8304870719669631,
pre_model_seis2_20250809163915_891.dat---0.7026251748699196,0.8353388553958562,0.8078496331413959,0.8202987869210779,0.7993623776371023,0.8086171445228367,0.7784401547337221,0.7301503580787405,0.7126590583378731,0.7546588605274339,0.7968989584638224,0.8621036123311219,0.9120016682938598,0.7584711115945916,0.7807220137106616,0.9185808306070663,0.919545208279643,0.8932299674864256,0.9047957512725157,0.879902034706961,0.8616123457936754,0.7519488323215628,0.6184107018290597,0.6362503856501961,0.4040538102035309,0.38892529102800844,0.3824678966019156,0.4708195244553455,0.3316719000675892,0.38199833474668593,0.3877504124254507,0.40448192411512135,0.5094481021977035,0.5027627507336472,0.6256254072638316,0.6657629879408347,0.632049644625938,0.6544946360013247,0.655562291030264,0.7544832540952425,0.7775063006061319,0.6871789827962363,
pre_model_seis2_20250809163912_218.dat---0.9136462668275026,0.9335149218078321,0.9156418813239939,0.9285378334953611,0.8412280020766442,0.8974948180944552,0.8138406731,0.8790946933213353,0.7358841326604153,0.8098086474624325,0.793324601582209,0.7529392790769165,0.8279294231663855,0.8230088915710698,0.9417761272463719,0.9396430521019157,0.9190475472608121,0.9211699368623738,0.9140687575619636,0.9343636553775712,0.9365792775325187,0.859620493846506,0.8426053031937848,0.8081386275532161,0.7572011410147511,0.7136709956272963,0.671673116668683,0.6526014999490815,0.6316898923195347,0.6633366835744653,0.6025865422623861,0.5782660808775051,0.446526611072579,0.39740980269281423,0.3603314520253594,0.2919080565048901,0.20384776479745306,0.1475996609053126,0.2044651565836465,0.21736696300943603,0.23291701928950131,0.6989342752019092,
pre_model_seis1_20250809165451_617.dat---0.8861583312137635,0.8752378768750411,0.9144812959190345,0.8912807495189632,0.8650020888563841,0.8329625678623704,0.7529039383366258,0.6596774888329424,0.3862790927448179,0.2726406968223861,0.5256306732112269,0.7656647342364724,0.7432257467400919,0.7562172307847534,0.871116893160443,0.9202452918829132,0.917172143028215,0.8984304427593636,0.732278567384199,0.5823765569267432,0.7365839865432895,0.7685718420382326,0.7272440989626985,0.7327330113200097,0.7904444753545629,0.8285403983506684,0.7435678551732183,0.7753596325584323,0.7187687817857875,0.7535339927541852,0.7149400538770958,0.7728156547961249,0.7566267547772405,0.7608051168112343,0.8201648766788976,0.8283343312819942,0.845022174369329,0.9059755911011651,0.9168448835158782,0.9060390875973479,0.8473672826955301,0.773152836327797,
pre_model_seis2_20250809163921_875.dat---0.964111435684901,0.9586345668517291,0.9126470737449754,0.92790881664287,0.9015464956826915,0.8630290983418554,0.8332124009333886,0.8845258516663195,0.8815832181313508,0.8513098119530275,0.815958183016539,0.7948345544844608,0.7917959883854412,0.7368972308150546,0.8067249664019903,0.7989257230607834,0.8591013850523568,0.8951009098626234,0.9485965940030165,0.963460935486006,0.8440762991682695,0.6472113631091628,0.621644986825928,0.7436004983067217,0.8070708813928664,0.7859882737848024,0.7864801385750373,0.7977179757199939,0.8164574615153147,0.8053741326050887,0.7764099171472657,0.749360819203772,0.7894975906810553,0.7965935247397421,0.838707803587083,0.8443511803007155,0.8748499044190612,0.8571708046403246,0.8770858235978213,0.8457875081301203,0.8079520323285664,0.8317876624385391,
pre_model_seis2_20250809163912_251.dat---0.6909239185646978,0.6740434208209384,0.7788909153298436,0.8271221183867284,0.7573224483162277,0.7598959657904537,0.7958847300998764,0.783460822741427,0.7969059305656617,0.785424642969628,0.7843840673454445,0.816126179669718,0.6354122013516277,0.7865205268774091,0.7807574588379894,0.6312713156802291,0.5800555185647955,0.6933297345582341,0.7269767224422895,0.7262035605697812,0.6683220756659739,0.770465759339019,0.7071406063896634,0.6681005218715511,0.561769384597132,0.47505067608904455,0.3684378460987271,0.4579465878047124,0.48295794849326257,0.6532007044938267,0.6620527597757245,0.7167823183902219,0.7914342855792292,0.7796988159115356,0.8070551521347787,0.8168038546380547,0.8154702662465425,0.8262334668052876,0.8170770477973804,0.791778843788954,0.788454791474085,0.7131011198260416,
pre_model_seis1_20250809165439_317.dat---0.8783600925491021,0.8761573754684409,0.8481640843175402,0.8714371204513537,0.7654472042847665,0.7647391134483128,0.8025344117751406,0.8016315045081954,0.7600711812404954,0.7713563394991159,0.8751152877512808,0.8648203911008407,0.9608654332156911,0.9654071539096972,0.9586924225708737,0.9591551628054361,0.9584535221853009,0.9389749306509868,0.922945054967487,0.9152498353778408,0.8787314629111803,0.8894631169159098,0.8459719574510353,0.8230869740210868,0.8482843555620186,0.7554652835692157,0.6233176784691906,0.6517192589632428,0.5812146982510561,0.5337868197232368,0.5038760168449811,0.4751605578136005,0.4995825401830352,0.5460630762124441,0.5694720076042401,0.5661944587354113,0.5954125101912237,0.5852642007263718,0.643067065098127,0.7374378098372617,0.783555236788145,0.7657488953158514,
pre_model_seis2_20250809163912_386.dat---0.8584519444524977,0.8869497877477153,0.8798299868220322,0.8160765696225395,0.8527799864512761,0.8279762171314334,0.7139382673454879,0.7872485120028738,0.8379253770070455,0.7262859502755642,0.8756031568904892,0.9450722771075806,0.940793573794253,0.9350549980745665,0.9303388189348538,0.960168089899912,0.9295251476872797,0.912438825369355,0.8819211516257329,0.8686712979230521,0.851075928715724,0.8393336342007756,0.7779918440496176,0.7106696035409903,0.630509809529189,0.6021533003620073,0.5820611528676344,0.5870305100738784,0.6192286735632128,0.6585832099244511,0.6139645288910304,0.6568705823313692,0.6710748188873358,0.6584997170362634,0.6461870389343974,0.6290085823326432,0.5942942687026592,0.5195816687890651,0.43292960590175616,0.3821798296004539,0.5021937620725105,0.7446944391822562,
pre_model_seis1_20250809165436_506.dat---0.801160138583651,0.7687893235576971,0.83899275422621,0.8750521414268373,0.8540945793995037,0.8800722781744084,0.8901459708286402,0.8913895697148234,0.867145169280294,0.8673149766679509,0.8038775516076707,0.7302766769531548,0.7866491732719094,0.6578523175811685,0.6340880609311179,0.6372430694412677,0.6707946133382637,0.775144192725324,0.6363065249098526,0.5918616321779966,0.596010796880544,0.640867645324946,0.7206115106605647,0.7410406028842987,0.7256322882891014,0.722692410975233,0.6429408717457277,0.6875026981016281,0.5932635831025063,0.4980908676386701,0.47544994212013725,0.6004038245063561,0.7070118274407455,0.8279784396503179,0.8593627846041993,0.8782519906268323,0.8487058369664202,0.8087438207083838,0.7901856633631296,0.7673238847486842,0.6681128161233856,0.7380106053965745,
pre_model_seis2_20250809163936_790.dat---0.7018116271451889,0.6666931953535196,0.6405249472378646,0.7289598269218996,0.706560612847804,0.7393771792009236,0.7328368333581419,0.688119820769173,0.8788276997255736,0.9502359532864278,0.9715117121375485,0.9615846805377214,0.9507823318302645,0.9412081337329182,0.9376115323963696,0.9230090151909449,0.8999158114832853,0.7951543429594672,0.8543730932236901,0.8764324674719476,0.8704952459475697,0.8911470282447508,0.9007613003889928,0.9135573788479725,0.9069253198263275,0.9102950387695279,0.839986241847049,0.8309170664300413,0.6975123536603917,0.7100825670992413,0.6795927853053457,0.524657511813643,0.553204208125488,0.5251410363552905,0.5342794287993273,0.49046868329421656,0.39073358035946576,0.3367976835977834,0.39162880908865827,0.3005631899341188,0.31948475987801866,0.7332624886444855,
pre_model_seis2_20250809163912_79.dat---0.7034075140279333,0.48556500711311557,0.7818124621667033,0.712699677409701,0.5854587924059382,0.5571063694101275,0.6414466442778334,0.6039952103052577,0.5622109726259884,0.5555470805531009,0.6608149774272385,0.600120201561954,0.6977614307672646,0.6572862215821464,0.6908631559015945,0.7771129614059309,0.7858063026083888,0.8001561150629417,0.8178489192982827,0.7396544532394069,0.6876619738190854,0.8000615437221242,0.8667346528814287,0.9014751052336459,0.930757045111802,0.8782028318097094,0.8153141254935572,0.781364730639562,0.7135608955256342,0.7031887120214765,0.7014007117444515,0.6652168306943772,0.6236026092066268,0.5976583889900292,0.6412050779599614,0.6150585813656528,0.731775284035887,0.7109288154506057,0.7629995635525888,0.7567314000443335,0.7588103889071277,0.7087898472526957,
pre_model_seis1_20250809165433_673.dat---0.8356080232156748,0.886273242683761,0.8814424485514863,0.8680948267506187,0.8696596803936819,0.8411355165911127,0.8412708259183748,0.8793591765455051,0.8756109624109877,0.8751113356073508,0.8322175314336694,0.8262200802129893,0.87015659315993,0.917365667154911,0.9346924463757637,0.9675993346219877,0.9790011318336984,0.9798439104227393,0.9673785630379554,0.9384135231765939,0.8887924084901292,0.934757885131754,0.9070159170376555,0.8973091896735119,0.895379266913171,0.8642763213114443,0.7169138513195549,0.6486882276645737,0.6799445848319514,0.6606192491544751,0.7282701521048501,0.82167149865817,0.8430272422434649,0.8945802325691002,0.9180346831038182,0.9159358780378013,0.9161772827122483,0.8970548372859009,0.9039298949964127,0.9084721899209146,0.9036142341566112,0.8685590206686901,
pre_model_seis2_20250809163930_107.dat---0.9334931357056128,0.9514411859295226,0.9145800959022701,0.9212616089292949,0.8965772838961088,0.8508685504928603,0.8542506080347613,0.8479581749638234,0.8722784995920589,0.9049942594548658,0.9055944592697122,0.924355970270883,0.947075144409743,0.9079245837828492,0.9089132320725736,0.83591199751168,0.8703235446554208,0.907867043251927,0.8848287441009673,0.8532243457187233,0.8236043300326392,0.7495075016140873,0.846222056573234,0.820521210992637,0.9038414057359396,0.8974741981436033,0.912964722881246,0.9127693237482344,0.890872261481762,0.898214792752406,0.8376445049585836,0.8219424876223571,0.7716632422112498,0.7602449060312134,0.7254096422711902,0.641173813510264,0.639279493366411,0.645646080054566,0.624130289719828,0.6349383265726647,0.7413118902591462,0.83885607191412,
pre_model_seis2_20250809163921_729.dat---0.4111332302276525,0.6458672287766248,0.8641719796016688,0.8412950532400767,0.8141358502453738,0.725364974139123,0.7826786550034753,0.8002561075587897,0.7602068743446285,0.6711272665136754,0.6160200844613088,0.5523842914310384,0.5723528819822896,0.5895362753606184,0.6501829297085917,0.8634447859653676,0.9486801721630193,0.9661708235482626,0.9430202929648025,0.9589307357464537,0.8684422181378859,0.8696995295474893,0.6202756701310693,0.6362092592260622,0.6866428599752173,0.6467386692925623,0.8550167477877572,0.7720197081429399,0.6497467909418928,0.5700566358912869,0.5398019795999685,0.5027025535496326,0.4013122613642759,0.4572189211034626,0.3812056903035528,0.35124898595529325,0.39138192281673273,0.39444453281603054,0.405418838684662,0.41332744411268246,0.3705955378602011,0.652694323176183,
pre_model_seis2_20250809163939_297.dat---0.7120875244839792,0.8043514126964867,0.7711166963787965,0.8540598263655415,0.7464633633029154,0.7948695711631019,0.7485110801348839,0.7702662726140085,0.7936555326597811,0.781799996870588,0.8016350812718284,0.8861066329868593,0.8681348437692241,0.8193209326706365,0.8667623134934712,0.8933069991339476,0.808763172689341,0.9091928717259071,0.8849689609196029,0.8908237511746552,0.7895465462054514,0.8083148145024053,0.753920705545735,0.7158991549794841,0.6954514165035989,0.7066944202198138,0.6579943702495119,0.7209868466142308,0.7752794240809628,0.8154500698665244,0.8263882784991741,0.8421108513877973,0.8173515855984683,0.7834584697787135,0.76263621841651,0.6605837508634352,0.620410261892932,0.6024155570854265,0.5123496124711314,0.502012499921899,0.4458300005353613,0.7614946754079055,
pre_model_seis2_20250816100706_47.dat---0.9662734031621493,0.9688020067903911,0.9622286869750216,0.9472632230213951,0.8968552311938994,0.8402397102947929,0.8725274612580421,0.7951725799277535,0.7562592419375839,0.6685597202155605,0.7047142570086034,0.691229650512797,0.6918840893064729,0.6939102748030638,0.7306442006240037,0.7454490303431751,0.7084451174865821,0.7109540360296619,0.789648623158291,0.9812843179119931,0.9587546248791812,0.9130709830426622,0.8385050500423806,0.8096051790707702,0.7083975404626357,0.7204235966883109,0.7435306946434331,0.7719915146277504,0.692917792924818,0.599418127560532,0.5944465811750497,0.6421736839176456,0.6402328593963529,0.6316456156485839,0.6535682593619867,0.6525323694937978,0.586190677569956,0.534405123665178,0.39064240337846673,0.3635521399795871,0.3136834303449369,0.7288300758496402,
pre_model_seis2_20250809163918_64.dat---0.9671078092526714,0.9895545724202417,0.9860419867025081,0.9819081501352461,0.9797332826791498,0.968770839616032,0.9490523871484451,0.9589539745922576,0.9483225814865698,0.9453233313958797,0.911910394941238,0.9209162471936341,0.9113822800839322,0.9118088633060104,0.9177736928050944,0.9213553964787914,0.9271971640360522,0.9678663153688507,0.97637682704684,0.9623137081292421,0.9519904691502541,0.9524990368718655,0.9623518163316492,0.951280493831452,0.9551171611730341,0.9526406802140067,0.9322055326608821,0.9299403584405719,0.9251531661650503,0.9169308601220135,0.8958531141491937,0.8841361920817704,0.8208593744101055,0.770859010490905,0.7136245566438391,0.6315652057779121,0.6054383225973139,0.42810358441226837,0.38408193853830125,0.3333024590356128,0.3189847189725233,0.85903872821681,
pre_model_seis1_20250809165451_678.dat---0.9044798917109818,0.9044362737008164,0.8796876361775482,0.8190666078905501,0.856627812247158,0.8118396668273102,0.7936201669964218,0.8186422026985452,0.8221751627369587,0.778348492875182,0.7756867523385876,0.8789250391043667,0.9322207074193386,0.9516762626130472,0.9647993348842917,0.9325028418728665,0.9240593753796057,0.9386669474757353,0.9473162488149549,0.88275538946164,0.8733359757675049,0.9034832257898049,0.8702587682838426,0.9263847210903549,0.8987887257413713,0.933891093317189,0.9415023810666512,0.9541564155523294,0.9145699123527384,0.8950658217657382,0.8023555602440828,0.8389959376368903,0.7066744956828348,0.7017099453718514,0.657396431705171,0.594463669409321,0.6144464566264152,0.589758801645082,0.5790950999605651,0.5275718307874329,0.5411741607813447,0.8239661522879129,
pre_model_seis2_20250809163927_802.dat---0.8698635505517949,0.9093217717406259,0.8793196258875907,0.8940783517329123,0.8402636037079056,0.8852673902867614,0.7776321005328112,0.8460055073225258,0.8897974307753533,0.897145142884639,0.9008963655230217,0.9086056289956266,0.9103432599297193,0.9392841206805028,0.9630099899557083,0.9607777250204219,0.9325034286427534,0.9272962258690398,0.9258112425999183,0.9174733041974644,0.8599989964314374,0.6778226054328377,0.6543953244569581,0.5572716250009484,0.5879079591401594,0.6867067283393087,0.7160966980357372,0.8638443951507219,0.9029690728774985,0.9048803852161452,0.8030253656385242,0.7921222765871277,0.701312356497117,0.4955492917261358,0.5488907852690235,0.45165959124296196,0.5478921607039906,0.5585617976266306,0.5545087592342955,0.5818094107967856,0.6023144288683936,0.781078921490484,
pre_model_seis1_20250809165439_416.dat---0.9410883977069042,0.8096617885761388,0.8823954953513803,0.9244808768339727,0.8765665839340379,0.8952885329373139,0.8071407690943879,0.8247439157222705,0.8342936768894257,0.7802235539211598,0.795917038387621,0.8129806350176493,0.8044475433729195,0.8836706404276057,0.9430128724559642,0.9386365378790661,0.9283928849837396,0.9610908739616206,0.9699170191891554,0.9533825329370594,0.9543529520448873,0.9198184187190985,0.9005240688739996,0.8862316527185936,0.8864090824462177,0.8900664141803699,0.8507162330347211,0.8731103896997966,0.8810379641716191,0.8700278568448118,0.8697167721386428,0.8369404485516663,0.7333582715371891,0.7404311551533449,0.7080777899455494,0.630154198535021,0.5141215211032167,0.5616420628589084,0.4045248295204765,0.48685786358860506,0.5077760850510751,0.8164202000072486,
pre_model_seis2_20250809163921_436.dat---0.9392968150813734,0.9640324710352312,0.9592816135931891,0.9432373295019919,0.9377940635042935,0.8994195875878636,0.8187434574551599,0.7921083457776934,0.7447135975135322,0.6973945381792263,0.8093053218986794,0.8082334684272202,0.7926643555168084,0.8639552289785122,0.9072190160179106,0.8954773549435666,0.9594469209012819,0.9729740380116546,0.9459664801390172,0.89509416359594,0.9095671213899531,0.9188964224957324,0.8875149230080147,0.9052415501408102,0.8099240982863809,0.8131851845656497,0.806597360073964,0.7119665550168709,0.7268990616161152,0.6855172354139096,0.6553159063266867,0.5955755475132348,0.5698515483681936,0.6145485842730775,0.590749748760218,0.558496114666435,0.5601247869026734,0.49666575138715474,0.4475461991771808,0.44583231206282176,0.3559060185852246,0.7710312243339135,
pre_model_seis2_20250809163933_793.dat---0.9129973099632037,0.8844381480904132,0.9156174699819384,0.8763870676286513,0.8037051619888147,0.809784563702618,0.8205409079258852,0.8568884099642341,0.8284197218279716,0.8395528259049188,0.8700422288763804,0.8517419191184963,0.9514808454711896,0.9423799500485766,0.9615304180319361,0.9793132142241484,0.9832164316252092,0.9670522713312727,0.9523339882827192,0.966174473001804,0.9365528717254938,0.861774368328916,0.9142161040481281,0.9177115358892579,0.9016836535418634,0.9123310763593696,0.9209096814216019,0.9049433621124437,0.9221583800831621,0.924082416271073,0.9302701053794826,0.9437279177293761,0.9538829623557169,0.9264014495660756,0.9524509528572374,0.9328340397671018,0.9388180015157561,0.956528660819294,0.9415549802781953,0.9516806902013242,0.9442717486973199,0.9137166411204528,
pre_model_seis2_20250809163939_644.dat---0.8931410991203632,0.8298101562202389,0.6262960638272654,0.8145369783409272,0.813648353248889,0.7771333836642664,0.7586894334848553,0.7297038803443515,0.7319902405038394,0.7763486445883444,0.805260928973609,0.878515261622861,0.9049516046552235,0.9214534083857188,0.9110009209608888,0.9096392928040026,0.7411715522407616,0.6420514935802476,0.7634950127857522,0.8047549397370957,0.7879056538692841,0.8805454106757826,0.8718886745640935,0.7418193521081313,0.7342633315365132,0.7883983737763607,0.7038287939161038,0.6262700985487347,0.6130081226876145,0.5860219686763584,0.5690440124556637,0.42698898995220325,0.5543920508558279,0.5632002036666163,0.5871411361337512,0.667164872640629,0.7261474195746238,0.782958112146398,0.7955099994989656,0.9147664798870018,0.8630480387277969,0.7516561889021454,
pre_model_seis1_20250809165454_237.dat---0.894891885895534,0.8955372530967054,0.8730499468554556,0.8884227134834958,0.8993216405088216,0.8659869159551755,0.8579356557841474,0.8375123756560955,0.8168013076452314,0.8619063640064057,0.9365075583756165,0.9522640192859192,0.9450618391637804,0.9684074113436886,0.9782089827445657,0.9858052728951343,0.9866040439972541,0.9605808793275429,0.7995389403449746,0.708452403997289,0.6641077269098998,0.4964679948640996,0.35195728391103426,0.5080007481012817,0.7079627125168405,0.6231884664846398,0.5610772997668582,0.542468800522962,0.5091385210579759,0.5743444837501501,0.545760275534837,0.5014770305913315,0.5561666110055336,0.5608647230565147,0.6560435225992088,0.6566942255065261,0.7368173410006245,0.7980378632297818,0.813454721883433,0.8263158157760071,0.8381569001752384,0.7546658653318928,
pre_model_seis2_20250809163924_209.dat---0.7129217981441925,0.7014681592203212,0.644844639254851,0.6905650911861366,0.6655665516941064,0.6969124920424086,0.7240102273935302,0.6499549525973015,0.7566384335409234,0.8123254164363997,0.7913983140246186,0.7052917998696934,0.6986926637586652,0.6684874955030471,0.7544092187868662,0.9200966179276249,0.9570916146971341,0.8805898273428321,0.7412436623454708,0.677968956155461,0.6268597973724509,0.5904349314010259,0.7153900199337679,0.7633986550028584,0.7305775670086287,0.588896731351196,0.5580715378094052,0.65488319977498,0.5976624740910778,0.5849851545313753,0.515588900416798,0.6112232078645795,0.6383168697118958,0.7219959999541887,0.7693823568992151,0.8510435072744321,0.854171606787138,0.8912622214806941,0.8572562423168499,0.7860770950000697,0.8001909892216627,0.7209304145640456,
pre_model_seis1_20250809165439_699.dat---0.7759823460933946,0.9114729708831009,0.9029786665826575,0.8664101293307515,0.887255518795939,0.882990386940526,0.8751549776479738,0.8685737246364866,0.9061370446950607,0.929901847780329,0.8992133292643877,0.9385023487827902,0.9529327038090746,0.9327447901516943,0.954148203582766,0.9897505519093973,0.9907233236484375,0.9777679128098936,0.9511316895334652,0.9234633560244062,0.9473113592013942,0.9162462910832179,0.8956999775885952,0.8402429029969966,0.8905198643187375,0.8973383110750125,0.9145956038044023,0.9095603183994398,0.8885360393039622,0.8577172186480084,0.8115680808481089,0.7032496128259527,0.6565818741470115,0.5696779659963151,0.5936413146513156,0.4232015263485855,0.5022694572743359,0.5413625174425236,0.5214294694584443,0.6030620543743991,0.5625127696086146,0.8235014720072662,
pre_model_seis1_20250809165430_220.dat---0.9064147433947937,0.9571572333052347,0.9677216339838106,0.9629822458362929,0.9308126124501832,0.9258256705977369,0.8339012663812544,0.876036561346578,0.8791201640891988,0.8590707041097304,0.885427226358754,0.9126791402559882,0.9191465335980413,0.9603335805040556,0.9630604635136181,0.9841022422437551,0.9898596638905598,0.9771142278435575,0.9629704237386458,0.979704242433425,0.9836222785325905,0.9703081825298292,0.9487759504747664,0.9220363872831184,0.9374580659739188,0.9078787714401202,0.8929748442010578,0.877199674714319,0.8626830714755875,0.8420019596858782,0.7959536779808576,0.8247006912952977,0.8904361497151194,0.8775499912217072,0.8994315861921778,0.8951715957476258,0.8649710042073304,0.8840382424434307,0.8530834048926188,0.8548311112204328,0.796925220302774,0.9076944497903847,
pre_model_seis1_20250809165433_789.dat---0.7150847216619299,0.7982172202212056,0.6788820001267495,0.6953525715037842,0.7790248936244561,0.7571858313667085,0.7732428241751549,0.7883627289821508,0.82747852591296,0.8449834033586409,0.8778860193196019,0.938466493540589,0.9471274805555167,0.9557458621725948,0.9789971207520118,0.9834139713359047,0.9741210240419054,0.911302304374657,0.9036564733911663,0.9149389401041672,0.8654547762555787,0.9191696746354092,0.8870019954511957,0.8913245371648655,0.8617062171887802,0.8493910603256086,0.7778909618987653,0.7775583708226725,0.7782940223538962,0.8343790533948422,0.8343875486287187,0.8447589648857738,0.8473914132863355,0.8220669295595683,0.8364608977397666,0.8532282487722687,0.824265085091599,0.8491266329877736,0.8352496329578779,0.8311230498179822,0.7752375989648842,0.8448521239684393,
pre_model_seis1_20250809165433_11.dat---0.8815490335240219,0.7368966076032067,0.8913597190688801,0.8525448313282663,0.7873276187432111,0.860575712656755,0.8056152564994161,0.8412755925723414,0.8337012735322218,0.8244852432239871,0.8797858504566117,0.8811400436648529,0.9590376502739184,0.9712792899684329,0.9437917141966548,0.9532063761670991,0.933741393554321,0.9501494739665368,0.80500220828175,0.7093292930407431,0.7811012329098056,0.804298034699887,0.8663021224548593,0.8162519911812237,0.8370313716264014,0.8380251588737325,0.7063631914487608,0.6634859906055647,0.63606334082789,0.514333831658764,0.5942953321433035,0.6694573305418362,0.6503514817479983,0.7159505303628888,0.7361615265019392,0.7679252899103648,0.7577627888955787,0.7590006003143341,0.7354614287439769,0.7666951330439951,0.77634342027201,0.7974257392948377,
pre_model_seis2_20250809163930_876.dat---0.8055576804484377,0.8188131997138812,0.5521028226541991,0.7890114852043636,0.7390633244796794,0.7134631762347414,0.7205139717631754,0.6377960522003866,0.7217552357027994,0.750729967037739,0.73840004319055,0.8315099857326278,0.8616069187227493,0.911862369997943,0.948947640852544,0.8878154134191062,0.8222076260306225,0.8405048053194797,0.8042389936996936,0.7279954878251912,0.8042217561428177,0.7540453946937081,0.7801602556716478,0.7425621000942464,0.7513793474316729,0.7208746818024075,0.6981793436305219,0.6304796967803014,0.6444985310926493,0.6552020443325404,0.6760035320131229,0.7425632023809879,0.7099760039846108,0.7253243170420067,0.704982439292731,0.6683658631631975,0.7127986990382431,0.7266977330915226,0.7317042154080474,0.7173867337900843,0.7327925824389417,0.7476608456962419,
pre_model_seis1_20250809165436_656.dat---0.7299952332072217,0.7392548762521846,0.8290100586871296,0.7745767506507142,0.8378186269504644,0.8253819047030911,0.8765065807675633,0.8445788394528715,0.884329719766223,0.8705223120408773,0.8887455654572127,0.9014636892052784,0.899593222603751,0.935170463037344,0.9580393868090012,0.9081225374411144,0.9329730746705531,0.8646004213367292,0.8331940980448882,0.8950543630885851,0.9211061541375363,0.8659947529743294,0.7272027402787119,0.6585356458616588,0.6174228943743431,0.5322357209865075,0.6230491972826632,0.6059909511114574,0.6783889666056462,0.7217389526056601,0.6392180439993667,0.6564402250191979,0.5624191641230601,0.6052835307353173,0.5716522774723573,0.46182820428738264,0.5597155938776938,0.5353484231010502,0.5889436367314056,0.5365098234221347,0.5894860266170164,0.7435961621896902,
pre_model_seis1_20250809165430_875.dat---0.8347738198496596,0.7563737161164037,0.8034066334367982,0.812911887557035,0.7430833250698818,0.7946799494472105,0.8440757162475104,0.8130130607977497,0.8007173425978418,0.8226577024289022,0.873923151081885,0.8471633860988395,0.8256978840973487,0.7876194696851676,0.6997001621392206,0.6306711683125149,0.6209610729954872,0.6598334967472842,0.7302432679327611,0.8571334483704407,0.8213799341312883,0.7489599976558895,0.7718951001291063,0.7877171276000066,0.5948146053145892,0.554771975098775,0.4575315153451939,0.441562902311703,0.5214086407992689,0.7013184817556589,0.7936123054369661,0.81250341575818,0.7713510354729868,0.6236350755473767,0.5507470476322935,0.5004933807794618,0.4204301090292333,0.3578470948306912,0.3759650832325903,0.3726938156017993,0.34170032563993114,0.6800238690271446,
pre_model_seis1_20250809165457_158.dat---0.9066966207930665,0.8811396574702189,0.924927747075071,0.9203983699531033,0.8759523886245641,0.8218770248616561,0.7490057088736696,0.598636284435022,0.5020622776598157,0.39240885033402706,0.3012509487628709,0.5575959776877175,0.7498438562536566,0.869863243774147,0.847704431143426,0.8299009395489996,0.852326602237672,0.8348198707242986,0.7731927686152129,0.8011040864932897,0.7193543133495649,0.7564127798198106,0.7541177288783363,0.7280244333695014,0.721158048035087,0.6866237249870691,0.6989560933449911,0.7892242285768896,0.8198417447874351,0.8129582836811328,0.8673362072771748,0.8937044875262056,0.916191739121947,0.9293148487367748,0.9334824634994159,0.9205107380709054,0.9389161113809489,0.8582464582793219,0.8984064215320079,0.7921624709784681,0.7511748825680359,0.7848006308078664,
pre_model_seis1_20250809165448_707.dat---0.93609922671224,0.9721314435628028,0.9335952039973531,0.9570582961934796,0.9667190145145098,0.9592181488427989,0.9641518099044599,0.9627995229849189,0.9684282076846161,0.9835331749746182,0.9886759594992545,0.990177432283206,0.9929487364427285,0.9877179244420413,0.9651592551375422,0.9859710527864335,0.9873611891690673,0.984541635513145,0.9925399309785936,0.9900207732099219,0.9913914461710749,0.9868134763910166,0.983775624583058,0.9803738596733416,0.9718932897953404,0.9635465470215101,0.9394633501453727,0.9191102229633935,0.8869157438208755,0.850851605231251,0.8045000330487946,0.8093759372938487,0.7375259853151764,0.7068837263191642,0.6635852609336124,0.6189636853688809,0.7172044004494216,0.8128466934219422,0.7479106367119593,0.8820255848640802,0.9100539639115187,0.9110697320065453,
pre_model_seis1_20250809165448_71.dat---0.8958605937297015,0.8960938986104273,0.878301567373311,0.7986865092225334,0.8526788074786525,0.8198285386160534,0.8307298874700255,0.7825579975977991,0.7550576238153058,0.6751271564999016,0.7294037184049672,0.7219236304274895,0.8117910077244083,0.9019594329715127,0.8790679220837043,0.8868284445365661,0.9706864890088808,0.9134103010089503,0.9137726302133439,0.91618447066326,0.870484868217194,0.7996228258980668,0.8014809952964486,0.7758200857606656,0.7790125567304358,0.8452463444273735,0.8741734888030265,0.8239355879432456,0.8589662676546164,0.8545924924872482,0.8253030069303807,0.7874414780174978,0.8147458153380117,0.7884299473797244,0.7863730552513636,0.736691438752572,0.7117708240639606,0.706124493574231,0.679631890518144,0.5649428517624877,0.5132872934709106,0.8055616642862048,
pre_model_seis1_20250809165448_52.dat---0.7711494413281922,0.8508265142287456,0.8719219113514061,0.8290410843225039,0.7457476201534465,0.8577968923943227,0.876528697946695,0.7801589150657161,0.8801844667040775,0.9420005095312465,0.9633775701837459,0.9683171830915728,0.9322218491446035,0.9040966773362805,0.8899948565514879,0.927613917856516,0.89210880397356,0.873613296711444,0.884697098519438,0.8701848983640915,0.763378149518165,0.7692303591186925,0.7630173011755826,0.8491711758443796,0.8619520498412827,0.8431920409245558,0.8979609307830034,0.8622285218099722,0.8450176821637433,0.8266520226275513,0.7424700321035884,0.7326699076785151,0.6906120707207011,0.6147953100035279,0.6239965051672844,0.7498000332594398,0.7987800163349725,0.8219207632707819,0.8426309118194006,0.8132068177321409,0.8930693573256402,0.8321301015605371,
pre_model_seis1_20250809165442_541.dat---0.870319516472795,0.5862322445513319,0.7029035312213455,0.5999125274687723,0.6929515025014713,0.43098401767875705,0.42217164492256976,0.2958609770792269,0.36271586280645346,0.41460029250870256,0.5754415724453865,0.7099484078735133,0.8201370013462921,0.9054846827065038,0.9608071705693549,0.9747688603515234,0.9516061834193017,0.9118538162465215,0.8637463591774918,0.8258688265580797,0.8227429621218509,0.8174575888847324,0.739655435694588,0.7093090709872548,0.6558685011622051,0.5753902114643147,0.6375289846989537,0.6841939340825747,0.5933705935350121,0.6909615567783692,0.7748210325720634,0.7459434942882247,0.8150998853932793,0.783970345964206,0.8159282872310542,0.8413569547543102,0.7817791101866098,0.6644421983653594,0.626465032681391,0.7588264351251004,0.675369451128959,0.7094828308538003,
pre_model_seis1_20250809165442_559.dat---0.9054702305910796,0.8723936837997144,0.8976089311513621,0.8899743655747496,0.836466031209881,0.8420024318095307,0.7222045052951322,0.827984745002832,0.7897820103472533,0.8093419107550394,0.7200623864809123,0.8069430173357903,0.748027910997177,0.7429505739896359,0.7705037231553626,0.7829519207124417,0.8054410346743963,0.8715334457235607,0.7881636894692448,0.7877231291669524,0.7157802783171313,0.6807331474548266,0.7150001123528925,0.6499270485090793,0.6837232496711674,0.8886604163520849,0.9051031664184979,0.9016717505633448,0.7449599563835089,0.7226252315031191,0.7303588329414746,0.6575810644828589,0.7417667915094752,0.7955587518432635,0.8164770006783233,0.7104282251997466,0.5557306290189136,0.5348280157240254,0.3503919510989724,0.3051000471736988,0.2646208948028248,0.7387452741278361,
pre_model_seis1_20250809165454_858.dat---0.9196392077860337,0.8424217703581433,0.9182340202021431,0.90133314554343,0.8524864548090398,0.8686131973232566,0.8648536329297057,0.7870419857219614,0.8363120652181995,0.8054324537061612,0.6826603425295191,0.8036958995128349,0.9690767599336241,0.978855805870518,0.9539069558609198,0.9363772372232653,0.9890217964825293,0.9884855607378915,0.952524123467129,0.8191773300267992,0.7481800237052314,0.5924325374677051,0.7251749909036224,0.7234637308922635,0.7313652503998955,0.773031463398278,0.8033460249813399,0.776065291425232,0.7726520500643081,0.8126444286117015,0.8017008110730881,0.7952738347732722,0.7952420269303649,0.7725008400258946,0.7674126183670633,0.7758646354228496,0.7573335394881985,0.7408748658442132,0.6609770772864186,0.6891773215809314,0.709283267020737,0.8144913749977004,
pre_model_seis1_20250809165442_542.dat---0.8769626136249759,0.7910235767974265,0.8101024295698458,0.7853309623723879,0.8430677943951871,0.7403356232630156,0.7798937149127106,0.7744674432158711,0.738003063508252,0.693822993098455,0.7763188701714161,0.8535946483174831,0.903607876986379,0.901344176043914,0.8684839182531129,0.8434765820062767,0.8242264373441378,0.8179051029143581,0.7959233899912314,0.8371399557721884,0.8288421351103565,0.9580317614038777,0.8750296655323627,0.7493873737432788,0.7670895558825981,0.7515687399289943,0.697021987207355,0.6955322224991306,0.6951696379338617,0.5941149955747111,0.7670229673837,0.811454304736926,0.7641080730245665,0.8693151847043873,0.724007520752403,0.8051041786640096,0.7081594737261218,0.7651776197911001,0.687431274420292,0.6994207482749935,0.7285890007426028,0.7852831608194207,
pre_model_seis1_20250809165454_268.dat---0.965660894404352,0.9678816599029947,0.9443919471410204,0.950786395545051,0.9212880309995501,0.9102578743254102,0.8875976583220054,0.8851464447456405,0.8564799278456041,0.9114126613982565,0.9335686348273199,0.92381073704113,0.8778380594449575,0.8545611874297157,0.7910158887378947,0.8227199206465409,0.781580008940835,0.8763494331009773,0.8853144494442292,0.8351165027457588,0.8141065132708871,0.7879436482290787,0.7735203693045677,0.7545208524625701,0.6907104821802333,0.735942676293268,0.7174888163887025,0.7685178735936697,0.7884768688435899,0.8814935312986888,0.8982416098388936,0.9204089091769446,0.9265961073282738,0.9255949455162159,0.892255991443782,0.8549439443038452,0.7538082101195024,0.6730244777159659,0.6383905448389052,0.6259160936250514,0.6457534912853716,0.8353764457084694,
pre_model_seis1_20250809165454_883.dat---0.8997571142181874,0.9104863731944731,0.9274045888708685,0.9362051682913686,0.9201174585651105,0.9114360093471331,0.8891557596633278,0.8574254199580241,0.8243261854356413,0.8175154521453697,0.7672682335127009,0.6349460413234717,0.6747490758610537,0.6057923496075246,0.869115220909095,0.9463137696275057,0.9795621949952248,0.982826517119773,0.9875791478276903,0.9862026527516654,0.9826400576023461,0.9847351001444442,0.9653502672524311,0.951227485862421,0.9355673913718562,0.8996747344999408,0.9282188920404201,0.8839335294526404,0.9246341368520213,0.8870655810677359,0.9102544573162741,0.9117221618031435,0.8239922879853459,0.77028572834689,0.7056177365932748,0.6216559793509397,0.6215787164269191,0.4806170622290216,0.48175397359623456,0.4324219472174707,0.41755559276483273,0.8255777451951662,
pre_model_seis1_20250809165448_492.dat---0.8661489625523024,0.9278674993546947,0.9262167711766958,0.9356931640567584,0.9262300257326854,0.9203845767805496,0.9250008214907267,0.7701274472206396,0.8121855667496556,0.8147247091091238,0.5774458507359922,0.5530600520521255,0.6435336349765594,0.6395504156150844,0.7435167661979505,0.8562632718190266,0.872410816383954,0.873877229607129,0.8659431060682182,0.8477727009204502,0.8374212590800248,0.782220782223479,0.7440924175349592,0.7553822519416459,0.7163927873940651,0.6206825623736617,0.607072485656352,0.5420154509895612,0.5620548066171422,0.503538407339393,0.5015893754784982,0.4949156367805937,0.4802641840527147,0.5373808548109179,0.6239879435433139,0.7554745368868241,0.8352258496727433,0.88031471051525,0.9192618086667129,0.9176825877908978,0.8756953743103169,0.7509907185916923,
pre_model_seis1_20250809165430_864.dat---0.8670412319047698,0.8728926093697632,0.9204646840228873,0.894773301421346,0.9251938945200189,0.9233372131049192,0.9066160113506573,0.8849217452830737,0.8459179954383289,0.8428470939347844,0.822215929352541,0.792286960580058,0.8555064350382496,0.9557121744951492,0.9669032816199025,0.9603348734176061,0.9734610437136747,0.976945037694294,0.9700304283553167,0.9629367250821333,0.9661537446146922,0.924301314410183,0.8847499377743525,0.7697870352352763,0.7264031332250956,0.7723485489605696,0.6371773939248954,0.6387097007569614,0.5890524313305929,0.569281760546838,0.6307101188185062,0.6959856004586689,0.7156050078141937,0.6679028106435547,0.6290797860054747,0.7659253201746171,0.639292481542732,0.7673650962974945,0.9361743727126862,0.959542789239418,0.9748308794033774,0.8287979983802354,
pre_model_seis2_20250809163921_438.dat---0.9559215637515969,0.9499549020269494,0.9534778259059259,0.9269327092424954,0.9447717118378804,0.9271235826249209,0.8692872657647058,0.9168062687927745,0.9340532985652815,0.9069107399101001,0.9128946594984418,0.9034585498630584,0.9384559090040209,0.9866230533684455,0.9695437442550502,0.8841877149747457,0.8798096869884722,0.92733536285998,0.9090487703799329,0.943389325523235,0.8986831628355364,0.8965868175087609,0.8429341890757057,0.8280615124595022,0.826306264603503,0.8337055114829446,0.765495985960057,0.7035317247918854,0.6865728118260824,0.6886010664582317,0.5919815704015069,0.5698016404586073,0.6238627693586488,0.6390595119042907,0.6701154892053438,0.7710260022263342,0.7880214913429877,0.7230111151475698,0.6973353932367384,0.5883295959919834,0.45805329669191475,0.8202698431245404,
pre_model_seis2_20250816100706_58.dat---0.8705623426035558,0.87701569255934,0.8089664936908108,0.791918416752791,0.7506412911748925,0.7411561856452858,0.7062575379470509,0.6682806641733465,0.5641572152252974,0.5172518838231719,0.6117103516284605,0.4571820278733775,0.5558514403189593,0.7549666447887935,0.858564516351761,0.8933836344012965,0.853926289902049,0.8618412922521366,0.8548602545344591,0.8882176403122979,0.8757853488435416,0.9214442740535536,0.9007916140162457,0.9036109657901435,0.857020450573486,0.7737330743424502,0.7199867257419773,0.6482892690103914,0.5753692977882222,0.5601805247183209,0.5056599540416042,0.5413797959490406,0.5036684612145889,0.491944104781972,0.45991991395681275,0.4159399803926424,0.33505100743659677,0.3887118834443262,0.3763670996855676,0.3558354124042523,0.39613973032260114,0.668135139133353,
pre_model_seis2_20250816100715_38.dat---0.824945323871535,0.8663092893466874,0.9307784560066601,0.9432214726224344,0.9291980668442275,0.9326392715814195,0.9088584270840472,0.9242128706874231,0.921759691233387,0.8969483037884142,0.8373091759777902,0.9112937737595664,0.955123478507282,0.9513260465807466,0.9606882911957135,0.970061605624963,0.976732939833929,0.9888111120595507,0.9818522636206712,0.9784016601172681,0.9728139358325357,0.962713235327578,0.9518976216036726,0.9429784970675391,0.9417970445505451,0.9076931697043611,0.8516800515338382,0.9015141629650338,0.8824352730379734,0.8842191015815134,0.8820257742555547,0.9142194395565653,0.8971647007351796,0.8535384556992472,0.8497938119380614,0.8296565814951604,0.8892698598589519,0.9073898723295206,0.8701185671425944,0.9409129992610149,0.9032010927245032,0.9153049943547477,
pre_model_seis2_20250809163930_748.dat---0.9615858209853803,0.9499379087963037,0.9329095690579303,0.9303830475812993,0.9294005812412504,0.8818942261590672,0.7976347280165046,0.8317689867618684,0.7350660360803681,0.8307736680514701,0.7887194889938922,0.7958025077511591,0.8556802165932884,0.8157123902857868,0.9835494007983121,0.9801780547377172,0.9904959585322126,0.9723806717794446,0.9705689469232432,0.9542419679485685,0.916053710844637,0.8680014702604618,0.7203675316951371,0.8074238075289237,0.7753686354672136,0.8005149874137195,0.8206470833767892,0.8552131086868394,0.8731137105897164,0.8668381814595303,0.8997812462192322,0.9173062786871158,0.8392303442496283,0.7830562487434337,0.7452967883144137,0.6541747917939762,0.5874952270069641,0.5049876222914751,0.5012274849069516,0.5522418439570409,0.5605464266464552,0.8228675782247491,
pre_model_seis1_20250809165445_860.dat---0.7131226585675434,0.8416617299590227,0.7338351317528898,0.7487260647055105,0.8528449208959901,0.6963201184721816,0.823212640122861,0.7368377609070595,0.7867754954892657,0.822699731331773,0.8104187511129807,0.7587361272040584,0.9579837971014009,0.9832193490391595,0.9914954792476576,0.9877797385174719,0.9558323406398034,0.9757881409687217,0.9846082125016135,0.9801953884600126,0.9456221258596792,0.8231398440556917,0.8705725204211072,0.871329551138297,0.8537892277245811,0.84718931170215,0.8907401044534135,0.9017691698437431,0.8998976665317139,0.9009673598403622,0.8883143556114681,0.8887230866513435,0.8738094810575531,0.8589748824152664,0.7920435030245805,0.7939327435013875,0.6802999269735981,0.7149516591027018,0.7307099789059464,0.7091866098973464,0.7503928001605298,0.8445963289236447,
pre_model_seis2_20250809163912_235.dat---0.8060038112940875,0.883233415689163,0.9079311933831722,0.8717856235761565,0.7895646933120705,0.834738761998494,0.7852742986307962,0.7522933217431328,0.7761705913731941,0.7113918840513732,0.7288292238847291,0.6237036805039533,0.6700215325591296,0.7269582283663093,0.8261847300401978,0.9087917360179071,0.9101833640717106,0.888666215588981,0.9126306643860508,0.8593956888310957,0.7964641747356388,0.6769950892579967,0.7793483836181176,0.759342019958412,0.7116529547310623,0.570076452681555,0.5551684870845176,0.5011477837656167,0.3923640771492644,0.3127584894549056,0.25879577856378916,0.265679822857053,0.19799679533897477,0.1575102931817634,0.15054962919638945,0.09127918807342975,0.12232343818907752,0.09380276582502452,0.19371025223316987,0.2546377411579909,0.18811146226595213,0.5903284814297903,
pre_model_seis1_20250809165430_514.dat---0.34008545957372927,0.6880953649191935,0.7750654027467554,0.629485480035308,0.73802228074378,0.6767117117324303,0.8183316709092032,0.763257732579385,0.9044916166652013,0.9139414409077062,0.9259545297993658,0.9590611004199722,0.9601333533954794,0.9514458782693848,0.8989972516383911,0.8141262521628513,0.7808128758000038,0.8854295864355344,0.9095832816949426,0.8605651190134591,0.7888275162175642,0.8494766834016246,0.8420914514705239,0.837665025793265,0.664532609781745,0.6218868543410118,0.6963676202612363,0.6727566010805065,0.7544099278618782,0.8269074155517572,0.8800456651393167,0.9168420722677407,0.9254098711703551,0.8849607859626775,0.8500566183676697,0.7962620647279397,0.6719617114941855,0.5542831311838091,0.4411677275532767,0.45366989233924415,0.46481499428719597,0.7704388690169903,
pre_model_seis2_20250809163921_552.dat---0.9542898082137552,0.9043859241083193,0.9078510368679187,0.9461239938108423,0.9231611260660247,0.8601483423224311,0.8493072657313145,0.7999884755031047,0.7740616444265666,0.6887533351561159,0.7103106176994145,0.7468172015681674,0.7057003099970685,0.8626360674191786,0.8875304335532522,0.9630380136627942,0.9873079847664826,0.9832256139825509,0.9685336901060004,0.9831952710373472,0.9705950536649608,0.9163420345861232,0.9385221290986243,0.8794699917911551,0.830296953168562,0.8091553134719734,0.6995264322803875,0.6633386370563491,0.6522410469801737,0.5985181838373483,0.47080600228693376,0.6114384214509369,0.6901619862918978,0.833875994634449,0.7859188194696222,0.8049626148048504,0.7681853622572047,0.7444227425217438,0.7201558639501913,0.7240986894848431,0.6104559061357929,0.8080208374444577,
pre_model_seis2_20250809163930_299.dat---0.953710788521737,0.9576230470514355,0.9615630366422309,0.9641551852512086,0.9509764532467674,0.9385772264886421,0.9079969967605858,0.9124401052309725,0.8410060272024634,0.8397719425090167,0.8077554336784852,0.7662533592763662,0.7788522733362521,0.7382682765345396,0.7394212867861684,0.720520548053436,0.8265456626410183,0.8548219739965912,0.8318334841729103,0.8409707137892498,0.8642190929593996,0.877864476372908,0.8658952073730619,0.8140972702009728,0.6866421271362082,0.5704155182651,0.551883527377815,0.4965282158346007,0.5561396135921401,0.5599698869756558,0.597565412088213,0.6335531635240188,0.6622327924757132,0.7550487846324859,0.737038354813362,0.7288932056648637,0.679406040589009,0.6501140215306593,0.6068482189079364,0.6142681519079363,0.5836067006178907,0.7615925269270737,
pre_model_seis2_20250809163933_267.dat---0.9132198104459925,0.8590657035125723,0.9312990205005861,0.9314273590600842,0.9256671556900591,0.9039593220971555,0.8832391788454347,0.9300518477716103,0.9119666955016837,0.944718168337753,0.9456110274221096,0.977686405802561,0.9784896176408191,0.9645980437092305,0.9428725949073634,0.9676116488442551,0.9605485823533348,0.9642977070350665,0.9460666982669259,0.95453169082972,0.9654223175705935,0.9753168574031721,0.9744153348210606,0.9253611024985131,0.904006854287386,0.900246096770632,0.890836605458141,0.8507437899788458,0.8439921721537058,0.7875594095793108,0.7433141485961532,0.6960669129317787,0.7655162945447556,0.867746111232818,0.8633779015776007,0.9276209979344038,0.9673387962949141,0.9664950098839913,0.9526271942237146,0.9472707667203087,0.9337974648686677,0.9118536687293849,
pre_model_seis2_20250816100718_75.dat---0.9337371808479638,0.889158911537938,0.9563702493058491,0.9582959676697121,0.9589791124323807,0.9586794633451932,0.9483680342127863,0.9423214409022249,0.9429736098396416,0.9259895497361247,0.9378202052773023,0.9356888485706851,0.937642419775861,0.9370036683023254,0.9318287713789744,0.9584154359138416,0.9850582489430353,0.9873185587375536,0.9648228754228192,0.953884694002296,0.9353688074839844,0.907249263381565,0.8690557091206337,0.8013590212790108,0.7358059929429582,0.7751454090933851,0.7101168436564391,0.5999563701166208,0.6889593403466102,0.5903635365359126,0.5597595194363428,0.6383775682727743,0.5395421415285737,0.4814021142871843,0.4537272769823318,0.31549317553907585,0.17831116494862934,0.2077192378190454,0.199588850683916,0.17111739040384844,0.15244993310744862,0.7428103881248975,
pre_model_seis1_20250809165439_597.dat---0.6645442370982966,0.642618358313751,0.6312473601435469,0.7108477792980985,0.8203285348360145,0.7139167978879645,0.8635981152077606,0.892277950219558,0.8940509722924096,0.9183200499868953,0.9151852559796377,0.922245918688842,0.9540910057962209,0.9574378183076241,0.9346418069919826,0.945354583531579,0.9614252286578692,0.8896943660586079,0.9260628004629272,0.901100721603288,0.9309699257451198,0.9301716503313293,0.8897708253524202,0.7874012044427517,0.8122737350404697,0.8788633444662238,0.9048915379175391,0.9312128663962391,0.9126316502828803,0.9094028518746802,0.9193440588854568,0.8567435789610117,0.8461022737163479,0.8202846155060068,0.8132092881191503,0.761174495450925,0.755122871592439,0.686545297394449,0.6558023278999633,0.5941207845702035,0.5636082657670975,0.8346009051481849,
pre_model_seis1_20250809165448_417.dat---0.9312024362255835,0.9165468153738336,0.8370739627764529,0.878033371266985,0.8938791339047091,0.860453199993377,0.7606486839806952,0.8259266590344647,0.837350821926216,0.7566140319351501,0.8164079421487114,0.8595758111508831,0.7902422228065088,0.8921179823668658,0.7650360783461216,0.8301488568976076,0.87065796005841,0.8970059811101154,0.7408421311278739,0.7875901336153993,0.8400103178602216,0.8024955230910898,0.8377035980597154,0.9161048356982776,0.9361237989621235,0.8402422042340016,0.844444978324679,0.7921098889066239,0.7871422723457542,0.7375717563097074,0.6931065755463526,0.6905462824962217,0.5928215768496359,0.5380280695976837,0.47149579812410275,0.4903357535361489,0.4101394740457011,0.4395733461813206,0.619964431683293,0.6549416953501138,0.6630597430548664,0.7645199057635023,
pre_model_seis2_20250809163921_342.dat---0.7852021455395883,0.7938596462041493,0.7181282317315664,0.8556842731405311,0.8134270331043824,0.7988959788851041,0.6694587481337333,0.7050883807339585,0.6830549600814045,0.6281096888801863,0.6803429082393283,0.6819949263438336,0.828477815360161,0.8983759242870306,0.7405080807239712,0.7905521144241274,0.8849399449045531,0.8492384892330389,0.6553501020479652,0.5485899707438208,0.5763411890408036,0.570544113035938,0.6798989542248284,0.6997289605941854,0.7577492499487771,0.7691843279848871,0.7632257444723946,0.7331371139990008,0.720619559286751,0.7215614119321273,0.8057337087935381,0.6976415122391171,0.8237892908608233,0.8406759210850374,0.7895047322633076,0.8204906686896268,0.7359205088010186,0.7147128734952539,0.7066707004420123,0.6727283215183036,0.5916057084529139,0.7366035105830019,
pre_model_seis2_20250809163933_858.dat---0.7915591344299064,0.7906326586269155,0.893213320955497,0.8880655195310263,0.8700964415508146,0.915914174671515,0.9052641663585386,0.8957246722610961,0.9074810805318831,0.93961117937953,0.9676452913107735,0.9745337326503498,0.9598740146708843,0.9536869966165044,0.9453731069341492,0.9659781561490203,0.8977139926876164,0.8881509602985985,0.9111828743997659,0.9317990015355665,0.9310387942507867,0.9223388864246844,0.9102795724384628,0.896302752315996,0.8788894246901797,0.8366903273465824,0.8228914152977745,0.7924331601780245,0.7469401438116949,0.7179772082907078,0.6332382377012625,0.5708239445963855,0.574213706736668,0.6191560817758599,0.6376960440630074,0.5976656810960612,0.7324357347749056,0.7464894204245454,0.8032587548111031,0.783187191081791,0.8509498397041879,0.834107238960015,
pre_model_seis1_20250809165442_212.dat---0.8682318107612332,0.767002239191814,0.8236121973601247,0.7785881586633958,0.6369603409012735,0.7640157986419521,0.7340910479214946,0.6894313364206193,0.742561231144612,0.678924311148676,0.6308382089093054,0.6566389874847925,0.8469561470507189,0.7608873908036956,0.9131953895919291,0.9446838713478632,0.9337029263240626,0.9444555611758605,0.8607754014426136,0.8074301898751015,0.8256471006205574,0.8687958752394567,0.8239675036067675,0.7782371508775561,0.7818220782410523,0.8262194331517583,0.7950620194727461,0.8318994925083812,0.8496077984553625,0.8269317547083577,0.816744995151344,0.8362367443658035,0.8575980986574111,0.8591955310509379,0.8205697375681961,0.8055928505706659,0.7701397824515088,0.6965060595860771,0.7536485856532189,0.8006248641870436,0.8036549648252272,0.8002849991978187,
pre_model_seis1_20250809165433_737.dat---0.9401501643221848,0.9179752088620908,0.9478263609896572,0.9574372599627974,0.938597706402027,0.9432550769001503,0.9395990689461984,0.9056839478607119,0.81721581362179,0.7070500459959673,0.5513774949819026,0.7405957430144061,0.7717198954720902,0.9195455312783752,0.8794753349843836,0.8700780242110637,0.8830654535247454,0.9103674465150134,0.9091849366958479,0.8918515733616011,0.9028296517462895,0.859541450154924,0.8155431713968078,0.7211085172864106,0.6734305033510388,0.6009201642090453,0.440203525983866,0.45116511349744903,0.38178656573825365,0.4572809795142191,0.37647474349939325,0.340703311539802,0.48358264927971956,0.5479548198280062,0.5233961273122371,0.5712554321755658,0.5716505435135206,0.5446217483346342,0.5432464357857599,0.5445311192091443,0.5313460778493326,0.712795725344108,
pre_model_seis2_20250809163930_351.dat---0.9478107827973888,0.950876699029157,0.9373016506146552,0.889202426142817,0.8663641222411783,0.8325771053826244,0.8107590168967577,0.7869367217028682,0.7238593235961844,0.6465249773063618,0.641462911080362,0.8831803072761057,0.9421034699335374,0.9387146869470222,0.9340162369858414,0.9400418080424939,0.9758264676502811,0.9759035761258263,0.9500646083073048,0.9063945556729756,0.8371169685991292,0.6645447388920163,0.6213536332423142,0.5925546662906686,0.5476670545364662,0.5956857492573706,0.44523492668348696,0.49970571785805107,0.5148893543606008,0.5239907372975187,0.540420431217597,0.5574772817563819,0.5275277239256407,0.5279079618068888,0.6121097073310939,0.6354891507285944,0.6276632703388749,0.7486638479981051,0.7751113880169442,0.8636367354552792,0.8797347214290454,0.7467904200183858,
pre_model_seis2_20250809163924_695.dat---0.9266187843019278,0.9571462222987618,0.9592499465806601,0.9612840191546386,0.9489283334151375,0.9148555456939067,0.9032447499633658,0.8740034549682799,0.8991139992618877,0.8557498131000038,0.8811688500681413,0.9144422545546016,0.9587998790395688,0.9678574957176059,0.9727208734516686,0.9804150313932575,0.959210146531742,0.9851329450581433,0.9843277073896449,0.951182179959912,0.9554125037279222,0.9495232831787174,0.9384113213205544,0.8760903060832149,0.8034087216079142,0.7928822526525918,0.7499351350947363,0.7444255009402542,0.7175966625942153,0.6632172753959779,0.6877194003951489,0.7578987767603345,0.7931724046225984,0.7925377607297592,0.7868848794198492,0.8483718831347605,0.8406338221082531,0.8732895120739708,0.8754127444657558,0.8764093968147412,0.8611674035397123,0.8765817848430206,
pre_model_seis2_20250809163927_678.dat---0.9053149798026124,0.7180739495594515,0.8779736598255967,0.8258313537246071,0.6991290048881525,0.7854743062213497,0.8119819948887059,0.7591843520626373,0.679936314255345,0.7403846616215761,0.7571830618221336,0.7210331011675077,0.7781590586792845,0.7642309723869896,0.7766774602388399,0.6329397415686239,0.5848300000499674,0.8799669287562054,0.8572368643783679,0.8040933661458814,0.8023783944815733,0.7565575184387443,0.8287730284637984,0.8531932034029528,0.8412768581107204,0.678789899183289,0.5952182093558663,0.619614022992833,0.547135692219016,0.5569480749149635,0.48065316245520856,0.5175287134170801,0.5074405906471927,0.5800987557087864,0.6076301808448946,0.6135434754250779,0.6296067597454789,0.666579466125239,0.6900587276546664,0.7322199658540829,0.7734267633306258,0.7131294291418518,
pre_model_seis2_20250809163921_644.dat---0.7986060975025296,0.7863137856462481,0.8732789015956365,0.7077058334293302,0.8036197826184018,0.8268519806420124,0.824302153809826,0.8327199781312364,0.8597199885201966,0.8916900125027559,0.8938151746291411,0.9139724933809261,0.8669992343336683,0.8457235902540623,0.8312282319467474,0.9157655424075344,0.8690429333913345,0.7511073173949605,0.8177898944381281,0.792853305538392,0.7423139623035945,0.7131065992849559,0.6846031467074264,0.6610840333699392,0.7182094906087295,0.7213379926392842,0.6173438966600228,0.5455453819605415,0.5257924720664664,0.5112040878666405,0.5300437279116226,0.4969574963476668,0.5441821682800143,0.5567507419011539,0.5023968041311431,0.5716960869984425,0.6055756855458522,0.48689803581515556,0.586411254152944,0.7259219158717387,0.6660171608399129,0.7174755700823493,
pre_model_seis1_20250809165448_262.dat---0.905344057224904,0.7928132943177508,0.8846547011991844,0.8841985101764374,0.7787749972552336,0.7919697651359191,0.7445642646041021,0.7232675952104457,0.5953885645354058,0.5500593415297615,0.43776732070675484,0.5902614947709938,0.6707942374469376,0.78087071623033,0.9593673681983407,0.9820167301910193,0.9573237859250112,0.9847240978843826,0.9865956622394918,0.9686415142146542,0.9233504043827914,0.9116111663465809,0.8640584704207445,0.7670660751822387,0.6936028302919055,0.7245840574775751,0.6557075309774275,0.6914901194985975,0.6673824326972679,0.6384471097446945,0.5413914820825029,0.5151720205132033,0.39453208576608595,0.3715276155383055,0.31602920764381326,0.3434887997408632,0.24453115313330318,0.21411262670188627,0.2681977080253024,0.26916785312113584,0.23725280570088675,0.6639536969264431,
pre_model_seis1_20250809165430_691.dat---0.9546163201170812,0.9561548703116504,0.9184961256996949,0.8904249200754001,0.8296814255242215,0.8098961610232086,0.7316122811515924,0.8277578333065455,0.84682276202009,0.8783403988313058,0.8844553994582333,0.915675953824525,0.867205828719362,0.8937750290189078,0.9049876769637799,0.9213431641732786,0.8765134517249696,0.9117120660337159,0.9702500016893794,0.9420126170017759,0.8111860486940651,0.8193326981830622,0.7819479131106178,0.8594471292072045,0.7843392215855164,0.8122899723796227,0.8959111861195613,0.9123821260767412,0.858423612118212,0.8643129687870018,0.7657567186373123,0.823379044891623,0.7134053646419389,0.6246304332056831,0.6615319735279589,0.7487226858737563,0.7778461161634429,0.7644711419522229,0.8123969977661151,0.8329858294258873,0.877153962532349,0.8422826202816734,
pre_model_seis2_20250809163933_51.dat---0.8139021523929532,0.5006369968635248,0.7904195741523716,0.6639733152582132,0.8193949130225882,0.7884335635848875,0.7073387469289093,0.8062359843017657,0.815541795722158,0.755672592339989,0.803791244095726,0.7696140621713946,0.6949259426970779,0.7794098288792424,0.7675047433752056,0.761471210160939,0.8741337680778407,0.8250687087753603,0.8101419472965322,0.8285606098528282,0.8057417984077688,0.8018048998933602,0.782716203383595,0.7451920215369351,0.6884563818137269,0.7615018774708068,0.6939443717175572,0.6394076419023819,0.6353294235215299,0.5146556785868827,0.492469902868494,0.4968149672873623,0.5077028829052938,0.5507820323560328,0.5715471186482608,0.6066225703724358,0.6660899046437835,0.7510372301466169,0.8141177454362308,0.7957513103813075,0.8428801316695114,0.7205057998755946,
pre_model_seis2_20250809163927_790.dat---0.9110176451840575,0.8733211444532836,0.785683946979425,0.796850248268975,0.7226941832768213,0.6545790413706489,0.6212898262921843,0.6453377929605487,0.6333679043259045,0.706374524495979,0.7270959685420627,0.7308049088237467,0.7626334142961756,0.7502635847505662,0.6984653439218641,0.6883627194740026,0.643457104852072,0.7631683584596561,0.9109194245700787,0.9282709429361109,0.8570966551451292,0.8198348764338825,0.8699556379934521,0.9237885221810332,0.9524165353025053,0.9232256045283663,0.8399487141955951,0.6716888918216121,0.6773515650757341,0.6641254392304201,0.6096973194935008,0.800716711662343,0.7548701528047064,0.8280452744163018,0.6847802359868841,0.5699900710031934,0.46662188494443024,0.44048919178489443,0.3154893333055683,0.24490978534827815,0.22874621779342066,0.7097011377728151,
pre_model_seis2_20250809163915_501.dat---0.6832297258156749,0.6742432114390979,0.7804688824066075,0.8086593458621898,0.8196236760474935,0.826070535776022,0.8879034120744058,0.8417891312733176,0.8825225834130657,0.8903325403578211,0.9359141679203111,0.9424651711915192,0.9199129957762765,0.9071855610206198,0.9257472156938791,0.9763222999890767,0.9777198080240942,0.963786726267438,0.9556518659694156,0.9659368985841599,0.9125667131622646,0.9089335501786683,0.8799482756479486,0.8777501142891432,0.8523522914550916,0.8435594407196164,0.7363686358285788,0.758138903934632,0.7722212032849339,0.7329771379878665,0.6707651568212802,0.5938552705434187,0.402207797449733,0.4071524049907208,0.40497982317966236,0.35510942741938895,0.3062597474396086,0.26015768084616786,0.2761816671038962,0.1557597467395131,0.08837704541441585,0.7258806777887569,
pre_model_seis2_20250816100712_95.dat---0.942427862661597,0.9299024969269963,0.9027100018824307,0.9320935881178274,0.8953404575205465,0.8460983914889604,0.8586785065010587,0.8189141815026311,0.7909358736093959,0.7849047436894511,0.7767883705850166,0.7699928428473308,0.7148802794530912,0.8572635460502726,0.9422402861722865,0.9334684968437218,0.915137703985257,0.9122204811175008,0.9657054463650585,0.8550819471056106,0.7961147391719869,0.7185457696628766,0.6737430678359949,0.5965208612871753,0.5752631125687002,0.5885202649601916,0.6559203996217513,0.6123652468393915,0.6158542018643987,0.5710843543276812,0.6851421383581504,0.6854595683843749,0.7833495350465712,0.6513554632429542,0.6197068141451527,0.5707780976974571,0.5497304911965839,0.4872936077270615,0.5189525463952838,0.46668677438467615,0.5647182600786386,0.7398022151030023,
pre_model_seis2_20250809163930_173.dat---0.9211359654631056,0.8742639135467123,0.9084453369618145,0.9071075865193657,0.8774626777423076,0.9063715616029463,0.8631062367323645,0.8755546372579566,0.8341328692320061,0.7785234386877774,0.7043701485805016,0.6474742546692772,0.6928245079215146,0.8229914092699527,0.9012138120217696,0.9145158803807463,0.9230078392637764,0.9126907748949055,0.8931126336144319,0.8733514697820506,0.8838278114135248,0.8681965018640366,0.7647289968309903,0.6893061216455024,0.6570795239630561,0.602593765263007,0.5778869188238528,0.5369453258421093,0.5619720466984635,0.670929832990368,0.8615154859732801,0.8473013341898495,0.8830707924506095,0.9298492953624541,0.9584978537630644,0.9563236386248273,0.9481247820808688,0.8876915913920251,0.8997485404465864,0.880322221092971,0.8267001645487728,0.8225431585220853,
pre_model_seis1_20250809165430_893.dat---0.8951423724396637,0.8724301155086246,0.8817287153081832,0.8634227203575132,0.8869790977840308,0.8797666502667715,0.8851392968795442,0.9417571239649531,0.9451588770983913,0.9472604605306709,0.9539845452687772,0.95017956231476,0.8799718766904943,0.8822264620799707,0.9354166234540593,0.9817989889918819,0.9597714582592548,0.9158485935779169,0.8998786330065686,0.8682294482614915,0.909553425986713,0.8928059536566229,0.8693834824893387,0.8138340040034715,0.6167174438354087,0.6693237774124536,0.4749889772116043,0.5242838019672046,0.6511487445075712,0.6916988971439739,0.6805841706931888,0.8514059679246077,0.870426590623409,0.8883264054947813,0.9079013046584764,0.822788979799696,0.8210838024300681,0.7634363589084016,0.7268674586634449,0.6895285058475116,0.6396651471325769,0.8293132883520499,
pre_model_seis2_20250809163915_211.dat---0.9540173609477097,0.923473366333249,0.9478542066895987,0.9200969837375454,0.8150246874433327,0.7127528825174205,0.6619969138210842,0.49636339889077546,0.3342375035873499,0.3638251170596447,0.2645149996831774,0.41391264655285037,0.3028274999228396,0.5549507075942437,0.6225234798896939,0.8010119320386561,0.8030044504288563,0.8553325557672222,0.8712756706354303,0.8443916895638105,0.8764570077852653,0.7578620710333935,0.7731280777586179,0.6977959512996725,0.6911147847652985,0.6117324138607081,0.6439667144601114,0.6201466307601343,0.6068520042458542,0.588288722172247,0.5800024066673929,0.7104425416450596,0.7989507842635778,0.8383811288925156,0.8329968480872969,0.6975813937033462,0.639411836841369,0.5140086857940869,0.4792583176163075,0.5293392061885317,0.4672503668295841,0.6687403889701186,
pre_model_seis2_20250809163921_186.dat---0.915635545548928,0.9441600359845844,0.9654246493108393,0.9607855539180628,0.9500168268876686,0.9584609457527771,0.9588745717446249,0.9504819918977084,0.9564596356043584,0.9343197326009729,0.9394050506678278,0.9252558428621359,0.9265416942417906,0.932527991226382,0.9153064897928209,0.9191762785611014,0.8990370830941746,0.9394781688523542,0.920975884498067,0.9346746738930589,0.9648639089890653,0.9506329237723748,0.9574571393089566,0.9312198561015995,0.941094792949632,0.9014090489728385,0.858641350009864,0.8550089393697702,0.85252754151174,0.850176040855886,0.8600689366660856,0.8371998915050672,0.7904730758438105,0.7558553700596572,0.6976176906262739,0.6461055088906251,0.5407319325151807,0.5542584607036171,0.5956747457695984,0.6362174270282425,0.6065775334797407,0.8617270917529235,
pre_model_seis1_20250809165445_512.dat---0.9660639456585097,0.9568607215090844,0.9450210200311417,0.9090848607168,0.9144886437425522,0.8612612696223324,0.8299687047466284,0.8481809673358773,0.795281618576447,0.8110100439242244,0.8258467960594519,0.8277643999521831,0.8528567641220889,0.855551321019184,0.8306623947570233,0.8712640266786593,0.8835391344940979,0.8990329829042861,0.9220397647683993,0.6967975801374499,0.6943698807539528,0.6844657587276942,0.6777159943434502,0.5202634087917072,0.5795926515735896,0.5959578144855954,0.5855835328098384,0.5933889091155947,0.6306803605420462,0.7643620052456411,0.8550145468741653,0.9317097603705511,0.9102274844015841,0.8581706466106508,0.6176250249307077,0.5517003481836357,0.4546077759329303,0.3326422429821038,0.38262813383242816,0.40246969522982395,0.37595434183759546,0.7390660311788223,
pre_model_seis1_20250809165454_537.dat---0.9415194796034521,0.9353169534916645,0.9182695492436926,0.9138665147329604,0.8866933894592605,0.8631342468776778,0.8457398725976536,0.8695882060201024,0.8065937879619287,0.8352857582785032,0.8979367713776282,0.9544682495715838,0.9829903551006586,0.9766058926392281,0.9912086572468388,0.9926476074678637,0.981540713263159,0.9723938362871865,0.920222720610688,0.8932123424689231,0.8811147258823536,0.8857593153712068,0.808126769986838,0.750513749436654,0.7292647856432384,0.681429092142117,0.5490243142039946,0.549711856650185,0.5157891874330494,0.46161133304868585,0.4032527763154983,0.41041072408711055,0.5430386580491787,0.7370738179303057,0.8743543607521497,0.8929955018727317,0.9085921371862624,0.8321442347693649,0.7940497863727713,0.7596692600900605,0.6666241133375626,0.8052142781673653,
pre_model_seis1_20250809165448_521.dat---0.6383163575370231,0.9095936603560141,0.758322076625564,0.8034396226911507,0.8642876535326415,0.8202056155211748,0.8307794544897463,0.7995202822511664,0.8608652495476193,0.7952872051109509,0.8416989004621008,0.9114589933691586,0.9152045791925318,0.9809226509685692,0.9347717151321644,0.937374647648085,0.9658881522457823,0.9434729708103753,0.9024167571716749,0.8772348173285243,0.8094096466592678,0.7838270145663939,0.8272191026693902,0.699098846940733,0.71325280407245,0.6778050384363259,0.7441149627091257,0.7107617894356522,0.6386332071972947,0.6165756317735152,0.6066482106567915,0.5182430926554937,0.584463500435501,0.6160338810929478,0.55132242906329,0.5981778728212227,0.5835228774913161,0.5435576199376597,0.5219874377296684,0.42698347886300686,0.421131500528965,0.7435080806762931,
pre_model_seis1_20250809165442_574.dat---0.909420368312641,0.8184819909379532,0.9011973942728853,0.8685947750927304,0.9140521576010278,0.886589955437873,0.8849628333682353,0.8701593869740026,0.8419238034643189,0.8614712353254396,0.889911760373895,0.8876814853948977,0.8696934371117185,0.9319322253718328,0.9500140305424327,0.9385992264776625,0.9375979192827557,0.9585171927831011,0.9312029432038104,0.8546595130235612,0.8450112662046259,0.8202281977732331,0.953047501132422,0.9197058929165829,0.9213061209108954,0.8397441801762419,0.7593348039676515,0.7170483900957295,0.6456394732418432,0.6366679462124646,0.5931506491016253,0.5519775834515053,0.6756389626565158,0.8474570179792392,0.9295725057885573,0.9444974550755788,0.8906320613618393,0.8947888319392212,0.8530029859319247,0.8088322467992539,0.7690957601456122,0.846903499200374,
pre_model_seis1_20250809165457_519.dat---0.6332034727286411,0.8030396964076759,0.8226193908283237,0.7734227350704468,0.7295932342117452,0.5897968889975757,0.5654237331560833,0.6374398411300854,0.6718709184331546,0.5867768270430906,0.49535490785524355,0.6575019416342972,0.7276852950674548,0.9332620626714202,0.9326831017145509,0.9157071005113455,0.9512514777772434,0.9541925744843437,0.9241797111488855,0.8719449555422267,0.7942856285033206,0.7447007818450616,0.7840415501399938,0.7342833550148311,0.6614538492345243,0.6384127524480204,0.7645968692480977,0.7822016004242662,0.7957385399980461,0.8608750810912986,0.8819274282044535,0.931883404456649,0.8931124234361494,0.8247751934960963,0.8329322342957669,0.7770565053834376,0.6409764905170771,0.6054368114420783,0.6138600422682443,0.6376121830094704,0.6266185317415363,0.7561885639661524,
pre_model_seis1_20250809165454_820.dat---0.6834276404423872,0.8087123710142984,0.8272685371584207,0.7857895324375973,0.796515070609849,0.7567186678300991,0.7639350649463584,0.7839104558449277,0.6966563170080747,0.8610913447382827,0.8123429686352048,0.8201942002600722,0.8500859437586716,0.8726918343781738,0.9228963555950671,0.933058954975835,0.9329822588602484,0.9204239464220375,0.927474476527627,0.8635521984430287,0.8104657973900212,0.7620582459526901,0.7640761850636367,0.7311144793109936,0.712384351346506,0.629573865251533,0.6830711685730969,0.6968305400490745,0.6723294512189814,0.670235995300613,0.6887490031581552,0.5737970167240352,0.6878942318184569,0.7779811624093687,0.6904008969563727,0.8408980051460321,0.9073750952561083,0.9342651974295455,0.9267323036044628,0.9569803786412201,0.948743485341585,0.7972118291665548,
pre_model_seis1_20250809165436_117.dat---0.7538460014120558,0.5727631682260599,0.7287616618657908,0.6771371110414893,0.7100623445522873,0.5818854146313068,0.6409051951669011,0.6746794240948439,0.602301725442259,0.599272877295909,0.8082628282077123,0.7363660852690919,0.7561224301611675,0.8330747893893314,0.7929599503330356,0.8220377438558296,0.7377737472349087,0.7353506574653089,0.7791335497558953,0.9006926659326052,0.7892282185254637,0.5737334648202237,0.6863088661917971,0.6421789724656299,0.5670218980834598,0.6940491170308831,0.7314249427479944,0.6667683426924831,0.7483336558520466,0.7947274923237997,0.7950253584566003,0.8044463509187397,0.7760879892900115,0.7923347745938865,0.751912427655398,0.7401716929866186,0.7684201385735183,0.7736703654148487,0.7569553200363388,0.7254038862959896,0.621187333933044,0.722994633663965,
pre_model_seis1_20250809165454_230.dat---0.960038167501271,0.9320206049690648,0.9567377308644858,0.964927073141656,0.9596816416254901,0.9694965572614753,0.96064006664763,0.9622417589469892,0.9421953942844229,0.921626844803491,0.9148548445040089,0.9141650752564255,0.908190685758236,0.9161925976969492,0.9376591763931116,0.9599407076623491,0.9309544774837074,0.9109690217431666,0.8929586707672147,0.8677077855478365,0.8625312687392932,0.8241386050129383,0.9092399018413247,0.9240358443403346,0.8352012406846574,0.7790829838899234,0.8002848654377932,0.7858386858641206,0.8299839665955889,0.8127414709477596,0.8064423652080608,0.8310165008741397,0.799991236805609,0.8249445452061747,0.7599704599966806,0.7163613635761605,0.7184691441912292,0.6286195727181463,0.5172592712669415,0.46329899302213384,0.41303693196350205,0.8420899536839389,
pre_model_seis1_20250809165457_29.dat---0.9210068496766147,0.9319742868577908,0.935139626672933,0.883911578977033,0.8786533925273052,0.8840595863908942,0.8821279321871239,0.8940681070807318,0.9074685089951668,0.9370987456738196,0.9326191135429412,0.9455485711022984,0.9592282683395958,0.953518472362033,0.9425423220794624,0.8886673678881802,0.8928933060518783,0.8226982970725568,0.7788984341339009,0.7922964379770819,0.713551026385191,0.7384620021810812,0.6824723634616467,0.5619762289229551,0.5732372332147054,0.6470665019357092,0.6184535200332236,0.5213412510982495,0.4602286561284558,0.5049952958056666,0.5252217014819778,0.5279228682426594,0.3850395100398153,0.46657632743453265,0.3952156835989486,0.448225190488312,0.4810679564759946,0.44616680868237674,0.40441161330856495,0.4080855944166636,0.46259577598806795,0.7057739589003447,
pre_model_seis2_20250809163939_224.dat---0.9702459330169689,0.9591397613693263,0.9637374765768025,0.9302878033915603,0.960506492738928,0.9580415305292389,0.93874197684267,0.9521617574720448,0.9440810420363639,0.9072789731523082,0.9243394274007006,0.9350294195923544,0.9335004662638328,0.9234984223283684,0.9210314427199527,0.9508891612606054,0.9559626779787714,0.9496798906725034,0.896788943525923,0.8511830927396562,0.8296834747638282,0.8366171983394779,0.7702691306255867,0.7393913637744999,0.7901458821051657,0.8137487780773358,0.6201663004732231,0.628637144380098,0.5960538055289556,0.5062617089865206,0.48148006730756754,0.49646388927404955,0.5287020161303294,0.7014678412687085,0.7192052479042881,0.7588519307012079,0.6832333405240202,0.5724505784928854,0.4479628055535582,0.25286484518250546,0.17553227181580588,0.7725686661663048,
pre_model_seis2_20250809163930_675.dat---0.891064818209657,0.9299180032949181,0.9197449647084138,0.9315317083500156,0.9127340329006013,0.8721772131913431,0.8332698073318365,0.7730841921747984,0.7899995959638487,0.791413563651928,0.8479720023826208,0.9094079521735462,0.8891768456615526,0.8540894723643624,0.8213345606817762,0.7621726182671378,0.9540337291451666,0.9585572060844452,0.9114160644600862,0.8742681146801664,0.8660376300911072,0.8791701965818559,0.8419198371166453,0.8737984228583411,0.8871704617742538,0.7963623639390119,0.7889412007229687,0.7767640296305164,0.6502389398449772,0.6940416674645276,0.6791468837564838,0.5443670059705021,0.6450916780126802,0.7034621011324294,0.6333224214523658,0.7966005766436871,0.813163366470199,0.8889644344008057,0.864167219421803,0.855879437667652,0.8310122503703345,0.8228533802683263,
pre_model_seis2_20250809163918_136.dat---0.9389726448657502,0.9051800495114379,0.8644549954987937,0.9049027401101534,0.85111201393555,0.860231178310427,0.8479907336253221,0.8722908693562735,0.8274361254964306,0.8001573677960101,0.8628747140823688,0.8760305392441722,0.9152460982472681,0.9350809160106911,0.8979709409171983,0.9549781273371367,0.911502044834338,0.8685592393607038,0.8577781506670722,0.9412687736218737,0.9116171583925674,0.8778134427337493,0.8637689302601554,0.8764999158241242,0.8860596255028405,0.8769309973525019,0.82172424285186,0.7911909300415971,0.7944984677803373,0.787073599602363,0.7709760619520721,0.7247375170576742,0.5972143079558592,0.7150125576934292,0.5878192789881264,0.8091100401648855,0.9404344989788074,0.9640857905119713,0.9583983401522477,0.915431193011967,0.9116428761113216,0.8555136106280351,
pre_model_seis1_20250809165433_94.dat---0.6368091439333907,0.7177657312180471,0.8444617024566032,0.8031860536837835,0.7937004892548559,0.7723207682915688,0.7188560324942337,0.6892386119960701,0.7937847574566114,0.6991197870993245,0.624982415707248,0.7578181455702712,0.8283543294573732,0.8115668157405275,0.7605702661265072,0.9756908925375574,0.9964524037391082,0.9393273362375241,0.7859552549233197,0.7911320567280347,0.7404670708573743,0.7362019203986092,0.7603218090269279,0.7905828781223306,0.7671907106842649,0.7587180178388955,0.7284662459101214,0.6563813054280068,0.6640343761972651,0.7125337186847004,0.7266420962637948,0.6750961927353226,0.6816420272881455,0.6988980906670128,0.6780408694156553,0.6731619110769514,0.6125136462268364,0.5536760834589345,0.4672795457098812,0.42920457057702843,0.36699308546567955,0.7224180284557485,
pre_model_seis1_20250809165454_297.dat---0.9314007520496147,0.9642383234963846,0.9518320801362629,0.9608286080418671,0.9585257265957084,0.9559098430376709,0.946678377736829,0.9497805795440413,0.9510385375459007,0.9451025177000246,0.9195418684359234,0.8978611271150923,0.8621907630263485,0.9221984941407443,0.9392880678801052,0.9092629849326463,0.8497577475310802,0.7606255117201851,0.6700810858635202,0.7414781604312264,0.6581551346612955,0.6323110609754854,0.44200193464624865,0.6012192342883959,0.517663576718213,0.5532385669337979,0.6746886769106512,0.7194323721258882,0.7242226286309823,0.7590305319057301,0.7204411122459213,0.7024658605110392,0.6968280879542501,0.6831226644412798,0.6521104075736139,0.6252426938592411,0.6145223321385341,0.5916458875288559,0.678762896510775,0.7294094321868412,0.7312325764530783,0.7730577762478364,
pre_model_seis1_20250809165433_882.dat---0.9278272585996985,0.9224346950100022,0.8721498349012343,0.8931207385813591,0.9284769423191673,0.8854803310037819,0.9076768921436423,0.8811286570183796,0.8921698828491672,0.8702077155446251,0.8764695308567224,0.830179288927374,0.6587593612011429,0.7863828379776201,0.7987180084289563,0.88458768348286,0.92427937985479,0.909089919745568,0.8892995288084139,0.8295122436213602,0.7976586150966796,0.7220251404499702,0.7221495315366139,0.7918819890649704,0.7407660004609653,0.7567869264308196,0.7596742117868063,0.7667260497724588,0.7680907210358249,0.7760125566261943,0.7794853196231548,0.7693866005343297,0.6236830908646913,0.4506727038488013,0.36590238813458803,0.35548691939558646,0.193078119552283,0.18533329146612695,0.16526293532911204,0.20486027687533823,0.19234491848898344,0.7135419277378089,
pre_model_seis1_20250809165442_767.dat---0.9451229683920734,0.962055263113279,0.9546326128814733,0.9553806266759604,0.9709746352062558,0.9685403798724876,0.9577864686516069,0.9106151172536974,0.90423706562842,0.8771660974630421,0.8696612711917043,0.8612522265138451,0.8926038530097352,0.9356344659668125,0.9364788404335196,0.9419083614048652,0.9776335325585416,0.9764045019684102,0.9418262653189344,0.8219800927400384,0.8250684058897324,0.8973751858494384,0.8109205818360431,0.8003352099628235,0.7847780610005108,0.7145755184515407,0.6354597748729525,0.7049789647271442,0.7357527876399834,0.8582274913070237,0.8857459153620664,0.9028117911907224,0.8682340483765151,0.7861845620723186,0.7448742156349502,0.6721485491596648,0.6212909007264861,0.6222304163776436,0.5632482247128222,0.5587955804226928,0.5165914534732376,0.8310127386656344,
pre_model_seis2_20250816100709_96.dat---0.8131015522097945,0.8394997722000272,0.6337537751649932,0.5988066121356038,0.545700986871104,0.5796044776039516,0.6447863457746814,0.6159623324002145,0.44918143972474006,0.7595392121189504,0.7941402437156913,0.8465991072797041,0.6887421583257421,0.8304934559775413,0.9127534403121347,0.6731571183914944,0.8037571411416237,0.8112280644115901,0.8424135549249072,0.8288099380496166,0.737916311785574,0.80558415856957,0.7466109829260033,0.7455963325800157,0.6776030788720857,0.701147388921303,0.6950489551443995,0.6416250229986349,0.6187028537427754,0.6859287176273264,0.6621901902363551,0.6972177152488932,0.6074168080181408,0.5793773301308411,0.6019941455763882,0.5704867474574521,0.5802432980728278,0.5441947667650209,0.5240712216588221,0.5139802562705313,0.5503375016363071,0.6829098661700822,
pre_model_seis2_20250809163936_409.dat---0.8395364863860529,0.7351931781432883,0.8915825039041966,0.8118842861759833,0.8824443209084863,0.8808233272725718,0.8666692421576528,0.8778846853213034,0.8935274322615081,0.8923139745776902,0.9228143283233068,0.957158215286176,0.970445472603917,0.9795087448904171,0.9580431191819846,0.9884146069862577,0.9701388876245071,0.9044304331698851,0.9464805644445716,0.9638841396894492,0.9740307244418824,0.9606666789788457,0.876115617887423,0.8241045509406973,0.8052111321849872,0.7671709257203405,0.8157108267332626,0.8102578622254369,0.759943343763681,0.6871246565901072,0.7231712472011288,0.6488970521281712,0.6343178880138334,0.547090721591125,0.5471696288509087,0.497140462202801,0.4339253850841988,0.37027814657748975,0.3945915907974988,0.36316126679657035,0.3045570620375619,0.777507676098955,
pre_model_seis2_20250809163939_172.dat---0.9537584439101514,0.9182383864938086,0.9513451767323589,0.9391659955212385,0.9360658938044254,0.9073584093621669,0.8865136496071078,0.88610653247514,0.8812080260499019,0.90681757463747,0.9341683642341293,0.9600688008324353,0.9780849266669135,0.9653702873587924,0.8493801072444972,0.8649330017387749,0.9140740510000858,0.9500254557487887,0.9190403743798075,0.923852229099817,0.903063113731871,0.8110641578956755,0.8556758964097503,0.7981361088457646,0.7656176048770631,0.6940254139908193,0.6908522191795446,0.5263002350185344,0.5951025259834718,0.5936906115701412,0.5865866486884357,0.688138509657724,0.7193188250076564,0.8084952091707096,0.7914181373714834,0.785279221717251,0.8126287287181573,0.7732926803623851,0.8006119291504292,0.8053144049023927,0.8145226668097941,0.8303587935599234,
pre_model_seis1_20250809165445_256.dat---0.8894143409366131,0.7561770761638222,0.8350032710914667,0.8102317791717536,0.6801939744882615,0.5350696621061406,0.6794809953891531,0.6540300316931515,0.599267887036246,0.540221125852729,0.46002797765998266,0.4235386496633106,0.482636870836652,0.6032669959384441,0.6896432975699981,0.8161462213225051,0.7327064470436435,0.770253823831081,0.9096623581401281,0.9402952443355093,0.8652526557438969,0.8325921162113257,0.751708881681803,0.6952788191400314,0.7321150170680628,0.7050264884540905,0.6885041266018298,0.6648030353144583,0.7341576224556781,0.5813595521687893,0.5249520700071632,0.49785504003773084,0.4061733084805143,0.4310059657832649,0.44529391534937296,0.4447723457656802,0.4078966248202439,0.4020373390891998,0.3561791112964017,0.2839635558354885,0.243462850415643,0.6219916700485676,
pre_model_seis2_20250809163924_616.dat---0.9613545059123452,0.973356320331498,0.952254488579375,0.9119965060859434,0.9042013299201228,0.817348535456392,0.8028165824588187,0.7439040807254258,0.5022725286677615,0.3853976622777498,0.42990278791264785,0.3434683491599991,0.680710525241171,0.7945353872108925,0.7895628225926666,0.7337151210047808,0.6918454957508556,0.744599998880677,0.8416913816491881,0.8913476633889037,0.8298453110324588,0.7478603776473323,0.773694574714779,0.826532328980447,0.8309263741652342,0.8433609140407802,0.7968580718625929,0.7610552990295927,0.7834195636071326,0.8135183778656983,0.8353613539787544,0.8493764623426677,0.8908768802224362,0.8917829398601254,0.8977240491821916,0.8928804198595157,0.9007679674493132,0.8796731453044179,0.9177510390123818,0.9199665726101601,0.9442716772286562,0.7981411164196069,
pre_model_seis1_20250809165445_892.dat---0.4888791312708055,0.7861286810880431,0.7615960320907288,0.5841267414020429,0.6999839673034554,0.6594371358687823,0.5755193086248153,0.6514020718155933,0.6528777564332549,0.6851380388235352,0.6733442126706745,0.7984809502105792,0.8341401506930964,0.8962140902934337,0.8181555809512985,0.8402356605137088,0.915734814777379,0.8887811699107239,0.8857049494172736,0.8569219366552665,0.7478685790971399,0.7560311685124198,0.7638307202206049,0.7536565213511877,0.6657878447858055,0.6313000519542658,0.5661656570932848,0.45212786455973597,0.4403016385455681,0.4094315664091067,0.38252536424612094,0.37241345729701153,0.388203795553067,0.3666440633442832,0.3263302986196286,0.47116355221695394,0.6823145941306475,0.7689135260671189,0.8205260778020295,0.8438216578391682,0.8903613806519939,0.6695737014905276,
pre_model_seis1_20250816100537_23.dat---0.9555708517462814,0.9319345642383229,0.9027841412146458,0.9430616333421998,0.9369881049538981,0.9381130951782178,0.9181203021032782,0.9100389613043763,0.8594980790059098,0.8258880210160682,0.7793966199066543,0.7299037203139462,0.8135312139546351,0.8226771358977504,0.7835920103616039,0.8735577869297108,0.8999445854239779,0.8748342038126664,0.9004188123739657,0.8036901622248444,0.7880156855556046,0.8200214058770532,0.8304898735351977,0.8548956193389987,0.8822416406458429,0.8807154334060963,0.811690663744895,0.5866818705276371,0.61178537485205,0.5709862978490212,0.39377038413632726,0.4207037208367619,0.5310861212031269,0.6110854424538567,0.8369694674666368,0.8944922274291803,0.7390779765030671,0.7179364140408229,0.6533102562311197,0.5084325971523868,0.5755510236665745,0.7786215488232977,
pre_model_seis2_20250809163915_570.dat---0.823394414627739,0.8649596144152423,0.9157315267640501,0.8839885319709686,0.8077667219389112,0.8442909910159596,0.7693148923020715,0.8546882977087338,0.8469155821244295,0.8503360493101364,0.8470148997319124,0.8954605411365056,0.9655267287629222,0.9502413016386908,0.9298705675441923,0.9407228638189191,0.9117905223743441,0.9041210495932275,0.8646653279047776,0.864615004420786,0.84711839757296,0.863541126840667,0.8730478231759908,0.8376703391587075,0.8999316995347482,0.9247526772624309,0.8460330172390336,0.8470395490037723,0.822306991308222,0.7351587498928994,0.7553142430465751,0.7398294036265456,0.7343591353734826,0.6299876071555456,0.5932366079599473,0.43392791417401666,0.31824659453131227,0.29957769447617477,0.2767868906978901,0.25775040644547326,0.4156914791117189,0.7679688726022591,
pre_model_seis1_20250809165442_272.dat---0.8609415137011918,0.8846231983627421,0.7910872575238391,0.8809407133728071,0.7985402035927482,0.7352791249368473,0.661304361608438,0.5554415215829999,0.4935145578991171,0.5315639517880345,0.6094187576632781,0.6765364149443359,0.8050551460365889,0.8738842916177201,0.9186555838952107,0.9288703660243948,0.9490430112279923,0.9366816642067513,0.8647573347098984,0.8783217499551013,0.8866648468158412,0.8569010607553196,0.815922336901615,0.870707541216527,0.8098693377284729,0.8121061616363997,0.7231287659391502,0.7790247789318239,0.7079763356408584,0.6771370569019576,0.6813275542458999,0.6472995789077401,0.7389687897230562,0.7163923348844455,0.6860712512290001,0.5740761999983383,0.5514719784023016,0.5306339101870337,0.43445379322420247,0.5031958214703562,0.5555753358515526,0.7364235486644374,
pre_model_seis1_20250809165442_723.dat---0.9103397379720221,0.9348197525263159,0.901760467089684,0.920060391384798,0.9242664655079555,0.9135892306052162,0.8493928609959436,0.8787024411077127,0.8798381937433767,0.9130928483634501,0.9233454864770563,0.9295850310998777,0.9696628208034171,0.9817171399975179,0.9817616046566878,0.9823262424856314,0.9804583549413549,0.9289675687649337,0.9197917810570618,0.9127152363563109,0.8741617524673503,0.8315230233619161,0.7892046865178137,0.7576748801450546,0.6754152868019777,0.5391404650889674,0.5388109482049548,0.5329900917682434,0.5170007670824078,0.5544121514333836,0.4507031636140712,0.8013661973654643,0.895706174350396,0.9028406784048071,0.8781543109582812,0.742990404781444,0.5640985867157339,0.6456322344722157,0.5849720935991287,0.5180084736938495,0.462424434676145,0.7949615722302422,
pre_model_seis1_20250809165439_132.dat---0.9147921466237824,0.8026120711932649,0.9241429236021071,0.8937325972628063,0.9173477040297235,0.8542421195144428,0.8818075186109091,0.8048741831233241,0.8085136034746268,0.8195123104727001,0.7022904683602925,0.6914658236353451,0.5557158407558829,0.5571161133371586,0.6469473942354232,0.7515189600641984,0.709843413665776,0.7005774253486702,0.5841547494091088,0.5305846229763548,0.68845680673858,0.6904261846374228,0.7421824139690636,0.7029815562843726,0.5909022490376906,0.5896930477600377,0.4416304026197625,0.3621718906750879,0.45661738505815164,0.398046423404333,0.25335849105232966,0.3498785869201511,0.2644231496279516,0.3096596332246905,0.3929643439404414,0.3901349067517686,0.4502609191920446,0.49653471268115,0.5463852686572807,0.584815332719362,0.6569844531273739,0.6197634182384134,
pre_model_seis1_20250809165451_704.dat---0.9181097114549508,0.9060336147827724,0.8855751217214693,0.8891736453964956,0.8431395042515539,0.816027046271629,0.8262047924213043,0.7464173325744756,0.724772134715349,0.8370867098850205,0.9025675086298849,0.9376864814962436,0.9246199620317257,0.9302144528371984,0.9164149622695882,0.8913335756130711,0.8083770911269416,0.758503020980029,0.8140503339585731,0.8514542212849536,0.8357924829782876,0.7810626096882458,0.8212865669891809,0.8822917738419848,0.8907815325072914,0.8684310986664242,0.8415526211310026,0.8391890231100538,0.8056690480383893,0.8318735993984566,0.8235540357776847,0.7996261851864415,0.7825126299533902,0.8530759669924604,0.8892398038307161,0.9106794968898668,0.9064677295732018,0.9053595286470747,0.8233943872600435,0.7255616632726244,0.638580229594494,0.843505932610501,
pre_model_seis1_20250809165448_68.dat---0.9245653744286648,0.9350283617329597,0.8853985753432083,0.9311441785030271,0.8502385855597875,0.8513199177234562,0.8900932235786145,0.8864402901427157,0.8503198113599304,0.8626127687657866,0.8963329695582553,0.894145454040129,0.8800156036003403,0.8839392789423658,0.9391423073386868,0.9463695673383598,0.9550679793412136,0.9590061104099851,0.9588545906463499,0.9501928735480512,0.9421093122495563,0.9339556060280099,0.8738118653003633,0.863438153997687,0.8516533878005195,0.8428353884286279,0.8032917093745133,0.8314628411185606,0.8747967398872744,0.8758469969062788,0.9226980899260624,0.9305378509108556,0.9451020477268463,0.9399698133772841,0.9036566646756868,0.8767937997906078,0.8586449106262835,0.6804792123735053,0.7596440226354295,0.7299106478120125,0.6282378679356223,0.8780269451410605,
pre_model_seis2_20250809163936_889.dat---0.9253229199626657,0.7130576683326443,0.9050474650379375,0.8263404546923518,0.8298481703782066,0.6907922541133639,0.6429404939043039,0.5659092997339007,0.5561861273643705,0.5091209265226034,0.454786464522337,0.39972748487444854,0.5247416036746266,0.820138491847273,0.8535886184239067,0.8947663209193911,0.9024928681250569,0.9642239969273634,0.8443622863218443,0.8143921446881851,0.8406312201130243,0.8483186695090228,0.8451246399563827,0.8255723728064203,0.8398483039310658,0.8633685621765801,0.8448146249540529,0.8750732776461774,0.8661071081843305,0.7672381791440681,0.6817086887328595,0.5972034058934808,0.5993356297812854,0.6375676742354994,0.668730306415415,0.7453690050458845,0.8517293162008831,0.8755380298991602,0.7724425935021729,0.7537995667734363,0.7031304739426734,0.7546448221758697,
pre_model_seis2_20250809163915_213.dat---0.9252093202025498,0.9164545459368455,0.8720448316903606,0.8390539563847904,0.7539551033683356,0.6839810104705265,0.6545168223131863,0.6517400027779239,0.6352860607836461,0.7049647535056016,0.7661426055798634,0.9195192086964357,0.8936654284372217,0.8418944548499873,0.8870768558701578,0.8609019219030021,0.9130910523926155,0.8615432685001144,0.7812578891954919,0.689562896403912,0.726333685467204,0.6876814636052458,0.6240442685125082,0.7227652754835486,0.6187936385766827,0.6470467319700581,0.6693085986418117,0.7184520832236841,0.6902697030853553,0.6439529725042494,0.6499359901987508,0.5496754508221049,0.5190996935804846,0.4901322351294532,0.49456262084656866,0.5061022015580912,0.5468792540142023,0.6004966871166906,0.6046684306454382,0.5722267777892516,0.5027448373328375,0.7033423070577268,
pre_model_seis2_20250809163915_303.dat---0.9597750322233907,0.9590585121026541,0.9201995604440254,0.949027160854682,0.9345591980526721,0.8850379080293403,0.8803340417140612,0.8493285572788491,0.7651941910741499,0.7348575070246399,0.7040718841885625,0.6953873772099685,0.6307835335499018,0.7807630011221481,0.871964111727486,0.878299736664372,0.9428758277042955,0.9348627365685271,0.9503869098574452,0.9513019535649645,0.8970957723553125,0.8421619925755408,0.8720864425774582,0.8864910551520692,0.8400190612658016,0.7990902314005233,0.7968981866626887,0.7545649821697961,0.7884917605592089,0.7229755212917995,0.7113855230218544,0.6293030848904766,0.6145477377409378,0.5764964414660457,0.5266352837546974,0.5032852946333095,0.4930525518845649,0.4336129463682473,0.41108626888455874,0.4350141461203721,0.4192896254388762,0.7593086012480555,
pre_model_seis1_20250809165454_263.dat---0.8697975558201329,0.9555061079977895,0.9549795964565233,0.9519494131628035,0.9447791851575684,0.892991069625806,0.8580541821187677,0.870291399660143,0.7933942533750761,0.7610121744074554,0.7278654001911813,0.7341758096645522,0.7291101983915381,0.8924101447503818,0.8759827950453069,0.9591326696225646,0.9600831728004686,0.9756790097752085,0.9287583926349146,0.7995996058948837,0.6510235174750045,0.7222900386512898,0.8046160326697159,0.6055953323848857,0.5909304202935941,0.550218134356128,0.6073362207602958,0.5930839935256517,0.5413771513845004,0.523310143595369,0.4725161362878249,0.6793254455203521,0.6715063708259694,0.6494873874475645,0.7486845386640097,0.8305958297046456,0.8012530817574218,0.8055713036309079,0.7202636074247722,0.7308467352352298,0.6794772585890524,0.7662161174813966,
pre_model_seis2_20250809163915_49.dat---0.859916947527303,0.8038781212548723,0.8328062395492087,0.7244206633408866,0.7377363642292535,0.6588154669196101,0.6883251024074003,0.6785332767622837,0.6903952026569966,0.6333141305227536,0.7907969128448825,0.7547936628092577,0.8633322933157177,0.8271000676968377,0.8552277721574507,0.9373663883142337,0.8985652556203191,0.8582255975446534,0.9039243188794693,0.930330078984745,0.898149332019316,0.8865295784174998,0.8715189439753569,0.8165751817216595,0.8126829709770198,0.7932854402672855,0.7465965650432543,0.7186198993861499,0.6294797587237,0.5629987133550282,0.4636015261921565,0.42148131438489334,0.5010419403176818,0.47818339173771246,0.4116457305200442,0.39880031215007694,0.40320935375035616,0.3549539627036949,0.3947981016316107,0.41472855495413574,0.45318617227732494,0.6917041611669289,
pre_model_seis2_20250809163927_43.dat---0.5872527143630804,0.8717482281769923,0.8536635976829225,0.8058118169163615,0.8407565552689583,0.7790832753107437,0.7335432564614349,0.7671645712904724,0.8272419356270677,0.7166074270555512,0.7560297111509422,0.7923811918567202,0.9470595154482888,0.8995612358985984,0.9461851767920738,0.9504450594707298,0.9335857787282709,0.8900932261818486,0.8640893133072868,0.8256135213283246,0.9211534192754417,0.9027859766567393,0.877090768418953,0.8745165823701281,0.8370380110321985,0.8478284558116537,0.8407733074432553,0.7659822631920511,0.8308234340435317,0.8302738415863232,0.8376365445984901,0.8870517830303029,0.8778470762559029,0.8052656249486632,0.7791429220151606,0.6031220020961894,0.7095329706749959,0.65782919007737,0.7018233844308892,0.7324554145936689,0.81090834458982,0.8175316689136193,
pre_model_seis1_20250809165445_115.dat---0.9114532390092815,0.7612311933365165,0.7968521828254417,0.7484315868507673,0.7332272733467153,0.8051012309485243,0.7545459776577162,0.768023312917012,0.6833273860537522,0.6599824568438984,0.7172112401529904,0.74333727666246,0.7772835580171253,0.8210078853325965,0.819489157279529,0.8424508665062673,0.8064409103771218,0.7441402004929077,0.9093096913358861,0.9241699679160164,0.8714504366457231,0.801579996064965,0.7701097902722199,0.5954919969788873,0.566210505207393,0.6685951495200445,0.6024296919376322,0.6556210587865715,0.6265014482407368,0.6628658880665311,0.705396031531159,0.6862805551427447,0.5135755068689978,0.5570785266699958,0.414528180113015,0.5088016201339897,0.5074590515141371,0.4293732324058581,0.4802896499869597,0.6080590267147996,0.6656813466311833,0.6981559825194164,
pre_model_seis2_20250809163936_291.dat---0.870680637375177,0.9007196217328864,0.8733790818858206,0.8385565182206391,0.835857083675157,0.7934082411406849,0.8059683085231744,0.8474629428306734,0.90729110558907,0.9123548272054,0.886241510264276,0.897548849496654,0.8385579079285296,0.8190198819912068,0.8831957737408503,0.8586854745884909,0.7984386479933522,0.7029315116057436,0.8108316001140705,0.8280297433808012,0.7267755106641577,0.7296298691933337,0.7505462083653603,0.7740269705529474,0.7326139288889858,0.7274893523440175,0.8240481282678707,0.8403877247741831,0.8543933156344041,0.8779354389971479,0.8562508302472229,0.8176498349627894,0.788933499105008,0.708866291323567,0.6983108948317995,0.7923143017337829,0.8224909058821712,0.8388550500492874,0.8379257325651918,0.8528694127462234,0.803395666224808,0.8186553204057785,
pre_model_seis1_20250809165457_50.dat---0.8660935113376517,0.8017676390285992,0.9023493636162231,0.8983240778556101,0.8662394667052159,0.8764353111874328,0.8165025859835393,0.8025593974754158,0.8331655228158215,0.7389936889331453,0.7745156472452888,0.7611803372855415,0.7488108745081816,0.960830593062095,0.9963697882567027,0.9334412889570285,0.9369449889404445,0.9293010522238954,0.9119515682372525,0.8279148130999238,0.8265309540932382,0.8389306554047602,0.7615821751430377,0.7647511667151703,0.7489357010190585,0.6534967634561732,0.6986339080294014,0.7514540910759151,0.6782333411997605,0.7269226447454299,0.7375212624851438,0.6168275283230337,0.6685564089361091,0.6241463128194908,0.6146564581450733,0.5871406265886474,0.5287107842819624,0.365729624167519,0.3529510073561728,0.25001732313126185,0.057328572462461425,0.7326036299105808,
pre_model_seis1_20250809165451_299.dat---0.9337255592634053,0.8977272521947668,0.8826468347813691,0.8577860889950837,0.8862139992178325,0.8807191966802231,0.8479492776052198,0.8605293271653519,0.8541281620905078,0.8777657341023728,0.8649169193111825,0.8837988055300894,0.9469745840855324,0.9661102445519021,0.9625278372790949,0.8623146190767335,0.7795011388403648,0.7300886041424873,0.6883307030222989,0.5968655462673421,0.59505073348578,0.5587926372346714,0.5549695492515406,0.539864599159197,0.4490055616154159,0.5002292890845884,0.445724786702192,0.5033996180291552,0.5244869628673563,0.6214036222619116,0.7107363450222901,0.7470366880688384,0.7262637473142567,0.7498203200482698,0.7655554105133853,0.7920641951045124,0.780106106298607,0.7435921816277318,0.7349573880701362,0.7383743313810954,0.7160225447563769,0.7453189524902556,
pre_model_seis1_20250809165442_667.dat---0.9746320026537665,0.9749336189106471,0.9638129573430135,0.9734359685958804,0.9571144140247287,0.9370466996202039,0.935334010322315,0.8737299993339918,0.8574943847792463,0.8861781242328879,0.9102278423490042,0.8714005132841656,0.938028070130231,0.9781896468410693,0.9673929510675532,0.9615706584533604,0.946126564469555,0.9170022304818302,0.9127213689886561,0.9364854532534211,0.8763175715632177,0.8025649360517051,0.7700914802674527,0.7412990264186975,0.7323894877309126,0.7043073770419429,0.6746819393010332,0.6459490005885365,0.623240074838699,0.6653123108267417,0.6579271704663167,0.6069048288788076,0.6047882600954984,0.5725409824212294,0.5515321614587789,0.4797674183995662,0.4188039652179494,0.37056893237522365,0.3379034876156902,0.2859082410112008,0.1534312526435906,0.7548557898621543,
pre_model_seis2_20250809163924_64.dat---0.8902783018889742,0.8836413145427775,0.8772848436411728,0.74109394452725,0.7748370052039668,0.6941714187534279,0.7335578680733416,0.6931600983867412,0.6312147872226235,0.7952941512805682,0.8288485914533356,0.9078248035855405,0.893967226763599,0.9397099336063247,0.9244475076168565,0.8594617886037048,0.8835136246962253,0.9572651809213046,0.9165330760806608,0.883116592817093,0.8890366870505437,0.9088158493579919,0.9255366160505148,0.8880254578352245,0.9008648057524707,0.8947467921284035,0.860698658441547,0.8320757980306628,0.7949531045995621,0.7276723414874311,0.6910654572961679,0.6597346694606169,0.6224928840196058,0.6136365428125392,0.6231113496705468,0.6786730995155088,0.6513539868368946,0.6743103335518629,0.6369813241128012,0.6418562565924266,0.645696117051193,0.791964882715122,
pre_model_seis2_20250809163939_823.dat---0.8354005114099615,0.7985748538635848,0.7287493183986629,0.6950182299735453,0.7487336648178488,0.7259552523581835,0.7523666121447359,0.7756132439996463,0.7445411283705323,0.8593258770137762,0.8678759869138271,0.8052885946266376,0.8476482612100461,0.9004455469637315,0.9505787260534552,0.944210650615044,0.9473301314634298,0.7951824640019266,0.8445389544080297,0.7926313464331128,0.796797794094551,0.7596935848770251,0.7438343729601529,0.7904947945081624,0.7982893861192994,0.725806935885099,0.6456943487261454,0.7029881379957027,0.6939108493243498,0.7781812591268387,0.7074584902164551,0.6572515199649539,0.5938135833114655,0.5406712355308432,0.4421225378534868,0.4469548821314946,0.4706615544665587,0.7401602913129791,0.6699554510794996,0.7730364492841937,0.8240399356493872,0.7478494329136187,
pre_model_seis2_20250809163933_333.dat---0.876885590622747,0.8362027847981964,0.8175361948381586,0.7936801696262483,0.7708187246473079,0.7624595180744681,0.7346537097082937,0.7282361573984586,0.6512576615175296,0.5458621786294182,0.45910939625520536,0.37277355810569535,0.374945435431314,0.46619431774745673,0.3318785421304594,0.6628632114365834,0.8634935034800526,0.8852807369436603,0.8814818047860998,0.8628394397642433,0.8356293226928196,0.8446889206690907,0.7707697330613148,0.7410945155761348,0.7644463156899394,0.8105369785216816,0.8093083959253833,0.7402478331494501,0.7197695305963897,0.667655904702625,0.6346951452729397,0.532191509677824,0.5502492507529921,0.5095418323095702,0.4699622203569621,0.42964574325559163,0.4140324377193394,0.41661530080490594,0.37454436721223205,0.39119527296477075,0.4611870119743866,0.6479624433860472,
pre_model_seis1_20250809165454_505.dat---0.7951270666771795,0.8299977363358007,0.7927295477379501,0.8254170795402608,0.7902727321496781,0.681938467885157,0.7417978285443302,0.7222635753939912,0.7425851265061506,0.7558231556908449,0.7672883969601715,0.6470243379994981,0.8744323681183254,0.8955249800384333,0.8991703000830406,0.8820578986526932,0.9019419548148105,0.8566756928866034,0.8322211133824859,0.8726939763447323,0.8638952770680747,0.8135795992284816,0.8159870911730096,0.8322628296295128,0.7682965288038042,0.8131087135219424,0.8223419434739823,0.8499149182622961,0.8761611314667117,0.8438845085272298,0.8483608199245549,0.8507112240208822,0.8076277825901779,0.7747112625849101,0.7447829676657195,0.6889555462054102,0.6738305202656636,0.6477620757030665,0.6079096842202981,0.570010332411367,0.4937971135408734,0.7832896391714662,
pre_model_seis2_20250809163927_713.dat---0.9720898699451788,0.9808415766212751,0.957021549012702,0.9750863124103742,0.9762668243072934,0.9620248751086479,0.9615415119755947,0.9441393225494503,0.9332680437054233,0.9416140875196229,0.9579567317221458,0.9811076261727674,0.9811363346164905,0.96273616009121,0.9634050763495141,0.9643981951023808,0.9885894850236261,0.9616837783703253,0.9716236040602259,0.9741500289474031,0.954711826640008,0.9418156590263728,0.8754298539167263,0.7922040722172168,0.766850381106283,0.711403698149293,0.6352522021600454,0.5937834137211555,0.5656143402633242,0.5686804365306901,0.5677913824474154,0.5702864051230696,0.5113613066819332,0.45140815838415116,0.43787882892855673,0.3284895455000306,0.35580834338875234,0.25604290746440883,0.22703221361887554,0.24519840460510295,0.17222514126364674,0.7521938906036271,
pre_model_seis2_20250809163921_212.dat---0.9402944370701943,0.9492719286796262,0.9085437348091211,0.8203485836954141,0.7931507875720059,0.7267036888060278,0.7527906313037644,0.624889847818038,0.574091369129305,0.7225293189666541,0.660470298906863,0.6954798102134939,0.768064244099656,0.6928492871909714,0.8055029174538145,0.8788461299935937,0.8416320639371137,0.8748139561132592,0.8185225535593244,0.8852051585222087,0.9090836361651828,0.9307282327018204,0.9167895327987698,0.7748666137684473,0.6972889550974704,0.6405753874981678,0.6299325223998876,0.5589836754462423,0.526150532673369,0.5374343225042295,0.49895213834323576,0.4822000350481495,0.5898228269142369,0.7404256704515437,0.7737969299689443,0.8238073494845393,0.7964730389392785,0.7461403202093997,0.6527805794464868,0.5554080337960626,0.5681388142981572,0.7337507291657089,
pre_model_seis1_20250809165448_853.dat---0.8626768126702454,0.9173327897769905,0.9044231173099795,0.9047459793231772,0.8343287361785656,0.759515913846139,0.6534977328898769,0.5892324931955802,0.451746529702183,0.5718757422496816,0.586905021988023,0.645723860825952,0.6974513329739662,0.812105039170882,0.9469482044317225,0.9108184683723249,0.8259469482225342,0.6717977892179848,0.6465455228652166,0.676125071590735,0.8559615124145821,0.9160653714100807,0.9213039003638631,0.8125000831091549,0.820927354094616,0.862404143564089,0.7832627345387714,0.7559553899855463,0.6529611052865181,0.7132306687676706,0.731244436942252,0.7448088010250463,0.7472013371282947,0.8687822032617756,0.868384135009225,0.8982467737968103,0.8828194613290732,0.8731090717953633,0.8426794883600162,0.8375186019720351,0.7970195299542354,0.7818568100222142,
pre_model_seis1_20250809165436_517.dat---0.8902912436667088,0.8312726262680682,0.8495290300901144,0.7451897131748593,0.728880991450169,0.8525666543999331,0.8306263280723413,0.7249906420576754,0.7545400771096183,0.7407786559521824,0.6938799138575407,0.6370202689746622,0.6306619298278004,0.788110301382624,0.917827085908596,0.9163736909058405,0.9286127085538295,0.939163783057621,0.9293132865571356,0.9188842580236435,0.8898377603795683,0.7853121782377153,0.7255057610596549,0.6473490184675588,0.624141844380497,0.5831091174230444,0.6064369037705951,0.4926734956112632,0.5738873011348651,0.6614087434951769,0.7527274023395711,0.8395146989413527,0.911116121639789,0.8939616084803991,0.929422799119584,0.9210975177568547,0.8867401840977742,0.8903548458931704,0.8817162833750323,0.8741813882183022,0.8508365731543167,0.7919474325918793,
pre_model_seis1_20250809165451_798.dat---0.6753847039122556,0.6266606896771408,0.7685466035077082,0.8547160827114738,0.741676847511291,0.8493476887957591,0.8054428584653099,0.8950732899122639,0.9660258662935802,0.9755175881258884,0.9767324680230473,0.9846771278144651,0.9851450606143364,0.9890512577223368,0.9881982547356685,0.9702573054028618,0.960321092617035,0.9376565258658648,0.9288601886705221,0.8735655463862423,0.940579936404085,0.9470128350648479,0.9294956346206656,0.94392258154397,0.9379853881540429,0.9406672978469355,0.93771310354421,0.9229659525389137,0.9253803278817945,0.8921364237652945,0.8517718161596655,0.8344983063810372,0.7965204070326066,0.7664983352844559,0.7341102840230047,0.8613125825969759,0.8815308178550042,0.8983081076445922,0.8874407114542637,0.8680672754289033,0.8300302852802577,0.8848976940797701,
pre_model_seis1_20250809165445_129.dat---0.9576969848824377,0.9530699781131097,0.9478591196128942,0.9430161199679006,0.9475878174456392,0.9304635643294945,0.9271008399057431,0.9183441803167132,0.9065447821415274,0.8772365190928451,0.8852920546138818,0.9173678546858907,0.9449826877161454,0.9550513629338251,0.9322839928642166,0.9441553871554909,0.9294668171415252,0.8824879008852933,0.8385443342568522,0.8717605769151038,0.8712969484475522,0.8714912615430795,0.8816951066523998,0.8249842931365503,0.8312384758138479,0.7923095460934694,0.7570259160818348,0.724133479339703,0.7683375963251694,0.7461842755306177,0.8006488541889949,0.7934516663776183,0.8374152342678539,0.8516499504192182,0.8854365863909993,0.8761133276362794,0.886568661931461,0.8928696852334914,0.9224900586291902,0.9221432692502223,0.9305905595797905,0.8799606738498993,
pre_model_seis1_20250809165448_539.dat---0.8610080603422441,0.8362244613371874,0.7925130081046282,0.7814166918151642,0.759700677856611,0.753169140534116,0.6982225653743891,0.6904342685658243,0.573202893967198,0.534066623321107,0.502508668054361,0.3656597643505889,0.5787706559556712,0.7723484909233594,0.858044842460098,0.9632361278717281,0.8801234753226397,0.8369117576959426,0.6941913695396271,0.6617808530826909,0.6760656900463122,0.7982812069643365,0.7686128180461016,0.6146297056519274,0.5421905187557755,0.4056116207883604,0.35533461311106457,0.3522209066080308,0.3084400890585368,0.31315421340792404,0.34184079683009355,0.3401701711496475,0.4451578183372028,0.47726728338220864,0.6032958876614888,0.6227081665921516,0.6589653331992454,0.7307834165401013,0.746572582221025,0.7783358959843096,0.7923962093362187,0.6357455936621278,
pre_model_seis1_20250809165436_21.dat---0.4685677459845179,0.844082378068182,0.7750770035236588,0.7006003681551043,0.8123274585397661,0.8003652103020917,0.6620473627802457,0.7673223759208379,0.8057958647310152,0.8132482701677106,0.7716998317114436,0.6206020991949577,0.5760033819320969,0.6291230510115366,0.7075616521007317,0.7948213860440001,0.8976814097021051,0.9304043528187098,0.9447137640601633,0.9371312846581901,0.9314770949697696,0.9165017907606448,0.9036777172898198,0.9119781560184359,0.9171138717413667,0.8991577627293592,0.9021501619306127,0.8581235093745576,0.7640273203914633,0.6910261917350059,0.6395784663163088,0.5768020460835414,0.5836353911393636,0.5712544979523798,0.6354691103780402,0.6097281345418821,0.6960672893438015,0.7839929285055005,0.8078348916694054,0.8706743536379611,0.8398010023735524,0.7699816570802399,
pre_model_seis2_20250809163918_708.dat---0.9538059381146382,0.9332489041769513,0.9779430223708737,0.9558700865088282,0.9659666897363633,0.9731678846975443,0.960832490108054,0.9648930662766673,0.9490966132338435,0.9626865672120051,0.9485322033726417,0.8984433403849046,0.9028042703483472,0.8945071300104511,0.8741877205542643,0.8168075634918938,0.8895512478954968,0.9451486553088817,0.8660259764666679,0.8716697701756425,0.8203274580875756,0.7522906685940028,0.8096734266447867,0.7893836799967501,0.8448091281997576,0.8401610143455633,0.8295998052826091,0.7530791913340856,0.7226260068387846,0.7182535511852439,0.7352279990266205,0.7459373098440093,0.7480289595866936,0.7168055354373282,0.7150341077736599,0.6939231669177885,0.6733339671597971,0.6589925932280636,0.6090409148454787,0.5105810979374094,0.4401368589102618,0.8203033068688105,
pre_model_seis1_20250809165454_61.dat---0.9612440439145696,0.9669449646966397,0.9589259180417735,0.9413069316674948,0.9196166260480743,0.9131032051012314,0.8733338494903478,0.8766839007873342,0.8857551827625156,0.8787797632472008,0.859459144175257,0.8847651125197595,0.8795967084192278,0.8666749150569452,0.8375412186352833,0.8904436984769323,0.8967461772252138,0.9155520443705515,0.8721458996797041,0.8238087107775894,0.847840168720083,0.9472381899785052,0.8256170225101489,0.7703099110715512,0.74991855465315,0.7538575852661051,0.7503562413581006,0.7188094688475466,0.6684263797982412,0.7235145039766179,0.8634628830471341,0.8495266499757727,0.9079529576525409,0.8850670160241433,0.8280047881198523,0.7412376352279217,0.6676962772934875,0.5647132909855246,0.5172207941427555,0.5142464080595568,0.41403625349259043,0.8149141706169506,
pre_model_seis1_20250816100540_54.dat---0.8266575715678964,0.8701568054551894,0.8295980006679179,0.8510848215451414,0.8452840798235173,0.8198122619657056,0.617285964366194,0.7325305919981321,0.7242761575456824,0.6557405359863819,0.6653063792024793,0.5524037046949373,0.617433571620434,0.7075795430592721,0.6323205830565227,0.8195256822151472,0.7785943455047073,0.9266577935620084,0.9076970551533082,0.9744642730341725,0.9704012098529065,0.8996844229228929,0.8676660974720247,0.8850756189572516,0.8834972291903243,0.8883238803346132,0.8536129457187094,0.8317395711900474,0.8196587415732106,0.8086410882257675,0.725229793735052,0.7036282178515543,0.7125250624362351,0.6869156040414043,0.6651566838978501,0.6020559607461996,0.5956877474122284,0.6285909743412104,0.6087601284875747,0.6367420621167524,0.5757342443266135,0.7610667562647604,
pre_model_seis2_20250816100657_0.dat---0.8451180742555301,0.7283797703747702,0.8132242367598074,0.7136694371095555,0.7476344223864454,0.7751400355089452,0.6930751950155667,0.7293151153508571,0.6436211018126567,0.6282655411320818,0.7106420352570346,0.8709323400075651,0.8102427768839321,0.8355651980693185,0.8604920378448307,0.846400216233879,0.7597258487480524,0.772115758015671,0.7914761584910914,0.7136910613878612,0.7224968563076013,0.756989411279152,0.7778075921131611,0.7315972779057366,0.6245349168440417,0.5637763169319482,0.37873348499193704,0.5410486276892504,0.4907508952383473,0.41659206550639005,0.5068048575581516,0.5514499377181284,0.6979736483171664,0.7521426208933674,0.8441584172143117,0.8192975448711465,0.8020013698206458,0.7793730377427946,0.7213875027605678,0.6619497767950795,0.6156510041771521,0.7084205737395496,
pre_model_seis2_20250809163933_485.dat---0.8605634249670362,0.918777437044831,0.9031605830518147,0.8909492180479167,0.794422461511269,0.8757835612657896,0.8480910891535761,0.8586978368662818,0.8562136240704031,0.8471501847348161,0.7615256113851476,0.8220907728606127,0.7619965238443497,0.7954858110715388,0.81314139874286,0.9350698965446839,0.9019431119560994,0.7866945808217293,0.7376853222485094,0.7370165067641015,0.8206327593058755,0.7970484699835343,0.8322591741923934,0.8461687810688084,0.8125626994742403,0.9036499880162779,0.8667946088528015,0.8164774921775478,0.7511545225952256,0.696396839167924,0.6111638195050618,0.5195729726897814,0.4629127980887447,0.36815231586820435,0.3428892708762426,0.4017383160529038,0.49031214082494656,0.5143034514815453,0.5445853359499051,0.5755970493717001,0.6461770119476787,0.7396831408401148,
pre_model_seis1_20250809165430_703.dat---0.9643382170262889,0.9644654791143202,0.9300338767566028,0.9128604890483144,0.9374403033352235,0.9380875655106878,0.9443412916688486,0.9396703450820958,0.9457843324973373,0.9469197601759196,0.8985605094882327,0.938700464319536,0.8886664925762331,0.9214436014416,0.8664479142375567,0.8018902004087606,0.8017006653514722,0.8421760284001736,0.9460808963718526,0.9119459521559918,0.708153346778174,0.8085881182621153,0.8385468927783617,0.8802883440933185,0.9603294739093853,0.9397332807225562,0.8633973159456828,0.8787619103866477,0.8846130472990269,0.8431962631000409,0.7012782004557461,0.6909016654304155,0.6609216399212073,0.5820244781025059,0.6367361258896107,0.7316227946302304,0.8319972689709284,0.8502989714891525,0.8875285461389917,0.9176243210707286,0.9302455533295219,0.8602034620407659,
pre_model_seis1_20250809165442_359.dat---0.9060799227203721,0.9084005683014694,0.8311866513592044,0.862330778827147,0.880045185004229,0.7934851562733962,0.7978347115162444,0.7952775635718123,0.8250250130454427,0.8926837939855965,0.9205735379447432,0.9485112789839802,0.973955620636725,0.9711043364616618,0.9636089446779553,0.9110895860154763,0.8763203585183428,0.8600409013625802,0.9026636714618089,0.8688079542599062,0.7989663794446163,0.8259483206922545,0.8041911550639711,0.7633094833890557,0.733655883385308,0.6447380930339407,0.5899429484047363,0.5124543656412074,0.5147579598915886,0.4580030657037606,0.4101217992099509,0.4370783336499261,0.3915142270117376,0.42127244240124406,0.42966497455860175,0.4190981964676478,0.4207022131656969,0.4196132142513474,0.4558854208475864,0.4930532863087132,0.5687071395143107,0.7122366935845195,
pre_model_seis2_20250809163918_304.dat---0.9040908050491666,0.8189403112595188,0.9035568675175326,0.8950929011000935,0.8940167401828486,0.8167541984456103,0.8521312596541792,0.8777170640972366,0.8591416644041759,0.807264781598224,0.8581134731563828,0.8536351745245044,0.8723773839227364,0.8838687847505214,0.9356963877595281,0.9650681076332273,0.9847427146970613,0.9662226133313395,0.9646196859414056,0.9655510572965597,0.9614413461531339,0.9284997654115867,0.9083944682552005,0.9330993037454735,0.8820930190382187,0.8930838106519552,0.927681626761206,0.9292975297734637,0.9279456897772688,0.908173401768661,0.952557242233751,0.9337136533443087,0.9610480619638477,0.9737848890213484,0.9664689738399166,0.9181510936203884,0.8891159895180123,0.8696041512145188,0.854032124943374,0.8481608886080891,0.8429100336261176,0.9045819277949193,
pre_model_seis2_20250809163924_355.dat---0.9415244304483897,0.970508770014213,0.9677314916346234,0.9567138057339803,0.9208557250098286,0.9312929368606679,0.9037895249441951,0.8226839834784944,0.8038361439004843,0.8318574797949315,0.820657318718386,0.8290769014631195,0.8135288416963226,0.836393796329732,0.8386097669970114,0.8529212692002851,0.9609735148566468,0.9623154456330034,0.9138048085343834,0.857822346336154,0.9223117590711959,0.882354951271695,0.913244052150086,0.9245405829540675,0.902650639375277,0.8520194652932441,0.7804641390464925,0.759823471635853,0.7397573954360758,0.8437045243473454,0.8425636422099785,0.833641581766508,0.8112097809817664,0.7885558382116109,0.7843299640224566,0.7735170496014623,0.7350514136713227,0.7524613593146635,0.6888978037910243,0.7350360835580285,0.712933366439634,0.8467309064813326,
pre_model_seis1_20250816100516_67.dat---0.9388279537268344,0.8623098741926221,0.9326117929535458,0.9190251911355127,0.8574252915172872,0.8578459398721135,0.8575017396869747,0.8152697018475134,0.8504040908257279,0.8622944284074083,0.844100883854862,0.8644834410350162,0.8658443255354208,0.8713775669282307,0.9214297550812796,0.8922084551979567,0.9511886456133508,0.9167473691545005,0.8687806388367426,0.8854109461984964,0.8974943580652098,0.9238698234548577,0.906332570984113,0.7082070425094025,0.6762439989285406,0.7012055460490934,0.6772665987884061,0.6744869722156307,0.6356953128010019,0.5601870019368101,0.5932187861768204,0.5687757316683161,0.6133169173693428,0.6495106055323694,0.663722263935513,0.7684516205273418,0.8656010512394778,0.8804316363140934,0.8901747660878482,0.9077608702385946,0.8881523582639858,0.8118339966997115,
pre_model_seis2_20250809163927_346.dat---0.9337878531548605,0.9468822598748494,0.946560963543119,0.9399961103035003,0.9183347062207593,0.8699870861611615,0.8129044244025735,0.774934785117501,0.7900501206351654,0.720732224305904,0.832832446721494,0.9154404241181548,0.8809435296588388,0.9273175919844803,0.9467217616687863,0.9487713531544877,0.935962811788352,0.9126843103162807,0.9405009530636946,0.9166159593380535,0.9085005368165843,0.8162948613941869,0.7915368323900998,0.7642831955817386,0.7338245455714013,0.7195166381714835,0.7318875799676442,0.6865163073235271,0.631947524398221,0.6875053956995026,0.7198025476026357,0.7779108413441989,0.7931446796713555,0.7961423822912216,0.7995472843510343,0.7242625112590144,0.7038854512292313,0.6162140765427677,0.5354195381291934,0.5117425164973218,0.4826358337319193,0.7986459208657634,
pre_model_seis1_20250809165451_808.dat---0.7781378211611839,0.8570460490341588,0.7278792384417224,0.77225146034541,0.784626521664182,0.8356362435249503,0.7739836685897187,0.7869139751145923,0.7587923590011871,0.8192302890258502,0.7767903348686758,0.7746413059778331,0.8355298702429276,0.9254373944660236,0.9147866185414987,0.8072945762156898,0.8339519181410582,0.963348137607862,0.9312967730742364,0.8855773946621606,0.8534619504367708,0.8034044340085525,0.8275704264370938,0.8527262142928753,0.808010944435519,0.7414451338244823,0.7831503155747714,0.7727976700325032,0.7591541599049157,0.7206855431383733,0.75348378853242,0.7468950748128969,0.7842017878618097,0.7829908350473467,0.8067675276887711,0.8156490120550005,0.7752142648409044,0.6494869923421097,0.5617050980370344,0.6387116109687025,0.6677581146409313,0.791424947527188,
pre_model_seis1_20250809165430_36.dat---0.8921583807866155,0.8908532600194531,0.7181359389082624,0.869300388562417,0.7024193800507407,0.7545327591296305,0.6513660662000057,0.5594069131006553,0.6792398577536753,0.5431010898081213,0.8171761840258017,0.8824010919800501,0.9061581328391736,0.9321795960423883,0.8724624043916066,0.9178989191275544,0.9768028791462317,0.9479743482988676,0.9087832773454204,0.852125876674892,0.6947727613628363,0.6932615337019293,0.6058525502474728,0.6438815560100772,0.6491096801717858,0.6239868996248423,0.7439882271852631,0.7511714208004366,0.8916833316558715,0.9065752397109684,0.8952412919856442,0.8264829175029468,0.774339232850942,0.6675915651006135,0.5541913892027283,0.5890328072781068,0.5724573299222895,0.5830223597087644,0.5850045635343457,0.5432706575375398,0.48055461064463,0.7451206992666244,
pre_model_seis2_20250809163936_395.dat---0.9514832638442536,0.9473585396182825,0.8171296401014188,0.8492203462898893,0.882200961782446,0.7967482826793899,0.7773162976472386,0.7125293450120196,0.6431472310312734,0.6618835809988631,0.5384383196960443,0.764080318868132,0.7195821539355491,0.9256479979515384,0.9150907249615762,0.9239423192943826,0.8138259196182884,0.7343645601159323,0.8163319472110732,0.9308549042614052,0.9050462696074505,0.8590515535804905,0.7934341308207841,0.8342679294846601,0.8462195472566995,0.8518084641198163,0.8581129512776836,0.8666494635999372,0.861252439807327,0.8713310077684726,0.877211321715679,0.8714227831053043,0.8487257905045825,0.7919720945398263,0.7167670490048367,0.5948311386092162,0.5255746155549134,0.4431131439328143,0.42160197271874783,0.3600857405270182,0.1978779522983693,0.7638422930427713,
pre_model_seis2_20250809163930_213.dat---0.705530570063315,0.6931705891211694,0.8610211760833378,0.8820007491395131,0.8242701321821602,0.8666754790616371,0.8820668420669309,0.8559202404347498,0.8469998781429765,0.9312378554487115,0.9288882602326645,0.9391178501212905,0.9285057211104693,0.9221831933021497,0.9866187852574848,0.9769160797373291,0.9404113036173786,0.9342338326982975,0.8916518438240668,0.8346397051784333,0.8006179160938801,0.7853141299699776,0.8240561559576434,0.8706980974236675,0.8367413098340866,0.7692170986200249,0.7758887564178587,0.7607352638113286,0.7502074044918958,0.7237887132704113,0.6942472655123616,0.7162065178666887,0.6241336031424548,0.5661188452138679,0.5946603178553128,0.4135270997856871,0.37755255773377727,0.29529321861449037,0.1891268774717429,0.4079692482470228,0.31930858830242975,0.7494504651819676,
pre_model_seis1_20250809165448_218.dat---0.9319787066620931,0.9003202894834234,0.8786248431345622,0.8972511214354356,0.8612395701292321,0.8278365551865007,0.8452789105937002,0.8102069317629417,0.7732244950503379,0.7505453800337935,0.7784708233593967,0.8033729221051249,0.724883437177295,0.8219172710390352,0.9204428386418699,0.9673872398191387,0.9802274412077715,0.8959286627915806,0.8711191876849119,0.8462911405370109,0.8852610339338487,0.9182821338483551,0.9299137990254965,0.9289232926823819,0.8912885254877887,0.9011628942523175,0.919455017044886,0.9224078030183485,0.8930869152831841,0.8691533716530726,0.8692285126219806,0.893977635148297,0.8992180413000328,0.8978674956761555,0.8961307796528294,0.8790323798866373,0.8587280037610305,0.8177313546890801,0.7403591543539717,0.6725928637425437,0.6124496463554147,0.8581170346647027,
pre_model_seis1_20250809165430_831.dat---0.8530488308426813,0.8908797807257414,0.9046363597508493,0.8965486490302625,0.8882754509812516,0.8736225569466757,0.8422925273522914,0.8823118432323486,0.8356875423741833,0.8210706017916114,0.853637635500092,0.8642546694422046,0.8761230644343496,0.9098944171346612,0.9672068340501792,0.9596478500831964,0.95420324510113,0.987225506070257,0.9731919381121472,0.9592781773773588,0.9496443976338228,0.9210152918893972,0.8570047454672058,0.791269936454032,0.7910906855696564,0.7243572509073919,0.6495950170336164,0.6398574325944514,0.6887236034661217,0.6973364919139814,0.635402748948519,0.6666550384645146,0.5852762413592367,0.5063859842536259,0.45153231059468185,0.37282561111797036,0.40684536723036946,0.3310150559464936,0.4220456253567626,0.3827538531859474,0.44580001047438594,0.7538895165901379,
pre_model_seis2_20250809163918_553.dat---0.9703073882557572,0.9588788297456121,0.9510912775294422,0.9198390655450617,0.9014399801499359,0.9051872202121115,0.8825776920513262,0.8640599890552556,0.8582319163881416,0.7477169359106569,0.7911073994418409,0.8329632055723935,0.7711900286289076,0.8453331769522626,0.8931949586593491,0.8670937407134949,0.9422480020480853,0.9526130747723476,0.9445726061817741,0.9338876081968915,0.9124027607711599,0.9067037725044587,0.9166744764061147,0.8942187564759703,0.8702021681559605,0.7859244514908823,0.7489505490958144,0.7886286123190213,0.7996459420452261,0.8012578249331179,0.820064701827219,0.8332097179202307,0.825289626788573,0.8233824447041239,0.8131456938147986,0.8036269443537792,0.777487915819844,0.7723717585659828,0.7571140640324842,0.6927463273427418,0.6639437467204005,0.8473299110267937,
pre_model_seis2_20250809163918_151.dat---0.80441556323362,0.8255591232571615,0.9027246765261274,0.882992121707439,0.8631303494470156,0.9351319860447767,0.9247800515132042,0.8763992108832667,0.8838995236956414,0.8189936738878251,0.8030537472556073,0.7379339934372995,0.745760859421202,0.7589231066278225,0.8388499580312515,0.8884754416110987,0.8794240485970001,0.9466454890278678,0.9516106008313878,0.960343832340909,0.968452438783629,0.9630282457565782,0.9500545268007187,0.9199771942268475,0.8218081560819523,0.8050617347177232,0.677937069145454,0.7116774798539613,0.6516609886449193,0.6162583996774219,0.61308073596271,0.7711292087054333,0.8047022154184963,0.8166866643192565,0.7687471378421601,0.7212992716737059,0.6685985813669127,0.5711248091671829,0.49379638948135846,0.46087578778550414,0.5633318115508263,0.7943496635204945,
pre_model_seis1_20250809165430_86.dat---0.8977293149741778,0.9656176515048431,0.958992726044257,0.9648071400679962,0.9587002830122996,0.9576254756186671,0.9502487116945109,0.9088793867376393,0.8875534577427471,0.8721413978345957,0.8375409992423086,0.7919294759433508,0.8316263208916692,0.840935936932155,0.8596923797795883,0.9126585857771128,0.9242732505804752,0.9664979886777831,0.9181240796871949,0.9249456962291275,0.9192205171269381,0.9331073723235256,0.871872119226331,0.848522937318347,0.8474803207419338,0.9166531164904056,0.9178438374180605,0.8250287744379495,0.7702670233886534,0.7765487658750057,0.7904824662382078,0.7470075962695456,0.7440015519720606,0.6773452399826846,0.6308330921549092,0.5991737621609038,0.590774793944513,0.5913667691890944,0.6563353001273724,0.6611549846511025,0.6046308117590189,0.830491985652904,
pre_model_seis2_20250809163927_125.dat---0.8621362612782022,0.9046446024890078,0.8700632006857958,0.7426343055388116,0.7536639775940007,0.7523083145382812,0.623478646369639,0.6724957428044699,0.6110390119168628,0.5742765485671327,0.6577490568676135,0.6397507365994811,0.767613608740286,0.8389199711560518,0.938827600788205,0.9185682337211066,0.9197055455188698,0.8545551560520781,0.8838194320371319,0.8890752488702399,0.8816986117709416,0.8918700607936616,0.9266238060075623,0.9168196076316986,0.8500036384939111,0.7997825355265548,0.8673958866987391,0.8582109998810341,0.8376590464323385,0.7853478590470901,0.7216734884034053,0.6658000799316378,0.5945112277662028,0.5748440741639324,0.4366063613667542,0.4110870318131185,0.24522415678824155,0.23488021834330752,0.14443610911081442,0.10604388134975783,0.10515506752698751,0.6958780231946573,
pre_model_seis1_20250816100537_80.dat---0.9615592060613586,0.8846879705866036,0.9411518647230033,0.8887754878397183,0.8959624913244524,0.9121304027304243,0.8408374478131806,0.878149668306026,0.8330893412426255,0.9196458533356476,0.9533513608758796,0.9587966256197125,0.9524566643689315,0.9376551981566336,0.9757906516648983,0.9497696210567527,0.9266051845899792,0.9779651954334506,0.9428120427413667,0.9325481804771489,0.9587131359158584,0.9562059833322071,0.9431005325307447,0.9602225104140525,0.938768687187339,0.9348520320870113,0.929013746724455,0.9117133291560268,0.9167615765154034,0.9269622671201699,0.946178366826345,0.961208135815304,0.9634993080338449,0.9025355064055514,0.8462521570927701,0.8103532147719048,0.7479506660252933,0.6374091168882856,0.5578747143589002,0.600453788045874,0.486419931438867,0.885370467454488,
pre_model_seis1_20250809165451_47.dat---0.8710926753057696,0.8557435557147723,0.7903142023321194,0.7855282212756914,0.7782256481167832,0.7890193275667913,0.7643352510855927,0.7295226010529291,0.8209092354241594,0.8589608350688374,0.8596705510293001,0.8998907234326297,0.8985706730956102,0.8904008121363572,0.8731762499980851,0.8855836834526982,0.922508699596013,0.9433997540981334,0.9255094001283526,0.9668693391412221,0.970696513530937,0.953211969983055,0.9642423879283204,0.961105718783532,0.9418195242164862,0.9048997879358124,0.8776086748404388,0.8580180404741627,0.7694543719745267,0.8430554502262345,0.8890729803600977,0.9139014330539771,0.8738148960634242,0.828586235497306,0.69112556272593,0.5611806655542563,0.4976815983175457,0.4904468351252119,0.5148764250425885,0.5273883675913479,0.5645090648801343,0.8172177547111507,
pre_model_seis2_20250809163933_541.dat---0.9607709630819312,0.9539338185119811,0.9264794420408766,0.9039859520991783,0.8971242034525064,0.8424241322199714,0.846146996238967,0.7695689139680814,0.7999211066815757,0.7459765375183999,0.8179789294690446,0.8189619622413783,0.795696536781605,0.793513147886533,0.7096982334913227,0.8199610916862908,0.8243540214939431,0.9917975024812318,0.9729286665145079,0.9009029150215022,0.864553201187366,0.8323302874175795,0.8673464590506532,0.8741557356193749,0.8269784845963486,0.8658714344610392,0.8447103996682495,0.8132833075893762,0.7775514658960636,0.7814901386775917,0.8387037447042277,0.8029013383810718,0.8056038029074751,0.822578051103378,0.8107869149660404,0.7983263462363431,0.8114323599192232,0.835930075535813,0.8440519504832269,0.8717152861615293,0.9131923240751875,0.8437955654028778,
pre_model_seis2_20250809163933_753.dat---0.8832156712927874,0.8406002144830927,0.8434650755372719,0.7339581990402277,0.7171725145810083,0.6569340753595656,0.5224279213141844,0.5744079636355989,0.7287333376111581,0.84428262144046,0.9136685415028781,0.8978716869578536,0.9895820402573128,0.9916383712499153,0.9925111142119238,0.9614151783720546,0.9557511341238345,0.9364360206449721,0.9114213727122252,0.9153344504247092,0.8931290977467046,0.8568746046289428,0.8711652538649234,0.7885406620425968,0.8212654299248451,0.7734916488238123,0.748872136307332,0.755603732772974,0.8009727823265389,0.8003090240320148,0.7950294647371807,0.8107942295203583,0.7769864097325688,0.8667628929022463,0.8789573493713649,0.8931899296149596,0.8697709924828233,0.8571786328907525,0.7782600593124298,0.7490048610443242,0.7171504301957197,0.827174076317767,
pre_model_seis1_20250809165445_658.dat---0.7729290682461908,0.8697125012034259,0.8626364927357559,0.8853416426505981,0.9134705041342692,0.842258422385575,0.8748352995392905,0.8235262268766385,0.8143695615234664,0.719629259447313,0.6595162520041647,0.5212476393964688,0.49931872018264617,0.5025510719102824,0.6715415298349073,0.8417471305984768,0.8202478779646624,0.8489871583435369,0.9105610049054642,0.912075240739357,0.8839028989322968,0.8936559839121865,0.8977700218595778,0.8204790280740102,0.7076217288883857,0.7537939149618399,0.7238517998936368,0.7705062400138646,0.8058612663282425,0.753054972357407,0.8271185755557894,0.8054797159098903,0.8069511511978398,0.7833934765897467,0.6933428031966979,0.5059781538496918,0.5431821151491057,0.38196140988928445,0.5378065301010432,0.5683304816074762,0.6780775676157678,0.7489907912318605,
pre_model_seis2_20250809163930_187.dat---0.9450205847964321,0.9555562212566562,0.9494997652822769,0.9477664457883278,0.9410739751838189,0.9114455697577809,0.907761673910094,0.8957689129963641,0.9034337981425682,0.9203321720598223,0.8908581567322004,0.8188142980254022,0.8579805567023454,0.8774905064305074,0.8857462988610421,0.9444673938990868,0.9395336334521017,0.9082173929413678,0.9107201514343406,0.9272226377774462,0.928391774036585,0.8748478657450637,0.8728069798362272,0.8694047897456814,0.8975821526588075,0.8887325860332351,0.8411286228547994,0.795863635646898,0.8146962890473209,0.7778410649779016,0.7629565070753138,0.7484681190465667,0.7403121407990505,0.6724788326698996,0.7262907281702747,0.7148830951285673,0.7932851676423626,0.7810914072539143,0.8846541498677702,0.9473737046688419,0.9396073504870331,0.866131880702978,
pre_model_seis2_20250809163927_233.dat---0.9283894652838479,0.8906451784732504,0.9258257539824474,0.9156028502364412,0.8955585592874138,0.8729595017918221,0.8826215327143612,0.8514976670374426,0.885002105506776,0.9357786292057955,0.9413968617292967,0.9680750701635192,0.9624157545195672,0.9532435542830588,0.9641890359312353,0.9789529840016806,0.9766347124364662,0.9461865365607889,0.944921755804569,0.9507724056832823,0.9263638245153221,0.9272703805177334,0.8882984782252901,0.885248597241542,0.8667813272657271,0.8773790563444671,0.8614238888002363,0.7802682106322071,0.7595672931686096,0.6358010694679679,0.47702610798795364,0.3947666654333287,0.38532738416228296,0.24790941595551608,0.12084115192196412,0.1888448150923016,0.13651654908359886,0.21736521026089303,0.2530639616940421,0.22611689460701223,0.3003281675308497,0.7299311796229735,
pre_model_seis2_20250809163930_790.dat---0.9102278052730483,0.9295416015238223,0.9001027112512163,0.8694755141809494,0.899469051613645,0.8735256877379357,0.7383896245477262,0.7462678416109685,0.617412749282952,0.4519719086632273,0.4584491069373247,0.5873059770046007,0.6547449348471812,0.8160739171657625,0.8231624253651656,0.8551786319046307,0.8756791943907093,0.8885216025180002,0.8751812905224906,0.838212178333452,0.8626406032468443,0.8773247402730298,0.8369279180725053,0.8404235005771246,0.7302662043760216,0.6998715158524861,0.604453357558832,0.6239619516605964,0.6916326006562762,0.6976724807991536,0.7056408309859874,0.7050748666242821,0.7980909960997651,0.8117934791887632,0.7741496123424395,0.7717628683492213,0.7990251882603551,0.815360676081928,0.8260414826996512,0.7428602163372442,0.7390701824137921,0.7698277811495393,
pre_model_seis2_20250809163939_134.dat---0.4777137702020205,0.43817778361322984,0.7914426357974149,0.7312682207851697,0.7099774925843158,0.7002354522343933,0.7895990220079651,0.670574909567987,0.8406344294578852,0.8537106180247042,0.8712085303340052,0.8863886396021439,0.9060551730437099,0.8936980724797693,0.9449117044186406,0.9566579153987348,0.77142494353576,0.7616962248170586,0.8475369128874403,0.8622281162314995,0.8405535143078648,0.7747171899295339,0.7631001136968556,0.7428268484764793,0.6745003492212489,0.7373460266259684,0.737889248030223,0.7426666330851397,0.7156644283327941,0.6705594199546031,0.6157678053869176,0.5673790565502463,0.6590832159161643,0.674615358145151,0.709182926954857,0.6664124307592436,0.7383078150412049,0.7443157041392644,0.8186085552893192,0.8182032769884336,0.7899506642534282,0.7538241743441166,
pre_model_seis1_20250809165430_256.dat---0.7616220517757043,0.8238658173009827,0.8569290246012206,0.9060972554047324,0.8593659832997508,0.8603343446257464,0.8719082111337791,0.8727051773604496,0.9093163826155211,0.9432569912710527,0.9311841270168218,0.9728179324390746,0.9592743803232557,0.972929643047723,0.9104691619782834,0.9076352962017873,0.8746975240029629,0.8225926410580283,0.7959978999854591,0.7141263461143252,0.7230894912597121,0.7177736768320763,0.7039329994717793,0.6132380262678234,0.6395261483024843,0.5952480336550424,0.6768672966296809,0.6936146227419422,0.7113906036491312,0.7134423372391424,0.7131671616756221,0.6672326625528727,0.5955255972949483,0.5209727653690304,0.5522118181588881,0.5279116999040122,0.5713783302317322,0.5767765720480661,0.6009907358650858,0.6474214114409069,0.5616244498531968,0.7524503080975572,
pre_model_seis1_20250809165436_532.dat---0.8561732795504694,0.7432516121969449,0.8444640194451553,0.8673023989174263,0.8573647981029747,0.7933791870544221,0.7765737797810311,0.7837287698845614,0.8094167807293109,0.8533275630828968,0.9615106032460539,0.9728050873852034,0.971917687707561,0.7689527637986251,0.8523446140325731,0.8671069939370487,0.7365127869819799,0.553185739433354,0.6132262162239737,0.7088965033131432,0.7752302665776847,0.8774418255617766,0.8780470524312788,0.8370409803554278,0.8029143650162308,0.764178660551536,0.7377823866429015,0.7254532193600436,0.6809133185765148,0.7339308014773803,0.6996832662442878,0.5794622808192084,0.627518376671986,0.624499765241723,0.6011613885097434,0.5364110319232255,0.5086605155179824,0.5063732837604095,0.467933974253264,0.44311298750782746,0.3179198177736644,0.7296856280385076,
pre_model_seis1_20250809165436_121.dat---0.9608008486975783,0.9423772600377629,0.9406141537580639,0.9452013488002754,0.9346127669136323,0.9330059678077189,0.9222681383940965,0.8983631877540131,0.9243990951382197,0.9170674754158898,0.9305884293843083,0.9075980166991049,0.9075589814579818,0.8857296954665835,0.8961235727031315,0.9159454886989524,0.9194015503148628,0.8148408719713064,0.7912268617250133,0.7094660815007517,0.7655834315278426,0.7773467100147522,0.7688914382235683,0.783579752405302,0.7705289561523745,0.6891123074130712,0.6196894891818451,0.6810102600214206,0.621426535582191,0.6576382027571156,0.6520578729125397,0.6248490719706327,0.6293486128920577,0.6826274227580441,0.7105483194194212,0.7170183978983267,0.6556278529952755,0.7214560580986246,0.7284341250771811,0.7786692858487121,0.7899702963797948,0.8005513217602279,
pre_model_seis1_20250809165442_100.dat---0.6907958529473353,0.6486570595195537,0.5184664666999801,0.7365731464008725,0.46747226230100075,0.4672463878765281,0.5516059573860703,0.47463464004218336,0.44129246578841186,0.6241363994206705,0.6542851991146369,0.8115879227742349,0.9036862564524011,0.9652209458154847,0.9639499704126742,0.947015036648916,0.9855067676931746,0.9692061157795627,0.9156148489518118,0.900434544962865,0.8437226454922756,0.8108574235496153,0.8109168999868104,0.7191317401543972,0.6698295821104056,0.6350889549048332,0.7268381527784116,0.7174659717368055,0.7173914904238988,0.7101697911879571,0.7177695513176392,0.6966419557957507,0.6723583616530512,0.6544114271022929,0.5355267633249275,0.5868781586889448,0.5715123062280292,0.5228676771230096,0.5933276207605335,0.6207398058677382,0.5878876637716667,0.7014322485596917,
pre_model_seis1_20250809165436_617.dat---0.8983848350034284,0.88304766802478,0.8543607630662368,0.838035893801653,0.8350242429376117,0.8373726176721338,0.8088514751573437,0.7350440421800435,0.774613442073329,0.7583498357660646,0.7704781909443933,0.7340945376493642,0.8286952879900483,0.7698794605169251,0.8678964276383493,0.9116248555513867,0.9823804560362718,0.9727463534531001,0.9315645900148637,0.8909577971592384,0.8663701764802118,0.8367188288193147,0.8221381997112336,0.8905415957378559,0.8853539684826822,0.8848481238209004,0.8415395068925444,0.7564356873424283,0.7020461180880375,0.5779553728587622,0.5877154420199653,0.4927005454757274,0.5427880047775875,0.5196316026668006,0.518455019897747,0.5267827190020233,0.5139069067182804,0.6162980530505084,0.691050219365578,0.6972856534869688,0.7220289859843859,0.7652681342272225,
pre_model_seis1_20250816100534_99.dat---0.8461787024948311,0.8455770646731037,0.7753700670774812,0.7622933192375492,0.6992300777176748,0.7422122829401918,0.7070376517547532,0.6778982152092243,0.6748033425899622,0.5691289443762695,0.6792633539693607,0.7018753904596124,0.7889196144622985,0.7579854829911107,0.32629136894189703,0.3968847394804473,0.4523831326382549,0.519708729576332,0.6701612068782644,0.7582242107319684,0.7251688699495279,0.7092207434650871,0.5864288603908523,0.6165639660423321,0.5664597495573311,0.6625806658815897,0.5892804289120028,0.5305460042693979,0.5380719395215858,0.47066208783470304,0.5288778253848933,0.4310415405043252,0.4693932166584876,0.45398874416523105,0.5067564780960178,0.5524986503949094,0.5942163092932603,0.6863113697704905,0.7168128311708871,0.7901553861402653,0.8288578634940101,0.631837083636531,
pre_model_seis1_20250809165433_638.dat---0.9212271142243558,0.6425137745219761,0.6928344132195674,0.8393408031976645,0.814549984897719,0.800487718248945,0.6768162037431905,0.7947606238534674,0.7468710440776728,0.8499357984976198,0.9057985151278883,0.8995163319272329,0.8828737915908617,0.9290273060396749,0.9284579905671597,0.9420477355701626,0.9698624327502586,0.953465654646967,0.7363644307914506,0.6068867840759208,0.5092825329673016,0.6407752163013208,0.7852373408159292,0.720043269192597,0.6117689177899379,0.644633088789408,0.6160561703871116,0.6084223954317419,0.6257022949789491,0.6112768584445941,0.5923751046934138,0.4747461918819432,0.594768836257902,0.6723293927187387,0.7296053632386675,0.8015424474082293,0.8817248784560102,0.9132995587795072,0.8570878737452927,0.8398480464715071,0.9004839765694561,0.7601133708997394,
pre_model_seis1_20250809165445_400.dat---0.9593826362602339,0.9643351598372534,0.9598377682981132,0.9474675738212593,0.9415045056461453,0.9173173170146292,0.9205575086690669,0.9052826542185992,0.8815902976659283,0.8890125226746047,0.9092536867565426,0.9115438691416209,0.9316192497483385,0.9316016521145345,0.9384803618158912,0.9380804632418541,0.9584852925570873,0.9774168666023705,0.9873877211039385,0.9525281087992588,0.9296978952175196,0.8722204223137185,0.8680584844258651,0.9002958189703637,0.8878234592086199,0.8907808308731853,0.8950923714257147,0.865101996753764,0.8479414655071501,0.815251398619529,0.7762010655940209,0.7297425715724367,0.7225720233034421,0.7363217314848509,0.7377307175921501,0.7351038900024657,0.7623004093357536,0.7635564239400149,0.7695289448405955,0.811497047187567,0.7981309690710797,0.8740886622738313,
pre_model_seis2_20250809163927_219.dat---0.9382092353536416,0.9090009576127313,0.8718656872001345,0.8948262878670137,0.8084465600117344,0.8635238467595877,0.7930342074354623,0.7327883393116069,0.5948610773518186,0.7290491441847163,0.758825095661924,0.7012638320458037,0.8290248505930234,0.8632980858020772,0.9046330445496019,0.975770293973676,0.9119196350215577,0.8992431933964181,0.930060007783021,0.8945694404851648,0.8934729215186712,0.8996458123955113,0.9119984779729828,0.8262859282586155,0.6209569267151898,0.567165901637168,0.5167357993679629,0.5681244026692243,0.5600421778823793,0.4626287610387592,0.4328772123552454,0.4355607283149588,0.43725271578593733,0.43483189082800505,0.49139514631344483,0.4188575790994638,0.4974489969079879,0.40605853811269876,0.35932834011126036,0.27382070897476546,0.31682765428887794,0.6862324254378006,
pre_model_seis1_20250809165433_724.dat---0.7249568431829801,0.9129153026367371,0.9135751691850124,0.9104435934065791,0.8769541450125841,0.8109689238363559,0.7581813605146862,0.6812294078026677,0.7100242514721024,0.6792724358825997,0.636688686154395,0.6468320848101201,0.6386113529960601,0.7121335176554019,0.7648483550265872,0.8680516837261599,0.9262973820456961,0.8278459321222824,0.7979666445969184,0.6986870225156994,0.72662750831207,0.6953195273658573,0.774531553724929,0.7652850023160789,0.8042401985893151,0.7734779428737483,0.7228169007918906,0.7793640856462276,0.7041379179132148,0.7186712867975003,0.693066980151866,0.6148939345346008,0.6793019078988746,0.5871460307438929,0.6836710499175388,0.6895774819402425,0.7265311251611081,0.7681471817872765,0.7152826842240074,0.8005869166830301,0.8280305644569252,0.7499315091807762,
pre_model_seis2_20250809163927_836.dat---0.6278480873331808,0.8228792628512728,0.7439256572381928,0.848662653697048,0.842392850499064,0.8932943873175447,0.8925613849096468,0.8963931957305626,0.8539233839015208,0.7000314547884415,0.5564789385821028,0.4866235102702312,0.4248795706728277,0.44572443741716855,0.5780991194684227,0.5620848975299139,0.5991605445225909,0.6316212712169784,0.5928672652626861,0.4915916768330139,0.44740231094664423,0.4571758054816802,0.3261516415037145,0.32269114955324446,0.30040708849174136,0.2962722899377704,0.38695001819713293,0.43338848018207704,0.3864695230747085,0.48689793156492234,0.5378686267636696,0.6116749011218783,0.7312117186143282,0.8150912988302482,0.8195203638975151,0.8796330302511643,0.8438811023016453,0.7710727182753052,0.6678963400481153,0.5500327042704592,0.4959823879986407,0.6111881702768054,
pre_model_seis2_20250809163915_492.dat---0.861481625202081,0.947063588974435,0.9150177225870239,0.9084855162116672,0.8643672909165814,0.9082322948384125,0.8983349523312198,0.913669865328294,0.9365143301707541,0.9510944602416785,0.9643146559320285,0.9330769376010578,0.9058123840449139,0.8983101662134247,0.8593354717157088,0.8951976572669998,0.9466285918980148,0.9446518606563523,0.8960085383436811,0.8827863470873664,0.8065438450632562,0.8128620870165131,0.7559533447959318,0.7261840568637207,0.7446066329639639,0.7114669239450774,0.6320976405976285,0.548774184586251,0.6436828224167513,0.6010788447099964,0.6488940960142342,0.6945283704142869,0.7180672626371896,0.7314625761006749,0.7725985970056043,0.8304253104200233,0.8642531875233934,0.8514578238283391,0.8654486031515193,0.8239365057995877,0.7428715878754621,0.8233555746656366,
pre_model_seis2_20250809163924_715.dat---0.7732923764556016,0.8484652831033991,0.8948756919069618,0.9213621597950243,0.9068417261631833,0.9167601555276608,0.908108843802498,0.908519415706451,0.890439170093721,0.8174346778092578,0.8185195764538257,0.7176680292022938,0.7769361076896918,0.7713975684502414,0.8333546436780099,0.7611087977722482,0.7620180677008862,0.8393908154432412,0.8188098273060287,0.8512756638059696,0.8193131614314971,0.7822071160106018,0.7357196391879356,0.6702115097610472,0.5504062196562616,0.595425086481862,0.5029389096026582,0.42920705185816993,0.31101268132854837,0.24974614858211205,0.18106885179202428,0.1925668641812607,0.22519250153651243,0.26803386578114813,0.27652723727429507,0.3389884034308166,0.376342978957308,0.44795383304631825,0.41940886602491534,0.43329172684865846,0.4089753114629063,0.6329540624903184,
pre_model_seis2_20250809163936_493.dat---0.9417629970997108,0.944658084634308,0.93848339234958,0.9541046065425596,0.9370955252836223,0.9071363802591005,0.8960877145573083,0.9195347243604542,0.9378408307152072,0.9351543101263006,0.9581361356559039,0.9651617300794467,0.9462953045225124,0.9267547807839873,0.8740457175381058,0.922347018043861,0.8544983222676189,0.8135174988213302,0.8198379485006182,0.7104721383243394,0.7693476936522863,0.7922993559573949,0.7522376944634154,0.7140069141009278,0.6750013490930378,0.6938095659768855,0.6015027119273335,0.5845870641691541,0.5775936119085733,0.5795812026814154,0.6560176083059114,0.6795136713511271,0.788464449932866,0.8278400343369758,0.8214705155083476,0.8279464483458459,0.8202358731479586,0.839053403829768,0.8457532136000983,0.866357916489907,0.8985114027027872,0.8222940698036071,
pre_model_seis1_20250809165457_24.dat---0.9014732796331241,0.9350508646233185,0.8939817099657038,0.9136446525667855,0.88112734707119,0.8308971232544174,0.8535267282647463,0.7899858326711888,0.8519923998471577,0.886127466986281,0.9049759692252446,0.9101774491507114,0.8797413911722386,0.7778702042374201,0.7579087409223251,0.8439831459246957,0.9069296911792026,0.9137678473954486,0.9489157777086467,0.9162818613390205,0.9253266896316639,0.9340421847029204,0.8613658608932515,0.8844137097181765,0.8904832091010172,0.8768807254527538,0.8273082744790282,0.737448570581521,0.7164713502488121,0.6735980821869593,0.6655679813751356,0.6492605828468159,0.73810410214592,0.8146458573517544,0.8162505451517972,0.773341432058597,0.8249971858885595,0.8092307311105337,0.774924621658803,0.717308224560013,0.6940550913048049,0.8317898657460415,
pre_model_seis2_20250809163939_420.dat---0.8258594761257975,0.6480417411623621,0.823433127857906,0.7068648351494631,0.7821012252561491,0.7753106481955298,0.8366441457761608,0.8802673091376779,0.8564702544975755,0.8969255868223286,0.9004810830380958,0.8874809488438858,0.8754827717843668,0.9153252650713557,0.9452164885298346,0.9760253537997249,0.9850184447368651,0.9447725806321814,0.9250124917637657,0.9009072021421821,0.8751608849474396,0.8832052794660343,0.8869894782698989,0.8198657007208581,0.8140587074376796,0.8367821476224377,0.8176395681866689,0.8025177573694693,0.7300107464853461,0.6396784597130825,0.7267991184911643,0.7612444678019804,0.8426139880270441,0.8427063203545679,0.9303823699229958,0.9640741950936934,0.9447889694569057,0.9433181264660192,0.8714344283869765,0.8772786576680904,0.7540464258791527,0.8500545555631881,
pre_model_seis2_20250809163933_398.dat---0.6649171567652477,0.6907606936399309,0.7770864955238268,0.8195385012015995,0.8182223339173967,0.7963389031401394,0.7803368097391233,0.821262110693227,0.7415046379718866,0.8574501184593739,0.8632546575611659,0.8739785066227346,0.9262997753010255,0.9398784393982066,0.9382428772114628,0.8811275601361004,0.9347322116903953,0.8917310610747665,0.7887396843522989,0.7636111474480074,0.8112152879106611,0.8204883541185972,0.781853398648383,0.7485661252875182,0.658791319132242,0.6639845278804148,0.6842108084235884,0.5784995757981757,0.5937799759459444,0.5616856409637759,0.4500970381320412,0.47185413387777747,0.4661911238796154,0.5027438146927474,0.5002686927833532,0.5362450346884724,0.5321489650957781,0.4985276241167721,0.5495603671729474,0.5377271742293454,0.5532996950921624,0.7090427404809325,
pre_model_seis1_20250809165451_215.dat---0.8965813698988775,0.9511114950286198,0.9795145059373718,0.9766439802667108,0.9726208752684926,0.9645931030239125,0.9339852005433981,0.9022458758968549,0.8520728348986019,0.7740048725773915,0.7033642850992684,0.7236622850525374,0.7235686022257843,0.6674733397369473,0.7053813150897413,0.7019713967402744,0.7184520654379591,0.7707360650308511,0.9667231721809308,0.931206784959551,0.9332786357054074,0.9225672212894714,0.9472114717575092,0.9530538822925121,0.9653401132363332,0.9446324190623212,0.8936535207263251,0.9148720230046581,0.9099383889787837,0.8690375007559474,0.8453458045215688,0.8120836666466045,0.7822735819716964,0.7930163752013051,0.7401087722829592,0.7817236302881098,0.8402774261776397,0.874329271361767,0.8216016743340299,0.7638219134441391,0.7271766956071678,0.8500306686229351,
pre_model_seis2_20250809163930_401.dat---0.8382952893881873,0.6622294118426945,0.8432091746024278,0.9067244492729308,0.89123457663117,0.8776234419492491,0.9044115527503406,0.931977972059246,0.9447309105233592,0.9552156296428894,0.9601556768834271,0.9692294771942247,0.9310520871969825,0.9550087652459895,0.9216569384728971,0.9204688662010715,0.8443153437056389,0.8841244499592412,0.9094291041172029,0.8019326558625292,0.6556666796139581,0.48366214128155915,0.4266685541427317,0.48897429007804966,0.39521225895512263,0.34134416179136384,0.49422691116631934,0.5253986678563941,0.5277268374106655,0.552966604594056,0.5933858948518227,0.5977817803148675,0.6217894888331792,0.633180544009904,0.7358041504411114,0.7665234015679749,0.7756498712097682,0.7497727606464231,0.7684815300390039,0.7315828394975936,0.7452412015995385,0.7430260083756856,
pre_model_seis1_20250809165430_706.dat---0.9322411032973863,0.9257658949798008,0.9036123020522258,0.9481349912785967,0.9137727604169755,0.9244548300092084,0.8978196441851151,0.8456198415258311,0.9092987292890756,0.8404873750860883,0.9207833192696536,0.9532369305036184,0.9465133100716534,0.9709585227477557,0.970163473383011,0.9827250551463387,0.9823670893814707,0.968245684355297,0.9654045981962224,0.8721979003669215,0.8633550394409746,0.8713687455443445,0.8670338105250863,0.7575397302194133,0.6856541700794629,0.6883788642720124,0.6735235725427456,0.7367566196553095,0.7999895186662948,0.907467129209434,0.90246965910269,0.8559599734297286,0.8181243510517968,0.6316149647291176,0.572584789245115,0.6055585894069653,0.5533216355367044,0.5139948148580665,0.5065982470375575,0.4936348621717579,0.502418895102956,0.8141744228626775,
pre_model_seis1_20250809165430_876.dat---0.6904723769100134,0.671650719586595,0.4420067694087445,0.6418338725854896,0.5201051266715278,0.58875150905869,0.5587412374573638,0.6178561024374434,0.6193627268011774,0.5705846303158504,0.4256938111412016,0.36629376779645084,0.5931319345306075,0.5383968595265517,0.6048526793800211,0.8295579172704747,0.8020621359388688,0.7536044138488873,0.7594431202165108,0.8182647323601743,0.8147477809295631,0.8305267679486101,0.8501205492544062,0.8749180068076812,0.8764706033295367,0.8406567166255374,0.7831317436762298,0.8389622018180863,0.846323870731711,0.8770755369454674,0.9349005583712346,0.9380148979677189,0.9294449428236683,0.8141089350122507,0.8614682566082112,0.7689588107620005,0.6972585419809949,0.5953836544463381,0.517269053546836,0.4976086914505556,0.574371096458085,0.706692381969204,
pre_model_seis1_20250809165454_262.dat---0.9311113113964089,0.9221797328541322,0.9221907778021534,0.8510901030843852,0.9015779504215174,0.881675188410243,0.802559179586246,0.830956759127657,0.7745918551623127,0.7291918940919274,0.7183157944828298,0.7314005046692086,0.8339171049438532,0.9182706081199838,0.8609220406346025,0.8215752706170335,0.8607371940530913,0.8669120323644751,0.8836632125847382,0.9135046227200464,0.6055264045051142,0.6028142433998469,0.5371883511864789,0.6734614308778815,0.6277234218367268,0.6120225499780385,0.6455280250741204,0.8263439789954299,0.8630169207498061,0.8761107879036746,0.7911770494443724,0.7879090334358175,0.6709138897609142,0.635877282997124,0.7273903257773244,0.8290499366715504,0.8820559448389291,0.8690841783275557,0.8460303017865445,0.8110102112469104,0.7981142619880568,0.7920656504368064,
pre_model_seis2_20250809163924_701.dat---0.8591532736875483,0.860881015299913,0.863692334198536,0.7660502375295101,0.8518483506920743,0.8122280848854638,0.7560150292030802,0.8088151553684674,0.729340628225067,0.7294658806255697,0.561318241442164,0.5175556026292497,0.9165756972148662,0.9151539491117074,0.9173827501417082,0.9039967807101345,0.8983997994018922,0.8601043340391097,0.7584666477029186,0.6486261618505754,0.5581237778434124,0.5976004054883955,0.6132042469959106,0.5476076664414065,0.4009452644452742,0.3468452653931149,0.3908782893757894,0.3960507839067316,0.4604205880496805,0.42247134012665666,0.5853464945138521,0.6974043589127793,0.8552651705268817,0.9288591890175785,0.9384857406398697,0.8625992600740099,0.8353543553912339,0.7774498124784279,0.7340750314032933,0.7171743491444837,0.6384336788438773,0.7131625615359076,
pre_model_seis2_20250809163939_696.dat---0.9402542029756599,0.890113571735327,0.9397603118383785,0.949426924169617,0.9447384022953315,0.9299539825521937,0.9002013429695532,0.8690856953290543,0.8593570643035667,0.745041629197035,0.6647205585182171,0.667176907477333,0.6635607352051206,0.9133680897024161,0.9527816532061925,0.9617858735084597,0.9078503780359328,0.8343795256890469,0.8089235402480348,0.7671585132458152,0.76367513427592,0.8091916082468769,0.877214291785244,0.8788169586603857,0.7947874869340792,0.7848636567060402,0.7201588647480286,0.6381675533607851,0.612250075947181,0.4925132324574587,0.5197306942945776,0.4302328506738807,0.5381214240190774,0.671849884194711,0.6198249154039229,0.7803751308437181,0.8187920313821604,0.9067364757684812,0.8952485681477718,0.9287896859574786,0.9056795566308664,0.7926014386009985,
pre_model_seis2_20250809163924_320.dat---0.9559113312328826,0.9524979315920084,0.9488441816995912,0.9551789899990174,0.9638027974714598,0.9487211508479881,0.918560193116843,0.9050637380572724,0.8284710732917088,0.7548503311165944,0.7361648027096908,0.8323201530914598,0.877915238753617,0.8861636562779446,0.9564442103424284,0.9675298769277584,0.967497032711209,0.9412881555268067,0.8657101005395097,0.780014538027922,0.6610443138987672,0.5333109698930727,0.6557119565608186,0.689391863690634,0.6629461079519082,0.6756837733230658,0.7258557961802187,0.742355634825634,0.7192311185523745,0.6516643963779747,0.6667346997909398,0.6701345516607626,0.6972589747341972,0.7048182991317723,0.6911816874799996,0.5816932231356009,0.6265207173044525,0.5381291761444493,0.4433073060611219,0.4710816409651943,0.47262582454890967,0.7615519881840387,
pre_model_seis1_20250809165448_792.dat---0.9268108019761323,0.9196153301142928,0.8587339503394231,0.8607356429161083,0.8489743163418655,0.8269757542829927,0.7066366139607685,0.60082013161007,0.7068540667141386,0.5756515720057753,0.6897020227714541,0.684238364889857,0.8260208753257399,0.7612431251150236,0.9125760696021228,0.9599727620374873,0.9531532956333351,0.9470775175260842,0.9394204579962774,0.938918714768862,0.9058932903734508,0.8732751429507606,0.8240323155261486,0.7365950337605619,0.7909362317044695,0.57813790363297,0.5280693820912108,0.5628906930792233,0.38873653910885536,0.44471304048479066,0.41713341154672556,0.47233728385335305,0.5786862805107049,0.6887837776923245,0.7262331137661645,0.7084469255551569,0.7580623826588706,0.8112005558402188,0.7742807327256495,0.7050014496793596,0.6965585506552135,0.7418081810518048,
pre_model_seis2_20250809163930_564.dat---0.8324941100854983,0.9157496159995182,0.8772177115211459,0.8704504007346429,0.8592470773757258,0.7704521566180625,0.7366208392117352,0.7502757264988217,0.7143098477836163,0.61276993830746,0.5332201371382532,0.4835551503330033,0.5043281454348637,0.569271297763189,0.7377239283205517,0.9407958598928965,0.9139542885717082,0.8681680516996737,0.8825769537976841,0.9057066231274029,0.8952613147091358,0.8577568834642169,0.5097947145523364,0.48860789988925435,0.45791826371684996,0.38708893518209103,0.4642410528086696,0.35934625533920794,0.4476310016856536,0.3728459883646551,0.571917446570356,0.6407062585703417,0.7297481297411155,0.8552520158069449,0.7675827743622438,0.8004237510364693,0.7858919575874221,0.8147871502354944,0.8864987633181164,0.8752577747490122,0.9328659080654639,0.711714929267573,
pre_model_seis1_20250809165454_610.dat---0.9180605743834118,0.9609581613470697,0.9620573610506377,0.9632911290276165,0.9346854243170002,0.9674584111717929,0.9516468739401893,0.958371764413234,0.9543557191925742,0.9644272464458173,0.9371604171535888,0.8983151690484973,0.8928727609637436,0.8147058314849028,0.7859337971681208,0.7757738032992771,0.8330566787073244,0.8705562696631638,0.8709454359249275,0.9150412252450958,0.9001941592225927,0.9277506798728568,0.8993725161891044,0.8603348143112706,0.8609907536260882,0.8632361147999601,0.8629812174894357,0.9134519735618342,0.9114094908592378,0.9579429784136357,0.9568579488540184,0.9616256768044931,0.9652042377164451,0.9583525820802586,0.9483831724557212,0.9560254507264377,0.9303172587866092,0.8921029316167437,0.9133598786168549,0.8925630132492514,0.9039848268513693,0.9113686763427366,
pre_model_seis2_20250809163933_90.dat---0.8144302878690357,0.6680798707425211,0.7735878773106531,0.7476667311441838,0.7617569909020603,0.7020850250617962,0.7518303052324907,0.7081713224667675,0.8110998391575135,0.8709254482219307,0.9043875778084416,0.8977750310351051,0.9211806097457028,0.9288527451137413,0.9713902643626507,0.9579104684592133,0.9203894705713124,0.7157059718852943,0.7277260150715537,0.8584220155388562,0.818658946144777,0.903434373892449,0.8850414872022511,0.850369243424882,0.7861960137574724,0.7961438478634986,0.7814425219529295,0.6489426326700986,0.5945356442518192,0.6853289809410137,0.6809095457074588,0.7119743427049767,0.7407004876608566,0.8097236813904598,0.8357641158607816,0.801031938420519,0.8332985075787689,0.8365682512389688,0.8773324697116739,0.888057293657927,0.8801770222624816,0.8063172003901677,
pre_model_seis2_20250809163936_374.dat---0.8989562292947477,0.9492323194140297,0.9166927684511224,0.9381370286103448,0.9284642999340879,0.9170996568616925,0.9060101338555024,0.8735323691984435,0.909917438877985,0.9196258561669046,0.9255611353099417,0.9460753075150932,0.9557121012669513,0.9753206839273214,0.9534524964847599,0.9580147197333936,0.959353173074663,0.9347747030959925,0.8687719373371888,0.8536956767843126,0.8580398955287383,0.8145077885761965,0.7553164877152244,0.6219086517295205,0.6704010708056929,0.6579747628310332,0.6501648266031514,0.656753668276424,0.6362823802615103,0.7052928368048993,0.6498088573002899,0.6914840627613018,0.7244108815008103,0.7600011742226862,0.7637347719686213,0.7723664685704444,0.8183196695402913,0.8243077698548404,0.8195363322215344,0.8061919162826665,0.8107920636438244,0.8281950334681504,
pre_model_seis1_20250809165430_549.dat---0.8730543183255598,0.8864564563204202,0.7950477777963031,0.8777260476374492,0.8289975614990416,0.84489081307681,0.736566154185475,0.7744913109655216,0.6419855530648498,0.7595204949392297,0.6646159185564297,0.7874827691365476,0.8926249068251789,0.8101390104372513,0.8269471674455063,0.8342613081481438,0.7923006800028262,0.7659772520154842,0.7361764178003775,0.7094823225313653,0.5729935052293728,0.6424342904791303,0.5413376729826109,0.5904069028510074,0.637431983470717,0.5579650419908085,0.6185993290217771,0.6580263590144814,0.7149131063906511,0.711371986780319,0.6961471946550496,0.6488028531184732,0.615081636415342,0.5762234877146813,0.5592892339825125,0.5694040913440721,0.5523477081300534,0.5396850709761151,0.547145629976256,0.5540094372266317,0.5130190718524814,0.6940336544954223,
pre_model_seis1_20250809165445_576.dat---0.2875828974241331,0.7364985727773145,0.6900128708819825,0.7740161065591337,0.6156787288908152,0.5760628943826717,0.6966317938343072,0.7566558912718374,0.6444150043075993,0.7166099010949585,0.7744227858437764,0.84507807732921,0.8802574318831397,0.8886273311836279,0.8150620746928893,0.9772996630456094,0.8511587603054913,0.7411464852707751,0.6854079842819649,0.7362484765580272,0.764052818081373,0.794530344767728,0.593186217988753,0.4973925820521182,0.5087348640504354,0.5912505978888306,0.5516146098028302,0.5742618124171406,0.5856170070828577,0.7141526684491045,0.7652084038009471,0.8079323895504164,0.8656704608274437,0.8435168954211721,0.8024816969388209,0.778241275618355,0.7762301521588962,0.7281986211860424,0.7204810728504212,0.7564092204483756,0.719011836360325,0.7177329092576011,
pre_model_seis2_20250809163933_816.dat---0.9250546605639659,0.8548383010846323,0.8988395084085439,0.8862903444681683,0.8649346913415688,0.7877365246348176,0.7939077082161009,0.7596917394790333,0.8147259050603832,0.7572313171624615,0.6471309770026291,0.6785274171513791,0.6002811447753807,0.882344986383551,0.8896536658358435,0.8747331600280688,0.8288875461907097,0.8663059762260175,0.8848329983655833,0.9038150349189972,0.9224336929484616,0.9175575297635873,0.9181900113274399,0.8500422175489332,0.8356023636349575,0.8710873028543259,0.8755123964390652,0.8561254979472653,0.8455765204628574,0.845886803803467,0.7867467226613579,0.7982044612664648,0.8085449819405407,0.8097069869449576,0.7453356271297448,0.8226467505866861,0.8720064769988035,0.876959043519834,0.956572374917352,0.9572010914555469,0.9710531573779153,0.8425062346055462,
pre_model_seis1_20250809165436_272.dat---0.9180573804123507,0.8542612084806344,0.8670671281584253,0.8886445667987233,0.8729066072988965,0.8540331126135285,0.8644407303741236,0.8549270501041866,0.7734814094269713,0.7108082674921548,0.6817832644755134,0.6185923030155172,0.5681780404041831,0.7481681556190479,0.8973835817784057,0.8461605440436664,0.7679196399847193,0.7908875005744287,0.7833380514759235,0.7956795581242523,0.7726675658192136,0.7718335187886156,0.6901159762475768,0.6471196507672293,0.7102038869549813,0.6580545963611422,0.536626232800393,0.4255138550959325,0.462630378907413,0.4688703578307054,0.4249036536015073,0.3584809603200576,0.366345966294501,0.30463514492542804,0.2840565114569487,0.2545817347682749,0.24608302420708644,0.20523187248129998,0.15433885095579986,0.1780220027232186,0.16938147080782656,0.6108881783602635,
pre_model_seis1_20250809165433_500.dat---0.31268407009840354,0.8038213594945627,0.787186541937658,0.7452341852123885,0.6608912043819863,0.7562365476089423,0.7215482934511719,0.5474156758941733,0.6940470143753428,0.779949987117919,0.6935735826335042,0.9439740972229342,0.9610070710358898,0.9455061505207452,0.9976725866046788,0.9569157652095474,0.8845760479539069,0.8003371492179364,0.880798117480615,0.878290294795189,0.8566406574958798,0.798381831960931,0.8502391573722246,0.7365677179101998,0.7687151375502296,0.77836132312707,0.7577754021481925,0.7858270655649784,0.7306133931505872,0.7151158129074969,0.8055800371344264,0.8012605093630906,0.7118848513703786,0.7709535615843957,0.7173539720968071,0.6463922581461995,0.5601059295229562,0.501942664054814,0.38803275432564216,0.20154962251187192,0.23101003386395888,0.7284382789124348,
pre_model_seis1_20250809165451_898.dat---0.9097191013913517,0.9537705068540773,0.9450209659638319,0.940536492513097,0.8833733107626677,0.9108734075782147,0.8789559705922843,0.8437467732814868,0.8367859149821162,0.8362123409533757,0.8599146886671505,0.8647063826943541,0.9034829995875265,0.9495098659420147,0.9696549311986375,0.9623526298658684,0.9183404272281143,0.9087778605396435,0.9068651703546076,0.9074633255111184,0.8026622515933981,0.653308230264815,0.6579410553758958,0.6650010733247845,0.6562636970534044,0.43148675692042626,0.490171029658368,0.398355639677506,0.42402348530027145,0.5098189952257856,0.49865371212535464,0.37038091817349666,0.4097948212652768,0.37210175516937,0.35333575538935424,0.48383040693324353,0.5472854745581464,0.5119558573492632,0.6450119939866098,0.7266670716053868,0.7405720451821388,0.7180167095754594,
pre_model_seis2_20250809163930_582.dat---0.932628217239437,0.9519619591552418,0.9153333031014269,0.9118570148980589,0.9341516831563813,0.8995657113841791,0.864599894809769,0.8725881498145713,0.8076385384452295,0.7879542349573679,0.771167919244501,0.8281804410755549,0.8753969964728183,0.9317055487455895,0.9785280058219954,0.955087338716737,0.7502991898515422,0.6501375260751797,0.5615411140934683,0.486007514969806,0.405945561567943,0.5084095609678376,0.7413051520379826,0.7462679696462532,0.5542705378484467,0.4460288790814165,0.49107515825576215,0.35244399178724645,0.4115233455614984,0.38930465021283667,0.42383472558873814,0.4474325627662778,0.49996645088969927,0.7088906732770974,0.817339052510049,0.8972531631240329,0.8944780698459348,0.8148332933190804,0.7233727162066168,0.7136873763361125,0.6662968223024703,0.7151290247600531,
pre_model_seis2_20250809163915_12.dat---0.9567680585127895,0.9570052575816743,0.9460975482699371,0.9297556811140509,0.9154207937781056,0.7888465291980982,0.7677307783173476,0.6691651417136885,0.6668919321033109,0.45933468719023723,0.7558923079590657,0.8149425341012295,0.8623439224349346,0.9081951889457996,0.931438367244553,0.9046999967632765,0.893180771948636,0.8537791512797834,0.8507674395209144,0.7943234609014398,0.7271384604612429,0.6064865236552968,0.7122500634989086,0.7456929755723445,0.7732802741997788,0.7677652223391607,0.7585486918817369,0.8222755746121716,0.7966443887356065,0.7893996655552264,0.8037022651158409,0.8649354837796736,0.888119455406192,0.9168101811253971,0.9486178843333409,0.9062817563622528,0.8712623528068413,0.8332676598725705,0.8049195865556134,0.8226836849959388,0.8285077785272841,0.8198821823968607,
pre_model_seis2_20250809163933_177.dat---0.7818803911840667,0.8677776995017819,0.7692089470272016,0.8808906675982214,0.8750749995202209,0.8270807103326642,0.7091388311971814,0.6294883989729123,0.6797911591263597,0.5916599052649728,0.5701698271391726,0.4720465063678945,0.439132889453772,0.4248158259340923,0.5667601007364815,0.7422175102586005,0.9019625613783672,0.9335094968435345,0.9106201190391683,0.9152735090990309,0.8949034638009693,0.8607639289240456,0.8721086159932507,0.8332966269471932,0.7536962070011547,0.7459764613326737,0.6784774754556965,0.5374436772149298,0.5865055860390193,0.6252621593399225,0.5029128709167172,0.5699828929315452,0.5052942135229765,0.458245215904936,0.5107686718882645,0.523148203268172,0.6521718948154954,0.6417039746060662,0.7456649718202573,0.7348045679982462,0.7650907886157111,0.6947981103490961,
pre_model_seis2_20250809163912_401.dat---0.8110193710585955,0.8754063940877651,0.8643983038943589,0.8101671882278331,0.809336535130141,0.7857915030865877,0.6370107371100728,0.6642300112171752,0.7074280120281442,0.6447277945476041,0.8498135038193738,0.9205490901288803,0.9351906795881773,0.9667439524414928,0.9705299375734933,0.9400335581715846,0.9402842956048156,0.8868517998441272,0.8671013603620684,0.8232588216850364,0.8087228818652965,0.7919801362369651,0.6764442891168405,0.5422676821041782,0.6387513402302926,0.5031588811110395,0.5725340558779507,0.7323866873104559,0.8430086291553406,0.9155585913725034,0.8968735702491785,0.825919001939819,0.7545491533720092,0.7431288236836037,0.6687212381404324,0.684111956354562,0.7243640269474186,0.695356652129092,0.7315986070907781,0.7624265801758691,0.7511838581941508,0.7798273046893929,
pre_model_seis2_20250809163936_53.dat---0.7721417129257557,0.8491227129792446,0.8245498175057924,0.7391920187114717,0.7318121376733795,0.7221912805496755,0.6883108044997706,0.7367572075768978,0.7694652904816985,0.7639404088241138,0.76949471984295,0.8794035051545246,0.8356913575101611,0.8225500709872572,0.8859400974606633,0.8978977259070112,0.900136270078355,0.852837137001808,0.8225068697456014,0.7797937381299488,0.7984428798326697,0.8074365218644336,0.7041693157508219,0.6331425798965042,0.611369916725252,0.5223613975613564,0.5078547176048009,0.4154418582696994,0.39791391883815586,0.3296638659182139,0.31449996219873394,0.29672748042487895,0.30938041040331216,0.2806282146871378,0.36113258214495414,0.47101356160789315,0.4762751237881959,0.5495895287882938,0.45614753048960877,0.46981809929848695,0.47283717095241556,0.6397458907461439,
pre_model_seis1_20250809165451_612.dat---0.7622958283281548,0.7943458936685074,0.7712379638809118,0.582068893589841,0.7228628590449832,0.703453829826971,0.6213589897428023,0.6559475666079088,0.6388012481063718,0.5920314323231057,0.6178283896607263,0.6155924568467375,0.5809401839220469,0.7548916821229601,0.8692515716260844,0.9095517026780097,0.9178115787835723,0.9517426195236933,0.9388175762008678,0.928078487777708,0.9017542768523027,0.9021439556828766,0.8867115719750965,0.8821267296212549,0.8715503549571078,0.888684137545345,0.8679745575885215,0.8893488489972554,0.8781926254688812,0.8719627264214287,0.8358611290628568,0.7760407505224359,0.7321350252667826,0.7373801194417693,0.7443934690825269,0.7347716821486695,0.6335996881527944,0.6429514347742542,0.5999511240043208,0.5992157576319092,0.6303968705624411,0.7667331119517756,
pre_model_seis2_20250809163930_178.dat---0.9001649009218694,0.7794034803738704,0.9327998247628577,0.8901734131901056,0.8769187200691956,0.9091135735431702,0.8407816578852715,0.7966898072900829,0.7383916998149423,0.587181413345411,0.6899312701982656,0.6727511419787982,0.5615115413993254,0.6751615916249231,0.7759460822911678,0.9308041457170306,0.9445637761261683,0.9232002122471376,0.9223667729935333,0.9463813786976014,0.9703616252316526,0.9500081278041395,0.942213201980974,0.8982684510515173,0.846790292655832,0.7880572013079998,0.7519345932087939,0.740035302057462,0.7068551415566365,0.7852215766734696,0.7768117273823945,0.7474242395896424,0.8032509658981043,0.8155841454288648,0.8555810964569457,0.8830728876822861,0.9231907543328736,0.9285395471682516,0.9232666988182412,0.9078654497166794,0.8989199472886098,0.8326216921405388,
pre_model_seis2_20250809163927_657.dat---0.9296595541672346,0.941172491544943,0.9231937957508205,0.9059962426544859,0.9273315408730433,0.9384822946967066,0.9394980751705503,0.9132076912744461,0.9488273685626195,0.9540028836797221,0.9428697537323831,0.9302098991182588,0.9076449965082439,0.9106966001527521,0.9615637110584891,0.9887048502961453,0.9860426639810169,0.9885486830402953,0.9533024414429145,0.9305294151853613,0.890741725351624,0.8599211887845439,0.8385777646321717,0.708493711330523,0.7761192043321005,0.7442030636050639,0.6789320947598136,0.7422458700630749,0.8229308738762853,0.8704443877542393,0.8909306648265928,0.9214762641663293,0.9429734500378117,0.9519223298518865,0.9500280652448232,0.9235923352315937,0.8874876583228635,0.8639183911331401,0.8468134125645564,0.8089135567420389,0.8078000946509005,0.891462220979327,
pre_model_seis1_20250809165442_650.dat---0.9145422281204298,0.7966628865271835,0.749638100484021,0.8788086480877864,0.8261137559911204,0.7286076737802468,0.768221980981961,0.799301909401765,0.6837321033551229,0.6640236476135247,0.604115879310625,0.7605201643797831,0.6701928744486705,0.8157055646523349,0.8756120042357366,0.936298435822455,0.8717499745800629,0.8485027407159524,0.86096534910433,0.8558965021138054,0.9134349159142385,0.8872763265363216,0.8527400823508517,0.8542849417056242,0.6855833874890335,0.7233198537271511,0.6392680209102507,0.5069236856534358,0.41379757037735415,0.5128799495393453,0.5047488790086447,0.5777845188759367,0.8319907021771746,0.911755174853655,0.8856808652914343,0.7473918646963107,0.6155383042557485,0.5255072511058433,0.48779276324337423,0.4689490694825365,0.4904065768772532,0.7303967592141084,
pre_model_seis2_20250809163933_364.dat---0.8202697019287316,0.8067080038111569,0.7475853327871247,0.8227259009071303,0.8050548586106677,0.8552972877167386,0.9212919006843114,0.9248683219552432,0.9262323102866559,0.9286287319455504,0.9174271871979076,0.9201469491877315,0.9114276834123318,0.9142688747236039,0.8391565925923976,0.844310041728382,0.9451298648534074,0.9239937382468703,0.9249291754053558,0.895310881904283,0.8680483201409749,0.7647576452569316,0.7489501650890986,0.7763971489087541,0.7931602883285266,0.7770198755490165,0.7668527404329966,0.7318122346835796,0.6968280458470043,0.5822736451690882,0.610440193321935,0.5281918596325738,0.532678003312732,0.5390369087601118,0.4559585242875774,0.4664372253677537,0.43189020766184677,0.38003256981551015,0.3395576596507774,0.3080949149628587,0.2577674026240305,0.7305109492363232,
pre_model_seis1_20250816100534_45.dat---0.9293807660424811,0.9380130617807795,0.88088563716997,0.8956008769244277,0.894541663290155,0.8505246333532844,0.7908366456802881,0.7474713851746053,0.7757329118673929,0.5903896345191625,0.7186872330776096,0.7851171895412743,0.827348994231675,0.8698661690328319,0.8481197537142257,0.8244225247490771,0.8574300532720598,0.891489098806205,0.9658079538035967,0.941199813292756,0.9107639362645553,0.8706686636403979,0.8641168833281938,0.8412553855059703,0.8622600571522296,0.8220541161744669,0.8296357509244777,0.9015126834890438,0.8864703817267732,0.8575244232959982,0.653503049206548,0.7236833819459116,0.5750837593075201,0.4642583402540958,0.4838653540760064,0.5459485311378461,0.4947187676432867,0.5593452497381218,0.5335399063297315,0.6233450577881767,0.699458398608007,0.7762409287039322,
pre_model_seis2_20250809163936_636.dat---0.9178588261830103,0.8128668705463664,0.7839710628572344,0.7925272019829518,0.8451428733932652,0.8454601044730969,0.7461148563502447,0.4873902760415833,0.4573462450718448,0.39953614811870924,0.31619620710480706,0.25933872672134456,0.37020367948442623,0.506479334854014,0.6708990514880985,0.7428775052812032,0.7954747524602267,0.8853138446783623,0.885559768281126,0.8647703866848004,0.8527778365822268,0.830562116542705,0.7345075643597415,0.6460973142241523,0.4812200506308196,0.3971225830512808,0.3281358290918621,0.30825212175691075,0.25469424112054956,0.5098933957936435,0.418528273338574,0.7739942020444058,0.8721935712524626,0.9252015371761892,0.9098747662338827,0.8986429199749789,0.8550229766831834,0.69182486659317,0.6991771064857247,0.7198384343925608,0.7614182940013421,0.6647392127655387,
pre_model_seis2_20250816100718_19.dat---0.693123744101245,0.8583770918801604,0.638159785340506,0.8136113203972662,0.7794877863298774,0.6257318106886549,0.7156032108712883,0.5730946183010251,0.5275699581415877,0.7061530244523531,0.7489193775572341,0.7262852488493503,0.8158202637043797,0.8737784298507213,0.8828230532669179,0.8715128713732891,0.8079853764564019,0.8279918566129777,0.8486305562708837,0.8605479442100719,0.8600688419635235,0.8341208853359595,0.8179895622216171,0.7927859494452099,0.7980688390611181,0.7151402332137704,0.734248522432787,0.6536358801666245,0.6963356878452246,0.6095404044362449,0.5738799855271199,0.49907268822737816,0.46075600084699564,0.40154851000180836,0.2289011665563014,0.21245974225513564,0.14531256540652104,0.10651745312276738,-0.0069417276824249785,0.012196205028384062,0.0175517126628422,0.6184974740666124,
pre_model_seis1_20250809165442_886.dat---0.7391133263767962,0.7942940619090112,0.8047079232490302,0.8699841651859381,0.8465666142155127,0.7964498646736865,0.8140288045306492,0.7697734955210543,0.7705274905358831,0.8448065103632891,0.8414783775863799,0.8792721949188991,0.953072873575765,0.9401679295138583,0.8887502214169151,0.8284170047989162,0.9427806313127579,0.8273330595735597,0.7802333606369276,0.7743356878670826,0.7428650087679413,0.7830227128129572,0.8050924365871585,0.7856635781155284,0.7767093008190593,0.7631307684153152,0.7153075580557076,0.7515832375475207,0.7257037451668811,0.7803394816861915,0.8442801004686158,0.8304166877527919,0.8605558279459679,0.8257023858993855,0.8009173432268566,0.8585900698990673,0.8692074226168864,0.8973271729052127,0.9254811493754828,0.9535054810620638,0.9601315576034417,0.8283323566949258,
pre_model_seis2_20250809163933_52.dat---0.9518305712302731,0.8924534624324872,0.9403117945466462,0.8975352236260818,0.8818316667705985,0.8772012406822237,0.7480291843182282,0.713753564320122,0.7962154472785494,0.8379038322213772,0.8983012846963623,0.9127295894640685,0.9653014885607961,0.9597524615135362,0.9538525685347464,0.9142515326780752,0.9211156341224697,0.9404010901263672,0.9305094954669048,0.9421979398037028,0.9269455969161494,0.9201077564771168,0.8665359920727884,0.7782442094204204,0.6529200513624879,0.4811643309567076,0.5230763494530359,0.43720357050939695,0.48074993152842616,0.36561098743514964,0.5110912162234806,0.6745018947312567,0.7813908843317474,0.7340282024771587,0.8677102233926368,0.8401703140645925,0.7283326726401161,0.6509235198147034,0.6111929554290636,0.5090305471872039,0.5066081018945645,0.7737321556271177,
pre_model_seis1_20250816100519_98.dat---0.9130149039904939,0.9338161583086595,0.9424676217679788,0.9365860489835786,0.9273081500345911,0.9410749120251899,0.9220195823469438,0.9226526840719893,0.9362051599420789,0.9478408825822007,0.9339341896699351,0.9590038399290046,0.9553741525148597,0.9274129578104402,0.9638194347266134,0.9668004809115496,0.9498363532592664,0.9620980561811208,0.9407823268676149,0.8837750817016474,0.8335832949502762,0.7905204566513115,0.7240506311050134,0.8125357848681545,0.8304142552511117,0.796101203008283,0.8685654038517583,0.8646359016079679,0.8884201624414276,0.893206247374787,0.8607085743435972,0.8020652768430908,0.7629744085328232,0.704199098085787,0.6657029077764812,0.6180669187367704,0.5353107823020172,0.5112698399757103,0.4792839197688962,0.46980234293114415,0.4040140360245364,0.8263720591233341,
pre_model_seis1_20250809165448_306.dat---0.8187185960499296,0.5656125376339274,0.7798673321084573,0.7085797037749808,0.63233814281022,0.6103822428760333,0.5664825995022795,0.5306660836500494,0.45069339225841376,0.5083117264369792,0.5155565955159355,0.3990348229045313,0.45262114569874534,0.6342767979733356,0.8752579584398297,0.8201112027341944,0.8657821675578413,0.8824583528734165,0.7861347515255018,0.8565724066910728,0.8466514895151348,0.9174840466943069,0.8738637763574986,0.8341307670209016,0.7493845934276369,0.7620605458552494,0.8416099363029448,0.8388630667957436,0.8276987153156881,0.7819689096116951,0.8083906764333347,0.5552524994641035,0.5764259120623608,0.6448140182980873,0.6428066241280163,0.7170632713944997,0.7725097505561446,0.7243344619837566,0.7935156746702642,0.8326267136691293,0.8349966713355245,0.7179490409733583,
pre_model_seis1_20250809165457_509.dat---0.6642798653153912,0.8171585047759126,0.7722082003787165,0.7359852940671276,0.814214060149208,0.7840168318527543,0.8046690356461453,0.7249957704109984,0.766599716032002,0.6353733113126869,0.7703679759387869,0.8327764425659222,0.8728660847459441,0.8829763256365766,0.8518169798021508,0.8491148086751507,0.5998877835013159,0.8909209082333541,0.9092067826160962,0.818614279480214,0.7684968950933747,0.8079902116414467,0.7895288178008574,0.8648767165582153,0.805445646442398,0.8353137035858589,0.7887120210393788,0.7392334886283727,0.6803974099064404,0.6431030205004264,0.5017228043277994,0.3992641729394562,0.33058449818182883,0.26513471241026054,0.2571488725557179,0.21144831223308208,0.17708751657939076,0.11014027617362958,0.08171158315242424,0.05967297225519998,0.02192440039599936,0.6326094393545855,
pre_model_seis2_20250809163936_483.dat---0.9631111361223659,0.9560934065225994,0.9397919070518506,0.8897720615104157,0.8767031653955537,0.8452480500804462,0.7781415767811738,0.6933048092202203,0.7781223567026703,0.7438293517604917,0.8684222295755901,0.8840332328093814,0.9064067722539878,0.9112820386290321,0.9571191934108507,0.9847561630370405,0.9911967561533765,0.9408192674353537,0.9333786729457547,0.9167907052133877,0.8934973028505225,0.8285518493787267,0.8589925899890438,0.8731148954755706,0.8694166596588225,0.8705339030041188,0.8495516052775813,0.8042890561729801,0.7578813093396402,0.7419662068614963,0.7072910900651933,0.7432040297238841,0.7207377342038547,0.7318834589756943,0.7573663262293072,0.759202389528475,0.7448552594101145,0.6595917923680934,0.6693464258379861,0.6452528148721998,0.6656587920054223,0.8270855693619578,
pre_model_seis2_20250809163933_876.dat---0.9617667183670636,0.9271242771874205,0.9550096170739578,0.952963124434203,0.9373598576637324,0.8800610689013915,0.8817509849602881,0.8283631453708012,0.8210445495560322,0.7827206898883058,0.7265395060607819,0.6919176783650479,0.766137331676116,0.8446889644274154,0.8606506292690291,0.8980196380242327,0.8696246430194638,0.8855393196041271,0.936789479034911,0.9250927744917165,0.9123143126669425,0.9035887804225339,0.8639499840750418,0.843357194433102,0.9060108329821074,0.9177335708121901,0.9220416686843729,0.9283651885513168,0.9218878857196772,0.9100439598129327,0.8396574289150869,0.808454509229205,0.7513865400591321,0.7381740873161633,0.7712827954347925,0.8159140951299096,0.8031863073667095,0.8221156619222354,0.8406010808735203,0.8109021692502166,0.8224451337091235,0.8582091996278621,
pre_model_seis2_20250809163921_136.dat---0.9351937801789946,0.9700319240136888,0.9549387505284543,0.9611415190118234,0.9619326378800999,0.9504610384722413,0.9491933278857196,0.9380432937743123,0.9163855975431935,0.9016363306456938,0.8751318865319766,0.8702970370728291,0.8865324330807148,0.8821608092535747,0.8747649270043626,0.8741011748316747,0.8497912427116882,0.8299443516346954,0.9142833639755822,0.963640761136045,0.8350290952424825,0.7915975310359776,0.8086224274572648,0.883850133645045,0.8006876295143921,0.821845005103288,0.7956069365264223,0.7886407525659446,0.78655248500284,0.7300314047084593,0.6544651514062653,0.5249610117813249,0.4864520730681158,0.3204849159948224,0.2601756785526819,0.23626108454147618,0.28248443039865856,0.19692144820909127,0.359537153890613,0.3439706665355233,0.48031222205259955,0.7426364737658695,
pre_model_seis2_20250816100703_45.dat---0.9404855621040147,0.88440531447427,0.9232412146718453,0.9255485637115065,0.894652596892168,0.8686472001565583,0.7821451499068255,0.8686014346001988,0.8302494395240168,0.86537009196666,0.850849765248713,0.8554935396463728,0.8759006797420601,0.9174240205904269,0.9284592033184886,0.9885812186071105,0.9486811967275798,0.8522436520458472,0.733491647631127,0.6782055006601839,0.6078742554101185,0.5206064629923681,0.5244596594555224,0.5966655331577044,0.7254224494503125,0.7309800337944882,0.6793098841071218,0.755631616548096,0.7712182916639828,0.7412439177552087,0.8383630855177101,0.8520471107859593,0.8480367664039505,0.8442888203026087,0.8182964465397863,0.7524888972582381,0.7810137845013176,0.7804196435284356,0.8130363329145477,0.8438509032797376,0.8498619060398483,0.8070193364300742,
pre_model_seis2_20250809163939_150.dat---0.9477358982476648,0.9147648922561202,0.9368080035561248,0.8821051578274199,0.8980810451975886,0.8699219070787386,0.8814856822856677,0.8212242671746822,0.8419939370977294,0.8138619659144669,0.8005097762347887,0.7884830695032403,0.8060159151399139,0.8933538345499218,0.866115232466819,0.8349350474601988,0.914378160004177,0.9283093134876785,0.9481302755618974,0.9427228433056264,0.9308348565427543,0.9057890575136424,0.9199517294844796,0.8907953370845892,0.8994252928492776,0.8890484444604195,0.7883705426112777,0.6741583582641761,0.7246152810517525,0.6179146016144902,0.6198970596426523,0.5914776360723162,0.5839751014287446,0.5892215206402152,0.5559903036076783,0.6083127662667793,0.67566566332132,0.6757245614375518,0.792599270044927,0.7869835356177872,0.8745450833381515,0.8079568835913525,
pre_model_seis1_20250809165457_804.dat---0.7082120512142177,0.6964313323834949,0.7372701459129882,0.7516361938355529,0.7258977666258096,0.6514628096262998,0.635072751316916,0.6190115277579866,0.6105301190053543,0.6937386097384082,0.7119848098567231,0.766666958045837,0.7402942272851617,0.8095020158739727,0.8655462927282024,0.7345309075245752,0.7505444544915413,0.8675599667883234,0.8066735952355336,0.6028406853772617,0.684046452572721,0.7463278037071358,0.762774381330274,0.7787993051470627,0.7231628308707094,0.7117673369767668,0.715778021381276,0.6691400708555484,0.6462794172213125,0.6427736640828308,0.652155178014873,0.6571268362200935,0.6186326442933519,0.6055467199751684,0.6440190170072011,0.7723074077498217,0.7832547002499383,0.837728292449843,0.8530619594655431,0.8453181215098896,0.8434233779553891,0.7238739209673393,
pre_model_seis1_20250809165454_215.dat---0.2324417140220768,0.651263730565501,0.5429504968111568,0.6176724455385332,0.7401365305288061,0.6432933059605284,0.6827854630605914,0.7498387019587412,0.7217143791751981,0.9096964017099894,0.9214369795793249,0.8664425941377387,0.8817942066502372,0.9296819541868354,0.9058799922057115,0.7392706191088718,0.7052385896302106,0.6106635624679159,0.6096239928675389,0.6293761882180479,0.4830267361011169,0.5354308316146045,0.5360884728948324,0.4806051814217296,0.5440852401905472,0.4790822147411762,0.5748031114641263,0.7465800496855509,0.7611410370011356,0.8650103606906157,0.8818820229059681,0.9377874708498961,0.9396394093994219,0.9030646036975307,0.8884459941594285,0.8210489167448858,0.7414725788028272,0.6991771025175753,0.6302424018382754,0.5160563559355532,0.44181865251756725,0.6999436730136078,
pre_model_seis2_20250809163927_627.dat---0.6548844815495155,0.33328017515108493,0.6571445575013534,0.5839723232060331,0.5545629583690701,0.5134817049590656,0.6538032749190579,0.570237435729492,0.630087167871407,0.7120155396543528,0.7714614470206794,0.8238202419727636,0.8648829311133113,0.9155585064675499,0.9818963128185328,0.9622605400745149,0.9786312649793479,0.9812799491494856,0.9306484126365847,0.8501403112805402,0.8054202085638732,0.8325664333403568,0.8363922878687156,0.8556364407169649,0.8650893888450846,0.8611195486355495,0.8519581668338249,0.8192232229927539,0.7989231812016055,0.816811701272416,0.7404435041708778,0.7180066590723654,0.6444237365828421,0.6313105128815819,0.4997952590599765,0.5212804680782447,0.4432050059304545,0.4525751954545176,0.46415071847747075,0.4959195767501884,0.5344378775526777,0.7173838690416118,
pre_model_seis2_20250809163927_557.dat---0.8344932420716714,0.9188905230773402,0.9210100040267168,0.8874595843093264,0.9219061980576401,0.9148107111942473,0.8999696063713114,0.8678828459655427,0.7889274480927689,0.7153099923171569,0.707683889454153,0.6854878555556327,0.846988683218367,0.9220288284372214,0.9143317891308824,0.964410117011881,0.9770716156094711,0.9042399320773816,0.7953822856534354,0.8326480084576217,0.8788397644670362,0.9149702345684895,0.9229675003267805,0.9057100661169682,0.8774600473911541,0.8182227064938645,0.6815954630589972,0.5260062310895719,0.4660351062426295,0.5515549315820812,0.6350656409292089,0.5795123307427213,0.8473340650661153,0.8759707609130108,0.9138439328228192,0.9135302419564806,0.9108258735919397,0.9102012869622355,0.9084759452748267,0.8832495377445866,0.9054473151667628,0.8304329790877569,
pre_model_seis1_20250809165451_184.dat---0.9545342792307342,0.9573592835883881,0.9558727589446917,0.9056829762137378,0.9432700603978689,0.9090213515381608,0.9068573904774502,0.9079992174604476,0.8850822795364253,0.8161100498813989,0.7714887276084148,0.7546342573263863,0.6892884042398394,0.69714759286638,0.8210307739315956,0.8476655548229929,0.8636321473640216,0.9173278279601864,0.9335195151852148,0.885597867830829,0.6696361691188316,0.696976742109279,0.7348053419638302,0.8551319544766125,0.9044125670354155,0.9005071969589988,0.7849601084494645,0.8113697454737118,0.6134823647232304,0.7367363702340303,0.8262782237705285,0.8495013339835252,0.8680364424038449,0.7941256845692565,0.6933176962975273,0.5840155522637238,0.3822153730026764,0.3295399019596316,0.357521482229112,0.3568232728698556,0.3374057842766959,0.7660956493798767,
pre_model_seis1_20250809165442_836.dat---0.8674574965668298,0.7745817163352368,0.8520017304995788,0.7298322954972684,0.86477958622445,0.8112803908199067,0.8029008469415488,0.8743714947749455,0.7889793428545182,0.7377955794773232,0.7531264779843736,0.8037611027669493,0.6702413379812291,0.7111526602384581,0.7279793623565513,0.8754940690354632,0.960394092888214,0.9903531699023421,0.995446140041766,0.9779944637721576,0.9403738653136169,0.802888659160756,0.8192015024768716,0.6767011381054451,0.7467675821729247,0.692502231813332,0.7637722863367995,0.7049284665964551,0.8285735783050776,0.824148021032489,0.9231285222598824,0.9465520280890783,0.9125629911267066,0.7911151486846514,0.7160687010581351,0.7159122694024482,0.7324866373442336,0.8275092804785393,0.8662919757333881,0.9587875110032847,0.9269803872492282,0.8216384424561578,
pre_model_seis1_20250809165448_409.dat---0.6719459015500924,0.7936214861473443,0.6472961731777405,0.572863451705167,0.5682537093416731,0.624247716371018,0.3969676324285227,0.33587020981204135,0.518610180229772,0.5837364766895757,0.8391038693125833,0.9111447096041949,0.9233108795803454,0.9244391059104947,0.8667865857705978,0.891795204592526,0.873482829759129,0.85706109639611,0.7872003973892241,0.746097450039001,0.710885587252822,0.65871770629555,0.5769980465912088,0.6241594971111585,0.5832698912880815,0.5434432997119032,0.5362253318745842,0.5205468448592089,0.45884172086726127,0.5304873625173132,0.5622849550903877,0.5994197114883734,0.579709569091387,0.6492879254645406,0.6077656339820563,0.5287870169889135,0.5312461673013048,0.49936645817217246,0.443865059738586,0.4396708112907397,0.38343669659441953,0.6317622038872958,
pre_model_seis2_20250809163933_296.dat---0.9500897481820131,0.9514627750870602,0.9289760543044464,0.9356931758023646,0.9160542797100167,0.945573705320562,0.9404331851669016,0.9486719151476715,0.9359182979859,0.9399794113934836,0.9415829167124631,0.9388435700709181,0.9463323908912591,0.9382966772567334,0.9405591778325098,0.9481280434270991,0.9535711663982867,0.9563200873080618,0.9524833303606811,0.9575320243987834,0.9503578206538471,0.903739170507687,0.8614395334970464,0.9011374159761184,0.8673366959581559,0.7865103776321732,0.7618779155022044,0.7475287873200195,0.6612230336830264,0.5551476726822465,0.5182831525660285,0.5077545868544893,0.48015988091518447,0.4669179100566893,0.5050501200433173,0.3968889474565374,0.39963722730921114,0.5263073933044405,0.6169743751726295,0.6936608457762298,0.7170191213988916,0.7973525345615461,
pre_model_seis2_20250809163921_433.dat---0.9279244311564928,0.9586427812695659,0.9270474528723528,0.8705310441009102,0.7972479943043588,0.7215809075132189,0.7737693942198516,0.6630970718239675,0.7108090585449166,0.8020537378246647,0.8119989461239798,0.7745417948669098,0.6959039738931118,0.7350976308448539,0.7344856640687379,0.9038755218060635,0.8926631132036208,0.8743414719522599,0.8805939143633905,0.8980548211062095,0.8679508363823494,0.8931837721234995,0.9185266787536275,0.9275737822773577,0.9411152455242059,0.8240914577993861,0.7555187482061501,0.7479347495593103,0.7659943487376627,0.6968206404597034,0.7217567058723035,0.6602668544897459,0.6471468864910466,0.5946624425703977,0.5044791376736532,0.49539690705496164,0.5907631230137114,0.4961870189408023,0.6033286807070554,0.7647143690872512,0.7560413794679429,0.7689686461232087,
pre_model_seis1_20250816100525_26.dat---0.8233104474429965,0.79877477855118,0.7232576903868295,0.6913505901296403,0.6609575848762701,0.766917744790753,0.7520059264838557,0.7807541490426936,0.8399502724536544,0.8366537474965388,0.7524146161938922,0.6793347970386465,0.6942099628113313,0.7591611528602239,0.9054763233622048,0.9266801753247353,0.9144748966471687,0.9708803212465899,0.9415292475805364,0.8970931498017747,0.8753823866093928,0.7586876529450903,0.69199387361358,0.6818335503906696,0.7272926623623384,0.5854583006470266,0.570892329493893,0.5111409078720563,0.49951327438914483,0.46982809902836664,0.4128511254191381,0.40946043455850695,0.3422357383341044,0.30547128767500215,0.18291254945557522,0.2487347404528973,0.19890647881989304,0.23791040083452167,0.26617237072769423,0.3598959101219303,0.459099744939422,0.631972229102726,
pre_model_seis2_20250809163912_687.dat---0.965991223173145,0.916542383950464,0.9614064625385956,0.9520698226462971,0.9437792283111495,0.913620581550898,0.9212481148766242,0.8804800626659839,0.8575267692223484,0.8469120864373489,0.8410991986314516,0.8676340898973287,0.9114590226003794,0.9006309714504169,0.9249871989260355,0.9498670249317845,0.9315183397656289,0.9265461857359214,0.8596270567266844,0.877344526023634,0.851456006075702,0.8787756056232903,0.834587920420816,0.8718350999093774,0.9288221377365734,0.9146354813320637,0.888475488964052,0.6497260296312247,0.5946811036844578,0.5460323725809769,0.5338414467497765,0.5252314912502636,0.5689285783216559,0.5950962800175971,0.5565808102952134,0.6790665500094567,0.7343916690274481,0.784876107027317,0.8422276711756281,0.847685907186935,0.843825445702194,0.8200260866532716,
pre_model_seis2_20250809163933_558.dat---0.9181455267262376,0.9480595381748539,0.9584668580901704,0.9249067357941372,0.8927679355550227,0.9117626768444157,0.843572166757151,0.8558279567366575,0.8838635387214205,0.913792423989711,0.8986770828932461,0.8884401854925313,0.8826694970016867,0.8441255243795031,0.8401531456806053,0.8403838197671374,0.8093077114340231,0.805947986039694,0.8738733085230163,0.8917345721360331,0.8689020650256214,0.7974110321868805,0.7582840994957286,0.6584721425754281,0.6558439120418871,0.6430927183926747,0.6040669864582794,0.6563878907071561,0.5909140186465462,0.6021795490143939,0.5977515620629115,0.5767066910224331,0.6100672269682131,0.5604513287291182,0.4833754502376953,0.3735332971845688,0.3220809275588189,0.2249815837670562,0.17575773995641225,0.1503564822777934,0.16006850524576935,0.6999308146412839,
pre_model_seis2_20250809163918_743.dat---0.6035465123691627,0.8221555808169939,0.727360974315932,0.8455331158209561,0.88169613084241,0.8582271951583144,0.8183292692904259,0.8541049120237925,0.8362981450460963,0.8062269366442368,0.8351627544106695,0.8524479672053147,0.8790246869941453,0.9501741172141994,0.985455772158203,0.8664930446559003,0.8300926771563699,0.6720257625503233,0.4286491523355215,0.40525135913045235,0.5113325824711761,0.5786882241355937,0.6961358196043528,0.6959454138869715,0.7141065024106874,0.7090585823173751,0.7149016464294927,0.6832880085843994,0.6458317488877152,0.5579834025332382,0.5737826068860883,0.5141559643080988,0.49056046226744365,0.5093040586329208,0.49666550323475095,0.6076204171204657,0.672917738901836,0.6117656853576944,0.6060434056725643,0.5303420382094864,0.503790387316649,0.692255518666059,
pre_model_seis2_20250809163921_336.dat---0.9419574654311388,0.9409029311181288,0.9391890014713593,0.941916433518936,0.9226064211027433,0.8394984375283341,0.7535916002709726,0.6905255907661629,0.6905092313884899,0.5995266131045549,0.6489770938080188,0.8602472725168565,0.893969395755395,0.8705407150600968,0.8767253185728899,0.8550959370380187,0.8790480792913101,0.8091624908201381,0.8563154108223026,0.804596238500778,0.8025982401534923,0.7431817041636923,0.8334239834551895,0.7296940422699195,0.687137314676173,0.6885207174652901,0.5799413396790841,0.5711055683281968,0.5621442667974709,0.575103705578768,0.5759896453969299,0.538138805299532,0.46307926346162614,0.39491830144752865,0.3669095373743975,0.3420743637551133,0.30456211759367763,0.2795935716863103,0.21760680223255258,0.1494512816416039,0.11103986678521048,0.6617345394421559,
pre_model_seis2_20250809163927_29.dat---0.8866087846236391,0.861489603955882,0.7707400860873082,0.7375792045082126,0.734989087483125,0.7348911988200691,0.8069267917662751,0.8057432389834172,0.8020452969792122,0.7921409512718592,0.7737982987727222,0.7103725241186609,0.6194668950536332,0.6757738786942963,0.5845732685805316,0.7897493562115357,0.8479633861676372,0.8298207336474814,0.9255784653618517,0.9522739002917687,0.9489434782196001,0.9153548869226006,0.8983643000419088,0.8685723844936659,0.8777176031140644,0.8385230552774365,0.7648152721600716,0.7592016076073316,0.6918311867935382,0.6146206664606286,0.5797639480940734,0.45065974229529143,0.40915642971559457,0.44142758385165437,0.4340015792168923,0.45251967743747196,0.5251436084622878,0.5358119012814988,0.5416913352656716,0.5609063381446366,0.632259413265991,0.7166783158414884,
pre_model_seis1_20250809165436_626.dat---0.8608096890906372,0.7625919190934971,0.8636448883671336,0.8634670022158898,0.8060194566109632,0.8703628007982338,0.8562858871204387,0.8269675367065004,0.781506934941881,0.7535175960116367,0.7285507079289918,0.6825445499903392,0.8610479961008596,0.9136933378931595,0.9752752352303284,0.9728915934450921,0.923432666256839,0.9316863727350407,0.9773937028030709,0.9594416623226459,0.9103797593361392,0.9357529152263662,0.9196207458914216,0.9090909606062035,0.8889901059965735,0.8416468277402528,0.7944897929362641,0.6635423301747311,0.6963728438987712,0.5796188933769021,0.6495614321313263,0.5840414363266982,0.6086652313180086,0.5997156936146544,0.5553885433022019,0.5330180020965855,0.4809807139833949,0.41402489377373636,0.44547049012517104,0.3845757217336456,0.4531682246188603,0.7565670022895387,
pre_model_seis2_20250809163915_734.dat---0.9225534015084483,0.7502540450442639,0.9175352682212181,0.7886219623377311,0.8360562230890501,0.8103323871579357,0.7419985236575408,0.642703180621488,0.4761003026051123,0.5174426677081833,0.5016923430853892,0.41363244343931205,0.38575182107725736,0.2984722397039422,0.515800757909771,0.6562924515342358,0.8809967329897813,0.9146010984344399,0.9400421185037345,0.9500457745771349,0.8973434188703019,0.7804290615880296,0.7398459259788792,0.7418213050254633,0.7465641973351294,0.798660878825022,0.7695586510212581,0.6829075443116884,0.7581088851718294,0.7564777538893523,0.6973459860387098,0.6266287854319423,0.5653030025629314,0.4312997111986021,0.39645550196752066,0.24374810087289334,0.22814682135465628,0.19284402950573448,0.22777834115113613,0.22361833909161075,0.2931143249619312,0.6258274709600145,
pre_model_seis2_20250809163936_621.dat---0.8608991200710823,0.8416227423490918,0.9003933714833795,0.9056917218797216,0.8066971610984365,0.8296364326101276,0.8941292439792713,0.8749831745459871,0.8704796400867769,0.9181549567506784,0.9325766335845793,0.9086513326851626,0.9234504078555098,0.8942596813243077,0.9540301518529178,0.9784365485342187,0.9649719154879794,0.9771336011152408,0.9579567103785116,0.9794961743882995,0.9710510277540363,0.9763649062726899,0.9684209283071078,0.9399401918590365,0.926332522047369,0.8756725916154029,0.8588800510915731,0.7325024814663471,0.5628021146832306,0.5837981056732823,0.6054600457775149,0.3466389660103976,0.3909617776278361,0.41947065806154304,0.5589640599016801,0.5332618827132495,0.4936878313312818,0.6412475590194912,0.6866045226912585,0.7511630193905715,0.7515802097335899,0.7987428335387747,
pre_model_seis1_20250809165457_248.dat---0.8440744329328953,0.8333815950497432,0.7984607275768295,0.8250444262233416,0.8339528442616888,0.784926527602074,0.7432610717991474,0.7021856124690257,0.69607478538565,0.5900091761300268,0.6461300037258425,0.7030752181098885,0.9397381241846938,0.9396859785409594,0.9228530666714205,0.8524946303671902,0.82097572144005,0.7523860790872173,0.7156408425358647,0.7285980968048676,0.786781523236335,0.7953339553325323,0.7681183408471509,0.8325076625418611,0.8915658138685788,0.8707808022595176,0.8925675290577209,0.8704164398786249,0.8772009598576149,0.8669550783672958,0.8514942861976644,0.8541054665438709,0.8651656784880877,0.8767249338796536,0.883999610547039,0.7566404257354147,0.6583042831435785,0.6136542506156256,0.5126939202639444,0.495092455086157,0.4330817641265897,0.7786861985554457,
pre_model_seis1_20250809165430_453.dat---0.905146924870843,0.8961195093763369,0.9368666361288522,0.9283526067153726,0.8916815186647625,0.8993618682045939,0.850438836931442,0.825507229408691,0.7752194520183129,0.7778213739412427,0.6910146876397879,0.6345071807817031,0.6085901571847337,0.6724318003085341,0.6519222458381139,0.7752817827478534,0.8874426354801646,0.9319786521949198,0.9134128891165619,0.8784641551878651,0.8703578828249766,0.810133649639415,0.7657273187931589,0.661025570407842,0.6169389144964772,0.54204935323147,0.5686538268333239,0.528935025917291,0.6138020505096623,0.7553521225587332,0.7842553937475008,0.8591059247563287,0.9141045987955728,0.8963465450569731,0.8870786098234441,0.8634222330391482,0.8918829583295057,0.8816434148738906,0.8667758389826501,0.8599911998921974,0.8230539970154835,0.7949316724942859,
pre_model_seis1_20250809165451_592.dat---0.8713222646166114,0.8330400318737837,0.8875456454306374,0.9085816995212415,0.8539934592326549,0.9200456687239031,0.924839279064231,0.9543522740673717,0.9638677823833707,0.948226509394148,0.9400099618836366,0.9680274026387516,0.9923805843288309,0.9805563765314314,0.9295921658539021,0.949951432045124,0.967790312756928,0.9556395266723793,0.9135131209376582,0.9374204971792011,0.9641131072567366,0.9269704974373184,0.9507817551965199,0.9338416720569216,0.8929470819817392,0.9090349997280031,0.878813203460134,0.8475245825757495,0.8586299792948842,0.8660602287523042,0.8592510945055188,0.8943846135393966,0.9169709808600203,0.9248494651706797,0.8896935660239575,0.7751165414987968,0.750348768400387,0.7730681769273184,0.7250722440652309,0.6758611093290288,0.5892191136118768,0.88788411650752,
pre_model_seis1_20250809165457_188.dat---0.9502358167230833,0.941991053995044,0.914451299600392,0.8963152941642738,0.8742574545362332,0.8702531773099985,0.744923850622436,0.6414142799958747,0.6928629163820833,0.5346472914557627,0.7677291439012397,0.7469591506314257,0.7771723032551361,0.8705885297404916,0.9050418409520352,0.9342311892790222,0.942906751509058,0.9803586910966944,0.9229925973133069,0.8456716394465318,0.8838374177219558,0.8543273902431856,0.8170456158036877,0.6603263799465418,0.6426885455324206,0.6720006345974638,0.6888523266264774,0.6531898859385632,0.6314283780823947,0.5879611981443501,0.5584862105244172,0.5195500110465952,0.5208268004983427,0.5938927073857958,0.5964536004212784,0.6397360992586277,0.6190699782778103,0.7464059590095045,0.7981722221570428,0.8408758187640106,0.8486977266533778,0.7592397360620479,
pre_model_seis1_20250816100540_3.dat---0.8801874873119436,0.8861918914083836,0.9347943760293427,0.8767104081374243,0.8864402413884939,0.857214113309477,0.8690479542074686,0.8422948985356438,0.8487851618957679,0.8079150427419513,0.7859734070155701,0.8129156668070278,0.984328270051583,0.9865786020861754,0.9819528413685684,0.986630867865878,0.9860081371072371,0.9865903176356288,0.9615121721955028,0.927973802512839,0.9062058389496781,0.8986021743921426,0.9213358236909449,0.8992498327545406,0.8401872071175864,0.8110162281429601,0.819512307298723,0.7835773475174889,0.7803558156025154,0.7565023211727053,0.6956133903086613,0.6988080149456681,0.7113205369048091,0.6976664907479578,0.756974088720175,0.9154278468073233,0.900981117762939,0.9608303415989,0.8991656219003051,0.9301992098451793,0.8608879798425266,0.8666942730642837,
pre_model_seis2_20250809163936_280.dat---0.8870634509521209,0.8519731383706707,0.7130433801268278,0.8652585648493666,0.8283320675827197,0.7937780513039611,0.7893611443451579,0.7441643305078498,0.696791577913095,0.7047003304401624,0.6886983644901243,0.6385089733963735,0.6261362549988596,0.6258539654339611,0.5822688408621736,0.7508779560720443,0.7573628143110795,0.7315799375661324,0.7905053128491043,0.7772724824148116,0.7167529353543397,0.7665934325079016,0.7583525505922686,0.7595589511773085,0.8379431558862208,0.8290559912004084,0.8291226775059172,0.7806923300095354,0.818539105604277,0.7507400135321504,0.7214113445832668,0.7122531989363423,0.7314431342379158,0.6687636396590096,0.6314160131187108,0.6330824774147082,0.5380469283335276,0.5160485203986663,0.5116271307602541,0.40726454943642343,0.390070149518038,0.7110319309403362,
pre_model_seis2_20250809163912_337.dat---0.8819894848826052,0.7732210406962045,0.8410682646388433,0.883278427874546,0.7720086454411176,0.8334709866726676,0.8343371666807244,0.8058830742343662,0.8071199092903252,0.648849981315883,0.5371176712936903,0.8465775704106323,0.8591240767807451,0.9467437177766026,0.887696676785193,0.8015344018139724,0.7930449512285972,0.8054365254998247,0.7954765214825414,0.7854846941136336,0.515742716418991,0.5851706381172447,0.5946913060801198,0.6321462210107454,0.6491774723395336,0.7068976522532232,0.6902055244317316,0.8559321519016191,0.9135352347285322,0.8925360550591156,0.8819203770078171,0.8755294476310159,0.8561740543920267,0.8582240849339317,0.8351990850120508,0.8556647092030826,0.8519232722465986,0.7807421870885918,0.7876752253802569,0.7891324221586961,0.7659540803768875,0.7881375050410859,
pre_model_seis1_20250809165457_514.dat---0.907675917213184,0.666601482093943,0.7906244418347006,0.8085318102904007,0.7083090036167694,0.7038704409176916,0.8285183954310023,0.7064108269524684,0.6642976109127648,0.7977293408316816,0.8683254721062061,0.8850469255376007,0.8399574511828016,0.9324121642373482,0.9604319347096161,0.9778918167236703,0.9935167668239674,0.9015321759675653,0.7802779890906931,0.6982600202402943,0.7771451317785028,0.8270468465480663,0.7539022910229408,0.6836404714740814,0.6291997892158987,0.6314877617340915,0.6552255844591451,0.6136660804577342,0.618132260825186,0.7966951691257416,0.9034396134442795,0.8733443777541823,0.8010547851907001,0.7950047221741356,0.6936435569229058,0.703683537339994,0.7596199500073819,0.7702213725804099,0.7790761598588051,0.7872297420988649,0.8109743856463134,0.782528184789603,
pre_model_seis1_20250809165430_394.dat---0.8454606895141976,0.7153508136708515,0.8066908971416741,0.8230634896076818,0.8747101172376016,0.8653322272988597,0.7781939784017703,0.7677469589052117,0.7188779748357629,0.6975193011178055,0.6218838051902478,0.5956306893494222,0.6012373840193344,0.7470274522732646,0.8317466953757628,0.9759482912886966,0.949115864091303,0.8677618061643119,0.830474148283047,0.8158818120899798,0.8105642015397513,0.893153871991318,0.7923811767887587,0.7081647636582716,0.5433856175849687,0.4376805344109144,0.28759161694070523,0.4568754913664401,0.5196072429951074,0.5740477589723778,0.7317009595440156,0.8399632460891836,0.8503135181093788,0.8302855882187282,0.8357298545388634,0.7860387749612494,0.7796405626514429,0.77468587893264,0.7603120583184286,0.7234154784445339,0.6854116872924549,0.7402586409562516,
pre_model_seis1_20250809165448_652.dat---0.9401532913358881,0.9827650131591231,0.9677274916773373,0.9834479314114817,0.9800869087739932,0.9757522346353849,0.978188175292292,0.9528886954769655,0.9217588765301437,0.8559105671939968,0.8634164854562458,0.8345873035303736,0.9043242538574829,0.9238820364561228,0.9277713929500555,0.8952571595600203,0.9337877557048669,0.925925197901366,0.9190879880598883,0.9436369920937873,0.9223619297866975,0.8703685164176718,0.8416554871252726,0.680059017844979,0.6267684009657889,0.5449226886578998,0.6263844797672662,0.5392011087105543,0.49289366521644884,0.5980676438132175,0.6949552499692798,0.6682591518666253,0.7939404622929452,0.8356926574446081,0.8358342662904249,0.7848306840215945,0.779107070723153,0.833471427099324,0.8331542994658753,0.8311024297512929,0.8013423587093048,0.8303592377316351,
pre_model_seis2_20250809163927_164.dat---0.986645997998096,0.9771329756613406,0.9743071217675071,0.9628975883515127,0.9460064926694238,0.9002601637279353,0.9233472533350829,0.9186502572840716,0.8909806287343774,0.8931773600837951,0.8854373950747275,0.8602306442501656,0.852940373879203,0.8870751917362967,0.8951974436361779,0.9287296754061943,0.9552325082824725,0.9543281849520717,0.7975041516992969,0.7094622651998709,0.647613771840197,0.6721739242391004,0.8212900392496768,0.6970825758491805,0.7506639706035566,0.7622637172970996,0.8282228089731059,0.760180562435807,0.822803342847771,0.7868561923409704,0.7598590269671669,0.7845054340290076,0.7376343672304722,0.7529849444321551,0.7113659027911462,0.7619923123042379,0.7577844464951072,0.7791875903896129,0.8643597576997514,0.895680325587247,0.9163204820917644,0.8383016870591159,
pre_model_seis2_20250809163915_533.dat---0.9735160682320153,0.9708014518581751,0.9810284212451943,0.9647042770762664,0.9699245371073968,0.9726390046189505,0.9620091581039811,0.9572069846716512,0.9431405049277136,0.9404615292923816,0.9351562484933741,0.9291718594596785,0.947623210798999,0.9180351317023496,0.9213522343771788,0.9388688608712713,0.9107377453266077,0.8420167057657094,0.9160163693624318,0.9457942999788354,0.9013948059348947,0.8437864859673684,0.8182503075208911,0.8088853010266224,0.875863782485183,0.8996182763637524,0.8918524359920069,0.8950296941885387,0.8800726911811654,0.8945379606394687,0.8695857074980538,0.8888923586620628,0.9033635733428795,0.889192835379166,0.9137265645266641,0.9336277333995036,0.9774060625202724,0.967582404285783,0.9581458904975353,0.9518000525359042,0.9532954692858797,0.9208808535732623,
pre_model_seis1_20250809165457_648.dat---0.9221502583066151,0.9293771650003628,0.94866494467814,0.9427270876741437,0.9356497751370169,0.8779107084284152,0.8305476363750323,0.8349606296095695,0.7847978351075381,0.8166411986869638,0.8544348225169742,0.8904017754853254,0.9253630322498321,0.9744348215581264,0.9762050308130039,0.9708024345984246,0.9682304444747387,0.9588363418757675,0.9492757996708477,0.9255822081029499,0.8977238534740206,0.9141633483046562,0.9232733080873788,0.9079328055243419,0.938320524310817,0.9069429015682702,0.9194762825879471,0.9072835080512498,0.8971330288198678,0.9049891124105752,0.9073021164766225,0.9160124968725164,0.9150838855309364,0.9309297190063783,0.9334589385663026,0.9338105528745801,0.9307793080162068,0.9146222483005555,0.8581010166882387,0.8723357698977778,0.8306535123860269,0.9092029801976842,
pre_model_seis2_20250809163915_267.dat---0.8409487088396363,0.8668097398049582,0.5768076375464819,0.8093745892312735,0.7657014613824721,0.6322446414391659,0.60039131673055,0.6024706514335483,0.6480251921185459,0.6897742362158314,0.7377666544747962,0.7864134017966761,0.8392538170126488,0.780204384165774,0.7616366968526734,0.8795006390246819,0.8885366915999121,0.8096990271436008,0.7105998540568778,0.7567124616807814,0.7462185613719784,0.645248073113603,0.6670530505679468,0.6561839426207854,0.6503867712314676,0.6840425018776399,0.6824097600772703,0.7098828589999671,0.7185027232004905,0.7413231001687376,0.8346340791870428,0.9492849027176279,0.9659652912143162,0.9534869541580764,0.9462740579448734,0.9264134496530321,0.9174036063293767,0.8971424785912523,0.8866941227604234,0.8935436640387707,0.891880560745353,0.7791913734907543,
pre_model_seis1_20250809165439_894.dat---0.8776945833498248,0.8799427459734349,0.7708972734928122,0.8632802572830119,0.8512246991542769,0.8879482285792043,0.8741157458728678,0.8768079150236353,0.8021034042564726,0.8804470724303983,0.9060624023294452,0.9499468729470074,0.9749828681774061,0.9856580865455755,0.9825687222310728,0.9422086173758226,0.9309800422699172,0.974797015515721,0.8883942870479,0.8298314365178946,0.8676755626921344,0.8546142925115374,0.9092036609234011,0.9435010647610514,0.9544462546750868,0.9427854981475802,0.895842168751586,0.8100760814308384,0.7888992985590078,0.7035977735622903,0.5809052757665152,0.5712900364662548,0.5804483807709329,0.5403655428456855,0.6665065047550979,0.6752384992611895,0.708847779070937,0.7989060904637578,0.7670934008730117,0.867077323005933,0.8622788918772616,0.8346217477449948,
pre_model_seis1_20250809165442_797.dat---0.8610188459231448,0.8506836703682132,0.7869422623495322,0.6457302317426021,0.5711808986117679,0.6739086988082761,0.4002279183866073,0.3964191233634555,0.3085781816777963,0.3466601810597656,0.19546233063741222,0.4273403827051388,0.7130928219140874,0.8566045739192786,0.9805560827732223,0.9816451397823361,0.9442030395001414,0.9119629883998717,0.8205188346710877,0.8537556948768985,0.9295400424513662,0.9044257540743391,0.8340581857738911,0.6811230708820354,0.6018273258250418,0.5250652797231291,0.5248473384917588,0.37352454077869873,0.3553326172299444,0.2813437938181606,0.3343259181308687,0.3317209138240851,0.3934299540328211,0.5576376863440576,0.595828649148771,0.7367248842827763,0.7459745879723391,0.7735685509587206,0.7425362436244897,0.7896349917912814,0.7938326852721062,0.6422632906317395,
pre_model_seis1_20250809165448_380.dat---0.852932335732326,0.8829589291005371,0.7482918796624144,0.6985380939600451,0.669818475626177,0.7434222378218944,0.6610018479025392,0.6951602444252101,0.672481010601644,0.7172644796616997,0.7231630838637414,0.7571659126411578,0.8763587143563655,0.8873248188353206,0.7445428945422432,0.6551951498269472,0.5786205381353128,0.5307153064072377,0.5823283232029659,0.6455949050578013,0.6447322958213488,0.5914249534560991,0.5458252765516484,0.6020804606095619,0.6137535983792528,0.6467287680271684,0.6156315148522173,0.7418102060605444,0.7876180798362051,0.8277845026966686,0.8416181814454193,0.8789639905268052,0.8760285080427708,0.8880287618212573,0.8459274262298788,0.8014352422904251,0.7946553407054642,0.7798394715678147,0.7764744688021894,0.8046458164796659,0.7536586081693725,0.7312571866764722,
pre_model_seis2_20250809163939_507.dat---0.9186376207243121,0.8658073173644013,0.9114179621470827,0.8861976366184162,0.912978209328218,0.8710028906037307,0.9101787233890857,0.8861395169136496,0.9016083650592513,0.8899363615475583,0.7780991939737282,0.7895357659062591,0.6810387029289698,0.7417160902315862,0.8026605316052833,0.6676786221566021,0.5817092417618211,0.5628995710634213,0.5144497206169876,0.6485721681696124,0.7179440109543412,0.6557313634927564,0.5106125454338198,0.5368304307873253,0.46846024598991376,0.47923654349086475,0.5349505255488288,0.6717468976556685,0.7419678240491966,0.7821595713478716,0.7944290296552556,0.8143707090443097,0.7661746933574622,0.6937164351091745,0.6467089741093717,0.5499385723931537,0.5314308240209863,0.5645071126677532,0.6086501476820548,0.6581967190422336,0.6883294904483743,0.7106916311802609,
pre_model_seis1_20250809165448_751.dat---0.9301201920589288,0.8973530543032773,0.9391608953837056,0.9623477212769083,0.9213094906245323,0.9327297210410519,0.9593179551839174,0.9454441712886049,0.9282306364496313,0.9467725297062209,0.9381513097465489,0.9440923581785731,0.966981603375943,0.9687485959601186,0.9687223910219123,0.9651155260407693,0.9840648082038548,0.9822883671208076,0.9829140807564433,0.9784684596940425,0.9579021595248249,0.8972243137017667,0.860032881201802,0.8541117380338341,0.8073840492090005,0.811205490325658,0.8397741222440119,0.8533407806927813,0.8245475956452032,0.7406909258100164,0.7887499169630748,0.7657092850284313,0.6653759430411689,0.6710565234519256,0.5224732608042252,0.4558745583330327,0.30430607025721657,0.3597451913407601,0.2324382053942874,0.21416551413475526,0.21240933825122119,0.7970939446537755,
pre_model_seis1_20250809165448_577.dat---0.19950709937510802,0.5013372637670687,0.5188451630771418,0.6836964708358635,0.5500847266554688,0.3531490965802784,0.5056128550861608,0.38438372482222327,0.5380292189430972,0.4929105604822113,0.6921619588416087,0.8371108504075185,0.907695977325016,0.9195207607070846,0.9396142736325677,0.8724398885781157,0.8686496700464718,0.8074980349769082,0.7609412840594107,0.6946149743126322,0.5799519489334478,0.5769098891782838,0.5220006062068385,0.5384429701919483,0.4870748636898973,0.5419898412853866,0.5892517708506573,0.6226543409272933,0.6525025191352135,0.7180045215988127,0.7539113902447322,0.7456312164554288,0.8120216950579057,0.8280881019628596,0.8335994111260306,0.8669588323950714,0.9070660402700839,0.9035819006746922,0.8676205533492585,0.8550645695304481,0.8029949552309483,0.6837347753855413,
pre_model_seis1_20250816100528_40.dat---0.6307230458472539,0.828811586328375,0.816259593114511,0.7132738372799123,0.7001027991457611,0.7228377399138134,0.6933755198662073,0.7385691564824356,0.6796440654349699,0.7524122757891822,0.8648593630473137,0.9100453093116015,0.8890731019483769,0.9197739924811429,0.913569495916501,0.8734712901574645,0.9804652950986619,0.9485782802560312,0.8894053061932726,0.7930263475851476,0.7812210805277245,0.7782500609705608,0.858821424275235,0.7626447489924018,0.6333392964671946,0.5853117706101494,0.5565601150953499,0.4630446958826926,0.39769099627595444,0.533782410320032,0.6393438489614856,0.6678842451263128,0.7299977261027131,0.8089210440253374,0.8741147901392002,0.8455318598803389,0.851467435193989,0.8408137184791971,0.8185393334805368,0.8267651627013729,0.8441081198013558,0.7647910069391969,
pre_model_seis1_20250809165436_386.dat---0.9630594528025445,0.9523487306104175,0.9605692692938715,0.9019430459729896,0.9359443570095891,0.8964823699140196,0.8502257640236953,0.8570892240286285,0.7768815244849813,0.7741297611063443,0.5984392054405996,0.7099189181886456,0.796744079438684,0.7940060985487034,0.8710848582555124,0.8899111676134711,0.8652623244272101,0.8421144709001462,0.8536550765577312,0.8387535579518016,0.7868839709243995,0.7591629866795759,0.6663016897640457,0.6124205463080229,0.5361057980862441,0.5487389088620491,0.5150382560079961,0.5580243259877747,0.544579905036845,0.5100853714984562,0.5569095491837819,0.5030505368752254,0.458256911013215,0.4515680745233092,0.4797551808090597,0.44184480624820616,0.42657636147993383,0.4386758062271165,0.4161615795061055,0.4022246638356156,0.39052506481548266,0.6812549646400499,
pre_model_seis1_20250809165454_376.dat---0.9450064836320844,0.8885863278621828,0.9423943439751259,0.9150879347727685,0.9283918688094952,0.9091091352867714,0.8827144302228496,0.7731275462005825,0.7200966372686295,0.833809026187133,0.8155327977296252,0.8003217196488249,0.7902304045907369,0.9618842435501763,0.9672431291250558,0.9822136870438549,0.9743498904248825,0.9442747175122846,0.9121405446645533,0.8585693458088747,0.8662591747524714,0.8043500796090463,0.8183844317867408,0.8820393461263302,0.7404019821501727,0.6636652642762638,0.5987505833609298,0.5786091661191416,0.4234749524921568,0.29494609657560994,0.404993797450164,0.44389706732447215,0.47325854376668286,0.41524946991039674,0.6889963254918338,0.8355842164864602,0.8588247472070594,0.8509302317639835,0.7839911364362759,0.7302660074938295,0.7164768832611638,0.7711813101989675,
pre_model_seis2_20250809163918_272.dat---0.8821025876065018,0.8143455267178824,0.8336855274497047,0.7945441418099166,0.7508906635271663,0.6384838089335462,0.6528038498415443,0.5466845817265195,0.5470019514833565,0.5439852629330157,0.6632972034327499,0.7026198903715029,0.8235454077120958,0.8259123260448357,0.8616368634370426,0.7973001994558804,0.7211638054380581,0.7908549460201235,0.7847759113776858,0.8110055650813995,0.8087123609887304,0.8943092904771808,0.9095041146568515,0.8684770782756237,0.842548238483211,0.8099671799061885,0.7978575375720398,0.8123679274595413,0.8392807377641738,0.8174547568294416,0.7528474647528631,0.8312663397991779,0.7586124761923838,0.8334730939997893,0.779037094398873,0.7580637838070107,0.7354799342530283,0.6702308469020644,0.6159397196126363,0.6269189317569795,0.6245357921195607,0.7603298712294605,
pre_model_seis2_20250809163918_271.dat---0.8264933678850991,0.7973511583257402,0.8523474453106861,0.8591304084841794,0.859025776999942,0.8488833234723328,0.8781146733603286,0.8883983673919649,0.919354976555223,0.9032527167389582,0.8898487844576844,0.8322348390787672,0.841423309037413,0.8212516685833567,0.9002179201620477,0.7480221487766842,0.7984509142894626,0.7874018688249668,0.8057001215577195,0.790115365820898,0.7836603142117742,0.8216721218267764,0.836908312978224,0.8277076608326347,0.7964568324396984,0.7737883309963519,0.594778894015736,0.589468831513357,0.41745053774551033,0.46845933445239113,0.4520058762676993,0.4761834546137913,0.4534305766264632,0.6094647346159051,0.6631652107533829,0.650438122852517,0.7316035170937477,0.7524015133204878,0.7803565483287487,0.7602553916327319,0.7784502956164674,0.7528079406792159,
pre_model_seis1_20250809165433_564.dat---0.8731643753302658,0.9264853471288772,0.9105551429235489,0.9333178314523547,0.9378104652626724,0.9172575617189391,0.8430793161977527,0.8613209645846189,0.7877704285048549,0.8271843353958688,0.7654019272041109,0.7637747928070996,0.6813038851418791,0.7627593698969152,0.7394907563311887,0.8620883712667335,0.8643696226592936,0.9089547685991446,0.9064967267553419,0.8868594747353985,0.8645298687726808,0.8041784394493573,0.8007594383997538,0.8491618432916055,0.7900248586060041,0.7153738141209303,0.7411680147615596,0.7081236456267829,0.6728535159155479,0.5563077820153651,0.5910595043939956,0.4840028188053632,0.45413602566947564,0.5328268879595824,0.6627568044288816,0.6435756281137918,0.6701876377064686,0.6132630767738887,0.5994228766875693,0.5325683333427644,0.5045259540719906,0.7500061520197615,
pre_model_seis2_20250809163918_86.dat---0.8648890887508162,0.8526456262687705,0.8945129228842051,0.7910569288495888,0.8455374911533158,0.8298470360288381,0.7917062808741288,0.744107852583395,0.788510500810645,0.7491997565016334,0.7150908330271822,0.7889014371643218,0.725109114861812,0.7026963947832607,0.8441812334079019,0.8461156662108288,0.8304845542349107,0.8613972049270749,0.8611053011110329,0.8878372129086751,0.7982397601809721,0.7802557825016052,0.8345622454737821,0.8135534384204101,0.8626667559164447,0.8142046602516688,0.8132418575167859,0.7690969960720822,0.7417620096564014,0.7652159397355653,0.7706656323173237,0.748788121179903,0.740626153421106,0.6952272130539662,0.7450595176305805,0.7497852871571512,0.7525814516511746,0.8656171125345523,0.9076930229685057,0.9021406633085891,0.9439101505402793,0.8056055172885654,
pre_model_seis2_20250809163912_27.dat---0.8863851571662985,0.9374284519631183,0.9439730728304223,0.9380470919127036,0.9128734273214612,0.9177768293742186,0.9061609728808011,0.873347136521279,0.868801721847207,0.8364614963039236,0.9106199236021711,0.9081191467597465,0.9315255781886737,0.9517237559835106,0.9475100338675844,0.980333301895239,0.9830430813303785,0.9847453128617207,0.9844110101404927,0.9284889780267156,0.8112341309438761,0.7439746109441117,0.8171322594613886,0.9037258926432032,0.9042727812305504,0.8546718752854231,0.8517273887943958,0.8349299008373199,0.8641247349527447,0.8101912995471715,0.8255218822617493,0.794636813053149,0.8144910082042971,0.7907292689318779,0.7609564111191767,0.7151166171983399,0.7035325429109192,0.5971127860665183,0.4841697912312339,0.40126299589087416,0.5444860804009628,0.8380433305533403,
pre_model_seis1_20250809165430_436.dat---0.8869009193243338,0.835457825123208,0.9065013165003262,0.8483863943132883,0.8950663319175095,0.8701629444351536,0.8681698072532446,0.8628961167625193,0.8747410157865514,0.8529348594339083,0.8377958766828245,0.8666127539960878,0.8926372154253182,0.9348172513537801,0.9791019486981237,0.991762776826213,0.9895117445652009,0.9786513816058059,0.9598508042903963,0.9480718498833636,0.8617261822504784,0.8074875356268508,0.8256072516835437,0.8398894879036968,0.7233949228261213,0.6927388930333944,0.6328945229372819,0.6211649490639077,0.6356204497750284,0.6095394538779647,0.6069302294452334,0.6255505317286761,0.5914662903878319,0.5316661364063903,0.5211746166387804,0.48648579968282546,0.4396414759609855,0.47356647265953733,0.5314707603363581,0.5836481038603822,0.7479701160542795,0.7675528125930904,
pre_model_seis1_20250809165445_120.dat---0.8335163477674039,0.8838541929205137,0.8683307552878272,0.8181317020425319,0.8370764798348708,0.7210512746792279,0.7170328253161241,0.7705559557003113,0.6509010773802917,0.596358056696897,0.5626431044602659,0.6123251256081804,0.6153770986766527,0.6843563512481587,0.7228687325796532,0.8610098910657525,0.9668741362476986,0.9351513133066348,0.9026878622853433,0.8640460904772851,0.8680064468565089,0.9017169054936603,0.9220355363640458,0.7791690369175867,0.6839029079164751,0.6414511355844095,0.6575044768169195,0.5861751352029617,0.4923882935258445,0.5715120849948243,0.5776410886363974,0.5982306594396481,0.5588384861157015,0.6809579688972085,0.7290664433201952,0.7246506753812005,0.6997364367650518,0.6926210355330542,0.6090349506231904,0.6335400723130986,0.5805463547155262,0.7222652318291497,
pre_model_seis2_20250809163915_618.dat---0.9399105750432966,0.9066221660250156,0.8593541355607839,0.878889459170118,0.8517759287286069,0.8012187889179286,0.7349577341116879,0.6917317009142743,0.5579828663827237,0.6566201972011015,0.7106275267065086,0.6355377969274746,0.6477759669756301,0.6901446543868149,0.7254187748498133,0.7309159037986334,0.7613816402327809,0.7114808210086978,0.7865058391665202,0.7448930682388287,0.7365457363529233,0.6963201693880473,0.6044552980186301,0.6093431884060164,0.5972419428302645,0.5786036448793901,0.6039863928234489,0.6037499418811935,0.5390144828098068,0.5595221716038625,0.5204656960939601,0.5135726045810185,0.4602939596336685,0.4224911903930392,0.3506364501187362,0.33724905009418304,0.2558847270661855,0.19175429127340846,0.1214290779435811,0.12473085442579872,0.09633789924233527,0.5987164466879692,
pre_model_seis2_20250809163912_13.dat---0.5602403259540422,0.9169591585744066,0.7872514798151742,0.8410138569552236,0.7804499487952336,0.7456991185103261,0.8055371464983107,0.6882999132440453,0.7794745997129582,0.6603958794385429,0.5624379547399947,0.6540708063385741,0.6079361854177349,0.6205525873676909,0.6800641234625485,0.6310605024293789,0.663293645822896,0.6827566290922181,0.7036741820326728,0.7809916431308511,0.7164112905625096,0.7418242223758117,0.6584797283364943,0.6646837396001963,0.7416370312276594,0.8423556398728749,0.8626285979636669,0.8608833358349808,0.7879940517536987,0.7266457415081937,0.6895735404650181,0.6848018264120677,0.7020674844191139,0.6733277085788356,0.6398566538134083,0.6248295068528026,0.6093750898881678,0.5741807345816545,0.6152123746280749,0.6115339272718562,0.5920275241842138,0.7017680350601005,
pre_model_seis2_20250809163915_595.dat---0.7387485808457066,0.8284922231011592,0.818528060973792,0.8338775852359055,0.6928070558478798,0.686520116878129,0.6855326652829091,0.6586937140897406,0.7159259150192616,0.7667041083050667,0.8211997504634857,0.7613693377293459,0.8096772713861985,0.9415956440822071,0.9027860978294964,0.8098586804596615,0.7243946060827611,0.7513120568235457,0.7169133324472133,0.7169414530102689,0.6408857819598845,0.5732927964656169,0.46589024806580953,0.504838969491483,0.46081029674641716,0.4528029971324165,0.404399091072744,0.4701282563573783,0.5350961887352311,0.5822731775058443,0.5791567944820876,0.6463411473295454,0.6654432989983827,0.6422175779787778,0.6439782377419816,0.6756627440132176,0.6761260786039194,0.7359518244602312,0.7564993693141963,0.7760111492006745,0.784105171657564,0.6842387671513933,
pre_model_seis2_20250809163927_92.dat---0.4627258347637454,0.7706229852467151,0.8627919699261772,0.594131069495456,0.6192719091119964,0.8104996696185299,0.7588533433778651,0.6933145018919168,0.7060638583985382,0.8427695455470735,0.791603685209936,0.9016216736844228,0.9057838753343596,0.8756380727849155,0.8345528759607388,0.8899837210516846,0.8923011715763073,0.7752620564046614,0.6934609072648481,0.619850534953431,0.5446266671392829,0.5433565757331026,0.5520307720282465,0.5063587186480665,0.538127386946956,0.42915608413947903,0.5126130647360744,0.4508579965345669,0.5537295470261608,0.6198079915950371,0.6512523820235717,0.6737018338035892,0.6902724805384353,0.7258114895172294,0.7495729424337092,0.7652161652082407,0.7925330835485446,0.7938723556363803,0.7847752189386596,0.8024272838860007,0.7952228212333483,0.7018640517780002,
pre_model_seis2_20250809163918_7.dat---0.9609175755950089,0.9611199561693836,0.9588965721684495,0.9257416281204065,0.8997629105997882,0.84480317400886,0.8517723025801112,0.8380584552772967,0.780579976405376,0.671238004023348,0.6738323063581063,0.544357950905652,0.5842612633194745,0.8197189037580138,0.8649848762070921,0.891700830071424,0.9096335775471486,0.919008789898128,0.9349038398976123,0.9307805868175892,0.7927479780343494,0.7167116270261277,0.7726316735637923,0.8008864698099543,0.5553309116991253,0.5367643124763204,0.5258185544340275,0.494160666407853,0.5438242278916848,0.5087347897730975,0.52583464444182,0.5234389754872183,0.5246825489863494,0.604161047176495,0.6645373891217757,0.6356864419798556,0.641078015349275,0.5570065970689426,0.5241676000634994,0.5182841647553822,0.513298189534253,0.7133136659709627,
pre_model_seis1_20250809165430_118.dat---0.8275476905710987,0.7176632206803044,0.7227864268911408,0.8278772511151,0.714293364993582,0.7811410809731206,0.8203588459334802,0.8428314479900278,0.8542811751667159,0.8865529716277666,0.8950448146065036,0.8768666244198317,0.8206987997964592,0.6778232109729424,0.6138298663545564,0.4518474529483167,0.44167845360633395,0.6426491724719277,0.7720061581241063,0.7485814618545429,0.6834303912505331,0.6478163096316475,0.7239153009477144,0.7436380434149824,0.8003896815002483,0.7877734590472347,0.7726199108790988,0.7791543040371351,0.8797781536340219,0.8663727266792283,0.8913858994690661,0.9008332310924579,0.8920461642595207,0.8581971593012839,0.8680488452031032,0.882889828609054,0.8705370270647812,0.819555137528698,0.8174550782857003,0.695283231467962,0.6581675976920297,0.7750157798071551,
pre_model_seis1_20250809165439_377.dat---0.6528208519699206,0.7340117254687721,0.8413800216022879,0.8181867472992029,0.8271183009185262,0.7645938516990002,0.7166784591330017,0.694468573274524,0.6516206519453208,0.6988586763722454,0.6850002432213959,0.6849309360574488,0.7669010928960476,0.7252674029029431,0.8022842053179592,0.8334443107060926,0.844407173124298,0.8269147203612889,0.80710718458284,0.6286914936813752,0.6895213117058765,0.5428142513897104,0.5767367903537508,0.6322176442588955,0.7229375296191841,0.7644062322116587,0.6893540618904995,0.6938685985001208,0.6288370713715269,0.6551013712052933,0.6008179823665634,0.6163438389283972,0.5522220237039348,0.4179274063266779,0.509178908697327,0.3493401543220818,0.4978135525591048,0.6163199279572451,0.7757965307516895,0.8912380445472813,0.9176132728942306,0.6913437348315985,
pre_model_seis2_20250809163918_249.dat---0.9696847317170151,0.9746401181392742,0.9758145758627794,0.9710757326826368,0.960515136122847,0.9478430947075418,0.9360368159281226,0.9320327109156228,0.9182420308935451,0.9573299281471898,0.9533599345956043,0.9421631105222747,0.9282227530200287,0.922437413699148,0.943611118715735,0.9841389610997144,0.9258414774759266,0.9118828782124722,0.8862576735223788,0.8296169034493441,0.8153200121348078,0.7750604702951612,0.7533310146649638,0.6826746092653665,0.5816379463109866,0.5920526580990388,0.5197406019928246,0.5788010902558637,0.5390079082940264,0.5086325329938668,0.5893504667770086,0.5259673025899141,0.4667946578500924,0.4986748633225302,0.3895104797973112,0.4372677668613301,0.3372394545325725,0.3947741141196017,0.3376169109210738,0.25350826795417125,0.316862379650451,0.7235261611734678,
pre_model_seis1_20250809165439_779.dat---0.9190893051755387,0.8809991872551736,0.9247823101785848,0.9020434889784591,0.8539852301251493,0.8028115941678095,0.8309516143693029,0.6705134478287456,0.7704518199372389,0.8209383125875106,0.8977655451591243,0.9089336245530558,0.9435207258063083,0.9816444062392334,0.9864818047759235,0.9601182075291126,0.9450307286802915,0.9606949831827166,0.9245846709212271,0.9338182583114659,0.9180357352846392,0.9020295812980543,0.9018968181403371,0.9067830775807054,0.8900085618199551,0.8596695514111002,0.7911794168222037,0.8224927719066353,0.7473524665487502,0.6791590377476628,0.6264961431159837,0.5120047447589778,0.507377424056503,0.43429914659746954,0.27985088648268963,0.17643096115841012,0.2299269906882402,0.157823792397864,0.2122122170329715,0.21669213213819544,0.1865313826435188,0.7262783440339717,
pre_model_seis1_20250809165451_341.dat---0.9360299036721847,0.8989085792947777,0.8851795346204163,0.8562616865368989,0.8117887823135619,0.7975560311203674,0.7543365428651133,0.7597975524814339,0.846403201956083,0.8491155201721006,0.8617970930603452,0.9531860679091548,0.9842794077590725,0.978831628711195,0.898845154772904,0.9195057631616196,0.9492936168284336,0.9629702082042693,0.9628583211682292,0.9235430933696465,0.9111524196054768,0.8914030674947547,0.9078069886469277,0.8615640160366936,0.8067906934968075,0.7908150902568276,0.7821164490220609,0.8138788150281112,0.7963149050125691,0.8009293408546301,0.8347120190368137,0.8127424316734656,0.9021880380533999,0.8693658401527008,0.8935963669932618,0.9247629310753108,0.9223830381104511,0.9450002864063191,0.9364563657684525,0.9280621862587116,0.9106072706563714,0.8788569816979982,
pre_model_seis2_20250809163924_548.dat---0.83317896695626,0.7856955603203797,0.855887293848036,0.7761818476474984,0.8869077704362113,0.8138675897440497,0.8564982692658668,0.8900426799908664,0.884241627932304,0.8601530569540704,0.8385814611465123,0.7953986494475497,0.8241304649847355,0.8640096765868683,0.9476979512420219,0.929136824228628,0.9643369434431629,0.9613786700847573,0.9133837100797282,0.9288476669650285,0.9586653797785905,0.9594555316116211,0.9366867287236749,0.8864810031875208,0.8242331853256706,0.8009221069787031,0.6755609234019984,0.6645109133950085,0.6840784710664709,0.7001075593378119,0.8099311367467456,0.8609159221850633,0.8689866395315377,0.8696201348512369,0.8551553150228748,0.8789784373969467,0.8670086225302993,0.8603060918106719,0.8569078712418351,0.8571357752712735,0.8449025442658084,0.851953828657705,
pre_model_seis1_20250809165448_500.dat---0.9155567443926212,0.9166792032099473,0.8581150241255269,0.8445129815262553,0.9110085173214699,0.8994140362762616,0.8428492238340735,0.8434512722439202,0.8119315169533202,0.8339595843155211,0.8077959938739832,0.7747633899547692,0.8229409822817294,0.7437895736623784,0.8365211340613512,0.9157299941727831,0.9617450793500499,0.9417830792618171,0.9352367433132392,0.9377157697334524,0.6821482455035853,0.6733560804196876,0.7079375590703552,0.7016579419470766,0.6942443202763955,0.6752487551797006,0.7748302246305695,0.7841999047127776,0.7510112586129071,0.7835760167748047,0.7920477422106055,0.7352344148131208,0.7666370557957678,0.7515694529669438,0.7311372655715163,0.768182000528312,0.7216402513948582,0.6653368925078239,0.6397915193802425,0.5308196585504451,0.5114246373340258,0.7853056351718535,
pre_model_seis1_20250809165439_290.dat---0.9160936421801882,0.8935164214662722,0.9510337689739548,0.9336080330371773,0.9231579342342546,0.9021760984931445,0.7815109228732172,0.6577783290305762,0.5689467278303877,0.5756453866560168,0.5871186107732193,0.6555664771480679,0.6909783261418041,0.7472366446153389,0.8178174110330712,0.9045594511409222,0.9445442384127412,0.9108757485291215,0.8293218426826142,0.8538931713422928,0.9275463210860925,0.9433161487128405,0.9483816597096499,0.9341062423340787,0.9408041138778511,0.9324859542694705,0.9213079324116986,0.866949253434068,0.8808490954552314,0.8198251537288328,0.7197456527825065,0.6946285724850076,0.6243096239192669,0.6547219507010739,0.6507781328468378,0.6907402590121972,0.7280154171199208,0.7182575049959499,0.7945198607061734,0.767793510329677,0.7932991492010985,0.8048234316027782,
pre_model_seis1_20250809165439_843.dat---0.8951348986153537,0.9060006971206434,0.8676339864685965,0.8427028181911244,0.8279275625782705,0.8415217640759554,0.8097963224445067,0.7638476531181896,0.7034329718190538,0.7660106351726916,0.6934145990253977,0.7437138289399593,0.7845831574953346,0.7986207849472472,0.9412060306620346,0.9421901356843088,0.9239277516759814,0.8599871281349721,0.8195567391165927,0.7721136358329557,0.7901346365128109,0.8193829287459821,0.8366319792336449,0.8177883432696096,0.7340955191232411,0.770037959618228,0.8058406991149168,0.8056983762772034,0.6847978629147747,0.583707145008748,0.6166973043127564,0.5812173658809716,0.6043125599938738,0.6309322433201314,0.5922774036691912,0.6368177491069251,0.5971502642077395,0.620188916601928,0.5858270324362986,0.5966894578218206,0.5393047290105418,0.7500695994463537,
pre_model_seis2_20250809163924_729.dat---0.8956310097551996,0.9608786624916295,0.9408928536690959,0.939866329753501,0.9275880812895303,0.9311123169206786,0.9127481051288916,0.851363385321729,0.7942085994130048,0.8028081294073084,0.8236851052967588,0.8286394119242162,0.8875376366689123,0.9411175155391497,0.9404172429333622,0.8962149926701071,0.9379621145196109,0.9407668249190744,0.9326932721435887,0.9573927833510744,0.9526340306030244,0.8394550551688954,0.769138546587882,0.7449329612871897,0.6158934274936262,0.6681810087457029,0.6815750355958803,0.5463864720895591,0.6512304421680917,0.6697543177612078,0.8715777380679639,0.8982160124980195,0.9301977706702285,0.9019446669610717,0.8655142469276228,0.8198713614904715,0.7462320281995504,0.6211037161459971,0.55566790492572,0.5481529955473711,0.5155575009864808,0.8160180881228775,
pre_model_seis2_20250809163918_0.dat---0.8325093001735824,0.9392187297781023,0.9116626134977445,0.9176740207570097,0.9075655827001397,0.9051031150144809,0.8843453247791717,0.8890092004876159,0.8732503388606544,0.8547239825483133,0.9083014591475508,0.9091023501895058,0.9484444551867448,0.9682836778234191,0.8695228210714889,0.8619249833648481,0.8924960614381539,0.8913320554726489,0.8836191903136672,0.9087016297086984,0.854927642722048,0.869323245197485,0.8374809021171781,0.7883124414236039,0.800957686063526,0.7945636731260763,0.7844390870746898,0.7411922376828064,0.7167991379283987,0.6649099202059092,0.6534839226485658,0.6200371985977162,0.508575326731475,0.5183930962212745,0.43872342057134794,0.345228336398946,0.43064860011233097,0.4085059212502793,0.4312486976028559,0.6044783087232669,0.5992723320865461,0.765080293336582,
pre_model_seis2_20250816100700_78.dat---0.6259909268828555,0.5638339279157993,0.7007797538407725,0.5974274620758289,0.7222766162718207,0.7098504726420497,0.5457528439350225,0.7104177448713495,0.7737374557422171,0.8581196882851403,0.7753362145346202,0.8834628820716159,0.8270923567183013,0.8413584625489491,0.919291602390311,0.9352431552896571,0.9193456595168886,0.9317481909921262,0.8239574253470513,0.8383428357168011,0.8893952537324173,0.8828276583221095,0.8530349801158836,0.8190821230467775,0.8067565433912007,0.7897715546001275,0.7697103918722535,0.690002456353483,0.5762983806139096,0.590075442932158,0.5962022425978178,0.5662766769381121,0.7158119647537542,0.7808513674735433,0.8377772436540954,0.8693481438354193,0.8755885516310764,0.8815562395211489,0.8264730007271759,0.8456744172952335,0.8203918907857695,0.7752749317507962,
pre_model_seis1_20250809165433_550.dat---0.9341580416694775,0.9118159249419462,0.9487237526495202,0.9500890911481074,0.938792170124648,0.9064344365409464,0.8769225374497907,0.8851620165478365,0.8750612023562884,0.879277473615908,0.8697278296150398,0.9192402418683037,0.9158368813716832,0.9151132295801628,0.8823281431965863,0.932601231744428,0.9632779536783028,0.9699806209913326,0.9678694660503426,0.9627668881964241,0.9726664831481832,0.9566330737324946,0.9335144947987489,0.8407952163446616,0.7490245822147537,0.7505369923985974,0.6568539559789889,0.7156619112589471,0.687044488172935,0.5902454563264307,0.5851138622276552,0.6239265076346621,0.6026662548592995,0.5536315083331811,0.620325351419134,0.6090316128728133,0.6571134729095716,0.6654220928851863,0.7024219646929538,0.7261766137891564,0.8288209239344468,0.8154342915431676,
pre_model_seis1_20250816100525_83.dat---0.9494506778347841,0.9112526694429496,0.9251495371852273,0.9381106733757897,0.9361489622984072,0.9263760277449865,0.8944440589262741,0.8581829374693406,0.8117986348961848,0.7813245751852441,0.7749966548298017,0.5973792996084011,0.7348469344780725,0.7751509304008579,0.89804932345922,0.9087527563039499,0.7366865462937455,0.711279188944288,0.8099487718939463,0.7967124315327021,0.7716408131538793,0.7772582225088162,0.8111879910651332,0.7242997565326091,0.7867593491906485,0.7918292783059023,0.7700170433869725,0.7962475208136406,0.7705675871089345,0.785685540808455,0.8116247729462627,0.8144050179369415,0.8135441621429024,0.7975269930251545,0.8139149008810223,0.7954850103697859,0.7753710874851788,0.7420427016540929,0.6887685038607967,0.64701608186498,0.6351076531045488,0.7999107702500203,
pre_model_seis1_20250809165442_343.dat---0.30334775775979583,0.5700316358623428,0.7362773315928398,0.7061493201572796,0.6439337098822093,0.5290078905647719,0.6059044009031227,0.6276129275393528,0.6260698901792063,0.6413600847648322,0.730443476468896,0.7387343235382399,0.8196903703283235,0.9024986787933245,0.9435202341170946,0.9356524457231644,0.939884915803065,0.9559498064228873,0.9637416695029294,0.9711755024173945,0.9655911456488869,0.9110093155522238,0.9088732514499861,0.9398375245872751,0.9003555314372039,0.8262080631945318,0.7290679672508332,0.6364508491224261,0.6787310213468977,0.5333013748013752,0.5805136697045451,0.48618597353634124,0.46322760960461823,0.518015134603142,0.5310458738936725,0.5936563929990486,0.6078281144428732,0.6738070796565642,0.7179022777075609,0.7827774114655042,0.8013772653918094,0.7238231517004486,
pre_model_seis1_20250809165457_442.dat---0.8798121688791627,0.8793834519030455,0.7425693198721622,0.8089106471645207,0.8311675640399475,0.7819941428670881,0.6407021410201651,0.5542004736327435,0.4886916843677156,0.5665808160478186,0.7406519126960408,0.7137300759591526,0.9272212870678174,0.977248072818203,0.887523057352422,0.8674408437058211,0.8545278437973965,0.7162313532921736,0.7108120388918538,0.7267796279399558,0.7744362386917487,0.7004800704398437,0.6636858769801482,0.5747773413924152,0.5419708778457166,0.4579503051746852,0.43922524767342447,0.4832781522554012,0.5106123552921338,0.5337656550222563,0.473789706626265,0.577263790746415,0.6399190863159937,0.7482145783878817,0.8719110933123886,0.9108187461612746,0.84769221468126,0.8397008799920713,0.8497088590843641,0.6687521554821211,0.7671326555420822,0.7114942539125634,
pre_model_seis1_20250809165430_445.dat---0.8297904039831155,0.546774437685693,0.6880911372908718,0.7069095905973667,0.7597684480091293,0.7503853115140693,0.741974155625768,0.5652508511629721,0.6931260565762103,0.7031181648998096,0.5963466419457678,0.5011727986573069,0.6955127327303762,0.7192315588281032,0.6711285367544985,0.5859026519802242,0.6388993815240098,0.5338336221218829,0.5744194127628776,0.43820522521324673,0.5233661178423438,0.5116767851389719,0.6128861352674791,0.742765402958148,0.769763891926055,0.7020106998538661,0.714615954204804,0.6816591890957127,0.6357368470770294,0.6179023813095421,0.6175482874773902,0.4964750225464696,0.4797402668821828,0.4773581910301018,0.5225916393222267,0.4983278332972186,0.6026322904872655,0.5495843833174467,0.6764565517935786,0.7073979924596769,0.7688543918981324,0.6304680823182666,
pre_model_seis1_20250809165454_588.dat---0.6201481372589813,0.8524302980956351,0.8340431271297225,0.7525525467411766,0.8013617169074494,0.8056567410072779,0.9015403096056722,0.920413272398047,0.8721575975286432,0.8369940120073758,0.8466457309349048,0.8330042932870062,0.8007507517692504,0.5860220949562299,0.602993371081965,0.6439155932124163,0.7552886146776593,0.8247660563258378,0.6331603473190551,0.5048029204361565,0.5175436182101849,0.395404357897208,0.36562767618501807,0.2921884101119038,0.36435585037167256,0.3921190979366685,0.40703764413569415,0.4600081320856738,0.4582344769305031,0.515072163718192,0.5389786330372177,0.6177175004723372,0.647434170677498,0.7872279651241775,0.8119849020876704,0.8226917856924256,0.7975977752677597,0.7479900166753499,0.694167345469063,0.6210431153431724,0.5442492096479353,0.6592029604818974,
pre_model_seis1_20250816100534_69.dat---0.6948440457343025,0.7197232488717425,0.6995684201757713,0.6740102148986374,0.7219864623501194,0.7197879091193091,0.601450337512457,0.5909261691791159,0.42608552726057897,0.5655358966899233,0.7190828266981559,0.7768016901566234,0.8406786993022055,0.9441817455324277,0.9560696797807459,0.9224785708795273,0.8890755575616536,0.8181714650511428,0.5942373931872009,0.6125225004821726,0.672723437341755,0.5787226422521659,0.5738218658393986,0.5580083567086878,0.5921349498723514,0.6095007802270899,0.6228873161880839,0.5954722861702593,0.6454134690311097,0.9019117607983544,0.9263781768157879,0.9230495585515421,0.9143141404040972,0.9184041589380048,0.9178294274719664,0.9100816054397818,0.9056278639738993,0.9149064478059479,0.9352735966670362,0.9473849388101261,0.938745149216587,0.7558490314377523,
pre_model_seis1_20250809165433_260.dat---0.8783425101417837,0.7987113875177866,0.8606314181296137,0.7357495608677066,0.7613037329879986,0.6826188976389526,0.6964977479352747,0.7508333296325159,0.7442075168134604,0.6725518428768151,0.6851702739287372,0.7971917116236502,0.9357093162292226,0.9757821934897116,0.9879103972526054,0.9954077395392047,0.9606773402894877,0.9426736075511885,0.8741935122735127,0.8322162714206522,0.8087607883463489,0.6076291578563668,0.46390094446242264,0.5268987540423332,0.42871552404149654,0.5321703469638904,0.5553517822591126,0.5153129182435925,0.6868030027434473,0.7571591768481206,0.8015060878339242,0.8672038623808322,0.878135015983812,0.9064143586662298,0.902736722150897,0.8799871730828108,0.832515180355747,0.796548489525991,0.837111197964252,0.7968686674136479,0.794244021054135,0.7742525239112021,
pre_model_seis2_20250809163939_726.dat---0.7786263093377035,0.8949093960092439,0.8793063296554423,0.8798547726082594,0.8672852160364241,0.8737678746338795,0.8481962336909928,0.8141906262882103,0.7998820425283316,0.830667972925163,0.8495568567847963,0.8792172403133024,0.9295337326583575,0.9449892857553683,0.9421542743173557,0.950423375084121,0.9591864749708237,0.9670444807938535,0.8995307712596865,0.9348174073596405,0.9091189946283136,0.9407458414831508,0.8665067545060012,0.8269522015245486,0.7964930912044981,0.7877081240677875,0.81166344652669,0.7997440514033523,0.7925058314550825,0.8064775092366228,0.77931245925237,0.7695951296403091,0.7463371819711325,0.7596001988201743,0.7237576602621512,0.7251052149717601,0.7225071141913678,0.7684060343998933,0.7673620849542191,0.7200660884192007,0.6674142078356841,0.8344029242381774,
pre_model_seis2_20250809163915_671.dat---0.9037726313691433,0.887996532452506,0.8768971384152756,0.8453468570936047,0.8492584664989253,0.8910201220778067,0.820440068825671,0.8406219335402951,0.7750794097057832,0.679511302742532,0.7981567342492935,0.7526976081219239,0.6440465441990451,0.6319189978552295,0.6299364788867576,0.6878315373059024,0.8766167599129401,0.8930636817208766,0.8830710444671652,0.7540037398018624,0.701583388226911,0.645441957338798,0.6469082927697183,0.7486156030923298,0.7809872209424051,0.8151235297077045,0.800916765437316,0.7737966958794056,0.8192007463598118,0.7260840091793258,0.7648863431273851,0.6477375286424232,0.7047852402898803,0.6121472433088395,0.6211635931666944,0.6603792890059789,0.6455501675769152,0.609404456120718,0.5899687345166396,0.549134314574509,0.5476930854771471,0.7398242876581314,
pre_model_seis2_20250809163927_460.dat---0.671373474856973,0.8547860939241698,0.8724243335245768,0.7436181069546228,0.8424365910194571,0.7360828030491721,0.7634310799781728,0.7302635254727238,0.8761361812938246,0.8948731933175961,0.931050672974785,0.9038872693580119,0.804582644051393,0.9194145517802838,0.954950540828574,0.9538569109863084,0.9103788132857363,0.8280674545912636,0.7696068584067927,0.7548076972491798,0.7927980507595004,0.8237910835610678,0.8786119388740832,0.8988476849128012,0.898167552137449,0.8715872125874244,0.910560029604691,0.8836399949323892,0.8375618021306523,0.8541161031982951,0.9019924650461186,0.8991039018562301,0.8718021055125303,0.8440727392008218,0.7578158988323126,0.6874515553759567,0.6226966232669243,0.6075730473954931,0.5771179863881146,0.6515679486153272,0.7056760899533588,0.8168922100254918,
pre_model_seis2_20250809163915_625.dat---0.8435706591856834,0.7544337759234956,0.8477774078726411,0.8492912402572184,0.8597713247161798,0.8684236660318699,0.9302872455310269,0.9454680509994641,0.9098499884477355,0.9168781908388702,0.9390068188055695,0.9273574072438965,0.9570752616489953,0.9339805415955557,0.8965734673186008,0.8477843229108061,0.844646365788688,0.8571718070772298,0.7517691602844248,0.6900917751836629,0.7493547097635962,0.8104614386146095,0.8675004031495207,0.9158747380377205,0.9244550799666558,0.8785153340090053,0.8448072330331239,0.8121042979462162,0.7416976516600319,0.7701681032269854,0.7894355683645288,0.7923966012323561,0.7601621831466809,0.8417014984113654,0.8869762741613042,0.8915425406272415,0.9256784914707195,0.914797654461585,0.7779825927513924,0.7393983378296023,0.6821264306233477,0.8460572107353466,
pre_model_seis2_20250809163933_334.dat---0.9081321920577344,0.8768855308097004,0.7145315926319836,0.8177957904829432,0.8093607141882405,0.7867634001644156,0.8129835880000772,0.7995400756059858,0.8211237015809774,0.8050837534246889,0.7322269473338034,0.6966982619341222,0.7688505519798127,0.872832050031871,0.8015387979006494,0.7755956174290851,0.6719628243158589,0.7775104598377712,0.8560906541434649,0.9420069188275397,0.8171623973831972,0.8508918032943811,0.80974076790798,0.8244853543280632,0.8100758280015892,0.8203912766503888,0.829109672238633,0.8149249901150771,0.810502212355147,0.7991864980240944,0.7437080999037161,0.7535217121741397,0.7468787963709625,0.7306866106186757,0.7911058004323003,0.7847744074128229,0.788071139784778,0.7779769011548934,0.7656005466054433,0.8109155352745465,0.8252343582834244,0.79884044221939,
pre_model_seis2_20250809163927_469.dat---0.9206073911199826,0.9356374762245337,0.9034531574539189,0.8626879399764429,0.895994172614828,0.8776574328805232,0.8637976880735864,0.8903422490257195,0.827234487608188,0.860995606103457,0.7552978892734266,0.813708051839346,0.7868760035123589,0.7543472059078856,0.8359240468800944,0.8499125610101489,0.9115221757379345,0.9634731682683031,0.9250339473673652,0.8706422972830599,0.8492272823505537,0.8949418704354711,0.9077423542177759,0.8975577712431333,0.8877463751707712,0.8417268016155869,0.8083832934194709,0.7335081751897444,0.7900581688349946,0.7055106503049409,0.7479368802470702,0.7014435917263296,0.727413157623468,0.7108839386986684,0.6943563544681065,0.6701051062810744,0.6844770502044123,0.6636717458286312,0.6193315827362943,0.6093700178115075,0.5728063040563943,0.805447400503061,
pre_model_seis1_20250809165445_394.dat---0.8092705741228097,0.8610199159563392,0.8280045802251972,0.8413890165210154,0.8239618672001104,0.8331189330770513,0.828863973957277,0.8789912484575295,0.8695432404282002,0.9409160436017202,0.9379812689832941,0.9576805126519007,0.9414884619581797,0.9238982778789642,0.8732349676937915,0.9231753635725478,0.926926904454071,0.9292718122602802,0.9445827390723898,0.9495354618752586,0.9059299835826169,0.8176859762997467,0.6977199438559918,0.7146039844637596,0.7836800454225017,0.7886912196490007,0.8028682772158744,0.7816367895916742,0.7172820599574825,0.5746588666157902,0.5521910821651882,0.4423087132582848,0.3815485561106401,0.34346753208167663,0.3644625723445315,0.3088449776432883,0.41188014748586654,0.43350346980281745,0.48177599094421186,0.6028090403961623,0.6537808012058873,0.7410776876595347,
pre_model_seis2_20250809163912_847.dat---0.8263904818478165,0.7082068237505567,0.7711027294038604,0.7726962582261038,0.7989051667606952,0.7348287938179444,0.5247090048889527,0.7289559277570169,0.7076150674469298,0.6672681788085234,0.6948373281417102,0.6810179328598002,0.8353370193365872,0.9620460121055583,0.9585844795320844,0.9821173096084773,0.9286357503643343,0.9773291319033337,0.9661135021108727,0.9238475334060303,0.8254009087383077,0.8534407747415942,0.8999708734190005,0.9013101055646604,0.878987287793127,0.8631096280260159,0.8456984874459883,0.7841883526435554,0.7925238923339992,0.7468018550359173,0.77817267050384,0.7654518476357021,0.8175824565599998,0.8410527186301384,0.8104901742724413,0.7373496309807864,0.7471949222807657,0.6515143934788676,0.6843554601876894,0.6831058204898616,0.7016888111171973,0.7990228171696742,
pre_model_seis1_20250809165439_766.dat---0.9410467851134551,0.8579318881796044,0.9217522079020856,0.9116021854979843,0.8978976194727617,0.8585353903566915,0.8389495380912522,0.758231132179053,0.6700532410273947,0.7003211511329348,0.8433688401937408,0.9229005520367141,0.9477710179438507,0.9797775883360315,0.9835225932838836,0.9607484623714051,0.8249229923092588,0.7792634793609385,0.8379115981356876,0.8449463321713483,0.8107124688928202,0.7582123661214423,0.7721590966743601,0.7735221491368163,0.7689250379405612,0.7629989493905263,0.6565052437044202,0.7727316797940965,0.7690317078882748,0.7585350565808683,0.8366004005403677,0.847526859963472,0.867247346745406,0.8474019479250509,0.8437061550460073,0.8352906904209606,0.7916827739354784,0.7648228655946724,0.7476315291474229,0.7265795145064193,0.6917832504866066,0.8215868703788322,
pre_model_seis2_20250809163927_747.dat---0.9409345871770064,0.8952156593592279,0.9199028987507795,0.9204086049321023,0.8749122682242078,0.8739577563608275,0.8653886646448603,0.8667255908813752,0.8793351490963064,0.8445451877353903,0.8628913225314285,0.8556558664122713,0.8929624809757414,0.9388365164879078,0.9589601773653476,0.9596029714709519,0.8712503537697819,0.9331538560421581,0.967300746028824,0.9227596993701807,0.9387394187707765,0.8907520037659444,0.8887210287698596,0.8057059023302592,0.7385304747466851,0.7530553198001174,0.71684391227729,0.6799913502819831,0.7353737621178664,0.8157439883493349,0.9184516392681527,0.9200317578633219,0.9103292661166935,0.8833396548645035,0.8588073771145222,0.8551961384595831,0.7881766837821097,0.7965333852181855,0.7942766733057336,0.8146576275268289,0.8105425488806937,0.8624024456396857,
pre_model_seis1_20250816100531_28.dat---0.9710378852456811,0.9318767815086623,0.9676731557048881,0.9449814118076773,0.9491626556867664,0.9473043617473244,0.9303369147390851,0.9072412927122269,0.9021848437181436,0.8905242285443316,0.8890752987082576,0.8925700421453896,0.9156661941246452,0.9164892326319716,0.917002137030187,0.8779110302577001,0.9246551475230538,0.9651787703462646,0.9620263914046622,0.9522391495904989,0.9175533645649212,0.898998281737827,0.8470384950665903,0.7680922934995165,0.6748825533779226,0.6065075572756012,0.6209753636049072,0.5380241187311277,0.5972917787345723,0.6479728446826437,0.6342941475580668,0.7271826528535013,0.7324350443416819,0.7555882772605446,0.7732376663424805,0.8354152316359791,0.8435158279447541,0.9057670984905741,0.9307413547472947,0.9344207855597589,0.923862017051018,0.8455837482985049,
pre_model_seis1_20250809165439_193.dat---0.7837487697304969,0.8319057441073824,0.8768406316148187,0.8392724367307487,0.8745264098509599,0.8749153221475813,0.8574807792851478,0.8833264082445927,0.9134782779426336,0.8657552618202993,0.9039822010764725,0.9584284773604853,0.9883194134441238,0.9948763405003962,0.9961606995549743,0.9859619499200821,0.9749089747984402,0.9210741741117294,0.8513012255760698,0.8115573792359064,0.8906572365126912,0.8950485741188702,0.8910069432184221,0.8674045629604082,0.8490068126717562,0.8035009314507385,0.729878192732983,0.799782670974527,0.8413630884497039,0.858116949831417,0.8818112857375814,0.8724305363990793,0.881345728986915,0.8742699873405997,0.8831340903405145,0.8761474408238086,0.8813344426605948,0.875048582161383,0.8579321851849765,0.847464343336713,0.8242132348968645,0.8772858218986315,
pre_model_seis2_20250809163927_182.dat---0.9246038453709653,0.9341457994123198,0.9464891347889111,0.9260160128809525,0.9336007166603109,0.9339154723493205,0.8944682352003813,0.8939709791956951,0.9039563934953319,0.8953303299363978,0.9448250915130618,0.9702453408318915,0.9807388391280926,0.9848956888275998,0.9931852401591392,0.9542244535664842,0.918811180571323,0.9684283219973306,0.9627983482054282,0.9072564674430879,0.9230641074817195,0.8630790711236436,0.9009276043740264,0.8652589390735919,0.8618673482130207,0.9168731419022818,0.9470661230415702,0.9427064035110925,0.9571465981006277,0.9456863335963496,0.9351700599281044,0.9223873640133159,0.911901754054721,0.8955317770153779,0.9245844512408865,0.9199920455287612,0.8773377267801263,0.8674993578239157,0.8416572103372507,0.8333759881700834,0.8528390522526668,0.9189721548560282,
pre_model_seis2_20250809163924_886.dat---0.7604031682040517,0.691521252163074,0.5834954442929648,0.6585832387938892,0.6263777424764035,0.4837509133811077,0.4135693309150189,0.5362698685921442,0.48592786663683724,0.5627206958255315,0.8172087033261487,0.8484526185924662,0.8166099017808556,0.8089423223062401,0.8158091542149211,0.7133958274198517,0.739620485138046,0.8246640425883076,0.7812614769778576,0.8023572516413814,0.7865603775079356,0.6691949398077688,0.7358196435398335,0.795131181689337,0.7285645391143492,0.758236266764573,0.7648756217192022,0.8030367052510037,0.8122036261859855,0.8011268237941995,0.812485476592308,0.8779414479524017,0.898747998517127,0.9300808195567954,0.912055746991842,0.9458580400717879,0.9387737042624164,0.9116040702034753,0.8707610943374964,0.8383357733215215,0.7960940921888884,0.759961690113106,
pre_model_seis2_20250809163918_780.dat---0.6243898406125439,0.8462266530229001,0.8104763881675453,0.8052145021512714,0.8200393328939567,0.8006737411872185,0.7999344323370904,0.8018360164866913,0.8468503400147299,0.8049359022190032,0.8213962131150866,0.8456824938335712,0.9245709536479016,0.9494628522725729,0.9200945788470422,0.880313032480256,0.8286711759535043,0.9272091285081673,0.9137373790555428,0.830434558062565,0.7706815589264817,0.6860486681852834,0.6452490717841032,0.6089196059371713,0.6393414795294114,0.6823215422832647,0.7006796808523869,0.7423255655249761,0.7638240176353462,0.6394740302766058,0.5798553424140968,0.519807107251596,0.3186378731796492,0.38860792725799154,0.24115072206739685,0.3089108783688695,0.26935688924464035,0.21964047306222342,0.24199057217836734,0.342548414182321,0.3441884261234474,0.6696514478325557,
pre_model_seis1_20250809165433_670.dat---0.7505917534664144,0.8596362483400083,0.8751440796789944,0.8257999879038619,0.8282523075001199,0.8488432154249828,0.819209455504675,0.7921410399135445,0.7965672208621759,0.7928816459430279,0.7678959088695548,0.8116131006950635,0.7932070517168184,0.8400924284066684,0.8037695270744674,0.8834178119165637,0.8742774605575824,0.8192530315069555,0.7447663550241843,0.8255194230628523,0.8507321212373733,0.8931787081139881,0.9104598811076727,0.8756591025191086,0.924650881882456,0.8602430773670203,0.8280336601828411,0.8686201062015023,0.8805747038338877,0.8816626308307731,0.9111451441427599,0.9180656209576163,0.915812423125503,0.897309927849869,0.8466464768682164,0.8583374811658574,0.8035243349655143,0.6673623180335717,0.688201288251205,0.6718005227279951,0.5826311338228185,0.8265251365501477,
pre_model_seis1_20250809165457_776.dat---0.9267317787180883,0.9325879218652844,0.8941068222311022,0.9035047073401262,0.8339375752825764,0.863862604216666,0.8531329994258198,0.7979042281126241,0.8148912767422566,0.811460813871171,0.7818145997318463,0.8347438778781052,0.8083550642982104,0.8090515945577414,0.7844078932146756,0.833948188453619,0.9299280091396279,0.9441827963386357,0.8773785264655821,0.8913513446593512,0.9869311414029706,0.8702807547062348,0.8550481253220836,0.8118931553234852,0.8085293112205905,0.7911075939563307,0.8505355783094367,0.8595400916512769,0.8560251375041044,0.8673200943183732,0.854652259214159,0.8543905690229134,0.8306618907108226,0.7915729034709009,0.788449596581292,0.8024933546412212,0.7028940765005124,0.6678622639329357,0.7117382796413322,0.6414913027794628,0.5786338841451175,0.8270569265097235,
pre_model_seis1_20250809165457_392.dat---0.9594057452352796,0.8992055559786084,0.932493887193122,0.8960063530570024,0.8714822540167644,0.8190975085644714,0.8138243834704628,0.7710583868018733,0.7206958352604287,0.7458735033277567,0.7981048319103963,0.7475235995401769,0.8258389766781279,0.890551797139833,0.8702442635120118,0.8954816716159721,0.9659936274107568,0.9737678952601967,0.9823883310595691,0.9721652334416919,0.9932269137225128,0.985572080166288,0.983043213659109,0.9697810503969775,0.9712563489543754,0.9374440339991403,0.8541558062053549,0.8988970958397691,0.8768957057167729,0.8787070387908236,0.8773647465952255,0.8768477925717495,0.8755188767440248,0.8681840082014265,0.8348954352101693,0.8421797865776713,0.7468992979895364,0.7907533231680853,0.7804459850294938,0.7925942564100084,0.8074277388200507,0.8730071750059285,
pre_model_seis2_20250809163939_750.dat---0.7281888682995916,0.8430656260527591,0.8387509962589471,0.8597112712222191,0.8682213895184421,0.8885090322616634,0.8960367315160002,0.8468911559944641,0.8388148019460978,0.742933040523741,0.7696562777325425,0.8565176578185894,0.8439389118378057,0.8148755521161534,0.9116921152797155,0.9705734195341117,0.9472052114640831,0.9401032163049389,0.9390618463426109,0.9369516732146288,0.8289966802294827,0.7950319099705015,0.8151087916856838,0.76103515564508,0.7687234703523308,0.7794858893003686,0.8142498873597916,0.7974494408861551,0.8069652566139407,0.7376981185860206,0.7561298765087725,0.7242038506505963,0.7352759407854913,0.7353171400933158,0.6892061749259111,0.7575832175585149,0.7438937360092174,0.6911493243506341,0.7159063412830698,0.7341972788124391,0.65325965270154,0.8078674616962919,
pre_model_seis1_20250809165454_346.dat---0.8779060247737773,0.8769084015435663,0.8231594895187381,0.8386887831892279,0.8201280457238492,0.667989653150988,0.7346255771621243,0.6153298900293309,0.5457912486029192,0.6317505110296823,0.6169028016971303,0.6066291935778384,0.576693561152695,0.7729464475495351,0.9292336845743128,0.9328961042051531,0.8755993949281424,0.8644954248200971,0.8556892415021377,0.852605618921991,0.8696451892086934,0.8178178368375111,0.8786492947529737,0.8524674759764892,0.8640168941301899,0.7887688229217016,0.7703281087994519,0.7804773667431729,0.7755166142540104,0.7198944908841465,0.6890345485696044,0.6797270995368574,0.6679306770916674,0.6450486291300395,0.7661598874341035,0.7577154520350673,0.7005107587971229,0.5016759412969387,0.47571537514936807,0.225979479781862,0.22919694853036482,0.7261523412076725,
pre_model_seis1_20250816100537_75.dat---0.9502503746854151,0.9173798547143274,0.8623462464057889,0.9170774317837388,0.875539242122092,0.8684613392351087,0.8083186585846223,0.7764633420291505,0.8047165101648127,0.7821666351790667,0.7222421126197103,0.8205225122932583,0.8782886359039308,0.8693189906595424,0.9759153036620895,0.9787047872488083,0.9756806042262974,0.9493790649124966,0.9054554921948936,0.8386066678978826,0.8304068561803505,0.8721676625035627,0.8602133380894631,0.8823627828122794,0.7749659961739522,0.8090712483388944,0.8153513387604864,0.827613715284071,0.7518472133143385,0.8298699573359202,0.7431349724231966,0.6111886689174153,0.5450638856611508,0.5407378116101575,0.5158594728780503,0.7281195587755521,0.716229672190658,0.7728804449449383,0.8458922312962799,0.7841171200877115,0.8764727141309587,0.8148878162983516,
pre_model_seis2_20250809163939_92.dat---0.7374028867199172,0.8717582747280779,0.8375553130780751,0.804772308378036,0.791237250392388,0.757261911003248,0.814364069986009,0.8592708864450648,0.863832062678599,0.8716228709453462,0.880966741960394,0.9300087691688761,0.9486367439664536,0.9531333038237699,0.730552348692158,0.7427694355599881,0.7722988393359415,0.8157731572497693,0.8098454509351232,0.5773691451369731,0.5251813849179308,0.4486308584639954,0.446144992047756,0.4030494291560299,0.49860827972083765,0.521358731760655,0.7237328996977941,0.7754482798696608,0.8323760493897856,0.8941456223313683,0.8674988556175338,0.7981027687623349,0.6502558902842982,0.5540957768080627,0.340880128932943,0.3524538597540639,0.2504757190713835,0.18091056491661045,0.2266649823931057,0.2639653365633745,0.31084832627038667,0.6642746465101005,
pre_model_seis1_20250809165439_782.dat---0.8530280709600415,0.7899905528263672,0.6394121407639685,0.5666786736782412,0.7020643009716895,0.6698778478004042,0.6334715194537233,0.6259786736250396,0.6322228008975984,0.657788028511074,0.7282167319102323,0.8465450832172431,0.8166439545088433,0.8525156964075322,0.9351992994088125,0.9183313075614122,0.9324602355587586,0.9106601418626249,0.9413217176407029,0.9342920454133995,0.8932138917883036,0.8543997480987838,0.752459615163919,0.7371531778073973,0.7076661579724057,0.7386643170756206,0.8309300583500414,0.8022308755007402,0.8024650996663955,0.7376565420381642,0.7624874995407392,0.7349526516244087,0.709962185767385,0.7020358789250154,0.6150356514442045,0.5208376116913389,0.47166608150549033,0.5090832698426253,0.4028427302035664,0.38809497569878204,0.29675733904937956,0.7209096141885956,
pre_model_seis1_20250816100540_95.dat---0.9500260248377271,0.9579362025162508,0.9692856061918759,0.9677639868417428,0.9596750627181978,0.9546236975642105,0.9186432352562102,0.9306694433984095,0.9052557532288991,0.8804819408445037,0.8675470841438844,0.8041590326655831,0.7965559819478479,0.8779626277793833,0.879801406725087,0.9177109509958337,0.9771262255418314,0.9834379167630027,0.965073364670724,0.9511516315598542,0.9763828719195042,0.9610170409133233,0.9586294456868333,0.9728864762750469,0.9618487968214847,0.9421859392467956,0.9276935387131944,0.870053221707279,0.8959187577321207,0.8300754554816568,0.848899863552305,0.8239557164705711,0.8505979319708256,0.8022131841644843,0.7942591927277177,0.7912337334082656,0.7257847225983788,0.7758225664502324,0.7762329863619355,0.7869243940826285,0.804871877988265,0.8900579241576557,
pre_model_seis2_20250809163915_755.dat---0.9847794732986398,0.9761683734622425,0.9675714294942686,0.97502973436196,0.9780851162498596,0.9662437343722118,0.963122368964788,0.9586779437419418,0.9519597829594838,0.9412006982274151,0.9445090746419676,0.9505025557188574,0.9476907822657828,0.944130713011288,0.9467910992514568,0.9611891632599125,0.9534513115076335,0.9483791145216856,0.871550095957207,0.8421799986862782,0.773572419411255,0.8178203384809135,0.7141514650322345,0.6781986761006976,0.7053922733951442,0.5446145803436837,0.4503990984118301,0.4729435147172939,0.4191684781000891,0.46815878468573713,0.3641542154326163,0.35783244655248664,0.3231886465175922,0.2578145892780943,0.2929766564677677,0.2876406470462755,0.24720831616226163,0.2121873437443356,0.2070122065395767,0.20974061460475013,0.21614932219705635,0.682769199931136,
pre_model_seis1_20250809165457_812.dat---0.9009489507034582,0.8435348073450197,0.7249158661062378,0.8556489030142936,0.7801474443613605,0.7576837784301281,0.6779587694062709,0.7685601821889404,0.7486406238843228,0.695952030601799,0.7239799151754112,0.578698140077948,0.5520410350286366,0.5881309243922375,0.8563593173603768,0.960112968392372,0.9569175836160674,0.9207660322089376,0.9575525454569526,0.9249779164053022,0.9231773136570322,0.9379922721159492,0.9436721736436638,0.9121868922001132,0.9066225359814548,0.908842205151789,0.909785038219768,0.9060705591130372,0.8456172173228026,0.8272765767605913,0.834007891340022,0.8218881652436032,0.6900158226869624,0.6490718952273794,0.5594937649616382,0.4884475005497271,0.4102612122813863,0.22577854427343771,0.2852755437067115,0.2602002560518189,0.24615190458845385,0.7381795858349613,
pre_model_seis2_20250809163939_517.dat---0.7036171800935636,0.5515552211984843,0.6812781293998649,0.5847239278735809,0.7341786322032203,0.782688740698229,0.7206163443540999,0.8788558843264647,0.9137539922734118,0.9398113409764993,0.9083122145511647,0.9003196383785566,0.8578634425801085,0.9210042163043956,0.9063374434159142,0.9212212273150742,0.9662548432691886,0.8706510601971474,0.9103832511999329,0.9055146175444192,0.8969962898495546,0.862718808578524,0.8453204992550118,0.8344570655131595,0.8066317395186049,0.8417717148287238,0.812760201177174,0.8168566395049728,0.8404558303949258,0.8702363432544662,0.860404279565198,0.8356729775076635,0.7082721197532478,0.6811234804956696,0.7184830271344742,0.6950160575579498,0.720848680022064,0.7221091245549602,0.6851656182670318,0.6803125574097534,0.7015661814457695,0.8047834288717616,
pre_model_seis2_20250809163936_124.dat---0.9044404366270219,0.8214582352706312,0.8536116632873024,0.7788342157616516,0.7263251951608497,0.5270293429516187,0.5385718292107711,0.49205671120125183,0.42717293696172154,0.3933767332156945,0.26986576305750576,0.5042284053288616,0.5593122207259728,0.7078163028162586,0.8440498561501646,0.8710111306327534,0.9437696055638477,0.9549115061627854,0.9619513728413688,0.9172242713056998,0.8937545853507673,0.9231257786759499,0.9126902222734434,0.8376706097938661,0.7860968524009214,0.7995538439146488,0.7674208263728356,0.788693914982824,0.8081982441500285,0.7555584419660105,0.7298094135435098,0.7103552981781606,0.6413340789917873,0.6604580992417691,0.583001881719198,0.5017160367017437,0.46563554629285564,0.44096760659778467,0.2694850226713156,0.20419049389646268,0.30666060452255217,0.6776437838163941,
pre_model_seis2_20250816100712_99.dat---0.7021979519981275,0.7568350575810897,0.9121351393757255,0.9026890888562634,0.8656126234283775,0.8541875562530713,0.8267240215599918,0.7648273200217955,0.7474033578947996,0.6535743659329574,0.671229596557042,0.5862682892943751,0.4983976279890659,0.6893308032159051,0.8302034122881436,0.8816188883782622,0.8728065008855262,0.920933281621482,0.8474344232803496,0.8325576176791714,0.8933172798104099,0.8919600719744951,0.9026825586025637,0.835285383799584,0.7879137986896547,0.6778487074721518,0.7408690904610689,0.8366846819653869,0.81588730748777,0.8507563033820055,0.8850869404215469,0.8783145332837301,0.8591187669042967,0.8513508650817588,0.8722764891843467,0.8627721695375177,0.8828199382755826,0.885910659674073,0.8855420637890303,0.90268919947969,0.8846103942352477,0.8170893689659374,
pre_model_seis1_20250809165436_195.dat---0.9688859334952656,0.9310701519164021,0.9128691306294902,0.9216593852656919,0.9361066406456914,0.9044946961302586,0.9245253037157521,0.9004135653027663,0.9066189243725299,0.9338133730110998,0.9639888802491552,0.9666062667048745,0.977316940970305,0.9684648714899843,0.9744828831008473,0.9756253252445377,0.9649798327744505,0.8834260957062963,0.8431426441613978,0.8546573069480269,0.844812493654893,0.8792186604330602,0.9009338100051072,0.909124631714369,0.9134984247461019,0.8872534737209997,0.8083385257245136,0.8611140354490023,0.8432447727711454,0.8485496549946058,0.7981298524248633,0.829244696253512,0.8172243900213632,0.776835920456207,0.7934697386426459,0.7387419767091611,0.7433614286542896,0.6786316851907954,0.6758567202161997,0.6472428937765514,0.6741855064635666,0.8654185718014094,
pre_model_seis1_20250809165454_158.dat---0.8168357545882219,0.8073340227727543,0.7824936273768456,0.7050288520843687,0.7784268455365211,0.7036681403706149,0.7319495931907343,0.7204985404360121,0.67005867287342,0.8023046084576059,0.7414763159148523,0.6991006124710084,0.6617210269654374,0.7082285439257082,0.7479322863060834,0.9001850220756485,0.9458672892005667,0.9288581859728066,0.8854384938661345,0.8817322076446711,0.8493425401737408,0.7608572312755674,0.7539244969536212,0.6839768585398567,0.7178846905202036,0.7085487073679303,0.7174055928888065,0.7432728786381304,0.7492325031458154,0.7364179018876773,0.7609533057476489,0.7349980314330179,0.7147711589066185,0.6017717915603435,0.6219979974036663,0.4989843507568229,0.41095088184865675,0.48259631711360573,0.3757127118331179,0.41837993952611624,0.3225243567153642,0.7069181191772281,
pre_model_seis2_20250816100706_73.dat---0.699957359205279,0.4567052214180058,0.7237713241578797,0.6924384827603999,0.6088496206460505,0.6199859076818602,0.5775822703833414,0.6005230578803773,0.4322756963153162,0.44953382579025286,0.4667122297812109,0.5960834554529153,0.7457563290880496,0.8661258670892577,0.7822863350933218,0.7920802608342826,0.8730579643950565,0.8399188724596384,0.7834499206594633,0.6831657652951811,0.7213347555041769,0.7224053661439171,0.6439775929968173,0.6477537231914863,0.5428848228812514,0.5052661540464926,0.582012431155336,0.5174049534961366,0.48403525626539207,0.5310726280588824,0.49983322367711114,0.4552785171953182,0.48549600474859833,0.6062024258000874,0.6201534492636169,0.6462144317101604,0.6594617245809821,0.6684589868413071,0.7521411436742361,0.7809900955289899,0.7497705942486675,0.6368880011560025,
pre_model_seis2_20250809163915_225.dat---0.9423346641720204,0.9043475924819779,0.9053616397050657,0.9089062477833977,0.8905264198468973,0.8720454288276129,0.7880229202365812,0.7594795019036749,0.6531461525093464,0.6306360866102227,0.6078782093273581,0.7329857297143488,0.7702788837032148,0.7758406529509798,0.8098426184358696,0.7767918196855358,0.8710582243663851,0.8905361870468226,0.8829549288800522,0.855970069216644,0.8171396104757715,0.7484436129746664,0.7169448823751491,0.7533915043323927,0.7974622216899908,0.782251119653922,0.8281412167605603,0.8140094895363422,0.8228159039087282,0.8162454222215689,0.7646298646958817,0.7215789200091046,0.6903356883183104,0.6549745879355864,0.5714942272359648,0.5639550279386785,0.5965601293619607,0.6156319997396521,0.5699440391281891,0.5465005002769224,0.5125765764563348,0.7544870859129191,
pre_model_seis2_20250809163930_793.dat---0.6771777931643037,0.8436434358354169,0.7866255427482342,0.7475103659891135,0.7219171828309242,0.7656918331181068,0.7359078860720223,0.7389643911055117,0.8431580089090385,0.8613491387542314,0.9154564889319299,0.8913331537526212,0.8819133142724364,0.8378471900392438,0.8473364447893209,0.8772261785166263,0.9063614836264532,0.8934437270123594,0.8351033662824592,0.803413914473414,0.7476178687270201,0.7358540840168875,0.7185692862322667,0.7421533034448404,0.7592546934616559,0.7336319125467713,0.683926688835016,0.6191228445721094,0.6476923979912255,0.635072321985932,0.6724259005095907,0.7101819763817141,0.7010131014991032,0.7763359111059497,0.7973572827992649,0.7655006815219261,0.7234181171005781,0.6374997459213527,0.6202596008430298,0.572440041879119,0.4369172096773136,0.7523811173482056,
pre_model_seis2_20250809163912_0.dat---0.7159435739681597,0.912794326812972,0.8358377299434475,0.8453639828029448,0.8953956110952709,0.8472596964890766,0.7833896272029984,0.7156041054513159,0.717155648037009,0.7192654164745227,0.5905114393857569,0.6433692853339784,0.5604974614138862,0.6061317573890264,0.5284435499118091,0.5110592956503485,0.7473450893783236,0.8043502445538232,0.8430745174377956,0.8589880062457093,0.8741416305819949,0.8768545228188979,0.9058276909685752,0.8753284613946227,0.7826843975584613,0.67216458190309,0.5981081968914421,0.4833144659222268,0.49613928199055213,0.5241732066007794,0.46104878139718236,0.5397945774261692,0.7807125618138643,0.8069508498474135,0.8902667036313598,0.883203605977015,0.8715560788861774,0.830944773350171,0.7690180261280797,0.7381055912566752,0.7510635673798903,0.7339800467976296,
pre_model_seis1_20250809165457_503.dat---0.8527807912298644,0.6371068590815195,0.8375385228808098,0.8008988234845913,0.8871046335370513,0.8364602910511059,0.908096292913845,0.8970972633763327,0.8876154543066297,0.7718258967680571,0.7687177073718926,0.8961678119475847,0.867294666379101,0.8522755133594858,0.9192918922196678,0.8424259273318963,0.7870620180262465,0.8130621760456521,0.8864522742417031,0.7536710668335833,0.6992579125624545,0.7128750034218811,0.6425524060704377,0.6784411958178072,0.6519861894882932,0.5441246506171448,0.7037831081601292,0.7268639061557619,0.7643662023731826,0.7399909838409399,0.8065497718355177,0.9210327933390399,0.92044456818847,0.9417812874340301,0.9217755455353226,0.8969269806829068,0.7792913141510077,0.5975392104572242,0.542808932901635,0.3711413922321927,0.4326618798190633,0.7731497833529526,
pre_model_seis2_20250816100706_57.dat---0.9651455471257927,0.9648890825871408,0.9645986911232649,0.9294108882884324,0.9405359658519308,0.8667570177727998,0.8835549947070427,0.8651483768909248,0.828871575102419,0.7977002356109087,0.7913293019911959,0.8193983413013907,0.7847983019026262,0.7755797490292597,0.8075711195822763,0.8415564203810424,0.9262830242953335,0.8910586635052977,0.9102794145531922,0.9347574765058604,0.9706556338655108,0.9544449312286354,0.960646001143848,0.9523667142396022,0.9314226852353651,0.9350089415860356,0.9151807191651998,0.8946613306651202,0.8682840242080806,0.8405500200620984,0.7888178825425279,0.7316698778306371,0.46455318131655343,0.2639641226067876,0.19578920754119694,0.18042574490473326,0.15060679511068145,0.1147912359795682,0.1577576817060169,0.13424073114480453,0.10926700069077754,0.731812893923949,
pre_model_seis2_20250809163918_397.dat---0.9079322050328614,0.855173137139225,0.893188531241394,0.8828022231428488,0.8708689651249156,0.7986941638172927,0.8017939772259042,0.8341854810080541,0.8384170181971345,0.8125112559126874,0.8331898802714046,0.8379563162888825,0.865986369737622,0.8633439607283947,0.9291852984326324,0.8692035310145498,0.8493715969890357,0.7880849921893344,0.7987875321090115,0.7667420714516158,0.6444209129688749,0.6335263473835464,0.5787697140540758,0.645924423037099,0.6769604121716625,0.6479089372582107,0.5879109787986218,0.48989157006912054,0.5282493804622815,0.4453589581197753,0.38778611206086666,0.5233514911836837,0.5213520893372685,0.7361316760337078,0.6572472210739732,0.7310008611453748,0.7709484181049308,0.7416655493768524,0.7669447403891091,0.7936870688394886,0.7924061561069334,0.7365575981714697,
pre_model_seis1_20250809165442_7.dat---0.496949507297678,0.6452468093654065,0.7733354352380595,0.6579269596851339,0.7648612671994731,0.8420154254216176,0.8475958792881919,0.8746066050457062,0.8831627864363322,0.8919887888306461,0.9637394508207326,0.96951493391044,0.9823684445571262,0.9798214255094174,0.9748699402646079,0.9793657798552287,0.9838034319518844,0.9698791154556021,0.9236268576788237,0.9413484972361027,0.9013542735118791,0.8403846303639559,0.7629699780103132,0.7614636814557336,0.6946371023929608,0.6021745203970916,0.5568966285591866,0.4762942852406906,0.43975091209498535,0.4039922017799969,0.2803115807965724,0.2856589299262825,0.2543359173585751,0.21429162440550176,0.18980313563336124,0.12238090757163049,0.12775984193187387,0.1523654569149065,0.06802427333352955,0.1213465355776518,0.12978355001167777,0.6276099343491846,
pre_model_seis1_20250809165457_523.dat---0.8349623010413699,0.7552099341934184,0.8246085535780093,0.7961406474872931,0.7269236858767681,0.8091422301991262,0.7439680621255271,0.6460088476887835,0.7401371364546983,0.7203423209717453,0.7560678368576274,0.8644015152712072,0.921669819106567,0.9567163578811584,0.9741624434075277,0.9737008329251191,0.9615135073961277,0.8901491844885847,0.8086687326884329,0.8067950652176715,0.7573419177258278,0.7528194031050021,0.7313227321463758,0.6501086919819511,0.6253596908063992,0.6257340586651029,0.7980277252674348,0.7193829815534127,0.7785883087976954,0.729103165632604,0.7082677798535156,0.624988060198677,0.5388285096098723,0.42855683382087045,0.3732397770826692,0.3794924488486162,0.3775266522799448,0.4111530916822221,0.4230049589030816,0.4210932101705336,0.560526196133965,0.7055062246127447,
pre_model_seis2_20250809163927_445.dat---0.8834718236372416,0.9385265061021066,0.9345540864189732,0.8735984673269045,0.9343907542043567,0.8898551394245012,0.9209635451058489,0.8780385005312582,0.9036118400014473,0.9031565051486641,0.8903818188223764,0.8135224103303665,0.721307246963311,0.6572727352748787,0.5967097325022543,0.6246157318790367,0.7204878808162232,0.7651628266181637,0.8687404553351364,0.9254244969967746,0.8867771854590829,0.8718488627318216,0.8132170369927955,0.8214250059496697,0.7918707956810486,0.8340935843704502,0.7673455041847974,0.8596398201879973,0.8521405753161667,0.8086847099136802,0.7359454832016913,0.7050236174470207,0.5908573514679065,0.5195662658487696,0.3750304108660518,0.33546968532779076,0.31213815249438637,0.35245203795115204,0.29341089121728475,0.2991948929635788,0.35629607485915243,0.7274687914115152,
pre_model_seis1_20250809165445_55.dat---0.9292360990824521,0.8797772077086462,0.9337128095772075,0.9148877329860595,0.8940295727160708,0.8936379339100624,0.8580672392477858,0.8444388436774622,0.8397965522405744,0.7151205719015299,0.6748009088574041,0.7004856396655519,0.5924642515949214,0.6730205017629555,0.7837315569732034,0.7838347883133062,0.8385062969217043,0.7862567922557481,0.8484431513540536,0.868049044234405,0.8784731972576894,0.7757645893705628,0.7355779394812367,0.8547279157144244,0.8631305730063463,0.6578834986309451,0.6739173177686437,0.6403659993812222,0.5820465387612032,0.5968236831880012,0.6190357133946929,0.5667552524701399,0.6642545007055934,0.6831522323797873,0.7562498419832923,0.8113161680496233,0.7896237262877741,0.7372414541418306,0.6590403848931693,0.59113792002234,0.4292687288020523,0.7516606017236995,
pre_model_seis1_20250809165454_345.dat---0.9067209652981468,0.8862892838782653,0.8587842357712597,0.7666426450849161,0.7342616492814968,0.6183753864865497,0.7137109506446965,0.6029986984995903,0.698824827734902,0.7335645083443935,0.8409686414484931,0.8150924739686618,0.9509786669716639,0.9761270022838351,0.9620470346488589,0.9600783012879401,0.9524150736096245,0.8842494969406065,0.8948465815194651,0.8886538609612712,0.9122118545069829,0.9167061785168734,0.9031239244293731,0.9063501887364516,0.8990560672544946,0.9225681705745112,0.9163358478480012,0.8759304636821779,0.870545123960832,0.7908922730293338,0.7535785673701287,0.7347420795021333,0.7006866640241283,0.7258062065606937,0.7217280962388404,0.7065034010267477,0.7013750750985844,0.6790512625690611,0.6201356942059445,0.49060996492635744,0.36446402752349494,0.7989763760060923,
pre_model_seis1_20250809165457_68.dat---0.923182864541969,0.9257260782118022,0.8827181116041397,0.8527705969192477,0.8359793545144469,0.792182518263334,0.7810684340103777,0.7004054611332294,0.6881695818790834,0.7223306399658541,0.7267537685170963,0.7145606090810858,0.575990574889129,0.647373597399573,0.6853172384490224,0.8320809696249024,0.792066828823816,0.794304536988699,0.8366358632348844,0.861463394970729,0.9006439584591888,0.8844106159046944,0.8063042850063359,0.6469653601992365,0.6910565694369412,0.7418049873693726,0.7030131639082501,0.6859483939101659,0.6649662751779818,0.5978359021633876,0.5324605977685689,0.5477520725059456,0.6854386990451822,0.6656431657208924,0.5710709524280733,0.6955608968875893,0.5903097691854298,0.6416347675170584,0.6513562238463958,0.6457831346882539,0.6003363204163651,0.7249116374284814,
pre_model_seis2_20250809163921_687.dat---0.9617197904414905,0.9720249684703508,0.9798785738842299,0.9819812871020556,0.973641449198099,0.9746806066898254,0.9745950377622989,0.9379949555936681,0.9107299828177023,0.8402689234285511,0.7101573095726494,0.6824526138050324,0.8135411074798743,0.8006859993895864,0.7632453825208692,0.7568675178032089,0.8086494030775965,0.8395850187083538,0.8087425633372808,0.8145745131696833,0.840290012277154,0.827046049899159,0.8585927519028677,0.8628398104075865,0.8244847152005788,0.804834837673644,0.8120471565101688,0.7823586620010667,0.7568340475320128,0.7635184383165828,0.6860992186380643,0.7475181527583025,0.700227691553818,0.741456591326691,0.6655414728306729,0.707893826769935,0.8853965916353573,0.8791570530812703,0.9627845113507428,0.9730017928723997,0.9831698281667889,0.8383197613892018,
pre_model_seis2_20250809163918_613.dat---0.8695740257456431,0.9448629090277413,0.9082006333501861,0.842957893528868,0.9124789106129039,0.9001050994203825,0.8920327479606096,0.8989288927773599,0.923670111489773,0.9264443792051535,0.9229819653967702,0.8976661851285896,0.8747570198790757,0.8803782834167512,0.8919848240231739,0.848784865041822,0.8805510526817156,0.8545766320119966,0.8608066294517922,0.8382198026304427,0.9048386191072433,0.8241719716773451,0.7673502045665396,0.7828142012171984,0.8000365859441414,0.7312686328033412,0.7389325830636148,0.7237958818141758,0.717507163787247,0.786027015012405,0.8229683070077062,0.845554224415387,0.8752682020201265,0.7803060030025065,0.6843093468988114,0.6273406195105324,0.5036591782731515,0.4493200871966094,0.4731429436104732,0.5225594930534059,0.5405314116667315,0.796869891181206,
pre_model_seis2_20250809163936_251.dat---0.4251368369822042,0.6562093941211999,0.628801933228824,0.6414340911540712,0.5359578108496655,0.47505781344467923,0.6430745132018005,0.6134001353167295,0.6235186580693872,0.7376367131732998,0.715350997610797,0.6825269334376617,0.7463854447480223,0.7095672859970733,0.5774876130152014,0.6877596644423781,0.6575560446733479,0.48624928943767176,0.591877503047956,0.6355059315637063,0.7002706144463589,0.7346456106669289,0.8042552909427468,0.8448454848534822,0.8044486511178424,0.9049323725676826,0.8593826858175899,0.775616191381298,0.6765707767762448,0.6270811678320742,0.6517374685357996,0.5550768934964846,0.51021758781627,0.47607299675568987,0.48208853283914344,0.4712777825239135,0.45276177879419577,0.43418369244135013,0.413674808851126,0.39798001940228944,0.38772118302522707,0.6203740536194979,
pre_model_seis2_20250809163924_391.dat---0.9028703484684883,0.8762568066493477,0.9080191986769012,0.9219218355948434,0.8638482485940475,0.8900698252083724,0.9173598250007069,0.8611001491114542,0.9173445823851827,0.8699479845254955,0.9327099270699734,0.8412115308400905,0.9065550630896361,0.9268079327090372,0.955025926573863,0.9639920493024877,0.9607298070873612,0.9710119609911161,0.9611572109629599,0.9325031897588673,0.8908102202387475,0.8063171390645822,0.765036574427621,0.7708912423558609,0.8121308126001062,0.7868510544469351,0.781803376573927,0.8296860345150753,0.818167585279097,0.809660159379139,0.7965435301804364,0.6923778917783885,0.716690759036872,0.7163917731038448,0.6781156472000465,0.6172349082586166,0.5549924315971652,0.5169368349225696,0.4269474223073859,0.4488989308912383,0.3734340520125342,0.8022039459212298,
pre_model_seis2_20250809163936_888.dat---0.9576787053557201,0.9402685225771484,0.9515528691525083,0.9267413861038688,0.8816856243348428,0.8558147291332484,0.8533229824657836,0.7843412864264633,0.7687232124169606,0.6995412508218031,0.7102594666071691,0.8137971289870608,0.8906502529170491,0.8987290839372719,0.9382450793459649,0.9798897122207582,0.9772219339055322,0.9549105012806441,0.9171919772079009,0.9271163479126462,0.9631220730145422,0.9193266953931702,0.9297652587321792,0.8660311306986339,0.7544294065991702,0.6423350363856675,0.6564343407730513,0.5474444726532268,0.5867286833667628,0.6486959731869969,0.7337270614686768,0.7854445245535309,0.8275907558140467,0.8830557918592574,0.8895863067089725,0.833593474178112,0.8625569695430737,0.7561071014423782,0.8237380037500481,0.8390195270406123,0.7617430376063213,0.8326379921433847,
pre_model_seis1_20250809165436_533.dat---0.8842910357836901,0.7564655129574809,0.8156594585990694,0.836693925761895,0.8318609921032319,0.7718350943291442,0.6950514559985603,0.5474926020697428,0.6290013560602813,0.4347503640009757,0.3969225827832354,0.6744635513898988,0.8420152839803114,0.7289434444907323,0.7137890234815886,0.7098792028909086,0.7419786289163479,0.735458928319127,0.7325589566736267,0.7784682036834619,0.8045207291734234,0.8420991698464497,0.8669633124701475,0.8038099546191285,0.7070827443612356,0.5746972035301919,0.527818319288518,0.46585489467549734,0.4113079817485811,0.5286872286439547,0.5224861929443847,0.6050231168525312,0.6761704888712736,0.8662323368472534,0.8834559315557902,0.9334243034567207,0.9542343659436293,0.903066672431399,0.8862579330749564,0.788071267179989,0.7213464874952721,0.7202485424215523,
pre_model_seis2_20250809163933_466.dat---0.8633205659876839,0.8929390263365696,0.767486943465764,0.8695311612020953,0.8270940286325269,0.737391893740184,0.7288188721922526,0.7067041639817226,0.7316828569474575,0.5887494790909291,0.6393438284687003,0.6119108269065787,0.693821160857183,0.8395278804296681,0.8453313453206308,0.7638539119660306,0.7535379807785744,0.8058606110741815,0.8781032662112723,0.8587360226970322,0.8758785918054698,0.9295565991193961,0.9279731765447226,0.9481663158247541,0.9495338000324068,0.9656209898821836,0.976941801439876,0.9557133001614797,0.9339684054956826,0.8515110068188185,0.7945638243149488,0.712643592418205,0.5958470962547449,0.5499493339939833,0.48981019480155596,0.5277395034014226,0.5226164956249372,0.6488264507635125,0.6705964430417293,0.735138512663421,0.7652939180004181,0.7739423214314805,
pre_model_seis1_20250809165439_66.dat---0.7512536057916162,0.9455283317352072,0.9187676220124524,0.9034895056319118,0.8996156266683438,0.8705043921430607,0.8204786525286621,0.7524507784464081,0.7335491773560583,0.6642483921898219,0.618439965540175,0.7635664456827671,0.8048451736325726,0.8693973447301206,0.9268908402455941,0.9319197365294347,0.9019694785535293,0.8016844688688004,0.7432810980288921,0.7385709079965137,0.5651883240473663,0.5905897877796764,0.5806165216189637,0.6457746212542433,0.7479235760434203,0.8636590422747,0.8436328144664331,0.839034728217367,0.8458888386857579,0.870602111363566,0.8631408692465004,0.8667476773451026,0.8719314953847787,0.8313426646598934,0.8091730667925708,0.7931848568027737,0.800464521117443,0.7833442001223961,0.8213413577587004,0.8193801831571601,0.7912673264951191,0.8001141494864847,
pre_model_seis2_20250809163930_284.dat---0.878701245961568,0.9141178784116296,0.8986720684285383,0.8174333140393377,0.8431435258510583,0.814205715742931,0.7446255701670084,0.6897194147708078,0.7222499574113792,0.8441463783875119,0.7963154646912679,0.8718648240862279,0.8530932338054702,0.8609528141136383,0.8594855641527201,0.8627408757400594,0.8834724013250499,0.9585374104719158,0.8429239527091654,0.6687607703705947,0.40438784160010893,0.43480503067912,0.6068487124249636,0.5930733178396562,0.7185714849292377,0.6633584368588654,0.6383203524506843,0.5666662562059285,0.530455180161569,0.6097479926835484,0.5931197713334864,0.5870811000180707,0.5213647802610449,0.5136355106590557,0.5086551917849055,0.5568764393079556,0.5769075677188494,0.6364469022891793,0.6800599094021449,0.7083125281946392,0.7671118841437451,0.7083163066240157,
pre_model_seis1_20250809165445_22.dat---0.6194374077799729,0.8268975345728978,0.6704659990669717,0.788790141510867,0.7517206311318141,0.7859080475136295,0.7836484168624517,0.8143356614750396,0.8344545432756527,0.876515762255131,0.8878645693247058,0.89012325369612,0.8506727074449043,0.8058212789794073,0.9840137250211046,0.9888072983375469,0.9480174750031273,0.9003066767420385,0.8583144181208533,0.8164031800350381,0.8048817669131642,0.785587022579133,0.7616858342320806,0.7967848561943621,0.8209352480491654,0.7918915213253129,0.6908130479440611,0.6640246961944267,0.7010154217466096,0.6601321315073793,0.6580066918109132,0.7105732033065354,0.7596608181466209,0.8276680676309485,0.823710498122024,0.824106258881971,0.7866706074473896,0.753678179043735,0.7311314703316455,0.6665526571747481,0.7323238622522641,0.7910817704630186,
pre_model_seis1_20250809165448_620.dat---0.8704506919720991,0.774086282313492,0.8397989031251414,0.8402619356229791,0.6367977376775852,0.7750490175713161,0.729681786242613,0.6832616591719188,0.6274127812397878,0.5710028187503974,0.5708544008719603,0.6547393625306857,0.8691443532884299,0.8181948868960135,0.6646949979233764,0.6751046918047431,0.7339598036157942,0.8383951902956026,0.787628705349988,0.7496166743580746,0.6462902514751773,0.7231245460144513,0.780124407405793,0.7900991113738266,0.8137648723046188,0.8648980816554958,0.8693104983531807,0.8913773666592288,0.8076703758188936,0.6923976382041452,0.6491186791373502,0.6207099359558392,0.520662819544426,0.4384150808029355,0.40369137718628484,0.28179525340433464,0.24201091945662068,0.25998090079748876,0.3083617253151106,0.35614481455744207,0.30173875734258715,0.6578493681313959,
pre_model_seis2_20250809163933_399.dat---0.8988586091780093,0.9058570629734825,0.8935932180138967,0.8867368313898061,0.8927154143471049,0.8675491903099359,0.877126874957483,0.8755986592784641,0.752274420293738,0.7690524711763222,0.6214955697896098,0.7392736874477195,0.7494602553492412,0.7681298592813253,0.7632593937891634,0.619818565299889,0.5363174878178694,0.42624581213944135,0.46668930298705263,0.47407880923438966,0.5183164672058042,0.614440240108963,0.6884821339239886,0.6991215720199844,0.7405694815802739,0.6482114982477816,0.6151064105566006,0.5379252999645576,0.33507836500547344,0.37560844361872536,0.3114627799147461,0.2245847314384868,0.26072131951532873,0.31902645959824155,0.2301606235381289,0.2906089262618776,0.29728297019300115,0.31145582558921825,0.46433773535380757,0.5027127560763441,0.4600134289244873,0.5909599747241405,
pre_model_seis1_20250809165451_126.dat---0.8244537001285536,0.8288208081500067,0.9091116341172443,0.9131917393862259,0.8949561277599339,0.8892155300648257,0.8786139255591282,0.8863258193779519,0.8176623133070954,0.8228147192677214,0.8436788153039159,0.9130950628658877,0.9888070405469342,0.9852984372935716,0.9771056326367675,0.9387829160789454,0.8822682800544069,0.8473582862521403,0.8314261782444443,0.7492009640423839,0.7540923023124785,0.663013259804082,0.6594904556179779,0.7145072105760355,0.752444509036578,0.7574618919766853,0.7844093107140323,0.8488934640342721,0.831682465900982,0.8680722972069237,0.8079234865752656,0.8575075834364042,0.932255287433354,0.9252125261439257,0.8853756191251521,0.834977957028153,0.838704809370463,0.804343813254837,0.7492674341114149,0.752557254817585,0.7517175092077855,0.8389292287346947,
pre_model_seis1_20250809165448_233.dat---0.9768467887660821,0.9778149998274237,0.9665376344694429,0.9447260418647269,0.9489111306549788,0.9095746845904504,0.8735712498132568,0.8514731976010868,0.8039448929602728,0.711673657607721,0.7660332231311032,0.7511988568570555,0.8679489469203886,0.9136026948619028,0.934913590299828,0.908819643021268,0.7614911732255513,0.670682147233088,0.7525977217009262,0.6691233002494873,0.6935313134228107,0.6702154578068974,0.6278195519441112,0.5071364449619035,0.5462115060040952,0.6079427841112637,0.5671056279637916,0.66824149633538,0.6437071038799823,0.7165291161833713,0.7520388661306984,0.6936224823433021,0.7209204403203874,0.6396070511508006,0.6237872746056432,0.6485994363064415,0.65591873704828,0.6646989581135287,0.6475794779904229,0.5941204803813374,0.632741773479082,0.7435014867351114,
pre_model_seis1_20250809165454_156.dat---0.8474837063016543,0.865149528604784,0.9238184263375571,0.8974530418312742,0.8431658944661728,0.7794196465837477,0.7315477006001955,0.7815093574514508,0.8229683714968389,0.7586984015836638,0.7094418392114468,0.8540267423988197,0.8412628924356349,0.9149024366640303,0.9168654955012712,0.9300559758406757,0.8953839716906642,0.8812464788158164,0.9228138976682493,0.9655233432536438,0.9338695691416019,0.8661254972180887,0.885991776904819,0.8803702202641072,0.7671631605822558,0.7454527091119292,0.7252087134587483,0.6287776864800732,0.6797896265927934,0.6185375973546535,0.6512607454433619,0.5609564952167269,0.5666701316663545,0.6199413006340928,0.5956835684405174,0.6016181515493667,0.5810364123350725,0.5904234820138063,0.5454476123510522,0.5405622051264861,0.5217743874102692,0.760717029220336,
pre_model_seis2_20250809163939_115.dat---0.8620886819018557,0.8788562851503248,0.8266731070828126,0.8595160273884116,0.8663252844047572,0.8880331139875136,0.8487482251086317,0.8745361431106314,0.853655528209739,0.8604091969885311,0.6465499338145575,0.7813660890302956,0.7800402264668359,0.7553677447281613,0.7962007495774376,0.806579117997346,0.7657216511770825,0.8091463521268539,0.8663615514602153,0.8725164225851127,0.8475466207052629,0.838839020373321,0.7981607464953906,0.8722788153178612,0.8364021728035538,0.7375147822212297,0.6739873366975989,0.5870707537297614,0.5957668287477171,0.43469469502169716,0.5130322515212737,0.5244070721646756,0.5615664166776215,0.6699563576144416,0.7535968889019372,0.7869713829904156,0.8181874505853632,0.7467482396379571,0.6257275581484445,0.5627089994779743,0.4277307793477034,0.7490630878409343,
pre_model_seis2_20250816100712_39.dat---0.9217239144100013,0.8638978873037699,0.9181597960900109,0.8631702526585393,0.8547014771467019,0.8032700389996178,0.8004393040421719,0.7701502957551666,0.7375531750723928,0.6563593382954698,0.8301466077517883,0.8728990932976443,0.8762900858840715,0.86229087999472,0.892035305986975,0.9147231706022853,0.8935581965095861,0.8781769919549647,0.8683412800845779,0.8286476512618897,0.7424533377059501,0.6835556353938689,0.5727344250462967,0.6019181864697624,0.3360432933992969,0.38685674383860974,0.41098414500370106,0.18305113124552608,0.20995529642041044,0.3297488501674978,0.6360034957328452,0.696260582738186,0.8020795650677511,0.9369058521479877,0.919625018799686,0.774196918737234,0.7155020966703853,0.5391781143752727,0.4178758763925762,0.32174186976402264,0.3374534072944879,0.6941624045247242,
pre_model_seis2_20250809163939_725.dat---0.8927791499177691,0.784543730410759,0.8652037137057721,0.8325556699813692,0.8658617211712393,0.8226746128598939,0.7900407137671871,0.8323301129700957,0.8981821034790864,0.898522876774869,0.8803930729776163,0.8174586317867282,0.7630737457891704,0.9069252544377063,0.9309569069929966,0.8958373679722789,0.9266518361888781,0.9470066329514198,0.9461209511870987,0.9413882561861199,0.7958788219500426,0.767408311543047,0.7184901671554509,0.6864042522865064,0.7288667418550056,0.7422414214129877,0.7387525455823711,0.7460264068432901,0.758323190610041,0.7615930216560728,0.687643510758168,0.6817467295794228,0.6858700970428732,0.7632451165080508,0.7282063614836211,0.7757287216169387,0.7900758285984515,0.7640677842432773,0.6963276678224981,0.6663059207602011,0.562745615425492,0.797181836493704,
pre_model_seis1_20250809165430_244.dat---0.8219293915746982,0.9102814517318335,0.9286683874683573,0.9080775694368786,0.9101142464536006,0.8434361711619616,0.8696667583147758,0.8511561283205878,0.8732825615754668,0.8719146052487253,0.794566526586541,0.8690879910460907,0.8233958728753948,0.8621363726511143,0.9069461519379697,0.91120521894997,0.9452772153743488,0.9660231479090241,0.9325553739280107,0.8361863066187205,0.8448010706728225,0.8451100842320807,0.8440380663448249,0.8495567715735071,0.7927670034708563,0.8213944934406243,0.7673037983126947,0.7003120889041708,0.748874890230997,0.6900394622789963,0.7110605751619302,0.634041950808672,0.5930997490553112,0.5658318216971813,0.5862513448833964,0.5448909662377804,0.5094645795360139,0.4983275588688714,0.41125529207699274,0.45062888371165755,0.4327345002089475,0.7677485951432295,
pre_model_seis2_20250809163924_600.dat---0.9338201456908758,0.9364381144904789,0.9322546184578179,0.9258527516428875,0.9480507439155111,0.926268240721602,0.9126206719682854,0.891939020420448,0.8931519551211019,0.8501019180144639,0.8437421685427998,0.874111541338608,0.9107639195567532,0.9515162837585418,0.9060701603118438,0.9339912375374928,0.8688531488442084,0.8587424631880406,0.8945271257794449,0.9366209701891003,0.9377110988729559,0.8887326098043207,0.7653517336134634,0.7699405782207894,0.6790279256821261,0.7105460238223031,0.686390281069229,0.7424989090717621,0.6956435592106834,0.7045107684100285,0.6409586891420576,0.7181442205819129,0.8396803679015339,0.8512684007292987,0.8902622465962048,0.9511761704157817,0.9012182658970447,0.9131216197071955,0.9386734123892578,0.9307723674386389,0.9377477947231821,0.8590930303119529,
pre_model_seis2_20250809163924_77.dat---0.8180290553807613,0.8254126741401364,0.8695376114241687,0.8350800816286876,0.8167649832659357,0.7837413475667454,0.6083876319488659,0.6924055647364362,0.6104327802223,0.6642797052157567,0.7991535092055685,0.7996940768163561,0.8250125897789495,0.9029042793145937,0.969776200032425,0.9681614265937524,0.9489263449913073,0.9666727520607846,0.9828812229895411,0.9702682703942577,0.9734754184321864,0.9742242366086958,0.9599932028599213,0.9439243951644641,0.9167794901936226,0.9178582969401627,0.8920597226327324,0.852661180463571,0.8263807198965142,0.7903077683200145,0.8066032857764556,0.8276959220423221,0.8451708200091681,0.8716467887244795,0.9045147312599798,0.8979430011699541,0.910803390809171,0.9197397349644081,0.9260307034258056,0.9233660286236206,0.9225687774028907,0.8649090176445726,
pre_model_seis2_20250809163924_606.dat---0.8920825343464448,0.9464239162994394,0.9230661145831989,0.9174151087081143,0.9327603108763728,0.9234442364982627,0.8700689371354762,0.8194193949303763,0.8172850324272366,0.6978729080066387,0.7696666047264072,0.8504039495666871,0.9052189726499323,0.8877748832168443,0.9381277570712793,0.8719888320408679,0.8034834773076407,0.767298943827392,0.6814125172256257,0.7371616296103914,0.7093186555415886,0.6365346243807902,0.33304903515317347,0.3014634816584474,0.3222949384793954,0.3632346719344789,0.40536498339295407,0.4388502471869265,0.46216163793519666,0.4612269505385746,0.5054907873288469,0.5509356862846976,0.6640090699272224,0.713277889637489,0.7663209551208054,0.8408474229929572,0.8666453967629306,0.887122542575401,0.9090703461799755,0.928649429569015,0.916068804725276,0.730105210203921,
pre_model_seis2_20250809163918_713.dat---0.8517716514689884,0.6395168525722542,0.689019488093514,0.7946575060821078,0.7461109465544139,0.722718252778691,0.7476199333020921,0.7895297754067543,0.7782926014411603,0.8611897746220575,0.8218582286773454,0.8458996857145381,0.8003170073270225,0.8245791405796711,0.8667011606234764,0.8009665713722783,0.7547527081622721,0.8971883011595729,0.9228768816954268,0.8852398887524281,0.776362161678276,0.7077382337110797,0.7387269932079507,0.8082369485943411,0.7648659968778229,0.8272513687571748,0.7503963061665782,0.728025849994653,0.6727999149580443,0.6431699187620383,0.6664491179377848,0.6863222583361388,0.6435651383956738,0.6428069529408997,0.5662961593900022,0.5525290724392996,0.5487446294394684,0.43252705836810346,0.45227154363840505,0.3475689116576231,0.3580819275135457,0.7159888492475847,
pre_model_seis2_20250809163936_154.dat---0.8872426377649186,0.8941028014914635,0.7922340849353483,0.7708331083815079,0.7453551034401701,0.6801825545205733,0.6562084340471934,0.6421585112901531,0.41122039752547906,0.5948853753184675,0.6604135385375081,0.9178066767157084,0.8551162177164964,0.8633129643315294,0.8615207059393313,0.929597996099565,0.9445324082490746,0.9049182137614326,0.8353294877081094,0.7723649615033058,0.7952720272300179,0.7714357902198364,0.7144784469965875,0.7497533624120623,0.7432385042773806,0.6790557572823065,0.6448418911400945,0.6323555581850091,0.616948596238432,0.5706884035178952,0.5327434384733566,0.5701143230940964,0.6178591745462803,0.5750223440631115,0.553753258238216,0.6779817315304061,0.5701700694413446,0.6671178306620593,0.6703505279910217,0.6223981521107177,0.685288544836441,0.7141513149210733,
pre_model_seis2_20250809163930_110.dat---0.9181009514558505,0.8538948900694824,0.8736677655911528,0.8885039829805255,0.7786362299588244,0.8650350138745811,0.7971523650451577,0.7833197404486658,0.7974707145639612,0.7221439480814957,0.9568998273704834,0.9907131139187634,0.9846196218654059,0.9782612934128815,0.9907487348705238,0.98059572079612,0.9493057169943179,0.8881956473606841,0.8671468813309701,0.8702959635510735,0.8910043285741277,0.8947613017232942,0.9015063702162428,0.8937620560897572,0.8973939675804445,0.8533757434627156,0.8353495328372537,0.7586234856765466,0.7049195436871541,0.7200615197422179,0.6656104383219005,0.5571562158445963,0.5437103376266421,0.42932137236494133,0.3720008668431906,0.3052368505275084,0.3101409291382634,0.29513912106922086,0.2664354968082945,0.23449809223613505,0.19403082547397554,0.7380182077898862,
pre_model_seis1_20250809165454_600.dat---0.9270600881661798,0.9253778818955463,0.8917470667449137,0.9005148595207125,0.8346233154069488,0.8561958730029229,0.8110766602076666,0.7489099765026027,0.6627730190001881,0.6108274221747269,0.7414746560949077,0.7176456316039036,0.8157162587026386,0.8500423527861343,0.9013131709560341,0.917891626979755,0.913017669850586,0.9378013019930422,0.9466991981365067,0.9492903403903935,0.9434837115634469,0.841341606188351,0.8498214167045637,0.8025918694338443,0.7205174096753272,0.6313020750393331,0.46586370887965084,0.45064757628831925,0.48491525186573775,0.5086142797351841,0.4956446258568429,0.6505552675674489,0.8512104736914862,0.9039914097315624,0.9129110295272522,0.8842550288322548,0.7993981736405472,0.7018099696359884,0.6842014225485353,0.6314283979616299,0.62099132248525,0.7730608389504603,
pre_model_seis2_20250809163912_786.dat---0.9437576784829624,0.9629663403442783,0.954175137055752,0.9405053482998776,0.8430775293426085,0.8427970797156124,0.7636572535140452,0.8024785977140161,0.8362119328974547,0.8911382032948508,0.9121080231989266,0.9219457606556976,0.8602149505657216,0.8607335521798472,0.8481779331367567,0.8398572047756935,0.8934779209124399,0.8812446128502539,0.8029539796640878,0.48914634886701214,0.5214776708971965,0.4876059724659017,0.5552737841835385,0.51695726886941,0.3983033449367326,0.4958946695846636,0.507042636375001,0.507733133660314,0.36657376919372175,0.6321181595876704,0.7040691302681019,0.7064760652129126,0.8505451974877328,0.7588870266959383,0.7743199012297541,0.7805089423527659,0.8690973368635534,0.9082614203406706,0.9678333240606549,0.9378626494139465,0.9114940984467671,0.7621697777949964,
mean:0.7693497071676634