T_sec   15.0   15.5   16.0   16.5   17.0   17.5   18.0   18.5   19.0   19.5   20.0   20.5   21.0   21.5   22.0   22.5   23.0   23.5   24.0   24.5   25.0   25.5   26.0   26.5   27.0   27.5   28.0   28.5   29.0   29.5   30.0   30.5   31.0   31.5   32.0   32.5   33.0   33.5   34.0   34.5   35.0   35.5   36.0   36.5   37.0   37.5   38.0   38.5   39.0   39.5   40.0   40.5   41.0   41.5   42.0   42.5   43.0   43.5   44.0   44.5   45.0   45.5   46.0   46.5   47.0   47.5   48.0   48.5   49.0   49.5   50.0   50.5   51.0   51.5   52.0   52.5   53.0   53.5   54.0   54.5   55.0   
U0   -0.00033048471395803324   -0.00031638495900622335   -0.00040454051533195744   -0.0003828226098499067   -0.00047645807533833293   -0.0004524318973331957   -0.0005609014175503969   -0.0005419912694557288   -0.0006704558665267004   -0.0006483945861660517   -0.0007758052835913435   -0.000723438790597506   -0.0008433451388627542   -0.0007660428535957454   -0.0008846035446862832   -0.0007804237155430039   -0.0009006138963339869   -0.0007634633279172523   -0.0008850686459383736   -0.0007088898682627179   -0.0008347961568598375   -0.0006135852880573727   -0.0007476700962014048   -0.00047443749301447514   -0.000628875303029214   -0.0002956991489279764   -0.0004783641434609759   -6.801015599650936e-05   -0.00028558235807053177   0.00024203752589705273   -1.5802708174961203e-05   0.0006783109285314023   0.00036471032928360523   0.0013055236161849568   0.0009128675867594689   0.0022615127812378637   0.001792665308807407   0.0039184065560660284   0.0034651115462034595   0.007293779683776173   0.007340393798445759   0.015940186897156188   0.01982597120443742   0.05048467236222864   0.11647455599068314   0.6070983600463643   1.0   0.5100692475467211   0.15287852242548505   0.16577334855353265   0.07059625376707543   -0.06865968151005176   -0.10527809538940686   -0.08787463592419537   -0.12475880640309257   -0.15483708384114706   -0.11337908659976038   -0.03243052806875767   0.014591510841289415   0.030695919489178564   0.024743510308091667   -0.0058606347076444855   -0.08705887591878979   -0.1250267809552778   -0.11942712876648112   -0.10936793255595756   -0.056336809411700106   -0.016728393175599352   -0.012973783900380939   -0.01686489406147012   -0.011570657238763975   -0.01449452935176987   -0.03687733652631305   -0.08738890073096875   -0.0906216404039812   -0.03624876467962715   -0.011002357499792205   -0.011641659255845226   -0.010673104004283939   0.0020637700821523066   0.007827434856105996   
T_sec   15.0   15.5   16.0   16.5   17.0   17.5   18.0   18.5   19.0   19.5   20.0   20.5   21.0   21.5   22.0   22.5   23.0   23.5   24.0   24.5   25.0   25.5   26.0   26.5   27.0   27.5   28.0   28.5   29.0   29.5   30.0   30.5   31.0   31.5   32.0   32.5   33.0   33.5   34.0   34.5   35.0   35.5   36.0   36.5   37.0   37.5   38.0   38.5   39.0   39.5   40.0   40.5   41.0   41.5   42.0   42.5   43.0   43.5   44.0   44.5   45.0   45.5   46.0   46.5   47.0   47.5   48.0   48.5   49.0   49.5   50.0   50.5   51.0   51.5   52.0   52.5   53.0   53.5   54.0   54.5   55.0   
U1   0.0013642010890051993   -0.0015650169139022592   0.0013466659581018428   -0.0017249365670807077   0.0013604224874075217   -0.0018608563599970531   0.0014069735999686884   -0.001984136168901785   0.001482461690429974   -0.0020973485536542906   0.0015888155614690632   -0.002197279666080907   0.0017303236358074121   -0.002289502974399069   0.001908058019125385   -0.002373805538793162   0.0021267354826430985   -0.0024551170702989183   0.0023810004356935874   -0.0025456566110315746   0.002674069195317943   -0.0026452136900429433   0.003022875105984094   -0.002746719322671418   0.0034439256325287312   -0.0028568215516822284   0.0039425862410885325   -0.0029988888244929126   0.004530865502830546   -0.003180220347652687   0.005251637769499625   -0.0033939773583875573   0.006188074246991228   -0.0036078306549521114   0.007498581789967643   -0.003747467944997401   0.009469747146622484   -0.0036428348745553736   0.012723808232945269   -0.002784120195330285   0.018898043243571774   0.000827432894484653   0.034077257404304326   0.019159227197584124   0.10584704341707063   0.30162663182105093   1.0   0.8035481822007072   0.16779755608047547   0.21674043951148594   0.07038365150554067   -0.07339897187719101   -0.11806212917225652   -0.06881113108630493   -0.11972989849683456   -0.1617067058327809   -0.07902392215266342   0.0316516284865589   0.0020018583165115856   0.03367921548774889   0.013866649433972759   -0.02913756658921024   -0.10264861949265776   -0.13140740688620278   -0.10496657739859282   -0.09672432521378405   -0.07285860592561683   -0.017583352821955233   -0.027585266811428904   -0.020329864142546027   -0.013951548229850327   -0.004754921394037785   -0.03340151727951036   -0.05732526235882441   -0.10107120454375502   -0.02883794175213453   -0.017458821914482104   -0.015448944099348086   -0.012426106026376518   0.010991921186839075   0.007166408021942529   
T_sec   15.0   15.5   16.0   16.5   17.0   17.5   18.0   18.5   19.0   19.5   20.0   20.5   21.0   21.5   22.0   22.5   23.0   23.5   24.0   24.5   25.0   25.5   26.0   26.5   27.0   27.5   28.0   28.5   29.0   29.5   30.0   30.5   31.0   31.5   32.0   32.5   33.0   33.5   34.0   34.5   35.0   35.5   36.0   36.5   37.0   37.5   38.0   38.5   39.0   39.5   40.0   40.5   41.0   41.5   42.0   42.5   43.0   43.5   44.0   44.5   45.0   45.5   46.0   46.5   47.0   47.5   48.0   48.5   49.0   49.5   50.0   50.5   51.0   51.5   52.0   52.5   53.0   53.5   54.0   54.5   55.0   
U2   0.00020800999764763935   7.613349431575887e-05   0.0001877757431838555   6.045421859884875e-05   0.00018526195291189253   6.280962792578792e-05   0.00020085708508680002   8.230404939737939e-05   0.00023435082776504325   0.00012066696821878874   0.00028792298500006575   0.00017554539882241646   0.0003532044682519626   0.0002390391015477207   0.00042905291517773494   0.0003147792564698795   0.000521398073331823   0.0004094517364894395   0.0006353396084097924   0.0005244583757839355   0.00076567987344725   0.0006446432240714904   0.0008967918910269793   0.0007650189822967057   0.0010319307541026138   0.0008887695556623816   0.0011770818824169262   0.0010305107047793433   0.0013609498453278099   0.0012308193322202897   0.0016269822256423578   0.0015258266452104114   0.002016914415658176   0.0019798824065461523   0.0026260910484258004   0.0027259517471577735   0.0036417869386220474   0.004045478317842306   0.005491938197232945   0.0066672811026900584   0.009373220291178305   0.012970257337643403   0.019724498468875706   0.034749361353094484   0.06699751893829571   0.25291751312876465   0.8600967484978744   1.0   0.37944640507897176   0.218034455177637   0.09483035822999326   -0.08540971153612223   -0.10889601929349796   -0.08810351597801011   -0.12273372500918889   -0.14400670968516213   -0.03558712720148112   0.035526140099841945   0.015029139021182596   0.019954528241944096   -0.008071317977074647   -0.06709623240136471   -0.09766413086448678   -0.12006986181373693   -0.10415317183272196   -0.10055823556011612   -0.09334058438729781   -0.042477912535234696   -0.030417006934461043   -0.02588567626016871   -0.013598587470586178   -0.00525552916776539   -0.01778576722698461   -0.04191509927557711   -0.08441317193733383   -0.06211425058921028   -0.02605095397330202   -0.02116110691587901   -0.004467675169994015   0.009036679821242156   0.013299281573493686   
T_sec   15.0   15.5   16.0   16.5   17.0   17.5   18.0   18.5   19.0   19.5   20.0   20.5   21.0   21.5   22.0   22.5   23.0   23.5   24.0   24.5   25.0   25.5   26.0   26.5   27.0   27.5   28.0   28.5   29.0   29.5   30.0   30.5   31.0   31.5   32.0   32.5   33.0   33.5   34.0   34.5   35.0   35.5   36.0   36.5   37.0   37.5   38.0   38.5   39.0   39.5   40.0   40.5   41.0   41.5   42.0   42.5   43.0   43.5   44.0   44.5   45.0   45.5   46.0   46.5   47.0   47.5   48.0   48.5   49.0   49.5   50.0   50.5   51.0   51.5   52.0   52.5   53.0   53.5   54.0   54.5   55.0   
U3   -0.00020428221190877372   0.001844732030830965   -0.00021624627484449587   0.0019394185492710003   -0.00022672158580094726   0.002047077463945514   -0.00023162367610990702   0.002173903992111844   -0.0002278549371427054   0.002317924413690884   -0.00022579204844487002   0.002467872182717522   -0.0002385613586007701   0.0026182879960041138   -0.00026891253664924897   0.002770101754860289   -0.00032013717845891   0.002923507446525981   -0.0003888297707013011   0.0030958128818737497   -0.00046190399968209546   0.003297628762579097   -0.0005395938875312704   0.003538829876247835   -0.000619771761819828   0.003830762838625161   -0.0006996140709391181   0.00419135745719348   -0.0007756013841008427   0.004645668658002163   -0.0008368212821399917   0.00523919682149185   -0.00086152280929636   0.006041915292432754   -0.0008039562769504022   0.00719128896113619   -0.0005591818673686021   0.008949697034149945   0.0001268964072469871   0.011922075434904604   0.0019975899724099487   0.01781425805485626   0.007762937693263604   0.033350361300324684   0.03351492209537899   0.12112668444070174   0.41738897615281256   1.0   0.6781709834832809   0.2381598814443161   0.11639793428702408   -0.09944647033119854   -0.08559644015580967   -0.11039964865380497   -0.09398919072526984   -0.05336566405471812   0.02215541005663333   0.03198928928388992   0.028221085328399672   -0.03842526545133828   -0.06666943999268572   -0.08112101258864376   -0.050617712876610835   -0.07257253721552362   -0.10201057765469347   -0.10362855861948612   -0.1125949509306911   -0.07398081542627317   -0.03324749125001074   -0.03149326245556413   -0.0034949603716461445   0.011848500405844526   0.008375440938819817   -0.02370688942952967   -0.05790713463231217   -0.09695429478650402   -0.0398268978703404   -0.02360202127424953   -0.0007845444142338825   0.00596375765148629   0.012675036906709401   
T_sec   15.0   15.5   16.0   16.5   17.0   17.5   18.0   18.5   19.0   19.5   20.0   20.5   21.0   21.5   22.0   22.5   23.0   23.5   24.0   24.5   25.0   25.5   26.0   26.5   27.0   27.5   28.0   28.5   29.0   29.5   30.0   30.5   31.0   31.5   32.0   32.5   33.0   33.5   34.0   34.5   35.0   35.5   36.0   36.5   37.0   37.5   38.0   38.5   39.0   39.5   40.0   40.5   41.0   41.5   42.0   42.5   43.0   43.5   44.0   44.5   45.0   45.5   46.0   46.5   47.0   47.5   48.0   48.5   49.0   49.5   50.0   50.5   51.0   51.5   52.0   52.5   53.0   53.5   54.0   54.5   55.0   
U4   0.00131889009175405   0.0016277677751339052   0.0013699392532105332   0.0016859945411144698   0.001413390277829719   0.00173825275649601   0.0014497808647215117   0.0017833677276910156   0.0014773903767342175   0.001822660984985436   0.0015010912646322664   0.0018631506001796215   0.0015270650523055323   0.0019083564413298773   0.0015572102660263252   0.0019612369067172333   0.0015941782108208227   0.0020232820276383325   0.0016370010282911968   0.0020944918040931757   0.0016886154524062217   0.00218004884915163   0.0017539828784906362   0.0022862845924525904   0.00183817224169116   0.0024203380654763667   0.0019503721491650765   0.0025935764742332826   0.0021026004022164633   0.0028243116781847947   0.0023173538871704507   0.0031437645281362906   0.0026314056279178478   0.0036015411527038346   0.003105601441480961   0.004287887744321211   0.0038694979324226256   0.0053948408202894645   0.005205925324758782   0.007365057645962628   0.007849384301403854   0.011426277127131812   0.014186946974637854   0.022112089414414587   0.035890964493589375   0.0699202395735631   0.241704733389478   0.8022055167429262   1.0   0.45184213753466657   0.10514343345430406   -0.07959051901944948   -0.09834868430452956   -0.11899510250462486   -0.05783263474069398   0.04699007134630593   0.0523394033507981   0.03043158581737877   -0.01902519874382633   -0.09836429448020992   -0.08950083368877142   -0.05236510592560273   -0.03514619907422673   -0.062386302352411604   -0.11465472449864005   -0.1226964701589771   -0.1240357176975516   -0.1029288861748058   -0.040005199579708016   -0.011049430505091662   0.012040645463609547   0.011964844329575142   0.00571902998255397   -0.014024502561549789   -0.04791658811272482   -0.09893312997688368   -0.07208261950763536   -0.029182998322575673   -0.011435629334952478   0.0022504179301347112   0.0016103842238523874   
T_sec   15.0   15.5   16.0   16.5   17.0   17.5   18.0   18.5   19.0   19.5   20.0   20.5   21.0   21.5   22.0   22.5   23.0   23.5   24.0   24.5   25.0   25.5   26.0   26.5   27.0   27.5   28.0   28.5   29.0   29.5   30.0   30.5   31.0   31.5   32.0   32.5   33.0   33.5   34.0   34.5   35.0   35.5   36.0   36.5   37.0   37.5   38.0   38.5   39.0   39.5   40.0   40.5   41.0   41.5   42.0   42.5   43.0   43.5   44.0   44.5   45.0   45.5   46.0   46.5   47.0   47.5   48.0   48.5   49.0   49.5   50.0   50.5   51.0   51.5   52.0   52.5   53.0   53.5   54.0   54.5   55.0   
U5   0.0018258070308542543   0.0013060613426005908   0.0018663039088401155   0.0013182713504181164   0.001906541527822946   0.0013282264023312578   0.0019477357353202386   0.0013375772309352561   0.0019922599883313704   0.0013483226595271088   0.0020417985937676653   0.0013614042091653266   0.002097158648129069   0.0013752042818829273   0.002158283126672381   0.0013914553282553868   0.002227806472788947   0.0014117352987071342   0.00230858152250365   0.0014397771428439497   0.002405525307800706   0.0014763770030970151   0.002520762689259871   0.001525970899123143   0.0026626095164740886   0.0015939255743806309   0.0028393209744158746   0.0016891545771732614   0.0030644332677645216   0.0018225326787211604   0.0033551448317848394   0.0020127279785198387   0.003744454053007004   0.0022992521463606687   0.004294875868902337   0.002756075801565467   0.005122554371011998   0.0035403543484125825   0.0064772491531013355   0.0050120094732739205   0.008956246849352388   0.008157982663078371   0.014353548057802088   0.01650628915008794   0.030492516467154507   0.05098252548382928   0.14217673759323146   0.5502235874067842   1.0   0.6188800105771073   0.1064377830202102   -0.06655262763437943   -0.09541673104403556   -0.09732200599113089   -0.014359601605937265   0.09424287525087954   0.06923708782149299   0.003246888555279896   -0.07114286702594988   -0.0933539279419304   -0.07082640863448503   -0.036588000980842035   -0.03748955779857837   -0.05491733792084526   -0.09931966457661194   -0.11950183369807434   -0.11245484628990329   -0.0926831980063387   -0.03667586198414521   -0.004147743409871351   0.009000002306054985   0.009393854363402001   0.0032000069489124356   -0.008026186515266397   -0.03572883867838437   -0.0794266532300526   -0.08921300338298284   -0.04365786445469874   -0.01418720370075719   0.005119717923351382   0.0011541076604840996   
T_sec   15.0   15.5   16.0   16.5   17.0   17.5   18.0   18.5   19.0   19.5   20.0   20.5   21.0   21.5   22.0   22.5   23.0   23.5   24.0   24.5   25.0   25.5   26.0   26.5   27.0   27.5   28.0   28.5   29.0   29.5   30.0   30.5   31.0   31.5   32.0   32.5   33.0   33.5   34.0   34.5   35.0   35.5   36.0   36.5   37.0   37.5   38.0   38.5   39.0   39.5   40.0   40.5   41.0   41.5   42.0   42.5   43.0   43.5   44.0   44.5   45.0   45.5   46.0   46.5   47.0   47.5   48.0   48.5   49.0   49.5   50.0   50.5   51.0   51.5   52.0   52.5   53.0   53.5   54.0   54.5   55.0   
U6   0.0029796044112234037   0.0006447679854304891   0.0030625705588627544   0.0006053503579439486   0.003151789237160758   0.0005610992607260406   0.0032472604461174152   0.0005120376825637876   0.003353692166329559   0.0004583225306006537   0.003471089761847495   0.00040106748069890474   0.0036025821800257014   0.00033839731006597495   0.0037497331282485185   0.0002692366574846356   0.003917253652284381   0.00019440071038823823   0.004111415133597302   0.00011288526305861055   0.004332199525989467   2.104112984120991e-05   0.004589009418843428   -8.352525291445942e-05   0.004888115465644937   -0.00020188286049377987   0.005246774578576702   -0.0003345281395366547   0.00568382136205121   -0.0004801233649579464   0.006232223940932703   -0.0006348221216587452   0.006940664143218885   -0.0007898868699400329   0.007895553542871591   -0.0009215319443858494   0.009244668383120637   -0.000970284060048002   0.011279037846417905   -0.0007792247525093451   0.014645831163221155   0.00012692540236385465   0.021041833285442516   0.003510181162994482   0.03643019361793417   0.018999704898397113   0.09690764234316418   0.1851469037099741   1.0   0.9705372558363698   0.07750180473015139   -0.079738515003826   -0.10608263658492943   -0.08278119764453434   0.05921213485039644   0.15697660365867924   0.10052077580880646   -0.0925518263124929   -0.12718079391224063   -0.050070526382045656   -0.0679947880730261   -0.04665208145334044   -0.05238737323371063   -0.0510112944005246   -0.08428109742729958   -0.12058072167257937   -0.08666404571369177   -0.08471185053365506   -0.06380586521216869   -0.004677276627826739   0.011267040071000885   -0.0007512878640143727   -0.0029239026685661724   -0.006085957818193397   -0.03202473063700851   -0.06485831023522654   -0.12412803783102856   -0.0576478879390918   -0.01285316677005823   0.008157781158856788   -0.002166121957501745   
T_sec   15.0   15.5   16.0   16.5   17.0   17.5   18.0   18.5   19.0   19.5   20.0   20.5   21.0   21.5   22.0   22.5   23.0   23.5   24.0   24.5   25.0   25.5   26.0   26.5   27.0   27.5   28.0   28.5   29.0   29.5   30.0   30.5   31.0   31.5   32.0   32.5   33.0   33.5   34.0   34.5   35.0   35.5   36.0   36.5   37.0   37.5   38.0   38.5   39.0   39.5   40.0   40.5   41.0   41.5   42.0   42.5   43.0   43.5   44.0   44.5   45.0   45.5   46.0   46.5   47.0   47.5   48.0   48.5   49.0   49.5   50.0   50.5   51.0   51.5   52.0   52.5   53.0   53.5   54.0   54.5   55.0   
U7   0.0018985844227462263   0.0011976909094792154   0.0019331730461227842   0.0011997949931601946   0.0019700893513267164   0.0012032331287033819   0.002012666583759502   0.001207404239069167   0.002058577061593765   0.0012120294546592348   0.002111338687127166   0.0012183454742102562   0.002170832752355016   0.0012253404533013185   0.00223711201639051   0.0012338597939128989   0.002313417396187035   0.001242647326683219   0.0023985850508309045   0.0012518933612705883   0.0024972175848636726   0.0012628930082870004   0.0026127273823566095   0.0012766430381210257   0.0027509995967696446   0.0012964471761941411   0.002921279006520784   0.001325760516335917   0.003135243590081798   0.0013707992126331125   0.003415125032817432   0.0014424127998634057   0.0037915788918325196   0.001558810709095131   0.004319262980312065   0.0017562755080892068   0.005099702162244331   0.00210817879309773   0.006339497356391591   0.0027864348782962044   0.008497910362266707   0.004233705285081614   0.01281454166776588   0.007928080535530586   0.02366321596943008   0.021122362201362672   0.06783364800375996   0.13913495153071612   0.6245228126637139   1.0   0.19161117538510747   -0.08839632394598107   -0.08334463885758998   -0.03658901027671974   0.08788142012458952   0.1416923239258819   0.05768053352024883   -0.11005821088822645   -0.0981076436649497   -0.03478125694818775   -0.05576619422137066   -0.05749210811598518   -0.04111668431584706   -0.051185509835178784   -0.05237240145665536   -0.07925612162734355   -0.0788810922643845   -0.06944581576266556   -0.06684687044246045   -0.008599207859600255   0.007383880332281883   -0.0010557764320018393   -0.00851421544058267   -0.009767363715046102   -0.031926737690483056   -0.04588824363656176   -0.09210397062573675   -0.06864968074455663   -0.010223472529460185   0.004321002774878231   0.006577629382303972   
T_sec   15.0   15.5   16.0   16.5   17.0   17.5   18.0   18.5   19.0   19.5   20.0   20.5   21.0   21.5   22.0   22.5   23.0   23.5   24.0   24.5   25.0   25.5   26.0   26.5   27.0   27.5   28.0   28.5   29.0   29.5   30.0   30.5   31.0   31.5   32.0   32.5   33.0   33.5   34.0   34.5   35.0   35.5   36.0   36.5   37.0   37.5   38.0   38.5   39.0   39.5   40.0   40.5   41.0   41.5   42.0   42.5   43.0   43.5   44.0   44.5   45.0   45.5   46.0   46.5   47.0   47.5   48.0   48.5   49.0   49.5   50.0   50.5   51.0   51.5   52.0   52.5   53.0   53.5   54.0   54.5   55.0   
U8   0.00193548124391861   0.0017963985206795143   0.001963642749870216   0.0018155578439172666   0.001994340738983625   0.0018367334202785092   0.002027502042010846   0.0018595445014969597   0.002064283805777068   0.0018840837787737546   0.0021033689838185184   0.0019094374562698207   0.002146164034757034   0.0019365060673194208   0.002192948074441952   0.001965458452776949   0.0022455232117877355   0.001998231437069567   0.0023059842327007936   0.0020354673005190814   0.002376705038936876   0.0020801855042461206   0.0024616990597601403   0.0021344619094795523   0.002564892994044147   0.0022010742658754245   0.00269481232391051   0.0022879221704488997   0.0028622670210785325   0.002403577304589637   0.0030849801341659407   0.0025638984704333353   0.0033913654672990123   0.0027941968642486666   0.0038319798321536764   0.003141704652647805   0.004494723174554057   0.0036955691019645047   0.00556399687159075   0.004653300982496438   0.007461746005623459   0.006506962725431831   0.011272125574569403   0.010724228027998307   0.020815738116629106   0.023756461152789347   0.05726598270248458   0.10868755942705514   0.5147717685979002   1.0   0.5087617900337427   -0.06913129667727635   -0.08189423509287323   0.037918244556834714   0.16386157731707343   0.12312196257357019   -0.02715320259628095   -0.10442119738289167   -0.09003575082724836   -0.06236946399800078   -0.06735371548281018   -0.07635636765526606   -0.05905762213412582   -0.042386257894824426   -0.029939556903328116   -0.06764348643030352   -0.0974009130970258   -0.08060863280060045   -0.07215376866422805   -0.03389854437663287   -0.003966984933932934   -0.015724800367348215   -0.02586429796718212   -0.022029410537654535   -0.02992641053876234   -0.0426535557504058   -0.07640321496734719   -0.08792560269363835   -0.029374989666382672   0.011202882371438159   0.014832305944632699   
T_sec   15.0   15.5   16.0   16.5   17.0   17.5   18.0   18.5   19.0   19.5   20.0   20.5   21.0   21.5   22.0   22.5   23.0   23.5   24.0   24.5   25.0   25.5   26.0   26.5   27.0   27.5   28.0   28.5   29.0   29.5   30.0   30.5   31.0   31.5   32.0   32.5   33.0   33.5   34.0   34.5   35.0   35.5   36.0   36.5   37.0   37.5   38.0   38.5   39.0   39.5   40.0   40.5   41.0   41.5   42.0   42.5   43.0   43.5   44.0   44.5   45.0   45.5   46.0   46.5   47.0   47.5   48.0   48.5   49.0   49.5   50.0   50.5   51.0   51.5   52.0   52.5   53.0   53.5   54.0   54.5   55.0   
U9   0.00024472179054926943   0.0025693797263889352   0.0002034983800135765   0.002651608232652743   0.00015786850977598496   0.0027401628725503132   0.00010756505853278968   0.0028369915632713966   5.175727988780114e-05   0.00294197240750719   -1.0445230504665957e-05   0.003056981551134782   -7.930929628853305e-05   0.0031849300472805413   -0.00015587822273489753   0.0033276370804623027   -0.0002409135025686179   0.003488946080609053   -0.0003353445183422843   0.0036716655704005026   -0.00044031350914318184   0.003882550032892006   -0.0005564080893683767   0.004129354681572639   -0.0006863774284687366   0.004419572707678914   -0.0008308930857551926   0.004767861907289322   -0.0009912142349357447   0.005194656613647687   -0.0011669271752454654   0.005731387802496952   -0.0013563650560158402   0.006423337183846294   -0.0015503300795479966   0.007351096839681515   -0.001728711785862159   0.008652448586244784   -0.0018332472988436214   0.010602380418623483   -0.0017012537408104343   0.013796785559399087   -0.0008354963755832031   0.01981968388018883   0.002686801855135272   0.0343134974771934   0.019874627375291706   0.09365463057148356   0.22258833559428873   1.0   0.5434927636655247   -0.09350971129724923   -0.03318464554056738   0.07054600486883238   0.20304658938747774   0.027050093599985836   -0.05714525651462027   -0.0645377637218799   -0.08214336585644796   -0.06327295058556567   -0.047184355991958415   -0.07541756361224541   -0.0343298378365799   -0.022663790253724826   -0.009929875944094599   -0.050053007713563274   -0.09336678715996487   -0.05616283381259436   -0.06772158640635641   -0.04351588161468683   -0.009730461297247696   -0.021909535162960857   -0.018199601984956484   -0.01760348674215559   -0.018063139205357834   -0.026317157017804873   -0.04208186201910652   -0.09665865571289195   -0.016381421611041454   0.009604704980472436   0.017180115895613562   
T_sec   15.0   15.5   16.0   16.5   17.0   17.5   18.0   18.5   19.0   19.5   20.0   20.5   21.0   21.5   22.0   22.5   23.0   23.5   24.0   24.5   25.0   25.5   26.0   26.5   27.0   27.5   28.0   28.5   29.0   29.5   30.0   30.5   31.0   31.5   32.0   32.5   33.0   33.5   34.0   34.5   35.0   35.5   36.0   36.5   37.0   37.5   38.0   38.5   39.0   39.5   40.0   40.5   41.0   41.5   42.0   42.5   43.0   43.5   44.0   44.5   45.0   45.5   46.0   46.5   47.0   47.5   48.0   48.5   49.0   49.5   50.0   50.5   51.0   51.5   52.0   52.5   53.0   53.5   54.0   54.5   55.0   
U10   -0.00034358794602495067   0.003267547106927231   -0.0004135982317045027   0.00338025632525473   -0.0004904940102084907   0.0035020462548626006   -0.0005750517219613956   0.0036348350969838015   -0.000668824247812175   0.003779385124207961   -0.0007719732022100506   0.003939751436808608   -0.0008859648109189176   0.004116667147667696   -0.001012702695317895   0.00431496420950222   -0.0011524825726737077   0.004538595663608825   -0.0013088200886677793   0.004793126575586465   -0.0014839145819459526   0.00508529251953125   -0.001678794882656902   0.005425048997954005   -0.001899175975127892   0.005826746070467318   -0.0021479944310766256   0.0063070748136781225   -0.002430969355020281   0.006891511298207003   -0.002754557084547891   0.007620610646979169   -0.0031220022692136132   0.008553518560715971   -0.0035400734446328513   0.0097935931870939   -0.004005025170896021   0.011504209045551321   -0.004493383883319506   0.014031718102150164   -0.004903609468024643   0.018090605953895743   -0.004877898733860693   0.025531204660939   -0.002907017408196575   0.042659299792078796   0.00999558793208968   0.10669926052142503   0.16768404143884474   1.0   0.7309638658033625   -0.07032760585111704   -0.00884963792051473   0.13610614186034875   0.22660337518091273   -0.04987032357743636   -0.05294068347994818   -0.06400581306357417   -0.09615323432004927   -0.082093193938816   -0.04523317812140739   -0.07891896873069809   -0.02726754043034435   -0.02140242293760617   -0.009256991639216396   -0.04908321101831675   -0.09828594294020046   -0.06373274654087774   -0.07064657409860829   -0.07262867666785155   -0.01739802731299904   -0.026375191478802868   -0.013151444959028324   -0.026456467843219162   -0.010760995986241289   -0.023402733843391494   -0.029252861429753606   -0.10462255155607644   -0.026234628484438968   0.008649518423776098   0.016442119750060772   
T_sec   15.0   15.5   16.0   16.5   17.0   17.5   18.0   18.5   19.0   19.5   20.0   20.5   21.0   21.5   22.0   22.5   23.0   23.5   24.0   24.5   25.0   25.5   26.0   26.5   27.0   27.5   28.0   28.5   29.0   29.5   30.0   30.5   31.0   31.5   32.0   32.5   33.0   33.5   34.0   34.5   35.0   35.5   36.0   36.5   37.0   37.5   38.0   38.5   39.0   39.5   40.0   40.5   41.0   41.5   42.0   42.5   43.0   43.5   44.0   44.5   45.0   45.5   46.0   46.5   47.0   47.5   48.0   48.5   49.0   49.5   50.0   50.5   51.0   51.5   52.0   52.5   53.0   53.5   54.0   54.5   55.0   
U11   -0.0006321410684057281   0.0032086577333005606   -0.0007073648479353043   0.0033183197582765103   -0.000789061409675196   0.0034382859137092967   -0.0008781405725947406   0.0035695560141476208   -0.0009745123411145779   0.0037143096798476077   -0.0010806122683833317   0.0038745105416749127   -0.0011973501733703426   0.004052248224306301   -0.0013267256851730086   0.004251701977095297   -0.001469468631601945   0.004476051234846729   -0.001627488646175189   0.004732744677298312   -0.0018045150003494566   0.0050268713727729085   -0.002002277336484061   0.005369149431392425   -0.0022264145595537552   0.005772116601217441   -0.0024791161529903786   0.006254029667686937   -0.0027675706729692754   0.006840324109239522   -0.003096157086354123   0.007571872737265412   -0.003472353662409781   0.008505535532758316   -0.0039033785468387296   0.009742764696383154   -0.004388400826077352   0.011447491588421883   -0.004919280218282231   0.01395274813016492   -0.0054368735824546575   0.0179357366626847   -0.005705654983838934   0.025133206458915335   -0.004751906279330515   0.041139161495189036   0.002845280156828319   0.09552689566025344   0.08137850924536089   0.7053995610943452   1.0   0.054433750669778486   0.08824048481859788   0.3244720004899313   0.07564619574929408   -0.14554603123577192   -0.037618191814954016   -0.08881318752086294   -0.10386070086867721   -0.10137113763053202   -0.00806340292388951   -0.06462208786374611   -0.035151243092609086   -0.011137167670735516   -0.01290044204346747   -0.039639919617100054   -0.08320420289077227   -0.09325827871906525   -0.06647391378556565   -0.11248451522706097   -0.031901153499343304   -0.020078739572222334   -0.008616496589887182   -0.03806615144173893   0.02340923434021606   -0.010376818286471358   -0.007475157456515745   -0.09096404831395002   -0.05722856362284186   0.0028862930583485546   0.005721585428383926   
T_sec   15.0   15.5   16.0   16.5   17.0   17.5   18.0   18.5   19.0   19.5   20.0   20.5   21.0   21.5   22.0   22.5   23.0   23.5   24.0   24.5   25.0   25.5   26.0   26.5   27.0   27.5   28.0   28.5   29.0   29.5   30.0   30.5   31.0   31.5   32.0   32.5   33.0   33.5   34.0   34.5   35.0   35.5   36.0   36.5   37.0   37.5   38.0   38.5   39.0   39.5   40.0   40.5   41.0   41.5   42.0   42.5   43.0   43.5   44.0   44.5   45.0   45.5   46.0   46.5   47.0   47.5   48.0   48.5   49.0   49.5   50.0   50.5   51.0   51.5   52.0   52.5   53.0   53.5   54.0   54.5   55.0   
U12   0.001983169975709293   0.0015748552749819246   0.0020116854561592614   0.0015846344998930843   0.0020422050509094607   0.0015952631016208998   0.0020757054210656066   0.0016073947037682935   0.002113043916522335   0.0016199093668617457   0.0021529004533636584   0.0016357201146319734   0.0021992832517732223   0.0016535479372383837   0.0022505529897297173   0.0016750682504474632   0.002309438111342384   0.0017011633874708205   0.0023772470133573546   0.0017322689770645854   0.002455836279166263   0.0017727861509936362   0.0025514205844093143   0.001825503727359603   0.0026672294017708056   0.0018953456285284642   0.0028129463039458205   0.0019932931641542567   0.0029994689442346843   0.002126078503948662   0.0032391460582346424   0.002312068841114685   0.003558851740585565   0.0025796540786834064   0.003998209477261477   0.002980690100351008   0.004633151306485152   0.003614902282383503   0.005604883075772402   0.0046831147177773865   0.007214431434928606   0.0066507965148345045   0.01018784111598616   0.010791733081021219   0.01672707112895443   0.021606465718252643   0.036402564322589565   0.0656759197746878   0.1702095735921686   0.633270628160162   1.0   0.4386504055801559   0.2590337230495931   0.37872291086228377   -0.032473034114638706   -0.15311153731977034   -0.11481246431216655   -0.11960123797147831   -0.12656326872781623   -0.08032924365545707   -0.038599303964729305   -0.06383348990827668   -0.055082408863645085   -0.01747294386132395   -0.03507620638859882   -0.06261650891279774   -0.10108169504158675   -0.11576584305656294   -0.10117669969341524   -0.12205508754020246   -0.07830828711138292   -0.015001026719186893   -0.027343646966835302   -0.017263274082355003   0.014526020369512152   0.005116855566303437   -0.02776401474154952   -0.07050429304957342   -0.08600178252297042   -0.026016398025382907   -0.01911945589316023   
T_sec   15.0   15.5   16.0   16.5   17.0   17.5   18.0   18.5   19.0   19.5   20.0   20.5   21.0   21.5   22.0   22.5   23.0   23.5   24.0   24.5   25.0   25.5   26.0   26.5   27.0   27.5   28.0   28.5   29.0   29.5   30.0   30.5   31.0   31.5   32.0   32.5   33.0   33.5   34.0   34.5   35.0   35.5   36.0   36.5   37.0   37.5   38.0   38.5   39.0   39.5   40.0   40.5   41.0   41.5   42.0   42.5   43.0   43.5   44.0   44.5   45.0   45.5   46.0   46.5   47.0   47.5   48.0   48.5   49.0   49.5   50.0   50.5   51.0   51.5   52.0   52.5   53.0   53.5   54.0   54.5   55.0   
U13   0.0016755340630076943   0.0015471594093338674   0.001696250731755864   0.00156379003896153   0.0017184613301805746   0.0015829961038347417   0.0017436839161047088   0.0016033828476386667   0.0017706631201523685   0.0016273621905335722   0.0018015406634766605   0.0016540479581273412   0.0018356848400319134   0.0016845557780867514   0.0018740722453161475   0.0017196074227931958   0.0019184014245938635   0.0017625172496150482   0.001971437762348395   0.0018147125404991105   0.0020364961481033838   0.001882904211187493   0.0021180324688912172   0.0019671410501281446   0.00221692503377366   0.0020741827615111236   0.002340764131865119   0.002212396996300002   0.002498658110102886   0.002393268835184031   0.002704556305486222   0.0026391948063550627   0.0029814342009463163   0.002981431408075258   0.0033685951240164727   0.0034814265715009964   0.003933814709415167   0.004248539600823492   0.004815020960331311   0.005504855797943292   0.006290282214883966   0.007751320657468409   0.009050779021908855   0.012341464614262622   0.015176418586208221   0.023922747012069256   0.03359165487392273   0.06867344591215446   0.15366578195161443   0.6051667902367895   1.0   0.5737009062373866   0.4263276565361922   0.33200103367951467   -0.10449921201958016   -0.16305805938907952   -0.14388132193241324   -0.12686279376164475   -0.10872374662460164   -0.0696843431952658   -0.05098495165669428   -0.06566210533992514   -0.05072698667271335   -0.0241122438423914   -0.049418939473200155   -0.06608188036105658   -0.09603258847912755   -0.11407305857029569   -0.10443541981236681   -0.128542515826233   -0.07778430881161671   -0.013370961516596166   -0.02648258127672515   -0.0071193221151045856   0.020165166276273464   0.004858683658536665   -0.022845280388327484   -0.06829738201158347   -0.09541677198591766   -0.04273507631595207   -0.029429104016250908   
T_sec   15.0   15.5   16.0   16.5   17.0   17.5   18.0   18.5   19.0   19.5   20.0   20.5   21.0   21.5   22.0   22.5   23.0   23.5   24.0   24.5   25.0   25.5   26.0   26.5   27.0   27.5   28.0   28.5   29.0   29.5   30.0   30.5   31.0   31.5   32.0   32.5   33.0   33.5   34.0   34.5   35.0   35.5   36.0   36.5   37.0   37.5   38.0   38.5   39.0   39.5   40.0   40.5   41.0   41.5   42.0   42.5   43.0   43.5   44.0   44.5   45.0   45.5   46.0   46.5   47.0   47.5   48.0   48.5   49.0   49.5   50.0   50.5   51.0   51.5   52.0   52.5   53.0   53.5   54.0   54.5   55.0   
U14   0.0004401346698903877   0.0017934225336937197   0.0004274546173262892   0.0018417680184129718   0.00041376969390140566   0.0018942086728743882   0.00039871051781691915   0.0019518572096108755   0.00038267228950556457   0.0020171761739478876   0.0003666916643653589   0.002091475878634699   0.0003530107518231282   0.0021778116696458683   0.00033983428015261634   0.002276584898735376   0.0003270649407214684   0.002390100031055584   0.0003152468798626092   0.002521971844508126   0.00030495006254288267   0.002675696556864817   0.0002967444537291309   0.0028596954765483782   0.00029339645645050247   0.0030801249668724467   0.0002965126910718571   0.0033504104669971994   0.0003117947622822849   0.003689455787339555   0.00034726384009945506   0.004126252039877888   0.00041681149786092073   0.004704203776832592   0.0005442172406465965   0.005500507041602274   0.0007772029113437941   0.006649689326886182   0.0012111426607493568   0.008419245882431387   0.0020592396242831313   0.011382536872608746   0.0038567744056864587   0.01700740581669279   0.008249469816125106   0.0300564080387186   0.022237458299303226   0.07487041100009047   0.10817921310717644   0.5252383515811018   1.0   0.7257481695728615   0.7010705748438311   0.11129050390090525   -0.15612504476094644   -0.19209579226498177   -0.15462957398918842   -0.10414559170930084   -0.07684197224162713   -0.07810803776622355   -0.06041575007453008   -0.06639690905573394   -0.04415579184255434   -0.050956096022950884   -0.05698190494357069   -0.049198416318760714   -0.0756525370210406   -0.1057671017847609   -0.08862527179219241   -0.1370542524836839   -0.0522034746728568   -0.028069858424722868   -0.016627871748471388   0.008510391687869172   0.02736030765011853   0.0006432719634343683   -0.01230834097268769   -0.06692726478351944   -0.10477358305559303   -0.05136028727366237   -0.05057171684101414   
T_sec   15.0   15.5   16.0   16.5   17.0   17.5   18.0   18.5   19.0   19.5   20.0   20.5   21.0   21.5   22.0   22.5   23.0   23.5   24.0   24.5   25.0   25.5   26.0   26.5   27.0   27.5   28.0   28.5   29.0   29.5   30.0   30.5   31.0   31.5   32.0   32.5   33.0   33.5   34.0   34.5   35.0   35.5   36.0   36.5   37.0   37.5   38.0   38.5   39.0   39.5   40.0   40.5   41.0   41.5   42.0   42.5   43.0   43.5   44.0   44.5   45.0   45.5   46.0   46.5   47.0   47.5   48.0   48.5   49.0   49.5   50.0   50.5   51.0   51.5   52.0   52.5   53.0   53.5   54.0   54.5   55.0   
U15   0.0013412104129757007   0.0007172451973450206   0.0013764183795589215   0.0007167067102632621   0.0014187534816578922   0.000718790990414141   0.0014658792624409381   0.0007218278888771751   0.0015180097985746364   0.0007263646362745377   0.0015764707022022876   0.000732924385316939   0.0016415710493680252   0.0007421025224494763   0.0017164909084799527   0.0007543031230938409   0.0018010402807829562   0.0007707397257833977   0.0018984290040073941   0.0007923281758289631   0.0020105299209187385   0.0008216614711409194   0.0021423959426905676   0.0008620939169183984   0.0023008337459729114   0.0009177638912924518   0.0024912832431286587   0.0009952254666392762   0.0027277150193249296   0.001105502935153425   0.003026567888939413   0.0012667928134939151   0.003418281020839171   0.001508172755313835   0.003949020559071424   0.0018812439955431662   0.004698011516908879   0.0024844524738225505   0.005819603628035534   0.0035171740606079276   0.007628214694228898   0.005429561662432753   0.010865028089840025   0.009417083347481951   0.01765132034758832   0.019503036478242215   0.03643773448409722   0.05720496113496261   0.14020868486580204   0.42882264896039984   0.9920651412339068   1.0   0.8078675274891125   -0.03899886037608299   -0.23814567230800004   -0.19841268617235047   -0.1514992525157624   -0.080404362056473   -0.08610791059359837   -0.08353119513124277   -0.08713508786159653   -0.0697851081051779   -0.06981536104990431   -0.06282748374014803   -0.06080492443273565   -0.04022334540919961   -0.06166870365601024   -0.09650542953954559   -0.09371414494138906   -0.12959797687744962   -0.06551785343222385   -0.03281756520355192   -0.019895747803974535   0.025383983340857303   0.013169005691514019   0.0047553148229684235   -0.02379560716567485   -0.0521046328422974   -0.11566512753323646   -0.06888410174726749   -0.06489200466925732   
T_sec   15.0   15.5   16.0   16.5   17.0   17.5   18.0   18.5   19.0   19.5   20.0   20.5   21.0   21.5   22.0   22.5   23.0   23.5   24.0   24.5   25.0   25.5   26.0   26.5   27.0   27.5   28.0   28.5   29.0   29.5   30.0   30.5   31.0   31.5   32.0   32.5   33.0   33.5   34.0   34.5   35.0   35.5   36.0   36.5   37.0   37.5   38.0   38.5   39.0   39.5   40.0   40.5   41.0   41.5   42.0   42.5   43.0   43.5   44.0   44.5   45.0   45.5   46.0   46.5   47.0   47.5   48.0   48.5   49.0   49.5   50.0   50.5   51.0   51.5   52.0   52.5   53.0   53.5   54.0   54.5   55.0   
U16   -0.000639710947817462   0.0018598206088505148   -0.0006833460735426546   0.001938138154610224   -0.0007301210689098097   0.002022456316631872   -0.0007805748729517946   0.0021153014480091085   -0.0008349769551850433   0.0022178622077589686   -0.0008942369715759156   0.0023313731118398966   -0.0009587524289308307   0.0024570342835042816   -0.0010290756612191187   0.0025985836633335116   -0.0011060150769900798   0.002759816513085739   -0.0011899681830501339   0.0029418985633072937   -0.0012816421405315217   0.0031510023937903987   -0.0013829098411128158   0.0033948102419341735   -0.0014929687883193591   0.0036819407909770255   -0.001614513677315487   0.004025312412271009   -0.0017446591422520337   0.0044426210417070275   -0.0018834437971512116   0.004962149525435378   -0.002025804071446928   0.00562660873856531   -0.0021606570711566043   0.006503839137777946   -0.0022634862402113143   0.007713908569919136   -0.0022753401033238367   0.00948097642809252   -0.002055632231794047   0.012271285519390192   -0.0012220427085595132   0.017221530104624544   0.001447794698506601   0.02783537371984339   0.011213383793080706   0.060942580279361176   0.07358053096624   0.32946956330609595   0.7004328397527523   1.0   0.5228323541535301   -0.1974105838468057   -0.1485231475717997   -0.14986698920163347   -0.06813341546439104   -0.08585818966861751   -0.04757097684157456   -0.09113305119800823   -0.07932599726431912   -0.07032637302562794   -0.04084096792631123   -0.06143841222488699   -0.028771223692314062   -0.022073545929565848   -0.024960699630281562   -0.06616010751884739   -0.07684369261430345   -0.09124613364547461   -0.040309642607694   -0.04957550723731147   0.0065048224003290515   0.010081574214448703   0.014796814075324571   -0.007186234815328735   -0.005049880890807367   -0.04589968439732884   -0.07234500892279631   -0.07741035952835314   -0.04127569680872436   
T_sec   15.0   15.5   16.0   16.5   17.0   17.5   18.0   18.5   19.0   19.5   20.0   20.5   21.0   21.5   22.0   22.5   23.0   23.5   24.0   24.5   25.0   25.5   26.0   26.5   27.0   27.5   28.0   28.5   29.0   29.5   30.0   30.5   31.0   31.5   32.0   32.5   33.0   33.5   34.0   34.5   35.0   35.5   36.0   36.5   37.0   37.5   38.0   38.5   39.0   39.5   40.0   40.5   41.0   41.5   42.0   42.5   43.0   43.5   44.0   44.5   45.0   45.5   46.0   46.5   47.0   47.5   48.0   48.5   49.0   49.5   50.0   50.5   51.0   51.5   52.0   52.5   53.0   53.5   54.0   54.5   55.0   
U17   -0.00018955929395553104   0.0007467155551593073   -0.00019785031948047255   0.0007854698088794446   -0.00020658013469515105   0.000827548627428093   -0.00021540537094445294   0.0008746816259086119   -0.00022432602822837868   0.0009266620168182656   -0.00023351634524004312   0.0009842512139573675   -0.0002425464725691652   0.0010490065095103292   -0.00025150416815369246   0.0011215859235260966   -0.00025952973317306207   0.0012057244028817026   -0.0002655866757480382   0.0013012872821989384   -0.00027045970858902905   0.0014132878909119894   -0.0002706959874032121   0.0015457056209413616   -0.0002650924447149117   0.0017033846717592427   -0.00025037813802109634   0.0018977366714994675   -0.0002201675404499087   0.0021382745032305166   -0.0001665337977298186   0.0024473012615062744   -7.342852770018184e-05   0.002852653532028599   8.467760529863999e-05   0.003409647068535518   0.00035869968627951464   0.00420867815897656   0.0008471905568512477   0.005430689351471087   0.0017662688945406164   0.007470752601432572   0.003651793144303677   0.011332392488253294   0.008112231546581425   0.02030472420040958   0.021791856864501104   0.05148863103170666   0.1028392392425973   0.33950041679699744   0.7959799588348657   1.0   0.259698011679908   -0.18852460754834005   -0.10009636537583147   -0.10280616988423572   -0.079658936853317   -0.07602507318789517   -0.07377234917472965   -0.11977227560126026   -0.08927487889646485   -0.05298271427929271   -0.04642219401540475   -0.0478157014412638   -0.00722578544176886   -0.0029267171485417463   -0.021970963172106322   -0.06154131540189449   -0.07940320615837468   -0.06455274597490568   -0.058430792861330794   -0.04566650625121889   0.014474827182172873   0.014501059742411311   0.007781280010771525   -0.0014339999253426918   -0.0027631684946415104   -0.03895192097675442   -0.06751074386472958   -0.0815009421061367   -0.017619274406531712   
T_sec   15.0   15.5   16.0   16.5   17.0   17.5   18.0   18.5   19.0   19.5   20.0   20.5   21.0   21.5   22.0   22.5   23.0   23.5   24.0   24.5   25.0   25.5   26.0   26.5   27.0   27.5   28.0   28.5   29.0   29.5   30.0   30.5   31.0   31.5   32.0   32.5   33.0   33.5   34.0   34.5   35.0   35.5   36.0   36.5   37.0   37.5   38.0   38.5   39.0   39.5   40.0   40.5   41.0   41.5   42.0   42.5   43.0   43.5   44.0   44.5   45.0   45.5   46.0   46.5   47.0   47.5   48.0   48.5   49.0   49.5   50.0   50.5   51.0   51.5   52.0   52.5   53.0   53.5   54.0   54.5   55.0   
U18   0.0006400585824945096   -0.00020144491474300053   0.0006751680339177101   -0.00020880117665016747   0.0007135801648529306   -0.00021645896356694804   0.0007563251606046394   -0.00022419847906388974   0.0008026482387685002   -0.00023247729111483824   0.0008549009926789608   -0.00024054876430999815   0.000913978902042914   -0.00024774536236647044   0.0009809656033459466   -0.0002545644399034009   0.0010564931568047792   -0.00026101798033074974   0.001143323264251568   -0.00026587996873451655   0.0012453765267155324   -0.00026764515088515073   0.001363623686615043   -0.00026603428746710086   0.0015057930519413228   -0.00025755149881208014   0.0016788679764016573   -0.0002376211051816351   0.001893308511294525   -0.0002005384861651455   0.002165399162428623   -0.0001344581703341872   0.0025206956291891672   -2.064120812775232e-05   0.0030017907438848425   0.00017635053353544483   0.0036796853484148562   0.000523690102293898   0.0046883970719270715   0.0011644710516377356   0.0063055188042764046   0.0024369494393638898   0.009184321871977628   0.005267021194557124   0.015166632117375019   0.012898689881376681   0.031543609331524454   0.043169617969321436   0.11589948919206344   0.3720118580583196   1.0   0.7848059327707387   0.04602806212871914   -0.09670693739000154   -0.09316951236013292   -0.08819459540451718   -0.08988999790031674   -0.0769825118511827   -0.11385745147613402   -0.11557434651943764   -0.07687313090595108   -0.04538453577153464   -0.053935078109202346   -0.025002980549933992   -0.0016025297754330076   -0.0002903089689487099   -0.027774235185800446   -0.0697587786991353   -0.07477831876982603   -0.05877704818352392   -0.07781878144324991   -0.02244556309720077   0.01459270307752505   0.012327305376382686   -0.000537474472211657   0.00913306710334561   -0.00987447636701296   -0.033103506186262954   -0.0818700490574078   -0.06926588121880216   0.0012815739683094648   
T_sec   15.0   15.5   16.0   16.5   17.0   17.5   18.0   18.5   19.0   19.5   20.0   20.5   21.0   21.5   22.0   22.5   23.0   23.5   24.0   24.5   25.0   25.5   26.0   26.5   27.0   27.5   28.0   28.5   29.0   29.5   30.0   30.5   31.0   31.5   32.0   32.5   33.0   33.5   34.0   34.5   35.0   35.5   36.0   36.5   37.0   37.5   38.0   38.5   39.0   39.5   40.0   40.5   41.0   41.5   42.0   42.5   43.0   43.5   44.0   44.5   45.0   45.5   46.0   46.5   47.0   47.5   48.0   48.5   49.0   49.5   50.0   50.5   51.0   51.5   52.0   52.5   53.0   53.5   54.0   54.5   55.0   
U19   2.094415712596073e-05   -0.00010116398290579952   3.798905183529666e-05   -8.99784533883013e-05   5.730879860590167e-05   -7.716411632173211e-05   7.879089954446237e-05   -6.271855980211854e-05   0.00010268485705497351   -4.6304290149520305e-05   0.00012965842278539512   -2.722181338668879e-05   0.0001607144301596537   -4.240888399097115e-06   0.00019732779888832397   2.4120640235750032e-05   0.00024156044476591584   5.973143485502441e-05   0.00029384547603786835   0.00010139782048143467   0.000354747794074722   0.00015256342995854038   0.00042944790093210627   0.00021774824940593162   0.0005213335680845566   0.0002998406579125215   0.0006370208516794354   0.00040881235319328624   0.0007879005077732698   0.0005561441069070393   0.0009889170112554865   0.0007611139747397469   0.0012657318203079628   0.0010551040964231443   0.0016606544099989824   0.0014931353044362326   0.002250345357462814   0.002181632310079752   0.003188308242788905   0.0033390907758316032   0.004808029801050517   0.005475651429262052   0.007950609738665395   0.010015596458540828   0.015305876532650258   0.022211511447731244   0.0396364873691919   0.07692313421249854   0.24624999637865652   0.7588983774430411   1.0   0.4024556066418523   -0.01165580654156679   -0.06039553992724779   -0.0894514883395161   -0.11156633430081497   -0.11633220887209968   -0.10799120556794992   -0.1205163854620386   -0.09141541168215922   -0.0529596012190872   -0.05144004009370689   -0.049181054456924375   -0.014127394021378642   -0.0002855022233892665   -0.014736536171350203   -0.05644791925420587   -0.07871859484582472   -0.06162474712964381   -0.07594034524417267   -0.06011060935856077   0.005637060197779838   0.01787027365074906   0.009360210014879446   0.011386493566948716   0.009419360440191475   -0.01270008520322638   -0.054445827322057196   -0.08708786510687837   -0.033062238300925514   0.01833821589600466   
T_sec   15.0   15.5   16.0   16.5   17.0   17.5   18.0   18.5   19.0   19.5   20.0   20.5   21.0   21.5   22.0   22.5   23.0   23.5   24.0   24.5   25.0   25.5   26.0   26.5   27.0   27.5   28.0   28.5   29.0   29.5   30.0   30.5   31.0   31.5   32.0   32.5   33.0   33.5   34.0   34.5   35.0   35.5   36.0   36.5   37.0   37.5   38.0   38.5   39.0   39.5   40.0   40.5   41.0   41.5   42.0   42.5   43.0   43.5   44.0   44.5   45.0   45.5   46.0   46.5   47.0   47.5   48.0   48.5   49.0   49.5   50.0   50.5   51.0   51.5   52.0   52.5   53.0   53.5   54.0   54.5   55.0   
U20   -0.0006378607284572398   4.7053094527144594e-05   -0.0006384261942554816   8.056879602604641e-05   -0.0006379327638223836   0.00011838524935948621   -0.0006361159737955558   0.00016144054101400435   -0.0006327459116488161   0.00020921328010112803   -0.0006297894167548127   0.00026248074225363615   -0.0006241321726735465   0.0003248786348000009   -0.0006157310499507218   0.0003974346678445525   -0.0006018052971811491   0.00048359672286210094   -0.0005832012916700264   0.0005854482778429832   -0.0005558170079819857   0.0007111351825310226   -0.0005168825952573468   0.0008633670010954345   -0.0004622960280607412   0.00105451474038763   -0.0003846845611540197   0.0012974352045295042   -0.0002727137127720553   0.0016157585237745107   -0.00010892842826932838   0.002042635982149904   0.00013691822057626608   0.0026389510193717577   0.0005204516896863029   0.0035091661769528644   0.0011446434816701145   0.004856161323401492   0.002226690511239527   0.007111938494338888   0.004275515464412422   0.011352504866105784   0.008719101506964708   0.020909147067628565   0.020876955977062912   0.05123864636580757   0.07684542411923055   0.304639465430562   0.8308011764691584   1.0   0.7071666748745293   0.16715651039392626   -0.08429894323382243   -0.13585387129119497   -0.12344324429376732   -0.11180539645409082   -0.10586467840345845   -0.104260091687491   -0.08737277193336514   -0.07270979608388448   -0.06768384096738109   -0.07313946805838398   -0.0571825001307657   -0.038297300866429594   -0.031019696256855623   -0.06055375661022666   -0.0740077660269094   -0.07440424278150964   -0.0830701848028982   -0.06647533892006771   -0.009178186462342345   0.0183702118901981   0.01935126571322667   0.01980433214929857   0.016620039212487992   -0.0018727458360116155   -0.05134200967628968   -0.08667055434251364   -0.05300461996819405   0.0019741513584663165   0.03178373412256921   
T_sec   15.0   15.5   16.0   16.5   17.0   17.5   18.0   18.5   19.0   19.5   20.0   20.5   21.0   21.5   22.0   22.5   23.0   23.5   24.0   24.5   25.0   25.5   26.0   26.5   27.0   27.5   28.0   28.5   29.0   29.5   30.0   30.5   31.0   31.5   32.0   32.5   33.0   33.5   34.0   34.5   35.0   35.5   36.0   36.5   37.0   37.5   38.0   38.5   39.0   39.5   40.0   40.5   41.0   41.5   42.0   42.5   43.0   43.5   44.0   44.5   45.0   45.5   46.0   46.5   47.0   47.5   48.0   48.5   49.0   49.5   50.0   50.5   51.0   51.5   52.0   52.5   53.0   53.5   54.0   54.5   55.0   
U21   -0.0014555602227325807   0.0008398583883500562   -0.0014937645049342657   0.0009150852744469938   -0.0015336994721172805   0.000998045669731796   -0.0015789176105455425   0.0010885419771392588   -0.001628089957165801   0.0011898618138695889   -0.0016800121018231346   0.0013041176046348192   -0.0017352845179444954   0.0014348057092327174   -0.0017951642788499405   0.0015852821712956698   -0.0018572717818963781   0.0017572822935396925   -0.0019250191971823456   0.0019606093377982376   -0.001994988582440948   0.0021991806123652057   -0.0020684370109922377   0.0024872621887624246   -0.002144937762171717   0.0028373018005301465   -0.002220708071682504   0.003271400135778007   -0.0022923803515554893   0.003822287278174318   -0.002347629867910724   0.004545635896489309   -0.0023689459609175768   0.005522856023565982   -0.002323979090225357   0.006904319991550105   -0.002131811221632257   0.008973577070243481   -0.0016246015524651605   0.012331859044571842   -0.0003506984785482048   0.018460588725909437   0.0030552848420263815   0.031971462756457854   0.014271512262773399   0.0748115458395795   0.07923843815787142   0.46470244535078287   1.0   0.9139451767425584   0.6920440503343356   0.03214138336586963   -0.1347201887864272   -0.1594808348058333   -0.10807346681553524   -0.11209800310681346   -0.09537529673143548   -0.1011205436971211   -0.07999426687249121   -0.0813106864791566   -0.06930220025822548   -0.08375455959321036   -0.05943181755212919   -0.04361314818512235   -0.03821117941813604   -0.07722256188226245   -0.06669132886818163   -0.08705278498937405   -0.0826454217007689   -0.060126320651132714   0.003645078561098201   0.017631340968323993   0.022509555772244172   0.017603893363241113   0.013776519860205583   -0.011364153130126526   -0.07078005020233151   -0.08559896678606302   -0.04543073053738413   0.011725172665494114   0.03776452777114036   
T_sec   15.0   15.5   16.0   16.5   17.0   17.5   18.0   18.5   19.0   19.5   20.0   20.5   21.0   21.5   22.0   22.5   23.0   23.5   24.0   24.5   25.0   25.5   26.0   26.5   27.0   27.5   28.0   28.5   29.0   29.5   30.0   30.5   31.0   31.5   32.0   32.5   33.0   33.5   34.0   34.5   35.0   35.5   36.0   36.5   37.0   37.5   38.0   38.5   39.0   39.5   40.0   40.5   41.0   41.5   42.0   42.5   43.0   43.5   44.0   44.5   45.0   45.5   46.0   46.5   47.0   47.5   48.0   48.5   49.0   49.5   50.0   50.5   51.0   51.5   52.0   52.5   53.0   53.5   54.0   54.5   55.0   
U22   -0.0001719307291402601   -0.000845246853697287   -0.00013718851572811505   -0.0008475681192447009   -9.72983019854789e-05   -0.0008487472298556866   -5.1170474008633166e-05   -0.000847991714306329   2.377822021698818e-06   -0.0008453277750546493   6.422351772009658e-05   -0.0008404786188622704   0.00013597190497581732   -0.0008332257104234555   0.000220166391733636   -0.0008215587427120941   0.00032141602438878254   -0.0008031585599890782   0.0004437529869100076   -0.0007769500447755174   0.0005927506442060804   -0.0007393962055301091   0.0007772308534555015   -0.0006865259066083769   0.0010088006910370065   -0.000611326349368656   0.0013069218454859917   -0.0005019395944185242   0.0016994262954800534   -0.00034011552765818575   0.002231550849306627   -9.505857032026157e-05   0.002980067279745073   0.0002903180624502038   0.004083675269738842   0.0009252814790547548   0.005811173789810368   0.0020433290651686695   0.008745560929290016   0.004211741995217434   0.014375003249785053   0.009112344433965393   0.027523954831589814   0.02374983717044004   0.07303110578864583   0.11245481777449556   0.5737057585107864   1.0   0.7194855361751314   0.6935408150584246   0.30203061563255285   -0.15907909045210222   -0.16658107197046634   -0.07086230860125514   -0.05263649813200326   -0.06824956963313435   -0.06478430476848064   -0.06469091512459002   -0.09688922376613283   -0.0951475293668314   -0.07857050686715478   -0.07733473769433936   -0.0624577034477953   -0.06555555540431503   -0.09478635740778872   -0.07207173239354922   -0.10036542560482364   -0.08100413672156932   -0.03543325049726949   -0.016471827457426785   0.017978574284103717   0.03482332533284963   0.024056616910127792   0.012434974006481369   -0.007197163900389876   -0.06626078673526647   -0.05683694952208901   -0.04845334717004631   -0.0073005397434133595   0.043179456619550055   0.043959836600111366   
T_sec   15.0   15.5   16.0   16.5   17.0   17.5   18.0   18.5   19.0   19.5   20.0   20.5   21.0   21.5   22.0   22.5   23.0   23.5   24.0   24.5   25.0   25.5   26.0   26.5   27.0   27.5   28.0   28.5   29.0   29.5   30.0   30.5   31.0   31.5   32.0   32.5   33.0   33.5   34.0   34.5   35.0   35.5   36.0   36.5   37.0   37.5   38.0   38.5   39.0   39.5   40.0   40.5   41.0   41.5   42.0   42.5   43.0   43.5   44.0   44.5   45.0   45.5   46.0   46.5   47.0   47.5   48.0   48.5   49.0   49.5   50.0   50.5   51.0   51.5   52.0   52.5   53.0   53.5   54.0   54.5   55.0   
U23   -0.00046039625053423785   -0.0007404029625553469   -0.0004363722922992144   -0.0007281945255960164   -0.0004079765246103886   -0.0007124265881694333   -0.00037427745595898444   -0.0006927340083959397   -0.0003351744824702708   -0.0006678785365915197   -0.0002881289820774431   -0.0006361772874029235   -0.00023219703873197034   -0.0005971893641552724   -0.0001660695945056621   -0.0005492778406599811   -8.750609996155207e-05   -0.000489588651129605   8.1384779044907e-06   -0.00041296385008426543   0.0001266965160649005   -0.00031373752611938376   0.0002758509499699121   -0.0001829115317487932   0.00046703179119002264   -7.21530635056112e-06   0.0007175436484384768   0.00023352961078019254   0.0010549300590363586   0.0005737074714734136   0.0015223525446703963   0.0010698408361618566   0.002195510175698083   0.001823113926892021   0.0032127105135525066   0.0030353487406562484   0.004858934617263771   0.005142623684797596   0.007773742788629318   0.00924687462447332   0.013706736359453452   0.018848415773690345   0.0290709968889019   0.05097493635206815   0.0988805750026035   0.3541508149462214   0.9463425783172211   1.0   0.5778086386678278   0.5094161448978509   0.20553849090842363   -0.20359436506630144   -0.15573125794737142   -0.03372804391890334   -0.056119139559797526   -0.0729755292624055   -0.06259730898981752   -0.07976867988561587   -0.11881047788745977   -0.1007728312993554   -0.07710265671003291   -0.07600720780620467   -0.07169954620130184   -0.08987460332454945   -0.10334251471554616   -0.09449345893680716   -0.1155040685631634   -0.07008390663379928   -0.014332986561456028   -0.002872857363746718   0.02599169225366656   0.036136122127542504   0.016703958325423773   -0.00023325624874857005   -0.04116381921289805   -0.07352490496501109   -0.047010662382181656   -0.028711481281768866   0.008329463631122927   0.05103911804579031   0.040855231312304   
T_sec   15.0   15.5   16.0   16.5   17.0   17.5   18.0   18.5   19.0   19.5   20.0   20.5   21.0   21.5   22.0   22.5   23.0   23.5   24.0   24.5   25.0   25.5   26.0   26.5   27.0   27.5   28.0   28.5   29.0   29.5   30.0   30.5   31.0   31.5   32.0   32.5   33.0   33.5   34.0   34.5   35.0   35.5   36.0   36.5   37.0   37.5   38.0   38.5   39.0   39.5   40.0   40.5   41.0   41.5   42.0   42.5   43.0   43.5   44.0   44.5   45.0   45.5   46.0   46.5   47.0   47.5   48.0   48.5   49.0   49.5   50.0   50.5   51.0   51.5   52.0   52.5   53.0   53.5   54.0   54.5   55.0   
U24   -0.0004493699156600603   -0.0006701747056886819   -0.00042782409082483413   -0.0006575256364771548   -0.00040267774696041485   -0.0006417354767524484   -0.0003725495904306298   -0.0006217842417802751   -0.00033667437265932746   -0.0005977255646330899   -0.0002940832572971797   -0.0005682219272289711   -0.00024297505275773865   -0.0005312912557465718   -0.0001801778213879853   -0.00048432191081931403   -0.00010230455812027127   -0.0004249079830279169   -5.730650747360899e-06   -0.0003487389122286015   0.00011661269847822997   -0.00025022561707783276   0.0002726906422959032   -0.00012071988607117278   0.000477537131192545   5.401557363935175e-05   0.0007520005942481436   0.0002946222175865233   0.001129731463232632   0.0006359425999503677   0.0016680837871461077   0.0011391097725640038   0.002471318277455847   0.0019193267108218656   0.0037401951463677295   0.0032117485102657137   0.005915593566258896   0.005567489601808947   0.01011316298582727   0.01052835242398769   0.01992736287855945   0.024027640326955417   0.05331687943181635   0.09081979571547592   0.3843651311501719   1.0   0.7807875873152655   0.2562198607595202   0.2099083090018335   0.3478477493709877   0.04597472041927052   -0.14557290784518526   -0.04948614845342039   -0.0345277892449041   -0.06776640118809435   -0.051532372601459084   -0.0476327070795882   -0.08816731853773252   -0.08855893945464761   -0.05032116491060178   -0.04704152396846215   -0.06690094776968314   -0.0961439609678792   -0.08817814665007481   -0.08627950456487009   -0.12287586121910732   -0.09359303607499114   -0.005872789611075328   0.015309091732828378   0.012712110933801587   0.03336300191451577   0.021734433719663073   -0.0010110157410019203   -0.04745947193733056   -0.05637050383675703   -0.017987098969909927   0.00040253716992419224   -0.0011261542501869247   0.02488813739258298   0.034360891605026506   0.017119021178841468   
T_sec   15.0   15.5   16.0   16.5   17.0   17.5   18.0   18.5   19.0   19.5   20.0   20.5   21.0   21.5   22.0   22.5   23.0   23.5   24.0   24.5   25.0   25.5   26.0   26.5   27.0   27.5   28.0   28.5   29.0   29.5   30.0   30.5   31.0   31.5   32.0   32.5   33.0   33.5   34.0   34.5   35.0   35.5   36.0   36.5   37.0   37.5   38.0   38.5   39.0   39.5   40.0   40.5   41.0   41.5   42.0   42.5   43.0   43.5   44.0   44.5   45.0   45.5   46.0   46.5   47.0   47.5   48.0   48.5   49.0   49.5   50.0   50.5   51.0   51.5   52.0   52.5   53.0   53.5   54.0   54.5   55.0   
U25   0.0007323750160132517   -0.001682858105931011   0.0008185800306308745   -0.001735666688488528   0.0009150797617791511   -0.0017930821351602936   0.00102374524068184   -0.0018546493106266614   0.0011472618102842552   -0.0019208611200488982   0.0012888034786584582   -0.001992339957313098   0.001451723842077467   -0.0020713202700794516   0.0016416317541780331   -0.0021550292365539476   0.0018643029366943067   -0.002244836893199095   0.0021301280650746733   -0.002343533412416028   0.002451498334716108   -0.002449540660706803   0.002842738401349974   -0.002561105156407043   0.003330451197048798   -0.002677016812958808   0.003955313812235847   -0.0027902193033593923   0.004772828987827002   -0.002887810060161316   0.005888113564864059   -0.002934503543660533   0.007475818883310242   -0.0028601448685198205   0.009877563100292482   -0.00247631314822256   0.013833753951954495   -0.0012423329621748995   0.021243539189979857   0.002773314761645251   0.03861039142514897   0.019914654812014005   0.10395330983319086   0.19585290768084637   1.0   0.8782554386699972   0.07314865271157482   0.10727314454424218   0.1988286323531621   0.3898155252855882   -0.04813010458180681   -0.1176406388097562   -0.049472304735350886   -0.06307216905792132   -0.0495138345642441   -0.022018354048275374   -0.05696520098932729   -0.06764155916827828   -0.044476310189845235   -0.021004851706584244   -0.04910369368241333   -0.09242811190293589   -0.09733412262594181   -0.04925172187778841   -0.11854901222883378   -0.10401428506676327   -0.05909634657081139   0.0035373472415592103   0.006643725844292505   0.028625626942276324   0.03552948685149905   0.01769220530107489   -0.0341679720315012   -0.06713070621192664   -0.002547930179374509   0.01699518979338523   0.011635785839889756   -0.0029832445090507962   0.021877878856535922   0.025250614636184793   0.01487822269439474   
T_sec   15.0   15.5   16.0   16.5   17.0   17.5   18.0   18.5   19.0   19.5   20.0   20.5   21.0   21.5   22.0   22.5   23.0   23.5   24.0   24.5   25.0   25.5   26.0   26.5   27.0   27.5   28.0   28.5   29.0   29.5   30.0   30.5   31.0   31.5   32.0   32.5   33.0   33.5   34.0   34.5   35.0   35.5   36.0   36.5   37.0   37.5   38.0   38.5   39.0   39.5   40.0   40.5   41.0   41.5   42.0   42.5   43.0   43.5   44.0   44.5   45.0   45.5   46.0   46.5   47.0   47.5   48.0   48.5   49.0   49.5   50.0   50.5   51.0   51.5   52.0   52.5   53.0   53.5   54.0   54.5   55.0   
U26   -0.0004125477780895503   -0.00046851384305869733   -0.00039094003483412007   -0.0004470095161791629   -0.0003653932686812223   -0.0004215428510562767   -0.00033526317895958525   -0.0003909224232173146   -0.00029906814321059436   -0.0003542795613787055   -0.0002558983789363396   -0.0003095957274329544   -0.00020321895667597077   -0.00025479029186516546   -0.00013833999190516086   -0.00018612069773142677   -5.7154938864906204e-05   -9.96607042431367e-05   4.537933931374991e-05   1.0927012251830051e-05   0.0001774642110693272   0.00015553384181957218   0.00035121925871507204   0.00034804607270433986   0.0005848848034878551   0.0006106164257933596   0.0009073392851248404   0.0009790921994595444   0.001368186328829714   0.0015166748837697548   0.0020573706413008794   0.0023408126599015673   0.003151372705253111   0.0036911582541695573   0.005032801799854514   0.006118887500909352   0.008681072286589969   0.011157998944922724   0.017278155889458552   0.024586995520013265   0.04677409603562299   0.08778163432085671   0.3353234810109229   1.0   0.8148452038604891   0.09455636633075302   0.03359526196100877   0.16444120015610614   0.2861243382318839   0.2492599374668841   -0.04984052492677221   -0.165479853308981   -0.09133363555795761   -0.04057836558562445   -0.031012927784549973   -0.047959702665742204   -0.0439132390807384   -0.02739088754900365   -0.025650360935581727   -0.038917551181177984   -0.09301756185218649   -0.09882751392282502   -0.062465104216561505   -0.10309807703087459   -0.10019420455704728   -0.0470838756278115   -0.038222418769663064   -0.02644676800654646   0.01132090048614084   0.03442878905543065   0.027559117079552164   -0.0275208500757861   -0.06166107686560399   -0.0027826198722438874   0.02882629123792149   0.020103396614768614   0.0030256700371721376   -0.0068183599845983295   0.015344264566858857   0.029599333977675637   0.039986333093657574   
T_sec   15.0   15.5   16.0   16.5   17.0   17.5   18.0   18.5   19.0   19.5   20.0   20.5   21.0   21.5   22.0   22.5   23.0   23.5   24.0   24.5   25.0   25.5   26.0   26.5   27.0   27.5   28.0   28.5   29.0   29.5   30.0   30.5   31.0   31.5   32.0   32.5   33.0   33.5   34.0   34.5   35.0   35.5   36.0   36.5   37.0   37.5   38.0   38.5   39.0   39.5   40.0   40.5   41.0   41.5   42.0   42.5   43.0   43.5   44.0   44.5   45.0   45.5   46.0   46.5   47.0   47.5   48.0   48.5   49.0   49.5   50.0   50.5   51.0   51.5   52.0   52.5   53.0   53.5   54.0   54.5   55.0   
U27   -0.0004394202209688434   -0.00011173453016760884   -0.00042746042107241625   -7.706384070953345e-05   -0.00041276923463034364   -3.718210953043866e-05   -0.000393892300851179   9.656078440177892e-06   -0.0003698052359548262   6.487988050327527e-05   -0.0003387122178898065   0.00013056357124414358   -0.0002992347998707479   0.00020914808999859341   -0.0002482998305573628   0.0003048323929181821   -0.00018148091531447951   0.000423244593455425   -9.282138470940508e-05   0.0005719478533812232   2.5671596505501788e-05   0.0007618314313154772   0.0001873279227513423   0.0010101967393472315   0.00041285071343762547   0.0013445260186402685   0.0007361214579174223   0.001809745967432666   0.0012174748191355056   0.0024883017229944855   0.0019665114412590967   0.003532942684626941   0.003208210026402837   0.005277615360061392   0.005456717980524787   0.008549385078591694   0.010125748976077913   0.015961903229392317   0.02237462167762348   0.04002940177886384   0.07623609221488764   0.25081022417685495   0.8249414116230238   1.0   0.13695537878835215   -0.017734739616602636   0.13638682305059924   0.1978418775198094   0.2619403501574268   0.19150609892345682   -0.11751010781635494   -0.1897014743682753   -0.04400401549983307   -0.023596521094722125   -0.03338493657793582   -0.04122615229111486   -0.004770687518995293   -0.011743897397450331   -0.027164196738932597   -0.06456280926098111   -0.09832293991199034   -0.06639282043919924   -0.07703747215202814   -0.1098697490997582   -0.04123426364651017   -0.032977340235784816   -0.052359781010503655   -0.03842292896804968   -0.002547312331797138   0.03128990993839776   0.017205590765541925   -0.05138124916866315   -0.01448919022950593   0.04081734272112608   0.027728282626013356   0.013999803248865504   -0.00409732305086917   -0.0066342815641580585   0.026048412616936346   0.04681828571210049   0.041855964399194534   
T_sec   15.0   15.5   16.0   16.5   17.0   17.5   18.0   18.5   19.0   19.5   20.0   20.5   21.0   21.5   22.0   22.5   23.0   23.5   24.0   24.5   25.0   25.5   26.0   26.5   27.0   27.5   28.0   28.5   29.0   29.5   30.0   30.5   31.0   31.5   32.0   32.5   33.0   33.5   34.0   34.5   35.0   35.5   36.0   36.5   37.0   37.5   38.0   38.5   39.0   39.5   40.0   40.5   41.0   41.5   42.0   42.5   43.0   43.5   44.0   44.5   45.0   45.5   46.0   46.5   47.0   47.5   48.0   48.5   49.0   49.5   50.0   50.5   51.0   51.5   52.0   52.5   53.0   53.5   54.0   54.5   55.0   
U28   -0.0008287490269117055   0.0004840759926989167   -0.0008458187175572437   0.0005368720628903655   -0.0008628830124932879   0.0005972729373809531   -0.000880151853871066   0.0006667571420587865   -0.0008976239392779423   0.0007472258779986506   -0.0009146638604917886   0.0008416371272714986   -0.0009306352789957372   0.0009535826056398796   -0.0009444788089683457   0.0010881331129312935   -0.0009555562513032657   0.0012518377888023984   -0.0009609044142789973   0.0014548389771439855   -0.0009584019214273834   0.0017102357015051646   -0.0009433898566886133   0.0020404239789524794   -0.0009065537370041328   0.0024792111262980413   -0.0008324429397801071   0.0030876604048020364   -0.0006926969224226371   0.0039665604033270975   -0.0004295571688783527   0.005320869142915072   8.352329613640181e-05   0.007592199062506486   0.0011681095707234068   0.011919441245358186   0.0038213493779744403   0.022057288970926254   0.012425817789968732   0.057659568720771055   0.06695192886296589   0.4436725089852947   1.0   0.1262752040525351   -0.044588905122250895   0.07668465552234499   0.12104733833540963   0.13285263989231014   0.17352758191972484   0.11435154701587773   -0.1834920669877174   -0.09866504396200756   -0.0056678406647996515   -0.026748477462713482   -0.04087825371431165   -0.0046242157277047715   0.009447040586966634   -0.01626806936845918   -0.02895484109145019   -0.07723537816853315   -0.0455912080584225   -0.04296499108067219   -0.09712580873058949   -0.0324904287894216   -0.007667144871991982   -0.037059024393478315   -0.03425425408561759   -0.007858865086423892   -0.028503787010000253   0.028957654810178795   -0.026718034497629547   -0.02887956248678129   0.037153627587927965   0.022171176667910082   0.020208141946333497   -0.0025361651234600243   -0.006962757832033021   -0.004275383278050121   0.03415448572562525   0.041117153403640534   0.015357756682526839   
T_sec   15.0   15.5   16.0   16.5   17.0   17.5   18.0   18.5   19.0   19.5   20.0   20.5   21.0   21.5   22.0   22.5   23.0   23.5   24.0   24.5   25.0   25.5   26.0   26.5   27.0   27.5   28.0   28.5   29.0   29.5   30.0   30.5   31.0   31.5   32.0   32.5   33.0   33.5   34.0   34.5   35.0   35.5   36.0   36.5   37.0   37.5   38.0   38.5   39.0   39.5   40.0   40.5   41.0   41.5   42.0   42.5   43.0   43.5   44.0   44.5   45.0   45.5   46.0   46.5   47.0   47.5   48.0   48.5   49.0   49.5   50.0   50.5   51.0   51.5   52.0   52.5   53.0   53.5   54.0   54.5   55.0   
U29   -0.001630636950764257   0.0012707466707214525   -0.0016953743282577156   0.0013838480211820804   -0.0017607681746569822   0.0015110256169875967   -0.0018322640007534276   0.001656354915431012   -0.001908365230957812   0.0018228676268042096   -0.0019928518633566404   0.0020128278940477525   -0.002081982458976818   0.002236059856275207   -0.0021780404403156104   0.0024978593667190204   -0.002280316078691807   0.002813327138168501   -0.0023858355024836365   0.0031945707322344847   -0.00249619168506386   0.0036687791437604077   -0.002606952738334876   0.004267669653470833   -0.0027039590328690384   0.005050148536933762   -0.0027693673389357193   0.006106820070885049   -0.0027613892173764852   0.0076044825451316075   -0.0025797733832691044   0.009861554708271133   -0.001979617652649438   0.013599067881630419   -0.00024637707004951766   0.02075122190215257   0.005234174315633757   0.038493523514911115   0.02981584974767463   0.12420248306230876   0.3569502560928219   1.0   0.6123446037604758   -0.05691148008432888   0.0730620972831988   0.10280959774892526   0.15330353999170396   0.133273671138485   0.16486162218671915   0.043491366252998626   -0.16638297200632443   -0.10312935522172799   -0.014306557724322934   -0.06008852208460995   -0.02126574362575515   0.00617862774381323   0.00548337945565345   -0.03579557090744017   -0.065465578399959   -0.0760876284771548   -0.041967001592738334   -0.10412166798048808   -0.06942636932448648   -0.013853953261052876   -0.02378985234992752   -0.044449660233960825   -0.017785636874850973   -0.016433608557040073   -0.031046205144604745   -0.02623533398096718   -0.02665031920920758   0.02092236291211183   0.040400549660160816   0.024123283848334866   0.015198062500946635   -0.011840107526906913   -0.0027359543007031972   0.00792601132722546   0.051551052386652224   0.03305845344697847   0.009152263432006716   
T_sec   15.0   15.5   16.0   16.5   17.0   17.5   18.0   18.5   19.0   19.5   20.0   20.5   21.0   21.5   22.0   22.5   23.0   23.5   24.0   24.5   25.0   25.5   26.0   26.5   27.0   27.5   28.0   28.5   29.0   29.5   30.0   30.5   31.0   31.5   32.0   32.5   33.0   33.5   34.0   34.5   35.0   35.5   36.0   36.5   37.0   37.5   38.0   38.5   39.0   39.5   40.0   40.5   41.0   41.5   42.0   42.5   43.0   43.5   44.0   44.5   45.0   45.5   46.0   46.5   47.0   47.5   48.0   48.5   49.0   49.5   50.0   50.5   51.0   51.5   52.0   52.5   53.0   53.5   54.0   54.5   55.0   
U30   -0.00041380039975819093   0.0004394616236005716   -0.00041389154788222423   0.0004966661278982134   -0.0004121620432271698   0.0005633354738188782   -0.00040753566203768264   0.0006416091016056214   -0.0003996917690884086   0.0007345790697453416   -0.0003873403838070989   0.0008462696080303135   -0.0003666617457861656   0.0009819781997220049   -0.00033719116735028405   0.0011516464575057077   -0.0002917817019689007   0.0013628302666813415   -0.00023113039331132773   0.0016298607186641752   -0.0001412314532164053   0.0019792252297615586   -1.0049390661479736e-05   0.0024499764799422877   0.00019071547557571183   0.0031066694169132546   0.0005059151218169867   0.004066833820996049   0.0010203649562138789   0.005553456563457027   0.0019257872411693245   0.008061424791297166   0.003678192710426472   0.012849541264060533   0.007653550672863287   0.024052658573665113   0.019653411142566597   0.06333685368345651   0.09244670642854821   0.5016235817337162   1.0   0.5209558824602362   0.07098782441949007   0.05997770481389587   0.10905926529311707   0.10486538426191908   0.11980097324509484   0.1165275594096644   0.1203438187956813   -0.005744483484069839   -0.12605068574801273   -0.08531386609740366   -0.058663844357029205   -0.028694775566528042   0.014907924518557828   0.014421624672399916   -0.0181849425341338   -0.07110661602633365   -0.051953120980817634   -0.04949304891617516   -0.1009294798950428   -0.06428277026695518   -0.010393996603815226   -0.02444616887585907   -0.03469803348591039   -0.02416182699060113   -0.02125292760772388   -0.035599886673876535   -0.09213176522577127   -0.05221696064064414   0.0449643683529807   0.054055765730310255   0.04155957673816259   0.0233176438941758   0.0025891833215614304   -0.0035146248854751993   0.009347773783046754   0.03950838023000294   0.039960008851750536   0.017295610360807272   0.020625608241715585   
T_sec   15.0   15.5   16.0   16.5   17.0   17.5   18.0   18.5   19.0   19.5   20.0   20.5   21.0   21.5   22.0   22.5   23.0   23.5   24.0   24.5   25.0   25.5   26.0   26.5   27.0   27.5   28.0   28.5   29.0   29.5   30.0   30.5   31.0   31.5   32.0   32.5   33.0   33.5   34.0   34.5   35.0   35.5   36.0   36.5   37.0   37.5   38.0   38.5   39.0   39.5   40.0   40.5   41.0   41.5   42.0   42.5   43.0   43.5   44.0   44.5   45.0   45.5   46.0   46.5   47.0   47.5   48.0   48.5   49.0   49.5   50.0   50.5   51.0   51.5   52.0   52.5   53.0   53.5   54.0   54.5   55.0   
U31   -0.0007969492478111551   0.0011103849584608748   -0.0008358389898655541   0.0012113926934106387   -0.0008797614439925818   0.0013245102194879672   -0.0009275076579402267   0.0014559158237208662   -0.0009772913778623375   0.0016101034213274008   -0.001028804700592057   0.0017915827718497958   -0.0010834852150108784   0.002007390192545186   -0.0011401556575151071   0.002267695291569847   -0.001195838923388964   0.0025894232657022007   -0.0012478386365516612   0.0029895423305766927   -0.0012885614916759505   0.0035059349626762365   -0.0013040796653066347   0.004189920108223691   -0.001277399934502461   0.005112202833580384   -0.0011670761636547843   0.006427306038634489   -0.0008655527683815797   0.008435625072399748   -0.00012017565033447298   0.011792615931830466   0.0017833978365394616   0.018279171871188257   0.007447454673892333   0.03459908705700419   0.031842716347342696   0.11495041681016148   0.33209713093989923   1.0   0.47965752611236134   0.050671816188054775   0.09388871054510607   0.04619690068400491   0.08431000472387704   0.0582311398754929   0.11673636522355171   0.04921975967562944   0.11277282455183381   0.007423588472837743   -0.14868262922624076   -0.08454612108710877   -0.037019626255412205   0.005669677372729034   0.020068478585098828   0.0009149220205459242   -0.050622861605769676   -0.057430242078365154   -0.0195557344707792   -0.09248668773583774   -0.058387246444211824   -0.005772484465937238   -0.010096487554761434   -0.03260070645697839   -0.007826985078218019   -0.02257492523747306   -0.024119780193522566   -0.06490859947269034   -0.09933801425499479   -0.007867203946836585   0.04894844780196979   0.05634967635132559   0.0326085337327795   0.015999216317942384   0.002170265892238999   0.006388711443438555   0.026935528378229236   0.02729433786513226   0.025421486534031465   0.020328247009577916   0.022741782196980167   
T_sec   15.0   15.5   16.0   16.5   17.0   17.5   18.0   18.5   19.0   19.5   20.0   20.5   21.0   21.5   22.0   22.5   23.0   23.5   24.0   24.5   25.0   25.5   26.0   26.5   27.0   27.5   28.0   28.5   29.0   29.5   30.0   30.5   31.0   31.5   32.0   32.5   33.0   33.5   34.0   34.5   35.0   35.5   36.0   36.5   37.0   37.5   38.0   38.5   39.0   39.5   40.0   40.5   41.0   41.5   42.0   42.5   43.0   43.5   44.0   44.5   45.0   45.5   46.0   46.5   47.0   47.5   48.0   48.5   49.0   49.5   50.0   50.5   51.0   51.5   52.0   52.5   53.0   53.5   54.0   54.5   55.0   
U32   0.002609904327236176   -0.0021438490441219953   0.0027877867460187025   -0.0022646931008626823   0.002987794047976725   -0.002396456858809431   0.00321564403331701   -0.002539277477703463   0.0034770545022463316   -0.0026947325425972705   0.0037805143529981897   -0.0028636039632271987   0.004140318086089511   -0.003048251234382077   0.004561963996535424   -0.003256877897546272   0.005062078672496295   -0.003491047772192463   0.00567501281625108   -0.0037452459453983585   0.006441317841707127   -0.004019280195103482   0.007427033807991449   -0.0043023402006549015   0.008736310347899146   -0.004577881223285749   0.010545537864980706   -0.00478353898572233   0.013201269171577587   -0.004754911540276489   0.01743425317252629   -0.003984829041296623   0.02511981573072466   -0.0005791658123130505   0.042559492789726164   0.015936080633853888   0.10718300480185622   0.19788359542955666   1.0   0.744890495804649   0.14402881515336072   0.14591381908699302   0.02587239114048693   0.06797227899938262   0.04510534054146794   0.11534448437895567   0.07017770718666766   0.07383563099048995   0.13093082875511866   -0.022575476488110018   -0.19411266985702394   -0.06262746027804757   -0.029840322002456985   0.024725026342484527   0.009681688204754763   -0.018802677060514937   -0.07053103985710757   -0.014002040232545664   -0.08838788020810516   -0.0689103065326722   -0.02103540326067395   -0.0024134513971969893   -0.029445162555748   -0.008295186762084671   -0.014079400310824167   -0.025147439901028325   -0.05409566924193736   -0.10069197957544976   -0.04793116604902655   -0.008852334343460656   0.04009455787599195   0.0672449814106374   0.027874687735260223   0.0253254325684632   0.0005715613835841176   0.03401595971402649   0.019189760204342397   0.023936424798153295   0.031112182208257722   0.0324014589728789   0.007544248340186075   
T_sec   15.0   15.5   16.0   16.5   17.0   17.5   18.0   18.5   19.0   19.5   20.0   20.5   21.0   21.5   22.0   22.5   23.0   23.5   24.0   24.5   25.0   25.5   26.0   26.5   27.0   27.5   28.0   28.5   29.0   29.5   30.0   30.5   31.0   31.5   32.0   32.5   33.0   33.5   34.0   34.5   35.0   35.5   36.0   36.5   37.0   37.5   38.0   38.5   39.0   39.5   40.0   40.5   41.0   41.5   42.0   42.5   43.0   43.5   44.0   44.5   45.0   45.5   46.0   46.5   47.0   47.5   48.0   48.5   49.0   49.5   50.0   50.5   51.0   51.5   52.0   52.5   53.0   53.5   54.0   54.5   55.0   
U33   -0.00035414004298348696   0.0012306510940782924   -0.00038161858833741656   0.0013297037690578487   -0.0004080396663835281   0.0014464019712081596   -0.0004328155302270326   0.001587017470947131   -0.00045384147190851917   0.0017566087083923719   -0.00047146466840964686   0.0019617075385087814   -0.0004837603063469539   0.0022123254272200577   -0.0004890762690542102   0.002522677546662104   -0.00048141467558774855   0.002915473573829901   -0.00045253087897925915   0.0034240533325840105   -0.0003853157115932323   0.004104329975421361   -0.0002530713898735531   0.005040274597788549   -1.3493963497832617e-06   0.006394838528261963   0.0004855713702349462   0.00848166261377502   0.0014852420493196236   0.012007762363789417   0.003748336924437131   0.018845393150036287   0.009894690919288046   0.0358423667443933   0.034130901594926225   0.11298908709914215   0.3004791149624199   1.0   0.7598645990715788   0.18356160855661366   0.19460371647133237   -0.007448945783132416   0.02470470833629339   0.038656328742912555   0.1076623789922437   0.07391955218171042   0.07799702517933305   0.07753031418397957   0.1172866470549711   -0.09418199034175578   -0.18189728624561435   -0.04141084083856919   -0.011335192025162668   0.017577036593242425   -0.017520395880142897   -0.04375483596799877   -0.02641637074941501   -0.0892993950724639   -0.06608887685561128   -0.0032626313231635556   -0.015317640259983927   -0.015075266474795861   -0.0034287671223885404   -0.003957017081571437   -0.02157762489769589   -0.06478382680219551   -0.09637257976987854   -0.03091849636591309   -0.017689228658230256   -0.0057797911829726226   0.011107610600633025   0.0470160963828401   0.039006521211902526   0.027587119342275892   0.03366021907163237   0.03250757871802839   0.007348011297539603   0.029187010260765568   0.04278122145389362   0.014314499907229996   -0.0005910105108640163   
T_sec   15.0   15.5   16.0   16.5   17.0   17.5   18.0   18.5   19.0   19.5   20.0   20.5   21.0   21.5   22.0   22.5   23.0   23.5   24.0   24.5   25.0   25.5   26.0   26.5   27.0   27.5   28.0   28.5   29.0   29.5   30.0   30.5   31.0   31.5   32.0   32.5   33.0   33.5   34.0   34.5   35.0   35.5   36.0   36.5   37.0   37.5   38.0   38.5   39.0   39.5   40.0   40.5   41.0   41.5   42.0   42.5   43.0   43.5   44.0   44.5   45.0   45.5   46.0   46.5   47.0   47.5   48.0   48.5   49.0   49.5   50.0   50.5   51.0   51.5   52.0   52.5   53.0   53.5   54.0   54.5   55.0   
U34   0.001630601034275907   -0.0006551231161652705   0.001739570634445859   -0.0006869725595276976   0.0018644937680116378   -0.0007174983533900836   0.0020112788030038167   -0.0007470289222629388   0.002183134332329525   -0.0007749336551869254   0.0023875876704972806   -0.0007986615737727044   0.0026338159095358445   -0.0008149115919862516   0.002937653851652466   -0.000819721181791908   0.003314936299054395   -0.0008067286954858584   0.0037952336264464926   -0.0007649207462717701   0.004427339996921171   -0.0006681946598101315   0.005288362553840878   -0.0004739469245719287   0.006522767246536697   -9.637303407239895e-05   0.008392646205131674   0.0006569414983083083   0.011493515519100881   0.0022815026469293225   0.01732070220549663   0.006340467464064248   0.030871550539575115   0.020007423470912063   0.07925174987282241   0.120563563472986   0.665067761246102   1.0   0.3941739783046515   0.23483056230541677   0.08805796003663216   -0.02307728671834704   0.02432455257505782   0.06949417530868549   0.09773918184127627   0.07072529710249385   0.07545004346965777   0.08767551785064541   0.09131310834556165   -0.12102933922107904   -0.1493302404800178   -0.03613855924427481   -0.00764753102479195   0.013359020413317756   -0.03531299288753242   -0.013894274759913462   -0.05551403794372187   -0.09153132771771949   -0.02115521513415529   -0.002174100889728835   -0.017743583658871968   -0.003799913029008226   0.0016194873146099203   -0.009437701418037995   -0.03221303637830717   -0.09546894807228948   -0.06371719793550208   -0.0160700098004698   -0.016774953927653064   0.0012918140731884601   -0.012020057282387355   0.04404949374795084   0.04001687946772926   0.044761634336658425   0.03993786700290785   0.026615377151283252   0.008986981961939493   0.04010508924425327   0.0324521619951652   0.012261677890784783   -0.00019762600446386643   
T_sec   15.0   15.5   16.0   16.5   17.0   17.5   18.0   18.5   19.0   19.5   20.0   20.5   21.0   21.5   22.0   22.5   23.0   23.5   24.0   24.5   25.0   25.5   26.0   26.5   27.0   27.5   28.0   28.5   29.0   29.5   30.0   30.5   31.0   31.5   32.0   32.5   33.0   33.5   34.0   34.5   35.0   35.5   36.0   36.5   37.0   37.5   38.0   38.5   39.0   39.5   40.0   40.5   41.0   41.5   42.0   42.5   43.0   43.5   44.0   44.5   45.0   45.5   46.0   46.5   47.0   47.5   48.0   48.5   49.0   49.5   50.0   50.5   51.0   51.5   52.0   52.5   53.0   53.5   54.0   54.5   55.0   
U35   0.0007203374927101968   0.0007017338361931278   0.0007725178150847242   0.0007580233241007927   0.0008360401798928832   0.0008257335671465507   0.0009113591272469345   0.0009062852100433449   0.0010019099672670295   0.0010064490241244632   0.0011164401874479643   0.001134611967356735   0.0012622201802285815   0.001298996162563302   0.0014492416042174235   0.0015137402886928704   0.0016963125208767139   0.0018028202124326215   0.0020304659346257964   0.002200435125417173   0.002495646939948782   0.0027669504306833724   0.0031692217161446708   0.00361558737727466   0.00420298316946041   0.004968276971261554   0.005908663791448253   0.007317213486777367   0.009031867632396115   0.011957981927992087   0.015791148089095597   0.02332045331033789   0.035678557067169665   0.06670985143613709   0.16986481090048805   0.6115010043211971   1.0   0.6877712998641543   0.3080747236033315   0.14987145683662392   -0.008979349816130003   -0.012378526044508913   0.06368217486743276   0.0971247526202812   0.09410618198177087   0.08493574336863692   0.0840301964528539   0.08459943365812471   0.035930897628867   -0.11017117630050616   -0.14345964125088906   -0.04691349110235133   -0.007945851222034435   -0.013587094831846247   -0.01590105446248235   -0.039803432975799816   -0.08604429493201586   -0.04912901156731327   -0.0003097110896186642   -0.005875814352173306   -0.004456679695748186   0.005958862131891534   -0.001673100880597981   -0.028824174356634827   -0.08153667815749568   -0.08662204049867368   -0.03183555063382269   -0.01064797359340965   -0.00016324774515746502   -0.008988390616208514   -0.02859580093714484   0.0166902675506659   0.06568922153141277   0.06975904255415163   0.046894747247341516   0.02779446220539372   0.02935231697571779   0.03596231965286127   0.027349825719212854   0.013163761059278323   0.0015703952779241614   
T_sec   15.0   15.5   16.0   16.5   17.0   17.5   18.0   18.5   19.0   19.5   20.0   20.5   21.0   21.5   22.0   22.5   23.0   23.5   24.0   24.5   25.0   25.5   26.0   26.5   27.0   27.5   28.0   28.5   29.0   29.5   30.0   30.5   31.0   31.5   32.0   32.5   33.0   33.5   34.0   34.5   35.0   35.5   36.0   36.5   37.0   37.5   38.0   38.5   39.0   39.5   40.0   40.5   41.0   41.5   42.0   42.5   43.0   43.5   44.0   44.5   45.0   45.5   46.0   46.5   47.0   47.5   48.0   48.5   49.0   49.5   50.0   50.5   51.0   51.5   52.0   52.5   53.0   53.5   54.0   54.5   55.0   
U36   0.0013003324217617659   0.0005114264048264748   0.0013873797610660004   0.0005534965725478411   0.0014915255771659806   0.0006094564402568048   0.0016195609248534815   0.0006855921482694179   0.0017788657182852842   0.0007876963226012467   0.0019768030826403157   0.0009237653033571788   0.002226523380310449   0.0011046497712052404   0.00254435092739999   0.0013537894764234185   0.0029635232154825563   0.001707196449921802   0.003537224542118034   0.002224188161065606   0.004349588414891318   0.0030156610545208564   0.005560627040256831   0.004292170569890854   0.0074865114392140735   0.006518545155970991   0.010859868568329616   0.010898550593762532   0.017741336351608086   0.02137041455507298   0.036113771605604084   0.05845717713494048   0.13359323113319393   0.4605396600053159   1.0   0.9866689085990964   0.5599836304914584   0.22802898216440098   0.04524748055617422   -0.04068365462878139   0.0003679878588584865   0.08787219352333436   0.08784195193045184   0.09867760620814686   0.09090756519507238   0.07246518022125925   0.045351195717127854   0.04886490853579103   0.007847293785175341   -0.13463653291787522   -0.14990378741990845   -0.062036151925451734   -0.02881054694815972   -0.00913250636985869   -0.05855008539925273   -0.07015981984253249   -0.02909523852340926   0.0008249140980979784   0.006451647427381637   0.016073805265207904   0.011409506439771936   0.002059959410478714   -0.051141376665563884   -0.09211208403266269   -0.06538808247930102   -0.019131871746499118   0.010040871404083418   0.014861360009268059   -0.002423215349513968   -0.026142390638178897   -0.04909420576142675   -0.00876124552783321   0.06911977185360894   0.08219986844381756   0.053367048390529484   0.04209111240501499   0.02418153957478496   0.02425896595205519   0.020225878908094495   0.007024436403199466   -0.0032349610715143914   
T_sec   15.0   15.5   16.0   16.5   17.0   17.5   18.0   18.5   19.0   19.5   20.0   20.5   21.0   21.5   22.0   22.5   23.0   23.5   24.0   24.5   25.0   25.5   26.0   26.5   27.0   27.5   28.0   28.5   29.0   29.5   30.0   30.5   31.0   31.5   32.0   32.5   33.0   33.5   34.0   34.5   35.0   35.5   36.0   36.5   37.0   37.5   38.0   38.5   39.0   39.5   40.0   40.5   41.0   41.5   42.0   42.5   43.0   43.5   44.0   44.5   45.0   45.5   46.0   46.5   47.0   47.5   48.0   48.5   49.0   49.5   50.0   50.5   51.0   51.5   52.0   52.5   53.0   53.5   54.0   54.5   55.0   
U37   0.0022508056365553907   -0.0003646060406504215   0.0024199869984186263   -0.00039062779395862774   0.0026209881288777274   -0.0004137386946859914   0.002859105432742947   -0.00043358064597355333   0.0031447700498075434   -0.00044542966993629823   0.003497393969187633   -0.0004406611695552617   0.0039413688276849655   -0.00041127089700094193   0.0045075904526410875   -0.00034300608370467435   0.0052543690637880825   -0.00020810371636657187   0.006264319100216283   4.1523828179011164e-05   0.00769496404636691   0.0005122799264950173   0.009856095806046496   0.0014426910843315303   0.013391536580927569   0.0034174301557403936   0.019911625738763237   0.008258838384567998   0.03465425008636983   0.024086211393822596   0.085118202344367   0.13469652222522516   0.6531819443086355   1.0   0.8179274405561123   0.43143994938827523   0.0773567330455547   0.057774887171099104   -0.04773725897090926   0.02792975746199028   0.06230526200204968   0.0763914093789617   0.08458215619374017   0.09679582699433216   0.05304078231703539   0.034955437719428654   0.025134335691083764   0.05563323865099624   -0.010616424988965803   -0.1735486013498445   -0.1416679819670451   -0.04253044166894177   -0.01585593431705665   -0.036471914081059376   -0.04052564937018871   -0.0090558844127987   0.003455629299983722   0.016350751406636457   0.025161547580262036   0.017862296296016888   -0.002081419095066686   -0.05798563663046455   -0.07042033504064295   -0.04425088133564658   -0.008280173629775714   0.014096261940420629   0.016577026956255254   -0.0008129900006317892   -0.015093606287459366   -0.016897649689622592   -0.03059643833052034   -0.03939608362619541   0.04135690788046443   0.09278996333458597   0.06281715858659602   0.03513642980361028   0.021600665833746677   0.030539635437794855   0.014689935716892623   0.005370306403021692   -0.003057903838931818   
T_sec   15.0   15.5   16.0   16.5   17.0   17.5   18.0   18.5   19.0   19.5   20.0   20.5   21.0   21.5   22.0   22.5   23.0   23.5   24.0   24.5   25.0   25.5   26.0   26.5   27.0   27.5   28.0   28.5   29.0   29.5   30.0   30.5   31.0   31.5   32.0   32.5   33.0   33.5   34.0   34.5   35.0   35.5   36.0   36.5   37.0   37.5   38.0   38.5   39.0   39.5   40.0   40.5   41.0   41.5   42.0   42.5   43.0   43.5   44.0   44.5   45.0   45.5   46.0   46.5   47.0   47.5   48.0   48.5   49.0   49.5   50.0   50.5   51.0   51.5   52.0   52.5   53.0   53.5   54.0   54.5   55.0   
U38   0.0023213756553912583   -0.00033347077403507436   0.00249253467284354   -0.00035467653434257437   0.0026944134099002523   -0.00036863268431169317   0.002937988455256842   -0.0003722602459517945   0.003233044361769856   -0.00036154924322717735   0.0035955741276356905   -0.0003303417201565694   0.004045519257785465   -0.00026736472148204286   0.004621483713644576   -0.00015063033827941946   0.005385004926962227   6.309364333432836e-05   0.0064268492577492335   0.00044552058089097424   0.007920726653507229   0.0011371478878330731   0.010196230539832608   0.002464921133002709   0.013983162786650903   0.005284169086885638   0.021207978807149492   0.012388453547698564   0.03869347414244246   0.037754092291144944   0.1137274226082854   0.28005374934479577   0.8838524694510526   1.0   0.7039718126961582   0.26227550393686827   0.01634267077129455   0.05327519507430069   -0.044676375385949166   0.04564088752298489   0.06667897584058834   0.07629656925497474   0.09132949323247228   0.0921388307592576   0.042224801870614885   0.026752506079970543   0.030734598574912675   0.04581074723194117   -0.011675576422849672   -0.19041212593598744   -0.1515970344599782   -0.03232591289836807   -0.02462348376298487   -0.028706118533852798   -0.030471705400520206   0.00446639634569126   0.00880236944400505   0.021003071489577602   0.026341477678810694   0.017253554848235996   -0.02165819457679761   -0.06903985640991764   -0.060414898486298205   -0.030120495909329418   0.006947858091181209   0.0148113831957171   0.013602662760074118   -0.004554946273395528   -0.015740653392942505   -0.009697111167965226   -0.027854218799378324   -0.04540686176569671   0.01982850248791795   0.10496090795946177   0.06522821902164344   0.03666125081390579   0.021916996413325274   0.033043374953134544   0.016026823264228784   0.002750426919915566   -0.003751101887755582   
T_sec   15.0   15.5   16.0   16.5   17.0   17.5   18.0   18.5   19.0   19.5   20.0   20.5   21.0   21.5   22.0   22.5   23.0   23.5   24.0   24.5   25.0   25.5   26.0   26.5   27.0   27.5   28.0   28.5   29.0   29.5   30.0   30.5   31.0   31.5   32.0   32.5   33.0   33.5   34.0   34.5   35.0   35.5   36.0   36.5   37.0   37.5   38.0   38.5   39.0   39.5   40.0   40.5   41.0   41.5   42.0   42.5   43.0   43.5   44.0   44.5   45.0   45.5   46.0   46.5   47.0   47.5   48.0   48.5   49.0   49.5   50.0   50.5   51.0   51.5   52.0   52.5   53.0   53.5   54.0   54.5   55.0   
U39   0.00127258417716562   0.0007317342663085585   0.0013758380577291016   0.0008008620920425116   0.0015102017122143386   0.0008953822440686782   0.0016777389111262706   0.0010145581091339786   0.0018858722728364204   0.0011687926651410764   0.002151828896388429   0.0013742985262153507   0.0025014392280703654   0.0016563322532938873   0.0029731999758553554   0.0020525605166850543   0.003630294961336331   0.0026310054214757797   0.0045875085409602685   0.0035176386784818475   0.00606178862999452   0.004967137823485569   0.008523696044557846   0.007573871056792082   0.01312037610678619   0.012949850292502273   0.02341277735498333   0.02707455175182182   0.05635263416776249   0.09295898880653253   0.3496117492599872   0.8671178006386409   1.0   0.730844805353988   0.2648597146423346   0.05203777461607547   0.04737345845405677   0.000692738034364345   0.007984698262358373   0.052830775200847474   0.05964357915448579   0.08560887040342824   0.08896249655843852   0.04985928856331034   0.016479386861174658   0.02287241730382971   0.02997140149495712   0.026581184541307156   -0.09049845660016366   -0.18856709445265965   -0.12512923269207668   -0.055275830257568354   -0.025264414561196488   -0.016967747932577184   0.003661580308400063   0.013039826887755342   0.013549650967333179   0.024187004582380957   0.03066894071592938   -0.01636328193306466   -0.06110587567365936   -0.056754376740195435   -0.027528898151964066   0.009215370242326729   0.012417374443542933   0.010608458911507766   0.004620306558424238   -0.009211470541617328   -0.0001721372854684142   -0.0041920761500537675   -0.02770952467068861   -0.0474636874863572   0.007931002534572299   0.07365309998613202   0.058292214068808204   0.027870333904753797   0.02338299002769971   0.024715815028341852   0.001038519415219027   -0.010355748127641258   -0.006997680154816559   
T_sec   15.0   15.5   16.0   16.5   17.0   17.5   18.0   18.5   19.0   19.5   20.0   20.5   21.0   21.5   22.0   22.5   23.0   23.5   24.0   24.5   25.0   25.5   26.0   26.5   27.0   27.5   28.0   28.5   29.0   29.5   30.0   30.5   31.0   31.5   32.0   32.5   33.0   33.5   34.0   34.5   35.0   35.5   36.0   36.5   37.0   37.5   38.0   38.5   39.0   39.5   40.0   40.5   41.0   41.5   42.0   42.5   43.0   43.5   44.0   44.5   45.0   45.5   46.0   46.5   47.0   47.5   48.0   48.5   49.0   49.5   50.0   50.5   51.0   51.5   52.0   52.5   53.0   53.5   54.0   54.5   55.0   
U40   0.0017259559582490174   0.000270738677458112   0.0018804544981908065   0.0003028125678816946   0.002067568057099545   0.0003494160157425557   0.002296249718927478   0.00041646245034649814   0.0025823319866674914   0.0005174926941186186   0.0029533716519461162   0.0006740422887065178   0.003439060763073883   0.0008950635638946934   0.004075608280588875   0.001221738228185097   0.004953295688795321   0.001733605948976462   0.006226751893177269   0.0025842261818056636   0.008205900979736678   0.004135114183211986   0.011584872234596075   0.007253594463687298   0.018149167925142342   0.01471813312704091   0.034294709178888126   0.04014673383027975   0.10408328146803981   0.26876331910343754   0.837987005404926   1.0   0.6874848868475186   0.251552953745974   0.007804176367918607   0.07785675040361682   0.03186413622678622   -0.013510762669907314   0.03007074663049989   0.0561561827188758   0.06026359966438601   0.10244503504158689   0.05634446032779142   0.017067966673253412   0.013040235830258696   0.03558229481621797   0.022881083589062955   -0.014132166874560514   -0.10975584225274722   -0.18633967204820379   -0.11423215629089702   -0.03346046506054737   0.004340753704065919   0.019186545174848496   0.026205586507607796   0.01589847357924659   0.01596081783174057   0.03292529707933294   0.0004200009758823716   -0.05986986587648734   -0.048625361254261736   -0.021258646691438596   0.01497325130491591   0.019663847324635768   0.0007347802208570351   0.005330109348838482   0.0016203551752478028   0.0014739402429542687   0.00986442954002705   -0.008461189378018827   -0.03295049556415413   -0.04553668422755936   -0.0242075102998744   0.06813940614658742   0.06264462263523844   0.02838290170291501   0.026181607770455063   0.02407767564951823   0.00022151571178234637   -0.005325906999577479   -0.006077871733132567   
T_sec   15.0   15.5   16.0   16.5   17.0   17.5   18.0   18.5   19.0   19.5   20.0   20.5   21.0   21.5   22.0   22.5   23.0   23.5   24.0   24.5   25.0   25.5   26.0   26.5   27.0   27.5   28.0   28.5   29.0   29.5   30.0   30.5   31.0   31.5   32.0   32.5   33.0   33.5   34.0   34.5   35.0   35.5   36.0   36.5   37.0   37.5   38.0   38.5   39.0   39.5   40.0   40.5   41.0   41.5   42.0   42.5   43.0   43.5   44.0   44.5   45.0   45.5   46.0   46.5   47.0   47.5   48.0   48.5   49.0   49.5   50.0   50.5   51.0   51.5   52.0   52.5   53.0   53.5   54.0   54.5   55.0   
U41   2.9059306617032793e-05   0.0020137046368430877   5.567350752270622e-05   0.0022019111597081213   8.86573536868954e-05   0.0024255713033276127   0.00013527066445491004   0.0026971721897316946   0.0002008871098279058   0.003037368366055432   0.000312464909566983   0.0034939003259814648   0.0004968971531305235   0.004104450483417432   0.0007803049188189992   0.004943193281213421   0.00122909821314567   0.006144811282847512   0.0019742834448740454   0.007989915263902792   0.0033005764950389395   0.011069466707371366   0.005914370578196091   0.016915183540238694   0.012002320276995009   0.030695290853049433   0.031324952835225614   0.08143392981662759   0.17113365519436047   0.7007229693535179   1.0   0.7110276218140047   0.3001904348220338   0.04076510633048845   0.061307457418522414   0.06978679267919903   -0.003154729829555637   -0.003577584831143876   0.04621533818742693   0.04475748757165312   0.09129431707431875   0.07809318853457395   0.023007089912331004   0.011372296320681636   0.029389807218036846   0.0349411473305321   -0.007122398936931741   -0.04245431670096176   -0.10717631487105651   -0.18554489287500422   -0.09143985799687028   -0.008820442387040177   0.038199144511684546   0.03551322127615782   0.025738699292603424   0.01249771944909916   0.02860281852642776   0.013636765553904771   -0.04352527296606106   -0.04995183922702421   -0.020260177449286612   0.012741476021260427   0.025694030773265264   0.004293015333362583   0.0011090589378132266   0.0023796093365651013   0.009602839243186913   0.010417754581078829   0.007124363614177794   -0.017740523278009214   -0.02729729391321129   -0.04658862822956589   -0.040192308436571116   0.04860028470745295   0.061551744430777974   0.034080085981381424   0.03482806342242271   0.024288164196934157   0.007222886600333242   -0.00506150259335055   -0.0059919058940090435   
T_sec   15.0   15.5   16.0   16.5   17.0   17.5   18.0   18.5   19.0   19.5   20.0   20.5   21.0   21.5   22.0   22.5   23.0   23.5   24.0   24.5   25.0   25.5   26.0   26.5   27.0   27.5   28.0   28.5   29.0   29.5   30.0   30.5   31.0   31.5   32.0   32.5   33.0   33.5   34.0   34.5   35.0   35.5   36.0   36.5   37.0   37.5   38.0   38.5   39.0   39.5   40.0   40.5   41.0   41.5   42.0   42.5   43.0   43.5   44.0   44.5   45.0   45.5   46.0   46.5   47.0   47.5   48.0   48.5   49.0   49.5   50.0   50.5   51.0   51.5   52.0   52.5   53.0   53.5   54.0   54.5   55.0   
U42   0.0009001084111439171   0.0009989389360969224   0.0010125028183108281   0.001131264637892147   0.0011572302043968028   0.0013037162359408787   0.0013415301854722815   0.0015242227489543738   0.001579709420932474   0.0018155913919875313   0.001896924876436037   0.0022128313601991524   0.0023335292838645   0.002776090578722267   0.0029637868634869364   0.003619495857082576   0.00392319857171996   0.004955442776908966   0.005478157554440488   0.007246743274250481   0.008264508666793343   0.011706442035968899   0.014060217938810083   0.022267332811694796   0.029872683670328484   0.059208309654447164   0.11259983202861826   0.445404613137847   1.0   0.8304823101269891   0.34755093851274854   0.1575490697745983   0.0496718513880132   0.06384841558447672   0.06289067941238442   -0.006089871713207608   -0.022459084611504164   0.031673857508245494   0.04866478719602142   0.07738077363005902   0.05199253704984787   0.013235731936281884   0.012682160098153095   0.02914027590622621   0.009542202507025789   -0.03675300160630401   -0.061831686332912326   -0.049286988131817186   -0.14653990232219777   -0.15349209390112403   -0.023005026950185508   0.048273136144298075   0.04952001969759839   0.028665499374760164   0.020420054030901365   0.02765091277786867   -0.014684457002287111   -0.05168302295077741   -0.021331559411684325   0.0038575789171980996   0.020853588045063414   0.01731673301554263   0.0020665083270491923   -0.0013636951787099935   0.005102428377372315   0.0207721664913893   0.0172246510756933   -0.005505159791227792   -0.010268606313918635   -0.01642699916657858   -0.03414598769149782   -0.05354715826525077   -0.061179666968554695   0.012210681042345918   0.05672261782217308   0.03148211779975424   0.03007524338275314   0.014996203923963208   -0.014777156956637498   -0.03796902724767949   -0.0362006960254757   
T_sec   15.0   15.5   16.0   16.5   17.0   17.5   18.0   18.5   19.0   19.5   20.0   20.5   21.0   21.5   22.0   22.5   23.0   23.5   24.0   24.5   25.0   25.5   26.0   26.5   27.0   27.5   28.0   28.5   29.0   29.5   30.0   30.5   31.0   31.5   32.0   32.5   33.0   33.5   34.0   34.5   35.0   35.5   36.0   36.5   37.0   37.5   38.0   38.5   39.0   39.5   40.0   40.5   41.0   41.5   42.0   42.5   43.0   43.5   44.0   44.5   45.0   45.5   46.0   46.5   47.0   47.5   48.0   48.5   49.0   49.5   50.0   50.5   51.0   51.5   52.0   52.5   53.0   53.5   54.0   54.5   55.0   
U43   0.00106153453623844   0.001009635456779902   0.0012329247386993892   0.0011938360480609582   0.0014519009344455094   0.0014325569340869707   0.0017373414271632047   0.0017508412931878643   0.002121917571059093   0.0021909051210170353   0.002659979561621168   0.002824424141935261   0.0034485685352571333   0.00378365458102365   0.004671863290345817   0.005334311485010886   0.006721240181600302   0.008071330548352905   0.010566986614642017   0.013636781451027088   0.01926194433108031   0.028052813805063102   0.04740830805807669   0.09325989267098264   0.29569144992365104   0.8202575175057164   1.0   0.48340151580515955   0.2115577970068263   0.17614927567314353   0.06699019211644913   0.05392984462250896   0.06521591639341612   0.010486095141818426   -0.04052732948708176   0.01323704137267698   0.05459519901637953   0.04752432694669342   0.049053350106971656   0.045562509184140024   0.027409746391216794   0.017079673678766696   -0.007524764353222838   -0.04006217478366023   -0.04389047005317778   -0.0660747441551024   -0.09348893245748935   -0.062386132425144805   -0.05755734635038563   -0.04434225911371677   0.034906139184200866   0.07685413074991196   0.0512659231341029   0.009309308753212318   -0.03452254084343724   -0.03544727172068397   0.007405079391282733   0.025779599311676202   0.024233233142229308   0.016446328183722495   0.008080198806055889   0.008579448869372515   0.01877157409918184   0.020152116899926957   0.0020252193597713702   -0.006726779999123648   -0.005960607391643781   -0.010959244487182166   -0.021302101762310767   -0.031405070291948924   -0.04089530251730056   -0.04905019247882867   -0.04430832818037078   -0.0007678264511329633   0.053906314865176844   0.056265634589469385   0.023749796681790992   -0.004463871617673759   -0.007742774391379419   0.00244487460520688   0.00274001338240481   
T_sec   15.0   15.5   16.0   16.5   17.0   17.5   18.0   18.5   19.0   19.5   20.0   20.5   21.0   21.5   22.0   22.5   23.0   23.5   24.0   24.5   25.0   25.5   26.0   26.5   27.0   27.5   28.0   28.5   29.0   29.5   30.0   30.5   31.0   31.5   32.0   32.5   33.0   33.5   34.0   34.5   35.0   35.5   36.0   36.5   37.0   37.5   38.0   38.5   39.0   39.5   40.0   40.5   41.0   41.5   42.0   42.5   43.0   43.5   44.0   44.5   45.0   45.5   46.0   46.5   47.0   47.5   48.0   48.5   49.0   49.5   50.0   50.5   51.0   51.5   52.0   52.5   53.0   53.5   54.0   54.5   55.0   
U44   0.0014223627162365043   0.00027160456438908603   0.0016281835200458517   0.0003818194701022128   0.00189372483211038   0.0005346649167755078   0.002241139147259543   0.0007473664727801257   0.0027077282495890976   0.0010531123980715288   0.0033593730060009048   0.0015115456654712545   0.004313718169407247   0.0022397867196209307   0.00580555658165029   0.003486310682216473   0.008357314100472864   0.005853478467628827   0.013304387740937307   0.011169829328258765   0.025203079463670865   0.02742089736326488   0.06932932864760154   0.13659030383248327   0.5902772108334348   1.0   0.409224278213641   0.1827159040492981   0.18287793196849336   0.0715718827317588   0.03108781003344377   0.059540138557784325   0.03752549752525391   -0.04153423816743198   -0.01718281275335088   0.04312433999966561   0.030379765329758113   0.02981624665260895   0.049174464641013084   0.03102060577522407   0.011331431860980274   0.0013002106615692848   -0.03681678109783151   -0.030968367227510604   -0.04130418243558253   -0.09394178135057485   -0.05549878702641244   -0.009209408895554393   -0.05691597551733645   -0.02730258373678297   0.04984436707042092   0.06265936925373447   0.032042808110650245   -0.022209110891721267   -0.038105795054707264   0.004820808864214237   0.015543532900766356   0.02235588419533716   0.01492869138444633   0.006751215209393962   0.003576790618478492   0.010534297076070691   0.018106792224370758   0.0033261241148636765   -0.00942249048226928   0.0002529605576528957   -0.005435967340117484   -0.01676352692047023   -0.02051032787031856   -0.024137492373955925   -0.03301375506993408   -0.034939850002663524   -0.03773731121531049   -0.0005775189275594736   0.04218412781580378   0.027784369691174853   -0.0001337644292141789   -0.017761843047166964   -0.003273963431539018   0.006406446432605603   -0.0004094535339156296   
sta_location:10.224929,10.611104,10.920886,11.46489,11.970286,12.31973,12.800243,13.10525,13.575499,13.894837,14.143772,14.746186,15.171263,15.423911,15.837851,16.208076,16.604109,17.114248,17.486032,18.220173,19.031988,19.243315,19.935616,20.271973,20.931608,21.394547,21.926945,22.317497,22.649956,22.96242,23.429052,23.855242,24.14646,24.604383,24.795444,25.123894,25.770329,26.291788,26.456755,26.830933,27.205534,27.497725,28.096323,29.022808,29.294538,
rebuild_index:0,1,2,3,4,5,6,7,8,9,10,11,12,13,14,15,16,17,18,19,20,21,22,23,24,25,26,27,28,29,30,31,32,33,34,35,36,37,38,39,40,41,42,43,44,
use_index:0,1,2,3,4,5,6,7,8,9,10,11,12,13,14,15,16,17,18,19,20,21,22,23,24,25,26,27,28,29,30,31,32,33,34,35,36,37,38,39,40,41,42,43,44,
rebuild_locdata:10.224929,10.611104,10.920886,11.46489,11.970286,12.31973,12.800243,13.10525,13.575499,13.894837,14.143772,14.746186,15.171263,15.423911,15.837851,16.208076,16.604109,17.114248,17.486032,18.220173,19.031988,19.243315,19.935616,20.271973,20.931608,21.394547,21.926945,22.317497,22.649956,22.96242,23.429052,23.855242,24.14646,24.604383,24.795444,25.123894,25.770329,26.291788,26.456755,26.830933,27.205534,27.497725,28.096323,29.022808,29.294538,
cut_start_time:15---cut_windows:40---reduction_v:10---move_time_window_all:0.0
move_time_window:0.0,0.0,0.0,0.0,0.0,0.0,0.0,0.0,0.0,0.0,0.0,0.0,0.0,0.0,0.0,0.0,0.0,0.0,0.0,0.0,0.0,0.0,0.0,0.0,0.0,0.0,0.0,0.0,0.0,0.0,0.0,0.0,0.0,0.0,0.0,0.0,0.0,0.0,0.0,0.0,0.0,0.0,0.0,0.0,0.0,
sta_noise_mean:0,0,0,0,0,0,0,0,0,0,0,0,0,0,0,0,0,0,0,0,0,0,0,0,0,0,0,0,0,0,0,0,0,0,0,0,0,0,0,0,0,0,0,0,0,
sta_noise_sigma:0,0,0,0,0,0,0,0,0,0,0,0,0,0,0,0,0,0,0,0,0,0,0,0,0,0,0,0,0,0,0,0,0,0,0,0,0,0,0,0,0,0,0,0,0,
add_noise_region_move_range:0,0,0,0,0,0,0,0,0,0,0,0,0,0,0,0,0,0,0,0,0,0,0,0,0,0,0,0,0,0,0,0,0,0,0,0,0,0,0,0,0,0,0,0,0,