T_sec   15.0   15.5   16.0   16.5   17.0   17.5   18.0   18.5   19.0   19.5   20.0   20.5   21.0   21.5   22.0   22.5   23.0   23.5   24.0   24.5   25.0   25.5   26.0   26.5   27.0   27.5   28.0   28.5   29.0   29.5   30.0   30.5   31.0   31.5   32.0   32.5   33.0   33.5   34.0   34.5   35.0   35.5   36.0   36.5   37.0   37.5   38.0   38.5   39.0   39.5   40.0   40.5   41.0   41.5   42.0   42.5   43.0   43.5   44.0   44.5   45.0   45.5   46.0   46.5   47.0   47.5   48.0   48.5   49.0   49.5   50.0   50.5   51.0   51.5   52.0   52.5   53.0   53.5   54.0   54.5   55.0   
U0   -0.0003192102320177251   -0.0003046241874720325   -0.00039323879066779845   -0.0003733016760150987   -0.00046621630450141566   -0.00044404073060597235   -0.0005513721748635335   -0.0005321438968045884   -0.0006599147606364014   -0.0006386622194274025   -0.0007623421172688814   -0.0007095923137766208   -0.0008269807415738897   -0.000748987842944825   -0.0008660610918322018   -0.0007619650930082227   -0.0008795773789602323   -0.0007434483014757094   -0.0008634296271967097   -0.0006893838052547037   -0.0008135178607803637   -0.0005947016309376891   -0.0007277689354962168   -0.00045841441362765576   -0.0006102133581025012   -0.0002805800441604693   -0.000461809548078296   -5.5164340565946255e-05   -0.00027229598785325165   0.000249297793333893   -6.8981415431955025e-06   0.0006805497860067965   0.0003682174745077311   0.0013004823631594432   0.0009073726445945622   0.0022451305908203073   0.0017771522034260175   0.003888514032137399   0.0034349761876033705   0.007246407185671623   0.007292720873566046   0.015845067204432   0.0197450949492262   0.0503640315186253   0.1168691624914432   0.6089932337231856   1.0   0.5074701013707238   0.13636228378613685   0.11883588296601058   0.04134313608641337   -0.041688061916940126   -0.08235144992388675   -0.10805431122533314   -0.15341645275085547   -0.1546958072011757   -0.09593089880761353   -0.03093031042065005   0.025043121436363353   0.07992211481094039   0.08961552800182797   0.01413030790932873   -0.12482911124663879   -0.1671757823227927   -0.14752877414055512   -0.11828162101923284   -0.04844163243106565   -0.010230059241690004   -0.015934043584583477   -0.024160527455636058   -0.018037796722893476   -0.020192382581128675   -0.03595983729495209   -0.07849806507015603   -0.07870414992291423   -0.029322758389885392   -0.012807095932514405   -0.014896978752697592   -0.013256243287134536   -0.0035981591611096188   0.001656874044482761   
T_sec   15.0   15.5   16.0   16.5   17.0   17.5   18.0   18.5   19.0   19.5   20.0   20.5   21.0   21.5   22.0   22.5   23.0   23.5   24.0   24.5   25.0   25.5   26.0   26.5   27.0   27.5   28.0   28.5   29.0   29.5   30.0   30.5   31.0   31.5   32.0   32.5   33.0   33.5   34.0   34.5   35.0   35.5   36.0   36.5   37.0   37.5   38.0   38.5   39.0   39.5   40.0   40.5   41.0   41.5   42.0   42.5   43.0   43.5   44.0   44.5   45.0   45.5   46.0   46.5   47.0   47.5   48.0   48.5   49.0   49.5   50.0   50.5   51.0   51.5   52.0   52.5   53.0   53.5   54.0   54.5   55.0   
U1   0.0013737380262576061   -0.0015798056259829218   0.0013594730018907084   -0.0017390594911161478   0.0013754766003569966   -0.0018746837938506244   0.001425068351873689   -0.0019962156161449558   0.0015041024258961166   -0.002108009154739101   0.0016121644781849358   -0.0022094440873496623   0.0017556828148280576   -0.0023034232118032795   0.0019342430915861393   -0.0023893262058165554   0.002153030581829062   -0.002474824408195431   0.002407693476968103   -0.002568834578615114   0.0027009285967858464   -0.0026726045260961045   0.003048701329328809   -0.002780333431287598   0.003468430849708061   -0.0028984519884287397   0.0039653072075959556   -0.003048735957521795   0.004553849168428161   -0.003238660251933596   0.0052732492791667755   -0.003462855113611328   0.00620935083004418   -0.0036906710095997654   0.007517870237176151   -0.003849190518228186   0.009483075709529274   -0.003775581129737129   0.012721375947663904   -0.002960954085524664   0.018873745489231007   0.0005714057816411654   0.033990861022853515   0.018777086859087737   0.10581948872309023   0.30226704808624005   1.0   0.7948813679903624   0.1496717605534478   0.16515064040066807   0.04066692824883357   -0.03566149162254226   -0.10848988958263402   -0.1002820824535474   -0.13786001230614264   -0.1451037048703612   -0.06772168222806202   0.02955001618569511   0.044922772562385097   0.10525833885692898   0.04605465475154629   -0.0734632276652017   -0.14499282897887708   -0.15835467843006387   -0.11365694135858881   -0.08816019097567823   -0.06440954453299189   -0.021211686441951313   -0.03923108575266033   -0.02305284775691112   -0.014202030907692701   -0.0006859307682114176   -0.025255600841536663   -0.04637833879961048   -0.0969175176744105   -0.03492644315083627   -0.022619757724445563   -0.015055923934517263   -0.013019947988454803   0.0043824989590647515   0.0037345151378333974   
T_sec   15.0   15.5   16.0   16.5   17.0   17.5   18.0   18.5   19.0   19.5   20.0   20.5   21.0   21.5   22.0   22.5   23.0   23.5   24.0   24.5   25.0   25.5   26.0   26.5   27.0   27.5   28.0   28.5   29.0   29.5   30.0   30.5   31.0   31.5   32.0   32.5   33.0   33.5   34.0   34.5   35.0   35.5   36.0   36.5   37.0   37.5   38.0   38.5   39.0   39.5   40.0   40.5   41.0   41.5   42.0   42.5   43.0   43.5   44.0   44.5   45.0   45.5   46.0   46.5   47.0   47.5   48.0   48.5   49.0   49.5   50.0   50.5   51.0   51.5   52.0   52.5   53.0   53.5   54.0   54.5   55.0   
U2   0.00018651264394017625   7.912340143684092e-05   0.00016780533269091598   6.545470446796809e-05   0.00016601356725036402   6.910566247191977e-05   0.00018165802960231595   8.916930302148801e-05   0.00021451064940631004   0.00012753037173316416   0.00026671652011999174   0.00018193565583391928   0.00033056565922327195   0.00024499449882954137   0.00040481103175919037   0.00031997353782226283   0.0004950913759279246   0.0004134289831971266   0.0006063984686646006   0.0005266098872453735   0.0007336497674510147   0.0006448109714856805   0.0008615653055885559   0.0007631651913976989   0.000993596691194317   0.0008848621147300404   0.0011358152952842303   0.0010247176797446647   0.0013166344508092878   0.0012222041807737774   0.0015786597509269541   0.0015138268676048823   0.0019642053681609224   0.001962129647775817   0.0025663094840403496   0.002700085184961121   0.0035727920844027955   0.004008035684442308   0.005409280124292353   0.006615661701168606   0.009272536686290753   0.012908995043025132   0.01960886926328332   0.03478563106398713   0.06715543796549249   0.25636624063073327   0.8684549953025856   1.0   0.3546748822430195   0.1631848015794785   0.07320394844708104   -0.05247470934952362   -0.11375444965738471   -0.12112541834496048   -0.1271899507590184   -0.12667833795155714   -0.03414678677644504   0.05769097431187755   0.09017290323413048   0.07778277824220847   -0.03633887450341651   -0.12200853481257534   -0.1288847002896315   -0.1347500106696169   -0.09992165744574003   -0.09382872344900697   -0.09458244300612027   -0.054062424791360114   -0.03641380156188588   -0.020863315724351753   -0.005715245838681665   0.0011228643334026218   -0.009812049254249841   -0.03917849495172994   -0.08968790891962271   -0.06888281278681276   -0.028723529679287988   -0.01942060923556156   -0.006344479173725166   0.0031090647867188324   0.015535760545373187   
T_sec   15.0   15.5   16.0   16.5   17.0   17.5   18.0   18.5   19.0   19.5   20.0   20.5   21.0   21.5   22.0   22.5   23.0   23.5   24.0   24.5   25.0   25.5   26.0   26.5   27.0   27.5   28.0   28.5   29.0   29.5   30.0   30.5   31.0   31.5   32.0   32.5   33.0   33.5   34.0   34.5   35.0   35.5   36.0   36.5   37.0   37.5   38.0   38.5   39.0   39.5   40.0   40.5   41.0   41.5   42.0   42.5   43.0   43.5   44.0   44.5   45.0   45.5   46.0   46.5   47.0   47.5   48.0   48.5   49.0   49.5   50.0   50.5   51.0   51.5   52.0   52.5   53.0   53.5   54.0   54.5   55.0   
U3   -0.00011873948101926094   0.0016915924878537073   -0.0001255774316100067   0.001780999410026213   -0.00013128760032009567   0.0018804856002948695   -0.0001315099966227409   0.0019985268171824155   -0.00012313986583353676   0.002133431825793793   -0.00011619541165740689   0.002273334094740572   -0.00012334166210058953   0.002411748466558604   -0.00014618212673649637   0.0025515084971643727   -0.0001896369909374209   0.0026926141865578792   -0.00024796802369988797   0.0028512043313326904   -0.00030980841966901044   0.003037492765463729   -0.0003759051053054643   0.003260276544967678   -0.0004424582849279695   0.003532229596505608   -0.0005065632834495358   0.0038676293563120008   -0.0005655406948799   0.004293388649800853   -0.0006057177711042427   0.004852075979097335   -0.0006061570983939735   0.005613134134259054   -0.0005189432742286024   0.006706426370287828   -0.00024253984425262582   0.008390964852415559   0.00048516236891988105   0.011269706316363415   0.0023957021599205655   0.01700476288237955   0.008212879296403424   0.03232680204767173   0.034131274077166915   0.12079278956713267   0.4237452651448751   1.0   0.6492966208934835   0.17645158080749326   0.09639351533301388   -0.07008544810682849   -0.10878599575947526   -0.13144511351740723   -0.07817871862173148   -0.04458019965218207   0.0345988658068834   0.10640696491407496   0.09257515509584717   -0.08162115973996267   -0.1258897323536871   -0.09976559401674089   -0.0549502936556094   -0.06876644674610495   -0.10234300881036888   -0.10946493159246656   -0.12072956707693909   -0.07107186049151432   -0.020859648594222707   -0.017160892934468132   -0.0012878974090200681   0.010127377937782223   0.007387032277593349   -0.02410460578959082   -0.06602710796520649   -0.10109123433451404   -0.03841928359522474   -0.021149289999453556   -0.0032271439452011257   0.007242109100310847   0.017055637262801876   
T_sec   15.0   15.5   16.0   16.5   17.0   17.5   18.0   18.5   19.0   19.5   20.0   20.5   21.0   21.5   22.0   22.5   23.0   23.5   24.0   24.5   25.0   25.5   26.0   26.5   27.0   27.5   28.0   28.5   29.0   29.5   30.0   30.5   31.0   31.5   32.0   32.5   33.0   33.5   34.0   34.5   35.0   35.5   36.0   36.5   37.0   37.5   38.0   38.5   39.0   39.5   40.0   40.5   41.0   41.5   42.0   42.5   43.0   43.5   44.0   44.5   45.0   45.5   46.0   46.5   47.0   47.5   48.0   48.5   49.0   49.5   50.0   50.5   51.0   51.5   52.0   52.5   53.0   53.5   54.0   54.5   55.0   
U4   0.0012854794772392594   0.0016253701613224117   0.0013346943453947059   0.0016829731675408663   0.0013768112184083165   0.0017355983047626952   0.0014117422480005902   0.0017808781876796978   0.0014368504415784493   0.0018192734549794638   0.0014594422409215408   0.0018608295945983474   0.0014840664968581237   0.001906753776871917   0.0015131110411546825   0.001961102593421617   0.0015478504459680053   0.0020231509098895535   0.0015893979709077877   0.0020962301835392746   0.0016394163133826186   0.0021830448087850765   0.001702380859953167   0.0022900657179195432   0.001785066980667084   0.002426105670470605   0.0018960189573270097   0.0026027543338162807   0.00204691240392686   0.002836600641621295   0.0022600547710573756   0.003159687804315322   0.002572703401974685   0.003622072676635697   0.0030471295653313373   0.004316293097720353   0.0038130619353390865   0.005435013098530204   0.005157645510544735   0.00742760377389002   0.007832630811614486   0.011551997852750124   0.014282718654889639   0.022456060954352326   0.03663744560366349   0.07198906634937212   0.25399567976345394   0.8358919573684802   1.0   0.3888344400658043   0.08601760156953277   -0.06764991110866549   -0.13139170262419456   -0.12489275653903126   -0.042210454165453055   0.060067775290792845   0.12304059266818927   0.11047373257087766   -0.06020496459166777   -0.17256996452739684   -0.11141161733157909   -0.05080944311239821   -0.03483085910455704   -0.07198327199467369   -0.12688414291799843   -0.13114472227654372   -0.11559580414655057   -0.0878252915339666   -0.029798052047331783   -0.010710530868268234   0.0067755339052822565   0.012282268561141193   0.007102910155845822   -0.02119756679139441   -0.05799853937937136   -0.10186202106548571   -0.07259010071424912   -0.028476964126460176   -0.0065473214045835655   0.007243492281955302   0.007126984573633377   
T_sec   15.0   15.5   16.0   16.5   17.0   17.5   18.0   18.5   19.0   19.5   20.0   20.5   21.0   21.5   22.0   22.5   23.0   23.5   24.0   24.5   25.0   25.5   26.0   26.5   27.0   27.5   28.0   28.5   29.0   29.5   30.0   30.5   31.0   31.5   32.0   32.5   33.0   33.5   34.0   34.5   35.0   35.5   36.0   36.5   37.0   37.5   38.0   38.5   39.0   39.5   40.0   40.5   41.0   41.5   42.0   42.5   43.0   43.5   44.0   44.5   45.0   45.5   46.0   46.5   47.0   47.5   48.0   48.5   49.0   49.5   50.0   50.5   51.0   51.5   52.0   52.5   53.0   53.5   54.0   54.5   55.0   
U5   0.001849852645644342   0.001196276936161469   0.001892297762088021   0.0012045632994796905   0.0019347646515704433   0.0012102741249536894   0.0019784553235963325   0.001215635383841439   0.002026443999459848   0.0012217819096835645   0.0020793417917545826   0.0012294422157777473   0.0021378391184477086   0.0012380756299528453   0.0022035718325642073   0.0012480010808052409   0.0022770328673154456   0.001262720253978436   0.0023643908809722037   0.0012831429749799441   0.002466572650266104   0.0013120456806139393   0.0025887423087190054   0.001352342424071147   0.002737856896268621   0.0014100797908494238   0.002922647700942333   0.0014928083533236219   0.0031563197263222106   0.001611533409230463   0.003458226418578639   0.001786029789410358   0.0038600974144322123   0.002051751308531139   0.004424008036677212   0.0024843001266339863   0.005269139167423595   0.0032386281020926784   0.0066446022226050155   0.00467669388476198   0.009156065338163943   0.007787830213065121   0.014619212583295035   0.016151110639112228   0.03105877555438219   0.05133647973210087   0.14810551951323944   0.5724336737684177   1.0   0.5523588901189024   0.08004570780779714   -0.06220057017808239   -0.12276383180204777   -0.09163916510249702   -0.0009752314763032602   0.12924952887726346   0.15585428643896987   0.012391015384015365   -0.14722515499363736   -0.1266308372895424   -0.07235373347266899   -0.03261249900007235   -0.04653928330883339   -0.06379438955811763   -0.10593166158923578   -0.11346244355968639   -0.09577778250974484   -0.08377144610623351   -0.038567373883117345   -0.004413101750860832   0.0079048966845352   0.01058042997947975   0.0012632723068301294   -0.016485635080456373   -0.040826157739406226   -0.07993531820187975   -0.09216782167096615   -0.036344679362654404   -0.0053692409376615464   0.008814491284031003   0.005109257377952871   
T_sec   15.0   15.5   16.0   16.5   17.0   17.5   18.0   18.5   19.0   19.5   20.0   20.5   21.0   21.5   22.0   22.5   23.0   23.5   24.0   24.5   25.0   25.5   26.0   26.5   27.0   27.5   28.0   28.5   29.0   29.5   30.0   30.5   31.0   31.5   32.0   32.5   33.0   33.5   34.0   34.5   35.0   35.5   36.0   36.5   37.0   37.5   38.0   38.5   39.0   39.5   40.0   40.5   41.0   41.5   42.0   42.5   43.0   43.5   44.0   44.5   45.0   45.5   46.0   46.5   47.0   47.5   48.0   48.5   49.0   49.5   50.0   50.5   51.0   51.5   52.0   52.5   53.0   53.5   54.0   54.5   55.0   
U6   0.0028087172830387657   0.000540472069171936   0.002889849866836019   0.0004989287645448144   0.0029782199079216864   0.00045233732802219917   0.003073825987612914   0.0004004143616488285   0.0031781234001230837   0.0003437550349923181   0.003294019187171827   0.0002828163653497895   0.0034258622072050374   0.0002158554045040338   0.003573646147084012   0.00014159365268916733   0.0037402777647918104   6.04442157569507e-05   0.003933012322086671   -2.9016651743267243e-05   0.0041547363607209765   -0.0001305153459755968   0.004412698403709405   -0.00024684125956743333   0.0047126987023333854   -0.0003798629948775867   0.005073610683515552   -0.000531238379151989   0.00551286170140371   -0.0007012258140881154   0.006066768142579703   -0.0008885815906358557   0.006781829197070491   -0.001088675072494844   0.007743820683811554   -0.001284224723345743   0.009101121609205233   -0.0014270427498388341   0.011144863168753768   -0.0013830319091051337   0.014508945298943069   -0.0007179052158658684   0.020867352980866668   0.0022381925952411575   0.036058079171313026   0.016992513549275737   0.09581040651104984   0.1875830256044386   1.0   0.8295633216233467   0.04273802153740887   -0.07363984445409447   -0.1370760378309467   -0.04299026977098036   0.04642062593928261   0.2683723115036733   0.13917113582659427   -0.20360855441124098   -0.14363848114657565   -0.048918889373677055   -0.06276197515087074   -0.05704899621780617   -0.05602082216588858   -0.04785483315429981   -0.07411506759736303   -0.10366012353300628   -0.07148096265244726   -0.0936158471708889   -0.057521019559844254   0.002252830950256102   0.008640297203665987   0.00017333133172548463   -0.010019607569028033   -0.013921839781554013   -0.026212270118535313   -0.06804473383771371   -0.11855100789111928   -0.03602649654701478   -0.007044301078141345   0.00896321664490732   0.0036318350260764703   
T_sec   15.0   15.5   16.0   16.5   17.0   17.5   18.0   18.5   19.0   19.5   20.0   20.5   21.0   21.5   22.0   22.5   23.0   23.5   24.0   24.5   25.0   25.5   26.0   26.5   27.0   27.5   28.0   28.5   29.0   29.5   30.0   30.5   31.0   31.5   32.0   32.5   33.0   33.5   34.0   34.5   35.0   35.5   36.0   36.5   37.0   37.5   38.0   38.5   39.0   39.5   40.0   40.5   41.0   41.5   42.0   42.5   43.0   43.5   44.0   44.5   45.0   45.5   46.0   46.5   47.0   47.5   48.0   48.5   49.0   49.5   50.0   50.5   51.0   51.5   52.0   52.5   53.0   53.5   54.0   54.5   55.0   
U7   0.0023080628977677686   0.0008799658096582364   0.0023600071651741434   0.0008643990794309382   0.002417610232699419   0.0008483721944514554   0.0024819793274341835   0.0008315567509051113   0.0025541535294323833   0.000812770884470709   0.002633039241010759   0.0007931406438013385   0.0027231335175683063   0.0007712518156318224   0.00282323372616314   0.0007473010528393282   0.0029377687751576125   0.0007192932697987275   0.00306542699635121   0.0006869046058311199   0.0032142860851539358   0.0006499429511951136   0.003386533236932312   0.0006083369137570837   0.0035914596835640933   0.0005635624934287639   0.0038417546628798423   0.0005164884675744345   0.00415129641624468   0.0004699877854550582   0.004549311195714376   0.00042997859534041485   0.005073389166308601   0.000407897657429521   0.005792241751936969   0.00042939447788352083   0.006831545717575281   0.0005534837414152867   0.008435800299327709   0.0009238966345750706   0.011145975236015866   0.001951125853947632   0.016404886856448576   0.00508427516864831   0.029198993241112123   0.017959145527024767   0.08021217742113593   0.14958663954632254   0.7129270385374936   1.0   0.14381075632826132   -0.09321372338533927   -0.11192904141133164   -0.008169921066259155   0.11177710597059491   0.2794951407917774   0.007165693353907224   -0.20203513012190033   -0.10059119176835751   -0.03705264715541419   -0.0705648286004688   -0.06930287528573136   -0.040338048242910624   -0.04765606644920264   -0.04822616508717127   -0.0812763745257305   -0.083316891508621   -0.08068855765823542   -0.06688995681424914   -0.0004401396430132878   0.0037504559361261226   -0.0010149235520057083   -0.019915160184477337   -0.009052003328172051   -0.032231017156179605   -0.05363139332782281   -0.09446379964511711   -0.05620016017798706   -0.007271762593896739   0.006497897826174667   0.011979158689136678   
T_sec   15.0   15.5   16.0   16.5   17.0   17.5   18.0   18.5   19.0   19.5   20.0   20.5   21.0   21.5   22.0   22.5   23.0   23.5   24.0   24.5   25.0   25.5   26.0   26.5   27.0   27.5   28.0   28.5   29.0   29.5   30.0   30.5   31.0   31.5   32.0   32.5   33.0   33.5   34.0   34.5   35.0   35.5   36.0   36.5   37.0   37.5   38.0   38.5   39.0   39.5   40.0   40.5   41.0   41.5   42.0   42.5   43.0   43.5   44.0   44.5   45.0   45.5   46.0   46.5   47.0   47.5   48.0   48.5   49.0   49.5   50.0   50.5   51.0   51.5   52.0   52.5   53.0   53.5   54.0   54.5   55.0   
U8   0.001938146539245612   0.0017962407358818365   0.0019672793964799376   0.0018159219765170082   0.001997970260748499   0.00183681359219555   0.0020318178886369006   0.0018596948855577617   0.0020689254208102518   0.0018841546370063043   0.002108956268905645   0.001909781626943836   0.002152336578767307   0.0019368212440656661   0.0022001819422752633   0.001966175485359747   0.002253534663138202   0.001998670074393323   0.0023148892253077465   0.0020365202247396414   0.0023874295587713134   0.002081835024057467   0.002474296157838761   0.002135930973304656   0.002578689221807492   0.0022031158052800543   0.002711376587058706   0.002291272103867995   0.0028824529132477857   0.002409748216379531   0.003111165670515727   0.002572873399650377   0.0034237761993366005   0.0028082881913318422   0.003873884861666213   0.003163271672867111   0.004553377992285952   0.0037338014962127095   0.005655257198094552   0.004726623440154954   0.007597457541476831   0.006647101966416919   0.011539867905229274   0.011082133366528852   0.02147001803524586   0.02505365227478243   0.06017881260892874   0.12182951402930997   0.5695351798313535   1.0   0.44512773186619536   -0.09766473423418122   -0.08039035749016193   0.07136700512565684   0.2725565914068508   0.1403436136896418   -0.12401725792407697   -0.13527309074763716   -0.09111786189595715   -0.07734630139222913   -0.07928906130535518   -0.06948439260325663   -0.048725315117226685   -0.039789310611065366   -0.03132758535630435   -0.07395192059653312   -0.10321200718509407   -0.08273050345073002   -0.06777438761864057   -0.030256045915932065   -0.006270437378429362   -0.022992840585299563   -0.026478700728776793   -0.0180639885152963   -0.03491277099824086   -0.04194250488069442   -0.07039136879574041   -0.08150811472291561   -0.023823021835789788   0.01651980067304564   0.015695582682524124   
T_sec   15.0   15.5   16.0   16.5   17.0   17.5   18.0   18.5   19.0   19.5   20.0   20.5   21.0   21.5   22.0   22.5   23.0   23.5   24.0   24.5   25.0   25.5   26.0   26.5   27.0   27.5   28.0   28.5   29.0   29.5   30.0   30.5   31.0   31.5   32.0   32.5   33.0   33.5   34.0   34.5   35.0   35.5   36.0   36.5   37.0   37.5   38.0   38.5   39.0   39.5   40.0   40.5   41.0   41.5   42.0   42.5   43.0   43.5   44.0   44.5   45.0   45.5   46.0   46.5   47.0   47.5   48.0   48.5   49.0   49.5   50.0   50.5   51.0   51.5   52.0   52.5   53.0   53.5   54.0   54.5   55.0   
U9   0.0006243223053762532   0.002115238727462275   0.0006046072878458836   0.0021740777441545856   0.0005823403675407312   0.002237405878925859   0.000557536192660937   0.0023061788486670462   0.0005298226713214067   0.0023813078369805114   0.0004986343415944256   0.0024627149106112413   0.0004640678885013028   0.002554278603733749   0.00042579516475736945   0.002655909849770874   0.0003836228003200055   0.002769520082504512   0.0003373093735298287   0.002900856963266921   0.0002873585191793198   0.00305183526583664   0.00023398323520924878   0.003229221828373102   0.00017714103148864374   0.00343968996912972   0.00011733085400586448   0.003694809604029384   5.82091419297445e-05   0.004009350685999964   4.53981426394339e-06   0.004409774437103601   -3.419323558464367e-05   0.004932600247808438   -3.917455518332751e-05   0.005644299347357728   2.9928088550252226e-05   0.006659844839786439   0.0002630726630877315   0.008213397215816912   0.0008841430531536078   0.010830511836684894   0.002534923046091057   0.015927179995420863   0.007549413087504652   0.02879543587097445   0.028880664395435306   0.0861886918780124   0.27227787993194413   1.0   0.44581065476005316   -0.10577729045995994   -0.030340189666392462   0.11956539995588761   0.3162841142818278   -0.061078305786808555   -0.10737898413604048   -0.0636125457605556   -0.09692187211777907   -0.06984814957231461   -0.0466916522451892   -0.05786260212960437   -0.033457647523940474   -0.02464902557738061   -0.009296212248223228   -0.05686265690348013   -0.09653876119798264   -0.05020714502199442   -0.06643633685530587   -0.03919240774449442   -0.011976895581303954   -0.025473224445417494   -0.013816497418857383   -0.015352866332654874   -0.026412164500231882   -0.013451262133495717   -0.0430654893297458   -0.08968861352965635   -0.011822552630718818   0.015552637550324627   0.012530771867358651   
T_sec   15.0   15.5   16.0   16.5   17.0   17.5   18.0   18.5   19.0   19.5   20.0   20.5   21.0   21.5   22.0   22.5   23.0   23.5   24.0   24.5   25.0   25.5   26.0   26.5   27.0   27.5   28.0   28.5   29.0   29.5   30.0   30.5   31.0   31.5   32.0   32.5   33.0   33.5   34.0   34.5   35.0   35.5   36.0   36.5   37.0   37.5   38.0   38.5   39.0   39.5   40.0   40.5   41.0   41.5   42.0   42.5   43.0   43.5   44.0   44.5   45.0   45.5   46.0   46.5   47.0   47.5   48.0   48.5   49.0   49.5   50.0   50.5   51.0   51.5   52.0   52.5   53.0   53.5   54.0   54.5   55.0   
U10   -0.0005377127689944397   0.0033130789850326506   -0.0006128767256841817   0.0034291749098961342   -0.0006965129508049939   0.0035555481562203933   -0.0007872350457142598   0.0036923369731847893   -0.0008869863126210435   0.0038421798157441955   -0.000996323655091793   0.004005910085823783   -0.0011180237772607452   0.004188942942512665   -0.0012512571840517254   0.004392250036915375   -0.001399772230703507   0.004620136627837126   -0.0015638493224238111   0.004879266023830288   -0.001746407319375237   0.005175886785909143   -0.001951336732824915   0.005519995830326742   -0.002180031775113462   0.005923809873903925   -0.0024374967646409026   0.00640385089226675   -0.002728044773910456   0.006986357372086604   -0.003057521336945311   0.007706869563542112   -0.003428446193765984   0.008622580539470352   -0.0038422409046560873   0.009827329616321916   -0.004290215305560816   0.01147686137602978   -0.004736508163139451   0.01389472782270537   -0.00504888205071978   0.01772480635125822   -0.004796425464025559   0.024706295345531454   -0.0022092059924324332   0.04074095797535765   0.013063147909838896   0.10245733627661172   0.20001857529114908   1.0   0.5859710113579799   -0.07586535151475868   -0.012105607899928164   0.23915678131759138   0.2751320181991618   -0.16855347939089235   -0.05718034183685005   -0.08210074733581711   -0.10442569364105964   -0.08279908771523921   -0.027264850532390347   -0.06941865642930146   -0.028579446617923093   -0.024203988839552586   -0.004845909879825514   -0.06030241675015368   -0.09390334881777274   -0.05557799477955928   -0.06930791057897356   -0.06534752975709082   -0.016427531902306013   -0.029131239404336838   -0.004295017275818979   -0.03203233511565579   -0.00927144405041402   -0.011311194107974386   -0.02959454543501103   -0.10034432480903246   -0.014447923620743734   0.009333452678691144   0.013935550843066703   
T_sec   15.0   15.5   16.0   16.5   17.0   17.5   18.0   18.5   19.0   19.5   20.0   20.5   21.0   21.5   22.0   22.5   23.0   23.5   24.0   24.5   25.0   25.5   26.0   26.5   27.0   27.5   28.0   28.5   29.0   29.5   30.0   30.5   31.0   31.5   32.0   32.5   33.0   33.5   34.0   34.5   35.0   35.5   36.0   36.5   37.0   37.5   38.0   38.5   39.0   39.5   40.0   40.5   41.0   41.5   42.0   42.5   43.0   43.5   44.0   44.5   45.0   45.5   46.0   46.5   47.0   47.5   48.0   48.5   49.0   49.5   50.0   50.5   51.0   51.5   52.0   52.5   53.0   53.5   54.0   54.5   55.0   
U11   -0.0008136885974056341   0.0036893909560237496   -0.0009077169300033306   0.003822901171890076   -0.0010101986468016506   0.003969005140174076   -0.0011200824701826544   0.004128988229311928   -0.0012421285660050132   0.004303664190091277   -0.0013750214625783835   0.004497993876731873   -0.0015207900382002138   0.004714206855892239   -0.0016828789870388327   0.004955647477560167   -0.0018622024040624234   0.005228291035104129   -0.0020606888233878954   0.005539227605221859   -0.002282596689971222   0.005896561703759814   -0.002532084104587838   0.006310828101584058   -0.0028143236071619   0.006798536862929132   -0.0031339860167148704   0.007379843434558969   -0.0034990865022560005   0.008087968633303723   -0.003917751574318411   0.00896939933442083   -0.004399434212468897   0.010092294019983086   -0.004955426583553956   0.011577975749952965   -0.005587745200437139   0.01362472199413265   -0.006295730275137447   0.01661399344376284   -0.007017395203039955   0.021369724899983334   -0.007488056661512169   0.029925283786313234   -0.006552029517879911   0.0489847951941338   0.0025796720296498896   0.11465481194098309   0.10846279824222876   0.8933944278376692   1.0   -0.002647318898476234   0.20076132292652193   0.5122831774444139   -0.07175206658892633   -0.19521641453573296   -0.05970481373028687   -0.12869918334833444   -0.11288217800479863   -0.08407428249740859   -0.007494996248248195   -0.09080047183759568   -0.03484220988109804   -0.009645507636026325   -0.02027075538209855   -0.053533816059877296   -0.09509318220015903   -0.09365126105667765   -0.07731231864150874   -0.11908322104861639   -0.03911356066673109   -0.012230699542745657   -0.016518666945820302   -0.043267954442942305   0.042101393621758985   -0.012130961057991775   -0.011828215351282043   -0.1066087744413788   -0.047871207681255766   -0.0018589919690925592   0.005320210303512007   
T_sec   15.0   15.5   16.0   16.5   17.0   17.5   18.0   18.5   19.0   19.5   20.0   20.5   21.0   21.5   22.0   22.5   23.0   23.5   24.0   24.5   25.0   25.5   26.0   26.5   27.0   27.5   28.0   28.5   29.0   29.5   30.0   30.5   31.0   31.5   32.0   32.5   33.0   33.5   34.0   34.5   35.0   35.5   36.0   36.5   37.0   37.5   38.0   38.5   39.0   39.5   40.0   40.5   41.0   41.5   42.0   42.5   43.0   43.5   44.0   44.5   45.0   45.5   46.0   46.5   47.0   47.5   48.0   48.5   49.0   49.5   50.0   50.5   51.0   51.5   52.0   52.5   53.0   53.5   54.0   54.5   55.0   
U12   0.0020698724480544685   0.0016683482288400598   0.0020996208957421787   0.001679586300407372   0.002130686180909874   0.0016921977418153595   0.002165273332549672   0.0017052209571300622   0.002202110414377582   0.0017210255426789917   0.002244454143345401   0.001738523966834453   0.0022908606200543885   0.0017598534173255199   0.002344356994933695   0.0017844632117095898   0.002404537502801225   0.0018143462841029127   0.002474203963108181   0.0018503416345373484   0.0025555868181148683   0.0018966046668151629   0.00265457136823503   0.001956741341984157   0.0027748899843011736   0.0020355365526788798   0.002926589817369766   0.0021450561850988436   0.003121078484298743   0.002293862728599661   0.0033731109551321885   0.0025011193148457497   0.0037102026453265623   0.002798627396672568   0.004176867506197986   0.003243625256231465   0.004854370937710305   0.0039430116514387464   0.005897645567412703   0.005120429979637177   0.0076423087621690896   0.007288467003608348   0.010909748783296501   0.01184824593729763   0.0182163704354368   0.023855019163493064   0.04098226359133834   0.07406209755925836   0.20997918274500052   0.7386536813122005   1.0   0.40163689589819435   0.43614045932329976   0.4086558757160205   -0.175141103517334   -0.19413414329213063   -0.1481370123074442   -0.12598825408935052   -0.11557444983823965   -0.07330057439069657   -0.052770887843750995   -0.07929480656803263   -0.05207881693123336   -0.01760550744233702   -0.04640002464954231   -0.06935653667890142   -0.1037109670194126   -0.11307671628193325   -0.1038819162567511   -0.13298451020886395   -0.0736030206479345   -0.010069865870539242   -0.03591288091511539   -0.009759455522373704   0.026786238040990274   0.0025916338472549818   -0.03115598753574103   -0.07776195172688306   -0.08669806859361   -0.026867605318722367   -0.03299042706341887   
T_sec   15.0   15.5   16.0   16.5   17.0   17.5   18.0   18.5   19.0   19.5   20.0   20.5   21.0   21.5   22.0   22.5   23.0   23.5   24.0   24.5   25.0   25.5   26.0   26.5   27.0   27.5   28.0   28.5   29.0   29.5   30.0   30.5   31.0   31.5   32.0   32.5   33.0   33.5   34.0   34.5   35.0   35.5   36.0   36.5   37.0   37.5   38.0   38.5   39.0   39.5   40.0   40.5   41.0   41.5   42.0   42.5   43.0   43.5   44.0   44.5   45.0   45.5   46.0   46.5   47.0   47.5   48.0   48.5   49.0   49.5   50.0   50.5   51.0   51.5   52.0   52.5   53.0   53.5   54.0   54.5   55.0   
U13   0.0017866673185384743   0.0015808793968141084   0.0018096170406605577   0.0015976501798383544   0.001834953408235102   0.0016165306469517046   0.0018632343030608415   0.0016370059016937225   0.0018928552273224989   0.0016592129405874822   0.001926253295759537   0.001686395147534179   0.0019646302426460224   0.0017174367589363436   0.002007128216414266   0.0017531096556850684   0.0020558927735826135   0.0017971031560808876   0.002114185234266883   0.0018501891410148943   0.002185094977229701   0.001920862010685625   0.0022731710275375443   0.002009635733954392   0.002380816853738541   0.0021218293615805064   0.0025154989183086055   0.0022675670262212893   0.002684083744185749   0.0024603182961282144   0.0029064812795729926   0.002722391022457668   0.0032039751483006105   0.0030917941518124516   0.0036194746255372727   0.003632019831390981   0.0042284125065367145   0.004465507040920114   0.005178133294462552   0.005833876130134259   0.006776535796665451   0.008305747219465335   0.009807855261504904   0.013365107603315789   0.01662869271883858   0.026231990070854506   0.03780716055686119   0.07719044647422652   0.18855437528456942   0.7129913999798421   1.0   0.582967509289293   0.5951755387799816   0.2783235209660648   -0.22803942458918305   -0.2003125385397737   -0.1658099837423044   -0.11481103921590927   -0.10638320076770759   -0.0723611991584703   -0.06633813500219324   -0.07534086346989906   -0.04736878088006941   -0.027212148780775658   -0.059363035204763714   -0.06578162644489066   -0.09837323704259889   -0.11008004012091274   -0.11019931713231257   -0.13965710986416385   -0.0672784307908944   -0.012889507360236523   -0.03377634450598922   0.005618497875498774   0.027495471382114854   0.0031019771376721906   -0.0263754771431761   -0.07878710777418563   -0.09839338054841762   -0.042981089103688044   -0.04638297482824495   
T_sec   15.0   15.5   16.0   16.5   17.0   17.5   18.0   18.5   19.0   19.5   20.0   20.5   21.0   21.5   22.0   22.5   23.0   23.5   24.0   24.5   25.0   25.5   26.0   26.5   27.0   27.5   28.0   28.5   29.0   29.5   30.0   30.5   31.0   31.5   32.0   32.5   33.0   33.5   34.0   34.5   35.0   35.5   36.0   36.5   37.0   37.5   38.0   38.5   39.0   39.5   40.0   40.5   41.0   41.5   42.0   42.5   43.0   43.5   44.0   44.5   45.0   45.5   46.0   46.5   47.0   47.5   48.0   48.5   49.0   49.5   50.0   50.5   51.0   51.5   52.0   52.5   53.0   53.5   54.0   54.5   55.0   
U14   -0.000550603812675338   0.0029342251375725735   -0.0006150518085417162   0.0030382908033084644   -0.0006852652557110511   0.0031537426210712554   -0.000762593200712103   0.003278444763763356   -0.0008461523625900335   0.003416717135772953   -0.0009359909915378484   0.003573345407062157   -0.0010317398223676317   0.003750513654921561   -0.0011338646206533068   0.003950405956641764   -0.0012480343373118207   0.004177438716996961   -0.0013721613954385886   0.004436815121330176   -0.00150847812251721   0.004737688994184714   -0.0016601483771791245   0.005087078333006281   -0.0018294527371009418   0.0055015242249718   -0.0020157491722928426   0.005998868553593953   -0.0022218805263913605   0.006610009415935989   -0.002448698566514451   0.007374115452649621   -0.002692831655777893   0.008358089542818367   -0.0029473435196412227   0.009667489190410532   -0.0031897533140840253   0.011485453913965903   -0.003361239620589941   0.014184894746465714   -0.003297748449419937   0.018504550769877597   -0.002541685967317092   0.026311751088444465   0.00048733382258879884   0.04358728163677596   0.01333681148263242   0.10055409122940429   0.113164190540534   0.6753986149830283   1.0   0.8529447422706271   0.769647574816768   -0.035279980955069686   -0.21845099271197863   -0.23262139394587658   -0.12706958377527536   -0.11636139885309996   -0.08054130097613905   -0.09438131657401164   -0.06560685759235894   -0.07769468839468646   -0.03662392237970751   -0.06166114513544009   -0.05284998219072961   -0.04852002189871432   -0.0778326946002112   -0.10436841095329973   -0.10035488979209123   -0.14773151614492055   -0.03370941978345415   -0.04440856198712675   -0.0063824184792017355   0.014205806600057313   0.03681502087755634   -0.009203027368321296   -0.01158720525438254   -0.08912802687654077   -0.09839060897008434   -0.0638711651526708   -0.06215304760522126   
T_sec   15.0   15.5   16.0   16.5   17.0   17.5   18.0   18.5   19.0   19.5   20.0   20.5   21.0   21.5   22.0   22.5   23.0   23.5   24.0   24.5   25.0   25.5   26.0   26.5   27.0   27.5   28.0   28.5   29.0   29.5   30.0   30.5   31.0   31.5   32.0   32.5   33.0   33.5   34.0   34.5   35.0   35.5   36.0   36.5   37.0   37.5   38.0   38.5   39.0   39.5   40.0   40.5   41.0   41.5   42.0   42.5   43.0   43.5   44.0   44.5   45.0   45.5   46.0   46.5   47.0   47.5   48.0   48.5   49.0   49.5   50.0   50.5   51.0   51.5   52.0   52.5   53.0   53.5   54.0   54.5   55.0   
U15   0.0003997067462976152   0.0015424669264020464   0.0003903601947896798   0.0015855115798939995   0.00038433787103198455   0.0016356171653833232   0.000378619421081445   0.0016912875301654696   0.0003729306129560289   0.0017525310152641219   0.0003678708146878932   0.0018222100841530457   0.0003635924910185518   0.00190176556074636   0.0003600826520120135   0.001991197167009942   0.0003578959225875777   0.002093346235824228   0.0003576311429394654   0.002212637277454626   0.00036005707810565286   0.0023505859069942775   0.00036721719764021927   0.002516113433845916   0.0003818583988049152   0.002716617211295452   0.00040658704838009727   0.00296136609139907   0.0004479004402633666   0.0032687365184779367   0.0005160097941822947   0.003665100063503065   0.0006276699503887204   0.0041913835655476165   0.0008127662899696519   0.004917809292580685   0.0011278490193740323   0.00597076247422334   0.00168601358640797   0.007596523339594429   0.002738045627506443   0.010334517739417086   0.004911496189059614   0.015551924449191576   0.010134253162200818   0.02780189334765287   0.0266986982907826   0.07122960184549648   0.13490769363520402   0.48765105728843944   0.9686875464646788   1.0   0.6759943465568823   -0.18808783939338888   -0.2358034799185965   -0.18045598449927422   -0.11405509036136528   -0.09742221330970693   -0.07814022878889505   -0.09318815572984536   -0.07763793170925598   -0.07032832786532897   -0.05306385340752084   -0.06241877761216915   -0.047069518969019224   -0.03289327100411456   -0.05536474620414546   -0.09107591025603842   -0.09169342004913256   -0.12389515450283249   -0.04244907107546427   -0.04463726172826852   -0.0025593418322265465   0.024037509626191306   0.017635812508109437   -0.007964913057669424   -0.019770289970448326   -0.06333750480913626   -0.10318987626393646   -0.07324351357683717   -0.06252170669821004   
T_sec   15.0   15.5   16.0   16.5   17.0   17.5   18.0   18.5   19.0   19.5   20.0   20.5   21.0   21.5   22.0   22.5   23.0   23.5   24.0   24.5   25.0   25.5   26.0   26.5   27.0   27.5   28.0   28.5   29.0   29.5   30.0   30.5   31.0   31.5   32.0   32.5   33.0   33.5   34.0   34.5   35.0   35.5   36.0   36.5   37.0   37.5   38.0   38.5   39.0   39.5   40.0   40.5   41.0   41.5   42.0   42.5   43.0   43.5   44.0   44.5   45.0   45.5   46.0   46.5   47.0   47.5   48.0   48.5   49.0   49.5   50.0   50.5   51.0   51.5   52.0   52.5   53.0   53.5   54.0   54.5   55.0   
U16   -0.00030144396096636153   0.0015120215217390427   -0.0003292501606334636   0.0015740525819974921   -0.00035890107903688447   0.001640960728340257   -0.0003905514273455532   0.001715270421158504   -0.00042458502965908487   0.0017969358378660944   -0.0004613990949782901   0.0018872249364818793   -0.0005008924517390207   0.0019886392661039544   -0.000543590250308626   0.0021024467847511703   -0.0005893913191229581   0.0022311261302285544   -0.0006388475783517558   0.002378469720946123   -0.000692127124065144   0.002548304342253493   -0.0007487851153029448   0.0027470270624775864   -0.0008080196568077565   0.0029835937772760917   -0.0008690288533221766   0.003267063483125506   -0.0009290574420325553   0.003615622906858033   -0.0009828582573004503   0.00405400476703774   -0.0010222607746036454   0.0046218172278053235   -0.0010281911138514017   0.005381598417206046   -0.0009638151755857961   0.006450041477999459   -0.0007507860395442108   0.008043208761108993   -0.00020914973668344108   0.010628386543445422   0.0011310438031888977   0.015372215687894326   0.004737395919324569   0.0260403317712476   0.016910183825266288   0.06178425394368686   0.09437180879637494   0.38237399709529096   0.8220803965414516   1.0   0.3363534922909282   -0.24554981991676228   -0.13587407919874142   -0.1321541528114049   -0.08347260781643122   -0.08411215545773458   -0.05818417162919286   -0.09731195609881742   -0.07718549947774472   -0.05792578839249592   -0.04239480522198914   -0.05638327959257867   -0.021819864471923116   -0.01454204684100385   -0.03010047265540341   -0.06996722048570216   -0.08200969889288878   -0.08193236393918256   -0.041788596606714586   -0.0475922699705969   0.014030695105185082   0.012318407991989794   0.011103932648180952   -0.010887208738548966   -0.006297508275881853   -0.053686084277487764   -0.07699572382655927   -0.08223662524202839   -0.030090685591116235   
T_sec   15.0   15.5   16.0   16.5   17.0   17.5   18.0   18.5   19.0   19.5   20.0   20.5   21.0   21.5   22.0   22.5   23.0   23.5   24.0   24.5   25.0   25.5   26.0   26.5   27.0   27.5   28.0   28.5   29.0   29.5   30.0   30.5   31.0   31.5   32.0   32.5   33.0   33.5   34.0   34.5   35.0   35.5   36.0   36.5   37.0   37.5   38.0   38.5   39.0   39.5   40.0   40.5   41.0   41.5   42.0   42.5   43.0   43.5   44.0   44.5   45.0   45.5   46.0   46.5   47.0   47.5   48.0   48.5   49.0   49.5   50.0   50.5   51.0   51.5   52.0   52.5   53.0   53.5   54.0   54.5   55.0   
U17   5.444956573882135e-05   0.0005452241205077068   5.869176242184333e-05   0.0005739129449942388   6.356924866748194e-05   0.0006054998123476803   6.95892161859935e-05   0.0006405117026071649   7.688254161634631e-05   0.0006795505809474233   8.584324426874962e-05   0.0007233690775110313   9.67712646855906e-05   0.0007727948075761623   0.00011034216378389231   0.0008292007653956959   0.00012768210799091092   0.000894618496597266   0.00014957983062371664   0.0009703453156015038   0.000178043615497806   0.001060180476295784   0.000214858180415189   0.0011665304499857252   0.0002639651078712616   0.00129710552745282   0.00033081124064657214   0.0014600659102921422   0.0004230971437694847   0.0016673314773283866   0.0005527499798538341   0.0019375131518706633   0.000741182194343829   0.0023039868704016367   0.0010241512196305393   0.0028206591121843587   0.0014655183948516504   0.003586208654707659   0.002192568396253682   0.0047999359952817155   0.0034800763526355006   0.006909048924916849   0.006006863013483013   0.011094805083697378   0.011813277623433616   0.02139582535309317   0.029629504802543477   0.060605458025291686   0.1437709645766198   0.4711959190234695   1.0   0.9361471256357479   0.11289395299824999   -0.17947008665687927   -0.10488223123428571   -0.12085148000279812   -0.09297556638196966   -0.08238004462394431   -0.09443288838784691   -0.12448788646921968   -0.0816675953146955   -0.052025007058538825   -0.05294420019658637   -0.03981825051468522   -0.0010997365878706138   -0.0038547995160197975   -0.03192598878700711   -0.0739655777387868   -0.08216932839337997   -0.06875219934644607   -0.0696323821097672   -0.03622172763562953   0.020669616839850868   0.012910380468936078   0.0043310806145361366   0.0003690270508140256   -0.00896574299238483   -0.049293167207926876   -0.08467388455084748   -0.08035512808648326   -0.00461036696234849   
T_sec   15.0   15.5   16.0   16.5   17.0   17.5   18.0   18.5   19.0   19.5   20.0   20.5   21.0   21.5   22.0   22.5   23.0   23.5   24.0   24.5   25.0   25.5   26.0   26.5   27.0   27.5   28.0   28.5   29.0   29.5   30.0   30.5   31.0   31.5   32.0   32.5   33.0   33.5   34.0   34.5   35.0   35.5   36.0   36.5   37.0   37.5   38.0   38.5   39.0   39.5   40.0   40.5   41.0   41.5   42.0   42.5   43.0   43.5   44.0   44.5   45.0   45.5   46.0   46.5   47.0   47.5   48.0   48.5   49.0   49.5   50.0   50.5   51.0   51.5   52.0   52.5   53.0   53.5   54.0   54.5   55.0   
U18   0.00033682861634211066   0.00010930957167212783   0.00035640235482912444   0.00011853306449865365   0.0003779771734047007   0.00012903370152863314   0.0004018072551505277   0.00014097400003609576   0.0004284114810907194   0.0001547263006734099   0.00045824933039376853   0.00017088337796082386   0.0004925593631948788   0.00019074747737032443   0.0005322680881988774   0.00021426194012835457   0.0005775570954568883   0.00024203140906499612   0.000629975145557163   0.000275955011903414   0.0006920915065986262   0.0003182455577944056   0.0007663979942418557   0.0003713818831577097   0.000856959237533463   0.0004400851303112556   0.0009697515326777211   0.0005309137121063829   0.0011137960788141603   0.000654294596933852   0.0013021449325155744   0.0008260706344492895   0.0015572728870848287   0.0010736297415571239   0.0019142767040094299   0.001444752203586996   0.0024390106847095557   0.0020290200679627807   0.003253542584087551   0.003011222643108604   0.004628636527540688   0.004822832781019552   0.007219442645182293   0.008629667250964387   0.013008138398828369   0.018564945073960042   0.030609487592012034   0.058524349354761904   0.1459130209513663   0.5465815438219215   1.0   0.5890939743817298   0.002488718062724232   -0.09651177571789092   -0.10082710730236615   -0.09729927891144079   -0.08847464865353125   -0.08576874121006521   -0.11234369267521703   -0.10306987842176099   -0.06466212900816584   -0.04767744559787228   -0.046742721431185776   -0.01693813544424281   0.0011601664854386238   -0.003916720579917213   -0.0374750864352999   -0.07341648071100275   -0.06863182277587743   -0.06968882689002677   -0.06972658303683728   -0.010719725202449579   0.015455554295342145   0.006658769680310706   0.002950449677216172   0.0060484395210065305   -0.012769382569186754   -0.046260683341889   -0.08710885396503941   -0.053888915428513914   0.010006830567256039   
T_sec   15.0   15.5   16.0   16.5   17.0   17.5   18.0   18.5   19.0   19.5   20.0   20.5   21.0   21.5   22.0   22.5   23.0   23.5   24.0   24.5   25.0   25.5   26.0   26.5   27.0   27.5   28.0   28.5   29.0   29.5   30.0   30.5   31.0   31.5   32.0   32.5   33.0   33.5   34.0   34.5   35.0   35.5   36.0   36.5   37.0   37.5   38.0   38.5   39.0   39.5   40.0   40.5   41.0   41.5   42.0   42.5   43.0   43.5   44.0   44.5   45.0   45.5   46.0   46.5   47.0   47.5   48.0   48.5   49.0   49.5   50.0   50.5   51.0   51.5   52.0   52.5   53.0   53.5   54.0   54.5   55.0   
U19   -9.545000319576569e-05   3.2150050117369485e-06   -8.100583988015246e-05   2.3930442828114956e-05   -6.446051596251782e-05   4.7132064634969586e-05   -4.594723661995569e-05   7.298856572509214e-05   -2.5093121151186033e-05   0.00010203860366398882   -1.1524081536485327e-06   0.0001353594935826719   2.7026116163629228e-05   0.00017467076009618676   6.12329566470874e-05   0.00022216544201082068   0.00010406952291999101   0.0002791430194103805   0.00015394949554438833   0.0003449374664093966   0.00021382626687195338   0.0004249820326017588   0.00028916722165168155   0.000524818376574754   0.00038397126695400544   0.0006488841069546548   0.0005062826094748704   0.0008100987503781513   0.0006696599366736681   0.0010239637938875014   0.0008934421236680527   0.0013167198553927797   0.0012081308168835959   0.001728865958310188   0.0016688514742672863   0.0023366110480085786   0.002376096043682399   0.0032833898997890604   0.003532914091341809   0.004869519116928456   0.005590897133173264   0.007814875870764607   0.009742644129479328   0.01421333511727478   0.020003415236202447   0.03266374988906586   0.05841309842833171   0.1447806226357008   0.47154477828957597   0.9828510370900719   1.0   0.4152509091799088   -0.05455546904336042   -0.11545285893715802   -0.11208681765588104   -0.13597384675039392   -0.13009302560216907   -0.1267794374230611   -0.12644604390374595   -0.0970743222605882   -0.062499260777226874   -0.060265452704749506   -0.04835986946277275   -0.015552906065899548   -0.0045796488583187646   -0.03296161432407087   -0.07635738912913465   -0.08978066656395586   -0.08387892686203408   -0.08947591548101301   -0.05067018587765087   0.009808199356431343   0.021204626094576063   0.012475642828933098   0.013693577969938649   0.004265081757296505   -0.027931647089825047   -0.08083717427773002   -0.08961653110492884   -0.02540760561512973   0.028117205940082324   
T_sec   15.0   15.5   16.0   16.5   17.0   17.5   18.0   18.5   19.0   19.5   20.0   20.5   21.0   21.5   22.0   22.5   23.0   23.5   24.0   24.5   25.0   25.5   26.0   26.5   27.0   27.5   28.0   28.5   29.0   29.5   30.0   30.5   31.0   31.5   32.0   32.5   33.0   33.5   34.0   34.5   35.0   35.5   36.0   36.5   37.0   37.5   38.0   38.5   39.0   39.5   40.0   40.5   41.0   41.5   42.0   42.5   43.0   43.5   44.0   44.5   45.0   45.5   46.0   46.5   47.0   47.5   48.0   48.5   49.0   49.5   50.0   50.5   51.0   51.5   52.0   52.5   53.0   53.5   54.0   54.5   55.0   
U20   -0.0008188683056802165   0.00011760857847824908   -0.000824497293442217   0.00016348271206540266   -0.0008291921194469382   0.00021503750783103266   -0.0008333012245007214   0.0002736847460694825   -0.0008359097104836921   0.00033855207819647435   -0.0008391945678735144   0.00041172363365241387   -0.0008401052110398199   0.000496872035712075   -0.0008383242470405242   0.0005957742759766937   -0.000832429640478368   0.0007116203729102758   -0.0008206251361147101   0.0008510561983128304   -0.0007991685355357136   0.0010180692752643655   -0.0007671436940530784   0.0012238737333221323   -0.0007164854801618977   0.0014798514070489158   -0.0006398772020400283   0.001805359177167513   -0.0005241823554087234   0.0022298065846035036   -0.0003470378351298591   0.002798140232930793   -7.06210930776232e-05   0.0035916975484599364   0.0003768030635802379   0.004749976685014783   0.0011318789780184312   0.006549070276856852   0.0024947241484525803   0.009586290366772875   0.00519892273551224   0.015388332824261662   0.011472086615430975   0.029003331977675087   0.031007520314619928   0.07795601471675152   0.16836805527796048   0.6348280381294821   0.9326455311710325   1.0   0.7805499723602677   0.13526284452058288   -0.16387190070055285   -0.1780096819806157   -0.13076021942197444   -0.12497059719054296   -0.10966461176233214   -0.10043930733411538   -0.09369354385092882   -0.09170606501579008   -0.07477552834597818   -0.08189449114652955   -0.07120097842657223   -0.051075900742504884   -0.05560843018657486   -0.07472241123431342   -0.08481649407483595   -0.10405347153599712   -0.08234445747173266   -0.059349365411074016   -0.005489905629620336   0.023653060793363705   0.029621302983458515   0.01745523892736094   0.014307039343643904   -0.025866014603895968   -0.07151678905780091   -0.08444302217450776   -0.05090767550241755   0.015580149039386142   0.04817181848188588   
T_sec   15.0   15.5   16.0   16.5   17.0   17.5   18.0   18.5   19.0   19.5   20.0   20.5   21.0   21.5   22.0   22.5   23.0   23.5   24.0   24.5   25.0   25.5   26.0   26.5   27.0   27.5   28.0   28.5   29.0   29.5   30.0   30.5   31.0   31.5   32.0   32.5   33.0   33.5   34.0   34.5   35.0   35.5   36.0   36.5   37.0   37.5   38.0   38.5   39.0   39.5   40.0   40.5   41.0   41.5   42.0   42.5   43.0   43.5   44.0   44.5   45.0   45.5   46.0   46.5   47.0   47.5   48.0   48.5   49.0   49.5   50.0   50.5   51.0   51.5   52.0   52.5   53.0   53.5   54.0   54.5   55.0   
U21   -0.0013567961254302538   0.0005802419861949157   -0.00138611343919111   0.0006560999235436231   -0.0014157593195610245   0.0007396761424340679   -0.0014500922581626393   0.0008307584890169119   -0.0014865390129310651   0.0009331464530302336   -0.00152502790281457   0.0010492728037413167   -0.0015640348977715157   0.0011831814136311198   -0.001603190534381724   0.0013377952621056151   -0.001643176005901197   0.0015168070396517487   -0.0016827116650311783   0.001728058663835628   -0.001719465763143799   0.00197991738056145   -0.0017517189531213201   0.002282692994862007   -0.0017756154562942363   0.002653802636454631   -0.0017832878504056245   0.003121359540282856   -0.0017630129345290574   0.003720654502373564   -0.0016920019390917202   0.004513553576188154   -0.0015349563457401618   0.005599664661908357   -0.001220467564284385   0.007158391668418281   -0.0005993221215654591   0.009538640079378786   0.0006638338336039177   0.013496526529028007   0.0034427920854457573   0.0209839633280888   0.010547275768064704   0.03856422511916176   0.03528965606438543   0.10472056629974327   0.24619064459572737   0.9219014059572207   0.9723341872020174   1.0   0.8020523422446969   -0.027711117113832506   -0.2214205729293871   -0.19646170088498024   -0.12455542513404286   -0.12996660908017385   -0.0984101279311103   -0.0984460472562258   -0.0989877343187654   -0.10636359108988493   -0.080271191823959   -0.10146167356790421   -0.07887175915755099   -0.05989898251255573   -0.07512329193430775   -0.08331125115664158   -0.08916361109438808   -0.12388607015213503   -0.07126076542230272   -0.05994097463326058   0.007310353317976502   0.025726455808276743   0.03489420990460327   0.009896201161670073   0.012976270813902499   -0.050635625487961966   -0.08394635210425969   -0.08162977233215453   -0.04760876056448555   0.032204279282613026   0.054473753913301795   
T_sec   15.0   15.5   16.0   16.5   17.0   17.5   18.0   18.5   19.0   19.5   20.0   20.5   21.0   21.5   22.0   22.5   23.0   23.5   24.0   24.5   25.0   25.5   26.0   26.5   27.0   27.5   28.0   28.5   29.0   29.5   30.0   30.5   31.0   31.5   32.0   32.5   33.0   33.5   34.0   34.5   35.0   35.5   36.0   36.5   37.0   37.5   38.0   38.5   39.0   39.5   40.0   40.5   41.0   41.5   42.0   42.5   43.0   43.5   44.0   44.5   45.0   45.5   46.0   46.5   47.0   47.5   48.0   48.5   49.0   49.5   50.0   50.5   51.0   51.5   52.0   52.5   53.0   53.5   54.0   54.5   55.0   
U22   -0.001051728917804072   -0.0001811218456374214   -0.0010520774989324782   -0.00013793026274002627   -0.0010501208843678765   -8.7920607976696e-05   -0.0010452539581374174   -3.0343722195282405e-05   -0.0010369868724666399   3.599977282904217e-05   -0.001025240369951981   0.00011245691640736066   -0.0010090347550445178   0.00020105188541325397   -0.0009861153144738945   0.00030651017115638455   -0.00095331966101048   0.0004335572649464133   -0.0009078599870007194   0.0005869546688878259   -0.0008457491065662274   0.0007752889382494095   -0.0007603272943734529   0.00100917442308049   -0.0006432059703877731   0.001306047163203285   -0.0004781806976249221   0.0016927654060784239   -0.00024047840509189113   0.0022121287385914136   0.00010993473043449943   0.002930348139407122   0.0006436211041769305   0.003975415396718129   0.001495474461152894   0.005576999787553044   0.0029351882258165022   0.008239576873160712   0.005593331271968019   0.013189492083725005   0.011189875750137636   0.024230976435225707   0.026038481909414088   0.0592667831969255   0.0933749476770733   0.3646177281647724   1.0   0.9451080218673277   0.6924278469457248   0.7785858611354847   0.34742205198429643   -0.20040003113081936   -0.20010461640721605   -0.10787131189092729   -0.07212104843578303   -0.07026578574839237   -0.04753288614320765   -0.0845401871635819   -0.12838770500596464   -0.11348886967752524   -0.0889588799633181   -0.09753326055450855   -0.08363588711289127   -0.1057497880789974   -0.0981009606384367   -0.10050044908321956   -0.1301511233390771   -0.07177009463351156   -0.026051471036762745   -0.018790043183506033   0.0287744314942997   0.044613378262690365   0.02388235744500149   0.004692017189265362   -0.044583366815799476   -0.0729306939440033   -0.042629545258545475   -0.04480007067539197   0.006144274557067572   0.056537385389124915   0.052349767465342055   
T_sec   15.0   15.5   16.0   16.5   17.0   17.5   18.0   18.5   19.0   19.5   20.0   20.5   21.0   21.5   22.0   22.5   23.0   23.5   24.0   24.5   25.0   25.5   26.0   26.5   27.0   27.5   28.0   28.5   29.0   29.5   30.0   30.5   31.0   31.5   32.0   32.5   33.0   33.5   34.0   34.5   35.0   35.5   36.0   36.5   37.0   37.5   38.0   38.5   39.0   39.5   40.0   40.5   41.0   41.5   42.0   42.5   43.0   43.5   44.0   44.5   45.0   45.5   46.0   46.5   47.0   47.5   48.0   48.5   49.0   49.5   50.0   50.5   51.0   51.5   52.0   52.5   53.0   53.5   54.0   54.5   55.0   
U23   -0.0005378310835843336   -0.0006845278978456178   -0.0005151909023898419   -0.0006688568431801576   -0.0004879070069549643   -0.00064897431678642   -0.0004557022050361519   -0.0006249333494320722   -0.000417788697104734   -0.0005950492489986063   -0.0003718005464214917   -0.0005577832077684973   -0.00031740791188635806   -0.0005125605597923556   -0.00025236917874052104   -0.00045737946261763875   -0.00017444273222516832   -0.000388746210026924   -7.873812369484575e-05   -0.00030134539093784005   4.086944364542615e-05   -0.00018883276523815143   0.00019260936860299781   -4.148201781257342e-05   0.00038852572564816756   0.00015534135840872084   0.0006480864214574659   0.00042579648560267134   0.001001907801782808   0.0008066662789089604   0.0014982701574967764   0.0013634965080307523   0.0022253118431835627   0.0022106002975625125   0.0033442295312032322   0.003584995656510329   0.005201562480550838   0.006010777402492671   0.00862051135583099   0.01085901169994701   0.016034736770993863   0.02282759840464105   0.037919627562510605   0.06908868757676388   0.1900646589720144   0.6520155120427021   1.0   0.673849146114567   0.46876674043869815   0.5104048552392662   0.20909876041259715   -0.19212875294184706   -0.15656221802226877   -0.06547377407652741   -0.06939546973034472   -0.05121836728966655   -0.050433169848957723   -0.09372368236127201   -0.12317918230050602   -0.091854483591626   -0.07560165094248873   -0.08019296301266897   -0.08810797256214505   -0.09796499068589423   -0.09299618914910647   -0.10877473341470184   -0.11131558715755596   -0.042472098850147764   -0.007185847493089916   -0.0016506451639186081   0.02965776047981152   0.03480758354461987   0.009855036938446353   -0.020980454975560878   -0.0608642134429555   -0.04994424380121439   -0.02354075240909552   -0.01776934580826772   0.01597069066735868   0.04809874898355054   0.033423488203302154   
T_sec   15.0   15.5   16.0   16.5   17.0   17.5   18.0   18.5   19.0   19.5   20.0   20.5   21.0   21.5   22.0   22.5   23.0   23.5   24.0   24.5   25.0   25.5   26.0   26.5   27.0   27.5   28.0   28.5   29.0   29.5   30.0   30.5   31.0   31.5   32.0   32.5   33.0   33.5   34.0   34.5   35.0   35.5   36.0   36.5   37.0   37.5   38.0   38.5   39.0   39.5   40.0   40.5   41.0   41.5   42.0   42.5   43.0   43.5   44.0   44.5   45.0   45.5   46.0   46.5   47.0   47.5   48.0   48.5   49.0   49.5   50.0   50.5   51.0   51.5   52.0   52.5   53.0   53.5   54.0   54.5   55.0   
U24   -0.00019189648570002785   -0.0010498587322428895   -0.00014837103934891224   -0.0010558057017103389   -9.827673364468105e-05   -0.0010596787643868948   -4.03807973539583e-05   -0.001062042732276562   2.6323495693691502e-05   -0.0010624888093354946   0.00010371014094027197   -0.0010601064322100894   0.00019467322750859234   -0.0010525395887607959   0.00030428329723102855   -0.001037754474727837   0.0004361355165823446   -0.0010135943880138613   0.00059688533307973   -0.0009781350546862932   0.0007943178182483842   -0.000926165874707198   0.0010408600387898242   -0.0008486283014801832   0.0013573124884046015   -0.0007303827275484363   0.0017732145897541042   -0.0005518233168511988   0.0023345533537811416   -0.0002782912140349678   0.0031215736214708547   0.00015939761650353055   0.0042716059787091965   0.0008927979785734194   0.0060719385753184784   0.002207548128934788   0.009127884196471297   0.0048280711057193115   0.015044878802703979   0.011017370686566916   0.029276751545115325   0.03124379781053133   0.0835239338335063   0.1903632183839992   0.806181173799697   1.0   0.46622085634121674   0.1991746834339959   0.2827737195486146   0.3994464185548813   0.06422363928110975   -0.14329552979814641   -0.10121966737286286   -0.07254387376481776   -0.06728716737968533   -0.044604398706487566   -0.0656576447381061   -0.09269951228939056   -0.08094108475635263   -0.04888394470883183   -0.056332178099827324   -0.09384521431333799   -0.10592757501381964   -0.08052004055767406   -0.11406970245448296   -0.12251995332194893   -0.07483608726403285   0.0014031630489819353   0.01004891167419838   0.02090478433372184   0.031250084703298854   0.02091810929008206   -0.028117452589164104   -0.06363759189989925   -0.02771896664241865   0.005996258577235261   0.007111343451906547   -0.0004642485472545794   0.018423032026103334   0.02720249692142536   0.02159406774867027   
T_sec   15.0   15.5   16.0   16.5   17.0   17.5   18.0   18.5   19.0   19.5   20.0   20.5   21.0   21.5   22.0   22.5   23.0   23.5   24.0   24.5   25.0   25.5   26.0   26.5   27.0   27.5   28.0   28.5   29.0   29.5   30.0   30.5   31.0   31.5   32.0   32.5   33.0   33.5   34.0   34.5   35.0   35.5   36.0   36.5   37.0   37.5   38.0   38.5   39.0   39.5   40.0   40.5   41.0   41.5   42.0   42.5   43.0   43.5   44.0   44.5   45.0   45.5   46.0   46.5   47.0   47.5   48.0   48.5   49.0   49.5   50.0   50.5   51.0   51.5   52.0   52.5   53.0   53.5   54.0   54.5   55.0   
U25   -0.0014824929460922288   0.0006649883849937184   -0.0015215163625570563   0.0007419211717209349   -0.0015636886664097173   0.0008278201751303401   -0.0016084915881812907   0.0009253852535879054   -0.001655789850741738   0.0010364885328029694   -0.0017061095776748423   0.0011642592648762092   -0.001759056357116104   0.0013130567005442966   -0.0018137175077321032   0.001487286491939729   -0.0018727814683631952   0.00169318786962338   -0.0019316455617679712   0.0019405119469490043   -0.0019929636065632557   0.002241872462168388   -0.0020532394281858927   0.0026164546863331403   -0.00210825763043746   0.0030929205225311163   -0.002150747455816704   0.003717221818494532   -0.0021656641047885657   0.0045606456861871925   -0.002123574728645973   0.005758417050886834   -0.001964646331483994   0.00755847385324105   -0.0015454624355406873   0.010503532579619404   -0.000501262923374825   0.01595515309348334   0.002342797982809713   0.028341582994638112   0.012280922644741867   0.07075149519733429   0.08147968996736768   0.5386736794523759   1.0   0.29100294506757557   0.07200585920372465   0.11797437033835574   0.24662170714904808   0.33024962176756956   -0.004325744810371479   -0.143182180495703   -0.09035256691896253   -0.06723365093555674   -0.02400556079841593   -0.041280093508045214   -0.04551183562564638   -0.04692708330386089   -0.028010904183359817   -0.02908850150649028   -0.053747338817618666   -0.10455274659949694   -0.051501858015106934   -0.07473002320456965   -0.10377761609004012   -0.06518004837156179   -0.045462928231093803   -0.012573743405548352   0.016704550701806656   0.0245077393728816   0.029762716851164685   0.0019545878695118885   -0.057025514802660084   -0.025504082942039756   0.023980314456719946   0.015993482624853516   0.013584583134961265   -0.01477724502778688   0.014809282115478876   0.018555094231019458   0.030961254991910114   
T_sec   15.0   15.5   16.0   16.5   17.0   17.5   18.0   18.5   19.0   19.5   20.0   20.5   21.0   21.5   22.0   22.5   23.0   23.5   24.0   24.5   25.0   25.5   26.0   26.5   27.0   27.5   28.0   28.5   29.0   29.5   30.0   30.5   31.0   31.5   32.0   32.5   33.0   33.5   34.0   34.5   35.0   35.5   36.0   36.5   37.0   37.5   38.0   38.5   39.0   39.5   40.0   40.5   41.0   41.5   42.0   42.5   43.0   43.5   44.0   44.5   45.0   45.5   46.0   46.5   47.0   47.5   48.0   48.5   49.0   49.5   50.0   50.5   51.0   51.5   52.0   52.5   53.0   53.5   54.0   54.5   55.0   
U26   -0.00012596381919970074   -0.0007417519640670945   -8.652974915134679e-05   -0.0007394057379002332   -4.014953936569119e-05   -0.0007360287554790278   1.3601560351055757e-05   -0.0007276325688076559   7.598224096520408e-05   -0.0007186303760757343   0.00014910069383064698   -0.0007054584794812311   0.00023758249223389458   -0.0006845531812221171   0.00034164001127184396   -0.000657597922458494   0.00047052439751751597   -0.0006189363736495084   0.0006307570405144169   -0.0005626998301574079   0.0008315890868355695   -0.0004861740945677479   0.0010917352047239127   -0.0003723746186428991   0.001433898510418204   -0.00021041349349494384   0.0018980257223369403   3.51494434145851e-05   0.0025528477548720217   0.00041673890286178793   0.003517748893854997   0.0010421775577554074   0.005032937657782042   0.0021382732763580168   0.007626708019210426   0.004281330724886254   0.012681022677266063   0.009239553294915817   0.024917385950820478   0.02501631338287612   0.07101338877579237   0.13964660620091113   0.6711968404045235   1.0   0.3487579455378962   -0.0023468458217097542   0.11520990589517581   0.191929126663103   0.2860364684074181   0.2446351498201202   -0.06940358384887434   -0.20609160294799445   -0.10102505379190893   -0.03250921531851131   -0.04150368065424295   -0.04492139978555519   -0.020399500760196455   -0.01777975375789952   -0.029957493315439652   -0.05581955672731331   -0.0982546070041153   -0.07170080896622444   -0.07642621055920928   -0.10274498088446683   -0.060918357962702153   -0.036651675114036365   -0.0501823245666372   -0.024073940710277058   0.013226283727615485   0.029929349247489613   0.008919444788165637   -0.04503579271065957   -0.02586200526804801   0.02908361810841156   0.03016803619941689   0.01715756924636081   -0.00859574719687454   -0.013840803490878455   0.01411907656032196   0.040957466645713515   0.04212521466468045   
T_sec   15.0   15.5   16.0   16.5   17.0   17.5   18.0   18.5   19.0   19.5   20.0   20.5   21.0   21.5   22.0   22.5   23.0   23.5   24.0   24.5   25.0   25.5   26.0   26.5   27.0   27.5   28.0   28.5   29.0   29.5   30.0   30.5   31.0   31.5   32.0   32.5   33.0   33.5   34.0   34.5   35.0   35.5   36.0   36.5   37.0   37.5   38.0   38.5   39.0   39.5   40.0   40.5   41.0   41.5   42.0   42.5   43.0   43.5   44.0   44.5   45.0   45.5   46.0   46.5   47.0   47.5   48.0   48.5   49.0   49.5   50.0   50.5   51.0   51.5   52.0   52.5   53.0   53.5   54.0   54.5   55.0   
U27   0.0004879601001904265   -0.0010264400655435248   0.0005526740666166458   -0.0010486866321087471   0.0006254366663117778   -0.001070341040264316   0.0007078293164311367   -0.0010928301754530667   0.0008021107768209054   -0.0011152037315897197   0.000912916998855385   -0.0011357979598675789   0.0010408429935740617   -0.0011550894396442   0.0011927834721974211   -0.0011696322416242572   0.0013763465886673662   -0.001177525753637192   0.0015983086225224504   -0.001174255308620468   0.0018715086901183635   -0.001155069376147689   0.002215799050713211   -0.00110784798784425   0.0026601854346317666   -0.001012747442341545   0.003253762694820774   -0.0008324546758006485   0.0040747498462336785   -0.0005042266655544473   0.005265079200985156   0.0001179883357108051   0.007114198788134295   0.0013643288870724486   0.01028229719922326   0.004162369179822293   0.016624013289603518   0.011777398815413368   0.03343909324368299   0.043079251315129415   0.12614080280382334   0.4543809343496188   1.0   0.5120159234557984   -0.0835250576335813   0.09874235775713165   0.1447242936118327   0.2075699134881048   0.22653028947080323   0.17536582267619208   -0.15132192815792558   -0.18641916993492413   -0.04833067786776471   -0.020117070074167426   -0.04311891484135435   -0.01504089373234994   0.0057314441041066595   -0.011475663325818878   -0.04163509756317341   -0.07268943829778807   -0.07553741359051402   -0.054184515571536696   -0.09876042156011541   -0.06245569171728258   -0.021645764496998298   -0.041336850359673064   -0.054833460332413424   -0.029307218591204814   -0.009352891762209594   0.023857873480846222   -0.008685152354585664   -0.029033345968581464   0.030914628719387258   0.040188733888394196   0.023197225330637828   0.004517139817163062   -0.013930984481731754   -0.005557420842659913   0.02908203013792029   0.05361778265159089   0.027787838622850634   
T_sec   15.0   15.5   16.0   16.5   17.0   17.5   18.0   18.5   19.0   19.5   20.0   20.5   21.0   21.5   22.0   22.5   23.0   23.5   24.0   24.5   25.0   25.5   26.0   26.5   27.0   27.5   28.0   28.5   29.0   29.5   30.0   30.5   31.0   31.5   32.0   32.5   33.0   33.5   34.0   34.5   35.0   35.5   36.0   36.5   37.0   37.5   38.0   38.5   39.0   39.5   40.0   40.5   41.0   41.5   42.0   42.5   43.0   43.5   44.0   44.5   45.0   45.5   46.0   46.5   47.0   47.5   48.0   48.5   49.0   49.5   50.0   50.5   51.0   51.5   52.0   52.5   53.0   53.5   54.0   54.5   55.0   
U28   -0.00265931089126686   0.0023255004151946255   -0.002789338073149249   0.002504487801256408   -0.0029338118468426244   0.0027044340192680398   -0.0030903197761576527   0.002933295926086874   -0.0032636759055065185   0.0031910692754515426   -0.003458701285632657   0.003487391922587555   -0.003672976898641623   0.0038319080921124624   -0.003916136353497558   0.004234251392990405   -0.004190581683049452   0.004713703905064443   -0.004501116952995282   0.005289545585046953   -0.004859777805148178   0.0059931026471168524   -0.005276178740296147   0.0068725771061857645   -0.005759919397312413   0.008002686756254207   -0.0063278076367478545   0.009496711427878128   -0.00699661734906244   0.011564351966482185   -0.007770984872630258   0.01458646713453639   -0.008621648448342924   0.01937783998524947   -0.009340585276062182   0.02797795757233315   -0.00886054697293181   0.04704562939623287   -2.3544253106915913e-05   0.11394547708148664   0.12961788860972823   1.0   0.7271719691054409   -0.1820299133942412   0.08640107525528865   0.09015757476388003   0.1820499017045499   0.10930886396656359   0.21195721027754327   0.08530225283099738   -0.20551874120940716   -0.12774608448717042   -0.0010105178291987102   -0.05122445522749065   -0.023219907450687405   0.007066532814471963   0.01277961594893681   -0.028264212140762728   -0.054767935514607194   -0.08169271063786479   -0.014795399406653682   -0.10426819040899143   -0.07026221897269946   -0.008884327194642258   -0.016529511556048756   -0.05509505668144173   -0.021837252371041154   -0.025956443977916622   -0.026996623795659078   0.005479471591298531   -0.03665924379647711   0.029737695523037334   0.04300588804164832   0.025758161136288378   0.01517762681636641   -0.014498014615141452   -0.006699578627850798   -0.0063503923428728055   0.0538214434704982   0.03765160530692548   0.008086686105549181   
T_sec   15.0   15.5   16.0   16.5   17.0   17.5   18.0   18.5   19.0   19.5   20.0   20.5   21.0   21.5   22.0   22.5   23.0   23.5   24.0   24.5   25.0   25.5   26.0   26.5   27.0   27.5   28.0   28.5   29.0   29.5   30.0   30.5   31.0   31.5   32.0   32.5   33.0   33.5   34.0   34.5   35.0   35.5   36.0   36.5   37.0   37.5   38.0   38.5   39.0   39.5   40.0   40.5   41.0   41.5   42.0   42.5   43.0   43.5   44.0   44.5   45.0   45.5   46.0   46.5   47.0   47.5   48.0   48.5   49.0   49.5   50.0   50.5   51.0   51.5   52.0   52.5   53.0   53.5   54.0   54.5   55.0   
U29   -0.00019510736567149452   -0.00019371019811409855   -0.000176256141459129   -0.00016571022481861605   -0.00015272246318766847   -0.00013146253662485715   -0.00012272675554630667   -9.0562543416419e-05   -8.706604844992363e-05   -4.263487058180362e-05   -4.3220060120151034e-05   1.5740200164645264e-05   1.2190190247448775e-05   8.764599109780583e-05   8.255398445162957e-05   0.00017735903569460686   0.0001736976129552264   0.00029131192885251285   0.0002933445901685585   0.00043848319619958553   0.00045359504999146225   0.0006330244236980225   0.0006733107603989688   0.0008968436461031617   0.000983460061387393   0.001267392879625792   0.0014378164995677801   0.001809906122074079   0.0021354433663508267   0.002650303389630689   0.0032761707881535235   0.004057232733794627   0.005318302449926942   0.006694637150748455   0.009491552274280174   0.01262041146546023   0.020219959311788   0.03144631160677194   0.06509933277618621   0.18422115682621096   0.6634398468760956   1.0   0.13030851823087455   -0.05587352854264009   0.11559881497152841   0.13716696213598875   0.13277053441513945   0.1194185726570609   0.1401873693268177   0.03392024843102594   -0.1687900626536398   -0.10539952512368639   -0.03441494487677258   -0.046218757394244955   -0.002795972611111236   0.014005151782402204   -0.006431800307135443   -0.047189419041420676   -0.07879717993144222   -0.041609031496732354   -0.06051873432055089   -0.10721528600914307   -0.025404147861490655   -0.008097729779145314   -0.035653388344644474   -0.03721264185719379   -0.017748541804169963   -0.026437354347174008   -0.043731576604432366   -0.045245206327689975   0.012639084397743557   0.05594181309138741   0.033132239026435174   0.023837923660373364   -0.0014116867708026152   -0.011134450193889712   -0.005490676308949111   0.017285314800877825   0.05038960214587377   0.022974965953821445   0.00819840976496312   
T_sec   15.0   15.5   16.0   16.5   17.0   17.5   18.0   18.5   19.0   19.5   20.0   20.5   21.0   21.5   22.0   22.5   23.0   23.5   24.0   24.5   25.0   25.5   26.0   26.5   27.0   27.5   28.0   28.5   29.0   29.5   30.0   30.5   31.0   31.5   32.0   32.5   33.0   33.5   34.0   34.5   35.0   35.5   36.0   36.5   37.0   37.5   38.0   38.5   39.0   39.5   40.0   40.5   41.0   41.5   42.0   42.5   43.0   43.5   44.0   44.5   45.0   45.5   46.0   46.5   47.0   47.5   48.0   48.5   49.0   49.5   50.0   50.5   51.0   51.5   52.0   52.5   53.0   53.5   54.0   54.5   55.0   
U30   -0.0002576449390967733   0.00029028887394573835   -0.0002462906784349488   0.00034480709677206284   -0.00023162084846907823   0.0004087300330208751   -0.00021226531761057505   0.00048488013634681565   -0.00018648151166021713   0.0005761349987844393   -0.0001525819947986963   0.0006870086737623474   -0.00010720125748152126   0.0008236839263402024   -4.6173766563013756e-05   0.0009947706444787753   3.671652743832401e-05   0.0012109978969033468   0.00014733195558159896   0.0014851723207725698   0.0002983064461612267   0.0018502353695776796   0.0005169032337219411   0.0023491407665962925   0.0008401273288347455   0.0030572000545610826   0.0013376297180738529   0.004105288505449045   0.0021439060006562885   0.0057629956480409255   0.003561945819819861   0.008637501566245015   0.006360531876896664   0.014340374907235368   0.013000368278656325   0.028579800530785543   0.03531987036983198   0.08627712816456043   0.22406280539068535   0.9297407195247861   1.0   0.2243155683243096   -0.005150063482624263   0.10410730037592894   0.1413173789097456   0.11011546510176025   0.11385824254551033   0.10549624052047124   0.13218213322716668   0.0022626766292488786   -0.15657548041422237   -0.12415281757121421   -0.05327817127602872   -0.0009061777737586302   0.021027290068918843   0.0066151754755812775   -0.04628934112520548   -0.08092646140384004   -0.036388423351502754   -0.07479733594535289   -0.10578983198197942   -0.032795040681022576   -0.004163127849518683   -0.03464746816860623   -0.03165931415693444   -0.029090114401523308   -0.03029053898337866   -0.06483348372557488   -0.11855570048657518   -0.014869060227554324   0.08405248912500032   0.0679629356870943   0.03833260096719129   0.013019779437771935   -0.0019101263458144598   -0.0028297029636144486   0.01786607742081586   0.042171051936869076   0.03403379569014918   0.022794002141741918   0.026228490180523402   
T_sec   15.0   15.5   16.0   16.5   17.0   17.5   18.0   18.5   19.0   19.5   20.0   20.5   21.0   21.5   22.0   22.5   23.0   23.5   24.0   24.5   25.0   25.5   26.0   26.5   27.0   27.5   28.0   28.5   29.0   29.5   30.0   30.5   31.0   31.5   32.0   32.5   33.0   33.5   34.0   34.5   35.0   35.5   36.0   36.5   37.0   37.5   38.0   38.5   39.0   39.5   40.0   40.5   41.0   41.5   42.0   42.5   43.0   43.5   44.0   44.5   45.0   45.5   46.0   46.5   47.0   47.5   48.0   48.5   49.0   49.5   50.0   50.5   51.0   51.5   52.0   52.5   53.0   53.5   54.0   54.5   55.0   
U31   0.0021976166058425444   -0.0019467783888199018   0.002348091067767529   -0.002041366355115276   0.0025155935635782305   -0.0021452554428348486   0.0027049335434283506   -0.0022574129780627366   0.002924709280556915   -0.002379083439546055   0.0031802020221701056   -0.00250986241616623   0.0034783009651613126   -0.0026581170822720197   0.003830319639518085   -0.002815687220952352   0.004259679433029618   -0.0029857261452837097   0.004784144968491324   -0.0031718685646669963   0.005441748943411328   -0.0033612602898462113   0.006295365633880353   -0.0035552010431397292   0.0074251525424601185   -0.0037352278666574943   0.00899094327794963   -0.003846650221823989   0.011308144485566675   -0.0037467723045048417   0.015028270930424232   -0.0030268364601163875   0.021828974834051742   -0.00021082926343193856   0.03728931260043406   0.0124418146578329   0.09364886737187571   0.141356946873731   0.7337869490782286   1.0   0.1596100700517616   0.02988510638572312   0.04531586571488011   0.10297622322424058   0.053226640052329244   0.08984173880925622   0.07011070157401446   0.06797471312982052   0.12139125877879745   0.016447864157210477   -0.20305064504242182   -0.08663519048680632   -0.011133762129467244   0.02716608407204748   0.004687160682451724   -0.013052142839270042   -0.07586925311646836   -0.024998302576503015   -0.05096995747857064   -0.08843495834202572   -0.030151530954929423   0.006552300295981658   -0.02338565820058687   -0.020725710689978628   -0.011404456106207448   -0.029600678525254682   -0.0428061647193062   -0.09099645600610864   -0.07182259012426821   0.021593892245929336   0.06107313389198385   0.06232469616155215   0.016483250130092057   0.016312741987616425   -0.0028831874148477206   0.019410424895296825   0.022714982620064925   0.022110243411748012   0.0258978545292907   0.0316275701692454   0.011482253907142274   
T_sec   15.0   15.5   16.0   16.5   17.0   17.5   18.0   18.5   19.0   19.5   20.0   20.5   21.0   21.5   22.0   22.5   23.0   23.5   24.0   24.5   25.0   25.5   26.0   26.5   27.0   27.5   28.0   28.5   29.0   29.5   30.0   30.5   31.0   31.5   32.0   32.5   33.0   33.5   34.0   34.5   35.0   35.5   36.0   36.5   37.0   37.5   38.0   38.5   39.0   39.5   40.0   40.5   41.0   41.5   42.0   42.5   43.0   43.5   44.0   44.5   45.0   45.5   46.0   46.5   47.0   47.5   48.0   48.5   49.0   49.5   50.0   50.5   51.0   51.5   52.0   52.5   53.0   53.5   54.0   54.5   55.0   
U32   -0.0006133466031695263   0.0011280577237872316   -0.0006367917659041953   0.0012138707099769261   -0.0006612348262269093   0.0013137063516780545   -0.0006851138815712187   0.0014317819963937117   -0.0007083725203564579   0.001572197292022539   -0.0007288946987522699   0.001744100445862133   -0.0007436767494517703   0.0019515298177873472   -0.0007606629524425902   0.002199521665261079   -0.0007755599320402292   0.0025099963759162257   -0.0007779664567211402   0.0029147728519546127   -0.0007595874750776411   0.0034518905637501863   -0.0007036564457159333   0.0041893468558580095   -0.0005808723735091395   0.005247414543105133   -0.00033123572393592345   0.006861686340528845   0.00018365438430997306   0.009525376012554834   0.0013188903432014673   0.014513956269388287   0.004197050416879938   0.02595287471863517   0.013774067740443841   0.06508349578908136   0.07602496738878542   0.48248238661993353   1.0   0.33783022663265955   0.09653286002279907   0.013368797635365382   0.06182347275897055   0.03540680064324527   0.07723559980804573   0.06327319053482197   0.06218470193295436   0.06433922533267754   0.13694960750174298   -0.05113571252038526   -0.1887959507789576   -0.04773052553648493   0.00935230860792121   0.017508884546884075   0.00031384322456947343   -0.0498898187625592   -0.033814952282894314   -0.03264112592638503   -0.08160863884064817   -0.03261116904965607   -0.001790639190863983   -0.009453919973135435   -0.017991711154974433   -0.0032416377312563267   -0.01859846259047771   -0.03248062334242482   -0.0756648863954997   -0.06945919137490032   -0.014374656016807985   0.000680743036938371   0.049821440833784064   0.04503210140341695   0.02299228524532258   0.012770904702109686   0.012674973983067434   0.028653946538667503   0.010299133212234014   0.016611507075829784   0.038291571400547814   0.021938177784032273   7.200611328560522e-05   
T_sec   15.0   15.5   16.0   16.5   17.0   17.5   18.0   18.5   19.0   19.5   20.0   20.5   21.0   21.5   22.0   22.5   23.0   23.5   24.0   24.5   25.0   25.5   26.0   26.5   27.0   27.5   28.0   28.5   29.0   29.5   30.0   30.5   31.0   31.5   32.0   32.5   33.0   33.5   34.0   34.5   35.0   35.5   36.0   36.5   37.0   37.5   38.0   38.5   39.0   39.5   40.0   40.5   41.0   41.5   42.0   42.5   43.0   43.5   44.0   44.5   45.0   45.5   46.0   46.5   47.0   47.5   48.0   48.5   49.0   49.5   50.0   50.5   51.0   51.5   52.0   52.5   53.0   53.5   54.0   54.5   55.0   
U33   0.0012579088836938907   -0.0005065313007950601   0.0013341742937760255   -0.0005206671823390756   0.0014239485444393634   -0.0005317581644868248   0.001530763721786903   -0.0005358977510759664   0.0016588397277807535   -0.0005341481680249543   0.0018125247039377742   -0.0005229049396331617   0.001999224153242291   -0.000499849215946901   0.0022283666392062004   -0.00045908559629041914   0.002516691068051991   -0.00039053293404001403   0.0028886210987720817   -0.0002787731814674445   0.003379562444065285   -9.680434968094185e-05   0.004059231439476383   0.00020106980510023445   0.005036381887888272   0.0007084164413632267   0.006538843342545954   0.0016324033296077414   0.009063970404543268   0.0034837508385214453   0.013910184833477113   0.007837731192524617   0.025450955751345327   0.02177765705199214   0.0684025624643301   0.12420570526742714   0.5558043807276403   1.0   0.3695359776459482   0.17205843974881496   0.010239468828299314   -0.022858262677819003   0.03730456536828618   0.06423541787787007   0.08240248191959523   0.05121468719057493   0.07269986178887551   0.07638679740908187   0.09329855052031996   -0.0976837450369006   -0.17183884104318065   -0.015018042129229971   0.010172693406486692   0.007385428537213156   -0.04512493356986532   -0.02413898928894445   -0.04313384634634233   -0.0851239948369565   -0.022439539315455448   0.004330856254577306   -0.011809195266658011   -0.007801448980819173   0.004781121463189268   -0.01242898452729948   -0.030025962202344516   -0.08600175744511325   -0.062465025455214665   -0.002135908602506943   -0.00818632049020724   0.006087176405772383   -0.0015787249967047655   0.041852484462660725   0.02775492710060992   0.03344384884111564   0.03155478654297352   0.020825849588802542   0.003255174057957701   0.03285108558242582   0.03467532516847244   0.006811497914645298   -0.005192624558895374   
T_sec   15.0   15.5   16.0   16.5   17.0   17.5   18.0   18.5   19.0   19.5   20.0   20.5   21.0   21.5   22.0   22.5   23.0   23.5   24.0   24.5   25.0   25.5   26.0   26.5   27.0   27.5   28.0   28.5   29.0   29.5   30.0   30.5   31.0   31.5   32.0   32.5   33.0   33.5   34.0   34.5   35.0   35.5   36.0   36.5   37.0   37.5   38.0   38.5   39.0   39.5   40.0   40.5   41.0   41.5   42.0   42.5   43.0   43.5   44.0   44.5   45.0   45.5   46.0   46.5   47.0   47.5   48.0   48.5   49.0   49.5   50.0   50.5   51.0   51.5   52.0   52.5   53.0   53.5   54.0   54.5   55.0   
U34   0.001956703275393254   -0.000985689291643809   0.0020914499283926683   -0.0010421822883322932   0.002246260722473648   -0.0011001905941979769   0.002425459200207921   -0.0011601901823370447   0.0026349186706788917   -0.0012209869342170703   0.0028818544944760414   -0.0012818634654548943   0.0031802796796079145   -0.0013381352581279568   0.003541256395086454   -0.0013872354901286962   0.003985804533451019   -0.0014231958519542282   0.004547109079631277   -0.0014305042184792577   0.0052800624044634405   -0.0013793319800917965   0.006267615830029115   -0.0012162898982834797   0.007666368835102989   -0.0008256573059998832   0.009766654852236099   6.753081200160377e-05   0.013225299748564647   0.002210597460026108   0.019741749127621305   0.008165954206821601   0.03532569131588756   0.031210162659901602   0.0983071371382413   0.2624373387927184   1.0   0.7512565727791854   0.28155994961187497   0.15394778875094506   -0.07746412934402833   0.007013160069574968   0.04186514097882478   0.09798207063381419   0.06621606393112439   0.06991555609536039   0.07498300443807523   0.0854044192394854   0.07802777837984   -0.12597096038199476   -0.15742984542468505   -0.007532250234598707   0.01044562993595898   -0.011467008575800875   -0.04343574958528707   -0.010627858585912633   -0.08868489237117758   -0.05676919335004632   -0.0013062048560854487   0.002881610143949508   -0.01400675682348197   0.007836786938431373   -0.002660702466850563   -0.01382430148468151   -0.05981691807832241   -0.10004693099452125   -0.025241493100177446   -0.007037072095049242   0.0029863602307943085   -0.00496179003086546   -0.0191702574660167   0.041333318133266586   0.04052650975027447   0.05321096575985666   0.033399393265911535   0.019173771956673136   0.011403897855139403   0.04078213540940428   0.027302729273611753   0.007191045993169526   -0.004012444278153547   
T_sec   15.0   15.5   16.0   16.5   17.0   17.5   18.0   18.5   19.0   19.5   20.0   20.5   21.0   21.5   22.0   22.5   23.0   23.5   24.0   24.5   25.0   25.5   26.0   26.5   27.0   27.5   28.0   28.5   29.0   29.5   30.0   30.5   31.0   31.5   32.0   32.5   33.0   33.5   34.0   34.5   35.0   35.5   36.0   36.5   37.0   37.5   38.0   38.5   39.0   39.5   40.0   40.5   41.0   41.5   42.0   42.5   43.0   43.5   44.0   44.5   45.0   45.5   46.0   46.5   47.0   47.5   48.0   48.5   49.0   49.5   50.0   50.5   51.0   51.5   52.0   52.5   53.0   53.5   54.0   54.5   55.0   
U35   0.0007397644544828546   0.000761907082311088   0.0007964191965976671   0.0008236415193389969   0.0008645953820596358   0.0008971841388904718   0.0009450474544619044   0.0009851669606477664   0.0010438621599121233   0.0010955064886562283   0.001169676314473785   0.0012361874901112052   0.0013299524043519158   0.001416082322890099   0.0015374340209035498   0.0016527172267213047   0.0018154132792133225   0.0019720742921563845   0.0021943921729694854   0.002413114742917845   0.002729554237618716   0.0030463497376081736   0.00351810306643201   0.003999901030776723   0.004752947266130401   0.005540256850285894   0.006849477563164976   0.008269727271125482   0.010850412725115586   0.013826815061455755   0.020063150665938275   0.02828190847843503   0.050567827818118284   0.09398162042460888   0.33295550924512307   0.9196113148084827   1.0   0.5127390795701754   0.23197968720725815   -0.01946632196451272   -0.08388367735502082   0.04002125667274889   0.09819416965423658   0.0990579006371841   0.08077738704771067   0.08769642050199333   0.08079536475929763   0.07740944308348667   0.038274443353665116   -0.12322545852577786   -0.15107003259133123   -0.020599366812991616   -0.004692176860935145   -0.028021224099620514   -0.02584212902889558   -0.06644530246917621   -0.07920300643009802   -0.018171998634859434   0.007386078693401487   0.0027967492020198955   0.005117474724504564   0.0064412325411667476   -0.009048119688139221   -0.052181012888746034   -0.09700848472070626   -0.06305293915293635   -0.00867046235909077   0.00520304352426998   0.006326357880426651   -0.02433461059283195   -0.03824775607268125   0.02279473795421864   0.07925900412396639   0.07100637041467693   0.040523541636648584   0.028165416579730897   0.029299376592646684   0.033284062069720295   0.026195086701143976   0.008725703094243066   -0.0036086874949720397   
T_sec   15.0   15.5   16.0   16.5   17.0   17.5   18.0   18.5   19.0   19.5   20.0   20.5   21.0   21.5   22.0   22.5   23.0   23.5   24.0   24.5   25.0   25.5   26.0   26.5   27.0   27.5   28.0   28.5   29.0   29.5   30.0   30.5   31.0   31.5   32.0   32.5   33.0   33.5   34.0   34.5   35.0   35.5   36.0   36.5   37.0   37.5   38.0   38.5   39.0   39.5   40.0   40.5   41.0   41.5   42.0   42.5   43.0   43.5   44.0   44.5   45.0   45.5   46.0   46.5   47.0   47.5   48.0   48.5   49.0   49.5   50.0   50.5   51.0   51.5   52.0   52.5   53.0   53.5   54.0   54.5   55.0   
U36   0.0007625886770966767   0.0008616027784724714   0.0008168450535868686   0.00092601082457874   0.0008847738876841578   0.0010076179428793412   0.0009721180339669312   0.0011121522421822484   0.0010843543763424904   0.0012453418312954347   0.0012273242567931927   0.0014143579055566765   0.001411296764294774   0.0016345377424627188   0.00165495829488261   0.0019284735564816394   0.0019869983628967285   0.002334459297653316   0.0024558715071672822   0.0029161835619117542   0.0031458387261094982   0.003788853153129322   0.004214566736143194   0.0051770598158277364   0.005992834200986565   0.007586646617558222   0.009291609514107086   0.012361437155234032   0.016556766514475817   0.02415755096436272   0.03856883513424477   0.07082685845359095   0.1997674847479545   0.6468745398389305   1.0   0.7153227370018098   0.34671120600475797   0.08791393988314294   -0.1017304820433534   -0.07735585083889376   0.07238317815777752   0.09509428835535977   0.0801842572308489   0.0739098064240684   0.07513245309838859   0.04994364569927812   0.032218819918314524   0.047360907248716104   0.01084831090517246   -0.1307233782841444   -0.1264780988601851   -0.03639006822433246   -0.018808335220180116   -0.03298314653459824   -0.06856534401707572   -0.03998585571359742   -0.006578625124625353   0.004269662563794869   0.022086986545662705   0.018495240275965257   0.0056164614717264605   -0.01340567426030009   -0.06414857343455749   -0.07122601615008907   -0.029806442535558746   -0.00026299471465991275   0.02298393393184852   0.01165923890687723   -0.017820589564943992   -0.0332470316427997   -0.04160894059097651   0.004386597509209136   0.06741486108144029   0.0674199956573041   0.04541107214452887   0.029247214167650967   0.0168582982468404   0.022783396563704605   0.014748452691351686   4.8499018169372966e-05   -0.004658248152455548   
T_sec   15.0   15.5   16.0   16.5   17.0   17.5   18.0   18.5   19.0   19.5   20.0   20.5   21.0   21.5   22.0   22.5   23.0   23.5   24.0   24.5   25.0   25.5   26.0   26.5   27.0   27.5   28.0   28.5   29.0   29.5   30.0   30.5   31.0   31.5   32.0   32.5   33.0   33.5   34.0   34.5   35.0   35.5   36.0   36.5   37.0   37.5   38.0   38.5   39.0   39.5   40.0   40.5   41.0   41.5   42.0   42.5   43.0   43.5   44.0   44.5   45.0   45.5   46.0   46.5   47.0   47.5   48.0   48.5   49.0   49.5   50.0   50.5   51.0   51.5   52.0   52.5   53.0   53.5   54.0   54.5   55.0   
U37   0.0014163759574995724   0.0005426851121905701   0.001531683063496322   0.0005838088986863776   0.0016707360694949776   0.000637665697802285   0.0018369812255688007   0.0007077510701652015   0.002040504247853225   0.0008053549830700268   0.0022980245269644014   0.0009436550652323779   0.0026294762957907603   0.0011395164602436962   0.0030626444382828052   0.0014199966192052615   0.003642287113399341   0.0018326874521791784   0.004446346526631518   0.002467624950176564   0.0056251514405493905   0.00350924463399197   0.00747316450478068   0.005349775391011879   0.01062535613481791   0.008983829992158797   0.016803127687548013   0.01755934838249198   0.0321201600242797   0.046125569952561014   0.09566026254731673   0.2920076759803354   0.9579441447768791   1.0   0.6713402697526529   0.20642553518845053   0.05748473296064888   -0.10893602225719957   -0.07478584468883165   0.09524236728320205   0.08324870276968754   0.08800379916065619   0.07557478070269821   0.0871866716113477   0.036368445595734634   0.02954044914206899   0.027618175449664998   0.061218749454874766   -0.009927339921167688   -0.20216533983373522   -0.11859608562080683   -0.017460487583275387   -0.039966137239973415   -0.05277209831368328   -0.020339345070303945   0.007782524255122578   0.0035339080854486535   0.034546874586024484   0.027304898699875034   0.012606452880064846   -0.028558140726454358   -0.06640933700734639   -0.05256218541804505   -0.01645796293548255   0.008329340414415624   0.018864594577255568   0.01980661628513886   -0.01884247489639806   -0.020881993626559615   -0.01600754759479293   -0.03373140681564527   -0.03466898977083366   0.05947251210338932   0.08953515606724653   0.05127783307413932   0.028463189445438717   0.02499672540262083   0.02846116658872822   0.010946977214158502   -0.0009200636584947013   -0.003209733053712284   
T_sec   15.0   15.5   16.0   16.5   17.0   17.5   18.0   18.5   19.0   19.5   20.0   20.5   21.0   21.5   22.0   22.5   23.0   23.5   24.0   24.5   25.0   25.5   26.0   26.5   27.0   27.5   28.0   28.5   29.0   29.5   30.0   30.5   31.0   31.5   32.0   32.5   33.0   33.5   34.0   34.5   35.0   35.5   36.0   36.5   37.0   37.5   38.0   38.5   39.0   39.5   40.0   40.5   41.0   41.5   42.0   42.5   43.0   43.5   44.0   44.5   45.0   45.5   46.0   46.5   47.0   47.5   48.0   48.5   49.0   49.5   50.0   50.5   51.0   51.5   52.0   52.5   53.0   53.5   54.0   54.5   55.0   
U38   0.0009656794026417254   0.0008863539653379956   0.001038896087491072   0.0009600500994062601   0.001129724339219142   0.0010559255634323614   0.0012450771023598223   0.0011798435796406606   0.0013892315283955128   0.001339822639738377   0.001571724867633911   0.0015482590865399243   0.0018061816098931978   0.0018269190385759922   0.002118331976209255   0.002215917391763167   0.0025539411981957655   0.0027787212312906867   0.0031813216369155485   0.0036230889901219796   0.0041311899175088965   0.004966670366286264   0.00567757542079583   0.007292372207961308   0.008467355842722632   0.011832198062484553   0.014381235721995267   0.022678983975908475   0.03115665936081196   0.06192903374722355   0.13345259717016866   0.4713781171326882   1.0   0.8063772241828255   0.4519856792489402   0.055074298307080646   0.03303638169596279   -0.1116890860035969   -0.02886553298530983   0.10182884485175402   0.07145969333265947   0.07584563925171346   0.07309256026874561   0.06827653893778181   0.02500072146715185   0.02143726793529689   0.03236466602640865   0.04157328928609771   -0.010308510262883121   -0.1949480646953577   -0.11107779424104285   -0.009859174239935424   -0.043253961065401164   -0.034119516694692806   -0.00608558410286479   0.016092474899265716   0.00655799170320922   0.03393072617858866   0.022986297165295547   0.004411842292406234   -0.044113588350345886   -0.05683690495385175   -0.03295119237529145   -0.00172337346139762   0.015519730721682935   0.012382272552108251   0.014789454315469963   -0.021527090595696432   -0.01459330202457923   -0.008499552450702573   -0.028172044792448198   -0.04021725086636227   0.03891745713323741   0.09042359790958113   0.0446408122480498   0.029148606365951936   0.022153376561308592   0.02800656064047158   0.009893701195082281   -0.0032596053682113937   -0.0027213030242205028   
T_sec   15.0   15.5   16.0   16.5   17.0   17.5   18.0   18.5   19.0   19.5   20.0   20.5   21.0   21.5   22.0   22.5   23.0   23.5   24.0   24.5   25.0   25.5   26.0   26.5   27.0   27.5   28.0   28.5   29.0   29.5   30.0   30.5   31.0   31.5   32.0   32.5   33.0   33.5   34.0   34.5   35.0   35.5   36.0   36.5   37.0   37.5   38.0   38.5   39.0   39.5   40.0   40.5   41.0   41.5   42.0   42.5   43.0   43.5   44.0   44.5   45.0   45.5   46.0   46.5   47.0   47.5   48.0   48.5   49.0   49.5   50.0   50.5   51.0   51.5   52.0   52.5   53.0   53.5   54.0   54.5   55.0   
U39   0.0012479997656203925   0.0006699015396602521   0.001358867819960111   0.0007342969194923682   0.0014990604267990464   0.0008183813074474639   0.0016730612008461468   0.0009275103691592492   0.0018921094239699322   0.001070319230036271   0.0021734029318258696   0.0012627622643150435   0.002543962267662078   0.0015286762083831216   0.0030459968322139263   0.001907996413556047   0.0037526198108163277   0.002473162863999369   0.004789109972555612   0.003356684486150425   0.006412515402031208   0.004849939352732778   0.009169255854872523   0.00763374629844549   0.014447632417188527   0.013696275254297117   0.02682415972780277   0.03141216055277733   0.07069710829908225   0.14107618458195734   0.5666962993850572   1.0   0.8849703051232333   0.4539367421514873   0.08840907629746118   0.047915757703734935   -0.05510019592140932   -0.05795522703923821   0.05499213395054198   0.07977133149226831   0.06991673959485775   0.08053746157827893   0.06520195631175404   0.03035400070638055   0.012882884522924975   0.02680819582670895   0.025909905136366033   0.019397392969027025   -0.09330456952789581   -0.17739447440671505   -0.09933580509956537   -0.045106915698566605   -0.03265967091480151   -0.003895144456967112   0.0181933969501246   0.01154556037350087   0.019783718593003596   0.031378824262463995   0.01678663260994264   -0.04083663308692708   -0.055765639128928804   -0.032050351931583655   0.0031790655258978322   0.015772358675965437   0.00940268538617878   0.01198294093034435   -0.0035067807828990335   -0.013472128868009577   -9.941118388611004e-07   -0.007729226695947474   -0.0333847691180155   -0.03893098144660788   0.02473802552358525   0.06362882052548166   0.04433991382284652   0.02498743689578896   0.0237819205382319   0.018191364653650538   -0.005050702177938348   -0.012949276441581828   -0.0042142551587391625   
T_sec   15.0   15.5   16.0   16.5   17.0   17.5   18.0   18.5   19.0   19.5   20.0   20.5   21.0   21.5   22.0   22.5   23.0   23.5   24.0   24.5   25.0   25.5   26.0   26.5   27.0   27.5   28.0   28.5   29.0   29.5   30.0   30.5   31.0   31.5   32.0   32.5   33.0   33.5   34.0   34.5   35.0   35.5   36.0   36.5   37.0   37.5   38.0   38.5   39.0   39.5   40.0   40.5   41.0   41.5   42.0   42.5   43.0   43.5   44.0   44.5   45.0   45.5   46.0   46.5   47.0   47.5   48.0   48.5   49.0   49.5   50.0   50.5   51.0   51.5   52.0   52.5   53.0   53.5   54.0   54.5   55.0   
U40   0.000472033206329752   0.0014487689108904046   0.0005259307241953941   0.001582499874057054   0.0005971089205791076   0.0017471815994428614   0.0006923372885811372   0.001955536328147156   0.0008258705948376306   0.0022290260794683107   0.001011750909919516   0.002581663050135765   0.0012618143584848178   0.0030464959148432105   0.0016159677854015646   0.0036901684021218052   0.0021419136772751627   0.0046243782425196235   0.002969424908980795   0.006082088296217176   0.004382117433971588   0.008557450984145518   0.007013144743406386   0.013280610478698272   0.012716914399244205   0.024340512214187173   0.029085681686458958   0.06355431063798334   0.1273933409316482   0.4622540108421749   1.0   0.8439125938250581   0.3935636953589449   0.0569945396553192   0.03797079794508641   0.05514292854274831   -0.11087477115821467   0.019101235713021917   0.07839598794367234   0.05838265814641321   0.07829513232810971   0.06976663098721406   0.0319494947278151   0.009342937309584968   0.024608527171710592   0.03026858084881704   0.006647195345577156   -0.024214721356276028   -0.08319373350753571   -0.1836926739802695   -0.08497145724933705   -0.020560241903144177   0.005369516382406976   0.03379773405519978   0.020498235932231598   0.01137159216748034   0.02740112261849781   0.021912828048750454   -0.024196662881011095   -0.057712075795004675   -0.021185274893185044   0.006399604468079865   0.026807885241451803   0.002608001998885411   0.008946419811616606   0.0019887748081553456   -0.001875804250606964   -9.320463285424436e-05   0.0064219511374872165   -0.015687949820047193   -0.03148164341919936   -0.0404207150564219   -0.005016363624998216   0.05847727065293398   0.0485669073664967   0.027544749957154082   0.022738158301137474   0.016200738174619648   -0.002484832078379511   -0.010446320284073515   -0.0024073947328762807   
T_sec   15.0   15.5   16.0   16.5   17.0   17.5   18.0   18.5   19.0   19.5   20.0   20.5   21.0   21.5   22.0   22.5   23.0   23.5   24.0   24.5   25.0   25.5   26.0   26.5   27.0   27.5   28.0   28.5   29.0   29.5   30.0   30.5   31.0   31.5   32.0   32.5   33.0   33.5   34.0   34.5   35.0   35.5   36.0   36.5   37.0   37.5   38.0   38.5   39.0   39.5   40.0   40.5   41.0   41.5   42.0   42.5   43.0   43.5   44.0   44.5   45.0   45.5   46.0   46.5   47.0   47.5   48.0   48.5   49.0   49.5   50.0   50.5   51.0   51.5   52.0   52.5   53.0   53.5   54.0   54.5   55.0   
U41   0.0015613654110285006   0.0004847727106659398   0.0017041698140210257   0.0005515436942330218   0.0018754905540862427   0.000637457873431585   0.0020839769002601706   0.0007504811681782656   0.00234880436595313   0.0009155757391673287   0.002705249067391406   0.001160183964715921   0.00318648279791101   0.0015138316884578862   0.003848971822472436   0.002039966503195448   0.004801065047299945   0.0028630664080391143   0.006255855591878832   0.004241984205270373   0.008668012660134655   0.006770581543073956   0.013167466420911085   0.01211641890772566   0.02335786031183332   0.026526499340947415   0.05665032502517386   0.09404698262422165   0.3572854908575501   1.0   0.976224520640285   0.4378345291217628   0.12175872160587504   0.025846670796625323   0.11296724288272993   -0.05644469685418315   -0.07605980081796761   0.08013062617002287   0.05097882071554478   0.08677488645457938   0.07657557881600695   0.05045112410403336   0.006720621924255801   0.0292494418192421   0.030608115622287158   0.023590021150039418   -0.039135296799602336   -0.01998244250713207   -0.0976036550353518   -0.20535984173548377   -0.061550470423101654   0.009134714162765506   0.04549001041411743   0.036034745141998226   0.013604515100839376   0.024203607415908227   0.026950756139760074   -0.011926133659546827   -0.05256444783951716   -0.028225648966214364   0.007567299596993103   0.03147220593090361   0.010695078410267823   0.0040958711722575815   0.00820773643618243   -0.0021312209088413647   0.011584631919751717   0.004752300498684626   -0.0010602051340066249   -0.019846109613287366   -0.02741499301065069   -0.04755474058725274   -0.029137972986740018   0.053322535833537535   0.05375269463806572   0.03686473446383776   0.026804611018173063   0.025032902249309333   -0.003025432074949178   -0.006647872770451568   -0.005326146439970055   
T_sec   15.0   15.5   16.0   16.5   17.0   17.5   18.0   18.5   19.0   19.5   20.0   20.5   21.0   21.5   22.0   22.5   23.0   23.5   24.0   24.5   25.0   25.5   26.0   26.5   27.0   27.5   28.0   28.5   29.0   29.5   30.0   30.5   31.0   31.5   32.0   32.5   33.0   33.5   34.0   34.5   35.0   35.5   36.0   36.5   37.0   37.5   38.0   38.5   39.0   39.5   40.0   40.5   41.0   41.5   42.0   42.5   43.0   43.5   44.0   44.5   45.0   45.5   46.0   46.5   47.0   47.5   48.0   48.5   49.0   49.5   50.0   50.5   51.0   51.5   52.0   52.5   53.0   53.5   54.0   54.5   55.0   
U42   6.242041122082036e-05   0.0017063987302341854   0.00011428335974271879   0.0018905985675241935   0.00018674743303438067   0.0021195743739839757   0.0002880000454846042   0.0024066533374923005   0.0004309597076019063   0.0027782765250027913   0.000635772744118765   0.0032710668679821475   0.0009403144314600988   0.003956138267873279   0.0014147172847257762   0.004957438268018591   0.00218860013793333   0.006517030148308637   0.0035409886918468694   0.009164496356142499   0.006164464477259524   0.01431818874315269   0.012198000863811915   0.02687133147922128   0.03127122604113712   0.07518589659732165   0.17089580739413177   0.6882389312578194   1.0   0.45705290340225885   0.1505554697183792   0.09918801755575235   0.03838902388489919   0.09707237494902872   -0.0454722783833156   -0.0739623841952248   0.04216580033014246   0.0512650949702297   0.07531036415062886   0.048736352568818406   0.01836352452135481   0.013031772018081521   0.02662997905548609   0.021594578084527128   -0.015050706687463779   -0.05419650288655845   -0.03532792307449389   -0.028772686239273024   -0.14394722675515542   -0.12390155012828692   0.02368345872140705   0.03983924247760726   0.039472076894683066   0.013147862558335178   0.028833618937007678   0.01321801327279882   -0.0372692791176286   -0.0343570335361   0.010612970922981298   0.01320139849664639   0.02062783136986866   0.005467246264237081   0.0016200690160199098   0.007553899892558567   0.0055487878781339895   0.018872973549906198   0.005958728856407707   -0.015537622354476881   -0.003498143429345843   -0.017820726130499606   -0.033887412350134705   -0.05535534816033099   -0.04108701200156219   0.02637619893109881   0.04250267855267581   0.022632320590248382   0.02509141236616202   0.006082645045944104   -0.030979673502559417   -0.030944215081362015   -0.026872759754442536   
T_sec   15.0   15.5   16.0   16.5   17.0   17.5   18.0   18.5   19.0   19.5   20.0   20.5   21.0   21.5   22.0   22.5   23.0   23.5   24.0   24.5   25.0   25.5   26.0   26.5   27.0   27.5   28.0   28.5   29.0   29.5   30.0   30.5   31.0   31.5   32.0   32.5   33.0   33.5   34.0   34.5   35.0   35.5   36.0   36.5   37.0   37.5   38.0   38.5   39.0   39.5   40.0   40.5   41.0   41.5   42.0   42.5   43.0   43.5   44.0   44.5   45.0   45.5   46.0   46.5   47.0   47.5   48.0   48.5   49.0   49.5   50.0   50.5   51.0   51.5   52.0   52.5   53.0   53.5   54.0   54.5   55.0   
U43   0.0008327089082982025   0.001169032039061465   0.0009896142588627641   0.0013640798690609495   0.0011924404942962486   0.0016154788180896636   0.0014623804807106845   0.0019504558677862474   0.0018348315745965768   0.0024138627334532904   0.002365943970731607   0.003078478858571464   0.003168409136743024   0.004093003646718847   0.0044449270266150994   0.00573979440360892   0.006663266330110046   0.008711090238757263   0.01102901925567514   0.014992904514183681   0.021619974618923423   0.03275551158248324   0.06069869347241713   0.13839396529024584   0.5035241742329342   1.0   0.7187356850754876   0.1992682717580284   0.17125749241334243   0.12534113855341822   0.05685038051190435   0.07585026797947493   0.024367038469366067   -0.10175850687654922   -0.027870243786840047   0.07938633054007639   0.06725439052914829   0.03979352637659782   0.03133838058024445   0.03816192637704525   0.029376143197709707   0.007463322782022605   -0.03181557827745452   -0.046627467496507015   -0.035814926852059406   -0.06812368837503062   -0.06224065748653877   -0.018570126463432066   -0.05777391453551885   -0.038707693096180294   0.056211968771693314   0.05701029244691557   0.028913225606736145   -0.004636363129921053   -0.03888804730967583   -0.008177337007159585   0.02771973109575679   0.024591679210504723   0.01928904606290485   0.009992424301509113   0.00705527868119404   0.018874243330783257   0.027121068189084416   0.00864075300912657   -0.010448276489597612   -0.008574265948686152   -0.004817759549752127   -0.013929271692298606   -0.021105784575777085   -0.0298926834232294   -0.03838545516399457   -0.042045376198163245   -0.03271196635762775   0.010554965410207775   0.049405988434041516   0.03643128594863299   0.0055331538013840414   -0.010059324277999689   0.0043147045726436815   0.012943523943967822   0.004568875162159209   
T_sec   15.0   15.5   16.0   16.5   17.0   17.5   18.0   18.5   19.0   19.5   20.0   20.5   21.0   21.5   22.0   22.5   23.0   23.5   24.0   24.5   25.0   25.5   26.0   26.5   27.0   27.5   28.0   28.5   29.0   29.5   30.0   30.5   31.0   31.5   32.0   32.5   33.0   33.5   34.0   34.5   35.0   35.5   36.0   36.5   37.0   37.5   38.0   38.5   39.0   39.5   40.0   40.5   41.0   41.5   42.0   42.5   43.0   43.5   44.0   44.5   45.0   45.5   46.0   46.5   47.0   47.5   48.0   48.5   49.0   49.5   50.0   50.5   51.0   51.5   52.0   52.5   53.0   53.5   54.0   54.5   55.0   
U44   0.0026506527291000987   -0.0009254061239715566   0.003000477643415953   -0.000943064894159545   0.003440404356793756   -0.0009426937667866822   0.004002512549289578   -0.0009107411251186429   0.004739856420447986   -0.0008219448645934733   0.00575057835578253   -0.000621476353887491   0.007188532975834623   -0.00019397212362858973   0.009386513504059254   0.0007306014054334215   0.01304533914600149   0.002888612782826437   0.020021029610249996   0.00883604750342732   0.0368772731341864   0.03198676418696016   0.10579776496484526   0.2670223569146709   1.0   0.7728773136301397   0.14285029521394163   0.19207771992243336   0.13004258338215224   0.06539464065663178   0.03704591758123234   0.10041739334838645   -0.08397038285132252   -0.09548807077855752   0.05680790954268299   0.06963286511837913   0.03222529494623545   0.028755998751794538   0.03848709782359929   0.031001196188013797   0.010466125499056216   -0.02018133904812904   -0.05304485760418877   -0.018768709479410083   -0.06690559845089278   -0.07698308793958634   -0.010386276522986697   0.0063657262990814605   -0.08217953793355115   -0.003553343655011532   0.06257076184773261   0.03991679032956944   0.0179444916817184   -0.03859796112190681   -0.012121798887497823   0.02236372038346273   0.016353901978068033   0.021427482401210837   0.01031044504711443   0.003866868771135465   0.007647946185717698   0.029035035531340295   0.011459900856881224   -0.010050818533145649   -0.013498136060044024   0.003613874209758213   -0.011778571994917542   -0.019714690492788713   -0.017180674360622806   -0.026563088389589637   -0.032448232315802884   -0.0316602342758023   -0.03584917885719846   0.014104643103265644   0.03474032776129133   0.009557781680696901   -0.016064298865474357   -0.012405508808492643   0.014286585129747299   0.011701179245680118   -0.0020820494522822636   
sta_location:10.224929,10.611104,10.920886,11.46489,11.970286,12.31973,12.800243,13.10525,13.575499,13.894837,14.143772,14.746186,15.171263,15.423911,15.837851,16.208076,16.604109,17.114248,17.486032,18.220173,19.031988,19.243315,19.935616,20.271973,20.931608,21.394547,21.926945,22.317497,22.649956,22.96242,23.429052,23.855242,24.14646,24.604383,24.795444,25.123894,25.770329,26.291788,26.456755,26.830933,27.205534,27.497725,28.096323,29.022808,29.294538,
rebuild_index:0,1,2,3,4,5,6,7,8,9,10,11,12,13,14,15,16,17,18,19,20,21,22,23,24,25,26,27,28,29,30,31,32,33,34,35,36,37,38,39,40,41,42,43,44,
use_index:0,1,2,3,4,5,6,7,8,9,10,11,12,13,14,15,16,17,18,19,20,21,22,23,24,25,26,27,28,29,30,31,32,33,34,35,36,37,38,39,40,41,42,43,44,
rebuild_locdata:10.224929,10.611104,10.920886,11.46489,11.970286,12.31973,12.800243,13.10525,13.575499,13.894837,14.143772,14.746186,15.171263,15.423911,15.837851,16.208076,16.604109,17.114248,17.486032,18.220173,19.031988,19.243315,19.935616,20.271973,20.931608,21.394547,21.926945,22.317497,22.649956,22.96242,23.429052,23.855242,24.14646,24.604383,24.795444,25.123894,25.770329,26.291788,26.456755,26.830933,27.205534,27.497725,28.096323,29.022808,29.294538,
cut_start_time:15---cut_windows:40---reduction_v:10---move_time_window_all:0.0
move_time_window:0.0,0.0,0.0,0.0,0.0,0.0,0.0,0.0,0.0,0.0,0.0,0.0,0.0,0.0,0.0,0.0,0.0,0.0,0.0,0.0,0.0,0.0,0.0,0.0,0.0,0.0,0.0,0.0,0.0,0.0,0.0,0.0,0.0,0.0,0.0,0.0,0.0,0.0,0.0,0.0,0.0,0.0,0.0,0.0,0.0,
sta_noise_mean:0,0,0,0,0,0,0,0,0,0,0,0,0,0,0,0,0,0,0,0,0,0,0,0,0,0,0,0,0,0,0,0,0,0,0,0,0,0,0,0,0,0,0,0,0,
sta_noise_sigma:0,0,0,0,0,0,0,0,0,0,0,0,0,0,0,0,0,0,0,0,0,0,0,0,0,0,0,0,0,0,0,0,0,0,0,0,0,0,0,0,0,0,0,0,0,
add_noise_region_move_range:0,0,0,0,0,0,0,0,0,0,0,0,0,0,0,0,0,0,0,0,0,0,0,0,0,0,0,0,0,0,0,0,0,0,0,0,0,0,0,0,0,0,0,0,0,