T_sec   15.0   15.5   16.0   16.5   17.0   17.5   18.0   18.5   19.0   19.5   20.0   20.5   21.0   21.5   22.0   22.5   23.0   23.5   24.0   24.5   25.0   25.5   26.0   26.5   27.0   27.5   28.0   28.5   29.0   29.5   30.0   30.5   31.0   31.5   32.0   32.5   33.0   33.5   34.0   34.5   35.0   35.5   36.0   36.5   37.0   37.5   38.0   38.5   39.0   39.5   40.0   40.5   41.0   41.5   42.0   42.5   43.0   43.5   44.0   44.5   45.0   45.5   46.0   46.5   47.0   47.5   48.0   48.5   49.0   49.5   50.0   50.5   51.0   51.5   52.0   52.5   53.0   53.5   54.0   54.5   55.0   
U0   -0.00033211817217911396   0.0026624165048025157   -0.0004264062818003895   0.00272965357029536   -0.0005404519410968636   0.0027964761824604404   -0.0006718979222444073   0.0028669750085572416   -0.0008189137485030771   0.0029450370298407503   -0.0009822851624809164   0.003028123252573518   -0.0011756726202208682   0.0031049093718044036   -0.0014046946884715928   0.0032060358085876997   -0.0016214036992935066   0.003366294438589074   -0.0018342101339606377   0.0035793993209441814   -0.002052503280381402   0.003857202355047202   -0.0022747554935220685   0.00421486955465965   -0.0025053869981371732   0.004674151322095363   -0.002748054196464386   0.0052635535921556655   -0.0030177561751243134   0.006016085987966872   -0.0033342106931800704   0.006997934682922525   -0.003708773085397358   0.008334672651139869   -0.004139260648561564   0.01027867503819914   -0.004593824688258885   0.013351508881014615   -0.004935004124458888   0.01885532173355809   -0.004446171453530895   0.031238089699804416   0.00158617917698212   0.0762755621572465   0.09495332017819244   0.6823259032327585   1.0   0.19823680813098343   0.044436583165444604   -0.10185008486963762   -0.07894062805402584   -0.07373806102018499   -0.019851828617227733   -0.05720626048959729   -0.10196139459319309   -0.10400890568133941   -0.03973663987729463   -0.04858176937252173   0.0035588773421368685   0.02759320688992822   0.03987538352156566   0.07322338089880812   0.07466932396862908   0.08377061966713537   0.031535025437129466   -0.08036890271950974   -0.019954389198394557   -0.021434098655670253   0.002600985789486317   -0.01663741838182424   -0.013256186515959873   -0.059067637644691584   -0.056567480655148474   -0.14329758685032226   -0.12152304916232978   -0.07546944222560735   -0.04643703624108688   -0.01524017775861507   0.0016997334584205007   -0.0030607132532706562   0.0009383346658837956   
T_sec   15.0   15.5   16.0   16.5   17.0   17.5   18.0   18.5   19.0   19.5   20.0   20.5   21.0   21.5   22.0   22.5   23.0   23.5   24.0   24.5   25.0   25.5   26.0   26.5   27.0   27.5   28.0   28.5   29.0   29.5   30.0   30.5   31.0   31.5   32.0   32.5   33.0   33.5   34.0   34.5   35.0   35.5   36.0   36.5   37.0   37.5   38.0   38.5   39.0   39.5   40.0   40.5   41.0   41.5   42.0   42.5   43.0   43.5   44.0   44.5   45.0   45.5   46.0   46.5   47.0   47.5   48.0   48.5   49.0   49.5   50.0   50.5   51.0   51.5   52.0   52.5   53.0   53.5   54.0   54.5   55.0   
U1   0.001838386927004491   0.004279486290429771   0.0017248770883266972   0.004300928223572118   0.001597224028687744   0.004320982572275946   0.0014443875499769653   0.004320483042330562   0.001244234074046117   0.0042870824009374866   0.0010116487345245835   0.004289217012720942   0.0008179389390762036   0.004346306951334961   0.0006438301391378488   0.004456255131618685   0.0004869581770007378   0.004618820689858259   0.0003477342105272669   0.004849463935235117   0.00022834582681878927   0.005155956911681516   0.00012153517534604084   0.005545189368873519   1.5136208597387766e-05   0.00602098126583258   -0.00011499692840174479   0.006591098188626209   -0.00028323542195274765   0.0073027942831063175   -0.0004858897810677104   0.008225321534360107   -0.0007356781514895885   0.009454314010145284   -0.0010802139153381803   0.011158649294165013   -0.0015399831783946382   0.013786700090125233   -0.0020262500367410285   0.018524891271602582   -0.00206755660842768   0.029196777671270824   0.0012002566810834347   0.06606281677416533   0.044910009259402146   0.5296559710520676   1.0   0.29938182788366113   0.014515397755107151   -0.16791767176917796   -0.1267971777328133   -0.10351247358195098   -0.05789770565608763   -0.10253892180442378   -0.14356978772718326   -0.14677778868444707   -0.06637499844296958   -0.05135275079335266   0.011582680930123242   0.032082928892074196   0.08283873921262433   0.17161055921062424   0.1885973280111367   0.12714256407698776   -0.0399433160810892   -0.11583453112145256   -0.04997108475629447   -0.03919962097302836   -0.024895127782525533   -0.06425522873052299   -0.06897546985533834   -0.09992130211254269   -0.12015698755163265   -0.19801361258567157   -0.1753426951209126   -0.11182837544095472   -0.044873291416410686   -0.012809366281451358   -0.009228078189905007   -0.017121043918067326   -0.023218384717673967   
T_sec   15.0   15.5   16.0   16.5   17.0   17.5   18.0   18.5   19.0   19.5   20.0   20.5   21.0   21.5   22.0   22.5   23.0   23.5   24.0   24.5   25.0   25.5   26.0   26.5   27.0   27.5   28.0   28.5   29.0   29.5   30.0   30.5   31.0   31.5   32.0   32.5   33.0   33.5   34.0   34.5   35.0   35.5   36.0   36.5   37.0   37.5   38.0   38.5   39.0   39.5   40.0   40.5   41.0   41.5   42.0   42.5   43.0   43.5   44.0   44.5   45.0   45.5   46.0   46.5   47.0   47.5   48.0   48.5   49.0   49.5   50.0   50.5   51.0   51.5   52.0   52.5   53.0   53.5   54.0   54.5   55.0   
U2   0.005624535935215837   0.004321294710625176   0.005640716573839933   0.004261373170123308   0.0056883460685207814   0.004227852278698216   0.005771546099097158   0.004216573859663465   0.005888682592372617   0.004232513126303715   0.006046364834828266   0.004269841331888421   0.006234678896742441   0.004316156940053594   0.006445381418437588   0.004364850664318123   0.006684301146644247   0.0044258364344036735   0.006963839617726411   0.004500889832717741   0.007285994216367476   0.004565951829435251   0.00761523090351957   0.004589895322858999   0.007951740873385486   0.004566464799535504   0.008305102531083094   0.004495267750499691   0.008708671703728207   0.004407394780601106   0.00923109314650505   0.004328247018080013   0.009931215885383664   0.004273631176724769   0.010924976988635688   0.004310057931710243   0.012440518354346107   0.004587039830920852   0.014975976786422221   0.005558824146427262   0.01989077665163191   0.00892822867425608   0.032055983584341446   0.024167700804320274   0.0825785788875437   0.2005258907425358   1.0   0.887943711408867   0.11560644654786748   -0.13842823633890636   -0.13038177145406354   -0.07341082582342422   -0.11525667309694784   -0.11624031210433006   -0.13562465662263712   -0.13534314057607913   -0.06821156224199149   0.01975082430151136   0.033853711132600384   0.1516404786243874   0.2954540819125369   0.34022683220714917   0.07501391682606356   -0.14282533013740772   -0.14153398069081188   -0.1373785648305201   -0.12333150911889315   -0.11062207826637666   -0.10827645329252021   -0.1443552849407649   -0.16325041277879132   -0.14653243553794068   -0.12533158964112232   -0.10960011079165943   -0.1303001663521025   -0.05843151321248923   -0.01972257232118492   -0.005174842024963095   -0.018620529981600298   -0.010979236170583015   -0.013571951485599625   
T_sec   15.0   15.5   16.0   16.5   17.0   17.5   18.0   18.5   19.0   19.5   20.0   20.5   21.0   21.5   22.0   22.5   23.0   23.5   24.0   24.5   25.0   25.5   26.0   26.5   27.0   27.5   28.0   28.5   29.0   29.5   30.0   30.5   31.0   31.5   32.0   32.5   33.0   33.5   34.0   34.5   35.0   35.5   36.0   36.5   37.0   37.5   38.0   38.5   39.0   39.5   40.0   40.5   41.0   41.5   42.0   42.5   43.0   43.5   44.0   44.5   45.0   45.5   46.0   46.5   47.0   47.5   48.0   48.5   49.0   49.5   50.0   50.5   51.0   51.5   52.0   52.5   53.0   53.5   54.0   54.5   55.0   
U3   0.002695140016471175   0.0028003749635775455   0.002703663997868227   0.0028295392516062656   0.0027271479936505595   0.0028757426994982693   0.002767245830519405   0.0029377567993290952   0.002815612800894416   0.003006310631890669   0.002870746226222727   0.0030857892103615505   0.0029359537599068044   0.0031800766550693434   0.0030156204151252073   0.003290174751715959   0.0031052856046251925   0.0034054329250204915   0.003187333701618335   0.0035139246433717234   0.003261915854253006   0.003619382878948892   0.0033268017689028306   0.003720229379124949   0.003391139342295851   0.003840194184642293   0.0034785830411002833   0.00399731824106612   0.0036018625860750352   0.004205909521782385   0.0037811261939316395   0.0044990445608157495   0.004054638601021007   0.004928143134052802   0.004492966014239349   0.005597849768116324   0.005243204113184699   0.00673755428455756   0.006657579339744645   0.00892587639264043   0.00971799907332388   0.014021603303552987   0.018089756584500245   0.03097626432891566   0.05590259958607674   0.18464413324624662   0.6899664325985821   1.0   0.28033359718949113   -0.0867555083566429   -0.054012270982380615   -0.03943271415547588   -0.06236756767517266   -0.07575650662725983   -0.06380335458800485   -0.07792437656852974   -0.04190795549615693   0.025139855584355223   0.05345904972043518   0.13597070984274098   0.23866881322950015   0.18010728796321684   -0.011833689755450776   -0.12406739111200245   -0.11816448997989004   -0.11242784775531006   -0.12301784546571486   -0.08575294974523257   -0.08002301897250663   -0.10036476743244235   -0.08965142696141816   -0.060262033389696656   -0.04510477285630954   -0.04935494016191917   -0.08321158093196242   -0.06513129042727502   -0.009152217903653427   -0.0013127909970709632   0.001087239564317351   -0.0007887226584797147   0.003305152996081589   
T_sec   15.0   15.5   16.0   16.5   17.0   17.5   18.0   18.5   19.0   19.5   20.0   20.5   21.0   21.5   22.0   22.5   23.0   23.5   24.0   24.5   25.0   25.5   26.0   26.5   27.0   27.5   28.0   28.5   29.0   29.5   30.0   30.5   31.0   31.5   32.0   32.5   33.0   33.5   34.0   34.5   35.0   35.5   36.0   36.5   37.0   37.5   38.0   38.5   39.0   39.5   40.0   40.5   41.0   41.5   42.0   42.5   43.0   43.5   44.0   44.5   45.0   45.5   46.0   46.5   47.0   47.5   48.0   48.5   49.0   49.5   50.0   50.5   51.0   51.5   52.0   52.5   53.0   53.5   54.0   54.5   55.0   
U4   0.0033379570166537182   0.003204778464593391   0.0034048284863146165   0.0032739069539011114   0.003478194290012446   0.003340537966465133   0.003542395888929509   0.0033989348073458128   0.0036007405643584903   0.0034488048539945753   0.0036475437868114455   0.003485393610020901   0.003683735589385799   0.0035176928862054183   0.003720392408508864   0.0035517320000363465   0.0037620963465710253   0.003590525610257795   0.003810587241218692   0.0036369159816137366   0.0038693447677446875   0.0036921779352018687   0.0039394713532465726   0.0037580513086686025   0.0040260141166634416   0.0038425978796971425   0.004140979527520035   0.003954224213970968   0.004295099234243393   0.004106849012661366   0.004512213781882855   0.004324537380269511   0.0048286352015612126   0.004645910533016715   0.005316642767523775   0.005153895432833547   0.006111217972383383   0.005998515070763308   0.007521321600877378   0.007568150195407581   0.010369878969691784   0.010973005516821642   0.01743794552004314   0.020651395933545064   0.04347122944983711   0.0715160461713039   0.33508954337222346   1.0   0.6376805120380136   0.014717662853459481   -0.048245654044305836   -0.02627169726652241   -0.07334776412157304   -0.0778573175201701   -0.036202790507097946   -0.022425748076665867   -0.012133679061347526   0.0701919918116306   0.20193043995273585   0.3020941406845062   0.1536540567723429   -0.04230805133775482   -0.07453277202651852   -0.11860245137237217   -0.17597549593531725   -0.16849053801464114   -0.19383844169648026   -0.17434373064150366   -0.11055622495536396   -0.051894414092249604   -0.027529378585269913   -0.008418910357403785   -0.004873473720491401   -0.010208746771582953   -0.05741893578321519   -0.09488721278165199   -0.046879088839366645   -0.006114426008138285   0.0020822855581942123   -0.001046055722538984   0.019948783446813383   
T_sec   15.0   15.5   16.0   16.5   17.0   17.5   18.0   18.5   19.0   19.5   20.0   20.5   21.0   21.5   22.0   22.5   23.0   23.5   24.0   24.5   25.0   25.5   26.0   26.5   27.0   27.5   28.0   28.5   29.0   29.5   30.0   30.5   31.0   31.5   32.0   32.5   33.0   33.5   34.0   34.5   35.0   35.5   36.0   36.5   37.0   37.5   38.0   38.5   39.0   39.5   40.0   40.5   41.0   41.5   42.0   42.5   43.0   43.5   44.0   44.5   45.0   45.5   46.0   46.5   47.0   47.5   48.0   48.5   49.0   49.5   50.0   50.5   51.0   51.5   52.0   52.5   53.0   53.5   54.0   54.5   55.0   
U5   0.004693873826673714   0.00575817807395863   0.004720489325610902   0.005843721773715594   0.004731226802299026   0.005922985148805532   0.004730923109449871   0.006003615988009166   0.004725314097111905   0.00608657153313193   0.004715222788631962   0.006178967771951525   0.004703092940671166   0.006279634742261304   0.0046849740411647085   0.006389311892634113   0.004661841061439107   0.0065138388884404   0.004635808548816747   0.006656771187153321   0.004607762843944614   0.006828142072820107   0.0045797172067758825   0.007031025845595505   0.004550329486576234   0.007281558818983012   0.004526354836986261   0.007593965359290949   0.00451052192559191   0.007997015816153457   0.0045115865092972525   0.008524732687056114   0.004538684214955555   0.009242514644033436   0.004621887171857315   0.010272467931693256   0.0048372176269808895   0.011867435433994293   0.005363753210128246   0.014584322880062695   0.006695004913585139   0.019890213921007354   0.010550815150016882   0.03299922867128181   0.025891231244656757   0.08545074542113416   0.17598176986765332   0.9067743955634326   1.0   0.1590392347863157   -0.0678132957056416   -0.04733545409988525   -0.09285409944297426   -0.10612071327754811   -0.027620271332418473   0.01962660459653479   0.04671410766433845   0.20391790207421207   0.4979243397431367   0.3158250537218906   -0.04450266423395757   -0.12123477088967902   -0.14057932651505758   -0.20162087101378673   -0.27439468202136685   -0.2827442664193659   -0.2749508326150395   -0.21411549000304184   -0.07681609968288138   -0.02109661017882749   -0.022205978782478316   -0.011643039783943803   0.006780693749437811   -0.013296852091860214   -0.05115536300629116   -0.1302631319016161   -0.08628947945970897   -0.009160658663424392   0.003347024917759934   0.013715679046947494   0.044084695825416166   
T_sec   15.0   15.5   16.0   16.5   17.0   17.5   18.0   18.5   19.0   19.5   20.0   20.5   21.0   21.5   22.0   22.5   23.0   23.5   24.0   24.5   25.0   25.5   26.0   26.5   27.0   27.5   28.0   28.5   29.0   29.5   30.0   30.5   31.0   31.5   32.0   32.5   33.0   33.5   34.0   34.5   35.0   35.5   36.0   36.5   37.0   37.5   38.0   38.5   39.0   39.5   40.0   40.5   41.0   41.5   42.0   42.5   43.0   43.5   44.0   44.5   45.0   45.5   46.0   46.5   47.0   47.5   48.0   48.5   49.0   49.5   50.0   50.5   51.0   51.5   52.0   52.5   53.0   53.5   54.0   54.5   55.0   
U6   0.0021543428290485807   0.0028859973831321614   0.002152973167175179   0.0029256249668116975   0.002149024901674871   0.0029674048107187867   0.002143357095112293   0.0030126933583245895   0.0021364775857779586   0.003062576114720498   0.0021298793532190706   0.003120611823253944   0.0021247494029308623   0.0031856770808868827   0.0021184321367431294   0.0032600065519933366   0.002113289372210226   0.0033471565515803253   0.002111168940143879   0.0034502868994649694   0.0021117770599282395   0.0035734752858862435   0.0021156887889546045   0.0037199403281716757   0.002122194217757722   0.003897905917671284   0.002137779147800919   0.004121004999968706   0.00216643281438732   0.004409185303600994   0.0022209310011890473   0.004795048406416164   0.0023190178234540233   0.005332734452239706   0.0024950313968954982   0.006119803271212371   0.0028183335790010903   0.007351472174572696   0.0034439000481915256   0.009444192875544434   0.004746933883812563   0.013508420606908886   0.007909830873035859   0.023245636984461623   0.01804217200185581   0.05846222962899188   0.0829177370482504   0.4746000534692422   1.0   0.5055527479996301   0.015872562600376127   -0.01931516023322085   -0.05615520029179031   -0.0541922545337031   0.007028423193153387   0.08083026335561871   0.1483123251498707   0.386019386600889   0.3552917273407176   -0.02383146194723256   -0.14836639373464466   -0.14233170083342347   -0.16667688769317696   -0.18884693196599234   -0.21265875709386567   -0.201412171138954   -0.14395237001512629   -0.1102652572992319   -0.040071274093453735   -0.008185755742726378   -0.003563139911214985   0.0037725261129424605   0.016189447829557124   -0.006527942035562555   -0.036248930069503894   -0.08489140983935321   -0.07881035348598041   -0.025832166072219737   0.011779972286181764   0.035321862994505536   0.04108844484051985   
T_sec   15.0   15.5   16.0   16.5   17.0   17.5   18.0   18.5   19.0   19.5   20.0   20.5   21.0   21.5   22.0   22.5   23.0   23.5   24.0   24.5   25.0   25.5   26.0   26.5   27.0   27.5   28.0   28.5   29.0   29.5   30.0   30.5   31.0   31.5   32.0   32.5   33.0   33.5   34.0   34.5   35.0   35.5   36.0   36.5   37.0   37.5   38.0   38.5   39.0   39.5   40.0   40.5   41.0   41.5   42.0   42.5   43.0   43.5   44.0   44.5   45.0   45.5   46.0   46.5   47.0   47.5   48.0   48.5   49.0   49.5   50.0   50.5   51.0   51.5   52.0   52.5   53.0   53.5   54.0   54.5   55.0   
U7   0.004474461008267388   0.003962761870179615   0.004514260604900857   0.003979368121529106   0.004561015176841319   0.003997776953832594   0.00461034594595828   0.004017150913740333   0.0046630903656014865   0.004037553838379572   0.004722725923424439   0.0040580844372733104   0.004788415166077386   0.0040831853256792965   0.0048644730345635745   0.0041102164692937825   0.004947358204102258   0.004137502961417268   0.0050405481623469325   0.004166847383003753   0.005146619106474097   0.004199214861657489   0.005269885977486995   0.00423737310593672   0.005419042494519375   0.004288532439657445   0.005606196027231222   0.004356425698982162   0.005844986139093429   0.004455853198871833   0.006163619539445222   0.0046031339236033255   0.006596717138646623   0.004830668130220443   0.007214549722149179   0.005204739728128541   0.008146362652625288   0.005853945988465911   0.009643533928590055   0.007077835395059049   0.012287077955154584   0.009687728194070353   0.017686150682131002   0.016489534263220935   0.031879615336634456   0.042467625953288485   0.09888397749032128   0.33501221623151245   1.0   0.9107641238572727   0.034451289619644165   -0.023982281584148994   -0.09431942115527278   -0.045899258247901524   0.0201390539599591   0.1842220601215222   0.4264564450582022   0.7246944914662534   0.23839100734148702   -0.24775037219286075   -0.2569349680080894   -0.29539019123443017   -0.28626681929578923   -0.2712074526835905   -0.20262647520455124   -0.21229458063099352   -0.14895032227849275   -0.10644317540030133   -0.08203105688171188   -0.02277587960496677   -0.004518233920324576   0.008843632395397216   0.003358011059860616   -0.009608600586859636   -0.052066139474051115   -0.06411340786465665   -0.10615104064261423   -0.06696588019121695   0.03366674286242007   0.05399973795282272   0.043470424799888996   
T_sec   15.0   15.5   16.0   16.5   17.0   17.5   18.0   18.5   19.0   19.5   20.0   20.5   21.0   21.5   22.0   22.5   23.0   23.5   24.0   24.5   25.0   25.5   26.0   26.5   27.0   27.5   28.0   28.5   29.0   29.5   30.0   30.5   31.0   31.5   32.0   32.5   33.0   33.5   34.0   34.5   35.0   35.5   36.0   36.5   37.0   37.5   38.0   38.5   39.0   39.5   40.0   40.5   41.0   41.5   42.0   42.5   43.0   43.5   44.0   44.5   45.0   45.5   46.0   46.5   47.0   47.5   48.0   48.5   49.0   49.5   50.0   50.5   51.0   51.5   52.0   52.5   53.0   53.5   54.0   54.5   55.0   
U8   0.004220002188302134   0.004219110032069465   0.004252542655388024   0.004260184642444064   0.004285719852818907   0.0043036155219699735   0.004319533780594782   0.004351822490541391   0.00435634070786696   0.004399392728767816   0.0043932111858820235   0.004451102325694758   0.004430718394242081   0.004503958281825911   0.0044694990632921225   0.004563946596153886   0.00451190946218346   0.004626864359235277   0.004556803231711879   0.004697487660115593   0.004609593191267883   0.004782375677389548   0.004673272340347776   0.0048833115006063485   0.00475147040879285   0.005006854308360705   0.004852020035887807   0.005165549278239939   0.004987529949962851   0.005370094947539279   0.005168889340541869   0.00564621840177836   0.005430931393119177   0.006035121352817549   0.005821161572262182   0.006607362327878146   0.006434527256362815   0.007502338842596433   0.007465062560905449   0.009018841217743533   0.009364388987369084   0.01189760321890892   0.013371982294183883   0.018454685821127075   0.024017684259272365   0.039515806031135844   0.0702457711442509   0.21114691040429448   0.7519286060476801   1.0   0.2839674605094084   -0.053169860113527125   -0.06619568921280829   -0.03529529886422611   0.09244043283417137   0.35204971119443856   0.8692265688461815   0.6248675407399333   -0.23544418817728152   -0.35390624160635836   -0.37534719025877117   -0.37223430039227645   -0.27567224191979056   -0.16586454092572667   -0.13499333295742844   -0.16913567255096734   -0.12638637658282942   -0.09387827023228686   -0.11039645073265711   -0.03688753986385625   0.011226881623301606   0.011473700888469392   0.0042193300506436745   -0.025296072931872714   -0.04240889662660549   -0.04328929849550122   -0.1153528400415824   -0.07383517215349554   0.03339881917411167   0.01038974019873383   -0.01102739796004681   
T_sec   15.0   15.5   16.0   16.5   17.0   17.5   18.0   18.5   19.0   19.5   20.0   20.5   21.0   21.5   22.0   22.5   23.0   23.5   24.0   24.5   25.0   25.5   26.0   26.5   27.0   27.5   28.0   28.5   29.0   29.5   30.0   30.5   31.0   31.5   32.0   32.5   33.0   33.5   34.0   34.5   35.0   35.5   36.0   36.5   37.0   37.5   38.0   38.5   39.0   39.5   40.0   40.5   41.0   41.5   42.0   42.5   43.0   43.5   44.0   44.5   45.0   45.5   46.0   46.5   47.0   47.5   48.0   48.5   49.0   49.5   50.0   50.5   51.0   51.5   52.0   52.5   53.0   53.5   54.0   54.5   55.0   
U9   0.0006197589488762009   0.0016555405465650999   0.0006072098883761078   0.0017072556396714015   0.0005923606900796337   0.001761382735552846   0.0005752074999991358   0.0018204896863891463   0.0005567451088313133   0.0018845814019006586   0.0005371662159583533   0.0019563008529885455   0.000517812470964892   0.002035785511822777   0.0004986838738509287   0.0021243200409512644   0.00047898673410416443   0.002223982793434217   0.00046124459085331205   0.0023392169233580977   0.0004475726914791583   0.0024715525792886237   0.0004401320693295975   0.0026280513376116376   0.00044343304465933886   0.002814637403775759   0.0004639358245285099   0.003040737155193085   0.0005111380201451159   0.003321701174724332   0.0006017682473060379   0.0036787470182199507   0.0007641768720434772   0.004148532883542906   0.001046934358049426   0.004786602550073276   0.0015416753670449187   0.0057041908681819   0.002439377197759479   0.007120290058084567   0.004163731979122219   0.009542445162702178   0.00783314841805826   0.014404083405956744   0.01717815591546672   0.027419782752451233   0.05165234781719177   0.09558392079340136   0.42425970027838883   1.0   0.5778376981388089   0.1340643419846756   -0.03778876162206859   0.08338474506391912   0.1770566008239182   0.9454235758114975   0.7072259246489637   -0.2856023029224173   -0.4272504230637245   -0.39083164388953145   -0.2766925952201828   -0.19793775576708517   -0.06959559380683464   -0.08211776970247282   -0.07685023284829101   -0.08513003181790783   -0.07696957891925231   -0.10485431329848613   -0.09601868554810147   -0.019613817436110025   0.027415255448913434   0.019781629828049263   -0.02831455760654066   -0.03115090343942136   0.00019113106048747027   -0.07439159391365995   -0.10232700227610243   -0.09308915241224609   -0.029648382984559615   -0.018165522398853367   0.009494979103700802   
T_sec   15.0   15.5   16.0   16.5   17.0   17.5   18.0   18.5   19.0   19.5   20.0   20.5   21.0   21.5   22.0   22.5   23.0   23.5   24.0   24.5   25.0   25.5   26.0   26.5   27.0   27.5   28.0   28.5   29.0   29.5   30.0   30.5   31.0   31.5   32.0   32.5   33.0   33.5   34.0   34.5   35.0   35.5   36.0   36.5   37.0   37.5   38.0   38.5   39.0   39.5   40.0   40.5   41.0   41.5   42.0   42.5   43.0   43.5   44.0   44.5   45.0   45.5   46.0   46.5   47.0   47.5   48.0   48.5   49.0   49.5   50.0   50.5   51.0   51.5   52.0   52.5   53.0   53.5   54.0   54.5   55.0   
U10   0.00106570199084538   0.0004156342289936088   0.0010979504629864197   0.0004125886543729005   0.0011332897987269112   0.00040913062866371154   0.0011709541164592662   0.00040526015186604487   0.0012141280702016783   0.0004014070599930622   0.001260048149486776   0.00039884347615957544   0.0013136009674607268   0.0003958761336999517   0.0013735057085463777   0.00039420699174216406   0.0014429470267619234   0.000395327437638777   0.0015231970452221717   0.00039987787917836475   0.0016187125410601242   0.0004089285601626681   0.0017311867809414116   0.0004258833988476343   0.0018701737269206154   0.00045309345461215614   0.0020399108918929825   0.0004973665639681253   0.0022552599946100813   0.0005674317867931651   0.002533837571828508   0.0006783961834636248   0.0029055776328268117   0.0008549381613351208   0.0034161268851990935   0.0011400191496954697   0.004151269108123503   0.0016195446221956191   0.0052777026317348584   0.002481441983079153   0.007134385907086904   0.004132114380513341   0.010569153590289511   0.007760804432551258   0.018227776921889715   0.017861812418660035   0.04289681191733078   0.06687454965705543   0.2654887493035379   0.7019493838358495   0.6814388929203472   0.21253645007047653   0.05462270272252356   0.11127538537262466   0.6718329399414616   1.0   0.0401426900966586   -0.5315606179672193   -0.4334224863082407   -0.2885835523145789   -0.17243413394763885   -0.09687440685469785   -0.06709991311154444   -0.07990342471631386   -0.05822014417980601   -0.03145419167104474   -0.08030353188329782   -0.08638224581894634   -0.05345315255863408   -0.016399211995330464   0.008125384046446278   -0.01389529193639112   -0.059596928966923916   -0.03461423927423508   -0.07548426580368027   -0.0926317106100514   -0.05352357788858556   -0.06148460446170461   -0.057065091539785   -0.01592357388118302   -0.007828165421236937   
T_sec   15.0   15.5   16.0   16.5   17.0   17.5   18.0   18.5   19.0   19.5   20.0   20.5   21.0   21.5   22.0   22.5   23.0   23.5   24.0   24.5   25.0   25.5   26.0   26.5   27.0   27.5   28.0   28.5   29.0   29.5   30.0   30.5   31.0   31.5   32.0   32.5   33.0   33.5   34.0   34.5   35.0   35.5   36.0   36.5   37.0   37.5   38.0   38.5   39.0   39.5   40.0   40.5   41.0   41.5   42.0   42.5   43.0   43.5   44.0   44.5   45.0   45.5   46.0   46.5   47.0   47.5   48.0   48.5   49.0   49.5   50.0   50.5   51.0   51.5   52.0   52.5   53.0   53.5   54.0   54.5   55.0   
U11   0.0015547037525203615   8.071083769750195e-05   0.0016097385013631382   5.465946543444147e-05   0.0016706321038249664   2.695229291782953e-05   0.0017355861958465821   -3.832022994843698e-06   0.0018073489937380867   -3.700299292251366e-05   0.0018856594169430396   -7.286807356574523e-05   0.0019719242086860484   -0.00011138947693456924   0.0020689568554163227   -0.0001523378986987687   0.002177837749662919   -0.00019567555086837544   0.00230138037787505   -0.00024025075901147733   0.0024441313204220786   -0.00028717998596043036   0.0026078597415274607   -0.0003328519036788015   0.0028027683942947927   -0.0003758099574245252   0.003033962090509618   -0.00041190605813038454   0.003315929083088461   -0.0004368031767793251   0.0036633895056684728   -0.00043782516544906843   0.004109699833870547   -0.0003850078777865857   0.004702009154070209   -0.00024754552609790743   0.005509220402403161   4.5903868233898863e-05   0.0066686327489287696   0.0006532081575211122   0.008462676950458934   0.0019454452524899912   0.011568874213860818   0.00496934634301687   0.018016619122755345   0.013548543456096789   0.03708386423337184   0.0521559072774565   0.18331650635869826   0.5834557729821285   0.6476772977433257   0.21160364325740388   0.09585477960073316   0.1726922460683253   1.0   0.785395574695003   -0.36159226402799605   -0.5058882298579089   -0.3817427081428074   -0.2102599355320808   -0.14162950071260874   -0.06319368936814564   -0.08372475386427396   -0.07746156942259869   -0.041965607164896765   -0.011792270098377447   -0.08591961663656632   -0.06207679693265522   -0.03758606661725134   -0.01595625585736611   -0.008479192087602144   -0.04639918391841737   -0.09036745058027901   -0.05202270504554857   -0.11015271844600141   -0.06394979239773646   -0.025683026403803846   -0.05367223544962477   -0.06518167980980245   -0.0105290441114448   -0.009824564073363353   
T_sec   15.0   15.5   16.0   16.5   17.0   17.5   18.0   18.5   19.0   19.5   20.0   20.5   21.0   21.5   22.0   22.5   23.0   23.5   24.0   24.5   25.0   25.5   26.0   26.5   27.0   27.5   28.0   28.5   29.0   29.5   30.0   30.5   31.0   31.5   32.0   32.5   33.0   33.5   34.0   34.5   35.0   35.5   36.0   36.5   37.0   37.5   38.0   38.5   39.0   39.5   40.0   40.5   41.0   41.5   42.0   42.5   43.0   43.5   44.0   44.5   45.0   45.5   46.0   46.5   47.0   47.5   48.0   48.5   49.0   49.5   50.0   50.5   51.0   51.5   52.0   52.5   53.0   53.5   54.0   54.5   55.0   
U12   -0.0013291327260343275   -0.0010989852975766565   -0.0013322565586230213   -0.0010870875495495773   -0.0013340923905018293   -0.0010718118444842312   -0.0013328109531532057   -0.0010525779719337892   -0.0013312133165986613   -0.0010305030373207106   -0.0013257255142940332   -0.001002118351760263   -0.0013179782300979572   -0.0009689284974953937   -0.0013073899513886286   -0.0009290628967720228   -0.0012879611285634062   -0.0008722495302536133   -0.0012560261839903403   -0.0008019202346780652   -0.0012149860225303022   -0.0007158951135210342   -0.0011627134185967839   -0.0006106346524138146   -0.0010938936283204385   -0.00047852048345461035   -0.0010034476174095492   -0.00031126861944677704   -0.0008827482283262587   -9.502543330824931e-05   -0.0007180007780486308   0.00019185922020712544   -0.00048662132563187597   0.0005828873671655169   -0.00015510200562198132   0.001134101930190713   0.00034318334473233664   0.0019529431335885059   0.0011351715423668733   0.0032441838427740726   0.002476746793159936   0.005451880020341219   0.004992302693280096   0.009721004403695874   0.0104982608368445   0.019841511326726   0.026575878232377788   0.05635108187062761   0.12741283410188609   0.4550605801808322   0.7304164264474398   0.5138804051503952   0.4401031056610727   1.0   0.8262741648502607   -0.25828297732416877   -0.5852213433930424   -0.33642170523132287   -0.21518080831141226   -0.1483637721837583   -0.07773890520641304   -0.07684093136502515   -0.08756782287276313   -0.025908427749770407   0.02370821589443022   -0.011601058957719342   -0.045303273067806904   -0.02809805694647527   -0.03824029083197886   -0.10237384140169882   -0.15171461374732564   -0.1255195380087772   -0.065819504780279   -0.08944936686100234   -0.05111582319675565   0.027688324329692794   0.0176906474152669   -0.04346584797074382   -0.051253837213246056   -0.02805605698283089   -0.02459919779435187   
T_sec   15.0   15.5   16.0   16.5   17.0   17.5   18.0   18.5   19.0   19.5   20.0   20.5   21.0   21.5   22.0   22.5   23.0   23.5   24.0   24.5   25.0   25.5   26.0   26.5   27.0   27.5   28.0   28.5   29.0   29.5   30.0   30.5   31.0   31.5   32.0   32.5   33.0   33.5   34.0   34.5   35.0   35.5   36.0   36.5   37.0   37.5   38.0   38.5   39.0   39.5   40.0   40.5   41.0   41.5   42.0   42.5   43.0   43.5   44.0   44.5   45.0   45.5   46.0   46.5   47.0   47.5   48.0   48.5   49.0   49.5   50.0   50.5   51.0   51.5   52.0   52.5   53.0   53.5   54.0   54.5   55.0   
U13   -0.0027248223359267296   -0.000638280033536848   -0.0027670508423127604   -0.0005675089707563312   -0.002809385944559712   -0.000488362560033242   -0.002855257657590777   -0.00040043597429807065   -0.0029025151157066843   -0.0003013578130536449   -0.002952219539012517   -0.00019017842643336133   -0.0030038805869908917   -6.457307918257629e-05   -0.0030583960329077626   7.740419367444744e-05   -0.003118269692931265   0.0002383169019436755   -0.0031806424317259055   0.00042385749648605423   -0.0032454858238025754   0.000639126940122907   -0.003315929047196822   0.0008884686551177479   -0.003390010739839104   0.0011838384227801692   -0.0034638081775903453   0.0015418414949290489   -0.0035368547080252646   0.0019774486549919844   -0.0036070231535366985   0.002521120235830652   -0.0036606408306160782   0.00321711953776833   -0.0036835423465389552   0.004140170193989963   -0.003637926473980989   0.005414188599968231   -0.0034496949427317548   0.007274786933996974   -0.002950646739815921   0.010211325045711591   -0.0017197451685877798   0.015378666217810429   0.0014894696049065753   0.02627914941213163   0.011600279423633675   0.05859943619785188   0.0651335904192078   0.3087323741449572   0.6290211488758696   0.8459634318268796   1.0   0.7297626724262238   0.11681879480451869   -0.48510833719141006   -0.3555935277453506   -0.23701474014161467   -0.14595582696508722   -0.12975428962490826   -0.0749517945498897   -0.06548706213459324   -0.01913230061145188   0.0048219022126328994   0.011098230149467925   -0.019072635986989214   -0.05408384978653147   -0.11325196235034383   -0.12606981867991648   -0.18211652318138982   -0.14603229185184122   -0.10610151777898753   -0.0786182391346748   -0.04235334056112372   0.0493077676372301   0.04280161126606497   0.016470422157401143   -0.030005855934177213   -0.05409424869400578   -0.06273497259095005   -0.08815256754321303   
T_sec   15.0   15.5   16.0   16.5   17.0   17.5   18.0   18.5   19.0   19.5   20.0   20.5   21.0   21.5   22.0   22.5   23.0   23.5   24.0   24.5   25.0   25.5   26.0   26.5   27.0   27.5   28.0   28.5   29.0   29.5   30.0   30.5   31.0   31.5   32.0   32.5   33.0   33.5   34.0   34.5   35.0   35.5   36.0   36.5   37.0   37.5   38.0   38.5   39.0   39.5   40.0   40.5   41.0   41.5   42.0   42.5   43.0   43.5   44.0   44.5   45.0   45.5   46.0   46.5   47.0   47.5   48.0   48.5   49.0   49.5   50.0   50.5   51.0   51.5   52.0   52.5   53.0   53.5   54.0   54.5   55.0   
U14   -0.0019056140492664526   -0.0019173790798978482   -0.001890828107779035   -0.0019039402021292636   -0.0018722335549127395   -0.0018870670106734355   -0.0018501098281552034   -0.0018669328580077833   -0.0018238445814323474   -0.001842685635300999   -0.0017932377267173493   -0.0018143124033720775   -0.0017573440093496884   -0.0017805617345234585   -0.0017148585305330002   -0.0017400890552283696   -0.0016648222392383661   -0.0016922423446823246   -0.0016060233824986333   -0.0016357969107371657   -0.0015364783051635478   -0.0015658945167180622   -0.0014493028691154404   -0.0014785135240383087   -0.0013431783791895485   -0.001370859557821536   -0.0012119003108094833   -0.001235198085493551   -0.0010464809893287073   -0.0010599480027456603   -0.0008306768758535552   -0.0008264391463272334   -0.000543586470553856   -0.0005079437325853512   -0.00014805541198584053   -5.533626707318541e-05   0.0004218257178898468   0.0006204514643904592   0.0012885727724599085   0.0016919612952669418   0.00270175971765122   0.0035333219418925334   0.0052370855406340365   0.007085338369814248   0.010480212891775469   0.015287929142649762   0.024277174883219784   0.042077583727889285   0.087960925705226   0.2658845096624373   0.658294479247205   1.0   0.8846770977876726   0.5429931694599248   0.08148374804047305   -0.4176679436456406   -0.3435642327701961   -0.19302275729840912   -0.14649399864789814   -0.11519543212398302   -0.07486696149520063   -0.03269743144021607   -0.018953873712034098   0.0028598875505209684   -0.002585331359583555   -0.04561252458276329   -0.08973778670458293   -0.10958984895030328   -0.136133757343521   -0.15664037127084662   -0.13834489362048863   -0.09844550576265902   -0.05569351671393733   -0.006395481943401608   0.04104333842269891   0.044177420152534896   0.010203304693344224   -0.022912986015860923   -0.0580082678714749   -0.08024474072962257   -0.09675710482151278   
T_sec   15.0   15.5   16.0   16.5   17.0   17.5   18.0   18.5   19.0   19.5   20.0   20.5   21.0   21.5   22.0   22.5   23.0   23.5   24.0   24.5   25.0   25.5   26.0   26.5   27.0   27.5   28.0   28.5   29.0   29.5   30.0   30.5   31.0   31.5   32.0   32.5   33.0   33.5   34.0   34.5   35.0   35.5   36.0   36.5   37.0   37.5   38.0   38.5   39.0   39.5   40.0   40.5   41.0   41.5   42.0   42.5   43.0   43.5   44.0   44.5   45.0   45.5   46.0   46.5   47.0   47.5   48.0   48.5   49.0   49.5   50.0   50.5   51.0   51.5   52.0   52.5   53.0   53.5   54.0   54.5   55.0   
U15   -0.001381281756116954   -0.0027711069730973225   -0.0013314148434492726   -0.002799340149126024   -0.0012752203881542374   -0.002826701760236308   -0.0012115719726805334   -0.0028557046940030427   -0.0011396344461114037   -0.002886195144852389   -0.0010592770372156444   -0.002918156023276143   -0.0009678843213691604   -0.0029512455391102204   -0.0008614023904046068   -0.0029849339176002865   -0.0007391773881659592   -0.0030204434235173686   -0.0005982417001863475   -0.0030586716209766106   -0.0004335876807921079   -0.0030963263408290294   -0.00023909345139990772   -0.003136575363748137   -7.97466255465041e-06   -0.003177157382864087   0.0002708459015081772   -0.0032166471331926453   0.0006134531022267563   -0.003252942605224684   0.0010426011338307052   -0.0032791470875965186   0.0015952878550722662   -0.003285261758270969   0.002328951560622454   -0.003248177222942815   0.003338490565621124   -0.0031256825476099355   0.004800453482145479   -0.0028232954042801037   0.007053783042343734   -0.0021148705085919516   0.01085603116476029   -0.00037752765776452346   0.018170943707614615   0.004498542454437174   0.035725512910865044   0.023019400781560888   0.10195892316966605   0.18458209793649247   0.8869500442583403   1.0   0.4646850077725522   0.6310405204842827   -0.06354626038970732   -0.37779297786852334   -0.23646657206917374   -0.14858997621573267   -0.1261606607617878   -0.09552890248543723   -0.03525612587366034   -0.02183011849693583   -0.033986935107164565   -0.022536287683314452   -0.06491485127101282   -0.07643136761050133   -0.06345232669499494   -0.09248070752849608   -0.11711825065010573   -0.09684812894355241   -0.1252976924076144   -0.05607121267114148   -0.0103226324805221   0.0058655694284627325   0.04230553780046567   0.039051734766606165   0.010018584451941858   -0.018161594056296682   -0.06560578436115125   -0.10529614523803835   -0.060099772473219536   
T_sec   15.0   15.5   16.0   16.5   17.0   17.5   18.0   18.5   19.0   19.5   20.0   20.5   21.0   21.5   22.0   22.5   23.0   23.5   24.0   24.5   25.0   25.5   26.0   26.5   27.0   27.5   28.0   28.5   29.0   29.5   30.0   30.5   31.0   31.5   32.0   32.5   33.0   33.5   34.0   34.5   35.0   35.5   36.0   36.5   37.0   37.5   38.0   38.5   39.0   39.5   40.0   40.5   41.0   41.5   42.0   42.5   43.0   43.5   44.0   44.5   45.0   45.5   46.0   46.5   47.0   47.5   48.0   48.5   49.0   49.5   50.0   50.5   51.0   51.5   52.0   52.5   53.0   53.5   54.0   54.5   55.0   
U16   -0.0037177103439672457   -0.002534931053373683   -0.0037341460479776646   -0.002453697460496929   -0.003752306998152626   -0.0023612835602146495   -0.003769911499103248   -0.002257689352526843   -0.0037869027702964325   -0.002141887550805261   -0.0038054262338416338   -0.0020110265595170524   -0.0038231093454970146   -0.0018632810223511097   -0.0038398158319831455   -0.0016960264659069662   -0.003857600266556526   -0.0015046994994068561   -0.003876178746551675   -0.0012833687622461878   -0.0038906699102054902   -0.0010256455073360895   -0.003900574088826727   -0.0007214902749654767   -0.003905280323879273   -0.0003582868607435834   -0.0038970168708963543   8.281049183525862e-05   -0.0038698530638632536   0.0006299547616503506   -0.003808075072247135   0.0013247142490611214   -0.0036902836914034193   0.0022318817712663128   -0.00347973155278783   0.003451266314135238   -0.0031009034143751686   0.005177919316409238   -0.00238971456175242   0.007790438045334606   -0.0009907371617451847   0.012088339370256655   0.0019892153976738837   0.020109713216277435   0.009345279120746232   0.038608772204215595   0.03378776872140043   0.1069227266828446   0.2303813338401455   0.89834889931551   0.9927522130691571   1.0   0.9818757090526964   0.8598231421020626   -0.2751956172762211   -0.5066405438698081   -0.23199955677510944   -0.20295214114992627   -0.10430766889753314   -0.09274224614228768   -0.0729609173949881   -0.21745338207870438   -0.20508760737589385   -0.11545563896478032   -0.10102201100104873   -0.09790403207122036   -0.0695310148576711   -0.0938476638884157   -0.07572182943981633   -0.1646509044606812   -0.1432515388256506   -0.013514592050696076   -0.029079141027468888   0.009399901455707118   0.0839097200401374   0.028043337319254937   -0.005866413061606038   -0.06005670888829846   -0.12798298457495103   -0.09594837821945168   -0.06943476357868104   
T_sec   15.0   15.5   16.0   16.5   17.0   17.5   18.0   18.5   19.0   19.5   20.0   20.5   21.0   21.5   22.0   22.5   23.0   23.5   24.0   24.5   25.0   25.5   26.0   26.5   27.0   27.5   28.0   28.5   29.0   29.5   30.0   30.5   31.0   31.5   32.0   32.5   33.0   33.5   34.0   34.5   35.0   35.5   36.0   36.5   37.0   37.5   38.0   38.5   39.0   39.5   40.0   40.5   41.0   41.5   42.0   42.5   43.0   43.5   44.0   44.5   45.0   45.5   46.0   46.5   47.0   47.5   48.0   48.5   49.0   49.5   50.0   50.5   51.0   51.5   52.0   52.5   53.0   53.5   54.0   54.5   55.0   
U17   -0.0034781124365772824   -0.002630450158717449   -0.003464241860831577   -0.0025621955741203435   -0.003448684717796284   -0.002488063752592708   -0.0034321914588510017   -0.0024041167727061516   -0.0034102862091909916   -0.002312091751392773   -0.003387982796997341   -0.0022091385320617   -0.0033598916060513244   -0.002094372612028325   -0.0033280129094197877   -0.0019639577009407123   -0.0032885681591767768   -0.0018166648372490407   -0.0032422401407689746   -0.0016464096832705037   -0.0031842515656551372   -0.001449196622526902   -0.003111740419159571   -0.0012181112028926985   -0.003020250951582187   -0.0009403320900997684   -0.0028972323639946435   -0.00060275555645538   -0.0027338794059983858   -0.00018098271757913245   -0.002511790875207407   0.0003449793315259882   -0.0022063304199808286   0.0010382296922176561   -0.0017443048100446966   0.0019962880775537062   -0.0010262706033551362   0.0033849341031034364   0.00016053853806919527   0.0055454750746821956   0.002277037292622382   0.009240465103352998   0.006491457499791638   0.01657721866069539   0.01658493706787569   0.035691277797909815   0.05207231721133345   0.1427447526800838   0.4551275354349515   0.7817138636506965   0.7588475904864099   1.0   0.987187712077506   0.6263785428900186   -0.1759198965390951   -0.43479142102702406   -0.22030322911690695   -0.16969197791936613   -0.09238355569432546   -0.10737280663470809   -0.17760119469454702   -0.2533177018177997   -0.17923131525965788   -0.11961221786028632   -0.09553551568460067   -0.08874102112452108   -0.05689480302626028   -0.06573011577302933   -0.10054454260209983   -0.14675679162580302   -0.10478191711989097   -0.040699570580072224   -0.022683431384157727   0.017559821584447976   0.06272699695167687   0.013270690986086775   -0.02273761489813482   -0.07670941204444422   -0.09260592982833867   -0.09178951021281177   -0.0731193036653755   
T_sec   15.0   15.5   16.0   16.5   17.0   17.5   18.0   18.5   19.0   19.5   20.0   20.5   21.0   21.5   22.0   22.5   23.0   23.5   24.0   24.5   25.0   25.5   26.0   26.5   27.0   27.5   28.0   28.5   29.0   29.5   30.0   30.5   31.0   31.5   32.0   32.5   33.0   33.5   34.0   34.5   35.0   35.5   36.0   36.5   37.0   37.5   38.0   38.5   39.0   39.5   40.0   40.5   41.0   41.5   42.0   42.5   43.0   43.5   44.0   44.5   45.0   45.5   46.0   46.5   47.0   47.5   48.0   48.5   49.0   49.5   50.0   50.5   51.0   51.5   52.0   52.5   53.0   53.5   54.0   54.5   55.0   
U18   -0.002012018446890152   -0.0019344121236291505   -0.001973608177669144   -0.0018913197851159452   -0.0019307520634550778   -0.0018456812339453183   -0.0018844748851473841   -0.0017944938862337544   -0.0018321625783582938   -0.0017376515488449554   -0.0017731418130172455   -0.0016717647085667602   -0.0017036943617122998   -0.0015968077725955748   -0.0016288726909196932   -0.0015215894486999965   -0.001549199815485413   -0.0014332983119185367   -0.0014527346711089675   -0.0013300947503090041   -0.0013383355790751788   -0.00120650838370778   -0.0011983486820573987   -0.001056909815241222   -0.0010261574509355066   -0.0008714256758335308   -0.0008070815364108543   -0.0006382095605602831   -0.0005250479643277546   -0.00033465891368343695   -0.00014735422788975794   7.258224140444486e-05   0.0003749341705652944   0.000640568151048106   0.0011274569526889067   0.0014672374224554384   0.0022741241942383873   0.002760378510295006   0.0041592439656299935   0.004960185887959586   0.00760775581082015   0.009259642972056458   0.015154536522542396   0.020144271511611734   0.03938490704696451   0.0784903088183874   0.30530676092807946   0.4798275504824685   0.3228893997993831   0.38140984619464013   0.7427917740481602   1.0   0.9185011623446927   0.40312638312916904   -0.16054456184969274   -0.2271228652515169   -0.19155956974980345   -0.2878688356660397   -0.3062768645120215   -0.25755678694785383   -0.20401978927241754   -0.15878197333551636   -0.10087578284753142   -0.07268053367525495   -0.0645521343336264   -0.022066829652763756   -0.013341756125791537   -0.06707913538974064   -0.08071816389606593   -0.08945195978124214   -0.0848560964577521   -0.046157933611814965   -0.01010896160560548   0.023307469877480492   0.02205368115254709   -0.016386267773595243   -0.0206715091875909   -0.010852591721696515   -0.04402105134247899   -0.06983751249060834   -0.058069274848801734   
T_sec   15.0   15.5   16.0   16.5   17.0   17.5   18.0   18.5   19.0   19.5   20.0   20.5   21.0   21.5   22.0   22.5   23.0   23.5   24.0   24.5   25.0   25.5   26.0   26.5   27.0   27.5   28.0   28.5   29.0   29.5   30.0   30.5   31.0   31.5   32.0   32.5   33.0   33.5   34.0   34.5   35.0   35.5   36.0   36.5   37.0   37.5   38.0   38.5   39.0   39.5   40.0   40.5   41.0   41.5   42.0   42.5   43.0   43.5   44.0   44.5   45.0   45.5   46.0   46.5   47.0   47.5   48.0   48.5   49.0   49.5   50.0   50.5   51.0   51.5   52.0   52.5   53.0   53.5   54.0   54.5   55.0   
U19   -0.0005486755798710178   -0.0025101471440499715   -0.0004578047599194173   -0.002528840624188347   -0.0003570374351575477   -0.0025463329224214857   -0.00024346691258225034   -0.0025682703012724823   -0.00012816794428402385   -0.0025983627707203325   1.7006598161006563e-07   -0.002629260963687932   0.00014518753464131304   -0.0026607141913446864   0.00030943274064375775   -0.0026947008910619377   0.0004973078990300603   -0.002726031988760183   0.0007140031516674035   -0.0027587705832628666   0.0009665157845304946   -0.00278962105859722   0.0012655864423875233   -0.002815075350628954   0.0016245078174141263   -0.0028288184100225084   0.0020612948238039382   -0.002828024676229661   0.0026083388204969035   -0.0027953423624551338   0.0033034122446985994   -0.002709935532054714   0.004224781442863002   -0.002523960637179076   0.005493035326563081   -0.002153001012566957   0.007331120886279663   -0.0013951946242713267   0.010212744347724095   0.00024181587844420845   0.015285665674540126   0.004328842594915259   0.02633633838846363   0.018617365420118062   0.06904642351534565   0.16174951040452495   0.5134723162627095   0.2824981224614189   0.2638670510512984   0.47753632146041264   0.6710719891573627   1.0   0.9433646795111509   0.428215579381953   -0.27460536193902985   -0.25642707864641434   -0.3909577569431254   -0.3303032070697355   -0.2751936096807596   -0.18427894525410854   -0.1586976464526126   -0.1050374728325002   -0.08756800091918733   -0.07782738410758859   -0.06651955606782192   -0.011193130924357727   -0.04375093752109792   -0.04275474701361094   -0.07202827906916452   -0.08507556137668007   -0.09155530463115252   -0.025297301406388834   -0.024693016219712743   0.037565517133753855   0.0023691949249479614   -0.011627439622719634   0.011402942897914858   0.0028522621752914033   -0.047619042352906926   -0.06974809631813379   -0.05862766981402173   
T_sec   15.0   15.5   16.0   16.5   17.0   17.5   18.0   18.5   19.0   19.5   20.0   20.5   21.0   21.5   22.0   22.5   23.0   23.5   24.0   24.5   25.0   25.5   26.0   26.5   27.0   27.5   28.0   28.5   29.0   29.5   30.0   30.5   31.0   31.5   32.0   32.5   33.0   33.5   34.0   34.5   35.0   35.5   36.0   36.5   37.0   37.5   38.0   38.5   39.0   39.5   40.0   40.5   41.0   41.5   42.0   42.5   43.0   43.5   44.0   44.5   45.0   45.5   46.0   46.5   47.0   47.5   48.0   48.5   49.0   49.5   50.0   50.5   51.0   51.5   52.0   52.5   53.0   53.5   54.0   54.5   55.0   
U20   -0.0008491581525619193   -0.0015078075291350835   -0.0008068671069787971   -0.0014977573517874656   -0.0007589572659809591   -0.0014849971357300815   -0.0007049514564926035   -0.0014692841829929974   -0.0006441799916347961   -0.0014497691836131807   -0.0005748189683067843   -0.0014255784692094498   -0.0004957271496269436   -0.0013956928412398185   -0.0004038714756297787   -0.0013572245926572826   -0.0002961799483292177   -0.001308410295455972   -0.00016903634327725245   -0.0012467018868150559   -1.7862733607192693e-05   -0.0011673431954930887   0.00016551816277632665   -0.0010625043190685848   0.00039344105559645557   -0.0009217830225022341   0.0006805862918465842   -0.0007302475948608644   0.0010529254599042765   -0.0004611325709445887   0.0015503503959859845   -7.376001747291459e-05   0.002239306822571253   0.0005087522438466198   0.003243304078643983   0.0014309335301216333   0.004812684475042726   0.003010033797692387   0.007522585394955909   0.006037140875079886   0.013033316529817391   0.013160241228464088   0.028650167513104688   0.041073498063733956   0.15349810357977758   0.4072456308856311   0.31380841983569047   0.25795149984049903   0.4085202699405854   0.48719065235573594   0.6866669692319193   1.0   0.9887491320561517   0.2856664694077945   -0.38310951638434015   -0.458047297680907   -0.3813553784335176   -0.30291410304063693   -0.20794473632924534   -0.12468544605353883   -0.11718391264569089   -0.10405791572832637   -0.09341040762412813   -0.0771290516195828   -0.06847975680116945   -0.06402953565780689   -0.02950033289399297   -0.02928210200460993   -0.07418817198246606   -0.09301944677070252   -0.06580593792244704   -0.03767456424679067   -0.009018242949921387   0.014445613940996945   0.007089099002617375   0.028149099519950375   0.008889815330089434   -0.007090114320481423   -0.04653088795599087   -0.06609084852542775   -0.05958758168908797   
T_sec   15.0   15.5   16.0   16.5   17.0   17.5   18.0   18.5   19.0   19.5   20.0   20.5   21.0   21.5   22.0   22.5   23.0   23.5   24.0   24.5   25.0   25.5   26.0   26.5   27.0   27.5   28.0   28.5   29.0   29.5   30.0   30.5   31.0   31.5   32.0   32.5   33.0   33.5   34.0   34.5   35.0   35.5   36.0   36.5   37.0   37.5   38.0   38.5   39.0   39.5   40.0   40.5   41.0   41.5   42.0   42.5   43.0   43.5   44.0   44.5   45.0   45.5   46.0   46.5   47.0   47.5   48.0   48.5   49.0   49.5   50.0   50.5   51.0   51.5   52.0   52.5   53.0   53.5   54.0   54.5   55.0   
U21   8.233366895157081e-05   -0.0019101785856882809   0.00015660367407822526   -0.001945317009357326   0.0002392332571411503   -0.001982012571012164   0.00033130938530281587   -0.00202087027037928   0.00043489808081827104   -0.0020604462756763516   0.0005529006834882841   -0.0021016274766878316   0.0006867506724669954   -0.002144915728662738   0.0008399647399098375   -0.002189276263218489   0.0010167677221761928   -0.002233928658656042   0.001224918338527119   -0.0022771712219994173   0.001471150892469273   -0.0023174362717324672   0.001767466130369338   -0.0023520285661071797   0.0021280167745802675   -0.002374987003393531   0.002578358132213277   -0.0023796560138936774   0.0031510308369618358   -0.002349671916205084   0.003905175950641392   -0.002253579462744735   0.004940416148112541   -0.002035137404280568   0.006431435020757295   -0.0015787968332033157   0.008735197297570815   -0.000606920149551182   0.012700251652713304   0.0016804381769174282   0.020873282807722552   0.008663609407979509   0.04625324602525747   0.05864799532266706   0.29746124692237275   0.39193326971987014   0.1832854085995261   0.3317139262200027   0.43352276765718356   0.47188793162158577   0.6226590384362088   1.0   0.9753168803407314   0.03229149749763438   -0.6140932742523958   -0.3864090410719806   -0.3404263510483275   -0.2311733202996858   -0.13071066357913091   -0.07313306930370247   -0.11497936816468098   -0.09756017837878124   -0.0880597614330655   -0.0705770916904828   -0.1030697978508429   -0.06624976459863177   -0.014568152743069022   -0.021863396866521348   -0.08263224882131133   -0.08074884593499562   -0.05334869666165882   -0.02850773769521263   -0.022265241852190552   0.01926662695844266   0.035093249518308355   0.02915146642632487   -0.005454252163649124   -0.003365840010478383   -0.045201221798677096   -0.065574947247615   -0.059149718563787264   
T_sec   15.0   15.5   16.0   16.5   17.0   17.5   18.0   18.5   19.0   19.5   20.0   20.5   21.0   21.5   22.0   22.5   23.0   23.5   24.0   24.5   25.0   25.5   26.0   26.5   27.0   27.5   28.0   28.5   29.0   29.5   30.0   30.5   31.0   31.5   32.0   32.5   33.0   33.5   34.0   34.5   35.0   35.5   36.0   36.5   37.0   37.5   38.0   38.5   39.0   39.5   40.0   40.5   41.0   41.5   42.0   42.5   43.0   43.5   44.0   44.5   45.0   45.5   46.0   46.5   47.0   47.5   48.0   48.5   49.0   49.5   50.0   50.5   51.0   51.5   52.0   52.5   53.0   53.5   54.0   54.5   55.0   
U22   -0.0009628692885495056   -0.0009496038277929456   -0.0009496624437743404   -0.000934233832487046   -0.0009330948927007192   -0.0009148505742034688   -0.0009119626564353386   -0.0008902500740489108   -0.0008837751042520378   -0.0008567866838550824   -0.0008466082776015325   -0.0008142428847289097   -0.0008004621764838226   -0.0007620672544563108   -0.0007421109405539713   -0.0006948250322732312   -0.0006663373279409982   -0.0006069313614993025   -0.0005680404812018564   -0.0004956596309897041   -0.00044232189260889464   -0.0003493680877454496   -0.000274274296930739   -0.0001533960411426643   -4.732332001097616e-05   0.00011308903921499089   0.0002650771629038388   0.0004836105701924586   0.0007056692944209052   0.0010115750590724555   0.0013442904986847902   0.0017886158098020086   0.0023078018616902894   0.0029883045172438114   0.0038495128229326016   0.004972063598830761   0.00654686767380186   0.008632151355961078   0.012013830491724666   0.01680450303962926   0.02703895608098724   0.046212552745539384   0.1369258534281345   0.37666653138250356   0.4341071359093153   0.3266799215866762   0.45601982728746365   0.5902032918116827   0.6473810487738197   0.7744802734731533   0.9615994626980662   1.0   0.6181815042404704   -0.17263290318532332   -0.6419302500376587   -0.5030029784537124   -0.3226752669010811   -0.19778837868134125   -0.12044974515638183   -0.10498206136674214   -0.1396674860696946   -0.15524569665749854   -0.1356147387273528   -0.14443042871452186   -0.12688581791043493   -0.0763512868726391   -0.06136503902264313   -0.06519168299004616   -0.07922807075051953   -0.0765577288503617   -0.06284842132810436   -0.05261347768014225   -0.00138129429240828   0.0602920502233256   0.045012867737162454   0.008718207944780463   -0.00530693155652846   -0.026363507506876892   -0.05625908049541195   -0.07555569574687386   -0.02843380946111814   
T_sec   15.0   15.5   16.0   16.5   17.0   17.5   18.0   18.5   19.0   19.5   20.0   20.5   21.0   21.5   22.0   22.5   23.0   23.5   24.0   24.5   25.0   25.5   26.0   26.5   27.0   27.5   28.0   28.5   29.0   29.5   30.0   30.5   31.0   31.5   32.0   32.5   33.0   33.5   34.0   34.5   35.0   35.5   36.0   36.5   37.0   37.5   38.0   38.5   39.0   39.5   40.0   40.5   41.0   41.5   42.0   42.5   43.0   43.5   44.0   44.5   45.0   45.5   46.0   46.5   47.0   47.5   48.0   48.5   49.0   49.5   50.0   50.5   51.0   51.5   52.0   52.5   53.0   53.5   54.0   54.5   55.0   
U23   -0.0009371975896468969   -0.0011388295618710567   -0.0009389994932937353   -0.001158477212401109   -0.0009355803589452943   -0.0011739279215409058   -0.0009250212909894938   -0.0011851580887519988   -0.0009104007320577688   -0.0011933744621306403   -0.0008863211454799741   -0.0011920374057094157   -0.0008480499410248932   -0.0011772855277257161   -0.00079141377784072   -0.0011456812353820111   -0.0007110797680562928   -0.0010896371955674132   -0.0005995217378152907   -0.0010025242924138018   -0.0004467943696160254   -0.0008710532003487176   -0.00023557616388322663   -0.0006736203485600938   5.814309300880178e-05   -0.0003818197951246405   0.00046985474658599167   5.1377990927780647e-05   0.0010580242248894253   0.0007096531786617569   0.0019272480524543513   0.0017467475728299286   0.0032723174046909507   0.003472399953377074   0.005500740915506193   0.006608008547113342   0.009615174898802243   0.01324351854424167   0.018926404676940067   0.03262645795290154   0.054707383391416675   0.1918117981947026   0.4700319552430944   0.38660459454101165   0.39353352570177746   0.5932626691002869   0.7114340414960573   0.8405890502396499   1.0   0.4931466334898542   0.1424833295137662   0.6476401028366598   0.728902091309744   -0.19995325381317464   -0.589937936905642   -0.4149451117992378   -0.2871932283661697   -0.16017537852439492   -0.09287369481590524   -0.13558310689866038   -0.21180922436643357   -0.19259847817035472   -0.1511527018487026   -0.13269519565615726   -0.12925032055169158   -0.1257321738598993   -0.11532426811374138   -0.03419293788423564   -0.06561443850935107   -0.07650132526788947   -0.021405480799109082   -0.03209053710019302   0.01369475579204404   0.04731304911776929   0.014253830207940184   -0.013983302898035446   -0.021388212991463436   -0.026228437092538002   -0.007931254333336565   -0.024214227851288368   -0.030040418448911452   
T_sec   15.0   15.5   16.0   16.5   17.0   17.5   18.0   18.5   19.0   19.5   20.0   20.5   21.0   21.5   22.0   22.5   23.0   23.5   24.0   24.5   25.0   25.5   26.0   26.5   27.0   27.5   28.0   28.5   29.0   29.5   30.0   30.5   31.0   31.5   32.0   32.5   33.0   33.5   34.0   34.5   35.0   35.5   36.0   36.5   37.0   37.5   38.0   38.5   39.0   39.5   40.0   40.5   41.0   41.5   42.0   42.5   43.0   43.5   44.0   44.5   45.0   45.5   46.0   46.5   47.0   47.5   48.0   48.5   49.0   49.5   50.0   50.5   51.0   51.5   52.0   52.5   53.0   53.5   54.0   54.5   55.0   
U24   -0.0010833813732207798   -0.0015330731212495185   -0.0011166356909683144   -0.001576414398955917   -0.0011449116567415383   -0.0016152526730112344   -0.0011680857028230555   -0.0016478735737718577   -0.0011839269220068913   -0.0016720050047926809   -0.001189646680285578   -0.0016848583320662352   -0.0011822915866951194   -0.0016813728251399462   -0.0011562843732205786   -0.00165601240523801   -0.0011066054986485136   -0.0016036751526687192   -0.001026790454249438   -0.0015135995012471675   -0.000903723198915075   -0.0013689300792111495   -0.000718545666565682   -0.0011448715340123274   -0.00044269156026625775   -0.0008052552622126997   -3.2597479910962986e-05   -0.00028737007652057987   0.0005887409147053107   0.0005144310634308255   0.001557697515107475   0.0018000945655359819   0.0031460743250754436   0.003984722515539772   0.005976938228874949   0.008106897529010509   0.011832523157808483   0.01758123790342527   0.028476110376938472   0.054546167719319895   0.15617844537194867   0.42851375241109   0.40725157242460885   0.3684240061658921   0.6198103253372731   0.7645520934122852   0.9806885208892757   1.0   0.057651522044941096   -0.07285823990477354   0.21823781855319227   0.6298938582995812   0.9214621895687118   -0.14537439195743956   -0.6282392364006935   -0.39583289552326506   -0.2412221111871066   -0.12454640595207615   -0.12778844771962536   -0.16173998108563617   -0.19931352531817736   -0.1921534896134533   -0.1309476872160895   -0.1275740352097019   -0.16919574001148174   -0.10674479916698079   -0.08229742614517892   -0.09523543639541748   -0.023391900576752625   -0.01274019211310427   -0.021300751200780583   -0.032324105408945064   -0.0020358890305961757   0.027981324560968957   -0.0013674443497930845   -0.021641481807762358   -0.000827279561207905   0.0468229774524694   0.01463157219798018   -0.03799387394057822   -0.06745069932273051   
T_sec   15.0   15.5   16.0   16.5   17.0   17.5   18.0   18.5   19.0   19.5   20.0   20.5   21.0   21.5   22.0   22.5   23.0   23.5   24.0   24.5   25.0   25.5   26.0   26.5   27.0   27.5   28.0   28.5   29.0   29.5   30.0   30.5   31.0   31.5   32.0   32.5   33.0   33.5   34.0   34.5   35.0   35.5   36.0   36.5   37.0   37.5   38.0   38.5   39.0   39.5   40.0   40.5   41.0   41.5   42.0   42.5   43.0   43.5   44.0   44.5   45.0   45.5   46.0   46.5   47.0   47.5   48.0   48.5   49.0   49.5   50.0   50.5   51.0   51.5   52.0   52.5   53.0   53.5   54.0   54.5   55.0   
U25   -0.001042136377193981   -0.0025619766632658035   -0.001072490434621094   -0.0026616746089949774   -0.001097599522353046   -0.0027607747895674185   -0.0011154614117896693   -0.0028568542186311646   -0.0011217393916813057   -0.002946408996135923   -0.001113434471279815   -0.0030284336556294983   -0.0010870427505349054   -0.0030989698786896614   -0.0010363068298558423   -0.0031511654010093976   -0.0009532646579844588   -0.0031792825326001665   -0.000828446419199507   -0.0031728489799651666   -0.00064939076471317   -0.0031189708571374543   -0.0003929134553034171   -0.002988174606141539   -2.1489855179294262e-05   -0.0027359881786925694   0.0005235559809153086   -0.0022887107049671517   0.0013431450727673145   -0.001504539429823542   0.0026312208100129244   -9.16031217743965e-05   0.004802662319489415   0.0026491748384740565   0.008948250195107981   0.008845669960421689   0.01908779540439241   0.029506983100276687   0.07525910731950786   0.21660802238768675   0.3583400252761335   0.32247238684842955   0.46497867339179666   0.6930278428037738   1.0   0.8755588157739138   -0.13536660728522615   -0.12845719059897456   0.06374590564915159   0.17780904536140468   0.3358149087813006   0.5512773134873625   0.6918509159892888   -0.11735006016547178   -0.5300114238357184   -0.3186600682623506   -0.21565164287986444   -0.13474694425050252   -0.10315525388897123   -0.11411874322333934   -0.19082153108109542   -0.16151296797414494   -0.1261170492380229   -0.09415160735036053   -0.0988836848206807   -0.09786450432618307   -0.047025707123232084   -0.04085784859260269   -0.059394552404645334   -0.016281257438033613   -0.0009083064318905141   -0.042874781212320495   -0.029565061092909805   0.011164223733186575   0.02139449760224331   0.07129216926866384   0.04448148321748514   0.02523681180095799   -0.03340909645614169   -0.049796569066019154   -0.0438487664110054   
T_sec   15.0   15.5   16.0   16.5   17.0   17.5   18.0   18.5   19.0   19.5   20.0   20.5   21.0   21.5   22.0   22.5   23.0   23.5   24.0   24.5   25.0   25.5   26.0   26.5   27.0   27.5   28.0   28.5   29.0   29.5   30.0   30.5   31.0   31.5   32.0   32.5   33.0   33.5   34.0   34.5   35.0   35.5   36.0   36.5   37.0   37.5   38.0   38.5   39.0   39.5   40.0   40.5   41.0   41.5   42.0   42.5   43.0   43.5   44.0   44.5   45.0   45.5   46.0   46.5   47.0   47.5   48.0   48.5   49.0   49.5   50.0   50.5   51.0   51.5   52.0   52.5   53.0   53.5   54.0   54.5   55.0   
U26   -0.0011318119116326458   -0.003057824597928409   -0.0011479984087800074   -0.00319165918108413   -0.001152064612359176   -0.003323672777648197   -0.001143297850190271   -0.003455576287503349   -0.0011190966481415118   -0.0035847483174710226   -0.001074990649176001   -0.0037118512101625284   -0.0010034445645329246   -0.0038283514491141983   -0.0009023203776726385   -0.00393938173397424   -0.0007611922730212403   -0.004033131806805782   -0.0005654531306492375   -0.004098191612965408   -0.00029500382968226946   -0.004120398634972209   7.76355536507939e-05   -0.004077325972516137   0.0005983495860011536   -0.003920297821918165   0.00134559105828422   -0.0035704573863624468   0.002446916745654567   -0.0028800593606124985   0.004158870409291316   -0.0015094828026787812   0.007052245193064437   0.0013971647447851541   0.012698445234995956   0.008768860093900425   0.027873668064037245   0.04216652289623893   0.14505110904141313   0.2852081941799506   0.3472240735552433   0.3846767287373119   0.6320481376477582   0.9435163217798479   1.0   0.0921519520274735   -0.219238761556631   0.040916253499657496   0.13044140416589928   0.2562839792709124   0.3409876384127765   0.5559828833083825   0.6025260438198001   -0.0613383703152012   -0.5210305849479853   -0.3375058666594998   -0.22370016741829907   -0.10000991769064611   -0.09349479812901182   -0.13105776548955958   -0.1885846770433195   -0.157247017075107   -0.09951756958610797   -0.07457601940580617   -0.12270810998654665   -0.05459528228451722   -0.029700093888049978   -0.08753785012748407   -0.10165522408863183   -0.01057648922534142   -0.0047934456867607615   -0.034733480067290975   -0.024357120421221953   0.042151606261449294   0.08075688027560611   0.06903109354279756   0.038914615570594856   0.011922606022927022   -0.03638316011215304   -0.033704328011270705   -0.02716590329704633   
T_sec   15.0   15.5   16.0   16.5   17.0   17.5   18.0   18.5   19.0   19.5   20.0   20.5   21.0   21.5   22.0   22.5   23.0   23.5   24.0   24.5   25.0   25.5   26.0   26.5   27.0   27.5   28.0   28.5   29.0   29.5   30.0   30.5   31.0   31.5   32.0   32.5   33.0   33.5   34.0   34.5   35.0   35.5   36.0   36.5   37.0   37.5   38.0   38.5   39.0   39.5   40.0   40.5   41.0   41.5   42.0   42.5   43.0   43.5   44.0   44.5   45.0   45.5   46.0   46.5   47.0   47.5   48.0   48.5   49.0   49.5   50.0   50.5   51.0   51.5   52.0   52.5   53.0   53.5   54.0   54.5   55.0   
U27   -0.0011937455691570186   -0.003343426972332167   -0.001216651303242474   -0.003480119603929542   -0.0012296484360071317   -0.0036171283266364746   -0.0012310181065035711   -0.0037560462757331866   -0.001220992926360815   -0.003895446087705302   -0.0011931089209182776   -0.004032469286342575   -0.0011413306799580004   -0.004164095372850402   -0.001059424538859963   -0.00428772041283736   -0.0009374671025782943   -0.0043954556665157475   -0.0007597024234281404   -0.004474220173035507   -0.0005083255968385677   -0.00451625999443106   -0.00015144663134340484   -0.004488901661181614   0.00036229315851879767   -0.004347590264578494   0.0011180789619271315   -0.004008076664735005   0.0022745470043080934   -0.0032870885332494867   0.004153186333287224   -0.0017767667562970516   0.0075262232684731025   0.0017170517356707405   0.014854617711348403   0.012328873449357739   0.04252016119309987   0.09607856163493793   0.23889960707936833   0.27510831150309717   0.36354732719979604   0.5786350253360586   1.0   0.7713548765461772   -0.23712644250891468   -0.13202196943811764   0.03777406916204931   0.13124830609442464   0.1847420550082108   0.20988989181433376   0.23060557913142762   0.32555897832628183   0.4597026420756711   -0.07086729883566124   -0.4643111787647459   -0.2965268218900291   -0.15020579686857025   -0.07149663208390303   -0.12647564612175788   -0.14524370384181395   -0.1678434456796298   -0.09115122624606503   -0.07569446195306352   -0.09206211962147806   -0.033141812806391106   0.002567776145959425   -0.05021089493808035   -0.06553013932075737   -0.0769209152811963   -0.044871573391480776   -0.014051828759421486   -0.047556321612574774   0.00456971293171464   0.09325833862970327   0.04730996842210791   0.029204956183840145   -0.005268850607668144   -0.00889007878269813   -0.020439905996180913   -0.011446888515678783   -0.01864573431882431   
T_sec   15.0   15.5   16.0   16.5   17.0   17.5   18.0   18.5   19.0   19.5   20.0   20.5   21.0   21.5   22.0   22.5   23.0   23.5   24.0   24.5   25.0   25.5   26.0   26.5   27.0   27.5   28.0   28.5   29.0   29.5   30.0   30.5   31.0   31.5   32.0   32.5   33.0   33.5   34.0   34.5   35.0   35.5   36.0   36.5   37.0   37.5   38.0   38.5   39.0   39.5   40.0   40.5   41.0   41.5   42.0   42.5   43.0   43.5   44.0   44.5   45.0   45.5   46.0   46.5   47.0   47.5   48.0   48.5   49.0   49.5   50.0   50.5   51.0   51.5   52.0   52.5   53.0   53.5   54.0   54.5   55.0   
U28   -0.0021143481540772603   -0.0028475505840629537   -0.002187960371425688   -0.002935339774622552   -0.0022577628508194197   -0.0030186467053020705   -0.0023217732653230787   -0.0030960753034232963   -0.0023793190930112827   -0.0031654530872940226   -0.002426004341672173   -0.0032217467816177824   -0.002457933005682832   -0.0032599741399255556   -0.0024683130469753066   -0.003272860756980835   -0.0024500073568087576   -0.0032505284075138013   -0.0023893279719586695   -0.0031754107420974083   -0.002265726242884739   -0.0030231317538162703   -0.0020483439564357364   -0.0027526099335764523   -0.0016816194412925492   -0.0022909566147823585   -0.001065048750259986   -0.0015029764255245982   3.622155245542451e-06   -0.00010032464530883229   0.001994138963104072   0.0026415666585685262   0.006244787204862511   0.009196686710860822   0.018767286840372276   0.03928106394811492   0.11342825948169423   0.21342207117918488   0.27041228143835033   0.4200415929713857   0.8199244726849019   1.0   -0.09605969157634806   -0.22699741299144827   0.033797782253440135   0.08947093938642064   0.15731646064020308   0.1565870468027772   0.16238235497527884   0.09595696790140791   0.17461882779145507   0.27141260270955525   0.36752555114785757   -0.10362120914356482   -0.40138035118505194   -0.2137855108393624   -0.1295257655702443   -0.1094926723371085   -0.14986037289868187   -0.09593046064420607   -0.08393941991139593   -0.11367481738821889   -0.025410952352200325   0.01939600978071691   -0.03950118167980702   -0.04237036511417906   -0.04177261524357071   -0.07117511752698301   -0.11349314230711371   -0.1084084380497009   0.009958850796632652   0.07634460055559991   0.05115979649100487   0.06440119480023801   0.02382952016047732   -0.001001719915883184   0.0018128273565290612   0.0175935804918008   0.009469423097989491   -0.02218162171686574   -0.04234878027098681   
T_sec   15.0   15.5   16.0   16.5   17.0   17.5   18.0   18.5   19.0   19.5   20.0   20.5   21.0   21.5   22.0   22.5   23.0   23.5   24.0   24.5   25.0   25.5   26.0   26.5   27.0   27.5   28.0   28.5   29.0   29.5   30.0   30.5   31.0   31.5   32.0   32.5   33.0   33.5   34.0   34.5   35.0   35.5   36.0   36.5   37.0   37.5   38.0   38.5   39.0   39.5   40.0   40.5   41.0   41.5   42.0   42.5   43.0   43.5   44.0   44.5   45.0   45.5   46.0   46.5   47.0   47.5   48.0   48.5   49.0   49.5   50.0   50.5   51.0   51.5   52.0   52.5   53.0   53.5   54.0   54.5   55.0   
U29   -0.0012927050912484362   -0.0037033978838197476   -0.001272008360800977   -0.003867149961370127   -0.001233831600154041   -0.004038409825295961   -0.0011756018083731881   -0.004215333485024023   -0.0010911418731047024   -0.00439777339747679   -0.000972869390905461   -0.004584611498222413   -0.0008117764708660989   -0.004778899034903914   -0.000595094314920943   -0.004971854754138976   -0.0003004700897220273   -0.005164247213513576   9.55359624162986e-05   -0.0053472912298966535   0.0006399447315031969   -0.005506133896818212   0.001402089548142113   -0.0056140353860920835   0.002497414700721831   -0.00560443365180619   0.004154634917344532   -0.005327674896914396   0.006847041783734768   -0.004374628403293279   0.011781090864666565   -0.0013397946782671662   0.02329834260825037   0.012489275906189338   0.08522862928911332   0.13381635181083826   0.24960582432187836   0.36170316117412876   1.0   0.6472525857109681   -0.17134537655235818   -0.09801046097164566   0.026647689254949862   0.11565648966175691   0.11773227548836712   0.1494038106060596   0.08403010241750108   0.07953326119463487   0.09215065564489501   0.1128048527536874   0.08415558895459137   0.18390539790881064   0.2949057669982634   -0.07130845528305386   -0.31805557699182135   -0.24192348734019514   -0.1552235009586026   -0.06748636444251052   -0.10596561729344711   -0.09519686382540404   -0.015312264963627878   0.006832255010130603   -0.016737816577304294   -0.021038398572660037   -0.03826631949702732   -0.03992566217010671   -0.06238180064606734   -0.10503557806152533   -0.07517190390784947   -0.035153029982316175   0.034439654957687055   0.06031762443371618   0.03501581684655989   0.040029094698474675   0.02707671033584846   0.035382386135983136   0.025859971047881833   0.0010670908778018574   -0.015272618256848189   -0.011756561024785719   -0.025968680571128697   
T_sec   15.0   15.5   16.0   16.5   17.0   17.5   18.0   18.5   19.0   19.5   20.0   20.5   21.0   21.5   22.0   22.5   23.0   23.5   24.0   24.5   25.0   25.5   26.0   26.5   27.0   27.5   28.0   28.5   29.0   29.5   30.0   30.5   31.0   31.5   32.0   32.5   33.0   33.5   34.0   34.5   35.0   35.5   36.0   36.5   37.0   37.5   38.0   38.5   39.0   39.5   40.0   40.5   41.0   41.5   42.0   42.5   43.0   43.5   44.0   44.5   45.0   45.5   46.0   46.5   47.0   47.5   48.0   48.5   49.0   49.5   50.0   50.5   51.0   51.5   52.0   52.5   53.0   53.5   54.0   54.5   55.0   
U30   -0.002719557210847419   -0.002372443893489283   -0.0028007487173341613   -0.002431894832051989   -0.002877456029354532   -0.002483892114052153   -0.002948632834866378   -0.0025260183373613837   -0.00301047095430949   -0.002553958468007765   -0.0030588632618259023   -0.002562994571664653   -0.00309141818703355   -0.002546478792478969   -0.0030971596106984444   -0.002492674729599166   -0.0030686919976872797   -0.002388604991426591   -0.002989437371419311   -0.002209958685865777   -0.0028316921629309246   -0.0019177272023624306   -0.0025521165075157   -0.0014449246450387275   -0.002070903054873026   -0.0006620352712350929   -0.0012185473490482406   0.0007039971927522535   0.0003781302746871085   0.003320244006437158   0.0037731812883338334   0.009332372268477409   0.01334034680732684   0.03254558973337931   0.08298325952390671   0.16887297554773167   0.2434632365583136   0.5278103752950923   1.0   0.4175064629695598   -0.19553692251244653   -0.07207314870199624   0.06538731440792357   0.10942572407626154   0.13254678116954366   0.12719571777843075   0.07953791629922824   0.07465368029381857   0.09776449874931965   0.09582172405689128   0.07916606411566479   0.181250637321045   0.26860827548663585   -0.05819176363887524   -0.3139850879768362   -0.2572312625272449   -0.13796755937294264   -0.0750666877815963   -0.11149877359773273   -0.08068787213311693   -0.0018621101471216089   -0.0020696964020062657   -0.018090079918941012   -0.021375324760276423   -0.03800669279976162   -0.04317215256719612   -0.0699875348741595   -0.09403960784902332   -0.05384173349172073   -0.033269254241479224   0.0247544521874834   0.05100299631779755   0.035140335822734674   0.03518124783215849   0.03448426971497135   0.0348126824066521   0.021717409555517805   -0.0056153142385163834   -0.0098714671198392   -0.014348441818459422   -0.025566752472699305   
T_sec   15.0   15.5   16.0   16.5   17.0   17.5   18.0   18.5   19.0   19.5   20.0   20.5   21.0   21.5   22.0   22.5   23.0   23.5   24.0   24.5   25.0   25.5   26.0   26.5   27.0   27.5   28.0   28.5   29.0   29.5   30.0   30.5   31.0   31.5   32.0   32.5   33.0   33.5   34.0   34.5   35.0   35.5   36.0   36.5   37.0   37.5   38.0   38.5   39.0   39.5   40.0   40.5   41.0   41.5   42.0   42.5   43.0   43.5   44.0   44.5   45.0   45.5   46.0   46.5   47.0   47.5   48.0   48.5   49.0   49.5   50.0   50.5   51.0   51.5   52.0   52.5   53.0   53.5   54.0   54.5   55.0   
U31   0.00033608552423906066   -0.0048162644630714265   0.00046529303708270624   -0.0050456329161061905   0.0006226128859679103   -0.005286949060507386   0.0008151258668214208   -0.005542728943147564   0.0010475302381115583   -0.0058237114640463   0.0013332918355568688   -0.006120008073499631   0.0016875280663201635   -0.006438829555860504   0.0021311088343597467   -0.006783858579815231   0.002693994893197159   -0.0071488260100465275   0.0034219285530823797   -0.007537337135828409   0.004386919646136853   -0.007929080573130564   0.005709816213264983   -0.00829137534542046   0.007605467086226637   -0.008527408810823731   0.01050030199553222   -0.008358023599622958   0.0154074917548126   -0.006795979044937377   0.025466174944293003   0.001447637005931377   0.061519798204649465   0.08162178000958056   0.22552728792361884   0.3283188508133972   1.0   0.6573297121122483   -0.3174460806068424   -0.019437815912817066   0.03998334584674617   0.11760188451092018   0.09570767885496888   0.12193640400172667   0.05852405025469742   0.05744913688514983   0.07725360121250731   0.07919538472820975   0.03351315165653521   0.039007112923587176   0.10199923736029252   0.1429602080609728   0.24378294460559524   -0.06867177759844778   -0.3983713748330316   -0.15296974203251568   -0.12296856712355356   -0.1082324883401185   -0.021985696855313295   0.0168103395477711   -0.026739338217017825   -0.01266245792041246   -0.012000707154279708   -0.022623753962008906   -0.05613560120657395   -0.0814791408958394   -0.016520993128403567   0.023304595360428282   -0.038575861532150625   -0.05086835263109358   -0.05035515277525772   0.03754376838399567   0.04189879192671184   0.07969300579912719   0.0513111998898627   0.0153685598841738   -0.004949005358569268   0.019896117804424393   -0.012503706092733583   -0.020597036362584628   -0.03348651076092019   
T_sec   15.0   15.5   16.0   16.5   17.0   17.5   18.0   18.5   19.0   19.5   20.0   20.5   21.0   21.5   22.0   22.5   23.0   23.5   24.0   24.5   25.0   25.5   26.0   26.5   27.0   27.5   28.0   28.5   29.0   29.5   30.0   30.5   31.0   31.5   32.0   32.5   33.0   33.5   34.0   34.5   35.0   35.5   36.0   36.5   37.0   37.5   38.0   38.5   39.0   39.5   40.0   40.5   41.0   41.5   42.0   42.5   43.0   43.5   44.0   44.5   45.0   45.5   46.0   46.5   47.0   47.5   48.0   48.5   49.0   49.5   50.0   50.5   51.0   51.5   52.0   52.5   53.0   53.5   54.0   54.5   55.0   
U32   -0.0024467534105775935   -0.0026544075175881933   -0.002482788811918597   -0.002705062962166671   -0.0025083262696707406   -0.0027454149851936422   -0.002519198287091319   -0.002771306409518734   -0.002510166211978232   -0.0027773659784564586   -0.002475853627849829   -0.0027570341547670436   -0.0024056557856146866   -0.002697829087407035   -0.002285070808201611   -0.0025824487257656865   -0.0020918128821721923   -0.0023839299809130074   -0.0017901912714570472   -0.0020561202917639045   -0.001319036599354844   -0.0015171550000633864   -0.0005667191912659627   -0.0006096403959437936   0.0006946730779681372   0.0010068620385265173   0.0029845365009425672   0.004181808361121228   0.007761739288601835   0.011714890877180528   0.021107283759850885   0.04248900074406624   0.10450581523723759   0.21068173188337122   0.4615660335827624   1.0   0.9059987675959024   -0.10159308998192436   -0.13920798220035485   0.07904054371684463   0.10653363642985342   0.1326483712656427   0.11934978907216393   0.09348324498795481   0.06120286218381047   0.08918736887182183   0.08705388507713152   0.0473772216194003   0.0370911815190484   0.08487694577536747   0.11693040165542146   0.1551827691037999   0.18532508660144967   -0.08925394698631058   -0.366715570979135   -0.2526497825666526   -0.16370518324338032   -0.04684300185008811   -0.014193800836819606   -0.01819093471014587   -0.014469211836842879   -0.014916251644602314   -0.025665160805008677   -0.04304366630251534   -0.09236564908503887   -0.035462170767537625   0.03510297676291696   -0.003129815216050727   -0.0386565854242818   -0.07760294545675832   -0.06094607682454888   0.023736328852987668   0.08107171308187049   0.09236879815532621   0.04654197371503039   0.016826010926112394   0.0188392366614352   0.0055209530107296215   -0.02061979533040288   -0.02310844089140811   -0.022658418129175645   
T_sec   15.0   15.5   16.0   16.5   17.0   17.5   18.0   18.5   19.0   19.5   20.0   20.5   21.0   21.5   22.0   22.5   23.0   23.5   24.0   24.5   25.0   25.5   26.0   26.5   27.0   27.5   28.0   28.5   29.0   29.5   30.0   30.5   31.0   31.5   32.0   32.5   33.0   33.5   34.0   34.5   35.0   35.5   36.0   36.5   37.0   37.5   38.0   38.5   39.0   39.5   40.0   40.5   41.0   41.5   42.0   42.5   43.0   43.5   44.0   44.5   45.0   45.5   46.0   46.5   47.0   47.5   48.0   48.5   49.0   49.5   50.0   50.5   51.0   51.5   52.0   52.5   53.0   53.5   54.0   54.5   55.0   
U33   -0.0008805682086302846   -0.0033463757980022276   -0.0008198778499776289   -0.0034656192791662054   -0.0007373339042553839   -0.0035846993748350955   -0.0006268056262328157   -0.0037010732938208995   -0.00048090628656335493   -0.003814079950626985   -0.0002904087928979251   -0.003918165866494816   -3.9159402758259444e-05   -0.004003972703732043   0.00029661882657089816   -0.004061909042179605   0.0007514200905482687   -0.004062684938922495   0.001380595262610526   -0.003971185434270827   0.002279341061923221   -0.003699320992394047   0.003617179068597676   -0.0030636009101788044   0.005778403397396362   -0.0015841298621543638   0.009687909315778145   0.002180444624598351   0.018408291085803885   0.014853360730853866   0.052346460326186534   0.10268072361056245   0.259234620066591   0.6117123910953703   1.0   0.2385253455290402   -0.20223545618238933   0.0593283581514186   0.06577576995640574   0.10035903857910686   0.07401900141215324   0.0896412174377564   0.03805459223535369   0.05664637963543679   0.06418851478348499   0.045748725587829074   0.006846572596021662   0.03738415737861767   0.06400487322067587   0.051530114828051525   0.03999780858946962   0.029722553983204406   0.12232683717885323   -0.026302093684087837   -0.3615212450810547   -0.1718667875918324   -0.029094746557000423   -0.03660767008191667   -0.04816430460213924   0.0038914738745361305   -0.013026584448385184   -0.023334414872250374   -0.05252700817439473   -0.05480479072023938   0.01646631485504471   0.028134562648818758   0.007478082400207449   -0.008502864899162648   -0.040590521651114674   -0.045264358282479836   -0.03744396127318034   0.020064080199075827   0.04124469083837802   0.042429260192697285   0.034781065263531134   0.025710178901605967   -0.009197942092684657   -0.010302867884269313   -0.01483204863999549   -0.012615772053261885   -0.02196855149639066   
T_sec   15.0   15.5   16.0   16.5   17.0   17.5   18.0   18.5   19.0   19.5   20.0   20.5   21.0   21.5   22.0   22.5   23.0   23.5   24.0   24.5   25.0   25.5   26.0   26.5   27.0   27.5   28.0   28.5   29.0   29.5   30.0   30.5   31.0   31.5   32.0   32.5   33.0   33.5   34.0   34.5   35.0   35.5   36.0   36.5   37.0   37.5   38.0   38.5   39.0   39.5   40.0   40.5   41.0   41.5   42.0   42.5   43.0   43.5   44.0   44.5   45.0   45.5   46.0   46.5   47.0   47.5   48.0   48.5   49.0   49.5   50.0   50.5   51.0   51.5   52.0   52.5   53.0   53.5   54.0   54.5   55.0   
U34   -0.0018955414233152606   -0.0004445729919117515   -0.0019232092777528242   -0.0003485649458874364   -0.0019425199186043985   -0.00022462222726100304   -0.0019475527422477545   -6.377127541793005e-05   -0.0019324562383258679   0.00014609999758874806   -0.001889041587753894   0.0004165097408969875   -0.001816049073469457   0.0007661509319710388   -0.001681610208077951   0.001247348067628935   -0.0014460406132175308   0.0019240376027042933   -0.0010444346597350774   0.0029116266540538823   -0.000349486792553317   0.004430378173179891   0.0009169999579144332   0.006966947890614577   0.003432760543430061   0.01176769145905537   0.00925839547665549   0.02311890289317672   0.028015498026605603   0.07148156420176224   0.157548317964576   0.4296630996509952   0.8741640101352246   1.0   0.2486396636614245   -0.13779964868520048   0.08592921406564287   0.08511866979804127   0.0996650164372461   0.08841657311903525   0.09624987509315105   0.05298186117002583   0.07183563144043029   0.07143286907341927   0.04843709245331244   0.019129287095609127   0.05801998182628055   0.07235836779815862   0.05870139401238181   0.021797627006827747   0.013725654973508278   0.06491912961081839   0.12558971731666724   -0.08710282500659643   -0.3151277736851949   -0.16293046393093621   -0.06441229809868983   -0.05856279555509757   -0.02548325566202116   -0.0050078615433080545   -0.021589819261998437   -0.06776936456129519   -0.036266237406990136   0.04661869230103501   0.034051235405940454   0.015886861363076744   0.002856628627836462   -0.028299692024947497   -0.03721994763518866   -0.03997299128880034   -0.024320120134202233   -0.012616590809702042   0.0309208987962816   0.07978334884739365   0.0624611732902932   0.017233436558992017   0.0036043853545592837   0.0032333906153649834   -0.005145186756455802   -0.012193071183906994   -0.023407659103367586   
T_sec   15.0   15.5   16.0   16.5   17.0   17.5   18.0   18.5   19.0   19.5   20.0   20.5   21.0   21.5   22.0   22.5   23.0   23.5   24.0   24.5   25.0   25.5   26.0   26.5   27.0   27.5   28.0   28.5   29.0   29.5   30.0   30.5   31.0   31.5   32.0   32.5   33.0   33.5   34.0   34.5   35.0   35.5   36.0   36.5   37.0   37.5   38.0   38.5   39.0   39.5   40.0   40.5   41.0   41.5   42.0   42.5   43.0   43.5   44.0   44.5   45.0   45.5   46.0   46.5   47.0   47.5   48.0   48.5   49.0   49.5   50.0   50.5   51.0   51.5   52.0   52.5   53.0   53.5   54.0   54.5   55.0   
U35   -1.6785487916164464e-05   0.0009776821879655985   2.7434791809287464e-05   0.0011307096730119477   8.890126059912044e-05   0.0013198009571533447   0.00017057551873730142   0.0015542748161048304   0.00028219818807327115   0.001852698395020087   0.00043751082172413145   0.0022411172889486935   0.0006568620215910331   0.0027555248907092955   0.0009734590043756491   0.003463273989707921   0.0014517079477903397   0.004478252384854132   0.002208078510803575   0.006022034891203091   0.0034947326479364614   0.008562320697869117   0.005904502260182778   0.013260029650525605   0.011173678733534255   0.02388134772159776   0.026570004630747317   0.06096102612118385   0.12561549541466674   0.40357006215422736   0.7460179569904885   1.0   0.5345686723069433   0.016914905099189033   0.04899018714416589   0.06951771505147912   0.06783013521149635   0.07553325128360529   0.08958851662165197   0.05810755388516159   0.05716270526780771   0.060689163250431985   0.0500274436845617   0.024057931802661036   0.04516212030185978   0.06339942881873455   0.05429557175855235   0.019192067042919883   -0.002587333525468504   -0.008832090553140288   0.00857526651401244   0.004387635479134865   0.10587948368835785   -0.01787698569043565   -0.2357766517725292   -0.17257052710401885   -0.06568231939155382   -0.04748453601579097   -0.03479848962996575   -0.04027653499960578   -0.03998262130458428   0.024284367762437645   0.057547374131137176   0.044168952850591366   0.01810717320543334   0.00033450257703677755   -0.0056904603102593855   -0.004818734665434476   -0.0008993026376981309   -0.022373719229214994   -0.04034507958243072   -0.02432717176957165   0.021798481356872935   0.049798591655424836   0.0415588249335774   0.02045286434752713   0.004873053968463878   -0.0008477325355620008   -0.011763956479735067   -0.017928067057966825   -0.03051222252841843   
T_sec   15.0   15.5   16.0   16.5   17.0   17.5   18.0   18.5   19.0   19.5   20.0   20.5   21.0   21.5   22.0   22.5   23.0   23.5   24.0   24.5   25.0   25.5   26.0   26.5   27.0   27.5   28.0   28.5   29.0   29.5   30.0   30.5   31.0   31.5   32.0   32.5   33.0   33.5   34.0   34.5   35.0   35.5   36.0   36.5   37.0   37.5   38.0   38.5   39.0   39.5   40.0   40.5   41.0   41.5   42.0   42.5   43.0   43.5   44.0   44.5   45.0   45.5   46.0   46.5   47.0   47.5   48.0   48.5   49.0   49.5   50.0   50.5   51.0   51.5   52.0   52.5   53.0   53.5   54.0   54.5   55.0   
U36   0.003918016218788054   0.004385562290236771   0.004158804144673683   0.004657993595854284   0.004435966144180678   0.004977161000014864   0.00476230198688017   0.005358212778889727   0.00515598413924176   0.005825691235050452   0.005643875177756382   0.006419022865097521   0.0062733003706203355   0.0072100151424316335   0.007132656980852894   0.008334092835436744   0.008391516446595082   0.010031218850883669   0.010329430218654711   0.012785791970071198   0.013670382887599674   0.017910680954533582   0.020469503868800986   0.029649597340206377   0.039251978541660765   0.07225622297869896   0.1612887020872256   0.4560899020439059   0.7823157873342023   0.9899313979941038   1.0   0.14731974924034685   0.027546577095936102   0.06096802068319594   0.03310937766318164   0.07750599267488037   0.08963299261593326   0.08613750060592187   0.04698411191194465   0.06617625009591564   0.06451352001179872   0.05494610339711555   0.04876234467213574   0.07891118376514691   0.07090309344297377   0.037964535043718245   0.01600696019802786   -0.015238420759256943   -0.00842589307898536   -0.0057611080427330645   -0.005851017148390386   0.09868706337292092   0.16649327640326006   0.035929139949328864   -0.2960731041647294   -0.2031833575212672   -0.08669439989753389   -0.09095240452593083   -0.05989106940516124   0.03775003276933495   0.10387019809163986   0.06750057367727123   0.06681817369387523   0.04131012721358939   0.010453486111806807   0.011739386853686166   0.025531372337852794   0.012579523263161895   -0.018514056901914284   -0.03976536956943109   -0.03832339850590515   -0.04521408648192418   -0.025216012134941537   0.05540509592121579   0.0731104592612423   0.050824397133837206   0.03593870721167236   0.026968078225831766   0.010988302505068881   -0.022663158561886755   -0.06498866641491993   
T_sec   15.0   15.5   16.0   16.5   17.0   17.5   18.0   18.5   19.0   19.5   20.0   20.5   21.0   21.5   22.0   22.5   23.0   23.5   24.0   24.5   25.0   25.5   26.0   26.5   27.0   27.5   28.0   28.5   29.0   29.5   30.0   30.5   31.0   31.5   32.0   32.5   33.0   33.5   34.0   34.5   35.0   35.5   36.0   36.5   37.0   37.5   38.0   38.5   39.0   39.5   40.0   40.5   41.0   41.5   42.0   42.5   43.0   43.5   44.0   44.5   45.0   45.5   46.0   46.5   47.0   47.5   48.0   48.5   49.0   49.5   50.0   50.5   51.0   51.5   52.0   52.5   53.0   53.5   54.0   54.5   55.0   
U37   0.006769657219958182   0.004853279361048762   0.0071556465116524755   0.005084736463170265   0.0076091179347421035   0.005380349661953493   0.008162567843990777   0.005727266472460967   0.008819249173614454   0.006151138700554808   0.00963228792468661   0.006698038705218531   0.01068259294914845   0.007445532689905715   0.012108381444006604   0.008546422891581954   0.014185589870878302   0.010337834210654914   0.01750827985539355   0.013633966199968041   0.02361439918762059   0.02096242552515867   0.03788946837245876   0.04453543764451132   0.10082378231729601   0.24293168184028208   0.5649049048669736   0.7168676225304095   1.0   0.8717930616016503   0.08142967770205417   0.036266030324220856   0.0061791594760577506   0.034601451910833365   0.05521872597020655   0.08733443466202695   0.05668669337891717   0.037357467752060475   0.05043003697971191   0.06549889639993307   0.049768612354296714   0.05136137635228649   0.06835162554738242   0.0565143918700147   0.028012490661671077   0.009143989401042095   -0.03233848577677203   -0.004632032878045   -0.015618532696813217   -0.011648715908016489   0.061422384882309236   0.08713256268390826   0.11527461103702093   0.040701662641520434   -0.249269603047684   -0.20841895687244472   -0.09174313333867071   -0.09105382398288217   0.026464260388500305   0.10761789744033792   0.08755018055537686   0.06722506167524744   0.04070449909322716   0.03514562100253378   0.018515885999342986   0.02574118588175466   0.026005888786439755   -0.007665108835718574   -0.025760406600487742   -0.03313865196191496   -0.04790868548950923   -0.046862175124103025   -0.024425171080725765   0.04444815734888541   0.06421208141106437   0.052636836325533225   0.03153423351253472   0.022000701047210885   -0.022609728293593395   -0.057378160085633574   -0.04829014021483493   
T_sec   15.0   15.5   16.0   16.5   17.0   17.5   18.0   18.5   19.0   19.5   20.0   20.5   21.0   21.5   22.0   22.5   23.0   23.5   24.0   24.5   25.0   25.5   26.0   26.5   27.0   27.5   28.0   28.5   29.0   29.5   30.0   30.5   31.0   31.5   32.0   32.5   33.0   33.5   34.0   34.5   35.0   35.5   36.0   36.5   37.0   37.5   38.0   38.5   39.0   39.5   40.0   40.5   41.0   41.5   42.0   42.5   43.0   43.5   44.0   44.5   45.0   45.5   46.0   46.5   47.0   47.5   48.0   48.5   49.0   49.5   50.0   50.5   51.0   51.5   52.0   52.5   53.0   53.5   54.0   54.5   55.0   
U38   0.005693202495712495   0.0075549875852655   0.005966314569283954   0.008021221322195097   0.006276028772976152   0.008562178493088648   0.006638735878274546   0.009206049191218658   0.007080285252322026   0.010002616219452316   0.007645932982020634   0.01102542139836867   0.008415027727360282   0.012410674646181417   0.00954415113932771   0.014421314703020325   0.01137372255756073   0.017636870259364182   0.014740470176646606   0.0235598845724717   0.022268914302658423   0.03761036725749679   0.04684693499363313   0.1031892417614883   0.2776470839517803   0.5236363460984227   0.6390107212383217   1.0   0.8287693446063319   0.1662146541939042   0.024503058044954586   -0.012475728163559765   0.02153251483292836   0.0405461667984346   0.07798527605791303   0.04346780311231778   0.03252886873999392   0.0431416506244018   0.06776805986809363   0.04920422572940084   0.05256628632806781   0.060445478494475964   0.053916465751688514   0.03231402095186118   0.007098286868012078   -0.03154085173873462   0.0022483795828207595   -0.019297091414220823   -0.008418490733205304   0.04133385401994827   0.06574960299499862   0.06232594882789413   0.12410209929954379   0.005563359145980339   -0.23756254458169104   -0.19020978910809716   -0.11049142292480262   -0.013122219279673254   0.07321587759193086   0.09983092779213872   0.08545398834067826   0.0490027338278862   0.04068573954451121   0.034398338397516146   0.026614072487681755   0.018020622356827498   0.0007305524233458315   -0.014920420876493293   -0.018242510854066914   -0.03962379094412587   -0.041258350429652535   -0.037618309514246065   -0.01804583575747758   0.04234066011162739   0.06253241855212759   0.049664911974044955   0.03466080066059572   0.0024504697681482033   -0.02814864817761883   -0.031203374732046384   -0.023139966881472296   
T_sec   15.0   15.5   16.0   16.5   17.0   17.5   18.0   18.5   19.0   19.5   20.0   20.5   21.0   21.5   22.0   22.5   23.0   23.5   24.0   24.5   25.0   25.5   26.0   26.5   27.0   27.5   28.0   28.5   29.0   29.5   30.0   30.5   31.0   31.5   32.0   32.5   33.0   33.5   34.0   34.5   35.0   35.5   36.0   36.5   37.0   37.5   38.0   38.5   39.0   39.5   40.0   40.5   41.0   41.5   42.0   42.5   43.0   43.5   44.0   44.5   45.0   45.5   46.0   46.5   47.0   47.5   48.0   48.5   49.0   49.5   50.0   50.5   51.0   51.5   52.0   52.5   53.0   53.5   54.0   54.5   55.0   
U39   0.0081324564851764   0.004149615289979981   0.00867111235833179   0.0043066706035096245   0.009308048685804598   0.004493181670092736   0.010074394813154778   0.00472631453565059   0.011022036751219454   0.005045327623798383   0.012254859568789737   0.00551688720195196   0.013934001561022183   0.0062748541086933545   0.016392078084377606   0.007652611925700636   0.020373041940256378   0.010511324255719082   0.027951250832343708   0.01791026611206754   0.04763766354835683   0.05011887829189944   0.18120570001612388   0.3584390364398435   0.49463037497616763   0.64082352264366   1.0   0.5703705878366252   -0.03555859350304315   0.016329651227965605   -0.04586698095478873   0.019249780562125684   0.029231218407865238   0.060966502775843784   0.008191965604619003   0.024722611430909442   0.04563315410756067   0.06683739272740763   0.03630090408599301   0.04839894217389001   0.048334086481227695   0.043045275667916605   0.01929522428214477   -0.012271841956909927   -0.02850308557007156   0.015415077625636923   -0.027558889048657206   0.00015997242642962518   0.050855933167220375   0.04620431588320107   0.03646888079901279   0.05093730961812668   0.07704727301565713   0.02468220147246378   -0.24124684674583546   -0.17847720879467405   -0.007369114334150445   0.03243348905736282   0.0714046121140313   0.08945139411093508   0.057729357461775245   0.03281897654615283   0.022771350357560043   0.038328975912111554   0.01323222047040825   -0.0038529278504314027   -0.0015507030519339685   -0.005109238139544651   -0.024441152230798843   -0.0336639077063832   -0.02907038842206903   -0.018299845817433123   -0.02048747850854841   0.03553839399937554   0.05081431211229564   0.0396119588546701   0.010608874480359095   0.0011571182455678876   -0.007795542629213033   -0.012681582819601666   -0.0022427051341018544   
T_sec   15.0   15.5   16.0   16.5   17.0   17.5   18.0   18.5   19.0   19.5   20.0   20.5   21.0   21.5   22.0   22.5   23.0   23.5   24.0   24.5   25.0   25.5   26.0   26.5   27.0   27.5   28.0   28.5   29.0   29.5   30.0   30.5   31.0   31.5   32.0   32.5   33.0   33.5   34.0   34.5   35.0   35.5   36.0   36.5   37.0   37.5   38.0   38.5   39.0   39.5   40.0   40.5   41.0   41.5   42.0   42.5   43.0   43.5   44.0   44.5   45.0   45.5   46.0   46.5   47.0   47.5   48.0   48.5   49.0   49.5   50.0   50.5   51.0   51.5   52.0   52.5   53.0   53.5   54.0   54.5   55.0   
U40   0.0070580611089181705   0.008214431955598435   0.007428784898130536   0.00873365437466831   0.007863142400950833   0.009359848518545185   0.008396828504049946   0.010145699269045091   0.009084124475272943   0.011175773195109706   0.01002652943930342   0.01262582571298401   0.011423052496208555   0.014805366422243723   0.01368710545523882   0.01847632930451302   0.017956546814288973   0.025833744887935717   0.028198921289971687   0.046644295505854326   0.07491905421106763   0.20911461589359057   0.37650341754593614   0.5248002637777042   0.7259979005910541   1.0   0.7113078859688196   0.13759509039569573   -0.01949622975984104   -0.03627422068211973   -0.012637048142700903   0.025115118198758637   0.04144448409609165   0.01610521081958181   0.01769433003110603   0.04658983741963386   0.06458198705368383   0.04903377957455297   0.0461964631681369   0.049462087012282475   0.04451278366156387   0.021042158710742134   -0.012021874297268009   -0.024410227252058502   -0.00078699473344521   -0.019203273402860564   -0.007124910563543271   0.03857667672420232   0.04943716669559302   0.03560543330179935   0.039673191326589224   0.04098371085920029   0.06466003509127441   -0.027511214790975742   -0.1948211305937934   -0.12486881105819342   -0.002245321269812453   0.03820449480333111   0.06924126106054125   0.07026940915871341   0.05016586292980415   0.03388758649852994   0.0390308534854657   0.03156603878530613   0.004091990811996344   -0.002552666366782906   0.0014490294416494142   -0.01265766306384695   -0.022215285926248964   -0.026498214856781183   -0.022249567282428138   -0.01957861301238159   -0.014023241409253274   0.02143808678566239   0.03762378776615237   0.014869187750268412   -0.003672662331494663   -0.0023708918013106662   -0.007967900318517393   -0.00482428920647527   0.008420563153556769   
sta_location:9.954407470807796,10.195376934105745,10.88763805139088,11.117428274821942,11.78168189571699,12.230373802586398,12.778226081389567,13.167069673597041,13.620212331284934,14.286174744506354,14.777752527750511,15.035098038965724,15.777376679288109,16.48764769092482,16.72186242550011,17.144221079823968,17.852370540865287,18.068475314900265,18.974232239443054,19.35416230828825,19.734845969624065,20.053247221560966,20.57289999505593,21.189559402790703,21.653692599945142,22.35840578846509,22.615598987053886,23.06145087337591,23.660425879008784,24.435498736633942,24.528702876426248,25.203370860454857,25.51645326142569,26.10543304385085,26.56432409230029,27.232059085455116,27.959527316300836,28.458293798242742,28.837991249181684,29.39892652460477,29.730360031458652,
rebuild_index:0,1,2,3,4,5,6,7,8,9,10,11,12,13,14,15,16,17,18,19,20,21,22,23,24,25,26,27,28,29,30,31,32,33,34,35,36,37,38,39,40,
use_index:0,1,2,3,4,5,6,7,8,9,10,11,12,13,14,15,16,17,18,19,20,21,22,23,24,25,26,27,28,29,30,31,32,33,34,35,36,37,38,39,40,
rebuild_locdata:9.954407470807796,10.195376934105745,10.88763805139088,11.117428274821942,11.78168189571699,12.230373802586398,12.778226081389567,13.167069673597041,13.620212331284934,14.286174744506354,14.777752527750511,15.035098038965724,15.777376679288109,16.48764769092482,16.72186242550011,17.144221079823968,17.852370540865287,18.068475314900265,18.974232239443054,19.35416230828825,19.734845969624065,20.053247221560966,20.57289999505593,21.189559402790703,21.653692599945142,22.35840578846509,22.615598987053886,23.06145087337591,23.660425879008784,24.435498736633942,24.528702876426248,25.203370860454857,25.51645326142569,26.10543304385085,26.56432409230029,27.232059085455116,27.959527316300836,28.458293798242742,28.837991249181684,29.39892652460477,29.730360031458652,
cut_start_time:15---cut_windows:40---reduction_v:10---move_time_window_all:0.0
move_time_window:0.0,0.0,0.0,0.0,0.0,0.0,0.0,0.0,0.0,0.0,0.0,0.0,0.0,0.0,0.0,0.0,0.0,0.0,0.0,0.0,0.0,0.0,0.0,0.0,0.0,0.0,0.0,0.0,0.0,0.0,0.0,0.0,0.0,0.0,0.0,0.0,0.0,0.0,0.0,0.0,0.0,
sta_noise_mean:0,0,0,0,0,0,0,0,0,0,0,0,0,0,0,0,0,0,0,0,0,0,0,0,0,0,0,0,0,0,0,0,0,0,0,0,0,0,0,0,0,
sta_noise_sigma:0,0,0,0,0,0,0,0,0,0,0,0,0,0,0,0,0,0,0,0,0,0,0,0,0,0,0,0,0,0,0,0,0,0,0,0,0,0,0,0,0,
add_noise_region_move_range:0,0,0,0,0,0,0,0,0,0,0,0,0,0,0,0,0,0,0,0,0,0,0,0,0,0,0,0,0,0,0,0,0,0,0,0,0,0,0,0,0,