T_sec   15.0   15.5   16.0   16.5   17.0   17.5   18.0   18.5   19.0   19.5   20.0   20.5   21.0   21.5   22.0   22.5   23.0   23.5   24.0   24.5   25.0   25.5   26.0   26.5   27.0   27.5   28.0   28.5   29.0   29.5   30.0   30.5   31.0   31.5   32.0   32.5   33.0   33.5   34.0   34.5   35.0   35.5   36.0   36.5   37.0   37.5   38.0   38.5   39.0   39.5   40.0   40.5   41.0   41.5   42.0   42.5   43.0   43.5   44.0   44.5   45.0   45.5   46.0   46.5   47.0   47.5   48.0   48.5   49.0   49.5   50.0   50.5   51.0   51.5   52.0   52.5   53.0   53.5   54.0   54.5   55.0   
U0   -0.00035960982892328336   0.002628374669363999   -0.0004539342902701519   0.0026956051050823398   -0.0005680226787704162   0.002763610386217723   -0.0007000948751000204   0.0028338375532687855   -0.0008479968827350871   0.0029100855976992926   -0.0010117371878495926   0.002993609889272966   -0.0012059306222358098   0.0030710119619306287   -0.001434744833374297   0.003173369649820986   -0.0016501208426025116   0.0033353845101973772   -0.001862871063409713   0.003549821340566605   -0.002080685194141683   0.0038293023753509015   -0.002303482454297355   0.004187354759438981   -0.00253389679477512   0.004648483693449642   -0.0027796603447906363   0.0052367015325179055   -0.0030522480867964494   0.005988808508441843   -0.003373169798877513   0.0069700144678773454   -0.003754197479575511   0.008307077031400371   -0.004191081567970724   0.010252933732939309   -0.004654067749358024   0.013327556329985805   -0.005006583150145509   0.018842048910635185   -0.004527302596866311   0.03127900425220529   0.0015177809352975714   0.07651557709086551   0.09552324405317385   0.6856118470034305   1.0   0.19864567764321003   0.042044291383571575   -0.09677616780570254   -0.06639582260972447   -0.07122411242865816   -0.031227383627386605   -0.09840730482075162   -0.14635763863134774   -0.13027015581418444   -0.03682269342967916   -0.028595122627967928   0.007494654398789671   0.021120687708799962   0.036658853274735476   0.08223895003377292   0.08453442712957357   0.09619465094723374   0.04662135808317102   -0.07024827682236105   -0.0112234418373423   -0.005838106715679984   0.014226937621812156   -0.036730536116647367   -0.08940850641519485   -0.13201729165292234   -0.10462239878730435   -0.13899892429691835   -0.07914863785884681   -0.03469862875262884   -0.011784264037417641   0.01067509656557941   0.025879872981260578   0.009158873125611764   0.004359649783729759   
T_sec   15.0   15.5   16.0   16.5   17.0   17.5   18.0   18.5   19.0   19.5   20.0   20.5   21.0   21.5   22.0   22.5   23.0   23.5   24.0   24.5   25.0   25.5   26.0   26.5   27.0   27.5   28.0   28.5   29.0   29.5   30.0   30.5   31.0   31.5   32.0   32.5   33.0   33.5   34.0   34.5   35.0   35.5   36.0   36.5   37.0   37.5   38.0   38.5   39.0   39.5   40.0   40.5   41.0   41.5   42.0   42.5   43.0   43.5   44.0   44.5   45.0   45.5   46.0   46.5   47.0   47.5   48.0   48.5   49.0   49.5   50.0   50.5   51.0   51.5   52.0   52.5   53.0   53.5   54.0   54.5   55.0   
U1   0.001652839854392262   0.004161142751370165   0.001538246315455067   0.004183123111350924   0.0014090312121900561   0.004206124256194109   0.0012545004634594422   0.0042070438394291665   0.001054892283730685   0.004179226668187178   0.0008245618709028167   0.004187486377446582   0.0006318955438448107   0.00425274103575355   0.00045836885099140664   0.004365647807982756   0.0003002917486667657   0.004535645109050591   0.0001582912183236798   0.004769999643667559   3.3866130233358966e-05   0.005078526854017742   -8.068299308899455e-05   0.0054676451334593435   -0.00019775905930597456   0.005943318954363817   -0.00034023391568007057   0.006515315473038373   -0.0005219620910567662   0.007225920283194221   -0.000740669962249661   0.008152818532721914   -0.0010091145285850808   0.009386418055871103   -0.0013741102257563058   0.011103586814068969   -0.0018560079284941002   0.013755633239973988   -0.0023628956470288344   0.018532864036771134   -0.002430448532044308   0.029282919972901826   0.0008296561108480068   0.0663632915583632   0.04488608124517961   0.5329285379535114   1.0   0.3000960850321408   0.010881409314226128   -0.15295152187963232   -0.10638979187902065   -0.0983940373098723   -0.0857476229684631   -0.17027424835934063   -0.20022101719012264   -0.17121812756362695   -0.04326800889090773   -0.02967927145737635   0.008322193648742371   0.020876393293517367   0.08795482520076925   0.1837576781198135   0.20035416565902797   0.1475829522207421   -0.02223389266623302   -0.09940705355055252   -0.02507684353485001   -0.013699547070204193   -0.05075726760030948   -0.18523271312177794   -0.18583644254385367   -0.17589868976975562   -0.10490058371620438   -0.12762990658698714   -0.10586445738191638   -0.05464414409781553   -0.0005376741679806683   0.0240633066762109   0.005783908936752615   -0.011785572775665259   -0.021708619989269783   
T_sec   15.0   15.5   16.0   16.5   17.0   17.5   18.0   18.5   19.0   19.5   20.0   20.5   21.0   21.5   22.0   22.5   23.0   23.5   24.0   24.5   25.0   25.5   26.0   26.5   27.0   27.5   28.0   28.5   29.0   29.5   30.0   30.5   31.0   31.5   32.0   32.5   33.0   33.5   34.0   34.5   35.0   35.5   36.0   36.5   37.0   37.5   38.0   38.5   39.0   39.5   40.0   40.5   41.0   41.5   42.0   42.5   43.0   43.5   44.0   44.5   45.0   45.5   46.0   46.5   47.0   47.5   48.0   48.5   49.0   49.5   50.0   50.5   51.0   51.5   52.0   52.5   53.0   53.5   54.0   54.5   55.0   
U2   0.005216364330563719   0.0040231999579218   0.005230659517809699   0.0039697600915797274   0.005275736983034741   0.00393857030817041   0.005353151121591431   0.003930390825977216   0.005465216547115722   0.003945981863283509   0.005611933259607614   0.003983028806453337   0.005787911813511833   0.004026123537104241   0.005986276285492228   0.004072191223316901   0.006210895684537338   0.004132010756201868   0.006474069338324448   0.004201679167984744   0.0067758312056394095   0.004263208306497668   0.007086877382027416   0.0042870071593654096   0.007406929634704346   0.004266560849621444   0.007742357588737226   0.004201438329945308   0.00812905473487627   0.0041218570792313025   0.008630816116630588   0.004051914704562691   0.009304864941486485   0.004008004753831505   0.010264009102979019   0.0040563105933721245   0.011737639625065906   0.004349601514635565   0.01421513483119912   0.005344755790150273   0.019037248378169412   0.008756081278660335   0.031030965417078234   0.024143491048944234   0.08124124108349809   0.20300293260047408   1.0   0.8698562203015516   0.09954888597359189   -0.12135820537583378   -0.10931675813714678   -0.08895207070911844   -0.1864187988318302   -0.19023795288115625   -0.16862660748236322   -0.11466125515514791   -0.043224169967372654   0.01682729615575975   0.02479560834453342   0.16004227398295065   0.30438821400111005   0.35551848744516346   0.09393136900945671   -0.11597889484412172   -0.10385318241475258   -0.11499483875619805   -0.21747105116244758   -0.27152447538299573   -0.22772533319351945   -0.15525974912571788   -0.0825285053345639   -0.05308304490070678   -0.04553988157646257   -0.04900699363839572   -0.08408898833860431   -0.039176541979025606   -0.012386823190441104   -0.006357543848858696   -0.019596892180416114   -0.00856720755652691   -0.004076631284467106   
T_sec   15.0   15.5   16.0   16.5   17.0   17.5   18.0   18.5   19.0   19.5   20.0   20.5   21.0   21.5   22.0   22.5   23.0   23.5   24.0   24.5   25.0   25.5   26.0   26.5   27.0   27.5   28.0   28.5   29.0   29.5   30.0   30.5   31.0   31.5   32.0   32.5   33.0   33.5   34.0   34.5   35.0   35.5   36.0   36.5   37.0   37.5   38.0   38.5   39.0   39.5   40.0   40.5   41.0   41.5   42.0   42.5   43.0   43.5   44.0   44.5   45.0   45.5   46.0   46.5   47.0   47.5   48.0   48.5   49.0   49.5   50.0   50.5   51.0   51.5   52.0   52.5   53.0   53.5   54.0   54.5   55.0   
U3   0.0025694550545432   0.0026883972713378427   0.002577691007528801   0.002717287876885612   0.0025992226350477006   0.002762497200304036   0.002636665644795187   0.0028228486768808866   0.002683132342340768   0.00289152699087129   0.0027349752126481636   0.0029686045209608644   0.002797570428479187   0.0030613762972221703   0.0028729816045158225   0.003169842319655208   0.002958448275691544   0.003281666342382052   0.003036692295480324   0.0033890736210024546   0.0031077860425677796   0.00349302358417179   0.003169113809258623   0.0035935886105756764   0.0032299164194078043   0.0037130156838598885   0.003314432092657462   0.0038690626648781403   0.0034343726031865994   0.004076464371146792   0.0036084821769759466   0.004367523281450703   0.003877607266280772   0.004794100771839602   0.004310362237135172   0.005459729394827733   0.005056574645756089   0.006594779982901994   0.006467208887613839   0.008781129782019875   0.00953835487242153   0.013896875841762416   0.017979975434284107   0.031048505950909466   0.056385982933685325   0.18899623437375515   0.7032310123614972   1.0   0.26051527362959453   -0.08388187393174557   -0.04466316061509534   -0.05956051985329713   -0.11792670708659626   -0.1268827472689785   -0.07947813138236395   -0.06381625202579272   -0.029021185246058116   0.02152359171970322   0.05238408798191307   0.14712842409157947   0.25318588566951666   0.1958611837670118   0.0030158338662322134   -0.10443770941202564   -0.10127404992430857   -0.14991361301107528   -0.22872900825303108   -0.17621437345850316   -0.10413987515590935   -0.05748807144148303   -0.0281210074697199   -0.009145835634123195   -0.004657162164324781   -0.021208779883831453   -0.06937347643799815   -0.061277067135042614   -0.008078852670542347   -0.0032799666538311403   0.0010572095688064157   0.0016904210317712097   0.007295946614981952   
T_sec   15.0   15.5   16.0   16.5   17.0   17.5   18.0   18.5   19.0   19.5   20.0   20.5   21.0   21.5   22.0   22.5   23.0   23.5   24.0   24.5   25.0   25.5   26.0   26.5   27.0   27.5   28.0   28.5   29.0   29.5   30.0   30.5   31.0   31.5   32.0   32.5   33.0   33.5   34.0   34.5   35.0   35.5   36.0   36.5   37.0   37.5   38.0   38.5   39.0   39.5   40.0   40.5   41.0   41.5   42.0   42.5   43.0   43.5   44.0   44.5   45.0   45.5   46.0   46.5   47.0   47.5   48.0   48.5   49.0   49.5   50.0   50.5   51.0   51.5   52.0   52.5   53.0   53.5   54.0   54.5   55.0   
U4   0.0032033919223789648   0.0029199825779541466   0.0032720069666977783   0.0029809685072453625   0.003345074965183436   0.0030379858633755416   0.003412060516773501   0.0030880497245713177   0.003471931113093893   0.003128498089729865   0.003523492785435268   0.003156233433728953   0.0035649545807336074   0.0031784833151871188   0.0036087554564642353   0.0032020886256899006   0.0036571218897105727   0.003228678857966046   0.003713748389949525   0.003262109981827728   0.0037818939426385915   0.003300478440862063   0.0038618326114619045   0.0033480757289006255   0.003962582908102023   0.0034111457531742803   0.004091533851512751   0.003496367944933295   0.004264931511995183   0.0036172626270134737   0.004503313453681988   0.0037932711088109468   0.004847157820483831   0.004063276009117973   0.005371225849977584   0.004499395642642883   0.006214553473240951   0.005245656321480664   0.007696400284043548   0.0066658895263961735   0.010665985113456946   0.009829110422669873   0.01799775544952028   0.019097018765712268   0.044924104977716796   0.06976470702252524   0.35037196478780747   1.0   0.5969769060769996   0.008819205708997907   -0.04483940904086657   -0.07016810224998901   -0.13891155598686175   -0.10895361227271934   -0.027007691855312283   -0.009488462965626474   -0.014585058995670518   0.07265698877367184   0.2118575609002728   0.31228306793070854   0.16496753319642096   -0.017992939723151507   -0.05209024360353414   -0.1775993602875458   -0.293762082445612   -0.24530766094929388   -0.1866227965530264   -0.11124018344941791   -0.04500483062918432   0.0011065424991431485   0.01057384400743316   0.01434190106191027   0.005922040626050195   -0.004997779329920034   -0.060456127418228256   -0.09532774882060628   -0.04265880900718518   -0.004181580396508388   -0.0008175488815217926   -0.003952067498762946   0.019407270692432203   
T_sec   15.0   15.5   16.0   16.5   17.0   17.5   18.0   18.5   19.0   19.5   20.0   20.5   21.0   21.5   22.0   22.5   23.0   23.5   24.0   24.5   25.0   25.5   26.0   26.5   27.0   27.5   28.0   28.5   29.0   29.5   30.0   30.5   31.0   31.5   32.0   32.5   33.0   33.5   34.0   34.5   35.0   35.5   36.0   36.5   37.0   37.5   38.0   38.5   39.0   39.5   40.0   40.5   41.0   41.5   42.0   42.5   43.0   43.5   44.0   44.5   45.0   45.5   46.0   46.5   47.0   47.5   48.0   48.5   49.0   49.5   50.0   50.5   51.0   51.5   52.0   52.5   53.0   53.5   54.0   54.5   55.0   
U5   0.004602086162550122   0.005582389380828158   0.004630188876415471   0.005666203441122969   0.004639614137246512   0.0057418260421163905   0.004641489469397163   0.005819249755874661   0.004635876562943905   0.00589971316148089   0.004627413944352505   0.005989685519956561   0.004616804801338719   0.006086008685271984   0.00459964500334203   0.006192921471115756   0.004578796626901256   0.006312802351320765   0.0045542473405974495   0.00645232289803726   0.0045290936168746795   0.006619758427513672   0.004504581456754637   0.006818311485484258   0.004479403202120876   0.0070637036900824055   0.004460477188727753   0.007371615208723328   0.004451931237598787   0.007768753055367117   0.0044621098033828565   0.008290418332057087   0.00450221695758021   0.009004355136801596   0.004607152763381571   0.010031811432903326   0.004857881832797438   0.011631606838479568   0.0054505794920543865   0.014363423413938542   0.006924746113304682   0.019773665537075196   0.011201323957266456   0.03325444319790914   0.028273200660868063   0.08851765260103704   0.20012050431106007   0.9819875448369577   1.0   0.1413916883884429   -0.07604136821527109   -0.12712300456108694   -0.18527089831231858   -0.1336781483064083   -0.005377341135792387   0.026141276766698543   0.043121496683775865   0.23055234548005574   0.5381181483418755   0.33433934429867096   -0.006798281748859879   -0.11415483531033285   -0.28341970506980513   -0.3866137227032412   -0.34326082690012927   -0.22530044005352604   -0.1884993086937328   -0.13583509807362176   -0.008997587687658126   0.0189115175856117   -0.0037639611194830087   0.0045549469955210335   0.013868993300896755   -0.017451090030042086   -0.05791937835945111   -0.1322692323822222   -0.08451057097932733   -0.017045235891408415   -0.008922624991111593   0.01527355745377325   0.051865360117218345   
T_sec   15.0   15.5   16.0   16.5   17.0   17.5   18.0   18.5   19.0   19.5   20.0   20.5   21.0   21.5   22.0   22.5   23.0   23.5   24.0   24.5   25.0   25.5   26.0   26.5   27.0   27.5   28.0   28.5   29.0   29.5   30.0   30.5   31.0   31.5   32.0   32.5   33.0   33.5   34.0   34.5   35.0   35.5   36.0   36.5   37.0   37.5   38.0   38.5   39.0   39.5   40.0   40.5   41.0   41.5   42.0   42.5   43.0   43.5   44.0   44.5   45.0   45.5   46.0   46.5   47.0   47.5   48.0   48.5   49.0   49.5   50.0   50.5   51.0   51.5   52.0   52.5   53.0   53.5   54.0   54.5   55.0   
U6   0.001977331236477126   0.0028176418607358056   0.001971230801023724   0.002860515896880489   0.001962069240062846   0.002906441771407141   0.0019511616934963902   0.0029557942628535786   0.001938077512428009   0.003009385776298552   0.001923992185464178   0.00307204175109697   0.0019107212778490265   0.0031430685497335666   0.001896123240110894   0.0032244029129005376   0.001881385157462683   0.0033186100613213083   0.0018680200009411683   0.0034309507514108007   0.001856167323438103   0.0035641718194590476   0.0018443372487259018   0.0037222072853726486   0.0018345547697899902   0.003914321701919006   0.0018287284215332206   0.0041545981327776715   0.00183279363002011   0.004464009827162462   0.0018565264779483953   0.004876309456267609   0.0019153126866601198   0.00544529176785892   0.0020393188056356593   0.006284342130640765   0.002301401344841861   0.0075749561489097065   0.002830351537024397   0.009784594237406886   0.004019551692110433   0.014058279234699742   0.007041589296899114   0.024317320267557656   0.017254429165736804   0.06188075216678766   0.08844053658446527   0.525972564351511   1.0   0.4621920668959176   -0.011345021813186456   -0.09215052800801155   -0.11731732213402542   -0.05638092944149436   0.024426887360868673   0.07939277819794237   0.15802259509159886   0.41792321101786617   0.3633943315101842   -0.007443781144645131   -0.19447771937764463   -0.28309026087319955   -0.25036084634695943   -0.1591934241726977   -0.14023918387620696   -0.1382757070268497   -0.09617619213608519   -0.07882625681875685   -0.021913555253808944   0.002850277035305707   0.005542796242103222   0.007332664636723427   0.016045134055380265   -0.007054814265927797   -0.0377625844597533   -0.09298486602681852   -0.08678975661630545   -0.03223428412594081   0.013973239429782191   0.039742787975388404   0.04259917328544909   
T_sec   15.0   15.5   16.0   16.5   17.0   17.5   18.0   18.5   19.0   19.5   20.0   20.5   21.0   21.5   22.0   22.5   23.0   23.5   24.0   24.5   25.0   25.5   26.0   26.5   27.0   27.5   28.0   28.5   29.0   29.5   30.0   30.5   31.0   31.5   32.0   32.5   33.0   33.5   34.0   34.5   35.0   35.5   36.0   36.5   37.0   37.5   38.0   38.5   39.0   39.5   40.0   40.5   41.0   41.5   42.0   42.5   43.0   43.5   44.0   44.5   45.0   45.5   46.0   46.5   47.0   47.5   48.0   48.5   49.0   49.5   50.0   50.5   51.0   51.5   52.0   52.5   53.0   53.5   54.0   54.5   55.0   
U7   0.004190704070970323   0.0033467601056346536   0.004238524199803691   0.0033500947919074247   0.0042910329712426455   0.003354505235461058   0.004348818146835246   0.003357319317179753   0.004410082863440324   0.0033604887274029695   0.004479331035979774   0.003364508525294936   0.004557634066638902   0.0033684456851621257   0.004644105280916094   0.003372201795357215   0.004740162022226089   0.0033741234014103344   0.00484818891525812   0.0033760352356961526   0.0049727939958449   0.0033772454157557953   0.005117110863769464   0.003379635766598865   0.005289099460828248   0.003388623392714436   0.00550140837142327   0.0034082829526862245   0.005769715658828773   0.0034481760749168746   0.0061194078271928805   0.00352446077030426   0.006590913318326169   0.0036622112237803817   0.007249654108682024   0.003921380238608252   0.008227306404609572   0.0044179695942463465   0.009772838271262348   0.005434414004318456   0.012469770194922056   0.007750141181473422   0.01792561616235618   0.014163202489655911   0.03233622341316725   0.04019777200215741   0.10370764821963278   0.36040064453844795   1.0   0.7971015585942676   -0.021403438208232987   -0.11843824553173592   -0.16539902986372132   -0.0308668368551322   0.03644734669488492   0.17937931798320894   0.4365826463047552   0.723531834328576   0.21277942161526675   -0.3021453530976151   -0.4485354301516462   -0.37660632870451466   -0.20675005358366563   -0.1425375707166249   -0.11029351415519509   -0.14132535453726128   -0.10510771923705409   -0.08907425974989433   -0.05748415158270979   -0.007177286568550196   -0.0011173909211841364   0.012043635551637885   0.008082121460904082   -0.012587077030640876   -0.06278942849977127   -0.07595198372201566   -0.11504634958733147   -0.05743222026003781   0.03434668883945156   0.05472909144338175   0.04972712561967812   
T_sec   15.0   15.5   16.0   16.5   17.0   17.5   18.0   18.5   19.0   19.5   20.0   20.5   21.0   21.5   22.0   22.5   23.0   23.5   24.0   24.5   25.0   25.5   26.0   26.5   27.0   27.5   28.0   28.5   29.0   29.5   30.0   30.5   31.0   31.5   32.0   32.5   33.0   33.5   34.0   34.5   35.0   35.5   36.0   36.5   37.0   37.5   38.0   38.5   39.0   39.5   40.0   40.5   41.0   41.5   42.0   42.5   43.0   43.5   44.0   44.5   45.0   45.5   46.0   46.5   47.0   47.5   48.0   48.5   49.0   49.5   50.0   50.5   51.0   51.5   52.0   52.5   53.0   53.5   54.0   54.5   55.0   
U8   0.00438796299777631   0.0038811632898724017   0.004434564322039857   0.003906514711392751   0.00448196537573953   0.003934027680338532   0.004533902226117838   0.00396286505869085   0.00458720113443837   0.003992114651312359   0.004644204936182438   0.004022651124781179   0.0047039640276299284   0.004053075012572319   0.004766003606920785   0.004085060590723562   0.004834653243622586   0.004119832392444279   0.004909794237270316   0.004160776498369265   0.004997030688727734   0.0042096047130955345   0.005098705433476153   0.004269565712501487   0.005218910640153118   0.004348656191066088   0.005370397616531336   0.0044573219096870325   0.005565561568988466   0.00460429682466501   0.005816235375396069   0.004813121276608489   0.006160972707640226   0.005125478432911097   0.006654402158400115   0.005612639410503309   0.007401513691104455   0.006417608895555016   0.00861368645918276   0.007856371605133323   0.010784012992184927   0.010733489609079182   0.015271997310503023   0.017668426445021784   0.027148103690922815   0.04156621738128676   0.08074474537610055   0.26233751300452807   0.8655810634807416   1.0   0.18759350146893775   -0.17331575033651136   -0.13912695901879485   -0.012582849976230291   0.1101710825565764   0.4066956116284165   0.9746919738489387   0.6170411236383594   -0.41614949399353196   -0.6038992956701522   -0.4470252394085417   -0.26221136962442154   -0.1605256318613193   -0.07176384443857492   -0.08475437477742499   -0.15305667394399847   -0.11883094195171366   -0.08093715962442329   -0.10066092175757167   -0.0291407178359507   0.015114126123016495   0.024079380229353353   -0.003221957903638814   -0.04552688609096538   -0.06203640135902476   -0.05710821351737136   -0.12806291190781305   -0.06988131569363036   0.03772492660240907   0.0346161376691291   0.0012547516585021206   
T_sec   15.0   15.5   16.0   16.5   17.0   17.5   18.0   18.5   19.0   19.5   20.0   20.5   21.0   21.5   22.0   22.5   23.0   23.5   24.0   24.5   25.0   25.5   26.0   26.5   27.0   27.5   28.0   28.5   29.0   29.5   30.0   30.5   31.0   31.5   32.0   32.5   33.0   33.5   34.0   34.5   35.0   35.5   36.0   36.5   37.0   37.5   38.0   38.5   39.0   39.5   40.0   40.5   41.0   41.5   42.0   42.5   43.0   43.5   44.0   44.5   45.0   45.5   46.0   46.5   47.0   47.5   48.0   48.5   49.0   49.5   50.0   50.5   51.0   51.5   52.0   52.5   53.0   53.5   54.0   54.5   55.0   
U9   0.0006860344881721365   0.0013033304192685692   0.0006834697046351138   0.0013400246940931835   0.0006791953946155236   0.001379280024001674   0.0006742977197908688   0.0014211824990885786   0.0006688893105272162   0.0014669014680618248   0.000663963769127581   0.001516652156157757   0.0006598139345437351   0.001573925391481252   0.0006583956773535257   0.0016367225324898757   0.0006580484210125121   0.00170699056666934   0.0006615928348356147   0.0017888573888240986   0.0006717720756594817   0.0018828778496134439   0.000690842129716415   0.001995545659637465   0.0007243533075140551   0.002129285791632915   0.0007782560737659818   0.0022940920089910472   0.000864089700492193   0.0025011069474147147   0.000998957399796345   0.0027658522752631557   0.0012117709563090812   0.0031181703724360572   0.0015527626526188412   0.003606960636922269   0.002116951084686674   0.004324586877035851   0.0030977650611633354   0.005463362472854214   0.004926901360452774   0.0074839223514619555   0.00874995514746522   0.011761454763995708   0.01844776667682917   0.02421394596203661   0.055185339622468674   0.10213647989508724   0.49582014460868257   0.920169399223344   0.40579118786702606   0.0008355494852150028   -0.05860194034646853   0.0949097987922559   0.20660654951749305   1.0   0.49310901686899955   -0.5217205966481326   -0.4551725378714458   -0.26637631160217823   -0.15927388478435187   -0.10543458805186329   -0.011726892801057764   -0.05856047378060321   -0.06699696832839197   -0.06993114491010287   -0.06416549136108322   -0.10064158921404957   -0.08200786097918214   -0.006305281437555636   0.029378412979611596   0.009720800236106449   -0.04654827434889813   -0.03329505831708491   -0.00016613703052759395   -0.07615210702669728   -0.0985678169240409   -0.06461177605604246   -0.01130773568206569   -0.012670007694609098   0.004418255737415324   
T_sec   15.0   15.5   16.0   16.5   17.0   17.5   18.0   18.5   19.0   19.5   20.0   20.5   21.0   21.5   22.0   22.5   23.0   23.5   24.0   24.5   25.0   25.5   26.0   26.5   27.0   27.5   28.0   28.5   29.0   29.5   30.0   30.5   31.0   31.5   32.0   32.5   33.0   33.5   34.0   34.5   35.0   35.5   36.0   36.5   37.0   37.5   38.0   38.5   39.0   39.5   40.0   40.5   41.0   41.5   42.0   42.5   43.0   43.5   44.0   44.5   45.0   45.5   46.0   46.5   47.0   47.5   48.0   48.5   49.0   49.5   50.0   50.5   51.0   51.5   52.0   52.5   53.0   53.5   54.0   54.5   55.0   
U10   0.0013144069876773411   0.0003574058131054994   0.0013596906597934352   0.0003470374522598488   0.0014090494463751394   0.00033331948675876274   0.0014607937737252652   0.0003196212164169699   0.001520459623509414   0.00030402436104008624   0.001585393358143384   0.0002886956024789839   0.0016589642774419015   0.0002731578325799789   0.001742852107522511   0.0002566953891125445   0.0018377725106157369   0.00024099784577386987   0.0019487745126538522   0.0002260750501435996   0.002078014947908082   0.00021554470369295348   0.0022329480782384116   0.00020893954584789312   0.0024198156999613216   0.00021229236158699672   0.002648954419018196   0.0002289921458842872   0.002937429593400236   0.0002713430227737677   0.0033080811168410764   0.0003518975179459224   0.0037988959608711713   0.0004976691153964685   0.004470710838334261   0.0007600016027936922   0.005431274410244164   0.0012299940936706926   0.006898986037869212   0.0021328906601360475   0.009319380104207063   0.003957375429275238   0.013804667002322411   0.008187881506006597   0.024029748376961164   0.020946024900764745   0.05871473900830896   0.09438638300937433   0.4221394924579504   0.8941535063515237   0.6538346219120315   0.0838612015819106   0.04464842251126005   0.18907959666062643   0.9849491717508685   1.0   -0.36373857878590926   -0.6653886171867424   -0.3677149105070638   -0.2168208225717474   -0.11684904589584791   -0.059695831844367726   -0.06388177463798161   -0.08643698978166516   -0.04947322471913105   -0.03803417354779666   -0.11150435991396855   -0.10155505288868169   -0.052755596086559345   -0.01592284358726659   0.0032835217468929153   -0.038141704138328604   -0.07896894559674757   -0.02721584892537485   -0.09524318677567221   -0.10312604886720726   -0.04738069372695922   -0.06864701469232322   -0.06724697556699598   -0.010087267329561413   -0.012205437010186001   
T_sec   15.0   15.5   16.0   16.5   17.0   17.5   18.0   18.5   19.0   19.5   20.0   20.5   21.0   21.5   22.0   22.5   23.0   23.5   24.0   24.5   25.0   25.5   26.0   26.5   27.0   27.5   28.0   28.5   29.0   29.5   30.0   30.5   31.0   31.5   32.0   32.5   33.0   33.5   34.0   34.5   35.0   35.5   36.0   36.5   37.0   37.5   38.0   38.5   39.0   39.5   40.0   40.5   41.0   41.5   42.0   42.5   43.0   43.5   44.0   44.5   45.0   45.5   46.0   46.5   47.0   47.5   48.0   48.5   49.0   49.5   50.0   50.5   51.0   51.5   52.0   52.5   53.0   53.5   54.0   54.5   55.0   
U11   0.0011224233401877707   0.000296743787722136   0.0011618180309732394   0.0002834049779075615   0.001204624491844813   0.0002688509153839599   0.0012515276024093632   0.0002530214317772391   0.0013024909645057182   0.0002354411225875291   0.0013583524785618821   0.00021642865740534507   0.0014217149842206823   0.0001968471925551944   0.0014924655729103814   0.00017616486925133755   0.0015717080744518525   0.00015441437156672288   0.001663205612594665   0.00013342229277385088   0.0017696739355533846   0.00011272214223287878   0.0018930948858262829   9.42407938397937e-05   0.0020417850709146626   8.163143413959281e-05   0.0022211759872476553   7.755112865633544e-05   0.002440744526433305   8.768021845448993e-05   0.0027185100047244382   0.00012321373689361611   0.003080043241769519   0.0002105351483951506   0.003572121069374997   0.00037974424366679063   0.004256177634344518   0.0006947071610967635   0.005268930357801824   0.0013009036218286157   0.006895229732725617   0.0025420778242294306   0.00983924936567308   0.005402348290355032   0.01633690428597445   0.013690379574657073   0.03745746241863897   0.05576257132061199   0.23565073204021153   0.6045555643848706   0.4582810305348988   0.07901304764856758   0.06356455285497427   0.27131958927525784   1.0   0.3326936502110991   -0.4820215381139475   -0.3643626423477585   -0.2391960624001316   -0.1138572255665262   -0.07248544470751123   -0.03808257524961175   -0.07150744822943106   -0.05702885608959257   -0.02077971562863619   -0.026291384353587265   -0.09145155851781224   -0.04889906787786713   -0.030430345139053072   -0.020208383362587127   -0.013988116438867092   -0.05981035812652337   -0.06715876024886898   -0.04064834808914049   -0.10509232500884322   -0.03679645050084626   -0.018080049121479765   -0.06068813321286891   -0.05508363444807428   -2.079928040196665e-05   -0.014081481184747153   
T_sec   15.0   15.5   16.0   16.5   17.0   17.5   18.0   18.5   19.0   19.5   20.0   20.5   21.0   21.5   22.0   22.5   23.0   23.5   24.0   24.5   25.0   25.5   26.0   26.5   27.0   27.5   28.0   28.5   29.0   29.5   30.0   30.5   31.0   31.5   32.0   32.5   33.0   33.5   34.0   34.5   35.0   35.5   36.0   36.5   37.0   37.5   38.0   38.5   39.0   39.5   40.0   40.5   41.0   41.5   42.0   42.5   43.0   43.5   44.0   44.5   45.0   45.5   46.0   46.5   47.0   47.5   48.0   48.5   49.0   49.5   50.0   50.5   51.0   51.5   52.0   52.5   53.0   53.5   54.0   54.5   55.0   
U12   -0.0013279282653665355   -0.001254324326341655   -0.0013252758786285333   -0.0012470735087942672   -0.0013206319555952993   -0.0012366260820617027   -0.0013128525640000493   -0.0012233151828104198   -0.001302974542541401   -0.0012069476243829287   -0.0012892205420604558   -0.0011857500096076504   -0.0012712489016449937   -0.001159578436488297   -0.0012485576301661072   -0.0011271411187744774   -0.0012155722088284077   -0.0010788351324064584   -0.0011679961883115718   -0.0010177953256751318   -0.0011082862876116172   -0.0009421911127730777   -0.001033097423288639   -0.0008476819522483358   -0.0009373564474050328   -0.0007283127789533511   -0.000813882887787696   -0.000574637566310715   -0.0006513098229117113   -0.00037277908094329303   -0.0004334153224382115   -0.00010214559039909718   -0.00013311165017168675   0.00027278565732296976   0.00029471403750793546   0.0008123511568326192   0.0009313595955403094   0.0016255346495328814   0.0019329349892732543   0.0029384531852802258   0.0036330022722829767   0.005244821245291033   0.006841569324977657   0.009869623902161371   0.014048764381039587   0.02149158814383857   0.036613245583026775   0.06976219413257649   0.21524919880755913   0.6324226047380787   0.6997808970380972   0.3856953300188129   0.6276410532304045   1.0   0.49767531521166475   -0.3336918344531963   -0.47778993205518816   -0.2680345887440322   -0.17680031149188744   -0.11039993028124478   -0.06917659987277397   -0.08562060357474263   -0.07500982683772967   -0.018141423868385045   0.003577196303185041   -0.03340275869251813   -0.05309954800899519   -0.03234061987159401   -0.05759049713254371   -0.12297319705791226   -0.14904672548643916   -0.10352570530583088   -0.07914598842773421   -0.09300131574827232   -0.024516824306706174   0.025407322410911107   -0.010392825487571252   -0.059793509119036074   -0.04652166901978862   -0.021688627195736516   -0.03624852313513347   
T_sec   15.0   15.5   16.0   16.5   17.0   17.5   18.0   18.5   19.0   19.5   20.0   20.5   21.0   21.5   22.0   22.5   23.0   23.5   24.0   24.5   25.0   25.5   26.0   26.5   27.0   27.5   28.0   28.5   29.0   29.5   30.0   30.5   31.0   31.5   32.0   32.5   33.0   33.5   34.0   34.5   35.0   35.5   36.0   36.5   37.0   37.5   38.0   38.5   39.0   39.5   40.0   40.5   41.0   41.5   42.0   42.5   43.0   43.5   44.0   44.5   45.0   45.5   46.0   46.5   47.0   47.5   48.0   48.5   49.0   49.5   50.0   50.5   51.0   51.5   52.0   52.5   53.0   53.5   54.0   54.5   55.0   
U13   -0.0033239373560305686   -0.0009083287129161941   -0.0033813920476874087   -0.0008140369303765039   -0.0034407507327345916   -0.0007088949530883555   -0.0035042430442891468   -0.0005912249447984963   -0.0035690009041058524   -0.0004582480722796242   -0.0036406148113152545   -0.0003097222695468528   -0.0037141449495868063   -0.00014071757007241473   -0.003794701267954562   4.963579205541353e-05   -0.0038792303331360856   0.000267464383007075   -0.003972224244041375   0.0005176134015642724   -0.0040714175502155605   0.0008065690803043381   -0.0041788667674102584   0.001145303184179415   -0.004292613877901672   0.0015469386114421145   -0.004412312646958981   0.0020310256927113723   -0.0045331904062932415   0.0026219859249228916   -0.004655378486608218   0.0033610123024040116   -0.004764460385009263   0.004306690151659667   -0.004841214097636846   0.0055657284602524115   -0.004833889452745411   0.007306821210263   -0.0046491851108836305   0.009861046533908615   -0.004050936066463672   0.01392236953069585   -0.002428097489619416   0.0211862903777319   0.0021598038897667686   0.03706727759251185   0.01830730825163663   0.08898376237184694   0.1317097703911132   0.5989698942564374   0.8246314460613005   1.0   0.8595814654289329   0.81356745101083   0.13378768194168   -0.5192027549525313   -0.3433342450349217   -0.2507294062220786   -0.15501636021008358   -0.14521403433780075   -0.07465286160333132   -0.08924012511044885   -0.03610083382241963   -0.014447580773531834   0.007030090045147897   -0.03675500961150197   -0.09310759833722097   -0.13981020369101133   -0.17335543662195693   -0.20674301340575257   -0.15470316717918592   -0.142800777259557   -0.07245668795519178   -0.038265996010334584   0.05364539101111157   0.03106557319586442   0.014677185229995487   -0.06794984541524896   -0.05731100244398053   -0.0874639999928604   -0.09422978696878459   
T_sec   15.0   15.5   16.0   16.5   17.0   17.5   18.0   18.5   19.0   19.5   20.0   20.5   21.0   21.5   22.0   22.5   23.0   23.5   24.0   24.5   25.0   25.5   26.0   26.5   27.0   27.5   28.0   28.5   29.0   29.5   30.0   30.5   31.0   31.5   32.0   32.5   33.0   33.5   34.0   34.5   35.0   35.5   36.0   36.5   37.0   37.5   38.0   38.5   39.0   39.5   40.0   40.5   41.0   41.5   42.0   42.5   43.0   43.5   44.0   44.5   45.0   45.5   46.0   46.5   47.0   47.5   48.0   48.5   49.0   49.5   50.0   50.5   51.0   51.5   52.0   52.5   53.0   53.5   54.0   54.5   55.0   
U14   -0.002573636681880325   -0.002396642396643671   -0.002559702472890643   -0.002373136455272637   -0.0025422516057615175   -0.0023451044730746703   -0.0025210415523454002   -0.0023110216685653475   -0.0024937840244662218   -0.0022711642602423524   -0.0024621609899311823   -0.0022256883184790283   -0.00242459601578122   -0.002171352287684182   -0.0023786795497664926   -0.002108276315982158   -0.0023247596548826863   -0.00203247441816405   -0.0022583810188514367   -0.0019458677423363107   -0.0021816792073237673   -0.0018391156069700505   -0.002082000138681596   -0.0017071878378693086   -0.00195861262566402   -0.0015459220642401739   -0.0018040382777374472   -0.0013452767703880542   -0.0016065216853823237   -0.0010892891827800062   -0.0013456806426629091   -0.0007500603699823827   -0.0009902942203137335   -0.00029135105193637607   -0.0004914077607127159   0.0003564362202574617   0.00024327844553942885   0.0013182276756730216   0.00138548851644844   0.002839844937404722   0.0032996246100340056   0.005469403165888033   0.006851678546120919   0.010620953918325933   0.014569957712669127   0.02302497113192066   0.03686952989149121   0.06864143398418047   0.17322757426265292   0.5356695422004834   0.9958243033876528   1.0   0.7924670013683981   0.7422140433830419   0.11738251475725066   -0.4892492112974567   -0.34780813332815835   -0.215255626490267   -0.1675785133013799   -0.1349747222831095   -0.07771020684473456   -0.06472625713871294   -0.046552051106788686   -0.007294227784789262   -0.008234661489703502   -0.07436672415566761   -0.128647191991509   -0.14809603678545083   -0.17152379886544272   -0.18552950770428905   -0.1676170128274329   -0.11734024767774305   -0.04680797557952434   -0.00997416184239173   0.04282171914594402   0.04435163103855348   0.0002964245248199707   -0.052296816697190524   -0.08047639864617499   -0.09561384827964606   -0.09562429583087188   
T_sec   15.0   15.5   16.0   16.5   17.0   17.5   18.0   18.5   19.0   19.5   20.0   20.5   21.0   21.5   22.0   22.5   23.0   23.5   24.0   24.5   25.0   25.5   26.0   26.5   27.0   27.5   28.0   28.5   29.0   29.5   30.0   30.5   31.0   31.5   32.0   32.5   33.0   33.5   34.0   34.5   35.0   35.5   36.0   36.5   37.0   37.5   38.0   38.5   39.0   39.5   40.0   40.5   41.0   41.5   42.0   42.5   43.0   43.5   44.0   44.5   45.0   45.5   46.0   46.5   47.0   47.5   48.0   48.5   49.0   49.5   50.0   50.5   51.0   51.5   52.0   52.5   53.0   53.5   54.0   54.5   55.0   
U15   -0.003189740149974329   -0.0014432784136689375   -0.0032228642882052064   -0.001379430652310079   -0.0032580106590323933   -0.0013078655802279899   -0.003295044501763179   -0.0012274046750555677   -0.0033323386512184435   -0.0011369715297421831   -0.0033712507511918844   -0.0010358747677878103   -0.003413138445477198   -0.0009201820761828906   -0.0034545163853857844   -0.0007865621184590632   -0.0034979458462847967   -0.0006339267722080521   -0.0035432343128989343   -0.0004579155046715764   -0.003588338787054424   -0.00025138251860842544   -0.0036352969025696   -8.702380496978322e-06   -0.003681850044162354   0.0002805411064726866   -0.0037266621558220904   0.0006307848412975816   -0.0037649002819330965   0.0010634799418402778   -0.003792338301099682   0.0016106390272878598   -0.0037945058126631747   0.0023226656980981034   -0.003751733681326122   0.0032837891574459387   -0.0036193585336174224   0.004639859940715669   -0.0033111338669996842   0.006675213353881516   -0.0026260661935970714   0.00999625283245216   -0.0010605125910399663   0.016123121847390638   0.002922612352257284   0.029888319605701   0.01581635891576471   0.07556942329236409   0.09398051126779064   0.5207285729775895   1.0   0.554495387157953   0.673920889894684   0.7038268534846691   -0.10064774426482395   -0.38250763351428   -0.20023269255523915   -0.15490799354425924   -0.12758091030458243   -0.09770560303229098   -0.037849288271297195   -0.07171528000452139   -0.03785898773568261   -0.024524918820691455   -0.07196353567314116   -0.08974946217931316   -0.07960739749326425   -0.11221948087560371   -0.09565816708114211   -0.1361480134456812   -0.11556148257815275   -0.03330437069542401   -0.01896643920670451   -0.004670859798696417   0.053482381253223674   0.02895309903488644   0.002784738211528613   -0.04237831920073481   -0.08225854541608513   -0.07487438878755631   -0.05456947850209746   
T_sec   15.0   15.5   16.0   16.5   17.0   17.5   18.0   18.5   19.0   19.5   20.0   20.5   21.0   21.5   22.0   22.5   23.0   23.5   24.0   24.5   25.0   25.5   26.0   26.5   27.0   27.5   28.0   28.5   29.0   29.5   30.0   30.5   31.0   31.5   32.0   32.5   33.0   33.5   34.0   34.5   35.0   35.5   36.0   36.5   37.0   37.5   38.0   38.5   39.0   39.5   40.0   40.5   41.0   41.5   42.0   42.5   43.0   43.5   44.0   44.5   45.0   45.5   46.0   46.5   47.0   47.5   48.0   48.5   49.0   49.5   50.0   50.5   51.0   51.5   52.0   52.5   53.0   53.5   54.0   54.5   55.0   
U16   -0.002069782179817511   -0.003969033793348497   -0.0019879805194635354   -0.00399504778645239   -0.0018969933655950272   -0.00402045222437371   -0.0017937588870404746   -0.004045290646768355   -0.0016792607418457694   -0.0040716303418479715   -0.0015510932055190097   -0.004099340690644865   -0.0014065230022020125   -0.004126136706667899   -0.0012437995101354392   -0.004156207390910238   -0.0010590959423284246   -0.004187082713343179   -0.0008466171917512745   -0.004216303528851995   -0.0006010045518803213   -0.004245588808401146   -0.0003126361286950055   -0.004270031146675153   2.9095637765216447e-05   -0.00429100119739129   0.0004409199619098172   -0.00430079497778614   0.0009461271249443649   -0.0042910662951717886   0.001581346235999061   -0.004243860959594875   0.0024007015783799814   -0.004135305078786927   0.0034900262463998543   -0.003925474585028141   0.004997140858362337   -0.0035038812613358505   0.007218341753607302   -0.002645283478353732   0.010748105546375598   -0.0008069538272289662   0.017007098545659016   0.0035993842918568466   0.03029269744558876   0.01702471817634305   0.07137147696755357   0.10053092498590938   0.44231566302127134   0.7054710854380185   0.9305258745180756   0.8465288433152949   1.0   0.7660220645915663   -0.3798588723530229   -0.36544007070308054   -0.20840636616407437   -0.1371671303572401   -0.13666194881118104   -0.10409861394869814   -0.12554107536090106   -0.20150919860145067   -0.1745393461996824   -0.0878268988109756   -0.11161792831784763   -0.08488729041786279   -0.07827521247185265   -0.06388717396959458   -0.09811984249917893   -0.14674651507707137   -0.093318860959082   -0.015672619528474572   -0.049266573424181996   0.029702520599139873   0.06502004936684184   0.015162202644019868   -0.025190623389398627   -0.06903330763629167   -0.09381236500499812   -0.06588352530134989   -0.08585272415117391   
T_sec   15.0   15.5   16.0   16.5   17.0   17.5   18.0   18.5   19.0   19.5   20.0   20.5   21.0   21.5   22.0   22.5   23.0   23.5   24.0   24.5   25.0   25.5   26.0   26.5   27.0   27.5   28.0   28.5   29.0   29.5   30.0   30.5   31.0   31.5   32.0   32.5   33.0   33.5   34.0   34.5   35.0   35.5   36.0   36.5   37.0   37.5   38.0   38.5   39.0   39.5   40.0   40.5   41.0   41.5   42.0   42.5   43.0   43.5   44.0   44.5   45.0   45.5   46.0   46.5   47.0   47.5   48.0   48.5   49.0   49.5   50.0   50.5   51.0   51.5   52.0   52.5   53.0   53.5   54.0   54.5   55.0   
U17   -0.002969122291883841   -0.0034036585050888613   -0.0029156463895973136   -0.0033739553770331023   -0.002856512812232651   -0.003340162849248608   -0.0027915066787748857   -0.0033033931432091368   -0.002718202621869189   -0.003261428794271   -0.0026360348740077483   -0.0032134961322152467   -0.002544788554175594   -0.0031599337082966884   -0.0024407181708330024   -0.0030976398633356917   -0.002321749243117989   -0.003024514635309392   -0.0021854038199843324   -0.002939791332302671   -0.002026050518199595   -0.0028385999060640092   -0.0018374921870235271   -0.0027140366609092184   -0.0016122721213411475   -0.002561046561423855   -0.0013352311918124412   -0.0023645552607219917   -0.000988091114875648   -0.002106467023935926   -0.0005475159773631561   -0.0017726417167944007   2.3786838798711982e-05   -0.0013038860249717267   0.0008155422869903982   -0.0006087952097704591   0.0019609650894062717   0.0004740671432016714   0.0037181650213908295   0.0022932713307022142   0.006655839256467878   0.005686397172464335   0.012218714040140903   0.013149820361153563   0.025323540655245554   0.03585531653265615   0.08047222417684943   0.23249854934437497   0.5001330091512657   0.6554441700365468   0.9127531726315782   1.0   0.9840707167111563   0.5983854494391283   -0.27557039854109044   -0.36806216654604734   -0.1950838885287697   -0.143025340973692   -0.1376133182264994   -0.1528999519359871   -0.21209243487307106   -0.23933684581652734   -0.16954459446893566   -0.10809891610544162   -0.10690603238078321   -0.08564367012148824   -0.05405375074476713   -0.07152818095476332   -0.11298188457094523   -0.13091231616683846   -0.09278753592571255   -0.03932574509307343   -0.0324393115402187   0.029542914979656942   0.04904217380345067   0.0011763927948886135   -0.04101154437991279   -0.06848200964249143   -0.08401555778546671   -0.08488409006842354   -0.08008800075536437   
T_sec   15.0   15.5   16.0   16.5   17.0   17.5   18.0   18.5   19.0   19.5   20.0   20.5   21.0   21.5   22.0   22.5   23.0   23.5   24.0   24.5   25.0   25.5   26.0   26.5   27.0   27.5   28.0   28.5   29.0   29.5   30.0   30.5   31.0   31.5   32.0   32.5   33.0   33.5   34.0   34.5   35.0   35.5   36.0   36.5   37.0   37.5   38.0   38.5   39.0   39.5   40.0   40.5   41.0   41.5   42.0   42.5   43.0   43.5   44.0   44.5   45.0   45.5   46.0   46.5   47.0   47.5   48.0   48.5   49.0   49.5   50.0   50.5   51.0   51.5   52.0   52.5   53.0   53.5   54.0   54.5   55.0   
U18   -0.0021428380286887903   -0.0021675237387679194   -0.0020985013845852968   -0.0021226225364997663   -0.0020522418742116508   -0.0020752906120029935   -0.001998926883528555   -0.0020199214195185   -0.0019399860737062946   -0.0019584706683919615   -0.001874399110306476   -0.0018892249087896695   -0.0017976024478123175   -0.001808528689130907   -0.0017142920105534985   -0.0017245839064906371   -0.0016256187223465115   -0.0016281881469942157   -0.0015206055069189543   -0.001513300836892402   -0.001395928989242914   -0.0013752476850388364   -0.001245247923115817   -0.0012057172714724038   -0.0010599034455393086   -0.0009939308084714472   -0.0008272422165207668   -0.0007231283801270394   -0.0005284299881338861   -0.0003674161946489568   -0.00013098679747733697   0.00011493656928699534   0.0004136909883899041   0.0007941087533150899   0.0011933361012790844   0.0018022334815020614   0.002377409800788967   0.003399638443899101   0.004319889888817261   0.0061746025525598715   0.007889560126118663   0.011791096314240952   0.015968050200157687   0.027328276895193734   0.048602488527020066   0.15266419913491228   0.30892200292674443   0.32490058166420566   0.37406497031349273   0.6850950434207491   0.9939648173580904   1.0   0.8608138190481535   0.29855116068366483   -0.232188051176263   -0.19233441773270357   -0.20577047429905956   -0.3317247442718592   -0.35409750573254456   -0.26679324348421546   -0.2033597484305093   -0.16193817016509257   -0.1028080035173277   -0.07032208723479652   -0.05595593102779515   -0.021106099913561303   -0.03157098557528807   -0.06359952597593771   -0.0859817865936569   -0.112148459071319   -0.0782067279590903   -0.03515059237793136   -0.013364376946371383   0.02404192760782306   0.01702103159685747   -0.007802510935948262   -0.01318398697102562   -0.03420715401981162   -0.06711942255251765   -0.0687536687593276   -0.05476238954254139   
T_sec   15.0   15.5   16.0   16.5   17.0   17.5   18.0   18.5   19.0   19.5   20.0   20.5   21.0   21.5   22.0   22.5   23.0   23.5   24.0   24.5   25.0   25.5   26.0   26.5   27.0   27.5   28.0   28.5   29.0   29.5   30.0   30.5   31.0   31.5   32.0   32.5   33.0   33.5   34.0   34.5   35.0   35.5   36.0   36.5   37.0   37.5   38.0   38.5   39.0   39.5   40.0   40.5   41.0   41.5   42.0   42.5   43.0   43.5   44.0   44.5   45.0   45.5   46.0   46.5   47.0   47.5   48.0   48.5   49.0   49.5   50.0   50.5   51.0   51.5   52.0   52.5   53.0   53.5   54.0   54.5   55.0   
U19   -0.0006216140813955148   -0.002680876007328842   -0.0005248225479548129   -0.0027012694079587775   -0.000418049256243555   -0.0027179088946660134   -0.00029798854469913525   -0.0027369120048377194   -0.00017705169290631494   -0.0027648396466629344   -4.310330286874482e-05   -0.0027912829354741647   0.00010696220075618545   -0.0028185183148061567   0.0002763575580896471   -0.0028411853361351323   0.0004680094538521664   -0.00286387818228677   0.0006874297543402005   -0.002880970276530766   0.0009411641611227789   -0.0028891091914628837   0.0012387669601452139   -0.0028821865665306606   0.0015923189496333497   -0.0028536810836197837   0.0020189074916533833   -0.0027913989637120937   0.0025433592148997315   -0.0026715720851140535   0.003207817531000701   -0.002455987339874665   0.004076679507277763   -0.0020775875317015553   0.005259147193019546   -0.0014021421162081845   0.006962781608168651   -0.0001394184210240542   0.009635285558359189   0.0024171016822392265   0.014428480908477754   0.008512584322493851   0.025839562894866143   0.03116452860656274   0.09554563436867465   0.24967858990092542   0.3120645897610276   0.24952043626082776   0.495804361056709   0.6443943455722216   1.0   0.9020361139453411   0.8870543060648535   0.23410116943252124   -0.31848670431512843   -0.21958818430264251   -0.4083189062374751   -0.3581371160321767   -0.3090046919331592   -0.18344831282253063   -0.1581201580560267   -0.10087011046310024   -0.09135727639080543   -0.0633357015447765   -0.062478427792963885   -0.0264449987992406   -0.03542359766602284   -0.05487047286440037   -0.08317602754123184   -0.10771659596771835   -0.06914825084343114   -0.021267447713524644   -0.025466921819549453   0.04136880699065997   0.0031765207509985988   0.011529865501505159   -0.009665184391217094   -0.014639571506095557   -0.08145668024471056   -0.05316097029912687   -0.0568356654351817   
T_sec   15.0   15.5   16.0   16.5   17.0   17.5   18.0   18.5   19.0   19.5   20.0   20.5   21.0   21.5   22.0   22.5   23.0   23.5   24.0   24.5   25.0   25.5   26.0   26.5   27.0   27.5   28.0   28.5   29.0   29.5   30.0   30.5   31.0   31.5   32.0   32.5   33.0   33.5   34.0   34.5   35.0   35.5   36.0   36.5   37.0   37.5   38.0   38.5   39.0   39.5   40.0   40.5   41.0   41.5   42.0   42.5   43.0   43.5   44.0   44.5   45.0   45.5   46.0   46.5   47.0   47.5   48.0   48.5   49.0   49.5   50.0   50.5   51.0   51.5   52.0   52.5   53.0   53.5   54.0   54.5   55.0   
U20   -0.0013838922174207308   -0.0012466579691586513   -0.0013551439322956286   -0.0012159080005973628   -0.0013216767710969915   -0.0011802851039779104   -0.0012830106584182685   -0.0011394903831483658   -0.0012384300850582976   -0.001092418843128328   -0.0011865311598847487   -0.0010377843096827715   -0.0011259099917652919   -0.0009738839955274387   -0.0010537316711652733   -0.0008970134299418848   -0.0009669437742080929   -0.0008051074671326059   -0.0008622947783098632   -0.0006938638440753007   -0.0007348846281424262   -0.000557784713137955   -0.0005767429250483596   -0.00038659085865763455   -0.00037499916542388384   -0.0001670746546096424   -0.00011430656189467972   0.00011985139295170952   0.00023247415995234527   0.00050689901704604   0.0007074269828902986   0.0010452180112854117   0.0013829776095122814   0.0018288654976453978   0.0023930960812200376   0.0030352116357333214   0.004011945596957842   0.005061347324745961   0.006881386153623159   0.008933814666563868   0.012906998607358621   0.018553721999017524   0.031900444787727106   0.07607530139110806   0.21740265456452684   0.2751861719718981   0.2695378285916449   0.4304801306916248   0.5641302899480047   0.7203666337765646   0.9531761355847335   1.0   0.8661373093893853   0.08677219985566839   -0.41195628854341804   -0.4447246122559064   -0.4067264811457146   -0.34715803819464924   -0.230738301001754   -0.13755035464654974   -0.11244308926474782   -0.10830388756960715   -0.08430212393408491   -0.07645477408165424   -0.08140724238633408   -0.05699866893730096   -0.03544619438295238   -0.05639715526848609   -0.08609523648068727   -0.10246100546261833   -0.05411753811717199   -0.036574561924160295   -0.001746595350191571   0.022195733867419756   0.028274839916036822   0.015074641234811084   -0.0035627628214948233   -0.03497984000112626   -0.0665047468215231   -0.06118958895417146   -0.0447246675641923   
T_sec   15.0   15.5   16.0   16.5   17.0   17.5   18.0   18.5   19.0   19.5   20.0   20.5   21.0   21.5   22.0   22.5   23.0   23.5   24.0   24.5   25.0   25.5   26.0   26.5   27.0   27.5   28.0   28.5   29.0   29.5   30.0   30.5   31.0   31.5   32.0   32.5   33.0   33.5   34.0   34.5   35.0   35.5   36.0   36.5   37.0   37.5   38.0   38.5   39.0   39.5   40.0   40.5   41.0   41.5   42.0   42.5   43.0   43.5   44.0   44.5   45.0   45.5   46.0   46.5   47.0   47.5   48.0   48.5   49.0   49.5   50.0   50.5   51.0   51.5   52.0   52.5   53.0   53.5   54.0   54.5   55.0   
U21   0.00014952684811626223   -0.0022828598634729957   0.00024547586608575844   -0.002333342895593999   0.00035244300990229   -0.0023861951288313196   0.000470636383567579   -0.002442369064837911   0.0006030576837186685   -0.0024998955657270557   0.0007531048007217018   -0.0025595390434243284   0.0009221584972491365   -0.0026219037956605514   0.0011139848818635897   -0.0026863614186727787   0.0013335827646214463   -0.002750870678735201   0.0015896970498673637   -0.00281349041349373   0.0018898319791939503   -0.0028690175783907595   0.0022466466266871706   -0.002916759635082534   0.0026748613144331433   -0.0029462104230821243   0.0032020755956217346   -0.002943601899699086   0.003861964512555991   -0.0028845597903843284   0.004718044037198077   -0.0027196555052265256   0.005865248107084666   -0.002356595657358747   0.0074819581818738766   -0.001610817579079251   0.00992193637327401   -2.4128938044789106e-05   0.01403114831854574   0.0037516810778501224   0.022522647857267646   0.016097117242483656   0.05592963139365926   0.12745495122396275   0.28451962045445045   0.22323775670118431   0.3457142819797374   0.5071135842935903   0.608126213672115   0.6449582171505575   0.9665064197097128   1.0   0.8255300463316758   -0.17944436186932275   -0.6257575469522902   -0.37363704403050113   -0.4062538657501553   -0.26716901354375466   -0.1590608833961026   -0.07875924447758008   -0.11945812822447505   -0.09374326601902866   -0.08544338578772462   -0.08420307864731856   -0.11582366935797363   -0.050925675857612596   -0.04110467943775913   -0.05229130302665546   -0.08710921395887833   -0.08893025532812701   -0.05157123422079585   -0.020413038146872654   -0.017827219883622798   0.04966572827986384   0.03487105544272754   0.013555637720257982   -0.021618681275233892   -0.019597263058785595   -0.07687229446967125   -0.05193958121529672   -0.04762853786000873   
T_sec   15.0   15.5   16.0   16.5   17.0   17.5   18.0   18.5   19.0   19.5   20.0   20.5   21.0   21.5   22.0   22.5   23.0   23.5   24.0   24.5   25.0   25.5   26.0   26.5   27.0   27.5   28.0   28.5   29.0   29.5   30.0   30.5   31.0   31.5   32.0   32.5   33.0   33.5   34.0   34.5   35.0   35.5   36.0   36.5   37.0   37.5   38.0   38.5   39.0   39.5   40.0   40.5   41.0   41.5   42.0   42.5   43.0   43.5   44.0   44.5   45.0   45.5   46.0   46.5   47.0   47.5   48.0   48.5   49.0   49.5   50.0   50.5   51.0   51.5   52.0   52.5   53.0   53.5   54.0   54.5   55.0   
U22   -0.0008389916426965408   -0.0010013716602957213   -0.0008218371501378524   -0.0009905010333535649   -0.0008011847371419844   -0.0009761360390907791   -0.0007759371109124968   -0.0009569183785425198   -0.000743320160631666   -0.0009294065640209267   -0.000701772169843927   -0.0008940514321197384   -0.0006510839318749313   -0.0008492619319751917   -0.0005881351026503917   -0.0007905682985686251   -0.0005074245509840036   -0.0007124871567546767   -0.0004046562064495698   -0.0006122694853586149   -0.0002744910540859938   -0.00047878950670135034   -0.00010242049734272337   -0.00029799254966291134   0.00012747832776525096   -4.9377137137247764e-05   0.0004413732345923357   0.0002995385683991185   0.0008805975874747337   0.000800099740262812   0.001512198638672474   0.0015429515181795723   0.002460120124234497   0.002698081620492479   0.003969199419368052   0.004627139598508812   0.006597645353222503   0.008240238345235313   0.011951427558017482   0.016774132371433582   0.027858109663857288   0.06120855924273254   0.16154209413565837   0.2548801464373861   0.2768848284869894   0.40176379399647455   0.5865327978408418   0.6645058876161398   0.6966210450371334   0.8283771910136254   1.0   0.8270178029130724   0.3310970995597719   -0.3121147506109677   -0.5692682636289899   -0.42260976119714305   -0.3251180905537062   -0.19729182535288242   -0.11276894646240097   -0.0920252083110599   -0.11580799360496523   -0.12203594173283443   -0.12855485392975932   -0.12632684074277134   -0.10246710006397722   -0.08167311065372573   -0.08455275527639887   -0.07094243419279699   -0.06902498869282779   -0.06997120547032219   -0.04999105682222257   -0.023790655339425083   0.026970361541810754   0.057048084201259446   0.019135198936798374   -0.005729958354071824   -0.01888477493806045   -0.039022621629665626   -0.0644848968841398   -0.052587756765106984   -0.002431900682500328   
T_sec   15.0   15.5   16.0   16.5   17.0   17.5   18.0   18.5   19.0   19.5   20.0   20.5   21.0   21.5   22.0   22.5   23.0   23.5   24.0   24.5   25.0   25.5   26.0   26.5   27.0   27.5   28.0   28.5   29.0   29.5   30.0   30.5   31.0   31.5   32.0   32.5   33.0   33.5   34.0   34.5   35.0   35.5   36.0   36.5   37.0   37.5   38.0   38.5   39.0   39.5   40.0   40.5   41.0   41.5   42.0   42.5   43.0   43.5   44.0   44.5   45.0   45.5   46.0   46.5   47.0   47.5   48.0   48.5   49.0   49.5   50.0   50.5   51.0   51.5   52.0   52.5   53.0   53.5   54.0   54.5   55.0   
U23   -0.001442704325106794   -0.0008646446269287659   -0.0014663688940690879   -0.0008643887753475898   -0.0014854662164209347   -0.0008566240973246235   -0.0014985484487985497   -0.0008420481284794499   -0.0015101300656877616   -0.0008215968027881751   -0.0015130537600649093   -0.0007871399387637998   -0.001503773578490782   -0.0007341972507993901   -0.0014779223564200525   -0.0006581028270561073   -0.0014297614925221987   -0.0005501198128391748   -0.0013516293471982517   -0.00040069266795182484   -0.0012333451237979422   -0.00019480764091876882   -0.0010563452159984782   9.32852062749863e-05   -0.0007959370055370355   0.000496874925556826   -0.0004129090506258417   0.0010704425518815444   0.00015565216498293646   0.0019098729838788048   0.0010275612026699524   0.0031864504011251014   0.0024215272638880114   0.005240552013577827   0.00481184507059216   0.008852150515915902   0.00942432674321819   0.01630198910695897   0.020853780942750477   0.039257727999208215   0.08830030195503646   0.23244379391664413   0.30331111748466194   0.35230651830077825   0.6149497031370997   0.8378748083392211   0.9241545488170488   1.0   0.990348054616979   0.48014929761520303   0.45490176270323324   0.7315696143500267   0.42178438117720174   -0.43580574416419676   -0.5556406360027755   -0.4547355643972495   -0.35016762988471806   -0.1737508243939526   -0.08861226416770546   -0.14777829566270329   -0.19946377814570776   -0.1922470262019122   -0.14516467423985285   -0.1417603114096975   -0.14446463279503133   -0.1494127723879114   -0.13361830280627   -0.06378627876521649   -0.06534534871099067   -0.06466893663012116   0.0010406146099048873   -0.0030095959823910104   0.028780337741542858   0.025110331807772363   -0.007494266506965887   -0.025041276037341496   -0.0234707614950088   -0.03355467807364999   -0.02358135398565967   -0.026448057856876553   -0.0017985509993360118   
T_sec   15.0   15.5   16.0   16.5   17.0   17.5   18.0   18.5   19.0   19.5   20.0   20.5   21.0   21.5   22.0   22.5   23.0   23.5   24.0   24.5   25.0   25.5   26.0   26.5   27.0   27.5   28.0   28.5   29.0   29.5   30.0   30.5   31.0   31.5   32.0   32.5   33.0   33.5   34.0   34.5   35.0   35.5   36.0   36.5   37.0   37.5   38.0   38.5   39.0   39.5   40.0   40.5   41.0   41.5   42.0   42.5   43.0   43.5   44.0   44.5   45.0   45.5   46.0   46.5   47.0   47.5   48.0   48.5   49.0   49.5   50.0   50.5   51.0   51.5   52.0   52.5   53.0   53.5   54.0   54.5   55.0   
U24   -0.0006721347044522708   -0.0019041613937711228   -0.0006763495633110147   -0.0019753833274620694   -0.0006733940998854642   -0.002044905995888129   -0.0006617491225307062   -0.002112551724244963   -0.0006389845803141195   -0.002175546242633618   -0.0006019813286711782   -0.0022325981302264383   -0.0005469221817197844   -0.002279143375209315   -0.0004670932303683579   -0.002311188972002869   -0.000356550420431922   -0.0023240889360991697   -0.00020734995328575658   -0.00231064351539387   -4.318645173074452e-06   -0.002255577277586342   0.00027409611231291514   -0.0021383029051355246   0.0006597140403016564   -0.0019269651908085544   0.0012001445368831657   -0.0015683838315645234   0.001978404848153633   -0.0009679171627326128   0.003139894983264366   5.43927999861573e-05   0.004967226926059449   0.0018812848028031846   0.008101611772240676   0.005505722686540035   0.014388847003831765   0.014546500927714917   0.0332944203809818   0.06408134825366577   0.17564553996662344   0.25245605812083993   0.2916524408567775   0.5186177281537154   0.7827643103593882   0.8735348709304114   1.0   0.7545059826763801   0.007912710235133567   0.05521634597223688   0.4485269165159435   0.70252446177833   0.4846152597301342   -0.355957786457126   -0.5100376916304767   -0.38706123549141974   -0.2759129968326319   -0.11119519253327091   -0.10227091095412355   -0.14274611347450256   -0.17976387000191685   -0.14580798182393745   -0.11954374974761184   -0.1384799429502877   -0.1536297518904088   -0.09764917496227371   -0.10390754241933782   -0.10636076200216035   -0.004030948580930819   0.007746270571475387   -0.003694517177828482   -0.01826437979575126   -0.0001287017772660551   0.006202444827760406   -0.01987568363229409   -0.008951096552360609   0.008365855318477304   0.03411581093438146   -0.017719088647983137   -0.036693651578508193   -0.02644323046269465   
T_sec   15.0   15.5   16.0   16.5   17.0   17.5   18.0   18.5   19.0   19.5   20.0   20.5   21.0   21.5   22.0   22.5   23.0   23.5   24.0   24.5   25.0   25.5   26.0   26.5   27.0   27.5   28.0   28.5   29.0   29.5   30.0   30.5   31.0   31.5   32.0   32.5   33.0   33.5   34.0   34.5   35.0   35.5   36.0   36.5   37.0   37.5   38.0   38.5   39.0   39.5   40.0   40.5   41.0   41.5   42.0   42.5   43.0   43.5   44.0   44.5   45.0   45.5   46.0   46.5   47.0   47.5   48.0   48.5   49.0   49.5   50.0   50.5   51.0   51.5   52.0   52.5   53.0   53.5   54.0   54.5   55.0   
U25   -0.0008729587733538475   -0.002511810864684044   -0.000888662783006476   -0.00261845213407361   -0.0008976517406623536   -0.0027263243260530505   -0.0008977355888524081   -0.0028339113943998675   -0.0008847271569568597   -0.002937664368285935   -0.0008546802834031178   -0.0030374449060005023   -0.0008045818011801233   -0.003129932792488729   -0.0007269602703494152   -0.0032101103956245014   -0.0006139168326863959   -0.0032737454762370674   -0.0004550059602361748   -0.003312847676591888   -0.0002365768305993642   -0.003317282606801226   6.606616165658094e-05   -0.0032624754429167245   0.0004924833438518702   -0.0031134607098039662   0.001102792359733232   -0.0028084677465890864   0.0020012769150211957   -0.002229841587266498   0.0033862022705034803   -0.0011331847340630232   0.005679027787831608   0.0010759921515620604   0.009977179814789882   0.006317503163077016   0.020787352359437957   0.02848568489462107   0.08588293768485385   0.1518666493317922   0.21454893707658085   0.31088159062914117   0.5978104236685091   0.8027912623804698   1.0   0.5895294116645972   -0.1646128303726764   -0.04408384195486113   0.08666273273011987   0.24486712551304096   0.44708371774539724   0.6078503850533065   0.3236870127119409   -0.30463319818808987   -0.4273104878536227   -0.33162919934162194   -0.22014026307879855   -0.0891293701325118   -0.06861329799670357   -0.11188530732299108   -0.15291471838049644   -0.12479077812529232   -0.11806769995861964   -0.09053375768563171   -0.08786630927052042   -0.08260329077328321   -0.045392446653274375   -0.05567911313818903   -0.04518686832344864   0.014051228650684434   -0.01480845081571393   -0.04355894074335383   -0.017112216164903764   0.0077438861870943385   0.031145820789950093   0.06784526637432484   0.033304355178880175   0.004729670942539041   -0.046672156020222275   -0.04293209733180799   -0.007133822500137311   
T_sec   15.0   15.5   16.0   16.5   17.0   17.5   18.0   18.5   19.0   19.5   20.0   20.5   21.0   21.5   22.0   22.5   23.0   23.5   24.0   24.5   25.0   25.5   26.0   26.5   27.0   27.5   28.0   28.5   29.0   29.5   30.0   30.5   31.0   31.5   32.0   32.5   33.0   33.5   34.0   34.5   35.0   35.5   36.0   36.5   37.0   37.5   38.0   38.5   39.0   39.5   40.0   40.5   41.0   41.5   42.0   42.5   43.0   43.5   44.0   44.5   45.0   45.5   46.0   46.5   47.0   47.5   48.0   48.5   49.0   49.5   50.0   50.5   51.0   51.5   52.0   52.5   53.0   53.5   54.0   54.5   55.0   
U26   -0.0017240650459286614   -0.002181519845956122   -0.0017773650513211701   -0.0022645528927889573   -0.001824334612982995   -0.0023433323340471056   -0.0018633477842149428   -0.002417489530563594   -0.0018929771930557935   -0.00248382633092089   -0.0019082978147012906   -0.002539462759524672   -0.0019065273216075527   -0.0025814464244020576   -0.0018830369117587389   -0.0026054952096693867   -0.0018327786806282681   -0.002605631915002339   -0.001743296872766927   -0.002567261366328414   -0.0015974564673658953   -0.0024725902381575846   -0.0013718457418665255   -0.0022951503814824087   -0.0010292726404270386   -0.0019885137043279956   -0.0005057291887324225   -0.001472632850751424   0.00031224788264711374   -0.0005948325920343031   0.0016468904089809648   0.0009658822559430453   0.004002723273322922   0.0040268122198692715   0.008840048207626296   0.011522943112675198   0.02413917061169295   0.05187709939147073   0.11720765147489214   0.17751229878349148   0.2569376303095417   0.4645620756092652   0.764192252397363   1.0   0.7777478491418351   -0.038857843557978076   -0.12610089599734786   0.060291787332278364   0.1669235033400296   0.2991779610115798   0.45815278563575024   0.5807507903021111   0.2841047747862462   -0.27762718333572506   -0.44411299083191735   -0.3451043535819813   -0.2042658343367378   -0.05969004921200831   -0.06597062902266279   -0.12123903268575281   -0.15005037743499405   -0.12368951290429761   -0.08737871294119819   -0.08369665557473627   -0.0943257930569536   -0.041011678942403956   -0.0405568380977758   -0.0956573567400782   -0.07799281985053015   0.004417579942043038   -0.01654439595479387   -0.0351221282087696   -0.0025724408297629767   0.047876179776570923   0.07595901041779368   0.05957241530902807   0.030062808007213025   -0.009858945367459107   -0.04269838715698595   -0.030082237971700787   0.008284544252921298   
T_sec   15.0   15.5   16.0   16.5   17.0   17.5   18.0   18.5   19.0   19.5   20.0   20.5   21.0   21.5   22.0   22.5   23.0   23.5   24.0   24.5   25.0   25.5   26.0   26.5   27.0   27.5   28.0   28.5   29.0   29.5   30.0   30.5   31.0   31.5   32.0   32.5   33.0   33.5   34.0   34.5   35.0   35.5   36.0   36.5   37.0   37.5   38.0   38.5   39.0   39.5   40.0   40.5   41.0   41.5   42.0   42.5   43.0   43.5   44.0   44.5   45.0   45.5   46.0   46.5   47.0   47.5   48.0   48.5   49.0   49.5   50.0   50.5   51.0   51.5   52.0   52.5   53.0   53.5   54.0   54.5   55.0   
U27   -0.0010214519648167283   -0.0030984067390214974   -0.0010305958365030867   -0.0032341698992550717   -0.0010293430043514333   -0.0033725380314304143   -0.001015142852716262   -0.003513386086385672   -0.0009892557394684167   -0.0036604753817763907   -0.0009436078729877538   -0.003806338310922953   -0.0008731654001451644   -0.00395241081562444   -0.0007698022708779641   -0.00409237057926977   -0.0006251946562590959   -0.00422539425207828   -0.0004236106481983592   -0.004342479892541982   -0.00014665468309432242   -0.004435115750988355   0.00023748036684934068   -0.004479028169454981   0.0007789867438078245   -0.00443852463189777   0.0015587920860146189   -0.004247474272693067   0.0027284194610625746   -0.0037507436018265473   0.004589801475509109   -0.0026089235144524593   0.007848413271438587   0.0002176485298307204   0.014852044191844752   0.010297875484708964   0.04532830967172878   0.07581740662325819   0.14734002777489474   0.18963785511304493   0.40534193102274546   0.6903027885658966   1.0   0.4864348640438493   -0.24446216511850943   -0.04887949415398095   0.03570328301198169   0.15263309280436008   0.17964127666644017   0.2339988210394621   0.285342693997509   0.38328809595318847   0.1933525060187539   -0.25495332355544287   -0.39025763129611785   -0.28082879837950836   -0.12214426293234588   -0.04838703743974717   -0.09772040107878462   -0.12513623491198983   -0.1301672628139709   -0.06505619043776839   -0.0788382933376188   -0.07149319432248166   -0.012526803431874336   -0.005558365127659623   -0.04547383009355875   -0.05722493874252172   -0.07946365845049802   -0.03776307496818902   -0.023939720392228005   -0.03583564783193332   0.03989046379939247   0.07742895796872874   0.039095735864047056   0.02365342435058811   -0.012098347178123862   -0.01699581068750704   -0.023301242525816706   -0.011294582983473921   0.0035699372225627226   
T_sec   15.0   15.5   16.0   16.5   17.0   17.5   18.0   18.5   19.0   19.5   20.0   20.5   21.0   21.5   22.0   22.5   23.0   23.5   24.0   24.5   25.0   25.5   26.0   26.5   27.0   27.5   28.0   28.5   29.0   29.5   30.0   30.5   31.0   31.5   32.0   32.5   33.0   33.5   34.0   34.5   35.0   35.5   36.0   36.5   37.0   37.5   38.0   38.5   39.0   39.5   40.0   40.5   41.0   41.5   42.0   42.5   43.0   43.5   44.0   44.5   45.0   45.5   46.0   46.5   47.0   47.5   48.0   48.5   49.0   49.5   50.0   50.5   51.0   51.5   52.0   52.5   53.0   53.5   54.0   54.5   55.0   
U28   -0.0015490944654789974   -0.003260262159175918   -0.0015798760663629438   -0.003386895672130032   -0.0016027487656127637   -0.003516123400665019   -0.0016134815994158114   -0.0036448474140219245   -0.0016111252874350466   -0.0037715671737137526   -0.0015908177801410052   -0.0038979464090436408   -0.0015451961305258937   -0.0040156558664486575   -0.0014674997283861675   -0.004125167180767272   -0.0013458407237741429   -0.0042161137006242085   -0.0011640577710216363   -0.004279330671546331   -0.0008968735730969368   -0.0042963704099258405   -0.0005061294029345485   -0.004236742979469181   7.135588793570604e-05   -0.0040468026051082425   0.0009461169289679311   -0.0036227423205266052   0.002335166297128113   -0.0027153054609591987   0.004715982424575619   -0.0007038424227656395   0.009421688453164736   0.00481124117123368   0.02356256545015261   0.03558022742498763   0.09350537983826256   0.12787417670666615   0.24588219185956903   0.49798873663145193   1.0   0.8273421626315546   -0.22049635068176404   -0.118926314716122   0.025694026472913457   0.11797670716917029   0.1499892727908523   0.17741551924587765   0.14452560219080235   0.14009041813135642   0.24324399646048797   0.34979997286734504   0.1313060754990574   -0.2905078762948296   -0.346881347750773   -0.22648776714371027   -0.11039908050048654   -0.0873405379552452   -0.11789311051355357   -0.07573913698233747   -0.08389927316249218   -0.0855416972319529   -0.004255489640109519   0.007758022226338588   -0.0318837748118129   -0.02990816552043782   -0.04079551641312599   -0.08408275640437352   -0.13412356270558803   -0.098912364852019   0.03290309588141855   0.08285573418008552   0.0660426145665321   0.05877113217514116   0.015986395353127295   -0.0027570816537248735   -0.0005216881448579371   0.011303486614127488   -0.0011889993590633258   -0.030040988391753298   -0.013428012337664833   
T_sec   15.0   15.5   16.0   16.5   17.0   17.5   18.0   18.5   19.0   19.5   20.0   20.5   21.0   21.5   22.0   22.5   23.0   23.5   24.0   24.5   25.0   25.5   26.0   26.5   27.0   27.5   28.0   28.5   29.0   29.5   30.0   30.5   31.0   31.5   32.0   32.5   33.0   33.5   34.0   34.5   35.0   35.5   36.0   36.5   37.0   37.5   38.0   38.5   39.0   39.5   40.0   40.5   41.0   41.5   42.0   42.5   43.0   43.5   44.0   44.5   45.0   45.5   46.0   46.5   47.0   47.5   48.0   48.5   49.0   49.5   50.0   50.5   51.0   51.5   52.0   52.5   53.0   53.5   54.0   54.5   55.0   
U29   -0.0018682226901566043   -0.0024489602956306892   -0.0019003222216218542   -0.0025397077300690508   -0.0019232685246920326   -0.0026287136422032797   -0.0019350323479520473   -0.0027168717319272706   -0.001932981888286717   -0.002798696796695832   -0.00191046735037562   -0.0028762964257445928   -0.0018640098443468292   -0.0029434254535337105   -0.0017834455412417602   -0.0029945547478101987   -0.0016557342739299897   -0.003022635250331771   -0.0014641151337818656   -0.0030128967410347836   -0.0011787740190122087   -0.0029442044993908236   -0.0007536675718248579   -0.0027746695295115887   -0.0001082419248902208   -0.002425914896623463   0.0009131843683899824   -0.001718598431025749   0.0026454988166281688   -0.00022014493990659052   0.0059472449030969834   0.003522434598287365   0.014347484472343207   0.020281043864185746   0.05592740463448448   0.08526192847344674   0.1635569150546669   0.3999542654570071   1.0   0.4285563390713317   -0.15724985076693185   -0.05173650914554799   0.04412088385325942   0.10326449535950379   0.11417302187390559   0.12848796549571948   0.0690735171350962   0.07620797283792109   0.09673055744545213   0.11494620723774959   0.13010653645495368   0.22840879253788193   0.08695345207785296   -0.19888392964922186   -0.29077563061850653   -0.21674390695267676   -0.0997696428838135   -0.03750484369768695   -0.08523366522840263   -0.061890475379056044   0.00880948157411524   0.010405391543479392   -0.014603440415021247   -0.013894127578528252   -0.023607264677148448   -0.03393948819525078   -0.07165146682216052   -0.10803733031519262   -0.06250737884703414   -0.021550465462436722   0.04086407713242807   0.062431227036803434   0.04327082359579438   0.030671064661503177   0.024139549004880967   0.02992609410576036   0.01499972372587434   -0.009929683041391465   -0.014915075734144268   -0.013205200962545006   -0.005498598951778722   
T_sec   15.0   15.5   16.0   16.5   17.0   17.5   18.0   18.5   19.0   19.5   20.0   20.5   21.0   21.5   22.0   22.5   23.0   23.5   24.0   24.5   25.0   25.5   26.0   26.5   27.0   27.5   28.0   28.5   29.0   29.5   30.0   30.5   31.0   31.5   32.0   32.5   33.0   33.5   34.0   34.5   35.0   35.5   36.0   36.5   37.0   37.5   38.0   38.5   39.0   39.5   40.0   40.5   41.0   41.5   42.0   42.5   43.0   43.5   44.0   44.5   45.0   45.5   46.0   46.5   47.0   47.5   48.0   48.5   49.0   49.5   50.0   50.5   51.0   51.5   52.0   52.5   53.0   53.5   54.0   54.5   55.0   
U30   -0.0028430488897495157   -0.001919065804936165   -0.002945517426548448   -0.0019503835638348757   -0.0030443246235244735   -0.001969536374414824   -0.0031412884358976777   -0.00197517001191873   -0.0032352128652406746   -0.001962635634470187   -0.0033234985957678   -0.0019272844001927939   -0.003401655011932545   -0.0018583359004497614   -0.0034654658043143773   -0.0017455468016078623   -0.0035071393829019825   -0.0015708400334887276   -0.003517895478187562   -0.001310245181730694   -0.003476824661532698   -0.0009172362722171044   -0.003353187925445303   -0.00032350706865694114   -0.0030866553382105683   0.0006127292811633941   -0.0025478185536195056   0.0021697393050923676   -0.00144937012314277   0.005020525512349494   0.0010691395207776228   0.011305083872652607   0.009372800218292603   0.036501840492996825   0.05468245035927464   0.1199438882287834   0.18879763662433852   0.624740483333664   1.0   0.27084408382593794   -0.17685684869622242   -0.02707251483074084   0.0752127780634473   0.10856589862449469   0.13344872233464125   0.11524633684356447   0.07220002434888347   0.07894652538563825   0.10866630868587968   0.1054392204702449   0.13717925663499891   0.2292987643746099   0.0940786843421237   -0.2096468172359072   -0.3169756723162459   -0.23872735629430705   -0.094460075530841   -0.05082414569294014   -0.09355856727295774   -0.04917591862159637   0.016194466978456844   0.0023020668841811772   -0.014582171405031256   -0.015344557072605873   -0.02648202406182771   -0.041645768650352626   -0.0850934143657422   -0.09931111488437752   -0.05120177842349951   -0.023018929424630907   0.03510337699574312   0.059645313983571584   0.04493981953790067   0.03161032790915759   0.032048834469949355   0.03122942317836178   0.010521653677463631   -0.013702922022697298   -0.012105365165402667   -0.015557507506376599   -0.009199205964507478   
T_sec   15.0   15.5   16.0   16.5   17.0   17.5   18.0   18.5   19.0   19.5   20.0   20.5   21.0   21.5   22.0   22.5   23.0   23.5   24.0   24.5   25.0   25.5   26.0   26.5   27.0   27.5   28.0   28.5   29.0   29.5   30.0   30.5   31.0   31.5   32.0   32.5   33.0   33.5   34.0   34.5   35.0   35.5   36.0   36.5   37.0   37.5   38.0   38.5   39.0   39.5   40.0   40.5   41.0   41.5   42.0   42.5   43.0   43.5   44.0   44.5   45.0   45.5   46.0   46.5   47.0   47.5   48.0   48.5   49.0   49.5   50.0   50.5   51.0   51.5   52.0   52.5   53.0   53.5   54.0   54.5   55.0   
U31   7.859382639565038e-06   -0.0038385636832681046   0.00011735103174943431   -0.004032295764960169   0.0002524641555643265   -0.004238638584596553   0.0004188275976464561   -0.004462150539955865   0.0006220702015580375   -0.0047070111548638055   0.0008736030257764671   -0.004969660275637904   0.001187429025546236   -0.005258655407714417   0.0015832642173659718   -0.005571957848394364   0.0020887687434194314   -0.00591416803386182   0.0027433325278579087   -0.006287739447901046   0.0036165855529993424   -0.006684914195285833   0.004816203677691353   -0.0070871696668303955   0.0065317096839410255   -0.007435179775712523   0.009145426754849206   -0.007523935020927047   0.013532233422082148   -0.006603488903640028   0.022436231616355367   0.0002776206247503323   0.05355984711881414   0.04373960812945933   0.15741459175730785   0.2914086993277039   1.0   0.42591301631612294   -0.2610187045287464   0.04034827050451216   0.03500521736396884   0.11786442505975406   0.07375137820808568   0.11138426211255888   0.030393492916056506   0.06163723584007891   0.06651410513655698   0.08220250053353118   0.022836874392514344   0.06167218439171357   0.11569700480158233   0.2070099064354872   0.07352529799608985   -0.2455065800705852   -0.3198326527484035   -0.12169128986829662   -0.08682425816906165   -0.0677908339889215   0.018432776521901   0.016421605265624504   -0.0172327959947121   0.0001617032810283239   -0.004790448190969091   -0.02095245041037823   -0.04753897891726175   -0.08031235926371126   -0.0035816524687728064   0.0004525001711388981   -0.03972135425774373   -0.03790670058598676   -0.02678027862465339   0.04311131418100912   0.052083528353536815   0.06699122313347185   0.03892388866743322   0.0020513741422421876   -0.002543007859780041   0.010011157626221368   -0.013780055794096295   -0.025874336050453448   -0.009605429679120698   
T_sec   15.0   15.5   16.0   16.5   17.0   17.5   18.0   18.5   19.0   19.5   20.0   20.5   21.0   21.5   22.0   22.5   23.0   23.5   24.0   24.5   25.0   25.5   26.0   26.5   27.0   27.5   28.0   28.5   29.0   29.5   30.0   30.5   31.0   31.5   32.0   32.5   33.0   33.5   34.0   34.5   35.0   35.5   36.0   36.5   37.0   37.5   38.0   38.5   39.0   39.5   40.0   40.5   41.0   41.5   42.0   42.5   43.0   43.5   44.0   44.5   45.0   45.5   46.0   46.5   47.0   47.5   48.0   48.5   49.0   49.5   50.0   50.5   51.0   51.5   52.0   52.5   53.0   53.5   54.0   54.5   55.0   
U32   -0.0029443458780079408   -0.0016235911929831843   -0.0030275550155328844   -0.001614534030783036   -0.0031065023662739423   -0.0015904365496790067   -0.0031811053651227216   -0.0015449673062910292   -0.003245626647933885   -0.001472591425210174   -0.0032985161191835203   -0.0013651803562351914   -0.003333380222093914   -0.0012073080903253015   -0.003336263289333168   -0.0009816514049871502   -0.003296336800176968   -0.0006587737505153306   -0.0031872164909404793   -0.00018884075638200194   -0.0029614650912068536   0.0005095882012948166   -0.002535773612791042   0.001594114723371024   -0.0017295749180368505   0.0033855573839785187   -0.00012677510600858996   0.006663219307558383   0.0034853813134434765   0.013974178254275105   0.014977266618808278   0.04177947037640849   0.07006742856402262   0.15496897583140726   0.4154934842704044   1.0   0.7625750061971129   -0.13840236981510126   -0.04041007025506252   0.08180266531243001   0.11706272875579683   0.11321933805637148   0.10756899805252593   0.0681286089588907   0.05672691750938807   0.08736126668329851   0.08761804649313527   0.04653640536850242   0.04529337692302555   0.09592950252048454   0.15171990461206156   0.1954211682675822   0.040189865344400985   -0.2929183750922324   -0.3357700426848348   -0.22140251750579718   -0.10622948464015328   -0.0029024676768276106   0.014775294359340723   -0.004257129962014709   -0.002949171683877405   -0.0038044046381625063   -0.014650196649084726   -0.04658812909970924   -0.08679768791019767   -0.02459782690181546   0.024200232353872735   -0.019714664479773342   -0.04174056903705111   -0.06537220954432155   -0.033246437707903496   0.03904317703510242   0.09348345093329326   0.07807855708030217   0.03280779653460343   0.008349145289751005   0.015266737687599043   -0.004630072952677364   -0.02198136336515488   -0.02418420975339265   -0.006002320478011342   
T_sec   15.0   15.5   16.0   16.5   17.0   17.5   18.0   18.5   19.0   19.5   20.0   20.5   21.0   21.5   22.0   22.5   23.0   23.5   24.0   24.5   25.0   25.5   26.0   26.5   27.0   27.5   28.0   28.5   29.0   29.5   30.0   30.5   31.0   31.5   32.0   32.5   33.0   33.5   34.0   34.5   35.0   35.5   36.0   36.5   37.0   37.5   38.0   38.5   39.0   39.5   40.0   40.5   41.0   41.5   42.0   42.5   43.0   43.5   44.0   44.5   45.0   45.5   46.0   46.5   47.0   47.5   48.0   48.5   49.0   49.5   50.0   50.5   51.0   51.5   52.0   52.5   53.0   53.5   54.0   54.5   55.0   
U33   -0.0018483086221242715   -0.002327008558058054   -0.0018494588783145014   -0.002380849260948299   -0.0018360612971005563   -0.002426701260970012   -0.0018028294212045388   -0.002460709131566232   -0.0017446257981158133   -0.002480140387476458   -0.001655001440894225   -0.002477343923732481   -0.0015201341073860244   -0.0024404057828731423   -0.0013206170886250381   -0.002350863683985622   -0.0010291240696182029   -0.0021800108270445006   -0.0005986519480860226   -0.0018752575695431032   5.102786668752014e-05   -0.0013411872172610616   0.0010648333539105565   -0.00037388565900267146   0.0027807433275453416   0.0015389750349658197   0.006032988922290687   0.005877247859787448   0.013690825480949614   0.019766136865565026   0.04444135463245976   0.08874345325265966   0.22158837975484358   0.6564892069776157   1.0   0.14766520322263593   -0.10673420448363405   0.08975552105339199   0.08903632365131482   0.10142763956880413   0.06675805830852877   0.0745525760972148   0.027185192887651977   0.06119259704821684   0.06975006152879226   0.0522406674260616   0.01134017680107287   0.04681330477393784   0.05972622927566927   0.06107995300419682   0.059911490281496525   0.09838763415640336   0.03978296749611833   -0.23204430505532375   -0.3731124410512841   -0.1412749365215296   0.00883284911218801   -0.020993087473105326   -0.01105611932842966   0.01675520856427718   -0.007100355563034548   -0.014608289024667093   -0.05551656515864077   -0.058168533584327366   0.025424274617946267   0.016943060584225313   0.00720988687777181   -0.019166218494342514   -0.04316874529969214   -0.04228567609667191   -0.022891786371022627   0.036086745564972544   0.05518497237940637   0.03529534380626895   0.03516186259891665   0.014612157021180473   -0.010286667147115647   -0.015792592837363294   -0.012338628359795874   -0.021985085804614442   -0.008688772513157474   
T_sec   15.0   15.5   16.0   16.5   17.0   17.5   18.0   18.5   19.0   19.5   20.0   20.5   21.0   21.5   22.0   22.5   23.0   23.5   24.0   24.5   25.0   25.5   26.0   26.5   27.0   27.5   28.0   28.5   29.0   29.5   30.0   30.5   31.0   31.5   32.0   32.5   33.0   33.5   34.0   34.5   35.0   35.5   36.0   36.5   37.0   37.5   38.0   38.5   39.0   39.5   40.0   40.5   41.0   41.5   42.0   42.5   43.0   43.5   44.0   44.5   45.0   45.5   46.0   46.5   47.0   47.5   48.0   48.5   49.0   49.5   50.0   50.5   51.0   51.5   52.0   52.5   53.0   53.5   54.0   54.5   55.0   
U34   -0.0018006456242569834   -0.0006745865787103263   -0.0018135120072610852   -0.0005902287835527326   -0.0018151952101061093   -0.0004790406618558435   -0.0017990545725001317   -0.0003321932285453359   -0.0017587390825964156   -0.00013746139571208088   -0.001684118264044205   0.00011601944029070002   -0.0015728623456057304   0.0004466195305539161   -0.0013903739357835406   0.0009078674267187393   -0.0010935711901544443   0.001562097217007414   -0.0006111017046359855   0.002526502772891184   0.00019509139478375744   0.004023924553945994   0.001619421993587935   0.006549756802110354   0.00436828679656928   0.011358557097245233   0.010595856034088106   0.02294568814994055   0.03095507821031022   0.07008635256914861   0.14756575344519313   0.43768157738890767   0.9428677755584529   1.0   0.22771450740572977   -0.024595439756590093   0.13742309875454453   0.11963374669349867   0.10198098829971824   0.0769638554289383   0.07719048115563291   0.04647751778189364   0.07895595478211374   0.08517315832239876   0.05815877830616163   0.032166628808396054   0.06373272884983724   0.07265522967938248   0.05734800649807487   0.03386479599072514   0.05778821456843205   0.14636568230040053   0.03066410313786785   -0.3464237670781651   -0.37120070041142456   -0.13726755922265918   -0.023390905551097255   -0.017772696357093484   0.01958316102993147   0.016878871842642564   -0.02189145343725364   -0.07148947343630624   -0.027334272863607793   0.04107643123661014   0.028444577136592385   0.018325957424633506   -0.0035547782160875734   -0.03293834940235658   -0.04495670051436304   -0.03559480707254492   -0.014517128819827406   0.004494590843483713   0.056750148441055456   0.08359536817171276   0.056579292077695215   0.008298984782606147   0.002239260016736037   -0.0008479605729497707   -0.008821985446805118   -0.020275776338427094   -0.015934915667158434   
T_sec   15.0   15.5   16.0   16.5   17.0   17.5   18.0   18.5   19.0   19.5   20.0   20.5   21.0   21.5   22.0   22.5   23.0   23.5   24.0   24.5   25.0   25.5   26.0   26.5   27.0   27.5   28.0   28.5   29.0   29.5   30.0   30.5   31.0   31.5   32.0   32.5   33.0   33.5   34.0   34.5   35.0   35.5   36.0   36.5   37.0   37.5   38.0   38.5   39.0   39.5   40.0   40.5   41.0   41.5   42.0   42.5   43.0   43.5   44.0   44.5   45.0   45.5   46.0   46.5   47.0   47.5   48.0   48.5   49.0   49.5   50.0   50.5   51.0   51.5   52.0   52.5   53.0   53.5   54.0   54.5   55.0   
U35   0.00019002811021833534   0.0008709738655462167   0.0002599201142234859   0.0010186192269938162   0.0003513404726481   0.0012022553272126267   0.00046976297708986375   0.0014316977119256558   0.0006264865443785488   0.001725095697428841   0.0008381522298323486   0.002109367698126708   0.0011294052128287759   0.002622515846411321   0.0015407454549080182   0.003333155463968547   0.002146145665078691   0.004361547033446428   0.0030820044564928454   0.00593845511665281   0.004633836035995348   0.00855722820900522   0.007468697088708893   0.013459082148613489   0.013524168039030175   0.02473234541024283   0.031095480862336388   0.0659279335320908   0.13448146114938322   0.44047551386781414   0.8249413438623756   1.0   0.5490694329101732   0.1441582522244464   0.14629030852703986   0.1279351626042721   0.07936086923769767   0.06217682903147322   0.06337983713042349   0.04673695201826461   0.06027573473341711   0.07554225470433526   0.062128152150827   0.041323466809213574   0.05376261381135989   0.06456515889224797   0.04869306968240689   0.018841660834710464   0.002726679481197613   0.014736329390517812   0.04113622180294169   0.08344829801458227   0.009772549853092333   -0.2587354761558168   -0.3329057559866904   -0.14505497562898034   -0.016136805615656336   0.008181281862628498   0.012796364865838895   -0.03299725711083221   -0.04131233467619749   0.02486059124656349   0.05725180591525629   0.03992399780268331   0.021204832529637507   0.008195633644013666   -0.0017934125039476825   -0.00701634830866595   -0.011416644909379735   -0.02996408941354416   -0.0410245560811335   -0.0033202391416027417   0.04846787327087163   0.05845968382190632   0.039445503688991405   0.01402972024906812   0.002978663214567268   -0.005460523950091205   -0.017725197412524787   -0.027495398037157122   -0.023142992733189233   
T_sec   15.0   15.5   16.0   16.5   17.0   17.5   18.0   18.5   19.0   19.5   20.0   20.5   21.0   21.5   22.0   22.5   23.0   23.5   24.0   24.5   25.0   25.5   26.0   26.5   27.0   27.5   28.0   28.5   29.0   29.5   30.0   30.5   31.0   31.5   32.0   32.5   33.0   33.5   34.0   34.5   35.0   35.5   36.0   36.5   37.0   37.5   38.0   38.5   39.0   39.5   40.0   40.5   41.0   41.5   42.0   42.5   43.0   43.5   44.0   44.5   45.0   45.5   46.0   46.5   47.0   47.5   48.0   48.5   49.0   49.5   50.0   50.5   51.0   51.5   52.0   52.5   53.0   53.5   54.0   54.5   55.0   
U36   0.0038092828150298958   0.005625302962543847   0.0040252479100329076   0.005993988973286783   0.004273462113361505   0.00642457155907702   0.0045673235411758375   0.006940486346010416   0.004922224612238496   0.007565635051475123   0.005366324777871105   0.008352274778537703   0.005946866498999968   0.00938810015505765   0.006756239343076175   0.010837331725256177   0.007969145767363043   0.01296976841591926   0.009881907593569633   0.016373486907733933   0.0132769632703634   0.02255535844853738   0.020412519723065844   0.03644320524226734   0.041029232481577596   0.08694701185119988   0.18201110681589833   0.5316160136267434   0.8605453024142039   1.0   0.9659384491828199   0.34418960129819753   0.20407998227501595   0.14526757487047975   0.0725674531202554   0.039000577059503876   0.056712899745110436   0.05425763041481935   0.054279898146843204   0.07555629485749824   0.08422749158708594   0.07198534352423447   0.07097397944508928   0.08051812987483259   0.06840990990686169   0.03539264976015698   0.024483760813273314   0.00032897179113167184   -0.0012509873200502316   0.005720742060397679   0.04248684712679228   0.16648438683500735   0.10475125480652367   -0.30523670253636054   -0.4359318490632862   -0.13120527373821922   -0.0056563983102153655   -0.01983974470808492   0.004375315861741902   0.04802415954521171   0.07856132405080184   0.06960578723513595   0.0825539423982493   0.04895420563671599   0.024342525166533402   0.026344777287588564   0.023170557790673313   -0.004461383883996615   -0.036337876540004324   -0.04434030232281336   -0.03278618386575034   -0.03365387410499919   0.023317396886854337   0.0725503049001726   0.06842298398991906   0.04104553565518349   0.036305027777667566   0.025756617042956526   0.002810984382863164   -0.04071872462365705   -0.06681970836734066   
T_sec   15.0   15.5   16.0   16.5   17.0   17.5   18.0   18.5   19.0   19.5   20.0   20.5   21.0   21.5   22.0   22.5   23.0   23.5   24.0   24.5   25.0   25.5   26.0   26.5   27.0   27.5   28.0   28.5   29.0   29.5   30.0   30.5   31.0   31.5   32.0   32.5   33.0   33.5   34.0   34.5   35.0   35.5   36.0   36.5   37.0   37.5   38.0   38.5   39.0   39.5   40.0   40.5   41.0   41.5   42.0   42.5   43.0   43.5   44.0   44.5   45.0   45.5   46.0   46.5   47.0   47.5   48.0   48.5   49.0   49.5   50.0   50.5   51.0   51.5   52.0   52.5   53.0   53.5   54.0   54.5   55.0   
U37   0.007726544306939402   0.005899652565904862   0.00816880507250687   0.006182595401449689   0.00869002038434602   0.006542111718627716   0.009322252196573603   0.006963822082860626   0.01006958555184557   0.007480523671513875   0.011001544347489563   0.008144186241390681   0.01219309920437449   0.009051870800000186   0.013821716931523504   0.01038749065025806   0.016189186365651687   0.012537982664837218   0.01998491030276804   0.01648236067637668   0.026975813739734802   0.025239367035912542   0.043532566203584366   0.0537474762490748   0.11980388889939643   0.29993039580553255   0.6752615663954613   0.7890977316473878   1.0   0.8918494482106238   0.33780913893273146   0.18691346778464565   0.11065759096520557   0.04763160618201977   0.0069142190461361705   0.0462138622531705   0.032573579687562436   0.0445571301884641   0.059819843340602294   0.08268343100929931   0.07066749765856999   0.07236112555986075   0.0714168284850939   0.05409267218251439   0.029790419386935017   0.018972704665411066   -0.018844680489087884   -0.005295933000545983   -0.00986741066428024   0.0014381987345691192   0.07231915325043606   0.14737777658988738   0.08709267278490333   -0.26203363433440463   -0.3996010677688064   -0.13231801485237152   -0.018117133179554434   -0.007130993253723444   0.0710073792254653   0.10305448294584492   0.07869799377277634   0.0772868597550203   0.07111305821870634   0.0506503663710871   0.0269798082272407   0.03284391321974763   0.017133716160496092   -0.018026307851995493   -0.04229778722242913   -0.04428410284478622   -0.04433156413459709   -0.03830569537187042   0.01663162395434867   0.06784169262993071   0.05886269052640328   0.045571995823405397   0.03480073217131861   0.019407285444783085   -0.0376239316264632   -0.07553624864781411   -0.0442556168493718   
T_sec   15.0   15.5   16.0   16.5   17.0   17.5   18.0   18.5   19.0   19.5   20.0   20.5   21.0   21.5   22.0   22.5   23.0   23.5   24.0   24.5   25.0   25.5   26.0   26.5   27.0   27.5   28.0   28.5   29.0   29.5   30.0   30.5   31.0   31.5   32.0   32.5   33.0   33.5   34.0   34.5   35.0   35.5   36.0   36.5   37.0   37.5   38.0   38.5   39.0   39.5   40.0   40.5   41.0   41.5   42.0   42.5   43.0   43.5   44.0   44.5   45.0   45.5   46.0   46.5   47.0   47.5   48.0   48.5   49.0   49.5   50.0   50.5   51.0   51.5   52.0   52.5   53.0   53.5   54.0   54.5   55.0   
U38   0.00777195038867099   0.008091577803576638   0.008193784439222106   0.008552402352133578   0.008671637784755609   0.009079145857564374   0.009236763638632161   0.009710494743094817   0.009927848424077552   0.010485135431950694   0.010801215510854199   0.011488482130008778   0.011973228243419504   0.012861968338128216   0.013649684851820233   0.014888765132807359   0.016285192973868323   0.018201133623916746   0.020958546144034994   0.024505803701305492   0.031039449399595673   0.04017616817053396   0.06299503643141549   0.11956788597507907   0.364330047335715   0.6298756997705901   0.7294468520842327   1.0   0.8835506939649196   0.4054582302700351   0.18524178443332698   0.12075335145590889   0.029679023296751622   -0.0018098696447292248   0.02482241252373822   0.022868377537643893   0.029577911436758527   0.05348648789829054   0.08002615164967225   0.07515451457138002   0.0734623070797478   0.07047727187158204   0.051912221132001425   0.03768196544573735   0.01410451170531515   -0.016118189175429416   -0.0009433778353999205   -0.0109236359906236   -0.010362220294655796   0.035149721080816355   0.08030269530492955   0.1443621648299931   0.08239306227419561   -0.2786944757042351   -0.36940939814436624   -0.13492922554825382   -0.02207384936813072   0.05707595910806313   0.10828717046906772   0.10713909758019789   0.08406239679232956   0.0754619747300213   0.07128965290553751   0.046439395920963876   0.027009582173206072   0.018827687457717717   -0.006101463356502386   -0.026327034368082678   -0.038540627460882784   -0.044186617604208375   -0.03919350525976006   -0.029613598886801467   0.021814356520317983   0.06531479935665258   0.05982489409202381   0.04560207344350903   0.03583755129515827   -0.0018193607877111794   -0.04140125126292401   -0.045694073905304104   -0.0053973108270832775   
T_sec   15.0   15.5   16.0   16.5   17.0   17.5   18.0   18.5   19.0   19.5   20.0   20.5   21.0   21.5   22.0   22.5   23.0   23.5   24.0   24.5   25.0   25.5   26.0   26.5   27.0   27.5   28.0   28.5   29.0   29.5   30.0   30.5   31.0   31.5   32.0   32.5   33.0   33.5   34.0   34.5   35.0   35.5   36.0   36.5   37.0   37.5   38.0   38.5   39.0   39.5   40.0   40.5   41.0   41.5   42.0   42.5   43.0   43.5   44.0   44.5   45.0   45.5   46.0   46.5   47.0   47.5   48.0   48.5   49.0   49.5   50.0   50.5   51.0   51.5   52.0   52.5   53.0   53.5   54.0   54.5   55.0   
U39   0.008447346674637446   0.006985997741961312   0.008956825478990493   0.007364273585317071   0.009551193856988442   0.007808816890018375   0.010269392383033567   0.008359133680402015   0.011170256006180171   0.009074482992973183   0.012358144587274291   0.01005377125105749   0.014002695911122104   0.011513292051121888   0.0164887104591277   0.01389950807329737   0.020669830592842383   0.01840355923580153   0.029052329623033547   0.029100286436073347   0.05239398418355013   0.07258843926168355   0.22642753415712155   0.49453521377313703   0.5850044884881656   0.7490316699029465   1.0   0.6916554414571823   0.20805537522162623   0.15107768623772583   0.0913615477137553   -0.0285414325285479   -0.02537745331144886   0.007067028239071868   -0.0025809797041721934   0.017702990716121053   0.05522589579093527   0.08045172743995258   0.06887455706745454   0.06931752283787253   0.05809008150038843   0.042586439389435446   0.02590586569209488   -0.006532342985029993   -0.012384123740785352   0.008648771275747376   -0.019906436028863928   -0.01192243223112416   0.036672781239516415   0.047102923092111997   0.060651865173295495   0.12469142059523158   0.09780540117164557   -0.26813185729237576   -0.40404016199502296   -0.09107600716006393   0.05685023100194021   0.10546986827832935   0.11291171049349302   0.10577251133352839   0.0760395169092407   0.054515424414472255   0.04785926810809783   0.03467625321452862   0.007200640082551509   0.00021362574128072233   -0.008651339106844933   -0.017759842383728845   -0.039919589515066495   -0.040852502465168854   -0.019542593875612465   -0.021284765809983237   0.016074659161414085   0.06595222067440186   0.046520565499483704   0.03089740281084698   0.017130891483231363   0.0003173488214610511   -0.024651789898652972   -0.010095784647721885   -0.0007571001409718024   
T_sec   15.0   15.5   16.0   16.5   17.0   17.5   18.0   18.5   19.0   19.5   20.0   20.5   21.0   21.5   22.0   22.5   23.0   23.5   24.0   24.5   25.0   25.5   26.0   26.5   27.0   27.5   28.0   28.5   29.0   29.5   30.0   30.5   31.0   31.5   32.0   32.5   33.0   33.5   34.0   34.5   35.0   35.5   36.0   36.5   37.0   37.5   38.0   38.5   39.0   39.5   40.0   40.5   41.0   41.5   42.0   42.5   43.0   43.5   44.0   44.5   45.0   45.5   46.0   46.5   47.0   47.5   48.0   48.5   49.0   49.5   50.0   50.5   51.0   51.5   52.0   52.5   53.0   53.5   54.0   54.5   55.0   
U40   0.008870347335671979   0.009504685039666921   0.009355889034905616   0.010084572756662503   0.00992596318746948   0.010784591902600869   0.010630400298554697   0.011664658687374506   0.011525555337048087   0.012825032139681307   0.012754395354827346   0.014465632298601434   0.014544419857100397   0.01694685345096324   0.01741974617584755   0.0211947460710121   0.022776837927495793   0.029856659863968432   0.03551910479990561   0.05510577516687251   0.09367493202896465   0.26389381066640843   0.48321902415248363   0.6166489052431187   0.8090754185562937   1.0   0.7759705663947581   0.341489984863011   0.1751479768747788   0.11244537568062249   -0.006255066538972647   -0.046206021651783315   -0.02120387830129   -0.014728048703053928   0.0041884562276488235   0.04530352461546408   0.07630277588642555   0.07726026336778855   0.0722266530610087   0.061586819184951735   0.046022096876952676   0.022034605123635406   -0.0055780629706655965   -0.01017005351101799   -6.697942076456921e-05   -0.01828995869578181   -0.016390865947503594   0.02116964302940142   0.03858185994532491   0.04084818028043955   0.06493990186845164   0.11073079638086715   0.04364678130198538   -0.25726731162654487   -0.3351885307107707   -0.08353904040124936   0.0784565033712685   0.11060399998322631   0.11531290248823052   0.09718866928601624   0.06515491817734839   0.05102225118750619   0.05162092274366811   0.028615893993754277   -0.0004951767933972801   -0.002449390605079598   -0.004592636106231186   -0.021693205433476904   -0.034530305786130866   -0.030262742653605585   -0.018265742802461505   -0.016504265046290857   0.014475629751648483   0.047536752797664124   0.03338407056450815   0.008691358616774432   -0.0009930225728741566   -0.009599038624513709   -0.013970633233258062   -0.012851419020565585   0.005470869542173656   
sta_location:9.954407470807796,10.195376934105745,10.88763805139088,11.117428274821942,11.78168189571699,12.230373802586398,12.778226081389567,13.167069673597041,13.620212331284934,14.286174744506354,14.777752527750511,15.035098038965724,15.777376679288109,16.48764769092482,16.72186242550011,17.144221079823968,17.852370540865287,18.068475314900265,18.974232239443054,19.35416230828825,19.734845969624065,20.053247221560966,20.57289999505593,21.189559402790703,21.653692599945142,22.35840578846509,22.615598987053886,23.06145087337591,23.660425879008784,24.435498736633942,24.528702876426248,25.203370860454857,25.51645326142569,26.10543304385085,26.56432409230029,27.232059085455116,27.959527316300836,28.458293798242742,28.837991249181684,29.39892652460477,29.730360031458652,
rebuild_index:0,1,2,3,4,5,6,7,8,9,10,11,12,13,14,15,16,17,18,19,20,21,22,23,24,25,26,27,28,29,30,31,32,33,34,35,36,37,38,39,40,
use_index:0,1,2,3,4,5,6,7,8,9,10,11,12,13,14,15,16,17,18,19,20,21,22,23,24,25,26,27,28,29,30,31,32,33,34,35,36,37,38,39,40,
rebuild_locdata:9.954407470807796,10.195376934105745,10.88763805139088,11.117428274821942,11.78168189571699,12.230373802586398,12.778226081389567,13.167069673597041,13.620212331284934,14.286174744506354,14.777752527750511,15.035098038965724,15.777376679288109,16.48764769092482,16.72186242550011,17.144221079823968,17.852370540865287,18.068475314900265,18.974232239443054,19.35416230828825,19.734845969624065,20.053247221560966,20.57289999505593,21.189559402790703,21.653692599945142,22.35840578846509,22.615598987053886,23.06145087337591,23.660425879008784,24.435498736633942,24.528702876426248,25.203370860454857,25.51645326142569,26.10543304385085,26.56432409230029,27.232059085455116,27.959527316300836,28.458293798242742,28.837991249181684,29.39892652460477,29.730360031458652,
cut_start_time:15---cut_windows:40---reduction_v:10---move_time_window_all:0.0
move_time_window:0.0,0.0,0.0,0.0,0.0,0.0,0.0,0.0,0.0,0.0,0.0,0.0,0.0,0.0,0.0,0.0,0.0,0.0,0.0,0.0,0.0,0.0,0.0,0.0,0.0,0.0,0.0,0.0,0.0,0.0,0.0,0.0,0.0,0.0,0.0,0.0,0.0,0.0,0.0,0.0,0.0,
sta_noise_mean:0,0,0,0,0,0,0,0,0,0,0,0,0,0,0,0,0,0,0,0,0,0,0,0,0,0,0,0,0,0,0,0,0,0,0,0,0,0,0,0,0,
sta_noise_sigma:0,0,0,0,0,0,0,0,0,0,0,0,0,0,0,0,0,0,0,0,0,0,0,0,0,0,0,0,0,0,0,0,0,0,0,0,0,0,0,0,0,
add_noise_region_move_range:0,0,0,0,0,0,0,0,0,0,0,0,0,0,0,0,0,0,0,0,0,0,0,0,0,0,0,0,0,0,0,0,0,0,0,0,0,0,0,0,0,