T_sec   15.0   15.5   16.0   16.5   17.0   17.5   18.0   18.5   19.0   19.5   20.0   20.5   21.0   21.5   22.0   22.5   23.0   23.5   24.0   24.5   25.0   25.5   26.0   26.5   27.0   27.5   28.0   28.5   29.0   29.5   30.0   30.5   31.0   31.5   32.0   32.5   33.0   33.5   34.0   34.5   35.0   35.5   36.0   36.5   37.0   37.5   38.0   38.5   39.0   39.5   40.0   40.5   41.0   41.5   42.0   42.5   43.0   43.5   44.0   44.5   45.0   45.5   46.0   46.5   47.0   47.5   48.0   48.5   49.0   49.5   50.0   50.5   51.0   51.5   52.0   52.5   53.0   53.5   54.0   54.5   55.0   
U0   -0.0005020958702159665   0.0026511582559945414   -0.0005952657050303921   0.0027289987728211064   -0.0007081219385187247   0.002810085979114539   -0.0008384237050262041   0.002894504118513153   -0.0009849385126340028   0.0029859638974972665   -0.001147674650305406   0.003085619303386856   -0.001342015314289628   0.003176323522015237   -0.0015750315541831214   0.0032924076401376584   -0.0017974117340491449   0.0034662811620281894   -0.0020222068477989174   0.0036909973725396555   -0.0022556829670676423   0.0039787648292001435   -0.002498524721761837   0.00434789636830179   -0.002752180274932841   0.004821203135372814   -0.0030224757508133535   0.0054267581183223565   -0.0033244745882177163   0.006199381768913687   -0.0036777010767744837   0.007204776976894502   -0.004097911257993607   0.008573864143146709   -0.004583846666456719   0.01056241724909196   -0.0051048799249960725   0.013693906687781223   -0.005529624429870628   0.019292780807039223   -0.005140076401538716   0.03185712780508245   0.0008151158725953952   0.07741318778310914   0.09523723167132146   0.6892740935173234   1.0   0.20434631878945914   0.06307789110771447   -0.055868532678866004   -0.12170061274941839   -0.21414769735708336   -0.12078489668165827   -0.04951795078218666   -0.014699389257712914   -0.022701470098852934   0.0013029320858555726   -0.06463724863070158   -0.047153905976348415   -0.03931594578360291   -0.01898172548681028   0.008080575068563698   0.03801424033700159   0.06416833591414248   0.0875146735634449   0.027742037636463147   0.008677408832993791   0.00015798174110536457   0.029856588212879953   -0.00012238256683746594   -0.04096458424205536   -0.11219100500509127   -0.1004096652095681   -0.156127872077882   -0.09153127098469745   -0.04097529115032993   -0.015868911901932757   0.0017274170700270711   0.0318963816888216   0.02699187817820617   0.017030795617048598   
T_sec   15.0   15.5   16.0   16.5   17.0   17.5   18.0   18.5   19.0   19.5   20.0   20.5   21.0   21.5   22.0   22.5   23.0   23.5   24.0   24.5   25.0   25.5   26.0   26.5   27.0   27.5   28.0   28.5   29.0   29.5   30.0   30.5   31.0   31.5   32.0   32.5   33.0   33.5   34.0   34.5   35.0   35.5   36.0   36.5   37.0   37.5   38.0   38.5   39.0   39.5   40.0   40.5   41.0   41.5   42.0   42.5   43.0   43.5   44.0   44.5   45.0   45.5   46.0   46.5   47.0   47.5   48.0   48.5   49.0   49.5   50.0   50.5   51.0   51.5   52.0   52.5   53.0   53.5   54.0   54.5   55.0   
U1   0.0014877901880757706   0.004039990133313299   0.001383590498225826   0.004077948323830343   0.0012658231890960456   0.00411454849927268   0.0011230340782248703   0.004132230015338318   0.0009336782955767875   0.004119613817251912   0.0007105999163668402   0.004136567723341301   0.0005197840863809465   0.004207915455560282   0.00034358704752456763   0.004322311313889731   0.0001779222353297861   0.004488789990239184   2.439741895182068e-05   0.00471911062484136   -0.00011380844709328052   0.0050228296732923935   -0.00024205628235958375   0.0054109962960140175   -0.0003736534596466305   0.005882133353802165   -0.0005322186890093805   0.006450203942252143   -0.0007308166953443406   0.007160476820215126   -0.0009677225454643721   0.008085135335420494   -0.0012556615241880143   0.00932268545703764   -0.0016405126238476164   0.011042795687661425   -0.002138081425513538   0.013705055508889261   -0.0026642466928830347   0.018494164745956942   -0.002738566189117697   0.029270238476238136   0.0005517225382264122   0.06644108167421829   0.04498231907113554   0.5347269487654984   1.0   0.3050111544250859   0.051212517148396794   -0.09928019346965739   -0.22383598930811305   -0.30516705675035927   -0.16829623286551618   -0.04212588574494069   -0.007383685814734865   -0.038182221373791334   -0.0353189679121489   -0.09602133661994008   -0.08400701166110651   -0.0629005517949226   -0.017268539885416646   0.08423961375521172   0.12378011204003096   0.14730962344397383   0.13765986022979446   -0.031696684648011626   -0.018452181921324765   0.003427722154652602   0.008526588545158217   -0.10469411205107784   -0.14535302388530355   -0.1577643162457711   -0.12371970163449166   -0.14875281074324367   -0.1169634525696126   -0.06399225132486719   -0.0149336814736708   0.02052225248861396   0.025924897611546045   0.01253918785748552   -0.0059539196485512156   
T_sec   15.0   15.5   16.0   16.5   17.0   17.5   18.0   18.5   19.0   19.5   20.0   20.5   21.0   21.5   22.0   22.5   23.0   23.5   24.0   24.5   25.0   25.5   26.0   26.5   27.0   27.5   28.0   28.5   29.0   29.5   30.0   30.5   31.0   31.5   32.0   32.5   33.0   33.5   34.0   34.5   35.0   35.5   36.0   36.5   37.0   37.5   38.0   38.5   39.0   39.5   40.0   40.5   41.0   41.5   42.0   42.5   43.0   43.5   44.0   44.5   45.0   45.5   46.0   46.5   47.0   47.5   48.0   48.5   49.0   49.5   50.0   50.5   51.0   51.5   52.0   52.5   53.0   53.5   54.0   54.5   55.0   
U2   0.005044317140026842   0.0037224289657055696   0.005065897452394858   0.00366018482193186   0.005112234166421523   0.003617381275949344   0.005191041677494238   0.0035950803067935854   0.005299772476724689   0.003593000860295264   0.005447322962661989   0.0036122671531316586   0.005622177359146256   0.003635719124468592   0.005819879805385401   0.0036622626916680383   0.006046635453595317   0.0036984302469556924   0.006310446174053223   0.003744408503256696   0.0066172296440852015   0.0037806906860117177   0.006935801042131824   0.0037785836656284285   0.00726808550066427   0.0037315530803179206   0.007621933490997324   0.0036383784025955284   0.008030774545653862   0.0035258757849860965   0.008558719937659016   0.0034154191313003823   0.009265496947968287   0.0033207237668829532   0.010263021584152637   0.0033025091509048467   0.011782155097055175   0.0035064877692526928   0.014312758050734817   0.004376350231063917   0.019199721668107468   0.007610049034932762   0.031268531608121264   0.02276795616979956   0.08158886915394038   0.20267572823638066   1.0   0.8598653648925181   0.14935588902207983   -0.12713898472443247   -0.3116653670243865   -0.2651892445249264   -0.12089889457400435   0.027442728150797287   -0.001365677136963793   -0.08652562624938603   -0.11570853316501112   -0.09420218126783071   -0.09443005182472204   0.027760650259863486   0.16540550875427065   0.2677767117004911   0.24705945821793804   0.029770602878778054   -0.07105991297209065   -0.08299320717982953   -0.12350730982380918   -0.1871974328931794   -0.19307023209094076   -0.14377943398796728   -0.08964198376774055   -0.06644902130966235   -0.0692859017743862   -0.06918975839376472   -0.09920728538950527   -0.04244482850794286   -0.00908496717059539   0.00766219002673492   0.005249972761826536   0.0038100189983504644   -0.016033767473902567   
T_sec   15.0   15.5   16.0   16.5   17.0   17.5   18.0   18.5   19.0   19.5   20.0   20.5   21.0   21.5   22.0   22.5   23.0   23.5   24.0   24.5   25.0   25.5   26.0   26.5   27.0   27.5   28.0   28.5   29.0   29.5   30.0   30.5   31.0   31.5   32.0   32.5   33.0   33.5   34.0   34.5   35.0   35.5   36.0   36.5   37.0   37.5   38.0   38.5   39.0   39.5   40.0   40.5   41.0   41.5   42.0   42.5   43.0   43.5   44.0   44.5   45.0   45.5   46.0   46.5   47.0   47.5   48.0   48.5   49.0   49.5   50.0   50.5   51.0   51.5   52.0   52.5   53.0   53.5   54.0   54.5   55.0   
U3   0.0024963444821846452   0.002558613252461858   0.002503580241087368   0.002582979593664404   0.002524037121635967   0.0026214878815502348   0.0025587748817744696   0.002675588820128772   0.0026036239561800767   0.0027366912655956417   0.0026541627663712137   0.0028068452673855895   0.0027144914112173704   0.002892131507349539   0.00278910093565343   0.0029924805190341816   0.0028728314828658764   0.0030961218848030623   0.002951610572624735   0.003196583976739862   0.0030249777924113014   0.003293267449419258   0.0030894323887814086   0.0033873015272385854   0.003155823954334104   0.003498978305185365   0.003244904996575609   0.0036454106044150314   0.0033693667581797876   0.003840279959092168   0.0035487194420033685   0.004116639173331465   0.0038230868255026847   0.004523342101300245   0.004259773207757764   0.005161944537043875   0.005008519425102663   0.006261496285627285   0.00642102282491037   0.008397418278989557   0.009490282712342259   0.013447318391093964   0.01794065396891111   0.03057181016955032   0.05656411026321134   0.19058232908275516   0.7081283213733095   1.0   0.27614239712025995   -0.10105715145041137   -0.18762700493171022   -0.17028001037822452   -0.05172417865728298   0.025703481966834207   0.01586247233959518   -0.06822238304845517   -0.09123941342883479   -0.06013295058619622   -0.03578597967032508   0.05202357998919691   0.1663577697358757   0.20462528534539887   0.13677952443858923   -0.03921130279934909   -0.0850053094213285   -0.09807933033292751   -0.17057879532353667   -0.14854381284817259   -0.09767818293817017   -0.058615653469051496   -0.035009667787879714   -0.02170695275789547   -0.021628712183311416   -0.03309542742317895   -0.07740078264663486   -0.06090008093622889   -0.002528180432526496   0.005824832255974385   0.014360717605063644   0.006588756247220181   -0.0008777113050740253   
T_sec   15.0   15.5   16.0   16.5   17.0   17.5   18.0   18.5   19.0   19.5   20.0   20.5   21.0   21.5   22.0   22.5   23.0   23.5   24.0   24.5   25.0   25.5   26.0   26.5   27.0   27.5   28.0   28.5   29.0   29.5   30.0   30.5   31.0   31.5   32.0   32.5   33.0   33.5   34.0   34.5   35.0   35.5   36.0   36.5   37.0   37.5   38.0   38.5   39.0   39.5   40.0   40.5   41.0   41.5   42.0   42.5   43.0   43.5   44.0   44.5   45.0   45.5   46.0   46.5   47.0   47.5   48.0   48.5   49.0   49.5   50.0   50.5   51.0   51.5   52.0   52.5   53.0   53.5   54.0   54.5   55.0   
U4   0.003110899619676655   0.0026675896053790396   0.0031801520193823645   0.002718357776252489   0.0032550027012493827   0.0027665025635988296   0.003325078675311767   0.0028057085771642444   0.003389662833477011   0.0028375164993979175   0.003447367153753016   0.0028559162609602022   0.0034973218675901883   0.002867894166004505   0.003549747304497386   0.002880330052420064   0.0036092655118221545   0.0028939410282993864   0.003677264511556593   0.002911808458540838   0.003757801903412825   0.0029326969816094077   0.0038530892837396235   0.002959840622860545   0.003970524743868731   0.0029971905157422083   0.004118894397123986   0.003051779158600722   0.004313970660982634   0.003134025735594946   0.004579335831432002   0.0032614032224828975   0.00495565952533167   0.0034679327652553066   0.005520173355188055   0.003818660464006606   0.006415851507303042   0.004445886507587173   0.00797190843026292   0.005688941411422295   0.011057856634098697   0.008570769912656553   0.01859988211287393   0.01734743204503068   0.046196073392409005   0.06765160829559645   0.36152843659799455   1.0   0.6004461482861092   -0.05848622979394159   -0.20595910742009332   -0.10741524191018877   -0.008016885743468812   0.025703167384590202   -0.001111398357161176   -0.06436682620756025   -0.10009348401703554   -0.031895362400012346   0.07965678338880898   0.19715069232142698   0.25687998193574235   0.11565635382269901   -1.1215422666433257e-06   -0.09653229828400516   -0.2294431807848644   -0.23648428575845615   -0.1891799230376714   -0.09993203444673796   -0.046988117941142216   -0.012144304783195536   0.003988930699142311   0.00690066649818931   -0.012803097754269072   -0.015480900100580557   -0.05806920307448416   -0.08643043763142866   -0.03570859872979272   0.002226708833372259   0.009507928399765235   0.0002577819813412931   -0.00525393569183202   
T_sec   15.0   15.5   16.0   16.5   17.0   17.5   18.0   18.5   19.0   19.5   20.0   20.5   21.0   21.5   22.0   22.5   23.0   23.5   24.0   24.5   25.0   25.5   26.0   26.5   27.0   27.5   28.0   28.5   29.0   29.5   30.0   30.5   31.0   31.5   32.0   32.5   33.0   33.5   34.0   34.5   35.0   35.5   36.0   36.5   37.0   37.5   38.0   38.5   39.0   39.5   40.0   40.5   41.0   41.5   42.0   42.5   43.0   43.5   44.0   44.5   45.0   45.5   46.0   46.5   47.0   47.5   48.0   48.5   49.0   49.5   50.0   50.5   51.0   51.5   52.0   52.5   53.0   53.5   54.0   54.5   55.0   
U5   0.004250785901792706   0.005226100741398285   0.004274839944926603   0.0053077505499870056   0.004283960834921688   0.0053827378512440165   0.00428366235612317   0.005457858384221237   0.004277287244513054   0.0055363882536852115   0.004267362653808787   0.005624686686409845   0.0042559562608175   0.005718609155212239   0.00423785294425676   0.005820512795682951   0.0042147527932633036   0.005937092253354633   0.0041896883984402075   0.00607017626229991   0.004162648277471322   0.006228963641781217   0.004135906880986632   0.0064180262269801225   0.004109823765177368   0.006649412078785555   0.004089224659539163   0.00693792430940318   0.004079162741701724   0.007310705867136213   0.004089731724092406   0.007801505202509052   0.0041344404305651795   0.008467922913446512   0.004246337181664263   0.009429318529400153   0.00451125334525363   0.010924723594110234   0.005133164679421823   0.013498141470884318   0.00667353557603433   0.01859383817522922   0.011097892673471476   0.03154667296489066   0.028881459624745587   0.08611302739985544   0.2113800598964838   1.0   0.989134427519443   0.012261914954553652   -0.2860231219992745   -0.11748390521803874   0.019216380865785903   0.011964970993666297   -0.025649209628220117   -0.07684465151452925   -0.10328560441313522   0.03266376538734599   0.2817776851146878   0.40806831026830326   0.22667992579939147   0.008636513928932337   -0.13417006496658382   -0.30639723818897113   -0.3490938376861461   -0.2444755592822662   -0.17399025639337284   -0.12942579487870545   -0.026761692411995545   0.014190999996381053   -0.005194869817230539   -0.018833337619547797   -0.00980290160347192   -0.019636665926158547   -0.04962060059221716   -0.1160864859426624   -0.07722935923384466   -0.009785953152039612   0.014884519722097537   -0.001642969663703591   0.010479335021562338   
T_sec   15.0   15.5   16.0   16.5   17.0   17.5   18.0   18.5   19.0   19.5   20.0   20.5   21.0   21.5   22.0   22.5   23.0   23.5   24.0   24.5   25.0   25.5   26.0   26.5   27.0   27.5   28.0   28.5   29.0   29.5   30.0   30.5   31.0   31.5   32.0   32.5   33.0   33.5   34.0   34.5   35.0   35.5   36.0   36.5   37.0   37.5   38.0   38.5   39.0   39.5   40.0   40.5   41.0   41.5   42.0   42.5   43.0   43.5   44.0   44.5   45.0   45.5   46.0   46.5   47.0   47.5   48.0   48.5   49.0   49.5   50.0   50.5   51.0   51.5   52.0   52.5   53.0   53.5   54.0   54.5   55.0   
U6   0.0018996311900990634   0.0026141967250149995   0.0018972189910812084   0.0026526382847857416   0.001892100079116831   0.002692243704397282   0.001884252525123949   0.002735607830683898   0.0018753528384317826   0.002783732229750302   0.0018663543318999706   0.0028387405511096538   0.00185757474559934   0.002901042646241817   0.0018473594066354996   0.002972284444202538   0.001837516306182392   0.003056180700855776   0.001829908211795339   0.0031567990264616316   0.0018240747980470583   0.003275958515705774   0.0018195557395102723   0.0034185464818080277   0.0018159564053564887   0.0035922774219149015   0.001818733616406935   0.003812777414115766   0.0018311744187797915   0.004097250596578185   0.001862658344850439   0.004479600969398897   0.0019296215516813465   0.0050141362785739345   0.0020620656818954356   0.005803949037439564   0.002324684250162013   0.00704097870762501   0.0028543599553821765   0.009165690452026145   0.004021879039753301   0.01333990879882368   0.007018567075432936   0.023525838258458193   0.017364194461004644   0.061875291634183566   0.09402179426760583   0.562345631860471   1.0   0.31800186971593286   -0.16406621000098587   -0.043075049980200106   0.043005537018313764   0.0029338026039852126   -0.028599010490557682   -0.026197929235482396   0.0033782654627382107   0.16929167748729307   0.3833668703177591   0.22472490612129173   -0.04132794182229897   -0.18489030168415127   -0.23167436834225388   -0.17974726829547324   -0.15963794650708332   -0.14063126700956266   -0.09228032112037546   -0.07925578033233895   -0.027109065200708393   0.004489940651378753   -0.0023928437847257848   -0.011057478759378821   0.004479793618894903   -0.0033498453880222833   -0.023090083689599198   -0.08739513737043549   -0.08634490489199   -0.013352649600989695   0.014613627707167207   0.017349521856389195   0.020639071250741475   
T_sec   15.0   15.5   16.0   16.5   17.0   17.5   18.0   18.5   19.0   19.5   20.0   20.5   21.0   21.5   22.0   22.5   23.0   23.5   24.0   24.5   25.0   25.5   26.0   26.5   27.0   27.5   28.0   28.5   29.0   29.5   30.0   30.5   31.0   31.5   32.0   32.5   33.0   33.5   34.0   34.5   35.0   35.5   36.0   36.5   37.0   37.5   38.0   38.5   39.0   39.5   40.0   40.5   41.0   41.5   42.0   42.5   43.0   43.5   44.0   44.5   45.0   45.5   46.0   46.5   47.0   47.5   48.0   48.5   49.0   49.5   50.0   50.5   51.0   51.5   52.0   52.5   53.0   53.5   54.0   54.5   55.0   
U7   0.004206867149234449   0.0026149604068574687   0.004274046076956996   0.0025926742015144563   0.00434714244580919   0.002569352961907598   0.004427732212305622   0.0025418718601115174   0.004513983255534681   0.0025123345738339684   0.004610953231412095   0.0024796282913059704   0.004717729427827449   0.0024441827434770495   0.004836997054215492   0.002404486076264954   0.004969258717648967   0.002358263465433845   0.005117352963197174   0.0023064893766898665   0.00528554825850634   0.0022481920626919796   0.005479594710683897   0.002184000977725045   0.005707402519102538   0.0021169286642724514   0.005982610690157843   0.0020489124837079673   0.006320069101915817   0.0019860925248054596   0.006746961450114242   0.0019399902186170736   0.007303724051957767   0.001931877786564719   0.008060270863222401   0.0020080600870107596   0.009142027135922342   0.0022757046468705857   0.01080176916542124   0.0029875413454591984   0.013611501117392977   0.0048793743610785895   0.019162387906298244   0.010691014197670379   0.03370569739002483   0.03634485008884644   0.1091129273325219   0.38437067001103215   1.0   0.5901400570791766   -0.21673979310185934   -0.027475289597904032   0.04236176857557958   0.0032122513740048607   -0.06229807015853868   0.0035281931186378515   0.12290117755079877   0.4212703678399571   0.5133337782310394   0.06440348778153884   -0.30997208562615297   -0.3397044468394453   -0.2337429751703457   -0.14844219587326918   -0.13839117047340133   -0.12888013594330816   -0.09845309124787446   -0.08934758827840207   -0.06333314341365359   0.0030937746879882936   -0.01946366033408815   -0.01041032250688283   -0.003203137718804758   0.009204237534831792   -0.03767739269296969   -0.07492162131375862   -0.11123430991709896   -0.0322704224553141   0.017337667301555632   0.030201791925182856   0.02314098214619674   
T_sec   15.0   15.5   16.0   16.5   17.0   17.5   18.0   18.5   19.0   19.5   20.0   20.5   21.0   21.5   22.0   22.5   23.0   23.5   24.0   24.5   25.0   25.5   26.0   26.5   27.0   27.5   28.0   28.5   29.0   29.5   30.0   30.5   31.0   31.5   32.0   32.5   33.0   33.5   34.0   34.5   35.0   35.5   36.0   36.5   37.0   37.5   38.0   38.5   39.0   39.5   40.0   40.5   41.0   41.5   42.0   42.5   43.0   43.5   44.0   44.5   45.0   45.5   46.0   46.5   47.0   47.5   48.0   48.5   49.0   49.5   50.0   50.5   51.0   51.5   52.0   52.5   53.0   53.5   54.0   54.5   55.0   
U8   0.004247865491383588   0.004190226901418864   0.004285564856271895   0.004226143163449103   0.004322691037279921   0.004266262366292983   0.004363383424004082   0.004307591488114648   0.0044058589135863085   0.004350130528914101   0.00445132742500439   0.004394452672571619   0.00449679593642247   0.004441194654184711   0.004544620734578899   0.0044885733708953076   0.004598431576407034   0.0045431480502553965   0.00465759172680937   0.0046025624055266315   0.004725094207621761   0.004672229296500437   0.004808708165373979   0.004756924847870733   0.004910216702924094   0.004861488735548667   0.005039172069659944   0.004999166517072659   0.00521225892640164   0.0051795739930477775   0.005440812625395089   0.005426845991812522   0.005763615348071935   0.005783712207818019   0.006239763693617288   0.006326016229361451   0.006976115508155468   0.007207928622209991   0.008204981350047725   0.008768994206451516   0.010447403669451962   0.01189800235857268   0.01519066255976889   0.019586155123810945   0.028133085397458835   0.04731379394377881   0.09086480639536171   0.33670352627194844   1.0   0.8680248596283535   -0.05378119206466081   -0.029998867129276487   0.06950482354959288   -0.024109089482080247   -0.06140906041014632   0.09138090187539288   0.49917113028436855   0.8416396969223676   0.27391540035713424   -0.45359374125027896   -0.5141262351567156   -0.32348577678740936   -0.18571209202685662   -0.12428851385676132   -0.08996687497713779   -0.16197307770839214   -0.14249106065285408   -0.09563877996771344   -0.09178450420772571   -0.03743951353999625   -0.012978933146943173   0.00044970094575876214   0.01411691549661604   -0.003233049768920721   -0.056101841613315294   -0.08004007656404488   -0.12054771227590773   -0.07760162654357651   0.02518148183428232   0.018017539378453653   -0.013202648033063539   
T_sec   15.0   15.5   16.0   16.5   17.0   17.5   18.0   18.5   19.0   19.5   20.0   20.5   21.0   21.5   22.0   22.5   23.0   23.5   24.0   24.5   25.0   25.5   26.0   26.5   27.0   27.5   28.0   28.5   29.0   29.5   30.0   30.5   31.0   31.5   32.0   32.5   33.0   33.5   34.0   34.5   35.0   35.5   36.0   36.5   37.0   37.5   38.0   38.5   39.0   39.5   40.0   40.5   41.0   41.5   42.0   42.5   43.0   43.5   44.0   44.5   45.0   45.5   46.0   46.5   47.0   47.5   48.0   48.5   49.0   49.5   50.0   50.5   51.0   51.5   52.0   52.5   53.0   53.5   54.0   54.5   55.0   
U9   0.0015704485834771248   0.0006275210051039569   0.001623897919229818   0.0006104258740494353   0.0016805124095844862   0.0005898990873405967   0.0017426398809802985   0.0005666870879677973   0.0018101974996527696   0.0005402404644282543   0.0018854955278920556   0.0005112703764048053   0.0019709578836186546   0.00048043757885526185   0.0020689892210869034   0.000446311030648862   0.0021799346342798805   0.00040861625256420067   0.0023085456407077832   0.00036827151671669405   0.002459477439550013   0.0003256910479714998   0.00263971282957567   0.0002821262426891765   0.00285870668663975   0.00023916162147542843   0.0031281933270215522   0.0001992188764313581   0.003468679734714504   0.00016884691211134373   0.0039060023212070106   0.00015500885793492023   0.004486841596138693   0.0001780213857544889   0.005287575193694735   0.0002705603491859948   0.006439440055778711   0.0005099522873539554   0.008211355414535855   0.0010717906949894228   0.011175809273012934   0.0024219657907168326   0.01681387750411113   0.006113889714169656   0.030139448203218497   0.019732636097333195   0.07935360599281277   0.13434837329278856   0.7153793789126457   0.8550807761357658   0.28112828929700656   0.16351191218642663   0.07116370905383237   0.0032422594789343027   -0.010553965607470503   0.44639695370473   1.0   0.025996647870885573   -0.5247036568930249   -0.33880747922050036   -0.23476577670377563   -0.13814251561846727   -0.051412835752457565   -0.039279489400574755   -0.09566547068345846   -0.12059617970216954   -0.06809739487684682   -0.08343908676195423   -0.12197095988666243   -0.016771271718290723   0.02764100839671126   0.019929872400634045   -0.010852734672676187   -0.036730496167883875   -0.022525208225749587   -0.04188872617364022   -0.16023378492376036   -0.09048681345247347   -0.006445932429264866   -0.015329521019735119   -0.02586044648747761   
T_sec   15.0   15.5   16.0   16.5   17.0   17.5   18.0   18.5   19.0   19.5   20.0   20.5   21.0   21.5   22.0   22.5   23.0   23.5   24.0   24.5   25.0   25.5   26.0   26.5   27.0   27.5   28.0   28.5   29.0   29.5   30.0   30.5   31.0   31.5   32.0   32.5   33.0   33.5   34.0   34.5   35.0   35.5   36.0   36.5   37.0   37.5   38.0   38.5   39.0   39.5   40.0   40.5   41.0   41.5   42.0   42.5   43.0   43.5   44.0   44.5   45.0   45.5   46.0   46.5   47.0   47.5   48.0   48.5   49.0   49.5   50.0   50.5   51.0   51.5   52.0   52.5   53.0   53.5   54.0   54.5   55.0   
U10   0.0009165715101948191   0.0006400428341689083   0.0009399604412348646   0.0006500743300743567   0.000964034656211912   0.0006593544881190244   0.0009905912446911004   0.0006704178979281091   0.0010201640915119057   0.0006827095655957504   0.0010534182804531535   0.0006970083004065682   0.0010913748185199844   0.0007135379177393229   0.0011357197964963668   0.000734189032506772   0.001186542195188879   0.0007586286483653994   0.0012480150234246688   0.0007899720024536873   0.0013220023336008616   0.0008294437169973606   0.001411389185119726   0.0008801572113184863   0.0015254114037013481   0.0009478989645693407   0.001667441170913663   0.001036672204137783   0.001853374239347086   0.0011605992246624952   0.0021034151138995686   0.0013366937425418788   0.002446826163575992   0.001592195904573499   0.0029375609761998836   0.0019799119335528266   0.003671321406030402   0.002599325710492928   0.004842761233296528   0.003670825944369744   0.006874612989942755   0.005704922737141075   0.010849173739669048   0.010258962071426252   0.020457054952263593   0.024176193955180374   0.056276324093261006   0.11987958466130123   0.4976147545555977   0.725686933094714   0.43165016066373685   0.23495036200048078   0.11700923770278603   0.014198308815225236   0.2419939858558158   1.0   0.4282934633870523   -0.5333329477979113   -0.42233485157435735   -0.2238861354809781   -0.15621840356612532   -0.08736395881062481   -0.04781232025547544   -0.07822788776229973   -0.08783632504758215   -0.0608864815888992   -0.06432103139248048   -0.09832762253199007   -0.08364895349254818   -0.00722675304424619   0.016346944289907905   -0.006485029991088741   -0.05653162128995691   -0.04393796664453887   -0.05066356893299512   -0.12333498007858416   -0.11358283712856679   -0.05552888531089559   -0.03577553023133992   -0.036185478177350086   -0.016148912195715542   
T_sec   15.0   15.5   16.0   16.5   17.0   17.5   18.0   18.5   19.0   19.5   20.0   20.5   21.0   21.5   22.0   22.5   23.0   23.5   24.0   24.5   25.0   25.5   26.0   26.5   27.0   27.5   28.0   28.5   29.0   29.5   30.0   30.5   31.0   31.5   32.0   32.5   33.0   33.5   34.0   34.5   35.0   35.5   36.0   36.5   37.0   37.5   38.0   38.5   39.0   39.5   40.0   40.5   41.0   41.5   42.0   42.5   43.0   43.5   44.0   44.5   45.0   45.5   46.0   46.5   47.0   47.5   48.0   48.5   49.0   49.5   50.0   50.5   51.0   51.5   52.0   52.5   53.0   53.5   54.0   54.5   55.0   
U11   0.0019765645372065385   -0.00039689577932906236   0.002052859149546751   -0.0004423881976820721   0.0021338202059346203   -0.0004939554838055917   0.0022227789780776665   -0.0005494017618831041   0.0023198619910423015   -0.0006102170310163464   0.0024259266185982097   -0.0006772586649750065   0.0025448102327185586   -0.0007486287877629091   0.00267800283250509   -0.0008281647713532243   0.002826586540165115   -0.0009146013650818349   0.0029965213521056006   -0.0010098780649257367   0.0031918693887373405   -0.0011129543686584419   0.0034179580211352455   -0.0012272597713586877   0.0036841767407850183   -0.0013507132685734954   0.004002670288938221   -0.0014850712278230592   0.004388155528155462   -0.001627212142427911   0.004868534564475411   -0.0017764034985608343   0.005483446368293858   -0.0019151565353618485   0.006299308273857119   -0.002026923105702295   0.007416849214732407   -0.00207274680741306   0.00903468856832662   -0.0019418932359367592   0.011567370721856759   -0.0013407409999429873   0.01603825036688715   0.0006959712838159574   0.025632229723059813   0.008528979899047271   0.05674775614267328   0.06624253048922203   0.3847480679136489   0.5744196294982329   0.37617233612696105   0.23058360602110275   0.12947176700677648   0.0022067809171539194   0.4907769027460569   1.0   -0.13734627793150872   -0.47238549095122   -0.30004253696253924   -0.1542642703244991   -0.12687475612659083   -0.06294522111358762   -0.05956658499117027   -0.08111438624265986   -0.06416926750962192   -0.028783594939902103   -0.06798389779977762   -0.07586942305448999   -0.06067001699666808   -0.0018357791850237778   -0.0044561876077971576   -0.02337886847399281   -0.094733726878347   -0.04000402117691114   -0.08947777569864679   -0.10832884564309275   -0.06124762077902039   -0.0441542507921611   -0.04911678020057758   -0.02916916339472767   -0.007256249151920124   
T_sec   15.0   15.5   16.0   16.5   17.0   17.5   18.0   18.5   19.0   19.5   20.0   20.5   21.0   21.5   22.0   22.5   23.0   23.5   24.0   24.5   25.0   25.5   26.0   26.5   27.0   27.5   28.0   28.5   29.0   29.5   30.0   30.5   31.0   31.5   32.0   32.5   33.0   33.5   34.0   34.5   35.0   35.5   36.0   36.5   37.0   37.5   38.0   38.5   39.0   39.5   40.0   40.5   41.0   41.5   42.0   42.5   43.0   43.5   44.0   44.5   45.0   45.5   46.0   46.5   47.0   47.5   48.0   48.5   49.0   49.5   50.0   50.5   51.0   51.5   52.0   52.5   53.0   53.5   54.0   54.5   55.0   
U12   -0.0014841851038260327   -0.0014220452980459356   -0.0014803030987910486   -0.0014140837474992517   -0.001473942701874021   -0.0014027855372963135   -0.0014642730914763277   -0.0013885079075302155   -0.0014521621505320772   -0.0013708565567723764   -0.0014356050686647529   -0.0013480445849052753   -0.0014142861248706692   -0.0013200349305934251   -0.0013876020229700978   -0.0012853008227197602   -0.0013494597514085928   -0.001233098571809535   -0.001294479379513795   -0.0011671635967015071   -0.0012258544790059872   -0.0010855562941822863   -0.0011392411774607083   -0.0009832968920661196   -0.0010289311495921963   -0.0008543613440635592   -0.0008865153102197271   -0.0006882238709588551   -0.0006987997238141524   -0.0004701686956192692   -0.00044646751436266816   -0.0001776561930028793   -9.772572481391446e-05   0.0002274183913313392   0.0004010519885791584   0.0008098443055097298   0.0011465215318516736   0.001690145681562842   0.0023289007651840147   0.0031118492713831866   0.004352513672783505   0.005627037622094068   0.008238623026088108   0.010763488504420502   0.017227089229255713   0.024360212190525143   0.04753859353522531   0.09438446393872021   0.34663939611602945   0.6524593212568449   0.6236442127890282   0.5449557401693632   0.3855974532320537   0.7520161840130951   1.0   0.028624385562868095   -0.5456586063355191   -0.35664377423176996   -0.21727329318675861   -0.17091487923691193   -0.1224570086766557   -0.08941975418925983   -0.0902955311596205   -0.05018499886113138   0.01744933847295494   -0.018711712712054764   -0.06721342931237788   -0.049869275835124766   -0.061211503855652404   -0.0890544021770174   -0.14001274551563908   -0.16238296792120588   -0.08222197906554185   -0.0860117204222281   -0.0954536555630245   -0.007434917826836298   -0.008417708795825879   -0.05600550960574194   -0.038145042375658626   -0.019495479670125892   -0.01502806866878283   
T_sec   15.0   15.5   16.0   16.5   17.0   17.5   18.0   18.5   19.0   19.5   20.0   20.5   21.0   21.5   22.0   22.5   23.0   23.5   24.0   24.5   25.0   25.5   26.0   26.5   27.0   27.5   28.0   28.5   29.0   29.5   30.0   30.5   31.0   31.5   32.0   32.5   33.0   33.5   34.0   34.5   35.0   35.5   36.0   36.5   37.0   37.5   38.0   38.5   39.0   39.5   40.0   40.5   41.0   41.5   42.0   42.5   43.0   43.5   44.0   44.5   45.0   45.5   46.0   46.5   47.0   47.5   48.0   48.5   49.0   49.5   50.0   50.5   51.0   51.5   52.0   52.5   53.0   53.5   54.0   54.5   55.0   
U13   -0.0029370488193518935   -0.001430182158141386   -0.002957427884203003   -0.001372474282320889   -0.002977204127432627   -0.0013079277633513571   -0.00299666050615774   -0.0012350333940444993   -0.0030153018454236393   -0.0011525838086496806   -0.0030327320052665643   -0.0010596519227512357   -0.003046490796516782   -0.0009531156120554678   -0.0030600979597847507   -0.0008332038564992897   -0.0030710084187656438   -0.0006956949665518212   -0.003075913112938812   -0.000535785129909551   -0.0030756240062676313   -0.0003502793607780393   -0.0030667047075288137   -0.00013264903863858377   -0.0030494012664517896   0.00012610048992683836   -0.0030075943538566924   0.0004437964463674361   -0.0029411394156891946   0.0008332537128736813   -0.002830275587636338   0.0013240025560590583   -0.002656158540519483   0.001961406539104111   -0.002368412679592679   0.0028219560465229184   -0.0018855186728305895   0.004037570610490955   -0.0010499555199634837   0.0058613092440142145   0.000492902020965744   0.008850090003526089   0.003628618093839594   0.014436841595762183   0.011097138499908567   0.02752526941444772   0.03554901061738775   0.07992471519828025   0.23889547155364196   0.5657592370029062   0.5912478276437568   0.8058295943974262   1.0   0.9123589503614357   0.39349093670240004   -0.40590322800643613   -0.38241870319043225   -0.3053095056264765   -0.22171492852658126   -0.17921845986494672   -0.11670123613592316   -0.08259241607899714   -0.021211439596484357   0.009219930347261976   0.016536614047192977   -0.039556852613989446   -0.08012478418058254   -0.14296627056004016   -0.1829276896945212   -0.19896994369997562   -0.18176141394827092   -0.13792006792153372   -0.09948630952536895   -0.07361477091482388   0.027109938112280203   0.05081753069709128   0.010401142497156573   -0.03593073230878581   -0.035640417976154935   -0.05800759446166688   -0.0715113846939707   
T_sec   15.0   15.5   16.0   16.5   17.0   17.5   18.0   18.5   19.0   19.5   20.0   20.5   21.0   21.5   22.0   22.5   23.0   23.5   24.0   24.5   25.0   25.5   26.0   26.5   27.0   27.5   28.0   28.5   29.0   29.5   30.0   30.5   31.0   31.5   32.0   32.5   33.0   33.5   34.0   34.5   35.0   35.5   36.0   36.5   37.0   37.5   38.0   38.5   39.0   39.5   40.0   40.5   41.0   41.5   42.0   42.5   43.0   43.5   44.0   44.5   45.0   45.5   46.0   46.5   47.0   47.5   48.0   48.5   49.0   49.5   50.0   50.5   51.0   51.5   52.0   52.5   53.0   53.5   54.0   54.5   55.0   
U14   -0.0024826178672279283   -0.002437542399234233   -0.0024656504998498306   -0.002418945970318142   -0.002443938549133534   -0.00239598354244303   -0.0024179118221696163   -0.002368449118077455   -0.002386624964695976   -0.0023356033404907583   -0.002350043459343066   -0.002297360469601992   -0.0023071362117678394   -0.002251709539436461   -0.0022555481889859697   -0.0021970515790823517   -0.002194574551636344   -0.0021323554941966166   -0.0021224448486452567   -0.0020562973461379776   -0.0020371659260657047   -0.0019623810192080653   -0.0019291973945098928   -0.0018451381719940328   -0.0017973533848147307   -0.0017007539767637707   -0.0016333495181804479   -0.0015193784944894009   -0.0014255843232189936   -0.001284957408057062   -0.0011528480111012687   -0.0009732010308928388   -0.0007873311251911628   -0.0005480979475842704   -0.00027952295915459433   5.632521644840983e-05   0.0004601713016870129   0.0009613717434191824   0.0016021950844685895   0.0024055251435708925   0.003503570316294016   0.0049201945175796616   0.007032047100016205   0.009909960236169   0.014796561675267722   0.02231111523303531   0.03862631501377808   0.07592501103068924   0.22712498863001918   0.4842597887791268   0.6529345671606975   0.916255699355609   1.0   0.7481344667704581   0.29091670393244934   -0.3545682557683816   -0.38882406726379276   -0.2715543639911319   -0.22277065895498185   -0.1611880190682599   -0.10720889168127609   -0.04456851954049398   -0.011201774195062094   0.009798599833748155   -0.0008454245122357406   -0.06118620156841635   -0.13073222889541264   -0.1516606143121432   -0.17759774880551235   -0.18602888737451112   -0.16324042689725712   -0.12897768258156117   -0.07562456283971475   -0.024310956931137443   0.034884382525384804   0.051299694884746644   0.01124951147982569   -0.027598773059953036   -0.04557017017087245   -0.06772672532846238   -0.09571623124349889   
T_sec   15.0   15.5   16.0   16.5   17.0   17.5   18.0   18.5   19.0   19.5   20.0   20.5   21.0   21.5   22.0   22.5   23.0   23.5   24.0   24.5   25.0   25.5   26.0   26.5   27.0   27.5   28.0   28.5   29.0   29.5   30.0   30.5   31.0   31.5   32.0   32.5   33.0   33.5   34.0   34.5   35.0   35.5   36.0   36.5   37.0   37.5   38.0   38.5   39.0   39.5   40.0   40.5   41.0   41.5   42.0   42.5   43.0   43.5   44.0   44.5   45.0   45.5   46.0   46.5   47.0   47.5   48.0   48.5   49.0   49.5   50.0   50.5   51.0   51.5   52.0   52.5   53.0   53.5   54.0   54.5   55.0   
U15   -0.0025311771063341463   -0.0024289443475632565   -0.0025255674642204362   -0.002406523691699393   -0.0025164026725457123   -0.002380547886274515   -0.0025036827313099736   -0.002347872680238148   -0.0024885688675279198   -0.002311847773896037   -0.002468327728659614   -0.0022704901432124046   -0.002444325990975025   -0.002220860986392045   -0.0024130085049131377   -0.0021609772793991836   -0.002372597695693446   -0.0020906335729785484   -0.0023215214377907112   -0.002009624417874871   -0.0022597797312049355   -0.001911661311987202   -0.002181834402339325   -0.0017934552941568282   -0.0020810476853589752   -0.0016510403163121964   -0.0019522923051776312   -0.0014751533402986919   -0.0017834334122146499   -0.0012530369175477178   -0.001556012816159525   -0.0009653360278772743   -0.0012404361359906867   -0.0005806492324489674   -0.0007881041298680712   -4.570109797617723e-05   -0.00011275414974495684   0.0007354169284086322   0.0009507067815785588   0.0019539462467110043   0.002748326739929712   0.004026902923038745   0.006100626599322797   0.008047598132482918   0.013399123467768646   0.01770897497863804   0.03455041672230913   0.0544384406495965   0.16927498658283538   0.41539586709743437   0.7069252597675841   1.0   0.6557413035232914   0.7295853988095724   0.08927676136820938   -0.37564851240094105   -0.2758439625997278   -0.22488377284436759   -0.16920907051118705   -0.12414191463305518   -0.040904095653766466   -0.022427281704055037   -0.012566779929913226   -0.015751918337531746   -0.06558855044599682   -0.11809060799560342   -0.10059127331744992   -0.10522116753228043   -0.14147492315892532   -0.12174459233139359   -0.12229017535463313   -0.06965496859184821   -0.013373250772236254   -0.0004190326461077104   0.05070372641247945   0.040577486349915357   0.018942134009663953   -0.03234541911055471   -0.042394352448499255   -0.10149966454193507   -0.0720744261305863   
T_sec   15.0   15.5   16.0   16.5   17.0   17.5   18.0   18.5   19.0   19.5   20.0   20.5   21.0   21.5   22.0   22.5   23.0   23.5   24.0   24.5   25.0   25.5   26.0   26.5   27.0   27.5   28.0   28.5   29.0   29.5   30.0   30.5   31.0   31.5   32.0   32.5   33.0   33.5   34.0   34.5   35.0   35.5   36.0   36.5   37.0   37.5   38.0   38.5   39.0   39.5   40.0   40.5   41.0   41.5   42.0   42.5   43.0   43.5   44.0   44.5   45.0   45.5   46.0   46.5   47.0   47.5   48.0   48.5   49.0   49.5   50.0   50.5   51.0   51.5   52.0   52.5   53.0   53.5   54.0   54.5   55.0   
U16   -0.0037519347411821453   -0.0022847957536251584   -0.003774236974165641   -0.002202537549072111   -0.0037960014252220744   -0.0021094741047978324   -0.00381719516892734   -0.0020050536269269536   -0.0038400014059622165   -0.0018887253338530845   -0.003862083283666765   -0.0017579527958336918   -0.003885525226449447   -0.001610200595395221   -0.00390801233193306   -0.0014433733329878417   -0.003931530248253747   -0.001252950955270834   -0.003953599445913778   -0.001033530336249093   -0.003976106796776979   -0.0007783872838873618   -0.003991975892015317   -0.0004783699155525567   -0.004002814834901858   -0.00012126270717577477   -0.0040033265320869845   0.00031108121526925674   -0.003985609244111744   0.0008450549781433836   -0.0039366551056273826   0.0015214713705708914   -0.003833588618944514   0.002402838830350132   -0.003638920512780204   0.0035805482115566266   -0.0032883467948623783   0.0052463034794573375   -0.002617001130100384   0.007759297780015022   -0.00128358241004078   0.011882977819079321   0.0015654344904462902   0.01956352821681454   0.008598464341113133   0.03725199510266407   0.03181323721185898   0.10180697179499705   0.2054120714278085   0.7577925368713955   0.993267709812908   1.0   0.9658015662245026   0.804598850310335   -0.21500517597923194   -0.48039877051501706   -0.27059722349512283   -0.23224522085546018   -0.11975681536524035   -0.0755209542479562   -0.03009780132537392   -0.13501941695863603   -0.18357158268540996   -0.14301144024813867   -0.12209845234403414   -0.11287583331698697   -0.08271472251638472   -0.09235865909043808   -0.08125404310003037   -0.12198748620757273   -0.11319730904101974   -0.023417869978398002   -0.013307773856850894   0.012229045892085103   0.081607442624475   0.03206886314115874   -0.006204602755011063   -0.06043859542727253   -0.09732104792824864   -0.1091672105310638   -0.07544245003750202   
T_sec   15.0   15.5   16.0   16.5   17.0   17.5   18.0   18.5   19.0   19.5   20.0   20.5   21.0   21.5   22.0   22.5   23.0   23.5   24.0   24.5   25.0   25.5   26.0   26.5   27.0   27.5   28.0   28.5   29.0   29.5   30.0   30.5   31.0   31.5   32.0   32.5   33.0   33.5   34.0   34.5   35.0   35.5   36.0   36.5   37.0   37.5   38.0   38.5   39.0   39.5   40.0   40.5   41.0   41.5   42.0   42.5   43.0   43.5   44.0   44.5   45.0   45.5   46.0   46.5   47.0   47.5   48.0   48.5   49.0   49.5   50.0   50.5   51.0   51.5   52.0   52.5   53.0   53.5   54.0   54.5   55.0   
U17   -0.0033795876488196494   -0.0025828178941288155   -0.0033651948502068387   -0.002519636188443973   -0.0033476963588882514   -0.0024502095861925906   -0.0033279286563083358   -0.0023719075342820565   -0.00330360288107256   -0.0022859197840777398   -0.0032775331517448858   -0.0021899698133409293   -0.0032463931926807236   -0.0020824398049174315   -0.003210646016194499   -0.001961099364427674   -0.0031683620317811034   -0.0018226560049303833   -0.003116885458960383   -0.0016625781314956348   -0.0030534567758271824   -0.0014782319622666717   -0.002977404389065262   -0.001261393256659259   -0.0028808374003297717   -0.0010005806902332747   -0.002753893824200746   -0.0006819870596866052   -0.002585265845352539   -0.0002852802692316202   -0.0023601118899649006   0.00020976879642728256   -0.0020548957546502873   0.0008649223774749933   -0.0015984563126136195   0.0017708209070009205   -0.0008944298208277807   0.0030869519426028253   0.0002536982984168906   0.005129112856282048   0.0022793005740636262   0.00861147107558699   0.0062609007905586374   0.01543895697708958   0.015583641652844753   0.032527744029571155   0.04652097324253381   0.11264446532615045   0.33235606142282687   0.7277539137873993   0.8974058482367996   1.0   0.9738231871629669   0.5822762032304865   -0.18264853631199335   -0.4342215789257261   -0.26113354596364363   -0.19405123715239786   -0.10144105984238047   -0.07087201446366415   -0.0998843551748642   -0.2024921396799532   -0.1865387496206593   -0.1427202830617517   -0.1184931630415353   -0.10154924752430146   -0.06734936421968203   -0.06552394186412341   -0.08500793774717283   -0.11749249172098909   -0.0884675926052191   -0.035270551661589954   -0.012025971109078305   0.02035745513288774   0.06311189775808324   0.01913895093534664   -0.020424426448766287   -0.06889528006167896   -0.09306181887740143   -0.10114008735850996   -0.08460885775273828   
T_sec   15.0   15.5   16.0   16.5   17.0   17.5   18.0   18.5   19.0   19.5   20.0   20.5   21.0   21.5   22.0   22.5   23.0   23.5   24.0   24.5   25.0   25.5   26.0   26.5   27.0   27.5   28.0   28.5   29.0   29.5   30.0   30.5   31.0   31.5   32.0   32.5   33.0   33.5   34.0   34.5   35.0   35.5   36.0   36.5   37.0   37.5   38.0   38.5   39.0   39.5   40.0   40.5   41.0   41.5   42.0   42.5   43.0   43.5   44.0   44.5   45.0   45.5   46.0   46.5   47.0   47.5   48.0   48.5   49.0   49.5   50.0   50.5   51.0   51.5   52.0   52.5   53.0   53.5   54.0   54.5   55.0   
U18   -0.001894256250727082   -0.001856531828996725   -0.001856833899454674   -0.0018177762039616326   -0.0018172182324568366   -0.0017741437292930953   -0.001771794710399182   -0.001726879924341163   -0.0017225059861833605   -0.001672961441116446   -0.001665737520474984   -0.0016112453897793688   -0.001599698006381833   -0.0015410211585254522   -0.0015292399352878747   -0.0014696809939377187   -0.001453515542071923   -0.0013863013504039443   -0.001362963028376291   -0.0012886604617762107   -0.0012559503546351104   -0.0011724783208928512   -0.0011271831737643347   -0.001029892826459016   -0.0009668688879453661   -0.0008545418917010689   -0.0007671257468524395   -0.0006333869265423523   -0.0005102232386828969   -0.0003449584903421482   -0.00016962826143869573   4.079339776568932e-05   0.00029594319814623977   0.0005761559968001505   0.0009612362983340075   0.001356196533751758   0.001959595235369349   0.002559311961234533   0.003566488290035719   0.0045690513364445165   0.00641094852232807   0.008342245901326744   0.012269088783975434   0.017031247648654962   0.028623739515849293   0.0517199485624144   0.15368357589595708   0.3097270775567424   0.40025041613456863   0.5954040375435972   0.8976920678695255   1.0   0.769299516424187   0.1870861294065238   -0.2562252828294347   -0.23212519127759984   -0.17033365211397775   -0.2064327356300685   -0.23361996411510122   -0.2069870256514548   -0.1875588402868889   -0.17688809441103426   -0.13178576709593115   -0.07977689054347281   -0.04326342107737069   -0.007790301805413231   -0.0017558351556772542   -0.04590736156945028   -0.07676024932326643   -0.08710977450625954   -0.0694662184185127   -0.03693136898960743   -0.0027285817078064887   0.03366691713226973   0.02829705671854593   -0.003856943100181573   -0.027587620056907194   -0.04641460454410928   -0.07062676326438175   -0.07767040398487704   -0.05483408461409872   
T_sec   15.0   15.5   16.0   16.5   17.0   17.5   18.0   18.5   19.0   19.5   20.0   20.5   21.0   21.5   22.0   22.5   23.0   23.5   24.0   24.5   25.0   25.5   26.0   26.5   27.0   27.5   28.0   28.5   29.0   29.5   30.0   30.5   31.0   31.5   32.0   32.5   33.0   33.5   34.0   34.5   35.0   35.5   36.0   36.5   37.0   37.5   38.0   38.5   39.0   39.5   40.0   40.5   41.0   41.5   42.0   42.5   43.0   43.5   44.0   44.5   45.0   45.5   46.0   46.5   47.0   47.5   48.0   48.5   49.0   49.5   50.0   50.5   51.0   51.5   52.0   52.5   53.0   53.5   54.0   54.5   55.0   
U19   -0.0008295662906331534   -0.0021407956937312435   -0.0007586963284881214   -0.0021400360255424172   -0.0006803764359286296   -0.002136704177966702   -0.0005914726755513371   -0.0021349909905586007   -0.0005034190514614323   -0.002139216091966171   -0.00040526119946191885   -0.002141375575131177   -0.0002943075625283265   -0.0021410504602827726   -0.00016847873081102133   -0.0021381788218464296   -2.4454469260055096e-05   -0.0021310116694403624   0.0001420255863032204   -0.0021181446296718955   0.00033659959081396224   -0.0020963370178545986   0.0005676137870824392   -0.002061231904543018   0.0008457344367181477   -0.0020071654116888167   0.0011862759741236054   -0.0019244069332997244   0.0016120646896903164   -0.001797188348195872   0.0021606184060058587   -0.0015973125545155676   0.002886968443230979   -0.0012786150055850874   0.003888892259448548   -0.0007520233547633336   0.005349222984025844   0.0001654848422594599   0.007628289186816226   0.001891678734508461   0.011580448634465309   0.005589581261517194   0.019757254149582838   0.015917868632006324   0.04588526730494629   0.08440192806610129   0.2660361344038267   0.31851339924124555   0.39390132371169606   0.6667295405039734   0.9060341663983611   1.0   0.7528878787159579   0.10525306763352305   -0.3287794234845191   -0.20867354993307088   -0.32146781099728583   -0.28461929674223585   -0.2058882274330258   -0.1557809734344241   -0.1792555048798114   -0.14049870636865294   -0.09469737397602075   -0.06160538035041377   -0.04021566546187137   0.003928020069106978   -0.013895843362319138   -0.04835748020345109   -0.08427919453267702   -0.0888214014271446   -0.0695759760700816   -0.024950296193719503   -0.0024310515197207816   0.04681710272932104   0.01739975483451441   -0.009117079216958512   -0.02085449495891035   -0.03215250922415865   -0.07800070574936958   -0.07612874978766798   -0.05100845772672736   
T_sec   15.0   15.5   16.0   16.5   17.0   17.5   18.0   18.5   19.0   19.5   20.0   20.5   21.0   21.5   22.0   22.5   23.0   23.5   24.0   24.5   25.0   25.5   26.0   26.5   27.0   27.5   28.0   28.5   29.0   29.5   30.0   30.5   31.0   31.5   32.0   32.5   33.0   33.5   34.0   34.5   35.0   35.5   36.0   36.5   37.0   37.5   38.0   38.5   39.0   39.5   40.0   40.5   41.0   41.5   42.0   42.5   43.0   43.5   44.0   44.5   45.0   45.5   46.0   46.5   47.0   47.5   48.0   48.5   49.0   49.5   50.0   50.5   51.0   51.5   52.0   52.5   53.0   53.5   54.0   54.5   55.0   
U20   -0.001212125174026518   -0.001089751853261823   -0.001189267123944814   -0.0010609157354384698   -0.0011627308371378927   -0.0010273027661024962   -0.00113185543876064   -0.0009891995214529453   -0.001096800186273238   -0.0009453242842378469   -0.0010557259613130782   -0.0008942041410237267   -0.0010078684153005703   -0.0008349474244921331   -0.0009514442135988119   -0.0007641705678338294   -0.0008836110030753305   -0.0006795089902968898   -0.0008016379980490668   -0.0005773402388818037   -0.0007021335379938462   -0.0004524974121424311   -0.0005788717029679589   -0.00029640449084633786   -0.0004216299086133983   -9.719726896939165e-05   -0.00021930965454115443   0.00016119981619758532   4.8379739505480816e-05   0.0005066692181480946   0.0004124660182439682   0.0009811213557391527   0.0009252704925012   0.0016612243904458195   0.0016806226771440326   0.002685187890608729   0.0028644306035239954   0.004340520963434795   0.004883308768621699   0.007294273881026966   0.008796209866912687   0.013511938231461415   0.018568025829175386   0.03271229425375013   0.07396660540587198   0.20885074155199815   0.2828245576787859   0.3431392023398865   0.5201010455989914   0.6903705363428944   0.8936886169693297   1.0   0.7097307352531148   0.008228673035555748   -0.3664609994938182   -0.4290872947394735   -0.346683964260149   -0.23052525433973603   -0.15172410465449465   -0.13394661993717716   -0.13683900396421525   -0.11837534010773905   -0.081637401069433   -0.056279556546704516   -0.0352397313140156   -0.033246303952285755   -0.03341715430403458   -0.04990812415870456   -0.0825363870444837   -0.08948016245887641   -0.054976877858369716   -0.025522168563679767   0.015471589404918116   0.03476380075168256   0.010304937335663409   0.002622421761015582   -0.014542326846391247   -0.04661952738936684   -0.07524967471176044   -0.07179172293276245   -0.038988931060420506   
T_sec   15.0   15.5   16.0   16.5   17.0   17.5   18.0   18.5   19.0   19.5   20.0   20.5   21.0   21.5   22.0   22.5   23.0   23.5   24.0   24.5   25.0   25.5   26.0   26.5   27.0   27.5   28.0   28.5   29.0   29.5   30.0   30.5   31.0   31.5   32.0   32.5   33.0   33.5   34.0   34.5   35.0   35.5   36.0   36.5   37.0   37.5   38.0   38.5   39.0   39.5   40.0   40.5   41.0   41.5   42.0   42.5   43.0   43.5   44.0   44.5   45.0   45.5   46.0   46.5   47.0   47.5   48.0   48.5   49.0   49.5   50.0   50.5   51.0   51.5   52.0   52.5   53.0   53.5   54.0   54.5   55.0   
U21   -0.0005455132667792262   -0.001224051022467438   -0.0005089983209420956   -0.0012209516274998473   -0.0004677419903294806   -0.0012158109933848905   -0.000421500954634801   -0.0012085446208722423   -0.00036892341352463316   -0.0011970589188136916   -0.00030789248033172734   -0.001181330227419148   -0.0002380337069267407   -0.0011607451571999613   -0.00015738699220979875   -0.001133166346396253   -6.303625141895689e-05   -0.001095820397960407   5.0170050968226326e-05   -0.0010448180364182938   0.0001859163615969078   -0.0009762405430223124   0.00035201711506123435   -0.0008832461443743845   0.0005564512757640593   -0.0007567236799531864   0.0008159067334308302   -0.0005791944221189363   0.0011522081815196462   -0.0003284077261231785   0.001601382685681763   4.207540825320064e-05   0.0022282268299756527   0.0006070223307864625   0.0031446744141545727   0.0015100387736681903   0.00456965073240556   0.0030556673704279745   0.007013290755244029   0.006002188752950829   0.011879288250146192   0.012848166807435961   0.025361437965978617   0.04183099626676392   0.12784098715762732   0.25274482654185243   0.2695250639540256   0.3981585082590591   0.5415728635837528   0.6194543259292316   0.8256737113486595   1.0   0.6983409230480189   -0.21465991259555467   -0.5975379247463074   -0.3995111362261712   -0.27641686222277023   -0.15627602853736933   -0.08533830846146932   -0.08416246531303745   -0.13313244037713623   -0.10534680890787954   -0.05960785659221905   -0.04734635326300242   -0.061255806107191946   -0.057783513930359486   -0.03479583265796748   -0.038563079672646626   -0.08621495257290458   -0.07963680576331712   -0.041757151992196484   -0.015691633504943407   0.014216828255423279   0.0352518696226583   0.01596961453126207   0.007274119869617448   -0.028633797503559776   -0.042375280664062896   -0.0709160616182024   -0.06787227832374246   -0.038824385886703415   
T_sec   15.0   15.5   16.0   16.5   17.0   17.5   18.0   18.5   19.0   19.5   20.0   20.5   21.0   21.5   22.0   22.5   23.0   23.5   24.0   24.5   25.0   25.5   26.0   26.5   27.0   27.5   28.0   28.5   29.0   29.5   30.0   30.5   31.0   31.5   32.0   32.5   33.0   33.5   34.0   34.5   35.0   35.5   36.0   36.5   37.0   37.5   38.0   38.5   39.0   39.5   40.0   40.5   41.0   41.5   42.0   42.5   43.0   43.5   44.0   44.5   45.0   45.5   46.0   46.5   47.0   47.5   48.0   48.5   49.0   49.5   50.0   50.5   51.0   51.5   52.0   52.5   53.0   53.5   54.0   54.5   55.0   
U22   -0.0007604157042658987   -0.0007876507860564688   -0.000749118883603437   -0.0007768643696184663   -0.0007349448553173996   -0.0007627937361321706   -0.000717034448668837   -0.0007448120117285955   -0.000693656889754154   -0.0007198522255995734   -0.0006627116925221245   -0.0006880067728522614   -0.0006248177477454885   -0.0006486113506215833   -0.0005771208815267545   -0.0005975275440905744   -0.0005158332831591261   -0.0005310290525562692   -0.0004368754296253268   -0.0004462611784803475   -0.0003368097224069037   -0.0003351494854176725   -0.0002038639530753526   -0.0001860429522045014   -2.6230447050389452e-05   1.600609179689733e-05   0.00021614533034152657   0.0002963325788499676   0.0005537951498811687   0.0006930125550292364   0.0010362377987026754   0.0012717097530529024   0.0017502203918968945   0.002151367606689708   0.002861087470051196   0.0035723991275916273   0.004720334698460544   0.006077653554815142   0.008207199846492244   0.0112181307563758   0.01637377681135915   0.026173136525267607   0.05583797351092851   0.14639585746959852   0.2475210372876356   0.31702669388535953   0.45797195963443804   0.5691629232759111   0.6029166124047184   0.7366625705521374   1.0   0.9830325951507348   0.2426016338950549   -0.5404608314292049   -0.6003070716709239   -0.3629833849294771   -0.18182755201838388   -0.05090332711003297   -0.04882315418661076   -0.11462225582368417   -0.13894543266241152   -0.09793381080544915   -0.07782698599652146   -0.09854503807389564   -0.08978399110971112   -0.06756123931548678   -0.06665665810179414   -0.06738580554139893   -0.07746054741286475   -0.05990206206450609   -0.03296045623211568   -0.01474835105419909   0.029694286074510315   0.04828149953492085   0.011011274303616807   -0.021310499357972783   -0.033823564537512694   -0.05357435762749179   -0.07645892256646737   -0.06956658518918844   -0.0008182192992132959   
T_sec   15.0   15.5   16.0   16.5   17.0   17.5   18.0   18.5   19.0   19.5   20.0   20.5   21.0   21.5   22.0   22.5   23.0   23.5   24.0   24.5   25.0   25.5   26.0   26.5   27.0   27.5   28.0   28.5   29.0   29.5   30.0   30.5   31.0   31.5   32.0   32.5   33.0   33.5   34.0   34.5   35.0   35.5   36.0   36.5   37.0   37.5   38.0   38.5   39.0   39.5   40.0   40.5   41.0   41.5   42.0   42.5   43.0   43.5   44.0   44.5   45.0   45.5   46.0   46.5   47.0   47.5   48.0   48.5   49.0   49.5   50.0   50.5   51.0   51.5   52.0   52.5   53.0   53.5   54.0   54.5   55.0   
U23   -0.0009024338885690549   -0.0011769348425621775   -0.0009070057090793398   -0.0011951360427045173   -0.0009067265752742541   -0.0012092064100520808   -0.000898799016837501   -0.001218895875262388   -0.0008876215789927485   -0.001226621093949918   -0.0008671054041326603   -0.0012255430004798956   -0.0008328934549166087   -0.0012118700688763208   -0.0007807656610735199   -0.0011838403923656394   -0.0007056961219527113   -0.0011337590610649708   -0.0005993887213161544   -0.0010560274013155916   -0.0004521689439470191   -0.0009393613170078435   -0.00024665830634331716   -0.0007656591358291488   4.083287432310556e-05   -0.0005116548245362412   0.0004450658504991757   -0.00013972971130749064   0.0010228997916121839   0.0004149078325610534   0.0018738146405599977   0.0012675521587041613   0.003176110510680796   0.00263810991616121   0.005284804196829979   0.005002092142790637   0.009017058807329977   0.009589063657771147   0.016709010924697214   0.020864226693804427   0.03952633348175631   0.08175919860642099   0.22625236238839702   0.32605943057549064   0.4621600855449775   0.7171740761585401   0.796749658107438   0.821034516191137   1.0   0.9284983859574967   0.6326679888199896   0.7569013498205303   0.017643872761968805   -0.7765475046661803   -0.5816982866178412   -0.24748704007311087   -0.06003458273846771   -0.034459132040225   -0.08399295521140088   -0.20482587201013183   -0.2302242783676134   -0.1468068358871615   -0.12634051520911002   -0.1316622460780406   -0.11163272654928265   -0.12699890381621967   -0.14745425665816153   -0.07935191975399976   -0.06556766807509579   -0.059447990640990454   -0.007953835923325544   0.020450970127171276   0.04852715289544745   0.014394502845811657   -0.02839580718706927   -0.04813202595830452   -0.05613974915791386   -0.07559612454643018   -0.061824382714473484   -0.02803031247993638   0.05196444889262638   
T_sec   15.0   15.5   16.0   16.5   17.0   17.5   18.0   18.5   19.0   19.5   20.0   20.5   21.0   21.5   22.0   22.5   23.0   23.5   24.0   24.5   25.0   25.5   26.0   26.5   27.0   27.5   28.0   28.5   29.0   29.5   30.0   30.5   31.0   31.5   32.0   32.5   33.0   33.5   34.0   34.5   35.0   35.5   36.0   36.5   37.0   37.5   38.0   38.5   39.0   39.5   40.0   40.5   41.0   41.5   42.0   42.5   43.0   43.5   44.0   44.5   45.0   45.5   46.0   46.5   47.0   47.5   48.0   48.5   49.0   49.5   50.0   50.5   51.0   51.5   52.0   52.5   53.0   53.5   54.0   54.5   55.0   
U24   -0.002251816765567023   -0.00016273783850567948   -0.00234892510287222   -0.00013667680921739702   -0.002447184553471412   -0.00010085567396531376   -0.002547414547532545   -5.3258531985521245e-05   -0.0026483809145686093   9.455139742667541e-06   -0.002748837834083634   9.077196228296672e-05   -0.0028473608521108916   0.00019661289350821263   -0.002940032297255057   0.0003335128814167523   -0.003024368295196829   0.0005083089360774545   -0.003098080714869603   0.0007319953523565703   -0.0031519796595697765   0.0010229193960447167   -0.0031739354314882537   0.0014062252484888487   -0.0031451589104674873   0.00191798295458556   -0.003036502925876771   0.0026158991263964273   -0.0027951612521602827   0.00359441058805416   -0.002330047270036047   0.005018898800850227   -0.001461108888544924   0.00721394479987594   0.00020341472609896352   0.010912381101106637   0.003690422170660037   0.018144376451107037   0.012657683112781115   0.038502601421144665   0.05924513478408272   0.1840917378393454   0.282925767647686   0.40906360542796566   0.665450090728304   0.798970275832706   0.7948947704628473   1.0   0.49964392996653245   0.06225215406038883   0.4594493277615235   0.7632556937326603   0.09547613970931745   -0.6923914515303313   -0.3890421395200811   -0.14927012913975848   -0.01609203756094364   -0.04239981223092242   -0.14676064657768706   -0.26178338473542384   -0.1923493732166045   -0.11059314215309292   -0.10446709010712463   -0.13291653697168795   -0.1281556509084336   -0.12644551419010933   -0.10420796013511291   -0.1126110317361757   -0.04883969002060595   0.020325315103080135   0.02302543461254359   -0.01271373038314229   0.027784483582671802   -0.017240437040551088   -0.04334248684421209   -0.05072108248614485   -0.036688352115196506   -0.013160986426870094   0.0014127916231612978   -0.028675374950060298   0.04491155683786501   
T_sec   15.0   15.5   16.0   16.5   17.0   17.5   18.0   18.5   19.0   19.5   20.0   20.5   21.0   21.5   22.0   22.5   23.0   23.5   24.0   24.5   25.0   25.5   26.0   26.5   27.0   27.5   28.0   28.5   29.0   29.5   30.0   30.5   31.0   31.5   32.0   32.5   33.0   33.5   34.0   34.5   35.0   35.5   36.0   36.5   37.0   37.5   38.0   38.5   39.0   39.5   40.0   40.5   41.0   41.5   42.0   42.5   43.0   43.5   44.0   44.5   45.0   45.5   46.0   46.5   47.0   47.5   48.0   48.5   49.0   49.5   50.0   50.5   51.0   51.5   52.0   52.5   53.0   53.5   54.0   54.5   55.0   
U25   -0.0028887241513252944   -0.0006651032274994826   -0.0030247611682289064   -0.0006585012685039056   -0.003164735602517649   -0.0006416851039484005   -0.0033084351118230397   -0.0006112803613214897   -0.0034535479440744605   -0.0005618042790681891   -0.003598185896045105   -0.0004902926381791738   -0.003742095055186529   -0.0003909262632609153   -0.0038813830490602567   -0.00025437199718070805   -0.004012199775571506   -7.18440111351088e-05   -0.0041315991370079715   0.00017001120341658574   -0.0042322698163420715   0.000488447253808261   -0.004299170848359211   0.0009169568664590415   -0.004311467310912669   0.0015032997499836301   -0.0042224198233285935   0.0023207625582767244   -0.003972398002537992   0.0034975557508880846   -0.003424267989177527   0.005277914708549072   -0.002288524316851402   0.008172914629612048   0.00013636391709516177   0.013489208862407903   0.006089433939755661   0.026287299369664216   0.029877354242533134   0.09722450076483737   0.1812479657025211   0.3039231843805481   0.48125791647741467   0.7772037422207607   0.8421237129938033   1.0   0.3016302212113173   -0.17085156048431988   0.08360016554489966   0.23117144572335951   0.5505653183727098   0.7412463239178696   0.10038721500328263   -0.5578097006925681   -0.276686097526778   -0.11394596296918988   -0.07043104734357057   -0.15963119643058185   -0.18585735279085236   -0.18068302849166162   -0.13893474971606545   -0.11709830341844722   -0.11383997414874719   -0.14013859354078723   -0.06759923379235186   -0.09889492353638042   -0.09555789626815352   -0.08102158235833283   -0.033212380760876646   0.02752009305601402   0.00962728236689321   -0.04302964248124257   -0.01487050118315781   -0.029573029933728477   -0.03394119455722328   0.03154601911310131   0.05295687538110176   0.005107016262430175   -0.010101208582703709   -0.040933372138082215   0.025958045577936985   
T_sec   15.0   15.5   16.0   16.5   17.0   17.5   18.0   18.5   19.0   19.5   20.0   20.5   21.0   21.5   22.0   22.5   23.0   23.5   24.0   24.5   25.0   25.5   26.0   26.5   27.0   27.5   28.0   28.5   29.0   29.5   30.0   30.5   31.0   31.5   32.0   32.5   33.0   33.5   34.0   34.5   35.0   35.5   36.0   36.5   37.0   37.5   38.0   38.5   39.0   39.5   40.0   40.5   41.0   41.5   42.0   42.5   43.0   43.5   44.0   44.5   45.0   45.5   46.0   46.5   47.0   47.5   48.0   48.5   49.0   49.5   50.0   50.5   51.0   51.5   52.0   52.5   53.0   53.5   54.0   54.5   55.0   
U26   -0.0017583415470372415   -0.002422583978774476   -0.0018160608716923465   -0.0025146314535292756   -0.0018670679537931797   -0.002603438092284729   -0.0019096458964776763   -0.0026878953811556978   -0.001942368462863646   -0.002765313224480865   -0.00195992610086637   -0.002833183934510078   -0.0019594663367214662   -0.0028881042971409254   -0.0019356525553270389   -0.002927357153694915   -0.0018840201215208124   -0.002945721174347939   -0.0017916822939332544   -0.0029293399355357535   -0.001641074708499677   -0.0028632381332444738   -0.001408906510194801   -0.0027235203363074655   -0.0010585350466560174   -0.0024710376260915637   -0.0005289819481916235   -0.002038163102322387   0.00028389157845845224   -0.00130080366578684   0.0015740240572596103   -9.267098766822516e-06   0.0037499693632248965   0.002416232387072736   0.007816070734471062   0.007653267416115367   0.017207121435837427   0.02402907215591982   0.061257975663097944   0.13121668479068788   0.24059893176875485   0.3863826979807563   0.668443808258503   0.8773902654319606   1.0   0.5340958902349798   -0.16103703852565207   0.0008230900260183709   0.13688298038422364   0.34298792565764413   0.5991999175623126   0.7185882909959913   0.06454060539075761   -0.5063966591955036   -0.29418948978815995   -0.12094245670130868   -0.10637164678993186   -0.15718940855106306   -0.16778591430731088   -0.16622985120987036   -0.14511874690759496   -0.11608982684145489   -0.11338040469294906   -0.09508099638017203   -0.08610402205357238   -0.08728218058553362   -0.06592452847284332   -0.10313221743240197   -0.08713479456845542   0.029518698699090566   0.006778348992340431   -0.04081308853491584   -0.008989388433625727   -0.01399745980950969   0.025631974289597712   0.06222209168081642   0.0414390526800717   0.011958025065815047   -0.025363802357782884   -0.03192045110301302   0.029921759129135504   
T_sec   15.0   15.5   16.0   16.5   17.0   17.5   18.0   18.5   19.0   19.5   20.0   20.5   21.0   21.5   22.0   22.5   23.0   23.5   24.0   24.5   25.0   25.5   26.0   26.5   27.0   27.5   28.0   28.5   29.0   29.5   30.0   30.5   31.0   31.5   32.0   32.5   33.0   33.5   34.0   34.5   35.0   35.5   36.0   36.5   37.0   37.5   38.0   38.5   39.0   39.5   40.0   40.5   41.0   41.5   42.0   42.5   43.0   43.5   44.0   44.5   45.0   45.5   46.0   46.5   47.0   47.5   48.0   48.5   49.0   49.5   50.0   50.5   51.0   51.5   52.0   52.5   53.0   53.5   54.0   54.5   55.0   
U27   -0.003673813878617118   -0.0009712408942391072   -0.003845569681635027   -0.0009613475873066748   -0.004021047941962243   -0.0009380140233938009   -0.0042044457584762334   -0.0008984838951887756   -0.004393354960347924   -0.0008413240522796334   -0.0045893392840969955   -0.0007569232261319134   -0.004786046613908654   -0.0006387727061560652   -0.00498512511616421   -0.0004787515960679527   -0.005182353297782329   -0.0002626483273703354   -0.005372424138889336   2.740307176188763e-05   -0.0055485832505550985   0.0004141411109243001   -0.00569876922397581   0.0009405825532983478   -0.005798095804630041   0.0016704044733410683   -0.005793855992976435   0.002708676529434116   -0.005606044253191442   0.004243121618623746   -0.005048156202042096   0.006659574790300489   -0.003673933283100328   0.01085970897256114   -0.00016904473456806897   0.01972962698625841   0.011764398289146051   0.0547549126599987   0.09237290813002942   0.206964027050046   0.3157753222122403   0.6344529741005451   0.8774058083716371   1.0   0.17300151682689324   -0.2444921677042034   0.03091100168479333   0.1007547650623381   0.24348365809722933   0.31172856599729215   0.48045235931946095   0.5182435115037581   -0.014402155951660006   -0.4508365260681741   -0.23919577146226628   -0.14314969926610296   -0.10605429553048583   -0.14563256138631506   -0.16069192078486247   -0.17212947104085732   -0.13990250217160535   -0.10373086914305826   -0.057237534908966006   -0.10748207583554467   -0.048832060363056894   -0.005646066123315596   -0.04020003501451633   -0.09621023225058183   -0.08394372923364356   -0.011492659015942914   -0.015513124711787795   -0.06148756515857145   -0.008793178771378427   0.04911304858372666   0.04984803981838482   0.0211979844838052   0.024843896970308657   -0.01645183748252655   -0.022321013991648694   -0.028873361233938116   0.03864281237283337   
T_sec   15.0   15.5   16.0   16.5   17.0   17.5   18.0   18.5   19.0   19.5   20.0   20.5   21.0   21.5   22.0   22.5   23.0   23.5   24.0   24.5   25.0   25.5   26.0   26.5   27.0   27.5   28.0   28.5   29.0   29.5   30.0   30.5   31.0   31.5   32.0   32.5   33.0   33.5   34.0   34.5   35.0   35.5   36.0   36.5   37.0   37.5   38.0   38.5   39.0   39.5   40.0   40.5   41.0   41.5   42.0   42.5   43.0   43.5   44.0   44.5   45.0   45.5   46.0   46.5   47.0   47.5   48.0   48.5   49.0   49.5   50.0   50.5   51.0   51.5   52.0   52.5   53.0   53.5   54.0   54.5   55.0   
U28   -0.0039256402210410225   -0.0007459248001460504   -0.004103312220441803   -0.0007190215850276876   -0.004291735855008427   -0.0006761744138028049   -0.004483519501452777   -0.0006154809739736262   -0.004687202189231624   -0.000532998834011375   -0.004897361767507894   -0.00041999097122616625   -0.005112025277203855   -0.0002706126415914479   -0.005334391803567443   -7.331849369558556e-05   -0.005560515428443188   0.00018686922564408002   -0.005784641687854374   0.0005309710068698722   -0.006001423664338783   0.0009903045457371944   -0.006202390588561124   0.0016113331910672748   -0.0063569720546966   0.0024778506313464666   -0.006420790430002985   0.003721613899805656   -0.006294092193945248   0.00559523954778596   -0.005744186720658355   0.008668046981729028   -0.004129087972766242   0.01443720508267116   0.0009505264439962814   0.029822103301258337   0.030014458830361704   0.10888649081031393   0.15719889463691195   0.36079602275908357   0.6490641517272304   1.0   0.39130299078618314   -0.28188154829112705   -0.01643911775958159   0.061001706937453166   0.18012413655928602   0.18798119118644788   0.22044743050312796   0.20623680545520862   0.3063112703687276   0.38146367747353904   -0.059324123297593755   -0.3821935128515587   -0.18027857570528824   -0.08949173673803068   -0.09597135387870044   -0.16865831249136082   -0.15697412717070167   -0.12948559824819553   -0.06068485686070683   -0.06949961787864724   -0.049292109877114215   -0.004645921904940835   -0.0018153098770331351   -0.03890264458187298   -0.05089855296205054   -0.0901842272843265   -0.1216854653842829   -0.07436652837231932   -0.009674208216562435   0.03705664691319364   0.08629613728857935   0.03874346736559932   0.030487167773966463   0.0023027129651729747   0.012057236195129432   -0.00220698343091995   0.005395313945872288   -0.019573668509442598   0.010628789135770176   
T_sec   15.0   15.5   16.0   16.5   17.0   17.5   18.0   18.5   19.0   19.5   20.0   20.5   21.0   21.5   22.0   22.5   23.0   23.5   24.0   24.5   25.0   25.5   26.0   26.5   27.0   27.5   28.0   28.5   29.0   29.5   30.0   30.5   31.0   31.5   32.0   32.5   33.0   33.5   34.0   34.5   35.0   35.5   36.0   36.5   37.0   37.5   38.0   38.5   39.0   39.5   40.0   40.5   41.0   41.5   42.0   42.5   43.0   43.5   44.0   44.5   45.0   45.5   46.0   46.5   47.0   47.5   48.0   48.5   49.0   49.5   50.0   50.5   51.0   51.5   52.0   52.5   53.0   53.5   54.0   54.5   55.0   
U29   -0.0015167920022554522   -0.0033172988100887433   -0.0015340842286921444   -0.003440130870425697   -0.001538723888147501   -0.0035666420898570876   -0.0015307236816376822   -0.003693373881780052   -0.0015053828945673345   -0.0038164829505457345   -0.001455720279992373   -0.003938119094515401   -0.0013774494565488673   -0.004055760960774875   -0.0012605480847042308   -0.004163006184187985   -0.0010899237933509748   -0.004254074699921555   -0.0008471107335115108   -0.004319114962226075   -0.0005018514556055067   -0.004341535496886298   -5.403039195506245e-06   -0.004290653987424432   0.0007215049526075695   -0.004108315527566336   0.0018323745288721023   -0.0036694978921379675   0.003630614647337024   -0.002686002962173977   0.006822650355566342   -0.0003237797479331889   0.01351062629919357   0.006882235617028749   0.03567248909916936   0.05147890385464442   0.138314640819485   0.23304291334066507   0.7133286497495291   1.0   0.1098763385911544   -0.17498069765435653   -0.019429546309288937   0.11619651208891886   0.16233290633754144   0.1928742402525737   0.15453259274595985   0.0847480774651627   0.10005370904665342   0.15767446987429906   0.26706760297232945   0.24531501290650848   -0.11125179718922078   -0.2280022068905926   -0.15364012494903959   -0.13121508499725543   -0.19181907047213348   -0.14847050403381945   -0.09041414215936933   -0.09983506980083506   -0.029496741845526486   0.03744726789319085   -0.0026525657514884357   -0.026840213809292524   -0.021760061940537877   -0.03889503303616259   -0.07194890738490131   -0.1309387982923045   -0.12964050489539813   -0.016126031722535517   0.05007805707470897   0.07659150631238432   0.055338424624182266   0.03357458626056798   0.01648870821723805   0.029637079074083528   0.03589106538328721   0.010726324695386095   -0.028546537319866505   -0.020102004744475266   0.01506351975247773   
T_sec   15.0   15.5   16.0   16.5   17.0   17.5   18.0   18.5   19.0   19.5   20.0   20.5   21.0   21.5   22.0   22.5   23.0   23.5   24.0   24.5   25.0   25.5   26.0   26.5   27.0   27.5   28.0   28.5   29.0   29.5   30.0   30.5   31.0   31.5   32.0   32.5   33.0   33.5   34.0   34.5   35.0   35.5   36.0   36.5   37.0   37.5   38.0   38.5   39.0   39.5   40.0   40.5   41.0   41.5   42.0   42.5   43.0   43.5   44.0   44.5   45.0   45.5   46.0   46.5   47.0   47.5   48.0   48.5   49.0   49.5   50.0   50.5   51.0   51.5   52.0   52.5   53.0   53.5   54.0   54.5   55.0   
U30   -0.00228708837361323   -0.00348141575128202   -0.0023294691002037756   -0.003605738412600953   -0.002358591814543388   -0.003731130720229386   -0.002374970184705661   -0.003854219162911946   -0.0023724663022978024   -0.003970449500453871   -0.002344714928986549   -0.004081918715311843   -0.002287228474155072   -0.004181542433849575   -0.002185912481494   -0.00426568266938961   -0.0020292321322318194   -0.004322026105849819   -0.0017917264730354747   -0.004340774277819043   -0.0014396777970114008   -0.004294176234529165   -0.0009202136740735992   -0.004146296439725139   -0.00013668244166901514   -0.0038115511487649915   0.0010921204331007992   -0.0031208275446591364   0.0031352781628400514   -0.001679581176383578   0.006871978149703693   0.0016653762176836722   0.015042015273965047   0.012087750049283714   0.04529824645080057   0.0739301025836316   0.17851019570802196   0.355478227496187   1.0   0.9456089985777459   -0.009926879886072333   -0.19143422155915302   0.03258716722960084   0.1532043403516935   0.20207058505900394   0.21763558219139587   0.15102374250653777   0.08719148982212253   0.11774484611075117   0.17977943006354963   0.28621080150667033   0.2561153744507637   -0.09792013175265568   -0.26184691896151446   -0.18589267424316286   -0.17101606258367338   -0.2196895326015456   -0.16164755058596864   -0.11738938220383077   -0.10530964382356277   -0.014677630469400262   0.039957842512777425   -0.008943865808330675   -0.02964817079097751   -0.027767306565556118   -0.04741787296399378   -0.09111692520464698   -0.15154517872835457   -0.12041444145219905   -0.014779803681951116   0.050275682702381384   0.08056316281786013   0.06072874591034849   0.03623429553403002   0.02270865651502212   0.03968587288225325   0.03909725974563996   0.003977936561273358   -0.0317269915177294   -0.020210107471511873   0.01082674097244196   
T_sec   15.0   15.5   16.0   16.5   17.0   17.5   18.0   18.5   19.0   19.5   20.0   20.5   21.0   21.5   22.0   22.5   23.0   23.5   24.0   24.5   25.0   25.5   26.0   26.5   27.0   27.5   28.0   28.5   29.0   29.5   30.0   30.5   31.0   31.5   32.0   32.5   33.0   33.5   34.0   34.5   35.0   35.5   36.0   36.5   37.0   37.5   38.0   38.5   39.0   39.5   40.0   40.5   41.0   41.5   42.0   42.5   43.0   43.5   44.0   44.5   45.0   45.5   46.0   46.5   47.0   47.5   48.0   48.5   49.0   49.5   50.0   50.5   51.0   51.5   52.0   52.5   53.0   53.5   54.0   54.5   55.0   
U31   -0.0020239622813166226   -0.0017068342249003544   -0.0020923369557794597   -0.0017156244258980725   -0.0021584482243528647   -0.001713549762827749   -0.002221176365814932   -0.0016989067079450878   -0.002280838729245421   -0.0016689767953723925   -0.002333737838267484   -0.0016170297335896073   -0.0023756612654361343   -0.0015359969183655437   -0.0024009026217390963   -0.0014152050879920417   -0.002401782533162918   -0.0012402835043840933   -0.0023634422387459556   -0.000986292950837034   -0.0022613556545090594   -0.0006136719791214353   -0.002052527888889328   -5.509994707798249e-05   -0.0016542504850638577   0.0008171141076333899   -0.0008916781251371001   0.002272974718349414   0.0006550641907520599   0.004985835920171868   0.004229887956679663   0.011245317185074998   0.015601113074223195   0.03699902018185121   0.07782963137879313   0.16674684469616474   0.5050545128425565   1.0   0.00654218649447294   -0.20345393224930836   0.05017790634288635   0.10346072696951569   0.1605983688342062   0.1440324733374943   0.10684666771143478   0.025532834884407853   0.05479565296899256   0.07215757891588355   0.07441854637871093   0.06740073018609256   0.18037684038467217   0.2342703854984201   -0.08759465365622361   -0.21876988273043677   -0.17783902674157137   -0.138547053303209   -0.11783025811515   -0.1606496850923366   -0.029243161425556607   0.02852271162448718   0.008412626104085195   -0.0013521810929818217   0.002225284562633071   -0.03146094830789354   -0.027601379838306093   -0.07321024457208511   -0.07703764221828045   -0.0065121363764625686   -0.02955582302129903   -0.030991368867979804   -0.010370203024851875   0.04170360361352003   0.05375283760409606   0.04718483793520432   0.05474588410715261   0.025906995417121232   0.0012605072205620097   6.430468196539399e-05   -0.008390278034156637   -0.03261349225118594   0.0010981362526400022   
T_sec   15.0   15.5   16.0   16.5   17.0   17.5   18.0   18.5   19.0   19.5   20.0   20.5   21.0   21.5   22.0   22.5   23.0   23.5   24.0   24.5   25.0   25.5   26.0   26.5   27.0   27.5   28.0   28.5   29.0   29.5   30.0   30.5   31.0   31.5   32.0   32.5   33.0   33.5   34.0   34.5   35.0   35.5   36.0   36.5   37.0   37.5   38.0   38.5   39.0   39.5   40.0   40.5   41.0   41.5   42.0   42.5   43.0   43.5   44.0   44.5   45.0   45.5   46.0   46.5   47.0   47.5   48.0   48.5   49.0   49.5   50.0   50.5   51.0   51.5   52.0   52.5   53.0   53.5   54.0   54.5   55.0   
U32   -0.0012229190866809864   -0.003037029696033782   -0.0011966302578548169   -0.0031426585835095883   -0.0011547427200813436   -0.0032482143083454535   -0.0010940747746022452   -0.003354772128136613   -0.0010065763320962812   -0.003456021277090566   -0.0008883502816911009   -0.003554882021997103   -0.0007259655450233785   -0.0036408649455245694   -0.0005070051119041284   -0.0037116120177817184   -0.0002105748613115033   -0.0037531333579199997   0.00019769319462343876   -0.0037459836478652185   0.0007700608854261555   -0.003647319515567737   0.0015951545051399408   -0.0033879916825402846   0.0028386739401435436   -0.0027949279766696306   0.004844072271271401   -0.0014741430623393715   0.00842434261059106   0.001766027642030105   0.01615109769381053   0.01224087136723836   0.04346631439634549   0.06987189355605472   0.19058360128307059   0.5344719192075588   1.0   0.3565046839088827   -0.24476062885261948   0.02977139266427834   0.11648041892871755   0.19509840330674993   0.16306448755634564   0.12736264965420152   0.041517859158916155   0.052883229862245584   0.0693717036048843   0.07684159808811614   0.05231855609814188   0.11676085427352957   0.21711410314964466   0.2036741929407571   -0.09724450569177719   -0.2681439078986602   -0.2085374867058349   -0.15506672307235939   -0.20270726269501457   -0.12180502041881962   0.014541790411235598   0.015376108821861445   -0.00044440434730585435   0.012404151210605362   -0.012452510329946799   -0.03871808511724649   -0.06706214758735311   -0.07899947176433385   -0.011424624875731742   -0.0070830214343642955   -0.041210940321242714   -0.040656617903677056   -0.028972281855365156   0.0423964182831682   0.0764230422733335   0.08052326800013107   0.049701552526472265   0.017996185409502312   0.011539507042990078   0.0037952725146345088   -0.027919549723787428   -0.03100596747368095   0.003234936142631556   
T_sec   15.0   15.5   16.0   16.5   17.0   17.5   18.0   18.5   19.0   19.5   20.0   20.5   21.0   21.5   22.0   22.5   23.0   23.5   24.0   24.5   25.0   25.5   26.0   26.5   27.0   27.5   28.0   28.5   29.0   29.5   30.0   30.5   31.0   31.5   32.0   32.5   33.0   33.5   34.0   34.5   35.0   35.5   36.0   36.5   37.0   37.5   38.0   38.5   39.0   39.5   40.0   40.5   41.0   41.5   42.0   42.5   43.0   43.5   44.0   44.5   45.0   45.5   46.0   46.5   47.0   47.5   48.0   48.5   49.0   49.5   50.0   50.5   51.0   51.5   52.0   52.5   53.0   53.5   54.0   54.5   55.0   
U33   -0.0010901796386390942   -0.0037813381881552687   -0.0010372427705350397   -0.003908707721700647   -0.000961109683382255   -0.004035756229220162   -0.000855587103525823   -0.004161022080227531   -0.0007126720561752089   -0.004284274886812278   -0.0005224437469089628   -0.004401125391048314   -0.0002679677632868508   -0.004506122186526044   7.726611955698777e-05   -0.004585620239124719   0.0005484453503579092   -0.004627206604345914   0.001203004507530903   -0.004602670135425771   0.0021381580337254493   -0.004450660250564019   0.0035179213174355278   -0.004055268639191992   0.005700494262986981   -0.003107932824247138   0.009481332337254537   -0.0007805507576361787   0.01705225846358578   0.0060278441211118325   0.03755227080478371   0.03877762159334035   0.1404177355559531   0.3097518282443068   1.0   0.9903367416982257   -0.19800134371632724   -0.06363202076527988   0.12836974790468056   0.22081315428054976   0.19197039207435937   0.13613799139097496   0.06720142674891053   0.028254649270951747   0.05317615338322141   0.07120193218347312   0.03484727546469004   0.03702599799819123   0.09885606185583326   0.1390626196728581   0.17433300578237607   0.14145267268990677   -0.19121066870540845   -0.23213096799101487   -0.2450038098350315   -0.2720007147448323   -0.1366295521014742   -0.0386133121103707   -0.005326044730436102   0.008667084247554621   0.019932685099312505   -0.004047009310243304   -0.03446460099554359   -0.11169836334238395   -0.0395747077007281   0.04226297952952644   -0.002948181939277605   -0.015073908575136893   -0.048723661925454013   -0.043288889439484   -0.03493923622217514   0.05734001665748292   0.0953365249877279   0.053260832652975   0.02534573524245794   0.036033882967110145   0.005607219632949259   -0.030143500938606824   -0.03761324215504628   -0.028009484323772395   0.0045180597309502   
T_sec   15.0   15.5   16.0   16.5   17.0   17.5   18.0   18.5   19.0   19.5   20.0   20.5   21.0   21.5   22.0   22.5   23.0   23.5   24.0   24.5   25.0   25.5   26.0   26.5   27.0   27.5   28.0   28.5   29.0   29.5   30.0   30.5   31.0   31.5   32.0   32.5   33.0   33.5   34.0   34.5   35.0   35.5   36.0   36.5   37.0   37.5   38.0   38.5   39.0   39.5   40.0   40.5   41.0   41.5   42.0   42.5   43.0   43.5   44.0   44.5   45.0   45.5   46.0   46.5   47.0   47.5   48.0   48.5   49.0   49.5   50.0   50.5   51.0   51.5   52.0   52.5   53.0   53.5   54.0   54.5   55.0   
U34   -0.0014398163719958252   -0.0008563066644362668   -0.0014324380262193174   -0.0008094965862939715   -0.0014125941789476881   -0.0007436684314591185   -0.0013749543346026644   -0.0006520576446804487   -0.0013133424889473998   -0.0005258227000344867   -0.0012189819070448902   -0.0003576326752470827   -0.0010910047000903614   -0.00013586159975253955   -0.0008994176493729231   0.00018041051094416582   -0.0006102423431670532   0.0006352888513717166   -0.0001694309738220877   0.0013100069236420915   0.0005232537545761635   0.002355151102126986   0.001667053694927288   0.00408637239669894   0.0037099773225203383   0.007252460869218558   0.007848457469862668   0.014087478931447675   0.018372090716321034   0.0348628382445906   0.06387559959539   0.1672988092622698   0.48719635977256137   1.0   0.7673761326161805   -0.0778741097026153   0.0025943387777786382   0.18793452875468591   0.2206648086899361   0.16224129480396632   0.10755055530309614   0.06587678022800203   0.031617820597849046   0.05766263735928214   0.05828670362472817   0.03466770291071593   0.04467532475551672   0.09973025779031276   0.11366888474365174   0.1083055802195311   0.1228833451272261   0.08652581504941918   -0.11560810761267482   -0.2802437403924976   -0.2975703145258497   -0.18191963573491907   -0.1214376769399556   -0.05063697526431026   0.022512774140040753   0.033401720956662516   0.011391069839300199   -0.03272502632776427   -0.08585084213284806   -0.021119573617851474   0.04376258029945552   0.01761365386593959   -0.002115306820839179   -0.03478992915128855   -0.03953282754799402   -0.03169953925982561   -0.005507979699535972   0.04902616293837068   0.06357364468895617   0.06418830880995009   0.06317526141939758   0.028818531399625705   -0.002440734852249935   -0.018375849077830436   -0.024624086584365615   -0.01888519650123947   0.010517384776690931   
T_sec   15.0   15.5   16.0   16.5   17.0   17.5   18.0   18.5   19.0   19.5   20.0   20.5   21.0   21.5   22.0   22.5   23.0   23.5   24.0   24.5   25.0   25.5   26.0   26.5   27.0   27.5   28.0   28.5   29.0   29.5   30.0   30.5   31.0   31.5   32.0   32.5   33.0   33.5   34.0   34.5   35.0   35.5   36.0   36.5   37.0   37.5   38.0   38.5   39.0   39.5   40.0   40.5   41.0   41.5   42.0   42.5   43.0   43.5   44.0   44.5   45.0   45.5   46.0   46.5   47.0   47.5   48.0   48.5   49.0   49.5   50.0   50.5   51.0   51.5   52.0   52.5   53.0   53.5   54.0   54.5   55.0   
U35   9.482988471431625e-05   0.0009568125786023031   0.0001571882014810995   0.0010998717082446278   0.00023953668218731715   0.0012762673503313377   0.0003458000680738819   0.0014947188369919347   0.0004848874381828958   0.0017720864554384946   0.0006720960912533523   0.00213117726971098   0.0009265906863759172   0.002603786976180146   0.001281016547060169   0.0032469045445012844   0.001793525580913734   0.004157705007662127   0.0025676460773889974   0.005513143064872468   0.003811229479904284   0.007669838720809702   0.0059765041499902785   0.011470500301173655   0.010257291112644831   0.019266573188981576   0.020689532192477905   0.04075442490640304   0.0610671563318855   0.16852722071004955   0.4832317221607997   0.967976316769136   1.0   0.28114240767381926   0.06773267143657244   0.2292367760601568   0.23812105339293155   0.14553534370156726   0.1188797824183225   0.07892678249460017   0.04153323067167613   0.04217930711420976   0.055292099879510295   0.029199331664777364   0.038007725528202696   0.08297673537346198   0.11351268624639867   0.08287211843666155   0.04921302281719799   0.03553563999503153   0.1198956267666184   0.025420119697068835   -0.18087084883777405   -0.2477610980141877   -0.2610979870692244   -0.23780500168667407   -0.13393527937447505   0.0055366236646698696   0.05359079114928903   0.012909459487030215   -0.060074046865076586   -0.032841844770785035   0.030814794042717947   0.03997627105802925   0.03230768878940483   0.013824765371261219   -0.0014282505946070527   -0.010158607555185079   0.0012332221932410848   -0.00858414942695709   -0.028535635288322172   0.01504390687387442   0.0674281306561873   0.07127478826238344   0.04079239776627832   0.019066492088527343   -0.004416743864406959   -0.022614986263943544   -0.033490584054242586   -0.020253165610378564   0.010851808638533317   
T_sec   15.0   15.5   16.0   16.5   17.0   17.5   18.0   18.5   19.0   19.5   20.0   20.5   21.0   21.5   22.0   22.5   23.0   23.5   24.0   24.5   25.0   25.5   26.0   26.5   27.0   27.5   28.0   28.5   29.0   29.5   30.0   30.5   31.0   31.5   32.0   32.5   33.0   33.5   34.0   34.5   35.0   35.5   36.0   36.5   37.0   37.5   38.0   38.5   39.0   39.5   40.0   40.5   41.0   41.5   42.0   42.5   43.0   43.5   44.0   44.5   45.0   45.5   46.0   46.5   47.0   47.5   48.0   48.5   49.0   49.5   50.0   50.5   51.0   51.5   52.0   52.5   53.0   53.5   54.0   54.5   55.0   
U36   0.005751436165848036   0.0024579716130553207   0.0061230517490693725   0.0025640751127605894   0.006549932949247774   0.0026888439037646124   0.007052208472084463   0.0028351335588207814   0.007640825907643142   0.003017545112634061   0.008362576347013822   0.0032518262153039203   0.009256365180228187   0.003576861235672021   0.010427725457394092   0.004071326355789816   0.012037045943899649   0.004854429015463414   0.01434589570303486   0.006178684855491504   0.017949170124359717   0.008703904982778846   0.02430573215793733   0.014428032838223732   0.03812992056424229   0.032194040386101734   0.08685585734597444   0.16397567044187913   0.5008064770829885   0.7789867719091044   1.0   0.6824349486373552   0.14673853811495344   0.30508856413279334   0.1678859246154068   0.09920293887543158   0.09115930193582729   0.09690034937295858   0.04292695509068002   0.03776631302977294   0.042128624440437586   0.04133983926237015   0.03798315677265298   0.08264333076323363   0.113530383341221   0.1009342743530755   0.05983451916882404   0.034879460278990304   0.011323429001633458   0.030372076723179885   0.05460848716089455   0.05484581611017935   -0.06293794127014073   -0.21998806505863605   -0.35183773780971145   -0.22389017535402544   -0.07745897278263848   0.032043469557692876   0.024976472718563184   0.005321133603518579   0.042608497914506285   0.06183495614728437   0.04539262970221527   0.06124570181200069   0.03845467453352027   0.03233966548455601   0.01939517964551866   0.012898323377723014   -0.015579532632069997   -0.030113708913309552   -0.026081946608129833   0.01826102684791657   0.030153407955863704   0.05100702441882596   0.05664568383981666   0.04470068510606769   0.01591674773185453   0.004915508885332986   -0.00491102670427781   0.006742512789202372   -0.005849309996474424   
T_sec   15.0   15.5   16.0   16.5   17.0   17.5   18.0   18.5   19.0   19.5   20.0   20.5   21.0   21.5   22.0   22.5   23.0   23.5   24.0   24.5   25.0   25.5   26.0   26.5   27.0   27.5   28.0   28.5   29.0   29.5   30.0   30.5   31.0   31.5   32.0   32.5   33.0   33.5   34.0   34.5   35.0   35.5   36.0   36.5   37.0   37.5   38.0   38.5   39.0   39.5   40.0   40.5   41.0   41.5   42.0   42.5   43.0   43.5   44.0   44.5   45.0   45.5   46.0   46.5   47.0   47.5   48.0   48.5   49.0   49.5   50.0   50.5   51.0   51.5   52.0   52.5   53.0   53.5   54.0   54.5   55.0   
U37   0.004874868130419302   0.007461786380081644   0.00506371907610348   0.007912961823033407   0.005287740065614886   0.008457283268384243   0.005563011483882658   0.009098600320899234   0.005882698959562172   0.009865354229679213   0.00627520854954818   0.010812704854995954   0.006783768086235517   0.012025606807452682   0.007491739499150322   0.013674338444955102   0.00855662878752522   0.016047583661130106   0.01032370320943712   0.019805836639286586   0.013664543822040142   0.026625934795676497   0.021342652875996813   0.042472378392761065   0.047144213343072394   0.11450561881689467   0.27235324125061944   0.6075751981806535   0.7382781122322633   1.0   0.6495976544974924   0.27989977157985996   0.2670768394223075   0.05803776379120048   0.07668642683252276   0.07043842103597084   0.08490033655406608   0.02365325907644529   0.03279853173505026   0.023257430566001748   0.040383618849413015   0.04240004864803956   0.08996818319399207   0.10106063498085972   0.09053863378638   0.05428506777810838   0.026921360315239187   -0.022813156003997023   -0.0019860573387613174   -0.018609172261813578   0.07888523330276462   0.07457839082298567   -0.05842087564901551   -0.20052573536169732   -0.332160055841769   -0.2176529784746943   -0.06908489474743665   0.029812537242943037   0.04063634436792121   0.07921520062741351   0.06676028885596129   0.06074570413766316   0.06895128561070116   0.058088485521391994   0.048927916108230086   0.035025269372979756   0.02878739458946328   0.0008636101382033092   -0.023878649973971888   -0.03174551652162943   -0.03665965538430793   -0.012252720167019539   0.022567239071069712   0.05000803358422265   0.05272324981650387   0.043845795868919166   0.02433105823979508   0.007709221428803672   -0.007490484203366963   -0.03315155676166914   -0.02646203868824491   
T_sec   15.0   15.5   16.0   16.5   17.0   17.5   18.0   18.5   19.0   19.5   20.0   20.5   21.0   21.5   22.0   22.5   23.0   23.5   24.0   24.5   25.0   25.5   26.0   26.5   27.0   27.5   28.0   28.5   29.0   29.5   30.0   30.5   31.0   31.5   32.0   32.5   33.0   33.5   34.0   34.5   35.0   35.5   36.0   36.5   37.0   37.5   38.0   38.5   39.0   39.5   40.0   40.5   41.0   41.5   42.0   42.5   43.0   43.5   44.0   44.5   45.0   45.5   46.0   46.5   47.0   47.5   48.0   48.5   49.0   49.5   50.0   50.5   51.0   51.5   52.0   52.5   53.0   53.5   54.0   54.5   55.0   
U38   0.007194880196273437   0.00727093168297137   0.00757519901345605   0.007667056413746587   0.00800001943327903   0.008116601673005923   0.008492468630298943   0.008647983958175006   0.009075565210768575   0.009293311424668733   0.00979562557881564   0.010118506616500472   0.010718293086831372   0.011219893999914913   0.011987914838371742   0.0128077432224814   0.013858812268705965   0.015290649947053635   0.01691519872479221   0.019682425281439823   0.022736361179828374   0.02909492324248285   0.03723863814572131   0.058639512161985215   0.11142227516420784   0.3288060831981573   0.5541470651537257   0.7013197333787264   1.0   0.7348005255764577   0.4024229965736874   0.18842315872482943   0.05437178157813902   0.04151869847515176   0.06904060017505734   0.0658956906394322   0.030269602744914   0.01774663106096728   0.0227324508188144   0.03562491399604039   0.050670208282618576   0.08046551967031845   0.10038995814485384   0.08723400136210346   0.07207559611245887   0.01774193159999165   -0.01702510316940514   -0.020580897487551486   -0.026434350682664233   0.018256771846031604   0.10288459626701049   0.04935328577124291   -0.016660269361483022   -0.2083780018131781   -0.3480061966484596   -0.2202065193545286   -0.05745771304626804   0.051697207234719315   0.09947479213283802   0.09447927570211571   0.07936982615273985   0.072201482128895   0.06733829021950129   0.06470498574773431   0.04308826104863185   0.03281733346346383   0.00945803793629334   -0.013320753419179241   -0.02385465435895531   -0.037264415347005905   -0.04057032040823052   -0.008297805525248742   0.023799334047705907   0.05127141787846804   0.058902590179413315   0.05076632467509778   0.027719868140213523   0.007326089577068251   -0.028378542896183398   -0.018157375397966215   -0.00254828895921637   
T_sec   15.0   15.5   16.0   16.5   17.0   17.5   18.0   18.5   19.0   19.5   20.0   20.5   21.0   21.5   22.0   22.5   23.0   23.5   24.0   24.5   25.0   25.5   26.0   26.5   27.0   27.5   28.0   28.5   29.0   29.5   30.0   30.5   31.0   31.5   32.0   32.5   33.0   33.5   34.0   34.5   35.0   35.5   36.0   36.5   37.0   37.5   38.0   38.5   39.0   39.5   40.0   40.5   41.0   41.5   42.0   42.5   43.0   43.5   44.0   44.5   45.0   45.5   46.0   46.5   47.0   47.5   48.0   48.5   49.0   49.5   50.0   50.5   51.0   51.5   52.0   52.5   53.0   53.5   54.0   54.5   55.0   
U39   0.007116232590917669   0.006610194513245354   0.007492288303713133   0.006987262158138644   0.007927007852998718   0.007429011812985741   0.008438066284628796   0.007964648904519474   0.009060687198799882   0.00864681909576628   0.00985366092351433   0.009557499967997651   0.01092829695828869   0.010843224620926661   0.012472243684984008   0.012825126257102228   0.014930612610154279   0.01622770184591815   0.019402944483890926   0.02317326111155283   0.02956735219335956   0.04280437307717867   0.06889675419895203   0.1893788913436569   0.4184665952509351   0.4947505875845294   0.7082436881368653   1.0   0.64943398912067   0.2002788363907303   0.06975751952340754   -0.007650966998384594   0.01351591094014269   0.053888368440228165   0.0391510480293658   0.0050273756355870705   0.002272994118306549   0.021056205699627812   0.04259871199088739   0.048343217825538146   0.078236292669359   0.08373238129897075   0.08366567845606564   0.052010988199329485   -0.00586260897908075   -0.032754953680613895   -0.014292332986036122   -0.04043514334921253   0.008245662557166798   0.04179608508289733   0.10537788701956338   0.04381869293534568   0.013381225282633458   -0.20127745661450927   -0.3846941046390705   -0.19934413939824683   0.0026122609181676837   0.13522767197557373   0.1221301825103799   0.1052926212804338   0.06872545959710044   0.05695417030401409   0.04551156544130876   0.04728360908677949   0.029501912277962148   0.020255468007495975   -0.001625163311491897   -0.013339636026123551   -0.028881268815336904   -0.04033213796411278   -0.032867953982439226   -0.004510512697021892   0.019760225198849516   0.06068162387503675   0.054880455483226474   0.0438490457797766   0.013573587616304545   -0.006969574987306935   -0.013493885316808504   0.0012426953461827663   -0.005996704509727538   
T_sec   15.0   15.5   16.0   16.5   17.0   17.5   18.0   18.5   19.0   19.5   20.0   20.5   21.0   21.5   22.0   22.5   23.0   23.5   24.0   24.5   25.0   25.5   26.0   26.5   27.0   27.5   28.0   28.5   29.0   29.5   30.0   30.5   31.0   31.5   32.0   32.5   33.0   33.5   34.0   34.5   35.0   35.5   36.0   36.5   37.0   37.5   38.0   38.5   39.0   39.5   40.0   40.5   41.0   41.5   42.0   42.5   43.0   43.5   44.0   44.5   45.0   45.5   46.0   46.5   47.0   47.5   48.0   48.5   49.0   49.5   50.0   50.5   51.0   51.5   52.0   52.5   53.0   53.5   54.0   54.5   55.0   
U40   0.007980831748469893   0.007814047487160634   0.008417342631836317   0.00824299081392946   0.008928232619156304   0.008745356977431975   0.00953908575005175   0.009361594049337138   0.010310703988073752   0.010159457875609639   0.011329910179424543   0.011244318878498626   0.012753089332106265   0.012816870812608972   0.01490331826411194   0.01535270316017009   0.018552474925558882   0.020018894965549417   0.025896666936459384   0.03095360405072383   0.04687824088711044   0.07928056622872115   0.21247741488731064   0.388430583983902   0.5047917010519555   0.7200782737507133   1.0   0.7746441998283227   0.2883272055470097   0.081738737278081   -0.001050953472714886   -0.009581212747407905   0.031048670024106693   0.03361438189846489   0.0036571296970386805   -0.005171703312181484   0.01605811510864808   0.037610099836885194   0.04829976873889899   0.06758215295228734   0.08362409026989613   0.0839736813816099   0.05621540562441105   -8.157196858923556e-05   -0.03007775626053016   -0.027485855433628158   -0.0378541421737438   -0.019137478837766602   0.02668947740103601   0.05792564500411406   0.07572868256157522   0.04153823622037115   -0.009787650565141024   -0.2139107295487424   -0.34937632591732504   -0.1836644157864361   0.05141697184996078   0.1477386462999036   0.13301363516862658   0.09466091984644458   0.05683544202929842   0.04162091705033357   0.04877332420190216   0.05155797037481969   0.030093438977157473   0.010081788757395257   -0.0013495305498438769   -0.013761841201005393   -0.029454629323620026   -0.03903482291784978   -0.02790945881925816   -0.003916445641947018   0.026065610853578787   0.0523614131921194   0.04865425669847076   0.023658460266219566   -0.005614174895992891   -0.015320956942590024   -0.013102899153836106   -0.01014981352158701   -0.0004969678782037698   
sta_location:9.954407470807796,10.195376934105745,10.88763805139088,11.117428274821942,11.78168189571699,12.230373802586398,12.778226081389567,13.167069673597041,13.620212331284934,14.286174744506354,14.777752527750511,15.035098038965724,15.777376679288109,16.48764769092482,16.72186242550011,17.144221079823968,17.852370540865287,18.068475314900265,18.974232239443054,19.35416230828825,19.734845969624065,20.053247221560966,20.57289999505593,21.189559402790703,21.653692599945142,22.35840578846509,22.615598987053886,23.06145087337591,23.660425879008784,24.435498736633942,24.528702876426248,25.203370860454857,25.51645326142569,26.10543304385085,26.56432409230029,27.232059085455116,27.959527316300836,28.458293798242742,28.837991249181684,29.39892652460477,29.730360031458652,
rebuild_index:0,1,2,3,4,5,6,7,8,9,10,11,12,13,14,15,16,17,18,19,20,21,22,23,24,25,26,27,28,29,30,31,32,33,34,35,36,37,38,39,40,
use_index:0,1,2,3,4,5,6,7,8,9,10,11,12,13,14,15,16,17,18,19,20,21,22,23,24,25,26,27,28,29,30,31,32,33,34,35,36,37,38,39,40,
rebuild_locdata:9.954407470807796,10.195376934105745,10.88763805139088,11.117428274821942,11.78168189571699,12.230373802586398,12.778226081389567,13.167069673597041,13.620212331284934,14.286174744506354,14.777752527750511,15.035098038965724,15.777376679288109,16.48764769092482,16.72186242550011,17.144221079823968,17.852370540865287,18.068475314900265,18.974232239443054,19.35416230828825,19.734845969624065,20.053247221560966,20.57289999505593,21.189559402790703,21.653692599945142,22.35840578846509,22.615598987053886,23.06145087337591,23.660425879008784,24.435498736633942,24.528702876426248,25.203370860454857,25.51645326142569,26.10543304385085,26.56432409230029,27.232059085455116,27.959527316300836,28.458293798242742,28.837991249181684,29.39892652460477,29.730360031458652,
cut_start_time:15---cut_windows:40---reduction_v:10---move_time_window_all:0.0
move_time_window:0.0,0.0,0.0,0.0,0.0,0.0,0.0,0.0,0.0,0.0,0.0,0.0,0.0,0.0,0.0,0.0,0.0,0.0,0.0,0.0,0.0,0.0,0.0,0.0,0.0,0.0,0.0,0.0,0.0,0.0,0.0,0.0,0.0,0.0,0.0,0.0,0.0,0.0,0.0,0.0,0.0,
sta_noise_mean:0,0,0,0,0,0,0,0,0,0,0,0,0,0,0,0,0,0,0,0,0,0,0,0,0,0,0,0,0,0,0,0,0,0,0,0,0,0,0,0,0,
sta_noise_sigma:0,0,0,0,0,0,0,0,0,0,0,0,0,0,0,0,0,0,0,0,0,0,0,0,0,0,0,0,0,0,0,0,0,0,0,0,0,0,0,0,0,
add_noise_region_move_range:0,0,0,0,0,0,0,0,0,0,0,0,0,0,0,0,0,0,0,0,0,0,0,0,0,0,0,0,0,0,0,0,0,0,0,0,0,0,0,0,0,