T_sec   15.0   15.5   16.0   16.5   17.0   17.5   18.0   18.5   19.0   19.5   20.0   20.5   21.0   21.5   22.0   22.5   23.0   23.5   24.0   24.5   25.0   25.5   26.0   26.5   27.0   27.5   28.0   28.5   29.0   29.5   30.0   30.5   31.0   31.5   32.0   32.5   33.0   33.5   34.0   34.5   35.0   35.5   36.0   36.5   37.0   37.5   38.0   38.5   39.0   39.5   40.0   40.5   41.0   41.5   42.0   42.5   43.0   43.5   44.0   44.5   45.0   45.5   46.0   46.5   47.0   47.5   48.0   48.5   49.0   49.5   50.0   50.5   51.0   51.5   52.0   52.5   53.0   53.5   54.0   54.5   55.0   
U0   -0.0003249922278389579   0.002575745239223713   -0.00041414773411712556   0.002642721299443443   -0.0005228139471634435   0.0027118591577407116   -0.0006486776352447879   0.0027820124635570395   -0.000789707740431978   0.0028595081946624903   -0.0009468021921227833   0.0029430814979795315   -0.0011344091616394731   0.0030177540179745894   -0.0013589038336824675   0.0031148534207910304   -0.0015711564797398652   0.003271994358478946   -0.0017810144302151248   0.0034794535058385576   -0.0019948101655629367   0.0037509691663666386   -0.002214903892186728   0.0041016864050461704   -0.0024416290289853183   0.004553826798536903   -0.0026812367554554474   0.005133998917406624   -0.002946682747159589   0.005878081340853907   -0.0032584566154394844   0.006850421296700312   -0.003628530209295185   0.008177310329939796   -0.004052750593714847   0.010112280867943994   -0.004498482233552475   0.013180433546836009   -0.0048248773840059034   0.018683609127910405   -0.004306250086758035   0.031103777679762898   0.001805786517314839   0.07628854508422347   0.0957209119506371   0.6838808647114143   1.0   0.20297921262529497   0.06783799270966785   -0.050221269623614444   -0.07198757156684632   -0.14306017166722426   -0.09108278016227503   -0.09717433642778023   -0.10811616536707724   -0.10084865591897861   -0.018479285879709692   -0.026230172621779183   0.005081583598564041   0.013238050646197519   0.02460044758987997   0.0357146515542762   0.05307889199287738   0.08385283063562174   0.08918536312405709   0.0009658780983294819   0.01857657861156312   -0.03400279619168032   -0.04696112254127486   -0.05778591067933619   -0.04910738987585674   -0.08033979579358341   -0.07240689045086915   -0.1293899563035925   -0.08368460421936628   -0.03719842869503155   -0.01917121699467982   -0.005408026904105563   0.009933487037219154   0.007139993702905172   0.0067712144792479115   
T_sec   15.0   15.5   16.0   16.5   17.0   17.5   18.0   18.5   19.0   19.5   20.0   20.5   21.0   21.5   22.0   22.5   23.0   23.5   24.0   24.5   25.0   25.5   26.0   26.5   27.0   27.5   28.0   28.5   29.0   29.5   30.0   30.5   31.0   31.5   32.0   32.5   33.0   33.5   34.0   34.5   35.0   35.5   36.0   36.5   37.0   37.5   38.0   38.5   39.0   39.5   40.0   40.5   41.0   41.5   42.0   42.5   43.0   43.5   44.0   44.5   45.0   45.5   46.0   46.5   47.0   47.5   48.0   48.5   49.0   49.5   50.0   50.5   51.0   51.5   52.0   52.5   53.0   53.5   54.0   54.5   55.0   
U1   0.0015603782384554267   0.004301172582437781   0.0014444553501249764   0.0043356274685571175   0.0013142362030404524   0.0043686769684084924   0.001158399005080173   0.004384336820454786   0.000954500155200068   0.004365694204374685   0.0007155671997224954   0.004380738196298278   0.000512569031790444   0.0044507885063442675   0.00032649234896346766   0.004571291348316391   0.0001546968135090159   0.004746929837481431   -2.3402836470115827e-06   0.004990017834834393   -0.00014151667774478874   0.005310596658241126   -0.0002706963082916666   0.0057126893933461395   -0.00040317158670746204   0.006202280476249472   -0.0005623297138936344   0.00679169012571821   -0.0007619372184093442   0.0075237013125922896   -0.0009992010791362994   0.008472036587268278   -0.0012867912888734508   0.0097331690276177   -0.0016708320242750667   0.011478732440667435   -0.0021699568177522763   0.014168083030159102   -0.0026919069281501258   0.018985721702405266   -0.002754370341158941   0.02979154128532182   0.0005594649587714312   0.06691624944577365   0.04475351794917443   0.5324809293432733   1.0   0.30697974501905234   0.054511865877638434   -0.084817305785107   -0.1394640639193712   -0.21114362585666324   -0.1567704373151051   -0.1438067877778075   -0.14876255971308808   -0.13133072847524196   -0.0270067510500067   -0.026558485156558394   -0.0045575869664019756   0.013311426120545134   0.03573970159199731   0.11737808026920081   0.15976790404420999   0.17991302583666782   0.10091266757293467   -0.02561989820641696   -0.053413916716370205   -0.11549094254436511   -0.09438361102042878   -0.12848067713922187   -0.10479670206115144   -0.12064797234384618   -0.08806191570656627   -0.13482387488033362   -0.1107808402909856   -0.06517017711818639   -0.02676879975916767   -0.008728735012720045   -0.0031749669165376114   -0.00784950230492283   -0.015346445042587562   
T_sec   15.0   15.5   16.0   16.5   17.0   17.5   18.0   18.5   19.0   19.5   20.0   20.5   21.0   21.5   22.0   22.5   23.0   23.5   24.0   24.5   25.0   25.5   26.0   26.5   27.0   27.5   28.0   28.5   29.0   29.5   30.0   30.5   31.0   31.5   32.0   32.5   33.0   33.5   34.0   34.5   35.0   35.5   36.0   36.5   37.0   37.5   38.0   38.5   39.0   39.5   40.0   40.5   41.0   41.5   42.0   42.5   43.0   43.5   44.0   44.5   45.0   45.5   46.0   46.5   47.0   47.5   48.0   48.5   49.0   49.5   50.0   50.5   51.0   51.5   52.0   52.5   53.0   53.5   54.0   54.5   55.0   
U2   0.0053032552424106824   0.004091316528863088   0.005317756471741748   0.004032410462852643   0.005361941304768786   0.003996075178860727   0.0054365809170965   0.003984658651948475   0.00554949040951299   0.00399577845880773   0.00569912743080885   0.004029434599438492   0.005876100080739551   0.004068454521055155   0.006075781305676872   0.004112838223657718   0.006305215030804211   0.004169595184182555   0.006575335507575503   0.004236879357420103   0.006882175292159741   0.004294900969770484   0.007200704061669767   0.00431471525830309   0.0075304853379233585   0.00428994824210584   0.007878057671427642   0.004218753875969167   0.008277021219329725   0.004131483594452683   0.00879459273805668   0.004051709925870367   0.00949062836754387   0.003995425095254221   0.010479099239940191   0.004027418420437719   0.011991931505507316   0.004299139153403386   0.014529096274230605   0.005266201181607885   0.01945463122878102   0.00864551593486584   0.03165942248049778   0.023999375843514855   0.08233757866746061   0.20211677238097464   1.0   0.8823015675232507   0.1676220657626869   -0.0681473343897655   -0.19685136541320258   -0.2077613339023327   -0.19900215696278462   -0.1330549047691526   -0.12225599481003398   -0.08908072815308818   -0.040010090951096845   0.004011930908171743   -0.0074134220791893185   0.08474365736919116   0.21854788493959013   0.3430671121230809   0.24557885356506617   0.011013416718590989   -0.14643076511081426   -0.23767438617990605   -0.22393332384115094   -0.18379833369189974   -0.14986377505902512   -0.11661824037503211   -0.07505729600822612   -0.05844763804164055   -0.061183424198078144   -0.07396520867673201   -0.11683107559899593   -0.06723814805932471   -0.029427344698855704   -0.010512906574464645   -0.015093562048782424   -0.010652930005908511   -0.016867290881985207   
T_sec   15.0   15.5   16.0   16.5   17.0   17.5   18.0   18.5   19.0   19.5   20.0   20.5   21.0   21.5   22.0   22.5   23.0   23.5   24.0   24.5   25.0   25.5   26.0   26.5   27.0   27.5   28.0   28.5   29.0   29.5   30.0   30.5   31.0   31.5   32.0   32.5   33.0   33.5   34.0   34.5   35.0   35.5   36.0   36.5   37.0   37.5   38.0   38.5   39.0   39.5   40.0   40.5   41.0   41.5   42.0   42.5   43.0   43.5   44.0   44.5   45.0   45.5   46.0   46.5   47.0   47.5   48.0   48.5   49.0   49.5   50.0   50.5   51.0   51.5   52.0   52.5   53.0   53.5   54.0   54.5   55.0   
U3   0.0025595649742877623   0.002701329733800178   0.00256573474537907   0.0027296564597191586   0.002586226039227389   0.0027737432528067455   0.0026215907192183043   0.0028329659010956367   0.0026659753338555497   0.00290106378686742   0.0027178689901458113   0.0029790682883115444   0.0027783754148602564   0.003070697751963659   0.0028516924693384005   0.0031780149342026617   0.002936164563423491   0.0032913033398332   0.003014448388371889   0.003399624974993484   0.003084553536386416   0.0035044907326768275   0.0031448967658920393   0.0036065248248505328   0.003206298298855279   0.0037273407701794723   0.00328989213913714   0.0038857927704005982   0.0034083442193378853   0.0040939948947285865   0.003580463317880913   0.004386298943010288   0.0038476307614622274   0.004815024235803497   0.00427740099969081   0.0054831084007534924   0.005017956030607031   0.006619243212436763   0.0064212903511629265   0.008805326370225672   0.009475308064488206   0.013909364452537307   0.017868543368987782   0.03096068675302137   0.05595812280225737   0.18670347675565413   0.6940597502644289   1.0   0.3024506879126275   -0.049947997628812205   -0.10357954245334489   -0.13691551472039448   -0.11550039762165135   -0.08343534279163618   -0.0493597522592064   -0.05027337080490903   -0.02876429498144688   0.007330553398787734   0.018402505456680103   0.0864184597963588   0.20586617062785276   0.23635389877098825   0.11907077232660529   -0.07630433936694367   -0.17189023376360776   -0.1858027404939349   -0.1801613399686759   -0.11837268920456546   -0.07362813245716648   -0.04961925953841635   -0.029988530493621515   -0.016892308335865098   -0.020120375728076373   -0.040178170083914194   -0.08688352311021846   -0.07352816590122287   -0.013588562862610103   -0.005032002502798521   0.0007196047521669553   -0.001406452063003116   0.0013226662494207606   
T_sec   15.0   15.5   16.0   16.5   17.0   17.5   18.0   18.5   19.0   19.5   20.0   20.5   21.0   21.5   22.0   22.5   23.0   23.5   24.0   24.5   25.0   25.5   26.0   26.5   27.0   27.5   28.0   28.5   29.0   29.5   30.0   30.5   31.0   31.5   32.0   32.5   33.0   33.5   34.0   34.5   35.0   35.5   36.0   36.5   37.0   37.5   38.0   38.5   39.0   39.5   40.0   40.5   41.0   41.5   42.0   42.5   43.0   43.5   44.0   44.5   45.0   45.5   46.0   46.5   47.0   47.5   48.0   48.5   49.0   49.5   50.0   50.5   51.0   51.5   52.0   52.5   53.0   53.5   54.0   54.5   55.0   
U4   0.0032213458892220007   0.002939354345992127   0.0032908660856551817   0.003000316567881259   0.003364869521775409   0.003058322756161366   0.0034323106568275702   0.0031066480513018777   0.003493465418463165   0.0031475340731463167   0.0035458162591871694   0.0031760590958936344   0.003588599575960574   0.0031980218175728854   0.0036341763678805006   0.003221950231444161   0.0036843497686764692   0.00324784433750746   0.0037422383704200095   0.0032806258615638326   0.003812763898912171   0.0033189793452712705   0.0038951627511139425   0.0033666244252778085   0.0039985147755884146   0.003428807944309505   0.004130697731745661   0.0035118162757829265   0.0043064276077153215   0.003630739714026229   0.004548623267962121   0.0038047133069406126   0.0048974371125754465   0.004070805061175465   0.0054258972269005026   0.00450310180075605   0.006277266306481176   0.005246771950850364   0.007769255663120539   0.00666735788706764   0.01075330277366232   0.009840820264908786   0.018099658227995225   0.019156573017122768   0.04494985815062188   0.06983668434530887   0.34604960660406153   1.0   0.6513745355740018   0.028762538354163064   -0.12682588426032376   -0.12059669232294394   -0.10949900633940275   -0.0704102396845449   -0.009056653783255224   -0.004971550922712099   -0.02544002532169178   0.028181737587234235   0.12678074206670512   0.2692580325812447   0.2871511262056757   0.07357000241318017   -0.11354286888405744   -0.2036492967738087   -0.23810073597544607   -0.20097215714855576   -0.1692053352860119   -0.1025683447460069   -0.05206107031138997   -0.016902724152147074   -0.0018585363206771468   0.002569423772252741   -0.013690585875739732   -0.021216999677671357   -0.06463424269090116   -0.09559694382072612   -0.05050126398885186   -0.015093116864885013   -0.00044802519360041034   0.0031664822175459734   0.013405440201598392   
T_sec   15.0   15.5   16.0   16.5   17.0   17.5   18.0   18.5   19.0   19.5   20.0   20.5   21.0   21.5   22.0   22.5   23.0   23.5   24.0   24.5   25.0   25.5   26.0   26.5   27.0   27.5   28.0   28.5   29.0   29.5   30.0   30.5   31.0   31.5   32.0   32.5   33.0   33.5   34.0   34.5   35.0   35.5   36.0   36.5   37.0   37.5   38.0   38.5   39.0   39.5   40.0   40.5   41.0   41.5   42.0   42.5   43.0   43.5   44.0   44.5   45.0   45.5   46.0   46.5   47.0   47.5   48.0   48.5   49.0   49.5   50.0   50.5   51.0   51.5   52.0   52.5   53.0   53.5   54.0   54.5   55.0   
U5   0.004328567823610145   0.005264479977787969   0.004355045434315001   0.005344958303931756   0.004364902001473751   0.005417718860484816   0.0043661342277410186   0.0054912000329627045   0.004361973344138059   0.005568619097964862   0.004354674238276291   0.00565319333209073   0.0043445274926207774   0.005745359761548226   0.0043293363422680095   0.005846090073094164   0.004309844670870668   0.005960647207835626   0.004288144647317617   0.006092392565557013   0.004265200996692005   0.006247611919619225   0.004241362424166806   0.006433953267503908   0.00421877922133879   0.006661988980269201   0.004201329227034549   0.006949700973598857   0.004195499447175918   0.007318135754564449   0.004207390775228768   0.0078043297803012095   0.004250734470872592   0.008465344534745217   0.004356401612470292   0.00941878259919293   0.004603766598683674   0.010902308621373924   0.005181693678921962   0.013436912171756554   0.006598229665355773   0.018460278941769083   0.010662722521201474   0.03106851538298459   0.026735174713197262   0.08269888270511253   0.18480520777395607   0.913057130727163   1.0   0.15202168292111673   -0.17940289801955883   -0.16226893880484075   -0.12541303537323303   -0.08157361207947295   0.00793153592566008   0.02285638865998771   0.003684857544059757   0.10222983938895479   0.38220233190622366   0.4713058841123396   0.14082366479446548   -0.18633752202216128   -0.26161781321412664   -0.2730502822662816   -0.2778413577226301   -0.2099740215698437   -0.17065318229655477   -0.1396808576921178   -0.04579306537138991   0.0008232662204040906   -0.007789708611594667   -0.02012128512120772   -0.011830138653370124   -0.02292648968968393   -0.05456866351428352   -0.12793909410799   -0.09703637015208841   -0.0221078971892525   0.013866829082423489   0.014454961846022981   0.035006854196199894   
T_sec   15.0   15.5   16.0   16.5   17.0   17.5   18.0   18.5   19.0   19.5   20.0   20.5   21.0   21.5   22.0   22.5   23.0   23.5   24.0   24.5   25.0   25.5   26.0   26.5   27.0   27.5   28.0   28.5   29.0   29.5   30.0   30.5   31.0   31.5   32.0   32.5   33.0   33.5   34.0   34.5   35.0   35.5   36.0   36.5   37.0   37.5   38.0   38.5   39.0   39.5   40.0   40.5   41.0   41.5   42.0   42.5   43.0   43.5   44.0   44.5   45.0   45.5   46.0   46.5   47.0   47.5   48.0   48.5   49.0   49.5   50.0   50.5   51.0   51.5   52.0   52.5   53.0   53.5   54.0   54.5   55.0   
U6   0.0019695371168662926   0.002648479637338661   0.0019689585589884014   0.002684825781158872   0.001965381890757523   0.0027239033279615288   0.0019607179513607275   0.002766103431280921   0.0019547089527937483   0.0028115449064143126   0.0019482739035339754   0.002864392486733475   0.001942948175116047   0.002925065361657619   0.0019374316605436535   0.0029931959656989905   0.001932150220993585   0.003073670819689711   0.001929457354671156   0.003169744638958941   0.0019308660044030685   0.0032852751109989247   0.0019335517638753394   0.003420307187983537   0.0019393974127006215   0.0035871468394458334   0.001953020232457796   0.0037966431164830087   0.001979463365902535   0.004067669714975466   0.002028858050720055   0.004432011496418948   0.0021183063991377753   0.004941963271530953   0.00228228187486377   0.005693148390261935   0.0025860107982627646   0.006870559543802559   0.003175726334167401   0.008891432834915962   0.004423311303123426   0.012850591665949044   0.007505880139597613   0.022462066765110544   0.017637254421032273   0.05795906981866909   0.08578271777924834   0.4955835112360651   1.0   0.45530830781193965   -0.0903869309305623   -0.1068514110207775   -0.06949046968803493   -0.029183038064016186   0.026094821080500912   0.06086061992551294   0.0759886391921529   0.2687382118225358   0.46029156504376495   0.11465096425749255   -0.22262793651793672   -0.2316516034904943   -0.18570983840276892   -0.14482955702067343   -0.1405136054620177   -0.13912504217907676   -0.1115704497603501   -0.09869037724077585   -0.03281280855891363   0.0008353321956530019   -0.007380329354611981   -0.009034119873948324   0.007811600774600055   -0.008654290341689566   -0.0352237611327432   -0.09319027634280955   -0.08624730831530152   -0.01650260211595455   0.014504140523441482   0.03315587390049899   0.04639696807355145   
T_sec   15.0   15.5   16.0   16.5   17.0   17.5   18.0   18.5   19.0   19.5   20.0   20.5   21.0   21.5   22.0   22.5   23.0   23.5   24.0   24.5   25.0   25.5   26.0   26.5   27.0   27.5   28.0   28.5   29.0   29.5   30.0   30.5   31.0   31.5   32.0   32.5   33.0   33.5   34.0   34.5   35.0   35.5   36.0   36.5   37.0   37.5   38.0   38.5   39.0   39.5   40.0   40.5   41.0   41.5   42.0   42.5   43.0   43.5   44.0   44.5   45.0   45.5   46.0   46.5   47.0   47.5   48.0   48.5   49.0   49.5   50.0   50.5   51.0   51.5   52.0   52.5   53.0   53.5   54.0   54.5   55.0   
U7   0.004190494485149399   0.003168359343848087   0.004244451232556908   0.003164305931048525   0.004302431473609499   0.0031610264056617762   0.004366211050840932   0.0031560935686953773   0.004435632694725357   0.003149990367904531   0.004512056135107212   0.003143986098673702   0.004597964927386595   0.0031370188614436877   0.0046922581848825385   0.003129323899983866   0.004797756940921539   0.0031183501633088584   0.004915270482007552   0.00310587774250245   0.0050492154756002884   0.0030918663294040778   0.005203929954396534   0.0030784829588039325   0.005388578170874191   0.0030692119629010684   0.005612543903293164   0.0030689663630798685   0.005892638657238958   0.0030870738666262253   0.006253517778312006   0.0031375121104969227   0.0067321921328570705   0.003247482635272988   0.007396366431057885   0.003473964493534761   0.00837042480313941   0.003930829319099343   0.00989565860187958   0.004894385602200333   0.012534084853777673   0.007126946476458601   0.017851613213751092   0.013363364737548643   0.03185430533383285   0.03870089857116936   0.1005863602342153   0.3468797290899372   1.0   0.8013928516686583   -0.11957403133370952   -0.13837998050782677   -0.09334547952913737   -0.011868255624935879   0.03559093517691137   0.11661035944661458   0.2594504902843282   0.6258483694568046   0.4875188540844816   -0.2692417414167062   -0.4091406913190336   -0.28440540949502163   -0.20328702274247562   -0.14410913986749757   -0.12938455262321297   -0.15539135034971585   -0.14074928267217823   -0.09780889283920477   -0.06755253443530194   -0.01550254097069443   -0.021596799574362713   -0.001026982647224438   -0.0022496508568308955   -0.006774281357675316   -0.05268641971328776   -0.0775448498324436   -0.09930687894262662   -0.04772246608480888   0.022287406314081493   0.06499599665629201   0.049856444853599836   
T_sec   15.0   15.5   16.0   16.5   17.0   17.5   18.0   18.5   19.0   19.5   20.0   20.5   21.0   21.5   22.0   22.5   23.0   23.5   24.0   24.5   25.0   25.5   26.0   26.5   27.0   27.5   28.0   28.5   29.0   29.5   30.0   30.5   31.0   31.5   32.0   32.5   33.0   33.5   34.0   34.5   35.0   35.5   36.0   36.5   37.0   37.5   38.0   38.5   39.0   39.5   40.0   40.5   41.0   41.5   42.0   42.5   43.0   43.5   44.0   44.5   45.0   45.5   46.0   46.5   47.0   47.5   48.0   48.5   49.0   49.5   50.0   50.5   51.0   51.5   52.0   52.5   53.0   53.5   54.0   54.5   55.0   
U8   0.003763382211419697   0.004396519076641482   0.0037784616254665344   0.004451991823167116   0.0037935285372816224   0.004512682425892801   0.0038094433505812164   0.0045778902956538844   0.0038240059322980535   0.0046447269764101   0.003838998420822894   0.004718004595876648   0.0038527369253182303   0.004794601168291713   0.0038643241254728046   0.0048760039713662525   0.003876918805623388   0.004967025132815465   0.00389117237214798   0.005068568106046432   0.003909383205667095   0.005185561783635127   0.0039347100905175025   0.005322117704132098   0.003971442543048721   0.0054869683460467425   0.004027943392332622   0.0056926380973358025   0.004111924061063075   0.005949113184498085   0.004236897298377722   0.006281959097362348   0.004434628324330311   0.006737424628954452   0.004753881140911297   0.007388299107529175   0.005292604247224456   0.008383522602135181   0.006249915346872587   0.010037801184932927   0.008097158568379182   0.013152155963249142   0.012162893947146775   0.020304480277578505   0.023446691997139807   0.044105520719694716   0.07573398414386937   0.2585975230478239   0.8706085976071724   1.0   0.08242561659945848   -0.17716103989036672   -0.07151360765419024   0.004824922005192038   0.08222404623615251   0.2367643934162292   0.7418270980024164   0.8439640476295693   -0.19175651253449058   -0.5658453556933684   -0.36407449212584286   -0.2804020903252245   -0.16148236060866872   -0.1157613104525923   -0.0968178257063631   -0.18760222407934285   -0.14052920158994403   -0.09173893232145686   -0.10458559145181037   -0.05489543195558407   0.0050256115760722005   0.008376872760043702   0.007530420822354286   -0.02600839111205887   -0.05754059197645272   -0.05042201620012801   -0.10536843412319999   -0.09131724756415496   0.05064449454718916   0.03403745295551024   -0.015335140621493206   
T_sec   15.0   15.5   16.0   16.5   17.0   17.5   18.0   18.5   19.0   19.5   20.0   20.5   21.0   21.5   22.0   22.5   23.0   23.5   24.0   24.5   25.0   25.5   26.0   26.5   27.0   27.5   28.0   28.5   29.0   29.5   30.0   30.5   31.0   31.5   32.0   32.5   33.0   33.5   34.0   34.5   35.0   35.5   36.0   36.5   37.0   37.5   38.0   38.5   39.0   39.5   40.0   40.5   41.0   41.5   42.0   42.5   43.0   43.5   44.0   44.5   45.0   45.5   46.0   46.5   47.0   47.5   48.0   48.5   49.0   49.5   50.0   50.5   51.0   51.5   52.0   52.5   53.0   53.5   54.0   54.5   55.0   
U9   0.0005753603883942034   0.0015861383276816999   0.0005686144494860697   0.0016297644077336438   0.0005603607542428138   0.0016761184666539823   0.0005512974893114689   0.0017252891098722013   0.000541595485846694   0.0017773416255994995   0.0005319014617911238   0.0018361838439495243   0.0005241513481565324   0.0019008007339099138   0.0005184889118438453   0.001972645690196798   0.0005146483636988107   0.0020526591287240224   0.000515292448647031   0.002144120914416414   0.0005231841892198388   0.0022489507863558125   0.0005413523971028188   0.0023717887353100313   0.0005754668842595609   0.00251792763415888   0.0006335158854668739   0.002694766632610294   0.0007273706029604414   0.002914671312196018   0.0008773785627660649   0.0031914918292356535   0.0011161112608898713   0.003557350769318204   0.00150168430434247   0.00405583332687085   0.0021412986298319074   0.0047804752199978795   0.00325602228239902   0.005919826196547172   0.005340204674324226   0.007929511309220393   0.009690534445860356   0.012185017982841738   0.020709020181052192   0.02473920476005165   0.06222173646834423   0.10553573117489697   0.5565913257672599   1.0   0.3498773385833736   0.03160291410695085   -0.035657803355773815   0.11833068995830952   0.09232393626168271   0.7941991275779027   0.8416249329104316   -0.34762436672824004   -0.46308232029611573   -0.29717048514377453   -0.18753558853295102   -0.15282915360430338   -0.04247815358946312   -0.07008927458060286   -0.08798494298051163   -0.11045183579509663   -0.07500061768780532   -0.10551331124956498   -0.1105301914487899   -0.012394655580786909   0.03690093269136656   0.019327925210889038   -0.02425371832535682   -0.043836452105065   0.009986853406711606   -0.0647554106388414   -0.13293985532531113   -0.08639728215230245   -0.01067028966316655   -0.02020383214460094   -0.006017762271287737   
T_sec   15.0   15.5   16.0   16.5   17.0   17.5   18.0   18.5   19.0   19.5   20.0   20.5   21.0   21.5   22.0   22.5   23.0   23.5   24.0   24.5   25.0   25.5   26.0   26.5   27.0   27.5   28.0   28.5   29.0   29.5   30.0   30.5   31.0   31.5   32.0   32.5   33.0   33.5   34.0   34.5   35.0   35.5   36.0   36.5   37.0   37.5   38.0   38.5   39.0   39.5   40.0   40.5   41.0   41.5   42.0   42.5   43.0   43.5   44.0   44.5   45.0   45.5   46.0   46.5   47.0   47.5   48.0   48.5   49.0   49.5   50.0   50.5   51.0   51.5   52.0   52.5   53.0   53.5   54.0   54.5   55.0   
U10   0.0011567030374126609   0.00034749045904274766   0.0011948823343115088   0.0003405595270033775   0.0012345561323883353   0.0003321340937860288   0.0012778770600204196   0.00032286347324277743   0.001327211245753327   0.00031318347905741594   0.0013819093757349806   0.00030395692525030083   0.0014430477641540218   0.0002949703116531501   0.0015129925395560135   0.0002845068235724761   0.001592597702614085   0.0002770940312783494   0.001685955009914516   0.0002699388058886419   0.0017952082764873588   0.0002660654031482195   0.001926166073612381   0.0002693608928223056   0.0020857132867579896   0.0002791935877532787   0.0022818023022340033   0.0003024748134512281   0.0025282028909772397   0.00034655170911003735   0.0028487986519588337   0.0004261097397702371   0.003274358069618339   0.0005627368826352288   0.0038625574831113118   0.0007985151512287094   0.004708957728363998   0.001214122063127742   0.00601095130223414   0.001997162381003139   0.008180597105538812   0.003567606199088423   0.012241646198619493   0.007200053224794326   0.021551763930358004   0.018177560326798948   0.05346162422577294   0.0828180486847796   0.3931184725780392   0.7901140583391537   0.5203111561109844   0.09141128872175705   0.06920920375162969   0.1199459201436151   0.5727468549524649   1.0   0.06798310276656713   -0.5482790842055562   -0.36490259560224475   -0.21567700822175742   -0.14722242508297306   -0.09196193452780144   -0.06378848684864806   -0.08543272961854238   -0.07604079655342658   -0.05502611104316933   -0.09326990694907263   -0.09408110092404565   -0.05984200553216325   -0.006843805679378245   0.01616571407695213   -0.009288439833047002   -0.06424640862730441   -0.030123135942855626   -0.07082303319479441   -0.11533550375873704   -0.07655027769445072   -0.06527486505252826   -0.05245083152608229   -0.01825181567950735   -0.012066891615789683   
T_sec   15.0   15.5   16.0   16.5   17.0   17.5   18.0   18.5   19.0   19.5   20.0   20.5   21.0   21.5   22.0   22.5   23.0   23.5   24.0   24.5   25.0   25.5   26.0   26.5   27.0   27.5   28.0   28.5   29.0   29.5   30.0   30.5   31.0   31.5   32.0   32.5   33.0   33.5   34.0   34.5   35.0   35.5   36.0   36.5   37.0   37.5   38.0   38.5   39.0   39.5   40.0   40.5   41.0   41.5   42.0   42.5   43.0   43.5   44.0   44.5   45.0   45.5   46.0   46.5   47.0   47.5   48.0   48.5   49.0   49.5   50.0   50.5   51.0   51.5   52.0   52.5   53.0   53.5   54.0   54.5   55.0   
U11   0.002084579566923928   -0.00019276859817577566   0.0021618784460699244   -0.00023742604611132342   0.0022468226184712654   -0.00028555366279316434   0.002340812066403577   -0.00033746321730779023   0.002441616747152987   -0.00039515340778598405   0.002552263005390268   -0.0004581814029158321   0.002675852645826032   -0.0005259266431379389   0.002815562933210732   -0.0005988349383778032   0.002970563807106121   -0.0006804608535850802   0.0031482324790895293   -0.0007652541042929155   0.0033511008320341877   -0.0008595692200022166   0.0035868141591954422   -0.0009606558807973777   0.0038635042725490253   -0.001066518367161199   0.004194634831495154   -0.0011746744408560952   0.004598246742460122   -0.0012839326273989154   0.005097980840972725   -0.0013847512032884117   0.005739291870980077   -0.0014521787107415584   0.006590203085246019   -0.001458294935017362   0.007753796867310561   -0.0013397829457852076   0.009432097611312378   -0.0009468545655754564   0.01205544597170194   0.00010963564005530017   0.0166657266390411   0.0029844347707076355   0.026464887756025866   0.01235707498840251   0.057182790737768115   0.06515835337129725   0.3401253986000035   0.7880540028797995   0.5453129643773057   0.12121618800894357   0.12322439540137355   0.19946957642498298   1.0   0.8958198794860157   -0.3729314460901786   -0.5147049822198297   -0.3602323237618518   -0.18783522847855036   -0.1516469755195403   -0.0787412601094422   -0.09553131626789951   -0.09559853582110182   -0.06801709737126617   -0.04098502790547352   -0.11196849827872273   -0.07044730817916836   -0.05022977601497329   -0.00940514095501915   -0.002150442220397846   -0.04197641356397913   -0.10895873511637093   -0.05373488551245131   -0.1360491466694228   -0.09470363981792258   -0.049080400615358   -0.07530415381256936   -0.06868481943135595   -0.01116884066140734   -0.011974127842261659   
T_sec   15.0   15.5   16.0   16.5   17.0   17.5   18.0   18.5   19.0   19.5   20.0   20.5   21.0   21.5   22.0   22.5   23.0   23.5   24.0   24.5   25.0   25.5   26.0   26.5   27.0   27.5   28.0   28.5   29.0   29.5   30.0   30.5   31.0   31.5   32.0   32.5   33.0   33.5   34.0   34.5   35.0   35.5   36.0   36.5   37.0   37.5   38.0   38.5   39.0   39.5   40.0   40.5   41.0   41.5   42.0   42.5   43.0   43.5   44.0   44.5   45.0   45.5   46.0   46.5   47.0   47.5   48.0   48.5   49.0   49.5   50.0   50.5   51.0   51.5   52.0   52.5   53.0   53.5   54.0   54.5   55.0   
U12   -0.001425665142801907   -0.0014781830221161823   -0.0014187880077451119   -0.001473730047837704   -0.001409106460366186   -0.0014660780926303134   -0.001395897198107513   -0.0014559919326831345   -0.0013799716225490217   -0.0014428134012084732   -0.001359113899513082   -0.001424901184667353   -0.0013330597319327554   -0.0014022552830597744   -0.0013012760728008945   -0.0013734757166613087   -0.0012572131232394894   -0.001327835011787025   -0.0011956175097947526   -0.0012691200286243107   -0.0011196237765116993   -0.0011954488187056675   -0.0010246240569904421   -0.0011024726609388477   -0.0009051576096196569   -0.0009838587292359483   -0.000752265149227533   -0.0008297641982780981   -0.0005531314130547167   -0.0006257269905646569   -0.0002882666909263379   -0.0003499258009749851   7.331871282401049e-05   3.466377131859085e-05   0.0005844592155016269   0.0005915508298016227   0.0013388691136081666   0.0014375936954903325   0.0025166802365728983   0.0028089921967629555   0.0045003234907772145   0.005231474093672045   0.008223754381827625   0.010119543508681111   0.016557936455961215   0.022531091304054864   0.042781629972063535   0.07582160675454944   0.2581796796211063   0.6903069968486959   0.7164169157403022   0.42813467056860194   0.5399179724180082   1.0   0.8808894037653923   -0.08514558769637574   -0.5649113977161885   -0.3839468607837748   -0.2482958521175579   -0.16654184650574552   -0.10598896438668917   -0.10247662287748266   -0.1004638198257152   -0.046530188319568205   0.008026042152065004   -0.02170217970094016   -0.06085847506583342   -0.03363709548564946   -0.04984092712608784   -0.11218185835053587   -0.15934063195676507   -0.14923329596682833   -0.09956069703489501   -0.10334968377438816   -0.0682289447521892   0.007567178821961388   -0.00511221928924208   -0.0567389671658731   -0.03812972310055677   -0.01040525730035513   -0.022033387728681804   
T_sec   15.0   15.5   16.0   16.5   17.0   17.5   18.0   18.5   19.0   19.5   20.0   20.5   21.0   21.5   22.0   22.5   23.0   23.5   24.0   24.5   25.0   25.5   26.0   26.5   27.0   27.5   28.0   28.5   29.0   29.5   30.0   30.5   31.0   31.5   32.0   32.5   33.0   33.5   34.0   34.5   35.0   35.5   36.0   36.5   37.0   37.5   38.0   38.5   39.0   39.5   40.0   40.5   41.0   41.5   42.0   42.5   43.0   43.5   44.0   44.5   45.0   45.5   46.0   46.5   47.0   47.5   48.0   48.5   49.0   49.5   50.0   50.5   51.0   51.5   52.0   52.5   53.0   53.5   54.0   54.5   55.0   
U13   -0.003475886343462217   -0.0008229252506248551   -0.003534347805789861   -0.0007274252319217252   -0.003594936244481763   -0.0006210287138768204   -0.003659781674316087   -0.000502091543835839   -0.0037259853305528228   -0.00036799784489675234   -0.0037971782655067893   -0.00021780232800693461   -0.0038725917292161405   -4.809696952132262e-05   -0.003953237554696355   0.0001434013876478387   -0.0040402673476832495   0.000361531918322099   -0.004131864062812462   0.0006126846668359561   -0.004230191138835283   0.0009027039562318173   -0.004337132469062339   0.0012404161302415166   -0.004451463522983739   0.0016421624434887008   -0.004567593391786051   0.0021249830141986973   -0.004686321210990346   0.0027144714436826197   -0.004802821783331131   0.0034497002855222573   -0.00490594671515468   0.004387481075126405   -0.004974696674437505   0.005632883400226847   -0.004957787226472024   0.007351249277999434   -0.00475594327601271   0.009864675835736936   -0.004134337533393398   0.013841285810347617   -0.002472850081579986   0.02092327805232186   0.0022008459018612227   0.03627530636885437   0.018779224793601983   0.08690013623928634   0.14294173586692616   0.5917834328355754   0.6780678661091832   0.8495519836716943   1.0   0.9675186411381584   0.4040884999431239   -0.5069596230693385   -0.44790959014475284   -0.3249411963220195   -0.20298508864959822   -0.16665323623339592   -0.09612309909263336   -0.09380995233415346   -0.03086215713994333   -0.0036172439098654655   0.019737832093452406   -0.029258168808289357   -0.08810126982597355   -0.14613162298685697   -0.17777665352833927   -0.21748374469169499   -0.1720920355707441   -0.15637744947688526   -0.09260407774246475   -0.06257564048964476   0.04472399061096386   0.05216539830814493   0.03248233004658518   -0.04644878580949019   -0.038180651123094864   -0.058453469694310416   -0.08260847507580257   
T_sec   15.0   15.5   16.0   16.5   17.0   17.5   18.0   18.5   19.0   19.5   20.0   20.5   21.0   21.5   22.0   22.5   23.0   23.5   24.0   24.5   25.0   25.5   26.0   26.5   27.0   27.5   28.0   28.5   29.0   29.5   30.0   30.5   31.0   31.5   32.0   32.5   33.0   33.5   34.0   34.5   35.0   35.5   36.0   36.5   37.0   37.5   38.0   38.5   39.0   39.5   40.0   40.5   41.0   41.5   42.0   42.5   43.0   43.5   44.0   44.5   45.0   45.5   46.0   46.5   47.0   47.5   48.0   48.5   49.0   49.5   50.0   50.5   51.0   51.5   52.0   52.5   53.0   53.5   54.0   54.5   55.0   
U14   -0.002603079072994685   -0.0025339807272953367   -0.002586149747009258   -0.002513440162108446   -0.002564413519216339   -0.002487948619475862   -0.0025379958783854632   -0.002457793095846206   -0.002506430888348036   -0.0024217895865154358   -0.002469359514836333   -0.0023800995991626384   -0.0024256523589245267   -0.002330265654519742   -0.002373264426562705   -0.002271067728973152   -0.0023112452585450126   -0.0022011963290492907   -0.0022378194252292744   -0.00211907239686684   -0.002150943087393358   -0.0020180066990752605   -0.0020406073882450037   -0.00189218495922743   -0.0019056829288583836   -0.0017377693215903755   -0.0017377050462407846   -0.0015440502928772747   -0.0015246756501560298   -0.0012947945642861442   -0.001244624967313012   -0.0009640806759253548   -0.0008686855433258055   -0.000514451296461962   -0.00034559789897135466   0.00012231784859160434   0.0004166189139572972   0.0010713351265957782   0.0015923767719888482   0.0025765191766461294   0.0035436179922815397   0.0051751706719184295   0.007137693477621182   0.010253346542646171   0.014899643553728137   0.02242477683125733   0.037403101526117415   0.06765451570726277   0.18315533083420776   0.5106858996485732   0.8250627129172841   0.9693452694445097   1.0   0.8978851345203408   0.3058804803909042   -0.4921504066219542   -0.47506930866233227   -0.28338320822337826   -0.2144324846658328   -0.15223445366509972   -0.09494704256321249   -0.05645939426366543   -0.03272514779219563   0.004147813428633875   0.002646188831061364   -0.06872392924799997   -0.14650778253250563   -0.159156247980918   -0.1818553405904408   -0.20245258514172157   -0.18016520736199745   -0.13899991423218946   -0.06903651478964495   -0.01640151244066162   0.045864552925884726   0.06633120890476207   0.02179426860689591   -0.033359456704672844   -0.05624870849692839   -0.07248135143091003   -0.10397251149164446   
T_sec   15.0   15.5   16.0   16.5   17.0   17.5   18.0   18.5   19.0   19.5   20.0   20.5   21.0   21.5   22.0   22.5   23.0   23.5   24.0   24.5   25.0   25.5   26.0   26.5   27.0   27.5   28.0   28.5   29.0   29.5   30.0   30.5   31.0   31.5   32.0   32.5   33.0   33.5   34.0   34.5   35.0   35.5   36.0   36.5   37.0   37.5   38.0   38.5   39.0   39.5   40.0   40.5   41.0   41.5   42.0   42.5   43.0   43.5   44.0   44.5   45.0   45.5   46.0   46.5   47.0   47.5   48.0   48.5   49.0   49.5   50.0   50.5   51.0   51.5   52.0   52.5   53.0   53.5   54.0   54.5   55.0   
U15   -0.0036159604483130526   -0.0019464163982179802   -0.003646804905930474   -0.0018825225980122417   -0.0036767017042096998   -0.00181031596787821   -0.003705512161296359   -0.0017287352954846145   -0.0037348662825548657   -0.0016371273736460106   -0.003766417186992034   -0.0015350158638988364   -0.0037965350456007105   -0.001417516775348226   -0.0038246420173210184   -0.0012814464710003645   -0.0038503220565898476   -0.00112592060724586   -0.0038769969696327965   -0.0009471566076075262   -0.0038988059673760248   -0.00073738631393837   -0.003914824504123732   -0.0004907836705397114   -0.0039242912164954265   -0.00019758906133828834   -0.003924162006484964   0.0001565463114701941   -0.0039019798198436572   0.0005940672564563042   -0.003851455371870386   0.0011458574666310558   -0.0037491575566665583   0.0018622139975651199   -0.0035587780080661596   0.0028282489118079163   -0.0032148782604275116   0.004190499991342225   -0.0025860487815410407   0.0062290630501187294   -0.0013846968355278387   0.0095518139428677   0.0010843986543022381   0.015668888372605015   0.00687254598454499   0.029406618941333007   0.024277361355586353   0.07496742914959793   0.12315544694258604   0.5100921819557805   1.0   0.8811686265658938   0.852110788554177   0.9411742354270632   0.025929307525928313   -0.5435561267206694   -0.3186263376564724   -0.23594303865256613   -0.1650512111130227   -0.12025504438813522   -0.03271756489307363   -0.058899005504958316   -0.03124359528490402   -0.022345971791530403   -0.09002709651385972   -0.1361467660536456   -0.10819841714084442   -0.12497590125230486   -0.13574088916265248   -0.1591087698642238   -0.14175655600719167   -0.06328411151937521   -0.012891811273838273   -0.004449529042163568   0.074401865531246   0.0532229629191948   0.024159492008530715   -0.03782225859709563   -0.06544677970014913   -0.10342774293802397   -0.08229838551150917   
T_sec   15.0   15.5   16.0   16.5   17.0   17.5   18.0   18.5   19.0   19.5   20.0   20.5   21.0   21.5   22.0   22.5   23.0   23.5   24.0   24.5   25.0   25.5   26.0   26.5   27.0   27.5   28.0   28.5   29.0   29.5   30.0   30.5   31.0   31.5   32.0   32.5   33.0   33.5   34.0   34.5   35.0   35.5   36.0   36.5   37.0   37.5   38.0   38.5   39.0   39.5   40.0   40.5   41.0   41.5   42.0   42.5   43.0   43.5   44.0   44.5   45.0   45.5   46.0   46.5   47.0   47.5   48.0   48.5   49.0   49.5   50.0   50.5   51.0   51.5   52.0   52.5   53.0   53.5   54.0   54.5   55.0   
U16   -0.0031348841387612704   -0.002737908384352927   -0.0031219503066666136   -0.002692339383625423   -0.0031065574905482086   -0.0026401388281319096   -0.0030865661623702663   -0.0025814132032017083   -0.003064009364839256   -0.0025139164954697084   -0.0030367475699193884   -0.0024376487049359093   -0.0030047807776106632   -0.0023525033462709934   -0.0029657351921527878   -0.0022537734577962217   -0.0029196001650128307   -0.0021411386013786963   -0.0028640125489634316   -0.0020099992828139382   -0.0027966411423760253   -0.0018561848956495687   -0.0027107372566223514   -0.0016730629029746379   -0.0026059068959839284   -0.0014520781390808075   -0.002468695277335965   -0.0011802889147138988   -0.0022874783381344327   -0.000838101670932802   -0.002041134868504252   -0.0003951419846438811   -0.0016974752840286582   0.00019601198961052518   -0.0012031974746588574   0.0010046932628900013   -0.00046477356696120637   0.0021873529748848673   0.0007257925258082275   0.0040349095088717864   0.0027884697906456245   0.00719639378645   0.006757362532097167   0.013372690173872593   0.01577507931480644   0.028485021861110762   0.04411264329491148   0.09159261633410229   0.2706383042182765   0.7494311306386778   0.9385714569335559   0.8722156413309231   1.0   0.8453816999737082   -0.30721911606769364   -0.5054961419645174   -0.23828676890328324   -0.15775400316047974   -0.08671018642730022   -0.07516454567513328   -0.06174375002332803   -0.19578105645681607   -0.2097790594672513   -0.12941648417766657   -0.11815284862534903   -0.09896773328863694   -0.07979400568238586   -0.07188143758231294   -0.0729708393749692   -0.13474842685350832   -0.09448823665947638   -0.01629485281190338   -0.02152938259957025   0.021930103464952635   0.0899916662144974   0.023487675711447265   -0.00753160910146425   -0.06768469054158006   -0.094194047698122   -0.08683436589848681   -0.08504484376274574   
T_sec   15.0   15.5   16.0   16.5   17.0   17.5   18.0   18.5   19.0   19.5   20.0   20.5   21.0   21.5   22.0   22.5   23.0   23.5   24.0   24.5   25.0   25.5   26.0   26.5   27.0   27.5   28.0   28.5   29.0   29.5   30.0   30.5   31.0   31.5   32.0   32.5   33.0   33.5   34.0   34.5   35.0   35.5   36.0   36.5   37.0   37.5   38.0   38.5   39.0   39.5   40.0   40.5   41.0   41.5   42.0   42.5   43.0   43.5   44.0   44.5   45.0   45.5   46.0   46.5   47.0   47.5   48.0   48.5   49.0   49.5   50.0   50.5   51.0   51.5   52.0   52.5   53.0   53.5   54.0   54.5   55.0   
U17   -0.0031504541086153797   -0.0030023338424433237   -0.0031156493595590464   -0.0029571585949848592   -0.0030751640645265664   -0.002908516831512676   -0.0030321125609662817   -0.002852288550310775   -0.0029808075518300906   -0.0027902473620631646   -0.00292489800134296   -0.0027202547596633397   -0.0028599864677926463   -0.0026431721127390664   -0.002789080363272166   -0.0025536277178098464   -0.002704026356488983   -0.002452300496292196   -0.002607297232759486   -0.0023346173093345794   -0.002493124205394487   -0.002196495524505563   -0.0023567703719734844   -0.002032481164396771   -0.0021909071858339313   -0.0018327482456018196   -0.0019842490778794585   -0.0015846211694051126   -0.0017208932198056386   -0.001268812865416381   -0.0013813693087241618   -0.0008678293428584378   -0.0009350458921970383   -0.0003250112961312585   -0.0003035873178990533   0.0004493972761313755   0.0006279965159220204   0.0016104024973032317   0.002084420252361635   0.0034795106844547085   0.004553529512692433   0.006804438185673444   0.009248946187420923   0.013678177012834128   0.020028133688483447   0.03242658459690943   0.05743900596259359   0.14954770568872186   0.4096562716688941   0.720130548970863   0.9007949538069461   0.9649666370246917   1.0   0.6520184496160233   -0.24786888704716073   -0.4697262592167831   -0.2265326279585027   -0.12775789136278082   -0.08297922889278848   -0.09236681834233781   -0.16458958725969725   -0.2665769885654989   -0.2123997210873877   -0.13754630405225066   -0.11537145095733824   -0.09579063953983273   -0.058904084762895915   -0.05593369748881156   -0.08771764148781387   -0.12127760743025899   -0.08548955107240132   -0.029361565351237733   -0.014630733636811468   0.030555999219282235   0.0651988537538343   0.014281927402672572   -0.02929323127185009   -0.0727767153842265   -0.0906841180492381   -0.09342723089744039   -0.08786712934737517   
T_sec   15.0   15.5   16.0   16.5   17.0   17.5   18.0   18.5   19.0   19.5   20.0   20.5   21.0   21.5   22.0   22.5   23.0   23.5   24.0   24.5   25.0   25.5   26.0   26.5   27.0   27.5   28.0   28.5   29.0   29.5   30.0   30.5   31.0   31.5   32.0   32.5   33.0   33.5   34.0   34.5   35.0   35.5   36.0   36.5   37.0   37.5   38.0   38.5   39.0   39.5   40.0   40.5   41.0   41.5   42.0   42.5   43.0   43.5   44.0   44.5   45.0   45.5   46.0   46.5   47.0   47.5   48.0   48.5   49.0   49.5   50.0   50.5   51.0   51.5   52.0   52.5   53.0   53.5   54.0   54.5   55.0   
U18   -0.0022370765335709536   -0.0022301533908030092   -0.002192126290641727   -0.002184002590906066   -0.00214364395323861   -0.0021330571479519795   -0.0020896986466628583   -0.0020762849893299737   -0.0020292673145719782   -0.002012369468847089   -0.001960882007713635   -0.0019394157768777163   -0.001882051720493001   -0.0018559198990963828   -0.0017974629007478059   -0.0017704410225080549   -0.001706335931379235   -0.001671316699508608   -0.0015986958002382346   -0.0015538314599540027   -0.001470432249418266   -0.0014130213251911511   -0.001315958055492171   -0.0012413250892541845   -0.0011258603107084353   -0.0010279430415538124   -0.0008876479220197829   -0.0007567765640559743   -0.000580696307297504   -0.0004018060913590981   -0.00017438939376232234   7.610180489798725e-05   0.00038182081505819867   0.0007450558184180115   0.0011767015397718627   0.0017274169782272816   0.0023752012479968153   0.0032620966857456026   0.004317940508409447   0.005880339255588843   0.007810518571729491   0.010976196521210953   0.01525996071572706   0.02373962812814793   0.03851642282938181   0.09402512360757319   0.26356408757109   0.3982371607532116   0.45705458082119726   0.6941818833831592   0.9513928281268041   1.0   0.9390082659895909   0.35926254314263956   -0.2626484523148905   -0.2083562663795968   -0.132787380984726   -0.2744728446187974   -0.361769756656312   -0.3131120352748859   -0.26354231263120126   -0.2224406119071639   -0.1359391588005351   -0.06572817747459334   -0.041884877759209335   -0.004676551890895636   -0.004329279821543148   -0.04564769594354436   -0.07737126147895082   -0.10615614232216707   -0.07694703612972582   -0.03648000358701895   -0.014594126555683411   0.02954359806462211   0.027546200177004317   -0.012820968606505   -0.030970122716960077   -0.045277158236269474   -0.06618160301166226   -0.06979450722137424   -0.06223239962867711   
T_sec   15.0   15.5   16.0   16.5   17.0   17.5   18.0   18.5   19.0   19.5   20.0   20.5   21.0   21.5   22.0   22.5   23.0   23.5   24.0   24.5   25.0   25.5   26.0   26.5   27.0   27.5   28.0   28.5   29.0   29.5   30.0   30.5   31.0   31.5   32.0   32.5   33.0   33.5   34.0   34.5   35.0   35.5   36.0   36.5   37.0   37.5   38.0   38.5   39.0   39.5   40.0   40.5   41.0   41.5   42.0   42.5   43.0   43.5   44.0   44.5   45.0   45.5   46.0   46.5   47.0   47.5   48.0   48.5   49.0   49.5   50.0   50.5   51.0   51.5   52.0   52.5   53.0   53.5   54.0   54.5   55.0   
U19   -0.0010175964390511491   -0.002471715515342897   -0.0009362452789141132   -0.002468870915619601   -0.0008460885018428989   -0.0024625393437240828   -0.0007442473460084211   -0.002457622481436009   -0.0006438690177763976   -0.0024589513643165175   -0.0005322701671392205   -0.002456588607745474   -0.00040639191383365445   -0.0024503587826263107   -0.00026427796833061767   -0.0024396841286946956   -0.00010227697916472303   -0.002421474519606117   8.423823584064599e-05   -0.002393615659727292   0.00030116307140094816   -0.0023515640350173783   0.0005577003882793079   -0.0022884663022742493   0.0008649726359620817   -0.002195737661708419   0.0012389314625679832   -0.002058183621851287   0.0017039433722486983   -0.0018525125006455827   0.0022983258193927684   -0.0015356522713012922   0.0030853721975027458   -0.0010378725477864325   0.004164398131676677   -0.0002213958966293857   0.005737034235082063   0.0011979441632932418   0.008205995903749793   0.0038896970073605654   0.012564728454477148   0.009815856624145441   0.022138594465367603   0.02783954866541757   0.061894231789267264   0.1777595152252468   0.37639980692653685   0.35652983437787644   0.5048492398477753   0.6682290648329096   0.9416546210353026   0.9103679802438941   1.0   0.34734210441625896   -0.3482366633524607   -0.17239120380196238   -0.3743710700348204   -0.3834742734281522   -0.33146476444987955   -0.2477911460663558   -0.22614176195142272   -0.1550776709010384   -0.08138527651945322   -0.04600059046548986   -0.04411089070646484   -0.0007593996517978706   -0.015393217754150083   -0.046368369080175505   -0.08235955101041575   -0.10940248921145314   -0.07288944396828866   -0.023787584077593994   -0.02844452887560485   0.046828936698943266   0.010646428126019356   -0.01222765585628108   -0.020410391826545225   -0.017441992081628402   -0.07277576208424816   -0.059763377950994775   -0.06476886919498298   
T_sec   15.0   15.5   16.0   16.5   17.0   17.5   18.0   18.5   19.0   19.5   20.0   20.5   21.0   21.5   22.0   22.5   23.0   23.5   24.0   24.5   25.0   25.5   26.0   26.5   27.0   27.5   28.0   28.5   29.0   29.5   30.0   30.5   31.0   31.5   32.0   32.5   33.0   33.5   34.0   34.5   35.0   35.5   36.0   36.5   37.0   37.5   38.0   38.5   39.0   39.5   40.0   40.5   41.0   41.5   42.0   42.5   43.0   43.5   44.0   44.5   45.0   45.5   46.0   46.5   47.0   47.5   48.0   48.5   49.0   49.5   50.0   50.5   51.0   51.5   52.0   52.5   53.0   53.5   54.0   54.5   55.0   
U20   -0.0013770245259064466   -0.0012907061550388348   -0.0013471364089774583   -0.0012605502855359352   -0.00131232537038923   -0.0012255543287734325   -0.0012723147904379229   -0.001185718284751327   -0.0012266806199186609   -0.0011397976173215356   -0.0011730536045697704   -0.0010863263935652282   -0.0011109451000849747   -0.0010241522839022684   -0.0010373497783952856   -0.0009494124896856065   -0.0009485246588881456   -0.0008597283844852595   -0.0008417962561314962   -0.0007516336073925083   -0.0007118175992612215   -0.0006194675842045432   -0.0005512043057884615   -0.00045353190110392197   -0.00034600809767870266   -0.0002411094931532283   -8.211477334335732e-05   3.535545564740418e-05   0.00026806813692090327   0.0004068733575696161   0.0007461823669557751   0.00092023217011917   0.0014230476165048042   0.0016612293603475011   0.002429166756271928   0.0027880552596477506   0.004027194661627626   0.004638874346962611   0.0068165595077517745   0.00802864038490616   0.012465053714210238   0.01560088351039771   0.028047411212823645   0.04441694281469559   0.14929745457230115   0.3045918655381288   0.34345925710400954   0.4437458839804615   0.5400896265630806   0.6741681929574797   0.851552194512994   0.9851225857486795   1.0   0.21798862639474256   -0.3840680760751809   -0.46074707952483535   -0.39871203727136756   -0.33836331463071345   -0.2700069760625833   -0.1963084313660734   -0.15433142733327967   -0.11767035341820711   -0.06322320465297727   -0.046019030484848567   -0.050736235540275995   -0.04120662755172393   -0.0332324036949428   -0.04698879900666015   -0.08108668184434278   -0.10459845339318652   -0.055399799846040904   -0.03833173571704611   -0.0034857054997463385   0.02309990524759033   0.011892788063600035   0.003925772413144082   -0.005035982790111514   -0.031624559259265855   -0.05994973156267095   -0.06106522322781808   -0.05816254026733633   
T_sec   15.0   15.5   16.0   16.5   17.0   17.5   18.0   18.5   19.0   19.5   20.0   20.5   21.0   21.5   22.0   22.5   23.0   23.5   24.0   24.5   25.0   25.5   26.0   26.5   27.0   27.5   28.0   28.5   29.0   29.5   30.0   30.5   31.0   31.5   32.0   32.5   33.0   33.5   34.0   34.5   35.0   35.5   36.0   36.5   37.0   37.5   38.0   38.5   39.0   39.5   40.0   40.5   41.0   41.5   42.0   42.5   43.0   43.5   44.0   44.5   45.0   45.5   46.0   46.5   47.0   47.5   48.0   48.5   49.0   49.5   50.0   50.5   51.0   51.5   52.0   52.5   53.0   53.5   54.0   54.5   55.0   
U21   0.00012935128428670484   -0.002157184248222898   0.00021770350095248248   -0.0022027005408215557   0.00031605673464643374   -0.0022502253447421786   0.0004248853919927446   -0.0023006883405068766   0.0005467643555042652   -0.0023524825915774345   0.000684960984903863   -0.0024060442391255154   0.0008410515618741877   -0.002462264698220708   0.001018104508278537   -0.002520248642261075   0.0012211739255113033   -0.002578044745635696   0.0014586004074160087   -0.002634111080582095   0.0017368919301151704   -0.002685126588263228   0.002068264782883194   -0.002728738155816686   0.0024669591999781034   -0.0027605456811378303   0.0029578134587325464   -0.0027615720493882508   0.003576852870067812   -0.0027172972210774784   0.00437678414505997   -0.002588351144785351   0.0054531038303349925   -0.0022977156630350683   0.006971075326742589   -0.0017052350848644345   0.009259733933204742   -0.0004673924244265367   0.013068477984543825   0.002348188147516798   0.020586781163152754   0.01041650989804109   0.04281753115378002   0.06222692577339308   0.239159564829678   0.2969029366674646   0.35319759504497344   0.4586836365698138   0.5188851900015578   0.5508423287776253   0.8175395447171069   0.953079062311517   1.0   -0.029567820887496522   -0.688243293851962   -0.36962138435496034   -0.3450960763555848   -0.2541893094968294   -0.19715560054044984   -0.10953391406947244   -0.13757955977680894   -0.08645480646094328   -0.04574998317997732   -0.03997723491524807   -0.09499137891234903   -0.055153404322970175   -0.03472316710482883   -0.0358832776775663   -0.08014284272855565   -0.09136506374868882   -0.04716905769937677   -0.019950418465110215   -0.020539682998981085   0.033155954398204755   0.02214055421849097   0.011180562562844857   -0.021069733285121246   -0.015494753287195602   -0.062199073793754896   -0.053479928178320216   -0.0659844079402571   
T_sec   15.0   15.5   16.0   16.5   17.0   17.5   18.0   18.5   19.0   19.5   20.0   20.5   21.0   21.5   22.0   22.5   23.0   23.5   24.0   24.5   25.0   25.5   26.0   26.5   27.0   27.5   28.0   28.5   29.0   29.5   30.0   30.5   31.0   31.5   32.0   32.5   33.0   33.5   34.0   34.5   35.0   35.5   36.0   36.5   37.0   37.5   38.0   38.5   39.0   39.5   40.0   40.5   41.0   41.5   42.0   42.5   43.0   43.5   44.0   44.5   45.0   45.5   46.0   46.5   47.0   47.5   48.0   48.5   49.0   49.5   50.0   50.5   51.0   51.5   52.0   52.5   53.0   53.5   54.0   54.5   55.0   
U22   -0.0008171775222370299   -0.0009206029517018336   -0.000802667213520224   -0.0009095665583773302   -0.0007849311195515262   -0.0008950620168595486   -0.0007629900703426581   -0.0008761882603220996   -0.0007346689954035353   -0.0008495436955003173   -0.0006978246635357731   -0.0008152324840727008   -0.0006527483430628622   -0.0007723110231399562   -0.0005965760641511192   -0.0007165539338563663   -0.0005244089694176712   -0.000642736184348634   -0.00043171105779180166   -0.0005481220443883229   -0.00031437176458421883   -0.000423345178448847   -0.0001591240083661176   -0.0002549257508980754   4.8872942262216036e-05   -2.496816880286924e-05   0.0003325745709774146   0.00029567127429537624   0.0007292870234273261   0.0007534523053677683   0.0012993922447313644   0.0014266077109707919   0.002150543747774595   0.0024615349315479083   0.0034952145188578082   0.004158396025135067   0.005800533444152602   0.007229157400061884   0.01032827322236734   0.013868082699037797   0.02207864838761148   0.03653829816737987   0.10019425745377511   0.23391108439690447   0.3235405631765025   0.4045029767310698   0.5157625492613734   0.5437588525437207   0.556182985019986   0.7303519085050607   1.0   0.9471041254557794   0.42460473889408584   -0.33154610941404333   -0.5892098611547741   -0.37912923392365244   -0.26368882884947076   -0.1773672494073837   -0.13873520240273238   -0.12212339395065963   -0.11026534004813439   -0.08178835885572629   -0.08473493254656209   -0.11364365491783211   -0.10417902103179366   -0.0720279111813885   -0.06897796601679511   -0.062111861573286874   -0.06993235067670667   -0.06944323933903189   -0.04376774014474547   -0.033951431058567884   0.007192781296936584   0.04843117403463267   0.015579386074796269   -0.008453534077054554   -0.012290164689877238   -0.032329209923311335   -0.0654077959158065   -0.06656833643998238   -0.0176639945491567   
T_sec   15.0   15.5   16.0   16.5   17.0   17.5   18.0   18.5   19.0   19.5   20.0   20.5   21.0   21.5   22.0   22.5   23.0   23.5   24.0   24.5   25.0   25.5   26.0   26.5   27.0   27.5   28.0   28.5   29.0   29.5   30.0   30.5   31.0   31.5   32.0   32.5   33.0   33.5   34.0   34.5   35.0   35.5   36.0   36.5   37.0   37.5   38.0   38.5   39.0   39.5   40.0   40.5   41.0   41.5   42.0   42.5   43.0   43.5   44.0   44.5   45.0   45.5   46.0   46.5   47.0   47.5   48.0   48.5   49.0   49.5   50.0   50.5   51.0   51.5   52.0   52.5   53.0   53.5   54.0   54.5   55.0   
U23   -0.0010945106845585949   -0.0010028421922161788   -0.0011052764292171122   -0.0010147178864659595   -0.0011113555010851433   -0.0010212467986531891   -0.0011106776042826547   -0.0010228369213888372   -0.0011077913231806829   -0.0010210605898781284   -0.0010963298941892529   -0.0010081586414535434   -0.0010725366579814625   -0.0009809686181742091   -0.0010322710227972452   -0.0009359859773743189   -0.0009705282912989847   -0.0008647255392282545   -0.0008797532971246468   -0.000760088250340561   -0.0007515508285124531   -0.0006098803919143288   -0.0005684944128445876   -0.00039104185991203574   -0.00030858472687204886   -7.639837321109347e-05   6.160576559079404e-05   0.00038049965211424966   0.0005966241277648647   0.0010597760695656114   0.0013940790529522143   0.0021062714103320724   0.0026326473739473146   0.0038053043702135267   0.0046798989745199995   0.0067949069214582524   0.008418080136581184   0.012844737623765352   0.01662335624248577   0.029144935150615402   0.045962861209231765   0.14515309415662597   0.3110104642370457   0.3854560178426086   0.5590992701451898   0.6710237699679599   0.6718721488385249   0.7377356237429883   1.0   0.75712239546901   0.35110141322205235   0.5902876751182609   0.4584233259536664   -0.4394849893661593   -0.49345161939917337   -0.28328658190952993   -0.23099970000316772   -0.18330139026367248   -0.12658815560444955   -0.14723339703116914   -0.17752917325406914   -0.15673675257804962   -0.12195442422284106   -0.12486205937902811   -0.12834222372580809   -0.12651682645352835   -0.1291348790758517   -0.051437370352186096   -0.05851851463633132   -0.08059037236581564   -0.002989258915129017   -0.009708400949117586   0.009586201649365415   0.01769011755602335   -0.002102786137776651   -0.022620617710714955   -0.0269661927833358   -0.05114411774905844   -0.03132425403132787   -0.01437869658682512   0.0003814832415174096   
T_sec   15.0   15.5   16.0   16.5   17.0   17.5   18.0   18.5   19.0   19.5   20.0   20.5   21.0   21.5   22.0   22.5   23.0   23.5   24.0   24.5   25.0   25.5   26.0   26.5   27.0   27.5   28.0   28.5   29.0   29.5   30.0   30.5   31.0   31.5   32.0   32.5   33.0   33.5   34.0   34.5   35.0   35.5   36.0   36.5   37.0   37.5   38.0   38.5   39.0   39.5   40.0   40.5   41.0   41.5   42.0   42.5   43.0   43.5   44.0   44.5   45.0   45.5   46.0   46.5   47.0   47.5   48.0   48.5   49.0   49.5   50.0   50.5   51.0   51.5   52.0   52.5   53.0   53.5   54.0   54.5   55.0   
U24   -0.0015756757855386735   -0.0008519474842006903   -0.001635841929117604   -0.0008633726589496346   -0.0016940512908617945   -0.0008684186972561964   -0.0017506340069183837   -0.0008650306107528953   -0.0018039038800027618   -0.0008501838992921094   -0.0018521747128303193   -0.0008208154077904839   -0.001893120932483445   -0.0007717296829257168   -0.0019219545316584423   -0.0006974397901641016   -0.0019362610310855127   -0.0005915966827004412   -0.0019303849837071323   -0.00044345048346053497   -0.0018953217408579986   -0.00023622258405885005   -0.0018151850032658977   5.452351159853339e-05   -0.001668448486575385   0.00046412816874530447   -0.0014197584610198557   0.0010512133998714505   -0.0010077329516979883   0.0019123757674267604   -0.0003229561330152098   0.0032253003871608103   0.0008517377179169288   0.005342843847703671   0.003007038104385083   0.00910791327860714   0.0075080901958016685   0.017080754504552747   0.019861605966797972   0.044041005246399596   0.10199140559299007   0.26812276768601734   0.3343091300556228   0.503362789739562   0.6387931370946168   0.6478091522808501   0.7487145374880293   1.0   0.2931918982422053   -0.1022124535806516   0.35211500266510676   0.5799026063948743   0.5805871097673709   -0.3177294609955257   -0.3955399390883749   -0.23794476605627415   -0.2000899469678515   -0.1463701074355627   -0.1664579077090213   -0.17487824694264348   -0.16038719199160323   -0.12367279293669693   -0.0993817080592971   -0.12755280696824303   -0.1505156240451926   -0.10720175541422615   -0.07954140657917362   -0.10464954992309734   -0.03252454681249421   0.0033840909788243273   0.009993036593414285   -0.039317878129345556   -0.009256093438137566   0.009146272871373448   -0.01716507275667245   -0.02463572593228551   -0.01859037705109982   0.02835286753575654   0.007028915356475547   -0.02269377606190007   -0.020165046151910924   
T_sec   15.0   15.5   16.0   16.5   17.0   17.5   18.0   18.5   19.0   19.5   20.0   20.5   21.0   21.5   22.0   22.5   23.0   23.5   24.0   24.5   25.0   25.5   26.0   26.5   27.0   27.5   28.0   28.5   29.0   29.5   30.0   30.5   31.0   31.5   32.0   32.5   33.0   33.5   34.0   34.5   35.0   35.5   36.0   36.5   37.0   37.5   38.0   38.5   39.0   39.5   40.0   40.5   41.0   41.5   42.0   42.5   43.0   43.5   44.0   44.5   45.0   45.5   46.0   46.5   47.0   47.5   48.0   48.5   49.0   49.5   50.0   50.5   51.0   51.5   52.0   52.5   53.0   53.5   54.0   54.5   55.0   
U25   -0.0022366156823680383   -0.0014158425516494753   -0.0023361136189902266   -0.001448752159505312   -0.0024365338127564627   -0.0014739817616962149   -0.0025370179719350935   -0.001488965407011215   -0.0026343962177085983   -0.0014883212908952668   -0.0027269564286056657   -0.0014698285636268588   -0.002813236385288091   -0.0014277603191614875   -0.0028886084515921413   -0.001353401247365844   -0.002948358715981718   -0.0012375228478644254   -0.0029866561490719786   -0.001067136199833636   -0.002995375389466682   -0.0008253140568666652   -0.0029578861027349424   -0.0004765823268397376   -0.002846246052051143   2.8647152628853944e-05   -0.0026145073150864407   0.0007724562635413754   -0.002183039440665892   0.001900479772153369   -0.0013949237545759303   0.003697960715760295   8.94674990125748e-05   0.0068037822549086675   0.0031424608820411924   0.01298689764613913   0.01082054535119016   0.030172551474817528   0.04857630964234787   0.15200231964452557   0.2603659355302148   0.3819772800077228   0.5711955924808423   0.6859479195680754   0.7998478226957776   1.0   0.09394513389350785   -0.24240825225022292   0.05703650169913552   0.17123352799492905   0.48314968315086443   0.6754163646231156   0.5499345291699437   -0.2621167235212789   -0.3696934976519749   -0.2552315240143984   -0.24483949801526822   -0.2171910467130342   -0.15470321558018918   -0.11562160875569635   -0.13394919950630024   -0.12786112574301492   -0.1288891412717521   -0.12319556876362468   -0.07282302784862478   -0.09956307558900782   -0.0772944881762832   -0.05166121135625301   -0.04094336578936798   -0.005455707892995266   -0.00818772754326712   -0.05777011437482406   -0.023141368429890813   -0.002872789066257152   -0.006290998766059323   0.06721022045373092   0.060414427951269854   0.020559435617438816   -0.025211705942900012   -0.0556537733744295   -0.02932498564956312   
T_sec   15.0   15.5   16.0   16.5   17.0   17.5   18.0   18.5   19.0   19.5   20.0   20.5   21.0   21.5   22.0   22.5   23.0   23.5   24.0   24.5   25.0   25.5   26.0   26.5   27.0   27.5   28.0   28.5   29.0   29.5   30.0   30.5   31.0   31.5   32.0   32.5   33.0   33.5   34.0   34.5   35.0   35.5   36.0   36.5   37.0   37.5   38.0   38.5   39.0   39.5   40.0   40.5   41.0   41.5   42.0   42.5   43.0   43.5   44.0   44.5   45.0   45.5   46.0   46.5   47.0   47.5   48.0   48.5   49.0   49.5   50.0   50.5   51.0   51.5   52.0   52.5   53.0   53.5   54.0   54.5   55.0   
U26   -0.0011209597144709387   -0.003166770574665781   -0.001138575993388266   -0.003302319010951488   -0.0011443626364861046   -0.0034364041121299977   -0.001139228812696722   -0.003573473231552615   -0.0011185724197278306   -0.0037080115137429295   -0.001075421345100771   -0.003835041438538938   -0.0010080184962881398   -0.003957532687177322   -0.0009098463452774113   -0.0040722612477716216   -0.0007724515232234408   -0.0041699509176445606   -0.0005819102202812851   -0.004242407333251392   -0.00031880777049382326   -0.004275383940256547   4.57709479539361e-05   -0.0042426641365714175   0.0005567590407473831   -0.004105389603211342   0.0012792755303808363   -0.0037906868885403972   0.002343440958874853   -0.0031624596194349667   0.003975330425985726   -0.0019269857945528614   0.006678176828613517   0.000632869949163272   0.011751961943034801   0.006800247965359194   0.024193515422866012   0.03056083351886976   0.09936168164074974   0.1969614395756939   0.32445419685367616   0.4788628424032117   0.6749210303872367   0.7905852637225544   1.0   0.3584346445280301   -0.2688759887403533   -0.017569061992627005   0.10774050269014415   0.3059388668801694   0.5123693601836835   0.7109332492082492   0.4714556463548055   -0.21787355576205172   -0.4056860919759347   -0.28103156674900787   -0.2730008339814225   -0.18928977640557226   -0.13318045460564898   -0.10941993435417194   -0.13960429224013257   -0.13256722600939783   -0.11694854927393145   -0.07611098976276824   -0.10395628725055155   -0.07517761495550727   -0.043325353221047934   -0.08738554065955174   -0.09773168063491447   -0.003537217434837397   -0.014853873836243044   -0.042988609640698255   -0.01702401156871479   0.017080335788645026   0.06190769689393614   0.08384944312137176   0.046444657600810714   0.017439833454439783   -0.04336461361884747   -0.04402611277233823   -0.016130281052541082   
T_sec   15.0   15.5   16.0   16.5   17.0   17.5   18.0   18.5   19.0   19.5   20.0   20.5   21.0   21.5   22.0   22.5   23.0   23.5   24.0   24.5   25.0   25.5   26.0   26.5   27.0   27.5   28.0   28.5   29.0   29.5   30.0   30.5   31.0   31.5   32.0   32.5   33.0   33.5   34.0   34.5   35.0   35.5   36.0   36.5   37.0   37.5   38.0   38.5   39.0   39.5   40.0   40.5   41.0   41.5   42.0   42.5   43.0   43.5   44.0   44.5   45.0   45.5   46.0   46.5   47.0   47.5   48.0   48.5   49.0   49.5   50.0   50.5   51.0   51.5   52.0   52.5   53.0   53.5   54.0   54.5   55.0   
U27   -0.002944639786382826   -0.002092207682851281   -0.00307099635780743   -0.002142483819158844   -0.003196729194026739   -0.0021823457612334986   -0.003320963586898844   -0.002212962738542413   -0.003446986151136133   -0.0022309787512636435   -0.0035687820699361575   -0.0022288764767209486   -0.0036829130400069655   -0.00220045065445095   -0.0037858108436713634   -0.002138928755534074   -0.003871910936558311   -0.002031380601502602   -0.00393180780948864   -0.001861732231922121   -0.0039527875643764684   -0.00160736229365435   -0.003913202767504407   -0.0012262709597280206   -0.00377322305684089   -0.0006564715091476767   -0.003467157274950494   0.00021349471446805574   -0.002866074280160706   0.0015931400280979307   -0.0017038713007317685   0.0039261561920450995   0.0006638947884532935   0.008349896470506903   0.006229491676036855   0.019068890045300105   0.026146384358552252   0.07786771852836   0.16779393816959298   0.28561574267761425   0.44931054449498575   0.6852351891443969   0.8743304134026921   1.0   -0.03959780560370164   -0.28373142619035746   0.014470598044833765   0.09913492262651301   0.25532985570933353   0.3056207546221942   0.45358397341952655   0.525031314075695   0.360729850681737   -0.2639267423260045   -0.3910130612362621   -0.3138021776730936   -0.23249430296138057   -0.15857430722483834   -0.13925377899544716   -0.13025173519121452   -0.15519830437534662   -0.11141579328080298   -0.0580058486142856   -0.11137897744576983   -0.05072241599890183   0.009819513944599881   -0.03993925516364639   -0.08962387422163208   -0.09821760983477687   -0.053465307348440204   -0.017681522245190647   -0.0623177980592272   -0.005525271146527988   0.09425809706929453   0.06540355403644851   0.035903879880633184   0.014025102691370715   -0.024449033153597963   -0.03431581407240975   -0.03191908068316573   0.0021304185642266192   
T_sec   15.0   15.5   16.0   16.5   17.0   17.5   18.0   18.5   19.0   19.5   20.0   20.5   21.0   21.5   22.0   22.5   23.0   23.5   24.0   24.5   25.0   25.5   26.0   26.5   27.0   27.5   28.0   28.5   29.0   29.5   30.0   30.5   31.0   31.5   32.0   32.5   33.0   33.5   34.0   34.5   35.0   35.5   36.0   36.5   37.0   37.5   38.0   38.5   39.0   39.5   40.0   40.5   41.0   41.5   42.0   42.5   43.0   43.5   44.0   44.5   45.0   45.5   46.0   46.5   47.0   47.5   48.0   48.5   49.0   49.5   50.0   50.5   51.0   51.5   52.0   52.5   53.0   53.5   54.0   54.5   55.0   
U28   -0.004036279696062754   -0.001020307016244674   -0.004223309777838591   -0.0009954340460360733   -0.004421703745303248   -0.0009523009275384117   -0.004623572363095164   -0.0008892548763978894   -0.004837957154839089   -0.0008021778064354381   -0.00506236814525819   -0.000680729095437463   -0.005290939878600988   -0.0005172359518441192   -0.005526866208278444   -0.00029908573064140213   -0.00576907623034229   -9.401029456077568e-06   -0.006010366802027404   0.0003773809897873275   -0.006247706838552665   0.0008992798891945132   -0.006463314573913182   0.0016109784524547567   -0.0066321123999637105   0.0026121116133760156   -0.006697027599147865   0.004068590242681073   -0.006531839429156385   0.0063037905329828186   -0.005838972628188382   0.010047311529969247   -0.0037254135904492007   0.017432715967806642   0.0035887754554599334   0.04043299420367355   0.05686795830964789   0.1716382019910442   0.237525768169181   0.4901121298348337   0.7007726876250289   1.0   0.19791293045321384   -0.34780213994141396   -0.006512647562488086   0.04883275995529808   0.19774062076219334   0.1941957620348242   0.2518403724060073   0.19623199738227687   0.28229095046098485   0.3803263668215661   0.25038039482623975   -0.2754909996433395   -0.3348856985114537   -0.2286309121409255   -0.1835864599496019   -0.16394168907236434   -0.12678352446593327   -0.10232738847442459   -0.05868866935431312   -0.08942078590823997   -0.04271964604686538   0.007202601373162374   -0.011683499144141973   -0.03962401844935055   -0.04967443813167321   -0.09408202671437982   -0.1358923196769936   -0.10312063097148422   -0.0033679517535791185   0.060254600447376454   0.08735435872456704   0.06056618425784925   0.03861186994967424   -0.005279898510086241   0.0033538841197081593   0.00020057164769455787   0.0031978570807408954   -0.023605612693297678   -0.020116722055912636   
T_sec   15.0   15.5   16.0   16.5   17.0   17.5   18.0   18.5   19.0   19.5   20.0   20.5   21.0   21.5   22.0   22.5   23.0   23.5   24.0   24.5   25.0   25.5   26.0   26.5   27.0   27.5   28.0   28.5   29.0   29.5   30.0   30.5   31.0   31.5   32.0   32.5   33.0   33.5   34.0   34.5   35.0   35.5   36.0   36.5   37.0   37.5   38.0   38.5   39.0   39.5   40.0   40.5   41.0   41.5   42.0   42.5   43.0   43.5   44.0   44.5   45.0   45.5   46.0   46.5   47.0   47.5   48.0   48.5   49.0   49.5   50.0   50.5   51.0   51.5   52.0   52.5   53.0   53.5   54.0   54.5   55.0   
U29   -0.0018461217989992527   -0.004122494007715686   -0.0018549323072357391   -0.004286468180982329   -0.0018470432948087061   -0.00445358529141894   -0.0018195744550482877   -0.004625041112410281   -0.0017680793221469277   -0.0047985440779655004   -0.0016839582586576872   -0.0049705812290529415   -0.0015573302242027904   -0.005139963714549122   -0.0013756047254587062   -0.005303920688534845   -0.0011180187659652425   -0.0054534952687108505   -0.0007578052622782804   -0.005580600641351752   -0.0002514207213894413   -0.005664126510350273   0.0004706395778132713   -0.0056676126342823634   0.0015297543993690284   -0.005522968295916483   0.00314193839455209   -0.005059850736074047   0.005772070379732569   -0.003871959475621738   0.01052810420016712   -0.0006937630536636316   0.02099267657446176   0.010607410347785284   0.06296527790353733   0.10189933439669319   0.24230448740229338   0.41371161887593316   1.0   0.9988278209147644   -0.08393064498542803   -0.21845670742918247   -0.02082565173942353   0.14262861070063626   0.18437695387944406   0.24577788668543457   0.18080823555000877   0.12835595218010254   0.13378161335357913   0.18664497537542632   0.2120103436268274   0.33162788816417443   0.16625899337549868   -0.23099502841837957   -0.34039786578097386   -0.29947953777889136   -0.2516773001535864   -0.13258253031513162   -0.07379715811304154   -0.09328251391301493   -0.021229063542475186   0.028363327338795787   -0.005078851324077312   -0.0326493434453492   -0.03298090725921129   -0.05442091041997275   -0.08977628023071887   -0.14690769409007398   -0.13178425938106988   -0.02992717790705339   0.056152452478895325   0.0870683416429902   0.0660109420246366   0.04310067530866265   0.02442886153763743   0.035038840945833295   0.037930206214184234   0.003702364701252626   -0.02661923374618367   -0.02795366523218948   -0.00844161287178485   
T_sec   15.0   15.5   16.0   16.5   17.0   17.5   18.0   18.5   19.0   19.5   20.0   20.5   21.0   21.5   22.0   22.5   23.0   23.5   24.0   24.5   25.0   25.5   26.0   26.5   27.0   27.5   28.0   28.5   29.0   29.5   30.0   30.5   31.0   31.5   32.0   32.5   33.0   33.5   34.0   34.5   35.0   35.5   36.0   36.5   37.0   37.5   38.0   38.5   39.0   39.5   40.0   40.5   41.0   41.5   42.0   42.5   43.0   43.5   44.0   44.5   45.0   45.5   46.0   46.5   47.0   47.5   48.0   48.5   49.0   49.5   50.0   50.5   51.0   51.5   52.0   52.5   53.0   53.5   54.0   54.5   55.0   
U30   -0.0024754366417151434   -0.0030530177960726387   -0.002531308093481266   -0.0031549504785735065   -0.002578509401880162   -0.0032533917724645914   -0.0026142043654472247   -0.0033462372568448403   -0.0026331569199401048   -0.0034317835404081578   -0.002632622463798681   -0.003506793052537537   -0.0026048559853311436   -0.003567700798822106   -0.0025403670868784783   -0.003604082231036653   -0.0024243944618838847   -0.003606185786482757   -0.002235391705990093   -0.003560206034887953   -0.0019432165114888899   -0.0034338499259938034   -0.0014920874655308038   -0.0031818061380908895   -0.0007873890121356027   -0.0027015869563323767   0.0003591890050500812   -0.001795346939846345   0.0023381947671781244   3.216796536383336e-05   0.0061588499175879345   0.0042808078336774354   0.015331473395486465   0.018577282678380914   0.05997708294836707   0.11498155926846769   0.23878511787102377   0.48111487331557545   1.0   0.6644031389818783   -0.16119266334517554   -0.17373784172215115   0.03724850224741729   0.13881851884538696   0.18762298118334542   0.20901205771517206   0.14337069454082388   0.10444130456102133   0.12612376583728194   0.15479974607539318   0.1810982713976916   0.27767791503651534   0.14683978623805716   -0.1962493630870225   -0.315997863591833   -0.2795250214795458   -0.2192404181309589   -0.11213098328515271   -0.07911692957800742   -0.07060724568444543   -0.0037007640740344926   0.020769612982731656   -0.011056552706722483   -0.02714501482643606   -0.03358469685486391   -0.05210558883219233   -0.08808449085095267   -0.12667644106876808   -0.0910046060065295   -0.023271898712608517   0.040367922638387704   0.0708198062224253   0.054859669664396836   0.036138526278759665   0.02683361391932101   0.03569811339080084   0.029788650167632068   -0.0032689725017266413   -0.022268758854033666   -0.023078862453691437   -0.011135961730622914   
T_sec   15.0   15.5   16.0   16.5   17.0   17.5   18.0   18.5   19.0   19.5   20.0   20.5   21.0   21.5   22.0   22.5   23.0   23.5   24.0   24.5   25.0   25.5   26.0   26.5   27.0   27.5   28.0   28.5   29.0   29.5   30.0   30.5   31.0   31.5   32.0   32.5   33.0   33.5   34.0   34.5   35.0   35.5   36.0   36.5   37.0   37.5   38.0   38.5   39.0   39.5   40.0   40.5   41.0   41.5   42.0   42.5   43.0   43.5   44.0   44.5   45.0   45.5   46.0   46.5   47.0   47.5   48.0   48.5   49.0   49.5   50.0   50.5   51.0   51.5   52.0   52.5   53.0   53.5   54.0   54.5   55.0   
U31   -0.0012471226435797349   -0.0034906326671653542   -0.0012286672897279514   -0.003612415244772219   -0.0011939692311214156   -0.003732752654323313   -0.0011395059587869757   -0.003854542685378145   -0.0010619280681476964   -0.003974074641345834   -0.0009533400143349152   -0.004093659212263233   -0.0008018194253768921   -0.004202947860412944   -0.0005938411259682277   -0.00430046312726545   -0.0003085158054741198   -0.00437763403361213   8.743051107807069e-05   -0.0044151463510017355   0.000646708636659062   -0.004384932645114862   0.0014589531395898373   -0.004222623971106907   0.0026870315463447926   -0.003809011295749427   0.0046592343496079614   -0.002832900335375775   0.00814691815511291   -0.0004150289260184061   0.01540174994747174   0.007113241991229035   0.03778242809386688   0.05501582793567978   0.16433207551433435   0.2853280331742132   0.8766223118279716   1.0   -0.254016510101349   -0.18964742860442227   0.05296024748600268   0.1433846735195923   0.17681171356485323   0.19187032701752074   0.10855599957838719   0.05775093910984493   0.09330353348364759   0.11304911698289043   0.0735544151991022   0.06954504400424769   0.15044678351800012   0.2617697653825448   0.1521345737910316   -0.2661822468772346   -0.36499455547553766   -0.22005728323148255   -0.15484108378091122   -0.13932446496291503   0.007464722178484298   0.04494109032729349   -0.012676782515563714   -0.012391456434524623   -0.0004699938272917106   -0.03967578217711027   -0.05224438037756584   -0.09233664296000027   -0.059111594839691535   0.01716975156771278   -0.03844667043374536   -0.05118903902870331   -0.030956666226672876   0.04083002681089847   0.06227034635664485   0.07595168388289755   0.06260452122902312   0.019714294355095915   -0.003129529814323387   0.007383306486132157   -0.009082723419125789   -0.034538593835483765   -0.021871422502416464   
T_sec   15.0   15.5   16.0   16.5   17.0   17.5   18.0   18.5   19.0   19.5   20.0   20.5   21.0   21.5   22.0   22.5   23.0   23.5   24.0   24.5   25.0   25.5   26.0   26.5   27.0   27.5   28.0   28.5   29.0   29.5   30.0   30.5   31.0   31.5   32.0   32.5   33.0   33.5   34.0   34.5   35.0   35.5   36.0   36.5   37.0   37.5   38.0   38.5   39.0   39.5   40.0   40.5   41.0   41.5   42.0   42.5   43.0   43.5   44.0   44.5   45.0   45.5   46.0   46.5   47.0   47.5   48.0   48.5   49.0   49.5   50.0   50.5   51.0   51.5   52.0   52.5   53.0   53.5   54.0   54.5   55.0   
U32   -0.001692648425432151   -0.0029605629409640345   -0.0016882621459888064   -0.0030504947030258536   -0.0016685960757769143   -0.003134639766251463   -0.0016319326208233112   -0.003214971732070542   -0.0015710718814680466   -0.0032858403895153028   -0.0014807080360506911   -0.003344774144616875   -0.001348382251821697   -0.0033799423685892185   -0.0011624018407881088   -0.0033862572716262837   -0.0008987593226549532   -0.003341526403098527   -0.0005236195382900244   -0.0032153632065055914   1.717477216989498e-05   -0.0029541041607052663   0.0008222623644432642   -0.0024474631333205447   0.002082146401039371   -0.0014631388802646545   0.004200611281365205   0.0005687097575180572   0.008219353327103718   0.005392096910266545   0.017804325939607894   0.021729732869402725   0.06154958152336514   0.12193474511337898   0.30661283613248025   0.7702910725306523   1.0   0.07289028891791077   -0.2729731228884622   0.050860225126606054   0.132903673133636   0.20011459042978474   0.17472617195999748   0.12370594949097959   0.05610417486469347   0.08769579941218159   0.10225422090410555   0.08095925136714291   0.051227095671586356   0.09781764844832484   0.16145434594020175   0.21569337905692876   0.08645368038871792   -0.25981443439470236   -0.3359190412488704   -0.23045951070728773   -0.20332209741271856   -0.06100110055099631   0.035428403787470274   0.013147748779813456   -0.013722562891022886   -0.001987022750041201   -0.020411987228847992   -0.046383794135457734   -0.08470628215633218   -0.05902149130841358   0.016582536693188415   0.000979367872318734   -0.04304081998509085   -0.06093549246876252   -0.046772353366621874   0.031228969833642605   0.0868562730071764   0.0922020949657807   0.043946677487944646   0.012914497267963338   0.013184752774173726   0.005873728370929601   -0.023784700470774887   -0.028237159592086634   -0.012647708752349327   
T_sec   15.0   15.5   16.0   16.5   17.0   17.5   18.0   18.5   19.0   19.5   20.0   20.5   21.0   21.5   22.0   22.5   23.0   23.5   24.0   24.5   25.0   25.5   26.0   26.5   27.0   27.5   28.0   28.5   29.0   29.5   30.0   30.5   31.0   31.5   32.0   32.5   33.0   33.5   34.0   34.5   35.0   35.5   36.0   36.5   37.0   37.5   38.0   38.5   39.0   39.5   40.0   40.5   41.0   41.5   42.0   42.5   43.0   43.5   44.0   44.5   45.0   45.5   46.0   46.5   47.0   47.5   48.0   48.5   49.0   49.5   50.0   50.5   51.0   51.5   52.0   52.5   53.0   53.5   54.0   54.5   55.0   
U33   -0.0006139487667928615   -0.0035090650872658226   -0.0005354872613368983   -0.003650578184553163   -0.0004329798317318648   -0.003796203765762455   -0.0003000599293648073   -0.003946523806811874   -0.00012839059917232082   -0.004099914309244611   9.222973652742472e-05   -0.004253244578876666   0.00037719992040227376   -0.004407307103965159   0.0007536456900324011   -0.004550208870872241   0.0012538130746699377   -0.0046751069735977745   0.0019362606135725805   -0.004751322518706692   0.0028927635002147143   -0.004732255505523153   0.004286208934615474   -0.0045034906326648525   0.00646088499294697   -0.0037641540624208576   0.010202231657536712   -0.0016150635701830194   0.01777881003773508   0.005617946222844103   0.039858408162987066   0.04896951771494764   0.17123926445182652   0.3943958906413818   1.0   0.5327141699101797   -0.3185081194159762   -0.0076658302100365994   0.10790141280501571   0.1923179422298543   0.1427663638189251   0.1097290639875887   0.04203998524713595   0.04917406038711627   0.07396156139315085   0.07836243627697788   0.02545397996551042   0.03826526096117045   0.06886329505858889   0.07565665942176122   0.06998562226529943   0.10035828921391257   0.03912213157017162   -0.182608155932446   -0.3128371888134947   -0.22519393876576332   -0.06894405956448822   -0.010419329885991209   -0.00957253309958759   0.010473407280880179   -0.006300478232382664   -0.018404433897587044   -0.038630286358874624   -0.08512389861831038   -0.0032657366301742734   0.04388001862222898   0.00230753941133504   -0.008269958848070115   -0.04693171718870602   -0.04420043619272265   -0.032785605404989523   0.03477273237043018   0.0702269537572828   0.03920650541455568   0.02200759791281387   0.026917328889167483   0.0004203996269586543   -0.01636222161832062   -0.01855163974482535   -0.01909708556011082   -0.014300623387777182   
T_sec   15.0   15.5   16.0   16.5   17.0   17.5   18.0   18.5   19.0   19.5   20.0   20.5   21.0   21.5   22.0   22.5   23.0   23.5   24.0   24.5   25.0   25.5   26.0   26.5   27.0   27.5   28.0   28.5   29.0   29.5   30.0   30.5   31.0   31.5   32.0   32.5   33.0   33.5   34.0   34.5   35.0   35.5   36.0   36.5   37.0   37.5   38.0   38.5   39.0   39.5   40.0   40.5   41.0   41.5   42.0   42.5   43.0   43.5   44.0   44.5   45.0   45.5   46.0   46.5   47.0   47.5   48.0   48.5   49.0   49.5   50.0   50.5   51.0   51.5   52.0   52.5   53.0   53.5   54.0   54.5   55.0   
U34   -0.001763034115370677   -0.0003239996337255369   -0.0017911873271815042   -0.00024082944393694083   -0.001813001604149902   -0.0001334936561676632   -0.0018235946711855776   4.634806404320648e-06   -0.0018185986042504845   0.00018427786978947975   -0.0017919548815010925   0.000414653934469196   -0.0017439072251898122   0.000710395149415751   -0.0016491903997882598   0.0011149822341471717   -0.0014787002730808458   0.0016781415023014161   -0.0011845739160443016   0.0024901047346232515   -0.0006748135134170299   0.0037186816925836117   0.000244191124806231   0.005715730698547297   0.002027781128727913   0.009334063030289962   0.0059765155258051225   0.01720858413933416   0.01720704541749146   0.04297358835504574   0.07830393381988235   0.23288597933065586   0.5992934945217692   1.0   0.4445165778613382   -0.24105260409535034   0.04035250719443616   0.17506534170299012   0.20622288494024726   0.12623813872121287   0.09279897678386027   0.04893302732280985   0.057679187891058026   0.08401737881242055   0.07505951802080472   0.03248516226433506   0.04900997964601999   0.07635682503579161   0.06925157747516641   0.03915621373979811   0.04230222293556823   0.10304432939316999   0.07875843227046378   -0.24782913579477317   -0.3254989087644793   -0.16241443651955853   -0.09021902220284479   -0.03170750250464432   0.014104443633068458   0.01664311943932163   -0.012906933199260607   -0.04998217867162695   -0.061320795836238035   0.01893453922301915   0.04534502459861673   0.019021180130296664   -0.0007420404903133972   -0.029860480549853786   -0.038677983768297015   -0.036129008376308384   -0.00944775296500778   0.012989908425911688   0.04610505527965103   0.06540192928574357   0.05541096855312568   0.020943193895373177   0.003441743141460104   -0.0019403766246718847   -0.010273725445182364   -0.01554017389231134   -0.0126143180779793   
T_sec   15.0   15.5   16.0   16.5   17.0   17.5   18.0   18.5   19.0   19.5   20.0   20.5   21.0   21.5   22.0   22.5   23.0   23.5   24.0   24.5   25.0   25.5   26.0   26.5   27.0   27.5   28.0   28.5   29.0   29.5   30.0   30.5   31.0   31.5   32.0   32.5   33.0   33.5   34.0   34.5   35.0   35.5   36.0   36.5   37.0   37.5   38.0   38.5   39.0   39.5   40.0   40.5   41.0   41.5   42.0   42.5   43.0   43.5   44.0   44.5   45.0   45.5   46.0   46.5   47.0   47.5   48.0   48.5   49.0   49.5   50.0   50.5   51.0   51.5   52.0   52.5   53.0   53.5   54.0   54.5   55.0   
U35   -0.0005837188886657467   0.0015386294031377468   -0.0005841728105330933   0.0017274721440462   -0.0005756977416934149   0.0019551173255129718   -0.0005561115459556244   0.0022323412517544624   -0.0005190141597739852   0.002577820229372713   -0.0004542425850486438   0.0030182154163080296   -0.00034800584956392575   0.0035847606676845632   -0.0001799084821862379   0.004345267426667768   9.813513447970352e-05   0.005406711741970338   0.0005669438280939799   0.00695503893812397   0.0013960672246508925   0.009400995621966283   0.0029920880080832393   0.013675791813578413   0.0064763564882493845   0.02249113395806186   0.016032970483241   0.04772227919356176   0.06152633454059245   0.22748915520587218   0.5302951989319964   1.0   0.7524612413399072   -0.013990901494103333   0.009837224228866057   0.21556441277217464   0.21046775389016237   0.11372834275048317   0.09249881205335572   0.05447601474950758   0.05043899458324966   0.07358240235568927   0.08140281604773168   0.039532548505446546   0.0414390178805338   0.07052266619637579   0.07016098587412518   0.03148892755670632   -0.0023867281974144883   -0.005060796870140177   0.05256478924508962   0.07968204609784703   0.007769230030891828   -0.18416773689782617   -0.2628393625585026   -0.21717196009662335   -0.096862027890791   -0.005227512284445146   0.02323343714641029   -0.016767640915134264   -0.06280327336157553   0.0006611824589009018   0.06177012831629103   0.041467467679619806   0.024347237371002018   0.007713887691861996   -0.0001476465314650731   -0.007648479221046213   -0.002709077314597996   -0.015802821409886526   -0.04049902182867204   -0.013705317398299293   0.05380963070550155   0.05836895107720382   0.03651742319329305   0.02051059518004343   0.010118743309240464   -0.006125997472023373   -0.01691728457956838   -0.028157109329094706   -0.015299815830130918   
T_sec   15.0   15.5   16.0   16.5   17.0   17.5   18.0   18.5   19.0   19.5   20.0   20.5   21.0   21.5   22.0   22.5   23.0   23.5   24.0   24.5   25.0   25.5   26.0   26.5   27.0   27.5   28.0   28.5   29.0   29.5   30.0   30.5   31.0   31.5   32.0   32.5   33.0   33.5   34.0   34.5   35.0   35.5   36.0   36.5   37.0   37.5   38.0   38.5   39.0   39.5   40.0   40.5   41.0   41.5   42.0   42.5   43.0   43.5   44.0   44.5   45.0   45.5   46.0   46.5   47.0   47.5   48.0   48.5   49.0   49.5   50.0   50.5   51.0   51.5   52.0   52.5   53.0   53.5   54.0   54.5   55.0   
U36   0.005463616727646087   0.001590682866381527   0.005843664800083211   0.0016279355243870063   0.00627730453468312   0.0016721751426482313   0.006781412369834634   0.0017279743678648147   0.00738191093502272   0.0018027466125989326   0.008109724625401552   0.0019119226876336262   0.00901890443619841   0.0020837560612740388   0.010194987518152107   0.0023897174283974486   0.011810161757806872   0.002934838506171135   0.014109079693179693   0.00396303241867522   0.01769004041524213   0.006132228322151453   0.024024908289290568   0.01156390663641741   0.03812158331036405   0.030585960451100434   0.09481699640515347   0.19697397397123104   0.5260368865077418   0.740205131142973   1.0   0.2952072945078475   -0.04664398571763472   0.2870706573745993   0.13256766569455544   0.10254463013152129   0.05698371451597166   0.07730947160415962   0.03067451713875046   0.06929835866271979   0.07376871936693948   0.06559754741129248   0.03652405053376601   0.07452703750927582   0.0764888015741505   0.04812892963287641   0.013017991227482793   -0.002004592884536233   -0.005720472358594098   0.02036947993939005   -0.0023079554201916267   0.1173976312261065   0.13233479473725265   -0.18664824744974584   -0.33452191936712516   -0.18981602431612166   -0.08251370690216701   -0.005678463296165168   -0.011568219059736961   0.0138982154845758   0.07538543621195826   0.06919656578287593   0.05217674854205328   0.049499722019918   0.021269575954177975   0.025796677540928337   0.014121402454362313   0.014232756243437414   -0.02666077380942735   -0.04001173650430465   -0.023824934051206073   -0.014651145082511313   0.013535711661340608   0.05418290833462892   0.05418056651824822   0.0469668636809313   0.027436866158770723   0.01738236464223116   -0.001131223636450866   -0.013022299135715737   -0.05030601790120079   
T_sec   15.0   15.5   16.0   16.5   17.0   17.5   18.0   18.5   19.0   19.5   20.0   20.5   21.0   21.5   22.0   22.5   23.0   23.5   24.0   24.5   25.0   25.5   26.0   26.5   27.0   27.5   28.0   28.5   29.0   29.5   30.0   30.5   31.0   31.5   32.0   32.5   33.0   33.5   34.0   34.5   35.0   35.5   36.0   36.5   37.0   37.5   38.0   38.5   39.0   39.5   40.0   40.5   41.0   41.5   42.0   42.5   43.0   43.5   44.0   44.5   45.0   45.5   46.0   46.5   47.0   47.5   48.0   48.5   49.0   49.5   50.0   50.5   51.0   51.5   52.0   52.5   53.0   53.5   54.0   54.5   55.0   
U37   0.004255653189562559   0.006412676739639357   0.004421420224995425   0.006808316045641381   0.004619165028910599   0.007284932282332933   0.004863844195700169   0.007846168967768467   0.005151158360881795   0.008517120741948742   0.0055083123348024276   0.009346489127815058   0.005979046350740074   0.010415008125568687   0.006645509220919339   0.011873989453744285   0.007667231690407149   0.013993644479536119   0.009397955317503806   0.01739182031162921   0.012745786606248363   0.02373494876753343   0.020714914369885463   0.039425815063521365   0.05016918717117116   0.12685849712951308   0.3093509165269771   0.5626110482365642   0.7409548307135433   1.0   0.2357333846222994   0.10200522400180563   0.2227657011116039   0.060025370041598206   0.08250265140394003   0.042016436683981036   0.06502461273244847   0.022109289670080485   0.06482538776861203   0.062356570504386054   0.061860360595410814   0.038659307099381056   0.07510174409954982   0.06380947321494336   0.039674991293013634   0.013929262764371486   -0.012213047783995937   -0.016019062310733953   0.0030578702428359157   -0.03945969823304432   0.06284280796380083   0.12120966721938016   0.08777467820476478   -0.16933933679165378   -0.28669710907613377   -0.20254555570872435   -0.08601985438989054   -0.0242657482347591   0.03196875545516107   0.10911449307942084   0.07263509138170526   0.06548501035552431   0.061803115569150635   0.041165234052946385   0.030558685957398673   0.025306379896705204   0.025363435667518495   -0.008819306224724977   -0.03061627703989551   -0.030466501634137288   -0.03125247701544402   -0.039452671427287894   0.014622470494918148   0.05169201020631995   0.04933730179682898   0.04684537060667622   0.031125741182007158   0.015778187093341663   -0.014788704534963656   -0.059398050536403756   -0.04790163415958744   
T_sec   15.0   15.5   16.0   16.5   17.0   17.5   18.0   18.5   19.0   19.5   20.0   20.5   21.0   21.5   22.0   22.5   23.0   23.5   24.0   24.5   25.0   25.5   26.0   26.5   27.0   27.5   28.0   28.5   29.0   29.5   30.0   30.5   31.0   31.5   32.0   32.5   33.0   33.5   34.0   34.5   35.0   35.5   36.0   36.5   37.0   37.5   38.0   38.5   39.0   39.5   40.0   40.5   41.0   41.5   42.0   42.5   43.0   43.5   44.0   44.5   45.0   45.5   46.0   46.5   47.0   47.5   48.0   48.5   49.0   49.5   50.0   50.5   51.0   51.5   52.0   52.5   53.0   53.5   54.0   54.5   55.0   
U38   0.005435806682543886   0.007199807946750171   0.005703363517002421   0.007613396377771103   0.0060024991673439   0.008094225965258791   0.006350017190731835   0.008659343005805556   0.006764916657864852   0.009350891225940936   0.007284408133931484   0.010228505687286045   0.007965639879703161   0.011394261870324364   0.008933476029878457   0.013066444062190865   0.010420900654613303   0.01565192467605934   0.01298971332316787   0.02019888904500615   0.01824968322354119   0.029969706757651166   0.032891103660137394   0.06276097878893258   0.13103880957196212   0.350931952665625   0.48252889967940177   0.7532143313490053   1.0   0.37021139303026424   0.17758385216214978   0.11781530817484466   0.07219755938629083   0.04958288869488716   0.050697065318006   0.04406225853832941   0.03019941127681564   0.04585920101431552   0.06620773683487322   0.05837899345086233   0.04827787191351863   0.06589324101649663   0.06560424791632889   0.04322645582658873   0.026672337396174608   -0.020489469329666072   -0.008871822446313122   -0.009800714129960895   -0.036700427500729105   0.026819648613915156   0.0649202282086145   0.10871625883555551   0.08805358797719409   -0.1616157959044755   -0.29276233344824953   -0.21109903466858074   -0.10112882103077875   0.016558549146767295   0.10906445624961959   0.1020434179034247   0.08797562651727107   0.0645898381712368   0.058811726018623195   0.04036979754500215   0.030567332903477403   0.024769164181407115   -0.00030709240253529293   -0.01816689935045661   -0.022784130810590032   -0.034506477529767064   -0.038524500037119325   -0.028476655776517687   0.019765082070176826   0.04671899012079324   0.05687926143545765   0.04683808264455031   0.03847970182954786   0.004515212428394575   -0.03496367165959039   -0.041081931950397214   -0.01252394432955228   
T_sec   15.0   15.5   16.0   16.5   17.0   17.5   18.0   18.5   19.0   19.5   20.0   20.5   21.0   21.5   22.0   22.5   23.0   23.5   24.0   24.5   25.0   25.5   26.0   26.5   27.0   27.5   28.0   28.5   29.0   29.5   30.0   30.5   31.0   31.5   32.0   32.5   33.0   33.5   34.0   34.5   35.0   35.5   36.0   36.5   37.0   37.5   38.0   38.5   39.0   39.5   40.0   40.5   41.0   41.5   42.0   42.5   43.0   43.5   44.0   44.5   45.0   45.5   46.0   46.5   47.0   47.5   48.0   48.5   49.0   49.5   50.0   50.5   51.0   51.5   52.0   52.5   53.0   53.5   54.0   54.5   55.0   
U39   0.007090727506283594   0.005257739266360172   0.007500512868244593   0.005532273334374111   0.007973312358498373   0.005853832857780033   0.008535319251814855   0.006244779011172062   0.00922852019904908   0.006747531037534707   0.010116088704541525   0.007430906366683722   0.011313653126192954   0.008421935047504488   0.013047053934397762   0.010016071860445647   0.015789637051573262   0.01289288733730364   0.020801343523472873   0.01917069491786957   0.032481257203242145   0.03908346306312094   0.08609020325167473   0.21989390730426495   0.39138356164001153   0.45563278185300904   0.8213023531547025   1.0   0.235007496495709   0.05760674545938714   0.038207524867928847   0.03725730078435009   0.023037803442234973   0.0340579361293109   0.02743171368955497   0.014600021955912642   0.037857129290316906   0.06614789794449018   0.052291563481756675   0.04128054430310363   0.059719566647920386   0.05727556599409375   0.0426071425460896   0.013080248556989471   -0.035622237729885584   -0.004185422956171811   -0.014265280040458699   -0.040922253401481194   0.025523960194144192   0.03963907948539224   0.05130540856751164   0.09361898664551284   0.11124906819327954   -0.16529809903907217   -0.313644203252601   -0.2299091132120691   -0.029987023444399494   0.11105551003697561   0.11867256272629938   0.11586828376678596   0.06734333308151152   0.04905921880317567   0.03311568771311674   0.03304397300853304   0.02251191648680984   0.003911629507975706   -0.007209417785401814   -0.005426225226912841   -0.028315400252008675   -0.03977682319855334   -0.024010529279716593   -0.02226879726375914   0.015300982092986387   0.05363275357506675   0.04489317726159782   0.04716869287618366   0.01878469562948255   -0.009125926715021956   -0.01786547047107851   -0.014406901181900921   -0.008277232132751652   
T_sec   15.0   15.5   16.0   16.5   17.0   17.5   18.0   18.5   19.0   19.5   20.0   20.5   21.0   21.5   22.0   22.5   23.0   23.5   24.0   24.5   25.0   25.5   26.0   26.5   27.0   27.5   28.0   28.5   29.0   29.5   30.0   30.5   31.0   31.5   32.0   32.5   33.0   33.5   34.0   34.5   35.0   35.5   36.0   36.5   37.0   37.5   38.0   38.5   39.0   39.5   40.0   40.5   41.0   41.5   42.0   42.5   43.0   43.5   44.0   44.5   45.0   45.5   46.0   46.5   47.0   47.5   48.0   48.5   49.0   49.5   50.0   50.5   51.0   51.5   52.0   52.5   53.0   53.5   54.0   54.5   55.0   
U40   0.006667047887616187   0.007443116179916727   0.0070150739904371   0.007878252229648046   0.0074222089549523425   0.008398320289707368   0.007915095582237462   0.009039686772667333   0.008538284585128697   0.009866531413171283   0.009365308442483154   0.010996506539439078   0.010543828929661396   0.012655239425008444   0.01236940074036007   0.015330214420787157   0.01555856110275749   0.020341266408699453   0.022315970221288662   0.032570856230790333   0.04407007435674888   0.09849075582876128   0.22538568910792328   0.35978587622785246   0.47273710976778677   0.7826764588208384   1.0   0.47751419015425883   0.052597762196841764   0.01811839249927235   0.023958761958746584   0.016655768520651686   0.021744338868312382   0.021435100435862674   0.010798188247590183   0.026689709472573812   0.05795142094736664   0.05595515967421118   0.04258326316062166   0.050620594217158664   0.05893069618964526   0.04682635527836572   0.014400373577749502   -0.02696774175578456   -0.018521617759365266   -0.015881196242970085   -0.0366554225664475   -0.002570242268873773   0.03354966356419018   0.03826676104368675   0.04746985046564876   0.08841829412682482   0.05820928057374098   -0.1540178724213983   -0.2976237139415971   -0.18506690980934076   0.016265360776941188   0.11158512232532439   0.1250058371705767   0.09513349421994736   0.055258194521228536   0.03443472832062965   0.03852912166103104   0.0368750614668253   0.013516309044689407   -0.001386924616836244   -0.00015025223487704088   -0.009798653370845322   -0.02743830583267688   -0.03115155212364269   -0.022756942907991583   -0.014584896176995038   0.015763706589842913   0.03926502830907907   0.04122614394421206   0.02350896487182746   -0.0017600200989219316   -0.013024453650172822   -0.013780880096917254   -0.016902325665835032   -0.005528434055845974   
sta_location:9.954407470807796,10.195376934105745,10.88763805139088,11.117428274821942,11.78168189571699,12.230373802586398,12.778226081389567,13.167069673597041,13.620212331284934,14.286174744506354,14.777752527750511,15.035098038965724,15.777376679288109,16.48764769092482,16.72186242550011,17.144221079823968,17.852370540865287,18.068475314900265,18.974232239443054,19.35416230828825,19.734845969624065,20.053247221560966,20.57289999505593,21.189559402790703,21.653692599945142,22.35840578846509,22.615598987053886,23.06145087337591,23.660425879008784,24.435498736633942,24.528702876426248,25.203370860454857,25.51645326142569,26.10543304385085,26.56432409230029,27.232059085455116,27.959527316300836,28.458293798242742,28.837991249181684,29.39892652460477,29.730360031458652,
rebuild_index:0,1,2,3,4,5,6,7,8,9,10,11,12,13,14,15,16,17,18,19,20,21,22,23,24,25,26,27,28,29,30,31,32,33,34,35,36,37,38,39,40,
use_index:0,1,2,3,4,5,6,7,8,9,10,11,12,13,14,15,16,17,18,19,20,21,22,23,24,25,26,27,28,29,30,31,32,33,34,35,36,37,38,39,40,
rebuild_locdata:9.954407470807796,10.195376934105745,10.88763805139088,11.117428274821942,11.78168189571699,12.230373802586398,12.778226081389567,13.167069673597041,13.620212331284934,14.286174744506354,14.777752527750511,15.035098038965724,15.777376679288109,16.48764769092482,16.72186242550011,17.144221079823968,17.852370540865287,18.068475314900265,18.974232239443054,19.35416230828825,19.734845969624065,20.053247221560966,20.57289999505593,21.189559402790703,21.653692599945142,22.35840578846509,22.615598987053886,23.06145087337591,23.660425879008784,24.435498736633942,24.528702876426248,25.203370860454857,25.51645326142569,26.10543304385085,26.56432409230029,27.232059085455116,27.959527316300836,28.458293798242742,28.837991249181684,29.39892652460477,29.730360031458652,
cut_start_time:15---cut_windows:40---reduction_v:10---move_time_window_all:0.0
move_time_window:0.0,0.0,0.0,0.0,0.0,0.0,0.0,0.0,0.0,0.0,0.0,0.0,0.0,0.0,0.0,0.0,0.0,0.0,0.0,0.0,0.0,0.0,0.0,0.0,0.0,0.0,0.0,0.0,0.0,0.0,0.0,0.0,0.0,0.0,0.0,0.0,0.0,0.0,0.0,0.0,0.0,
sta_noise_mean:0,0,0,0,0,0,0,0,0,0,0,0,0,0,0,0,0,0,0,0,0,0,0,0,0,0,0,0,0,0,0,0,0,0,0,0,0,0,0,0,0,
sta_noise_sigma:0,0,0,0,0,0,0,0,0,0,0,0,0,0,0,0,0,0,0,0,0,0,0,0,0,0,0,0,0,0,0,0,0,0,0,0,0,0,0,0,0,
add_noise_region_move_range:0,0,0,0,0,0,0,0,0,0,0,0,0,0,0,0,0,0,0,0,0,0,0,0,0,0,0,0,0,0,0,0,0,0,0,0,0,0,0,0,0,