T_sec   15.0   15.5   16.0   16.5   17.0   17.5   18.0   18.5   19.0   19.5   20.0   20.5   21.0   21.5   22.0   22.5   23.0   23.5   24.0   24.5   25.0   25.5   26.0   26.5   27.0   27.5   28.0   28.5   29.0   29.5   30.0   30.5   31.0   31.5   32.0   32.5   33.0   33.5   34.0   34.5   35.0   35.5   36.0   36.5   37.0   37.5   38.0   38.5   39.0   39.5   40.0   40.5   41.0   41.5   42.0   42.5   43.0   43.5   44.0   44.5   45.0   45.5   46.0   46.5   47.0   47.5   48.0   48.5   49.0   49.5   50.0   50.5   51.0   51.5   52.0   52.5   53.0   53.5   54.0   54.5   55.0   
U0   0.0022006357333971454   0.0031115953679232357   0.0022285925532372635   0.0031815349000743755   0.0022434582311623387   0.0032328458454277125   0.0022262577692416224   0.003248837730798214   0.0021581611775982864   0.0032200241416923655   0.002056871880081517   0.0031790500862470335   0.0019394990374928865   0.0031344271291487763   0.0018153869764836819   0.003092132765367112   0.0016845058701298382   0.003044486435893128   0.0015111918979421332   0.0029593337580787592   0.0013290264567660884   0.0029444917288724707   0.0012264247745904613   0.0030139844936140883   0.001171669926438698   0.0031568036618287157   0.0011733660576870736   0.0034002486771315464   0.0012583264300099464   0.0037885766182393717   0.0014629835068354009   0.0043749016403299   0.0018418480906676052   0.005251740038264757   0.0024838374612503144   0.006580372391189839   0.0036212051935835573   0.008791834442720815   0.005943568476396852   0.013125455066000996   0.011863787573548822   0.02423544617277241   0.034248670418234345   0.07699998964960296   0.3134573905230507   1.0   0.986279180595521   0.20801808845337325   0.06852156894783729   0.05766965563787862   0.08440940327344293   0.10129927407728198   0.18208248179845912   0.13836134101637326   -0.07932732719479434   -0.2359749719386355   -0.18074969891728265   -0.07513432473717348   -0.0021370908784924857   -0.07691108002482948   -0.10463277707570615   -0.04730775668338634   0.025504355778748287   0.084902456864546   0.0965024655562671   0.09305423651472328   0.08899795303865876   -0.003287416238298544   -0.09316287337603782   -0.15565487482381227   -0.13868009907875492   -0.08669171947347834   -0.03728529860213706   -0.0652440591327618   -0.031018624775901518   -0.010144002328178912   -0.021185077582535992   -0.03437693572173581   -0.06520633890227075   -0.08632267345704298   -0.06733743357031526   
T_sec   15.0   15.5   16.0   16.5   17.0   17.5   18.0   18.5   19.0   19.5   20.0   20.5   21.0   21.5   22.0   22.5   23.0   23.5   24.0   24.5   25.0   25.5   26.0   26.5   27.0   27.5   28.0   28.5   29.0   29.5   30.0   30.5   31.0   31.5   32.0   32.5   33.0   33.5   34.0   34.5   35.0   35.5   36.0   36.5   37.0   37.5   38.0   38.5   39.0   39.5   40.0   40.5   41.0   41.5   42.0   42.5   43.0   43.5   44.0   44.5   45.0   45.5   46.0   46.5   47.0   47.5   48.0   48.5   49.0   49.5   50.0   50.5   51.0   51.5   52.0   52.5   53.0   53.5   54.0   54.5   55.0   
U1   0.006025304530407055   0.005762675488189579   0.005995712522291746   0.0056981848057828625   0.005956256511471334   0.005608853595205465   0.005879803679502935   0.005469132864662713   0.005754545154217392   0.005300153924805097   0.005665047044239771   0.005196013088162345   0.005630523034771911   0.0051278131882354396   0.005637052484780372   0.005092733992536108   0.0056890394534016364   0.005099055677121245   0.005798112291396941   0.005157878650536016   0.005970967348174969   0.00526920291278042   0.006206548739303579   0.005424748287797566   0.0064921722295894   0.005607245959849672   0.006823961702112016   0.005815987465312744   0.007223409510337769   0.0060869137409026285   0.007729985287094767   0.006439405371221388   0.008359901963688656   0.006872753892645028   0.00913781954688219   0.00745882755659754   0.010233745616949726   0.008458007416355115   0.012074887532137688   0.010603519923461098   0.015917430786760094   0.016486283610060694   0.0269913132293319   0.041321168238127884   0.1024474795147457   0.40969999373238875   1.0   0.38985662735698223   0.05280845004772924   0.10424094431427941   0.12845836444992093   0.16835965194591063   0.24128068074770076   0.12266948449713384   -0.2392160571446577   -0.29702601632952486   -0.0939426460379831   -0.006684279139801555   -0.13742864519678322   -0.1242258822416135   0.010349369373540968   0.14983637465056787   0.15205175617082653   0.15639014530783513   0.1166350782446863   -0.050116982164382776   -0.15303999720072992   -0.20652877367701897   -0.1844427736420592   -0.10441328125953966   -0.0003410289434677769   0.012292640651424264   -0.02969131006158086   -0.10881391060682528   -0.11582429855913999   -0.07163135733491109   -0.11297930479322386   -0.09085185354059801   -0.04485847429382515   -0.031166463753833223   -0.0527806208377637   
T_sec   15.0   15.5   16.0   16.5   17.0   17.5   18.0   18.5   19.0   19.5   20.0   20.5   21.0   21.5   22.0   22.5   23.0   23.5   24.0   24.5   25.0   25.5   26.0   26.5   27.0   27.5   28.0   28.5   29.0   29.5   30.0   30.5   31.0   31.5   32.0   32.5   33.0   33.5   34.0   34.5   35.0   35.5   36.0   36.5   37.0   37.5   38.0   38.5   39.0   39.5   40.0   40.5   41.0   41.5   42.0   42.5   43.0   43.5   44.0   44.5   45.0   45.5   46.0   46.5   47.0   47.5   48.0   48.5   49.0   49.5   50.0   50.5   51.0   51.5   52.0   52.5   53.0   53.5   54.0   54.5   55.0   
U2   0.005792124425856521   0.005936666635617946   0.00571603032059115   0.005893315389635234   0.0056765291722793345   0.005877552760704672   0.005664117518603615   0.005891212220420532   0.00567854579835596   0.0059363768015851135   0.005728482247091674   0.006017798235357147   0.0058139268648107565   0.006139143464925175   0.005934380529097152   0.006291744254733896   0.006074090679226499   0.0064624301992773055   0.006233556437614854   0.006663536477299248   0.006424364299381978   0.006903731324355025   0.006651265995686603   0.0071811812688503665   0.006892509428605497   0.00746562899537669   0.007126006395869325   0.007754904927993619   0.007358092539023062   0.008071010725832415   0.0076169421406729896   0.008471369673869626   0.007978323269944578   0.00906516490920559   0.008541263529340891   0.010000581594836399   0.009477889892134031   0.011620662073373193   0.011216806066410902   0.014797267394820011   0.014929445524276554   0.02235741560808434   0.025145652725095575   0.048775155707130466   0.07594757109883117   0.3340345195447393   1.0   0.8760845478192362   0.2744277392765722   0.16545858408096023   0.20344878392504928   0.25261991722874066   0.25451357063494284   0.006049848103355039   -0.25340871057076286   -0.209636970240744   -0.054592243949639234   -0.09425374809003138   -0.14591223029144296   0.0008533107197509238   0.15644243018640933   0.2213820083690262   0.20928689469925302   0.07981949025921325   -0.11534697721819441   -0.2724848268372081   -0.2586961630218935   -0.1368150729439889   -0.04055902983261862   -0.007671179517196461   -0.009888947623550843   -0.049026600293431116   -0.07844556101318366   -0.13109885935765295   -0.177053433640106   -0.11102911470976641   -0.04088388264975305   -0.021881010128152596   -0.02269697074280034   -0.03865680629794007   -0.04835931606775193   
T_sec   15.0   15.5   16.0   16.5   17.0   17.5   18.0   18.5   19.0   19.5   20.0   20.5   21.0   21.5   22.0   22.5   23.0   23.5   24.0   24.5   25.0   25.5   26.0   26.5   27.0   27.5   28.0   28.5   29.0   29.5   30.0   30.5   31.0   31.5   32.0   32.5   33.0   33.5   34.0   34.5   35.0   35.5   36.0   36.5   37.0   37.5   38.0   38.5   39.0   39.5   40.0   40.5   41.0   41.5   42.0   42.5   43.0   43.5   44.0   44.5   45.0   45.5   46.0   46.5   47.0   47.5   48.0   48.5   49.0   49.5   50.0   50.5   51.0   51.5   52.0   52.5   53.0   53.5   54.0   54.5   55.0   
U3   0.004667471759371147   0.003795992067119855   0.004692279917312798   0.0037884265501539833   0.004736839423462491   0.0037981430694329797   0.004806519102209198   0.0038311376261538814   0.004901358348822004   0.0038802386560416956   0.00501418559902592   0.003939450157899388   0.0051426103313959495   0.004007557173379915   0.005290198630435041   0.004092906829836222   0.005466551977112275   0.0041967140856153514   0.005664577597690833   0.004296876466353353   0.005862133622537679   0.004381362574387067   0.006059259446921899   0.004444764190058432   0.006255955070843494   0.004492371347218244   0.006473735187127437   0.004553339898698181   0.006756962325577982   0.004650908486671058   0.00713561649218031   0.004808197567502428   0.007658841259588669   0.005072623617001351   0.008429117034422569   0.005533768948204239   0.009633298440522657   0.0063927824757406   0.011698743574190852   0.00817728397747356   0.01576789159995588   0.012584244343589582   0.025863786804747577   0.02786492456524146   0.0671645911305256   0.17304265650171718   0.6663171323057578   1.0   0.33010296798376637   0.1579798868197027   0.20013398157614776   0.22972482422164142   0.2124577347086964   -0.02846738296497647   -0.20737437483202134   -0.12018599076610431   -0.048901733430029175   -0.09275894576968423   -0.09040141575952601   0.06942457515507515   0.17507531332689558   0.19913681714826115   0.16142197235959552   -0.040375601349132664   -0.22293441936367386   -0.24522129403088397   -0.17450626273397477   -0.03616316092141218   -0.008338939431969854   -0.02273349426065713   -0.047842527517742074   -0.04676543945263559   -0.08433382997486237   -0.09972801629947095   -0.11269072327910312   -0.07148336494402031   -0.02254707773320242   -0.011632997539776589   -0.020235989785048675   -0.03688249954125644   -0.03326358789270023   
T_sec   15.0   15.5   16.0   16.5   17.0   17.5   18.0   18.5   19.0   19.5   20.0   20.5   21.0   21.5   22.0   22.5   23.0   23.5   24.0   24.5   25.0   25.5   26.0   26.5   27.0   27.5   28.0   28.5   29.0   29.5   30.0   30.5   31.0   31.5   32.0   32.5   33.0   33.5   34.0   34.5   35.0   35.5   36.0   36.5   37.0   37.5   38.0   38.5   39.0   39.5   40.0   40.5   41.0   41.5   42.0   42.5   43.0   43.5   44.0   44.5   45.0   45.5   46.0   46.5   47.0   47.5   48.0   48.5   49.0   49.5   50.0   50.5   51.0   51.5   52.0   52.5   53.0   53.5   54.0   54.5   55.0   
U4   0.003307029265596171   0.003516377837355414   0.003352657413644476   0.0035891007542867303   0.003408170483442085   0.003677094167931341   0.0034777833777337656   0.0037768625096601003   0.0035485504962161456   0.003873285728794248   0.00360826202073   0.003962299368623547   0.0036579381774600166   0.0040428832029633125   0.0036898684950322828   0.004109952548918615   0.0037119138908552453   0.004182123025797365   0.0037375888533133644   0.004266369322829332   0.003771108285151408   0.00436792656894397   0.003818142205373912   0.004492464783145819   0.003878540167946344   0.004645369540398865   0.003962772430727617   0.00483943599497195   0.004084069038061648   0.005096624888767592   0.0042640898397818885   0.005445001872767924   0.0045418056348044645   0.005942153365196978   0.00498831732973787   0.006685071473269991   0.005748318528272068   0.00787573532683189   0.007143493439542413   0.009965068899903127   0.010003131574943706   0.014193764852708075   0.01710461784649062   0.025245086712957984   0.04272880605066351   0.07701163478411902   0.31544537789699195   1.0   0.6612656966461118   0.26768023070258506   0.24374991464786017   0.30450609601140455   0.1904158365618891   -0.13262074208141353   -0.11674366134631385   -0.03167384970122753   -0.10749608483952065   -0.0840434766205943   0.07122960708903761   0.16854811083611124   0.23307220125741127   0.15094217237125857   -0.06591681379277724   -0.2434554541963335   -0.22326242667811155   -0.09783701878645344   -0.07678777949961911   -0.06530712945006034   -0.07626788517294834   -0.07803589436147725   -0.09111332132104773   -0.06714782203824274   -0.029464457740470143   -0.009203044698884128   -0.054947014011334956   -0.08882516574277534   -0.03296776612139436   -0.028960439310303433   -0.033991669623158006   -0.036173521611382715   -0.014830566061785963   
T_sec   15.0   15.5   16.0   16.5   17.0   17.5   18.0   18.5   19.0   19.5   20.0   20.5   21.0   21.5   22.0   22.5   23.0   23.5   24.0   24.5   25.0   25.5   26.0   26.5   27.0   27.5   28.0   28.5   29.0   29.5   30.0   30.5   31.0   31.5   32.0   32.5   33.0   33.5   34.0   34.5   35.0   35.5   36.0   36.5   37.0   37.5   38.0   38.5   39.0   39.5   40.0   40.5   41.0   41.5   42.0   42.5   43.0   43.5   44.0   44.5   45.0   45.5   46.0   46.5   47.0   47.5   48.0   48.5   49.0   49.5   50.0   50.5   51.0   51.5   52.0   52.5   53.0   53.5   54.0   54.5   55.0   
U5   0.002508005026901895   0.003917810076341299   0.0025278237789697704   0.0039977211366740125   0.0025388934398104367   0.004070904705559265   0.0025347074153458404   0.00413838719737979   0.0025242200796797357   0.00420667520621364   0.002508252564318311   0.004282891174768512   0.0024916848148201064   0.004367035103044406   0.0024749273969382163   0.004461744439450707   0.0024533056479906458   0.0045692616811365706   0.0024321100792890297   0.004692634842264477   0.002410535173820042   0.004838781082665574   0.002392860643005443   0.005016038927813977   0.002382150115500574   0.005236000200222827   0.0023814672199607774   0.005510462005281815   0.002397555062326375   0.005868514347958498   0.0024457005568883517   0.006342089964506371   0.0025412218469234144   0.006990995513380065   0.0027190037014210135   0.007917361743527286   0.0030526848040287216   0.009332793492920556   0.0037133732446833286   0.011703076654353115   0.005137280415139197   0.01621821025619885   0.008700676832939187   0.026882157983715283   0.02069364718175499   0.06611560735386249   0.11554747102964112   0.5359044623921565   1.0   0.400109705518657   0.2741568696049487   0.3567049641324422   0.2155586653873605   -0.19086630896723392   -0.08181752707989885   0.005543632619377909   -0.11284639916985952   -0.003351077692561253   0.2177416487465893   0.27286854595676135   0.17231477561724357   -0.12773076327160832   -0.235502463340554   -0.14123572860020708   -0.07677653862198244   -0.0707828030969651   -0.11782956606712464   -0.16200859101301796   -0.1346131340591614   -0.11327423711180058   -0.0303901988881236   -0.03573977020804973   0.0013524519109095426   0.0020514310565853447   -0.015290949750807532   -0.09019935119368705   -0.0776535968201694   -0.04473534214639691   -0.039711455118496754   -0.032333680919240784   -0.01891083586192812   
T_sec   15.0   15.5   16.0   16.5   17.0   17.5   18.0   18.5   19.0   19.5   20.0   20.5   21.0   21.5   22.0   22.5   23.0   23.5   24.0   24.5   25.0   25.5   26.0   26.5   27.0   27.5   28.0   28.5   29.0   29.5   30.0   30.5   31.0   31.5   32.0   32.5   33.0   33.5   34.0   34.5   35.0   35.5   36.0   36.5   37.0   37.5   38.0   38.5   39.0   39.5   40.0   40.5   41.0   41.5   42.0   42.5   43.0   43.5   44.0   44.5   45.0   45.5   46.0   46.5   47.0   47.5   48.0   48.5   49.0   49.5   50.0   50.5   51.0   51.5   52.0   52.5   53.0   53.5   54.0   54.5   55.0   
U6   0.0035199220143760546   0.003528423127681723   0.0035472684509887777   0.0035521558269027225   0.0035748781871294604   0.00357966351016156   0.003605048462550029   0.0036097317327002825   0.0036404714662943466   0.0036461354785567285   0.0036823616431203676   0.0036861825586870316   0.003728290103512186   0.003731219067613126   0.0037835095757935517   0.0037889266231746657   0.003850317299716391   0.0038540524970479017   0.003926416035528777   0.00393050332303465   0.0040155807672685485   0.004016801356849   0.004119420888985598   0.004120628216330608   0.004242925829475715   0.004244544440759356   0.00439673269515038   0.004402435521528645   0.004596468021216864   0.00461209358383369   0.0048655716104860705   0.004897514626423451   0.005238120372180388   0.005304656706571881   0.005779180986408781   0.005911287147905525   0.006604869672231808   0.006869560562931582   0.007945809473720686   0.008501680354741505   0.010332483092456598   0.011620828481580237   0.015183920146847194   0.018705584486907404   0.027449164342564253   0.041101564015669355   0.07735362485422205   0.21958027049560716   0.7832878246236167   1.0   0.655782590219255   0.5851685391887386   0.21867662636946683   -0.15054510683315764   -0.06998907815231986   -0.03598301577973715   0.09746489503445085   0.4189047279484226   0.5003348901658139   -0.020376116534736338   -0.3904489718708418   -0.20439427460355733   -0.05918505405455223   -0.0946382240740402   -0.14939182108378363   -0.2323723555602798   -0.25166404892695216   -0.19249786415643733   -0.1325593141366323   -0.07580777192858135   -0.0612423128207801   -0.0361646663039763   0.018330418800051283   0.0036809530382811346   -0.04677807195708002   -0.08597921349802883   -0.11609182981355382   -0.0975182467820189   -0.0705774435165167   -0.042308152911429704   0.01073576113339188   
T_sec   15.0   15.5   16.0   16.5   17.0   17.5   18.0   18.5   19.0   19.5   20.0   20.5   21.0   21.5   22.0   22.5   23.0   23.5   24.0   24.5   25.0   25.5   26.0   26.5   27.0   27.5   28.0   28.5   29.0   29.5   30.0   30.5   31.0   31.5   32.0   32.5   33.0   33.5   34.0   34.5   35.0   35.5   36.0   36.5   37.0   37.5   38.0   38.5   39.0   39.5   40.0   40.5   41.0   41.5   42.0   42.5   43.0   43.5   44.0   44.5   45.0   45.5   46.0   46.5   47.0   47.5   48.0   48.5   49.0   49.5   50.0   50.5   51.0   51.5   52.0   52.5   53.0   53.5   54.0   54.5   55.0   
U7   -0.0008390279105054408   0.0033215123006722883   -0.0009443638085911327   0.003472624810760309   -0.0010583563644674314   0.003636331335406188   -0.0011829523260691599   0.0038157866440919072   -0.0013180890349711628   0.00401418310135454   -0.0014660981061510913   0.004231473713375216   -0.0016306507588265764   0.004473971152039159   -0.001810983203239898   0.004741687949031398   -0.002014757114280028   0.005042454635474243   -0.0022386234813470086   0.005382718598866997   -0.002488841716664675   0.005771931615970567   -0.002768416209494637   0.0062212043042395564   -0.0030803200198859263   0.006746435827934178   -0.003430624584786913   0.007369847421963631   -0.003822083659758587   0.008124896255542031   -0.004257231695873898   0.00905461659149471   -0.004738415168930323   0.010230773973480657   -0.0052642242643618845   0.01176190879576036   -0.005813374408490875   0.013841535063377682   -0.006323016022659578   0.01682197205627603   -0.006610676630561931   0.021476025841273547   -0.006093014664136593   0.02967280577862439   -0.0025851015864932158   0.04771151548112116   0.015828467715619975   0.1132062039004126   0.22137205396779952   1.0   0.7606505900873302   0.6608403539301586   0.2026308881284509   -0.19004835110362808   0.014856004312293813   -0.04514091798094792   0.3590459057044171   0.6721938887354023   -0.06728097069443516   -0.4208938812135818   -0.07305114606935897   -0.10124117480121521   -0.09645613888108953   -0.1803078670069732   -0.11566633397622125   -0.14679965547454435   -0.12113118128863465   -0.09344785365486613   -0.13380882017670567   -0.09967104474467339   -0.02533739841107575   -0.02585517273305356   0.02275792788047125   -0.029615607311976204   -0.03849957124270244   -0.037392413684313675   -0.04654571165046286   -0.15153118237489505   -0.028176217633809154   -0.03577062969338172   0.009282167398124113   
T_sec   15.0   15.5   16.0   16.5   17.0   17.5   18.0   18.5   19.0   19.5   20.0   20.5   21.0   21.5   22.0   22.5   23.0   23.5   24.0   24.5   25.0   25.5   26.0   26.5   27.0   27.5   28.0   28.5   29.0   29.5   30.0   30.5   31.0   31.5   32.0   32.5   33.0   33.5   34.0   34.5   35.0   35.5   36.0   36.5   37.0   37.5   38.0   38.5   39.0   39.5   40.0   40.5   41.0   41.5   42.0   42.5   43.0   43.5   44.0   44.5   45.0   45.5   46.0   46.5   47.0   47.5   48.0   48.5   49.0   49.5   50.0   50.5   51.0   51.5   52.0   52.5   53.0   53.5   54.0   54.5   55.0   
U8   0.0007024957914622571   0.0009302278931586414   0.0007168983258802424   0.0009596745282974389   0.0007321532601989285   0.0009912318446931964   0.0007477589493603187   0.0010243683708961245   0.0007633397953035069   0.0010601414805467679   0.0007801631484413298   0.0011000569763214307   0.0007992146606409455   0.0011440401200474854   0.0008192840714838775   0.0011921709476691521   0.0008418278018785983   0.0012480776975114939   0.000870171786603564   0.001315554692727633   0.000907328962053141   0.0014002337851225272   0.000957660114518199   0.001503324387471198   0.0010218913353443372   0.0016330900809353116   0.001108335342369057   0.0018002494956619985   0.0012270742727224222   0.002018355299418581   0.0013919377677090103   0.002312010959775626   0.0016272549369422474   0.0027176181258332195   0.0019732796636686097   0.0033002147691140395   0.002503041658901118   0.004177735885934625   0.003358995317241462   0.0055821060932959255   0.0048415245872462575   0.008032339423064729   0.007696058709245182   0.012902992661943178   0.0141884875097885   0.02486330159036462   0.03425265169451024   0.07076033226904388   0.17615425178281524   0.6509220738151649   1.0   0.8612888374271144   0.28423075676957593   -0.07132274245583396   -0.03584454321201574   0.2391943227409916   0.7132066985060205   0.22208349143615982   -0.3315669381075457   -0.1946329132322818   -0.13663139655212309   -0.19670047464407225   -0.19972469510510624   -0.13801364840919483   -0.09833792990137469   -0.09280294436373547   -0.0899104956368545   -0.11498082848832654   -0.15534574624170172   -0.10549423882612796   -0.048214243712073834   -0.027368615269226237   -0.01972622030930682   -0.04386837400994443   -0.02567005688112737   -0.023513273146852955   -0.08193748034511254   -0.09379853278978478   -0.055798880177923484   -0.05164301144316417   -0.013358683355000527   
T_sec   15.0   15.5   16.0   16.5   17.0   17.5   18.0   18.5   19.0   19.5   20.0   20.5   21.0   21.5   22.0   22.5   23.0   23.5   24.0   24.5   25.0   25.5   26.0   26.5   27.0   27.5   28.0   28.5   29.0   29.5   30.0   30.5   31.0   31.5   32.0   32.5   33.0   33.5   34.0   34.5   35.0   35.5   36.0   36.5   37.0   37.5   38.0   38.5   39.0   39.5   40.0   40.5   41.0   41.5   42.0   42.5   43.0   43.5   44.0   44.5   45.0   45.5   46.0   46.5   47.0   47.5   48.0   48.5   49.0   49.5   50.0   50.5   51.0   51.5   52.0   52.5   53.0   53.5   54.0   54.5   55.0   
U9   -0.0013151354630423855   0.003358134029873355   -0.0014211149653969143   0.003508551686712904   -0.00154098092622155   0.0036700802405649434   -0.0016722673867804142   0.003845004797137398   -0.0018146303440493528   0.004035300859416456   -0.0019716768009765853   0.00424620693031237   -0.002138423742517276   0.004480386518859634   -0.0023244046805782057   0.0047400706159098525   -0.0025269561061248783   0.00502955423045955   -0.0027513165220675456   0.0053557073653810175   -0.002998085419295779   0.0057260880295948455   -0.0032718132946715187   0.006149541728959504   -0.003576706642032558   0.0066408404782920295   -0.003913964443158037   0.0072151002954336085   -0.004292687691771841   0.007897914204045932   -0.004712011351508187   0.00872217774884587   -0.005179915891859758   0.009740796992277584   -0.005690720234122611   0.011034079550726423   -0.006234271260278793   0.012735671621204795   -0.006773348243782505   0.01507713957127948   -0.007200879732301497   0.01852849619656709   -0.007205923174848101   0.024147373888779976   -0.005771728244853394   0.03498988983183714   0.0013085386053900804   0.06448186601060932   0.04411714455038312   0.27456608653028486   0.7082172113627986   1.0   0.29084302625242237   -0.015576200182368369   -0.006801182473603346   0.7686783531345078   0.5131481500463274   -0.3723155319972722   -0.07849547132672102   -0.2421779048177117   -0.23562624268335963   -0.23618759233031822   -0.07267633653419417   -0.12676428404668363   -0.07433730979690459   -0.061017069921265175   -0.041404248145825336   -0.1444799994653513   -0.11414093852851737   -0.09081403131453836   -0.06018186622952614   -0.06229030385763743   -0.03677951916003364   -0.06608405457578065   0.010064927485214809   -0.09425438618208339   -0.022841986584047503   -0.033269956643350404   -0.05632873103985912   -0.09290796472215818   0.00710951916991298   
T_sec   15.0   15.5   16.0   16.5   17.0   17.5   18.0   18.5   19.0   19.5   20.0   20.5   21.0   21.5   22.0   22.5   23.0   23.5   24.0   24.5   25.0   25.5   26.0   26.5   27.0   27.5   28.0   28.5   29.0   29.5   30.0   30.5   31.0   31.5   32.0   32.5   33.0   33.5   34.0   34.5   35.0   35.5   36.0   36.5   37.0   37.5   38.0   38.5   39.0   39.5   40.0   40.5   41.0   41.5   42.0   42.5   43.0   43.5   44.0   44.5   45.0   45.5   46.0   46.5   47.0   47.5   48.0   48.5   49.0   49.5   50.0   50.5   51.0   51.5   52.0   52.5   53.0   53.5   54.0   54.5   55.0   
U10   -0.002297042281349825   0.002734695640646593   -0.0024201318528142253   0.002883105147445371   -0.002555104785600241   0.0030462394215052405   -0.00270005962042897   0.003222640778601912   -0.002858133613276296   0.0034167562339173507   -0.003029104876614913   0.00363011743418495   -0.0032144310946691074   0.0038687770038291717   -0.003418411357602644   0.0041325130553227065   -0.003639514018682131   0.004427526138108222   -0.0038835698148047236   0.00475964698908287   -0.004153346189400793   0.005136385916895404   -0.00445000497665822   0.005568390486170452   -0.004777623379213463   0.00606769198324784   -0.005143267930660654   0.006649237062915959   -0.005550793946108946   0.00733884183211515   -0.00600507064983716   0.008169906668943598   -0.006509065806845221   0.009191222381342505   -0.007061944263575244   0.010479297343472313   -0.007655412954371947   0.012156885181531588   -0.008252921943839328   0.014444490628577266   -0.008755059082639096   0.01776913800855314   -0.008856524425848333   0.023086547089187594   -0.007574463229533955   0.03312236470948514   -0.0008737419326203907   0.05944533049675037   0.03856377086699358   0.2320829951640619   0.6674345866269475   1.0   0.2720643327362484   -0.03660116364617041   -0.015017758843181489   0.7051683342208667   0.4195974069887977   -0.40059534738802366   -0.026163353365848605   -0.23738477942657873   -0.2001482739627811   -0.19428827118835026   -0.039329938540939066   -0.11281813369810156   -0.0527815408101813   -0.047457401824410654   -0.025982944630319433   -0.13458644080445736   -0.09495747851564566   -0.08372080946200225   -0.05049039484621937   -0.05520192560057589   -0.021687151639717003   -0.056874846909453984   0.022600953578110122   -0.08643428190158685   -0.006230141736264914   -0.0265786191321966   -0.05606581543576789   -0.08860165362848109   0.010810349280941732   
T_sec   15.0   15.5   16.0   16.5   17.0   17.5   18.0   18.5   19.0   19.5   20.0   20.5   21.0   21.5   22.0   22.5   23.0   23.5   24.0   24.5   25.0   25.5   26.0   26.5   27.0   27.5   28.0   28.5   29.0   29.5   30.0   30.5   31.0   31.5   32.0   32.5   33.0   33.5   34.0   34.5   35.0   35.5   36.0   36.5   37.0   37.5   38.0   38.5   39.0   39.5   40.0   40.5   41.0   41.5   42.0   42.5   43.0   43.5   44.0   44.5   45.0   45.5   46.0   46.5   47.0   47.5   48.0   48.5   49.0   49.5   50.0   50.5   51.0   51.5   52.0   52.5   53.0   53.5   54.0   54.5   55.0   
U11   -0.000234732084830511   -0.0007908838573370957   -0.00021223843629673554   -0.0007993274809810418   -0.000186209637424993   -0.0008080629950524513   -0.00015634149362077696   -0.0008164697061952667   -0.00012340679553739982   -0.0008254725023600516   -8.447878202590863e-05   -0.0008319802209335604   -4.0482341036870195e-05   -0.0008386154284702351   1.1661385875918582e-05   -0.000842439059654082   7.21044960097156e-05   -0.0008445280997329179   0.00014392584781072323   -0.0008437932592918819   0.00022850662112126874   -0.0008389931516188579   0.00032985056233812444   -0.0008273408086951016   0.0004547360817097586   -0.0008055806664430681   0.0006093208961285813   -0.0007687594821813331   0.0008051599528931452   -0.0007108347238136098   0.001055189379144331   -0.000619898032778663   0.001385762329389742   -0.00048031689037890467   0.0018324685334756062   -0.0002509935988585814   0.0024702362195648054   0.00012587904348347384   0.00340650448722024   0.0007629148538983687   0.004868844988949307   0.0019152297717339023   0.0073721362796640814   0.004226921754758452   0.012226926796145569   0.009645898071644479   0.023864197423702174   0.026662509586868704   0.06675869200619092   0.14109491375393204   0.5579170497602729   1.0   0.5931395965444959   0.04159234899817523   0.45495923467581517   0.6201078111802126   -0.05722531837111218   -0.24181242607651166   -0.21542204480135863   -0.2674088846737821   -0.1999009885127432   -0.08927276707987947   -0.07452853781282069   -0.09683850202133605   -0.058203336593191976   -0.026195737954367953   -0.06036464452494543   -0.0976830526545513   -0.10039239027269166   -0.08424343602235335   -0.08302561698010696   -0.07699048961908278   -0.055803960221995144   -0.0140912438494263   -0.0463903738733629   -0.034160237613821934   0.011834562020276652   -0.014605290614513291   -0.07851164196699613   -0.08312149460822998   -0.04143915174137015   
T_sec   15.0   15.5   16.0   16.5   17.0   17.5   18.0   18.5   19.0   19.5   20.0   20.5   21.0   21.5   22.0   22.5   23.0   23.5   24.0   24.5   25.0   25.5   26.0   26.5   27.0   27.5   28.0   28.5   29.0   29.5   30.0   30.5   31.0   31.5   32.0   32.5   33.0   33.5   34.0   34.5   35.0   35.5   36.0   36.5   37.0   37.5   38.0   38.5   39.0   39.5   40.0   40.5   41.0   41.5   42.0   42.5   43.0   43.5   44.0   44.5   45.0   45.5   46.0   46.5   47.0   47.5   48.0   48.5   49.0   49.5   50.0   50.5   51.0   51.5   52.0   52.5   53.0   53.5   54.0   54.5   55.0   
U12   -0.0011585039886337655   -0.0016274412342799534   -0.0011419547049133648   -0.0016396777808922647   -0.0011216179515519517   -0.0016499847818350372   -0.001098661492969541   -0.0016608444609441865   -0.001071165566735133   -0.0016699414887106586   -0.0010398418915847014   -0.001677716208949168   -0.0010017931668671756   -0.001682558739369527   -0.0009566933074127648   -0.0016842816462933675   -0.0009034418410676884   -0.0016827616858983408   -0.0008416769926113641   -0.0016767253328434308   -0.0007620655534724597   -0.001655802069081608   -0.0006630382061242316   -0.0016248369491525055   -0.0005437848735318951   -0.0015807539958568612   -0.00039820725819652403   -0.001518097071432988   -0.0002167937012928202   -0.0014265855271383301   1.3039585669065518e-05   -0.001294665188889317   0.0003138514983105114   -0.001097260925720681   0.0007169127858227907   -0.0008015948239447801   0.0012734546834396168   -0.0003430482245781654   0.00208236299654011   0.00040573158178298853   0.003332666666974468   0.0017030266790346387   0.005433193622215086   0.004160710375259515   0.009415007920794699   0.009486174347586418   0.018545769661792055   0.02404173172453031   0.04851527828742606   0.09057606882743327   0.3042484797560157   0.883267288394183   1.0   0.5383224921569956   0.6667290685951315   0.14914895347786178   -0.39641773205409386   -0.3493652617063407   -0.23959006268482655   -0.13244947459607329   -0.13058380624895305   -0.08134498961388135   -0.08525042964023112   -0.08627734200709637   -0.04734768005772416   -0.024599178887859313   -0.05459827784716594   -0.05506631006525452   -0.09236764837674115   -0.09195296315184487   -0.10703805626963549   -0.1242508301455713   -0.04422561394581243   -0.023151231898493937   -0.0467358972673307   0.004912305175078058   0.010023332066147693   -0.014455942064398602   -0.05372764604339368   -0.09767216433425888   -0.08582631203811616   
T_sec   15.0   15.5   16.0   16.5   17.0   17.5   18.0   18.5   19.0   19.5   20.0   20.5   21.0   21.5   22.0   22.5   23.0   23.5   24.0   24.5   25.0   25.5   26.0   26.5   27.0   27.5   28.0   28.5   29.0   29.5   30.0   30.5   31.0   31.5   32.0   32.5   33.0   33.5   34.0   34.5   35.0   35.5   36.0   36.5   37.0   37.5   38.0   38.5   39.0   39.5   40.0   40.5   41.0   41.5   42.0   42.5   43.0   43.5   44.0   44.5   45.0   45.5   46.0   46.5   47.0   47.5   48.0   48.5   49.0   49.5   50.0   50.5   51.0   51.5   52.0   52.5   53.0   53.5   54.0   54.5   55.0   
U13   -0.0021305122895426314   -0.0003917049070005003   -0.0021728196502693933   -0.0003431248943324721   -0.0022194851749343376   -0.00028744128571461575   -0.002263685247418837   -0.00022181008661493866   -0.002309027086998957   -0.00014822578438297173   -0.0023577298289611257   -6.576504829352573e-05   -0.0024093779476569493   2.6852504586703183e-05   -0.002465581140755218   0.00013114115095212193   -0.002524772762399487   0.000250135655758004   -0.0025891318945588503   0.00038595969755365385   -0.002657827485936527   0.0005446212270261135   -0.0027311395521264553   0.0007285209398236145   -0.0028111917716779414   0.000943722154290244   -0.002897029934847194   0.0012007818627627217   -0.0029895464933408044   0.00151139582617838   -0.0030890798646675053   0.0018921843552180252   -0.003191628650995315   0.0023734026411922817   -0.003291560052103596   0.002997555670546958   -0.0033776702255882748   0.0038372497623865723   -0.003419610806641839   0.005021323561133372   -0.0033543461280382187   0.006800806302885007   -0.003022841251062606   0.00971530655396161   -0.0019889599052615656   0.015158721427307422   0.0011908214391615107   0.02767232899703537   0.013089347425708256   0.07096934391817061   0.09561769376443478   0.5096111219473101   1.0   0.7673008066196867   0.18274799196556374   -0.3359068322132224   -0.26036179093703304   -0.19144372199938423   -0.09912175789076813   -0.07535950596043259   -0.06885264610346659   -0.09617027822510812   -0.05162497942766857   -0.04252719843906635   -0.0273199462020944   -0.040238080433046636   -0.02355390617349025   -0.020508442080552858   -0.05341339464677713   -0.08366218953971513   -0.08817701146850261   -0.09583343864190487   -0.038318174796315704   -0.047002555463192555   0.0010001271715032625   0.010218156111565364   0.016115571500221627   -0.017755302273707137   -0.015305378247910579   -0.07024622090575017   -0.07240334481604575   
T_sec   15.0   15.5   16.0   16.5   17.0   17.5   18.0   18.5   19.0   19.5   20.0   20.5   21.0   21.5   22.0   22.5   23.0   23.5   24.0   24.5   25.0   25.5   26.0   26.5   27.0   27.5   28.0   28.5   29.0   29.5   30.0   30.5   31.0   31.5   32.0   32.5   33.0   33.5   34.0   34.5   35.0   35.5   36.0   36.5   37.0   37.5   38.0   38.5   39.0   39.5   40.0   40.5   41.0   41.5   42.0   42.5   43.0   43.5   44.0   44.5   45.0   45.5   46.0   46.5   47.0   47.5   48.0   48.5   49.0   49.5   50.0   50.5   51.0   51.5   52.0   52.5   53.0   53.5   54.0   54.5   55.0   
U14   -0.0009809261332684096   -0.0015041060049766834   -0.000962219507587467   -0.0015114474979438706   -0.0009411499945848473   -0.0015186633200688312   -0.000916963630388438   -0.001524849192090966   -0.0008894826652137643   -0.001531202863258812   -0.0008578187224678751   -0.001535113297336017   -0.0008204157634835543   -0.0015370521170150458   -0.0007774082009816408   -0.0015380389188399083   -0.00072797963858896   -0.0015368869242614012   -0.0006710048218956302   -0.0015335205726652304   -0.0006047668571224207   -0.0015269243936355985   -0.0005267746874769215   -0.0015158436831249158   -0.00043369588679312147   -0.001498045651704548   -0.00032133021714023655   -0.001470462737273225   -0.0001834296545526177   -0.0014289584615025214   -1.0869506156365363e-05   -0.001367372249803536   0.00021069023552613937   -0.0012719410534451378   0.000504027513334724   -0.001123326607993592   0.0009058423455168203   -0.0008841487731962572   0.001484564037779043   -0.0004808522091760484   0.002367201187944752   0.0002355467388530943   0.0038220232080227352   0.0016226644558285407   0.006504308031282489   0.004680976572675577   0.012379638166545451   0.013018047880496571   0.02981897686173498   0.048273904262212876   0.14274232750814425   0.4613298409463295   1.0   0.7267583890251228   -0.1382482951566123   -0.28731523167098444   -0.19103821004995325   -0.13400940749159285   -0.09022121183157308   -0.05920508905299319   -0.07494573226694017   -0.08280415318035073   -0.04325194686803621   -0.019798039179941128   -0.040752432775919396   -0.026736798902109147   -0.007882100960592123   -0.011489756103890103   -0.04606050813454565   -0.08888841637798207   -0.08494907501687406   -0.06920248536797681   -0.05724625036557374   -0.014362696594197982   0.020102089707603875   0.018877198839659888   0.004721926573786806   0.0053169213314546914   -0.014657262595076367   -0.046722825619066016   -0.0887063272932102   
T_sec   15.0   15.5   16.0   16.5   17.0   17.5   18.0   18.5   19.0   19.5   20.0   20.5   21.0   21.5   22.0   22.5   23.0   23.5   24.0   24.5   25.0   25.5   26.0   26.5   27.0   27.5   28.0   28.5   29.0   29.5   30.0   30.5   31.0   31.5   32.0   32.5   33.0   33.5   34.0   34.5   35.0   35.5   36.0   36.5   37.0   37.5   38.0   38.5   39.0   39.5   40.0   40.5   41.0   41.5   42.0   42.5   43.0   43.5   44.0   44.5   45.0   45.5   46.0   46.5   47.0   47.5   48.0   48.5   49.0   49.5   50.0   50.5   51.0   51.5   52.0   52.5   53.0   53.5   54.0   54.5   55.0   
U15   -0.000872428255096021   -0.0020083100663319444   -0.0008323092302706188   -0.002023645995816763   -0.0007879767972341235   -0.0020382125397925607   -0.000739457130638532   -0.002054139952444077   -0.000685651072790076   -0.0020701249635451976   -0.0006252239474340469   -0.0020859660673673694   -0.0005577570312145343   -0.002102636797489983   -0.00048196797941181286   -0.0021188338836869254   -0.0003964174349321959   -0.0021353843099168202   -0.00029892279784075155   -0.002150827265111231   -0.00018687228564724816   -0.00216578456375971   -5.712023469816017e-05   -0.002178626862729939   9.495500960511124e-05   -0.0021875306406420854   0.00027717833553387173   -0.002189065015427112   0.000497976541741297   -0.0021807726385953737   0.0007705132392865414   -0.0021530543322965815   0.001115436692562124   -0.0020962402862118802   0.0015658783604508724   -0.0019858824263310447   0.0021743356037393956   -0.0017819667107408599   0.003037376363116749   -0.0013984197060681813   0.004339997553634778   -0.000652181528123047   0.006478467842673463   0.0009156408828463585   0.01043249876331169   0.00464647627315569   0.019324306470780983   0.015972384197135377   0.04820468744711367   0.07890586595410584   0.31712585205025345   0.7531171518200781   1.0   0.5883052081331714   -0.21985515990901278   -0.2872141790983065   -0.20847874282368678   -0.12848978593076038   -0.11055981726181334   -0.08964853670854651   -0.09664156272387527   -0.08543020044686515   -0.05602488472439323   -0.03415272362513631   -0.049558675372700374   -0.01768066478829934   -0.013892859063577068   -0.0335765891406938   -0.07809910009058305   -0.10730409443401509   -0.08752822036244022   -0.0899781139582611   -0.06510670378175208   0.023275741536646525   0.031078295538393735   0.021167142845194165   0.0094041939288499   0.008834067018827297   -0.025283281672907366   -0.06707099413867859   -0.11346696034983447   
T_sec   15.0   15.5   16.0   16.5   17.0   17.5   18.0   18.5   19.0   19.5   20.0   20.5   21.0   21.5   22.0   22.5   23.0   23.5   24.0   24.5   25.0   25.5   26.0   26.5   27.0   27.5   28.0   28.5   29.0   29.5   30.0   30.5   31.0   31.5   32.0   32.5   33.0   33.5   34.0   34.5   35.0   35.5   36.0   36.5   37.0   37.5   38.0   38.5   39.0   39.5   40.0   40.5   41.0   41.5   42.0   42.5   43.0   43.5   44.0   44.5   45.0   45.5   46.0   46.5   47.0   47.5   48.0   48.5   49.0   49.5   50.0   50.5   51.0   51.5   52.0   52.5   53.0   53.5   54.0   54.5   55.0   
U16   -0.0009731421676598465   -0.0022344414130105496   -0.0009234872306720367   -0.002252601465361351   -0.000869415518607362   -0.0022716026784485636   -0.0008094882983130486   -0.0022919154959894724   -0.0007428574677243598   -0.0023119593697458253   -0.0006683188183792799   -0.002333534762248191   -0.0005852551960129172   -0.0023560369472983783   -0.0004921855517915341   -0.0023799190907222933   -0.0003870028921417152   -0.002405202411061419   -0.00026728285588281675   -0.0024307206506478133   -0.00012985176694254298   -0.0024562358596523057   2.9936309110357634e-05   -0.002481790475157863   0.0002169300946371736   -0.0025050519818286005   0.0004408621962596131   -0.002523104356671926   0.0007118795869342408   -0.0025337439108918036   0.0010460446444777946   -0.002530059487937465   0.0014676888854445462   -0.002498942624194884   0.0020172501565794217   -0.00241912181001991   0.0027582459317022695   -0.002246502046482226   0.0038095299244630836   -0.0018923552957293532   0.005392985134174289   -0.001155889717192669   0.007987119763215079   0.00046452797731047496   0.012790270843455291   0.004534755276955792   0.02367694969168608   0.01777368257060574   0.060540212449324775   0.10715621541794838   0.43439781922436804   0.8172887177927496   1.0   0.604815489936505   -0.186379668546081   -0.3179852066986719   -0.23051451471342088   -0.14076122876146177   -0.12755892041438932   -0.10332035537577046   -0.10668334656491787   -0.09175063938390786   -0.06667761392046426   -0.04115283203042533   -0.050076955095151185   -0.023246299988396866   -0.023293395387937645   -0.04346379630976979   -0.08903170669332992   -0.11108375270156746   -0.10389655839178011   -0.09789906870743219   -0.06114327725920399   0.02223767945957649   0.033635175676143686   0.023827592598039293   0.00944174342251222   0.005906309597433088   -0.031922604304360586   -0.0792423558718113   -0.11226334805759729   
T_sec   15.0   15.5   16.0   16.5   17.0   17.5   18.0   18.5   19.0   19.5   20.0   20.5   21.0   21.5   22.0   22.5   23.0   23.5   24.0   24.5   25.0   25.5   26.0   26.5   27.0   27.5   28.0   28.5   29.0   29.5   30.0   30.5   31.0   31.5   32.0   32.5   33.0   33.5   34.0   34.5   35.0   35.5   36.0   36.5   37.0   37.5   38.0   38.5   39.0   39.5   40.0   40.5   41.0   41.5   42.0   42.5   43.0   43.5   44.0   44.5   45.0   45.5   46.0   46.5   47.0   47.5   48.0   48.5   49.0   49.5   50.0   50.5   51.0   51.5   52.0   52.5   53.0   53.5   54.0   54.5   55.0   
U17   -0.0018378118090422132   -0.0018710660626315924   -0.0018001665892017277   -0.0018350910776987657   -0.0017577677511675513   -0.001795495985829674   -0.0017117420728984575   -0.0017521335232341013   -0.0016602264574845924   -0.0017038906005833955   -0.0016032106384533638   -0.0016503459594520917   -0.0015394288094371389   -0.0015917023247856792   -0.001468308781154367   -0.0015231535003418094   -0.001384815495627967   -0.0014454026252987925   -0.0012891509319767791   -0.0013559052987668137   -0.0011776672663958935   -0.0012496620665290762   -0.0010441416094387835   -0.001121968876167876   -0.0008813818794711616   -0.000968681586579161   -0.0006903265247712192   -0.0007894131609127706   -0.0004519542282491338   -0.0005570319520623581   -0.00013853082104038966   -0.00024700230662498204   0.00028508223213711046   0.00017661962786518458   0.0008795930556082225   0.0007877523389686425   0.0017567190208135773   0.001713663115283103   0.0031327712321507525   0.0032204965293447627   0.0054745174529311404   0.005918634377193484   0.009955148168626193   0.011527686363555424   0.020364459952159627   0.02683654644693451   0.056350687913082786   0.11580162672301143   0.45381921009869275   0.7991809497795842   0.62244815951267   0.7255479251562892   1.0   0.5611359524775476   -0.14824582781838322   -0.3782425805775601   -0.27650281262337834   -0.24740404418478215   -0.22172051949954116   -0.16687143879565677   -0.15516363248913365   -0.15518236747753708   -0.1189795909063469   -0.0888768685945098   -0.08209460794450699   -0.07431277561620778   -0.07528904331837484   -0.07259662248409861   -0.10552622118112194   -0.15032821362882526   -0.10672266153588224   -0.06211070984752528   -0.04229433254391521   0.025703498403043923   0.05554752472278595   0.022720552904289044   -0.007535793196069333   -0.04823859421226048   -0.06497874480642875   -0.06785987084196167   -0.08662079504864312   
T_sec   15.0   15.5   16.0   16.5   17.0   17.5   18.0   18.5   19.0   19.5   20.0   20.5   21.0   21.5   22.0   22.5   23.0   23.5   24.0   24.5   25.0   25.5   26.0   26.5   27.0   27.5   28.0   28.5   29.0   29.5   30.0   30.5   31.0   31.5   32.0   32.5   33.0   33.5   34.0   34.5   35.0   35.5   36.0   36.5   37.0   37.5   38.0   38.5   39.0   39.5   40.0   40.5   41.0   41.5   42.0   42.5   43.0   43.5   44.0   44.5   45.0   45.5   46.0   46.5   47.0   47.5   48.0   48.5   49.0   49.5   50.0   50.5   51.0   51.5   52.0   52.5   53.0   53.5   54.0   54.5   55.0   
U18   -0.0015229928160012032   -0.002085380566800318   -0.001468846440347   -0.002058139261706915   -0.0014099085881810632   -0.0020278635049033   -0.0013455187591595234   -0.001995064133118287   -0.0012754017591740745   -0.0019585553102761796   -0.0011976014461322225   -0.0019170946943373511   -0.0011105292501616235   -0.0018694643789998072   -0.0010124018720597317   -0.0018145968838739267   -0.0009011185779068199   -0.0017505374497501854   -0.0007734980755333577   -0.0016737911804209562   -0.0006237902196536064   -0.0015818634589108702   -0.00045582968536358537   -0.001482216014169851   -0.0002614797827514894   -0.0013556448252851352   -2.238402278599077e-05   -0.0011908031151718842   0.00027763176055036333   -0.0009702988575726545   0.000664921023158766   -0.0006655062533960199   0.001180862957189681   -0.0002306350180664619   0.0018941316893941451   0.00041733036489963545   0.0029301124397978877   0.001441013083857471   0.004537961411236053   0.003174979015346677   0.0072518486022769705   0.006438108371960341   0.012468002580068176   0.013676619446179287   0.0249134310856129   0.035778477556812065   0.07388725265553207   0.2122064318533057   0.6498957463872075   0.8326632890613651   0.5308528443059648   0.7791889986223534   1.0   0.4974735254800595   -0.14785685960249823   -0.3477427492160935   -0.30552366734986036   -0.2732080585977355   -0.2359365621518246   -0.17472258394140333   -0.1783830218115722   -0.1725693357035626   -0.1315732281512145   -0.09725319187048473   -0.0916902602946499   -0.08157046030960229   -0.08026911108377476   -0.06531000883237223   -0.11630302881045246   -0.1472484515810931   -0.09218563083263694   -0.06354975682059033   -0.04266171409696507   0.032444916910449505   0.05579148767466879   0.017197736468030356   -0.02150432012935646   -0.05784986973158521   -0.05462830027397427   -0.06134118413695358   -0.08738246123165835   
T_sec   15.0   15.5   16.0   16.5   17.0   17.5   18.0   18.5   19.0   19.5   20.0   20.5   21.0   21.5   22.0   22.5   23.0   23.5   24.0   24.5   25.0   25.5   26.0   26.5   27.0   27.5   28.0   28.5   29.0   29.5   30.0   30.5   31.0   31.5   32.0   32.5   33.0   33.5   34.0   34.5   35.0   35.5   36.0   36.5   37.0   37.5   38.0   38.5   39.0   39.5   40.0   40.5   41.0   41.5   42.0   42.5   43.0   43.5   44.0   44.5   45.0   45.5   46.0   46.5   47.0   47.5   48.0   48.5   49.0   49.5   50.0   50.5   51.0   51.5   52.0   52.5   53.0   53.5   54.0   54.5   55.0   
U19   -0.001722043921126605   -0.0012272711751709698   -0.0016950504705071053   -0.001168745867489649   -0.0016656862649755775   -0.0011038812806499327   -0.001632918657866864   -0.0010303893096400179   -0.0015947030183257047   -0.0009454535761849013   -0.0015507732672887888   -0.0008560260728240551   -0.0015147947524472936   -0.0007620191220534175   -0.001472747598249637   -0.0006506501295966498   -0.0014215209435538695   -0.000518028021979213   -0.0013583139211404123   -0.00035835580948403707   -0.0012789636556815752   -0.00016308534893040366   -0.0011782856038992757   7.782468417749156e-05   -0.0010498455914639182   0.0003809753628979758   -0.0008797561632766039   0.000771147730878949   -0.0006502666515955864   0.0012859938271329763   -0.00032962590904638553   0.0019851510185205767   0.00013193201611882627   0.0029678848795725555   0.0008272659112502238   0.004415863139878248   0.0019379279142097813   0.006679887337624927   0.0038485632433643726   0.010525068080550527   0.007538531517363943   0.01795326120877406   0.016093312214170475   0.0359053703623747   0.044653947956323436   0.11197466083024066   0.32823555502629687   0.9244896493532202   0.9299229147679521   0.4954434869104657   0.7079977773081074   0.9120672307550712   1.0   0.21810283401588437   -0.0648139597994341   -0.1853562199306913   -0.43381886476724457   -0.3546488887727875   -0.30050420187580484   -0.2704143549818689   -0.2605549068403503   -0.1892614299942288   -0.15113140284460028   -0.15123608628138466   -0.1364983947557931   -0.07953612777532143   -0.052002794510989984   -0.11052160492832415   -0.13329218180046704   -0.09799288193034952   -0.07754026104217895   -0.08051167376439507   -0.01323154022029076   0.04867270121487766   0.027310290080640245   -0.010856107795166802   -0.05694893292578352   -0.01636213056066179   -0.03272870588215021   -0.061322795523393266   -0.07198235797214153   
T_sec   15.0   15.5   16.0   16.5   17.0   17.5   18.0   18.5   19.0   19.5   20.0   20.5   21.0   21.5   22.0   22.5   23.0   23.5   24.0   24.5   25.0   25.5   26.0   26.5   27.0   27.5   28.0   28.5   29.0   29.5   30.0   30.5   31.0   31.5   32.0   32.5   33.0   33.5   34.0   34.5   35.0   35.5   36.0   36.5   37.0   37.5   38.0   38.5   39.0   39.5   40.0   40.5   41.0   41.5   42.0   42.5   43.0   43.5   44.0   44.5   45.0   45.5   46.0   46.5   47.0   47.5   48.0   48.5   49.0   49.5   50.0   50.5   51.0   51.5   52.0   52.5   53.0   53.5   54.0   54.5   55.0   
U20   -0.00018834097595327442   -0.002055307686607314   -9.886858910270431e-05   -0.002093444435179746   2.8296118418106864e-06   -0.0021390060340046456   0.00010492090391903956   -0.0021947619548597923   0.00022042031681115056   -0.0022528847814349755   0.0003533795585158858   -0.002313806944113987   0.0005071484132740923   -0.0023768519194608765   0.0006870414960624496   -0.002442776460647276   0.0008977820832360089   -0.002510107951814528   0.0011473122050130985   -0.0025798791458195385   0.0014462840141287005   -0.0026499638261493217   0.0018106413555128505   -0.0027147868683055857   0.0022593420741577764   -0.0027708206858008755   0.002823514629212598   -0.0028121215370193395   0.0035482067095272585   -0.002822495602594353   0.00450066800312815   -0.0027792557997122058   0.0057967160407611015   -0.002632818272815699   0.007636535579520137   -0.0022827050070147125   0.01039916890534171   -0.0015145936685045211   0.01488151397378968   0.00023346409650951445   0.023060897450460645   0.004702527989927414   0.041213666667349685   0.019883321711236163   0.10188110895878798   0.13697428565236827   0.8169317986685372   1.0   0.5081882440026484   0.5930121177150246   0.5794302012547405   0.9675795504994875   0.8270660689091607   -0.01010112269884274   0.1070338883084025   -0.09035875302045078   -0.41816834132894415   -0.38235486274421   -0.3230329646279654   -0.25619854947127974   -0.2332604644159566   -0.1626417254004637   -0.14482697729797328   -0.16930211640592902   -0.14772769485228596   -0.038242986345351636   -0.0968510177329449   -0.10058762009548174   -0.09403370390767668   -0.07671757549529133   -0.05939943491364491   -0.0745352628772643   0.008359713305852017   0.03688230435729783   0.010116118424144326   -0.04094967102747661   0.00012952284776569672   -0.0006725473179161138   -0.018389239768705313   -0.047820145951744567   -0.05936963751469843   
T_sec   15.0   15.5   16.0   16.5   17.0   17.5   18.0   18.5   19.0   19.5   20.0   20.5   21.0   21.5   22.0   22.5   23.0   23.5   24.0   24.5   25.0   25.5   26.0   26.5   27.0   27.5   28.0   28.5   29.0   29.5   30.0   30.5   31.0   31.5   32.0   32.5   33.0   33.5   34.0   34.5   35.0   35.5   36.0   36.5   37.0   37.5   38.0   38.5   39.0   39.5   40.0   40.5   41.0   41.5   42.0   42.5   43.0   43.5   44.0   44.5   45.0   45.5   46.0   46.5   47.0   47.5   48.0   48.5   49.0   49.5   50.0   50.5   51.0   51.5   52.0   52.5   53.0   53.5   54.0   54.5   55.0   
U21   -0.0007222672084693033   -0.000758451813156504   -0.0007238332721367536   -0.0007592348449902291   -0.0007209985403432256   -0.0007545273946767594   -0.0007120129565097749   -0.000745697262189297   -0.0006967067985076591   -0.0007315463696833815   -0.000673490472575556   -0.0007114992083306553   -0.0006417649397912355   -0.0006843577002866585   -0.0005956389427795209   -0.0006445322315570723   -0.0005309049383020486   -0.0005907491225441848   -0.0004439451627315659   -0.0005208668007521882   -0.00032813489278273327   -0.0004277980548811886   -0.00016882413547455232   -0.00029962255449384525   5.345965425311646e-05   -0.00012195527073880711   0.0003655825821599386   0.0001261694952158515   0.0008110582513672591   0.00048081696016204266   0.0014656652048682694   0.0010049750620305343   0.002463283749640842   0.001813492563321479   0.00405760834886809   0.003135020200632971   0.006794341123918612   0.005507291125557651   0.01204151233529082   0.010439115901152603   0.024131453228310853   0.023937512268325124   0.06473706149687396   0.09783095502369436   0.4923550589016951   1.0   0.6164558670434467   0.4552752602732977   0.37488061912132403   0.41408743272088344   0.4034775087780803   0.6651750433500229   0.31346650029353595   -0.17807808725517815   0.018290976788571722   -0.008954438304020877   -0.3024069472459486   -0.3448978405478672   -0.21061798015345104   -0.16952732282738134   -0.1464218174261237   -0.125859127500478   -0.1456785338395293   -0.1487951064672977   -0.12521838828287066   -0.13038772527770867   -0.0732968674715158   -0.04497037352224774   -0.05733126083004184   -0.03572212798604615   -0.009694534031380063   -0.042371828078078606   0.007736732123310618   -0.041999370133930264   -0.04099025602189127   0.012283502440916968   0.029799460127353503   0.006953268679948701   -0.00726400415818975   -0.03580795131374459   -0.007318102176362072   
T_sec   15.0   15.5   16.0   16.5   17.0   17.5   18.0   18.5   19.0   19.5   20.0   20.5   21.0   21.5   22.0   22.5   23.0   23.5   24.0   24.5   25.0   25.5   26.0   26.5   27.0   27.5   28.0   28.5   29.0   29.5   30.0   30.5   31.0   31.5   32.0   32.5   33.0   33.5   34.0   34.5   35.0   35.5   36.0   36.5   37.0   37.5   38.0   38.5   39.0   39.5   40.0   40.5   41.0   41.5   42.0   42.5   43.0   43.5   44.0   44.5   45.0   45.5   46.0   46.5   47.0   47.5   48.0   48.5   49.0   49.5   50.0   50.5   51.0   51.5   52.0   52.5   53.0   53.5   54.0   54.5   55.0   
U22   -0.0008012298174274105   -0.0008975947074678931   -0.000804917715512176   -0.0009060576112452647   -0.0008039656014438096   -0.0009105708035800036   -0.0007978343263868418   -0.0009105205842877966   -0.0007855952131984892   -0.0009058030534891364   -0.0007667334605702625   -0.0008932669108337794   -0.0007354533511644735   -0.000868754931254817   -0.0006895322318194987   -0.000831577681953298   -0.0006280291812917172   -0.0007792799545027621   -0.0005438386297925633   -0.000703218211009263   -0.00042657368355986943   -0.0005926285544190889   -0.00026279253839388294   -0.00043474862810396813   -3.5660146688526235e-05   -0.00021025441886032056   0.00028337812398958014   0.00011380343933287877   0.0007407285358847913   0.0005915691742289461   0.0014144479687686427   0.0013139592346001865   0.002439175521870105   0.0024535028932411987   0.004082776610109655   0.004368533227200389   0.006931207407564671   0.00791754242449608   0.012499117113434611   0.01563841562611943   0.025872544491674903   0.0386410868039143   0.07676117948969048   0.20849425635257032   0.7371996889488324   1.0   0.6478481226030286   0.44305042354818375   0.4173556269535826   0.41081919756596447   0.46841422622240125   0.6397620697057225   0.3091628047396107   -0.15079247974906765   -0.03338497182059251   0.0015713127746632405   -0.26810447867661485   -0.3476917609285284   -0.2259750695616055   -0.16829159502430355   -0.1603646436777661   -0.15048681776374462   -0.16000792603997588   -0.15905339997543455   -0.16013730520341382   -0.14064646383720247   -0.0822820699961047   -0.04884858991763753   -0.05778447355368253   -0.029915931305348323   -0.01626239158880008   -0.030110831222470397   -0.017453430999734145   -0.03966300794215909   -0.03075584672484985   0.019406197377203224   0.03469206642525525   0.014760688319954553   -0.008829570990644202   -0.028572286691468718   -0.0013444989497703426   
T_sec   15.0   15.5   16.0   16.5   17.0   17.5   18.0   18.5   19.0   19.5   20.0   20.5   21.0   21.5   22.0   22.5   23.0   23.5   24.0   24.5   25.0   25.5   26.0   26.5   27.0   27.5   28.0   28.5   29.0   29.5   30.0   30.5   31.0   31.5   32.0   32.5   33.0   33.5   34.0   34.5   35.0   35.5   36.0   36.5   37.0   37.5   38.0   38.5   39.0   39.5   40.0   40.5   41.0   41.5   42.0   42.5   43.0   43.5   44.0   44.5   45.0   45.5   46.0   46.5   47.0   47.5   48.0   48.5   49.0   49.5   50.0   50.5   51.0   51.5   52.0   52.5   53.0   53.5   54.0   54.5   55.0   
U23   -0.0014388218667360643   -0.0005061661993514946   -0.001490239496697018   -0.0005061372734028126   -0.0015427886595056294   -0.000500826031375966   -0.0015933810892775511   -0.0004866652628900052   -0.001640784397112936   -0.0004618680783126653   -0.0016831692325284123   -0.000423715677462749   -0.001719480297540037   -0.00036925047552564946   -0.0017471911206306098   -0.0002924956091546472   -0.0017605171671174074   -0.00018489404000493034   -0.0017533157253675933   -3.806981576589712e-05   -0.0017217470083802139   0.00015774725794071205   -0.0016517539410054228   0.0004275159373674113   -0.0015226246965792253   0.0008032463729637782   -0.0013019589867554764   0.0013362310864360987   -0.0009361671272572161   0.002113312058590276   -0.00033216928553147704   0.0032851904606886876   0.0006982623386444537   0.005162592478588853   0.0025492599133746597   0.008421382766557257   0.006228541646919867   0.014904832769008149   0.014923995262248694   0.03136020270905718   0.04452420291249636   0.10957327403928004   0.34261791800077424   0.8986409186880132   1.0   0.4909592589645903   0.3288751650771661   0.30957524344916976   0.27777170166771686   0.27455387897660727   0.32646015736072376   0.39769471424510433   0.08528058882585533   -0.2449318485550543   -0.061848605393868133   -0.03701712561119771   -0.056679808229326854   -0.15500580724880536   -0.15620625317618483   -0.15777825461236752   -0.17985218570327652   -0.16633238615387932   -0.13681097403856007   -0.17648050008096947   -0.16150074147883786   -0.10338342001042343   -0.0739056876322574   -0.052051986936256546   -0.02479423659761557   0.0003805890216012767   -0.008800565976201427   -0.05500029853096688   -0.051665360198373304   -0.02092704979935871   0.008215155305322543   0.019700363505755568   0.034030877415931804   0.008259892593992629   -0.0031424816079254152   -0.014238487374001777   0.028473484816588266   
T_sec   15.0   15.5   16.0   16.5   17.0   17.5   18.0   18.5   19.0   19.5   20.0   20.5   21.0   21.5   22.0   22.5   23.0   23.5   24.0   24.5   25.0   25.5   26.0   26.5   27.0   27.5   28.0   28.5   29.0   29.5   30.0   30.5   31.0   31.5   32.0   32.5   33.0   33.5   34.0   34.5   35.0   35.5   36.0   36.5   37.0   37.5   38.0   38.5   39.0   39.5   40.0   40.5   41.0   41.5   42.0   42.5   43.0   43.5   44.0   44.5   45.0   45.5   46.0   46.5   47.0   47.5   48.0   48.5   49.0   49.5   50.0   50.5   51.0   51.5   52.0   52.5   53.0   53.5   54.0   54.5   55.0   
U24   -0.0011747701120303762   -0.0011798084286421694   -0.0012135381489593298   -0.0012226169574999996   -0.0012476774246192523   -0.001261394102449191   -0.0012753673505456807   -0.0012953143722460884   -0.001296430807880755   -0.0013265300544287586   -0.0013108017758376618   -0.001350515972918511   -0.0013114485530839248   -0.0013634763705706737   -0.001294405776497719   -0.001361460910024833   -0.0012533126557744796   -0.0013378071534256417   -0.0011772531730081305   -0.0012851817518898412   -0.0010563139203941085   -0.001192979443082375   -0.0008710808279451166   -0.0010420233789194472   -0.000591231320648486   -0.0008027551374553032   -0.00016737691710982307   -0.00042314175470454927   0.00048650502720333234   0.000191801192393424   0.0015277785595148152   0.00122620899960146   0.0032722512485114773   0.003087650437664147   0.006450724698472912   0.006834374892406341   0.013099617216495543   0.016035489580880895   0.031292398624007796   0.050620214135054714   0.13725243097639908   0.43208522351833223   1.0   0.871913906228934   0.2663529932651221   0.22739080993003213   0.1843387042234006   0.18978506282087665   0.13449071401900814   0.12460858756719671   0.15534746468337093   0.2869410822024448   -0.021261883652640916   -0.21333941214930643   -0.08025088609004498   -0.03027958129775771   0.08817825444604273   -0.026420110336651058   -0.13951106666767057   -0.18897957866495127   -0.1724614482853482   -0.12645476116378987   -0.15652119817007154   -0.14978286449470002   -0.08319679174489801   -0.0762218229961792   -0.06719571785270304   -0.036207176923276234   -0.010344481215933675   0.0001802829403971283   -0.03878939426832333   -0.07554655580204615   -0.0035479458587896313   0.0035640222953171466   0.010932648152659617   0.010761017831488345   0.013590455144130638   0.005860113064488955   0.00968699639320859   0.004149552219845676   0.030322053244792636   
T_sec   15.0   15.5   16.0   16.5   17.0   17.5   18.0   18.5   19.0   19.5   20.0   20.5   21.0   21.5   22.0   22.5   23.0   23.5   24.0   24.5   25.0   25.5   26.0   26.5   27.0   27.5   28.0   28.5   29.0   29.5   30.0   30.5   31.0   31.5   32.0   32.5   33.0   33.5   34.0   34.5   35.0   35.5   36.0   36.5   37.0   37.5   38.0   38.5   39.0   39.5   40.0   40.5   41.0   41.5   42.0   42.5   43.0   43.5   44.0   44.5   45.0   45.5   46.0   46.5   47.0   47.5   48.0   48.5   49.0   49.5   50.0   50.5   51.0   51.5   52.0   52.5   53.0   53.5   54.0   54.5   55.0   
U25   -0.002041566010345016   -0.000362389087767233   -0.0021448717182988874   -0.0003429058141439257   -0.0022522478162366783   -0.00031350429105863177   -0.00236196797903254   -0.00027028206652797497   -0.0024740263948264396   -0.0002117012820284738   -0.002589093110090906   -0.00013389113456278967   -0.0027064653898695276   -3.2055716035562566e-05   -0.0028261202837727944   9.990350445580727e-05   -0.0029439022516096628   0.00027464391570878726   -0.0030556538675633933   0.0005053252772799009   -0.003156509417305689   0.0008113971902392174   -0.0032357368582305243   0.0012247651894031124   -0.0032746662034726336   0.001794506362610347   -0.0032397824132698884   0.0026030216918429116   -0.003065836752165539   0.0037966510896362965   -0.0026161519016142105   0.005673055428523345   -0.0015671361486195806   0.008896924590569961   0.0009699632132290377   0.01531830013820748   0.008144914424824179   0.0321930053960418   0.037980934355036446   0.12418447679773581   0.4186570572734664   1.0   0.5664648160432401   0.07124542501043468   0.12967061704842672   0.10006650023535281   0.09251723021416285   0.03334170125195433   0.058188607719414455   0.05344242882270718   0.1477460585258991   0.2448047136543287   -0.08836567132725959   -0.17604393719530192   -0.06944861762773206   0.02985780028837641   0.12451918504389088   0.013141454223834195   -0.13585042485851742   -0.15933376980288466   -0.10508332956149861   -0.14317405371873995   -0.1042051092581918   -0.0644353762287892   -0.048427692483537566   -0.06080804657759287   -0.030540177303262528   -0.040517425951988435   -0.03288079047256512   -0.030384703177378226   -0.052707166930037845   0.002774600747494978   0.02117951234670175   0.0036961762275271055   0.007020270359635541   -0.0010580101857226587   0.010679457703607413   0.009817537300260686   0.022599103626340294   -0.007437198219874046   0.014961930962550121   
T_sec   15.0   15.5   16.0   16.5   17.0   17.5   18.0   18.5   19.0   19.5   20.0   20.5   21.0   21.5   22.0   22.5   23.0   23.5   24.0   24.5   25.0   25.5   26.0   26.5   27.0   27.5   28.0   28.5   29.0   29.5   30.0   30.5   31.0   31.5   32.0   32.5   33.0   33.5   34.0   34.5   35.0   35.5   36.0   36.5   37.0   37.5   38.0   38.5   39.0   39.5   40.0   40.5   41.0   41.5   42.0   42.5   43.0   43.5   44.0   44.5   45.0   45.5   46.0   46.5   47.0   47.5   48.0   48.5   49.0   49.5   50.0   50.5   51.0   51.5   52.0   52.5   53.0   53.5   54.0   54.5   55.0   
U26   -0.0020439734200722584   -0.0014010724025086663   -0.0021251554383278208   -0.0014230391072132427   -0.002204813308506428   -0.0014361220873427931   -0.0022829728645387343   -0.0014378241406908983   -0.002358549117225026   -0.0014244540012490936   -0.0024289501459277773   -0.0013905006039353369   -0.002490984128668583   -0.0013298845551370738   -0.002541855351776482   -0.0012340866657763539   -0.0025761503470123326   -0.0010897856576363946   -0.0025849251225921696   -0.0008777215063005572   -0.0025544536926441312   -0.0005683912129170895   -0.0024630132916364585   -0.00011431537325339565   -0.002271854267996019   0.0005658046974519221   -0.0019082191216653718   0.0016199481227419839   -0.0012264665460358618   0.0033401955951414537   9.660146551931809e-05   0.006393985855030606   0.002923434765343238   0.012585236780596733   0.010142878577675632   0.028611327345888938   0.03689054117350852   0.10349321185474271   0.3223772212204888   1.0   0.9480720514379037   0.16144378506817955   0.04392004613682173   0.05265763081025669   0.033283507131359684   0.024977713318723206   0.06656878814331675   0.043958169133760557   0.09293205728275239   0.1464352834667918   0.2336381192852895   0.12484472554255403   -0.15772649816361184   -0.13268998173130792   -0.0227538139329129   0.10190880598938219   0.10369149642923653   0.024853411020798317   -0.07341688313959059   -0.1773434773097173   -0.17480946732006436   -0.08382809145613594   -0.06085447502616695   -0.06642582167225251   -0.04706647336563575   -0.04188264285691135   -0.06437611855973094   -0.1084654937676715   -0.14178129510673643   -0.041687994422790225   0.032086761054791975   0.053014135464506645   0.04331091934365459   0.018559466144414227   0.0033701059902339625   0.005880680402802474   0.02430199043104963   0.030107052895400055   -0.0015295702574576859   0.00024878435575648503   0.035082127475724006   
T_sec   15.0   15.5   16.0   16.5   17.0   17.5   18.0   18.5   19.0   19.5   20.0   20.5   21.0   21.5   22.0   22.5   23.0   23.5   24.0   24.5   25.0   25.5   26.0   26.5   27.0   27.5   28.0   28.5   29.0   29.5   30.0   30.5   31.0   31.5   32.0   32.5   33.0   33.5   34.0   34.5   35.0   35.5   36.0   36.5   37.0   37.5   38.0   38.5   39.0   39.5   40.0   40.5   41.0   41.5   42.0   42.5   43.0   43.5   44.0   44.5   45.0   45.5   46.0   46.5   47.0   47.5   48.0   48.5   49.0   49.5   50.0   50.5   51.0   51.5   52.0   52.5   53.0   53.5   54.0   54.5   55.0   
U27   -0.0010806976203482155   -0.0025476650795364965   -0.0010852415334473963   -0.0026477530925713816   -0.001078182372953337   -0.0027473123477579236   -0.0010581298872189987   -0.0028477467502087592   -0.0010215666446006578   -0.002944416453772788   -0.000962732068698493   -0.0030348940816065026   -0.0008751712994184895   -0.0031208940206176546   -0.0007509017156876806   -0.0031930001156065956   -0.0005762459935198844   -0.0032492507124224895   -0.0003319603050752511   -0.0032731249127501325   1.2333424962511753e-05   -0.00324398227279902   0.0005021016825326852   -0.0031334720515556634   0.001216329840159657   -0.0028703419800012583   0.0023026641993798137   -0.002324906790561546   0.004044180242513444   -0.001190136673758614   0.007095150282847545   0.0013367335697894902   0.01320595077478216   0.007955499706999266   0.028797313181766548   0.03268225205731364   0.09848248809006387   0.28789963231734256   1.0   0.9693859707508098   0.11887746176962209   -0.023176919400143603   -0.0001553106554243127   -0.006981521988993718   0.026790373277180746   0.05973230617071234   0.05634816224177072   0.06995220200326312   0.13064904078885523   0.14206473202079234   0.15833886837050928   0.05881836610487892   -0.14181429759775427   -0.10914940334150817   -0.008425935122820772   0.08679183898234596   0.060985506913664715   0.05824780973176497   -0.07525212345822815   -0.17144016362684075   -0.10530441410085203   -0.054313682294073205   -0.06911329921153411   -0.04563209748195243   -0.03592193434408776   -0.05308722938581476   -0.09248725844743383   -0.14225576593222716   -0.09487985980139932   -0.007536630315737771   0.029349582997445875   0.06321219975385534   0.03645149844248728   0.015300444748968247   -0.0028411089358026387   0.01870483846198818   0.018318383500426628   0.007993769871569575   -0.002550531800130456   0.01706184482761022   0.026535774513901607   
T_sec   15.0   15.5   16.0   16.5   17.0   17.5   18.0   18.5   19.0   19.5   20.0   20.5   21.0   21.5   22.0   22.5   23.0   23.5   24.0   24.5   25.0   25.5   26.0   26.5   27.0   27.5   28.0   28.5   29.0   29.5   30.0   30.5   31.0   31.5   32.0   32.5   33.0   33.5   34.0   34.5   35.0   35.5   36.0   36.5   37.0   37.5   38.0   38.5   39.0   39.5   40.0   40.5   41.0   41.5   42.0   42.5   43.0   43.5   44.0   44.5   45.0   45.5   46.0   46.5   47.0   47.5   48.0   48.5   49.0   49.5   50.0   50.5   51.0   51.5   52.0   52.5   53.0   53.5   54.0   54.5   55.0   
U28   -0.002080371138084388   -0.001297981959421448   -0.002161148809035003   -0.0013165704344623905   -0.0022409093901451745   -0.0013254446833788566   -0.0023191590010169737   -0.0013220413054219292   -0.002394757224006088   -0.0013035077535744454   -0.0024666480536067684   -0.0012637132981140448   -0.0025315239780692275   -0.0011955460293304712   -0.002585203466030981   -0.0010884631979598118   -0.002623345748473124   -0.0009295340590743273   -0.0026379385728408696   -0.0006934299188817719   -0.002612692579827592   -0.00034346769361426284   -0.0025224821840797696   0.00018560952713713954   -0.0023179843429449094   0.0010113400377883548   -0.001904634410239334   0.0023611541455830607   -0.001071728669786935   0.00475416837305552   0.0007331743140862566   0.009575331159676254   0.005301881121761835   0.02170148342684094   0.021383652375591946   0.07209408766825136   0.16362680509705108   0.6764431385830408   1.0   0.22888612470948377   -0.10173031197210226   -0.0399571068772152   -0.02760123617742531   0.006428828060273992   0.046369265029257534   0.05288313977914472   0.045933311731417355   0.07719067436771986   0.10970932792571961   0.07965245503094028   0.07818017278489345   0.03928438269565939   -0.11141484451050658   -0.10123555381542597   -0.012013035850412102   0.04323930336168345   0.05312412450839125   0.01752138232715285   -0.07823838447620435   -0.08810541326573368   -0.05987567017030622   -0.05708275589444558   -0.04736477602500571   -0.029035953070706905   -0.034682463390797606   -0.05781832079305913   -0.10426324721766116   -0.09542542803174676   -0.018957541878199015   0.002947882783357117   0.025967088293463537   0.03459140815717446   0.015507604408979782   0.0010519940720413964   -5.0055925878505295e-05   0.010963201494821351   -0.0023238810343797385   -0.005184092008387889   0.004803270537130272   0.007529930526149434   0.01173075785638732   
T_sec   15.0   15.5   16.0   16.5   17.0   17.5   18.0   18.5   19.0   19.5   20.0   20.5   21.0   21.5   22.0   22.5   23.0   23.5   24.0   24.5   25.0   25.5   26.0   26.5   27.0   27.5   28.0   28.5   29.0   29.5   30.0   30.5   31.0   31.5   32.0   32.5   33.0   33.5   34.0   34.5   35.0   35.5   36.0   36.5   37.0   37.5   38.0   38.5   39.0   39.5   40.0   40.5   41.0   41.5   42.0   42.5   43.0   43.5   44.0   44.5   45.0   45.5   46.0   46.5   47.0   47.5   48.0   48.5   49.0   49.5   50.0   50.5   51.0   51.5   52.0   52.5   53.0   53.5   54.0   54.5   55.0   
U29   -0.0024571054378371223   -0.0013797311600835687   -0.00254790304601993   -0.001387130799046857   -0.002637326591840096   -0.0013814626639564575   -0.0027270092714878525   -0.0013620002412907855   -0.002814596911103025   -0.0013220500162028459   -0.002896822672462001   -0.0012539109497522183   -0.0029695945888019047   -0.00114798657186355   -0.0030329453533515585   -0.0009906332298149796   -0.0030704787828675644   -0.0007556939798900428   -0.003073035554649649   -0.00040937937527540404   -0.003016805312341479   0.00011005310532150206   -0.0028550344927575346   0.0009100842227614564   -0.0025093005779464107   0.0021980734904654326   -0.0017945581753479936   0.004432812444425106   -0.00025927837186753193   0.008783894559584575   0.0034677354495379386   0.01913290614181544   0.015273527257467697   0.05600100889245211   0.08961478456166118   0.4643172964929129   1.0   0.6093634668742222   0.02612854910990931   -0.15928812972268047   -0.07768837230983411   -0.018686017490934435   0.04078345406878654   0.06908842689140422   0.055843381991321266   0.05380303192686515   0.09093127938240188   0.08468206236748668   0.05074308068178154   0.039111160124159015   0.07892105658223318   0.004553971080159338   -0.11749089987053705   -0.12266127669335744   0.001461925653041507   0.0630168152713172   0.0046706436612003145   -0.011857985630275313   0.012740526709901282   -0.028543659103079936   -0.06633944665345747   -0.054813293917511025   -0.04172941018950305   -0.04988618327537479   -0.08705109530128917   -0.1051102784675902   -0.05477351415756849   -0.018838776134824185   0.0018954948675699334   -0.000677181616883888   0.0003889354847911202   0.010580766830915701   0.016979747812285267   0.017070899119987243   0.0009787793028442036   -0.016166698478809916   -0.006326750546880736   0.0050459413361610495   -0.0018550813513476927   -2.8149632044510816e-05   0.012914121312803426   
T_sec   15.0   15.5   16.0   16.5   17.0   17.5   18.0   18.5   19.0   19.5   20.0   20.5   21.0   21.5   22.0   22.5   23.0   23.5   24.0   24.5   25.0   25.5   26.0   26.5   27.0   27.5   28.0   28.5   29.0   29.5   30.0   30.5   31.0   31.5   32.0   32.5   33.0   33.5   34.0   34.5   35.0   35.5   36.0   36.5   37.0   37.5   38.0   38.5   39.0   39.5   40.0   40.5   41.0   41.5   42.0   42.5   43.0   43.5   44.0   44.5   45.0   45.5   46.0   46.5   47.0   47.5   48.0   48.5   49.0   49.5   50.0   50.5   51.0   51.5   52.0   52.5   53.0   53.5   54.0   54.5   55.0   
U30   -0.0032686132405202596   -0.0001018788574004829   -0.0034235089043954735   -8.42492767956231e-06   -0.003586597201745543   0.00010851220558238358   -0.003761154886710213   0.0002549514683233816   -0.0039430124970895285   0.00044201396840964837   -0.004133319510390606   0.0006797082106222595   -0.0043339703250047275   0.000985501754554335   -0.004538987667656951   0.0013824218932345712   -0.004745224665181979   0.0019089357731848656   -0.004945279891149249   0.0026157442518784718   -0.0051207542730002595   0.003595418975922747   -0.005230274150544105   0.005012039459241904   -0.005183048853351163   0.007186379713204414   -0.0047367136399757625   0.010830596934799899   -0.003190200182056348   0.017860154237071598   0.0020730808763079296   0.03547711934721214   0.026280149146309415   0.1202839531784352   0.33860414587904464   1.0   0.7780344346658876   0.0189433950058098   -0.16943689162657283   -0.1472823831268431   0.010563791313487055   0.021313737429288677   0.10142232399326648   0.05382900865177606   0.06202045960024643   0.07525004485924944   0.10277927309842129   0.04909248183285837   0.039423939765749684   0.0495904513016124   0.082867495586279   -0.0055508091149141054   -0.15058149822263509   -0.12432963049081293   0.051611206314705484   0.04730603093845296   0.007473245441567814   0.03982250377750425   0.047451273112470375   -0.024177266621077668   -0.05921651350960665   -0.06266213698391253   -0.05528488636602485   -0.08641596670238913   -0.11101559592144343   -0.06482048275335309   -0.014411387743819674   -0.00977327638558444   -0.003700178553872326   -0.01990873535967845   -0.02467155694538271   0.00438569965710273   0.04803920406947942   0.024633040699468634   -0.005056284612520781   -0.013685287794236927   0.007729186368536874   0.0032182915522134038   -0.0012757191851589494   0.006007100716984294   0.024075242809184487   
T_sec   15.0   15.5   16.0   16.5   17.0   17.5   18.0   18.5   19.0   19.5   20.0   20.5   21.0   21.5   22.0   22.5   23.0   23.5   24.0   24.5   25.0   25.5   26.0   26.5   27.0   27.5   28.0   28.5   29.0   29.5   30.0   30.5   31.0   31.5   32.0   32.5   33.0   33.5   34.0   34.5   35.0   35.5   36.0   36.5   37.0   37.5   38.0   38.5   39.0   39.5   40.0   40.5   41.0   41.5   42.0   42.5   43.0   43.5   44.0   44.5   45.0   45.5   46.0   46.5   47.0   47.5   48.0   48.5   49.0   49.5   50.0   50.5   51.0   51.5   52.0   52.5   53.0   53.5   54.0   54.5   55.0   
U31   8.407499052785621e-05   -0.0033713494663600275   0.00018437213736564404   -0.0035395994730042894   0.0003095994688648341   -0.0037195527319562813   0.000466651976284824   -0.0039069234862346945   0.0006648931226218226   -0.004105446705330428   0.0009174034940270336   -0.004311815838713784   0.0012380084005736158   -0.004528054005618083   0.0016490170776463358   -0.00475566850022315   0.002184500040254247   -0.004981350932861652   0.002900684561251342   -0.005190327626254334   0.0038891524074732148   -0.0053516436004298566   0.005307679495310168   -0.005372900689828832   0.007471289569814598   -0.005028730331029597   0.011082730658807409   -0.003618749402967347   0.018053300845709237   0.0014760727129447197   0.035629177968735874   0.026048222314791418   0.12347542541631357   0.3631255159531005   1.0   0.6327723714999943   -0.0461547945595972   -0.15950076892956902   -0.16240349280354657   0.018179995300173227   0.03061043053273869   0.10100059070731365   0.04356015954196242   0.05860576129648625   0.06531142910026555   0.0882965802653939   0.03576163323859594   0.03163446781580951   0.03269671704504564   0.05554699211398691   0.03601853322336474   -0.05257064122648935   -0.15765594118652404   -0.05339443091343527   0.017008971205310662   0.03481872760878392   0.04820329058845978   0.05814336073172868   0.01877994127333411   -0.010514183966714363   -0.04917143168700724   -0.061393961214254354   -0.09223395608301087   -0.11068565263307399   -0.0518026060047377   -0.006286520517074557   -0.004011806082170729   -0.004463087439038877   -0.01845658555089531   -0.014940354095325854   -0.02671589159526191   0.01566425301608366   0.02860343806583394   0.002668376452476165   -0.01493336275454008   0.0005032654831128602   -0.004637849616656266   -0.003903582134352184   -0.004657800797091549   0.012910164137948101   0.018482858495025064   
T_sec   15.0   15.5   16.0   16.5   17.0   17.5   18.0   18.5   19.0   19.5   20.0   20.5   21.0   21.5   22.0   22.5   23.0   23.5   24.0   24.5   25.0   25.5   26.0   26.5   27.0   27.5   28.0   28.5   29.0   29.5   30.0   30.5   31.0   31.5   32.0   32.5   33.0   33.5   34.0   34.5   35.0   35.5   36.0   36.5   37.0   37.5   38.0   38.5   39.0   39.5   40.0   40.5   41.0   41.5   42.0   42.5   43.0   43.5   44.0   44.5   45.0   45.5   46.0   46.5   47.0   47.5   48.0   48.5   49.0   49.5   50.0   50.5   51.0   51.5   52.0   52.5   53.0   53.5   54.0   54.5   55.0   
U32   0.000786329560277746   -0.0019215255509730013   0.0009301724453685075   -0.002022617192562992   0.0011014887746212862   -0.002131139862522485   0.0013077681421598693   -0.0022476381068283102   0.0015580135429120855   -0.002370126142421265   0.0018656854109177139   -0.0025032056286276357   0.0022521235005243056   -0.0026386397466071866   0.0027471153082229047   -0.002773914334764142   0.003393393662288147   -0.002895123451051331   0.00427148626056756   -0.002973307446437465   0.005511059484757196   -0.0029353594807820065   0.0073793466177139245   -0.002586674521900834   0.010450423890550497   -0.0013671914933834487   0.016242304572625193   0.0028387670157229753   0.030232603453370217   0.02198160835587101   0.08867330053203894   0.2423808002931965   1.0   0.48294219391327203   -0.0439410676420753   -0.07604652106745079   -0.1775677276008487   0.005801224811780635   0.040624548775582754   0.09626261192016078   0.04103794708335682   0.05923138072836661   0.06131874938176787   0.07816953314972538   0.032855569973320786   0.037306296367555496   0.03723581579143   0.03924781980612383   0.02870099545605998   -0.0007426811593154328   -0.008312881968327968   -0.025748441188412085   -0.15470413371424982   -0.019081993513854208   0.10337889682194222   0.08398102392316954   0.04723980701247668   0.04697920468563206   0.01510265933089379   -0.004580785381041286   -0.06123921461050836   -0.12370302542009488   -0.05814775932573312   -0.015719905240901482   0.0043287974634599125   0.0013546724701973358   -0.021543240051908698   -0.020889874174539896   -0.020294414432996795   0.004916292549294734   -0.01325543709126724   -0.03036829755691292   0.002759371546873421   0.025806682762989867   0.00719277569870023   0.00229964059492607   0.00463819548913957   0.012533556050113418   0.013038407650634055   0.024741357777414458   0.025338617262492216   
T_sec   15.0   15.5   16.0   16.5   17.0   17.5   18.0   18.5   19.0   19.5   20.0   20.5   21.0   21.5   22.0   22.5   23.0   23.5   24.0   24.5   25.0   25.5   26.0   26.5   27.0   27.5   28.0   28.5   29.0   29.5   30.0   30.5   31.0   31.5   32.0   32.5   33.0   33.5   34.0   34.5   35.0   35.5   36.0   36.5   37.0   37.5   38.0   38.5   39.0   39.5   40.0   40.5   41.0   41.5   42.0   42.5   43.0   43.5   44.0   44.5   45.0   45.5   46.0   46.5   47.0   47.5   48.0   48.5   49.0   49.5   50.0   50.5   51.0   51.5   52.0   52.5   53.0   53.5   54.0   54.5   55.0   
U33   6.814761100743427e-05   0.0003515012553893862   0.00012545047228283243   0.00043228573833250193   0.00019768717519936998   0.0005326918322733827   0.0002883579792526042   0.0006596881693351306   0.0004055906653136107   0.0008249452449456044   0.0005587589869925699   0.001036536259610734   0.0007570717170113454   0.001326287345910979   0.0010407626825960268   0.0017444480228241835   0.0014582300677639692   0.0023729853775057716   0.0021037780580682036   0.003379426650121101   0.0031757916433218744   0.005134929442510884   0.005138906929597568   0.008608736603203661   0.009342220338004806   0.017076226852442894   0.021196091003197536   0.0478362152033725   0.08389944984633448   0.3806870000596767   1.0   0.5352146554780439   -0.04000456899552021   -0.05274462017806005   -0.11943099501156529   -0.06822761726149469   0.05534490614932275   0.08889895868528945   0.0603136877800816   0.0620386360602446   0.08117447741747681   0.07072318891371336   0.038033156293182734   0.038245464715182705   0.053444710770072935   0.03730783190313172   0.022483911019901746   -0.02004872216673785   -0.019653721533879842   0.01834931962877866   -0.03707422944683701   -0.09519946396467102   -0.04029236950912169   0.07101254779775916   0.09549365134932697   0.06870646147097342   0.037829694566669826   0.024287712619524362   -0.0231384923576049   -0.07789703725606538   -0.03455033301996367   -0.025499789032628877   -0.024569244604590455   -0.005480383842429694   -0.01562612909936564   -0.024881100588639845   -0.018442262390815676   0.0034975938329037098   0.008251236214527499   -0.015357766689280013   -0.021850113068958833   -0.018922093639445428   -0.02250516593827945   -0.005514009806785481   0.008654298814320407   0.007470607083338011   0.01529925416765108   0.019200317779375385   0.018131601567130264   0.029805042293613238   0.01338076232214283   
T_sec   15.0   15.5   16.0   16.5   17.0   17.5   18.0   18.5   19.0   19.5   20.0   20.5   21.0   21.5   22.0   22.5   23.0   23.5   24.0   24.5   25.0   25.5   26.0   26.5   27.0   27.5   28.0   28.5   29.0   29.5   30.0   30.5   31.0   31.5   32.0   32.5   33.0   33.5   34.0   34.5   35.0   35.5   36.0   36.5   37.0   37.5   38.0   38.5   39.0   39.5   40.0   40.5   41.0   41.5   42.0   42.5   43.0   43.5   44.0   44.5   45.0   45.5   46.0   46.5   47.0   47.5   48.0   48.5   49.0   49.5   50.0   50.5   51.0   51.5   52.0   52.5   53.0   53.5   54.0   54.5   55.0   
U34   0.0029029002615752865   -0.0006618073924646072   0.003145651591251714   -0.0007164237697264115   0.0034338908849364472   -0.0007731187220024608   0.0037762962563312554   -0.0008338822680726937   0.004194624455221435   -0.0008959378597111864   0.004716613331046203   -0.0009522609623804183   0.005387266641947051   -0.0009931174805048728   0.006276674140807474   -0.0009969044452545334   0.007517511362809153   -0.0009128512346912081   0.009357063148291942   -0.000616098098366264   0.012338786640231492   0.0002400520752402633   0.017848445375892398   0.0028347299146591074   0.030532205078168055   0.012904512495365221   0.07554339230341157   0.0929188473879135   0.6129392511626284   1.0   0.16153178350235986   -0.07944723504922897   0.008792192890868506   -0.0883235465420927   -0.06664980705477695   0.08786050841424481   0.07443411810739917   0.05772612215081489   0.07055091190699006   0.09250317923630003   0.05411875029655711   0.029476878204101598   0.049445455132380495   0.06385413760842502   0.031582797133575764   0.016222922420962658   -0.031687329989657564   -0.0012888569684490548   0.01442361219110516   -0.05229296939939781   0.007062989684328698   -0.005783773147974379   -0.04706658601092437   0.09753694450021448   0.09853197842492584   0.046434116429627664   0.029309458913854957   -0.023832396200566024   -0.05962273282387998   0.016788987053554902   0.0035830799322189256   -0.0026676408596323616   -0.025143294783066407   -0.025209326217166053   -0.024114493468329234   -0.008755010424005852   0.006622285286332907   0.0009577387059102982   -0.01749592362809236   -0.0036601760955365112   -0.01487704873104335   -0.028770582525334237   -0.04881590986824087   -0.004103013550429283   0.021785715486041957   0.0276475393486348   0.019540947547998247   0.033079896939751066   0.030361577503052746   0.019940866013937884   -0.006453325107929412   
T_sec   15.0   15.5   16.0   16.5   17.0   17.5   18.0   18.5   19.0   19.5   20.0   20.5   21.0   21.5   22.0   22.5   23.0   23.5   24.0   24.5   25.0   25.5   26.0   26.5   27.0   27.5   28.0   28.5   29.0   29.5   30.0   30.5   31.0   31.5   32.0   32.5   33.0   33.5   34.0   34.5   35.0   35.5   36.0   36.5   37.0   37.5   38.0   38.5   39.0   39.5   40.0   40.5   41.0   41.5   42.0   42.5   43.0   43.5   44.0   44.5   45.0   45.5   46.0   46.5   47.0   47.5   48.0   48.5   49.0   49.5   50.0   50.5   51.0   51.5   52.0   52.5   53.0   53.5   54.0   54.5   55.0   
U35   0.0007187797794582789   0.004164402978841626   0.0007311409385495042   0.004512835815639608   0.0007499013882658582   0.004924963427372402   0.00077800956861832   0.005425091362923362   0.0008212220563106022   0.006046226062360376   0.0008966166964040202   0.006842683618422286   0.0010292005543731568   0.007903557897720277   0.0012703402477819718   0.009388748667883928   0.0017305507079151624   0.011613782391177491   0.002679893805063572   0.015289503516499053   0.004870139307050991   0.022337308055379833   0.01097224006409352   0.03988526097110109   0.03571700220600883   0.12067900781595017   0.32439498273228795   1.0   0.8838873753410373   0.021347618640458317   -0.06527373834723428   0.02827045873292036   -0.0448397943296251   -0.09136627236427652   0.11319019666366754   0.08513730194463558   0.07696481875766277   0.0999849377814526   0.10997187841134555   0.04983799092272789   0.03783614558558223   0.0707775298055755   0.07723247984165883   0.030459432996850083   -0.0019722769643029047   -0.033424380170297814   0.00815474174068519   -0.019682208265297332   -0.05514421477898612   0.03367935972696114   0.07258759348324724   -0.039151801886084525   -0.029163772049369593   0.12844038082091105   0.09067129214181202   0.02556895283935434   -0.027492690637972442   -0.024805670018959666   0.02799065564207244   0.0170158025646636   0.024137335994124424   -0.00502535014906755   -0.03891528740449527   -0.04119174521884332   -0.00201026189605728   0.004397249314559043   -0.006664096206983711   -0.018517960350217   0.006192548349467454   -0.008945165623834196   -0.03472208537277501   -0.03064558265221739   -0.03635576657512995   -0.038195334625124804   0.020531957239161354   0.025511437822147376   0.03397712416663674   0.04309214888312847   0.01907192263840997   -0.01189217040912338   -0.015848125387745857   
T_sec   15.0   15.5   16.0   16.5   17.0   17.5   18.0   18.5   19.0   19.5   20.0   20.5   21.0   21.5   22.0   22.5   23.0   23.5   24.0   24.5   25.0   25.5   26.0   26.5   27.0   27.5   28.0   28.5   29.0   29.5   30.0   30.5   31.0   31.5   32.0   32.5   33.0   33.5   34.0   34.5   35.0   35.5   36.0   36.5   37.0   37.5   38.0   38.5   39.0   39.5   40.0   40.5   41.0   41.5   42.0   42.5   43.0   43.5   44.0   44.5   45.0   45.5   46.0   46.5   47.0   47.5   48.0   48.5   49.0   49.5   50.0   50.5   51.0   51.5   52.0   52.5   53.0   53.5   54.0   54.5   55.0   
U36   0.0023958963111319143   0.004138586007720162   0.002516071341109614   0.004448911951009325   0.002656777217882714   0.004826330335298514   0.0028294571641855975   0.005291920237916058   0.0030444153246754536   0.005876802709463068   0.0033229456914837083   0.006657620497243056   0.003716027574483854   0.007739177807850095   0.004302849746281971   0.009355288832720104   0.005273789774499083   0.01198835669763792   0.007083885358036071   0.01689278120569502   0.01111750103021522   0.028160022191745352   0.023210646308673952   0.0670305455065345   0.09516205284835229   0.4839471254662486   1.0   0.6061228828622004   0.08089835586774709   -0.03390031302369789   0.05727654514501106   -0.03826214485686866   -0.06074308107651635   0.06639632023172595   0.08727744296666182   0.0776360320608158   0.10650592875611323   0.09664152609632046   0.04808613570260864   0.03876840796142147   0.07281919287189037   0.06768113020752561   0.03333064108159994   -0.016662390071945192   -0.016115760244959934   0.0005466131591817271   -0.03947881333625257   -0.04240069672225877   0.037934634149200265   0.06266327844323376   0.027385054895961217   -0.037228085333663896   0.01790714949490084   0.0963868646814203   0.046318108445187356   -0.014768225436768803   0.008456552302668943   0.023723119203479765   0.02053003651172073   0.02082388526012568   0.017828628474762055   -0.01477857131886825   -0.030568802647615755   -0.012258078621337348   -0.0019685217323851204   -0.014051909733595427   -0.01041012028718406   0.003949758528012166   -0.003201995001994482   -0.02711319983427923   -0.024782721545109302   -0.023574002957480075   -0.035867949359418026   -0.03353171909911566   0.0033671204069192617   0.024923364166513102   0.025038247548875216   0.013964494562722855   -0.017723322489519362   -0.009379788271300614   -0.0008522920429707395   
T_sec   15.0   15.5   16.0   16.5   17.0   17.5   18.0   18.5   19.0   19.5   20.0   20.5   21.0   21.5   22.0   22.5   23.0   23.5   24.0   24.5   25.0   25.5   26.0   26.5   27.0   27.5   28.0   28.5   29.0   29.5   30.0   30.5   31.0   31.5   32.0   32.5   33.0   33.5   34.0   34.5   35.0   35.5   36.0   36.5   37.0   37.5   38.0   38.5   39.0   39.5   40.0   40.5   41.0   41.5   42.0   42.5   43.0   43.5   44.0   44.5   45.0   45.5   46.0   46.5   47.0   47.5   48.0   48.5   49.0   49.5   50.0   50.5   51.0   51.5   52.0   52.5   53.0   53.5   54.0   54.5   55.0   
U37   0.008040609141244581   -0.0008108146164946551   0.008728250503714669   -0.0010040674964831393   0.009543572149513237   -0.0012310336230168261   0.01053236226419601   -0.001496416628124194   0.011770198290289528   -0.0018006081991318631   0.01336658569707711   -0.0021367062368262187   0.015521084734268513   -0.002470740930281428   0.018606559836098737   -0.002686782983370973   0.023428710251179385   -0.002410882143882746   0.03194882818970169   -0.00019333158517370245   0.05065936654124967   0.01212472594113921   0.11658685899582255   0.14900353926812854   0.8421269337638351   1.0   0.2664286386362747   0.09217574409144612   -0.035074766579993005   0.1225945429098466   -0.03277090156339875   -0.07509027718504868   0.06735560744718423   0.11223981713701928   0.07935119472533474   0.13083373565374248   0.08590239150468687   0.04990912249715601   0.04542784385107032   0.08902319967487307   0.06667655582884438   0.028620416159778193   -0.031382884185812726   0.01152409668122584   -0.012173153810494023   -0.05772991089537737   -0.009386350215667501   0.057289905007095826   0.060332243876780954   0.04484932089734901   0.045093285297130255   -0.039881587961194884   -0.0076126868367391845   0.08349797264691484   0.007627286108334642   0.060706905808772686   0.037286114680510685   0.044210432119818815   0.010209858798020666   0.037240374332074715   0.008707755099354402   0.0023999393609336894   -0.008466593488268332   -0.015965166848521648   -0.035524344837502185   -0.0029732628420398553   3.9233804392860706e-05   -0.013892522906231771   -0.032763503111346015   -0.019301630799180885   -0.02849256930996562   -0.014267389383800708   -0.04355312030769081   -0.03930761325995882   -0.015862892076591924   0.03361861117325553   0.011492786737367342   0.0351234056169373   0.03674972987649422   0.03856911143367001   0.003355709122093103   
T_sec   15.0   15.5   16.0   16.5   17.0   17.5   18.0   18.5   19.0   19.5   20.0   20.5   21.0   21.5   22.0   22.5   23.0   23.5   24.0   24.5   25.0   25.5   26.0   26.5   27.0   27.5   28.0   28.5   29.0   29.5   30.0   30.5   31.0   31.5   32.0   32.5   33.0   33.5   34.0   34.5   35.0   35.5   36.0   36.5   37.0   37.5   38.0   38.5   39.0   39.5   40.0   40.5   41.0   41.5   42.0   42.5   43.0   43.5   44.0   44.5   45.0   45.5   46.0   46.5   47.0   47.5   48.0   48.5   49.0   49.5   50.0   50.5   51.0   51.5   52.0   52.5   53.0   53.5   54.0   54.5   55.0   
U38   0.0033504962576646207   0.0053689103801743705   0.0035176817484240596   0.005827353129101116   0.003719085796969093   0.006392982452342036   0.003978480289515863   0.007109814246236191   0.0043439835635464535   0.008062549285691436   0.004867369069038375   0.009370900844403632   0.005687481200128253   0.01131062572151716   0.00712365504395996   0.014476806654795086   0.01002361616098317   0.020470524106177095   0.017240676281916206   0.03509319001009965   0.04338717945279917   0.0970193931090324   0.29901415808998116   1.0   0.6451872558274329   0.28557945942544455   0.11370825487112836   0.02064596869308715   0.09848495545499555   0.002718924319298939   -0.06721802873269105   0.035218522139283545   0.11127680642152228   0.09067744922496042   0.11813387057996898   0.07767198375396782   0.05751200742373284   0.051880215849108034   0.07468214581273637   0.06439377554494737   0.014322442243546925   -0.016490353697493545   0.016887252107135493   -0.0435287604105561   -0.043590099026445686   0.007550519703933402   0.0436197454320785   0.04494380468888559   0.05108845233615944   0.044508404903383494   0.041159502711198115   -0.0758521701511731   -0.014177812256946557   0.08298264957007015   0.06136232909038674   0.05785657845559751   0.04123887228981444   0.01772579028021241   0.023352960199299184   0.02151063710189511   0.022667335188888978   0.00982679727386942   -0.014446047748120482   -0.028296180431653224   -0.017279342472640027   -0.013492091982097361   -0.023987211707094405   -0.028942523612410728   -0.014771364202012744   -0.020311536606862562   -0.015225372687105701   -0.017811783637671885   -0.017586957769583553   -0.036218635806877945   -0.03892688382120454   -0.025446328057573443   -0.006830710678917901   0.05616819542989598   0.05030517331344094   0.02795706615272365   0.0009198882122880876   
T_sec   15.0   15.5   16.0   16.5   17.0   17.5   18.0   18.5   19.0   19.5   20.0   20.5   21.0   21.5   22.0   22.5   23.0   23.5   24.0   24.5   25.0   25.5   26.0   26.5   27.0   27.5   28.0   28.5   29.0   29.5   30.0   30.5   31.0   31.5   32.0   32.5   33.0   33.5   34.0   34.5   35.0   35.5   36.0   36.5   37.0   37.5   38.0   38.5   39.0   39.5   40.0   40.5   41.0   41.5   42.0   42.5   43.0   43.5   44.0   44.5   45.0   45.5   46.0   46.5   47.0   47.5   48.0   48.5   49.0   49.5   50.0   50.5   51.0   51.5   52.0   52.5   53.0   53.5   54.0   54.5   55.0   
U39   0.007380955774870232   0.004561154507397746   0.00809236133564432   0.004854271989210935   0.008988810994646048   0.005226296709257563   0.010175566415347627   0.005738224707660229   0.011826575395972523   0.006515987359730655   0.014293237717128801   0.007810072315020518   0.018298629037693047   0.010278659817305606   0.02576765425336585   0.01609073617444281   0.04317275236966094   0.035632726079484846   0.10702933388824576   0.19380796821636637   0.9236084087602608   1.0   0.3693861105525001   0.4175197314800741   0.20092024286539475   0.06436678195733041   0.09665279427541473   0.07389593145406072   -0.08267056434865683   -0.016276689752896714   0.1490745336878284   0.12099711879268761   0.10805679640769178   0.09863577670086326   0.09616266960799152   0.06049321212106079   0.061584096888487726   0.05940909663284558   0.008369795145976116   0.023151217050797982   -0.01914392037220674   -0.08213825239710444   -0.01193374307309596   0.021380547229285653   0.023548300712206698   0.05436842598728488   0.056445321865549035   0.044314513393635395   0.05238994276095943   0.004795149896753778   -0.03547966102707737   -0.055757138547606416   0.08438399391886364   0.1325785201572239   0.07431318055276903   0.046341766434712814   0.026468523749028756   0.03587594046249007   0.032153569902580975   0.01729517025246959   -0.007344234265943639   -0.013341263247216545   -0.02073171744605808   -0.035731264250471156   -0.04561474649151475   -0.038499213624796136   -0.03034198192393312   -0.010850546376473256   -0.010761092291755951   -0.009609665676550161   -0.0027485056300756094   -0.02022734824868677   -0.05703265125109919   -0.09890410034797636   -0.08806281044576383   -0.03859762444075588   0.013524041972230684   0.0654712544910187   0.056644471892571074   0.012629942408019226   -0.01753255504345729   
T_sec   15.0   15.5   16.0   16.5   17.0   17.5   18.0   18.5   19.0   19.5   20.0   20.5   21.0   21.5   22.0   22.5   23.0   23.5   24.0   24.5   25.0   25.5   26.0   26.5   27.0   27.5   28.0   28.5   29.0   29.5   30.0   30.5   31.0   31.5   32.0   32.5   33.0   33.5   34.0   34.5   35.0   35.5   36.0   36.5   37.0   37.5   38.0   38.5   39.0   39.5   40.0   40.5   41.0   41.5   42.0   42.5   43.0   43.5   44.0   44.5   45.0   45.5   46.0   46.5   47.0   47.5   48.0   48.5   49.0   49.5   50.0   50.5   51.0   51.5   52.0   52.5   53.0   53.5   54.0   54.5   55.0   
U40   0.0036264528744572415   0.002718739923764505   0.004324758764543603   0.003269442737372017   0.00527131666113384   0.004057614951395938   0.006619716851668354   0.005260512947383746   0.008674192932983216   0.007263821435046192   0.012102173644680877   0.01104290653850411   0.018700569449172692   0.019698247994275737   0.03477940767182283   0.04810163354995999   0.10019201785547403   0.2915269829655506   1.0   0.8507304905983798   0.386009477092911   0.4385772890879361   0.38633789116870604   0.08196323551035517   0.08353960637172732   0.10385001323014456   -0.001663894306017262   -0.08807192373935879   0.07164078389383823   0.15084350432285862   0.08419866804004429   0.11006554014925651   0.1213178949953901   0.07785737970858311   0.03339173859722888   0.040646092484408286   0.03170824074958764   0.04351227259873336   -0.02846714684852437   -0.08070073391029667   -0.016440350153586535   0.014789340974817941   0.0037656065485656798   0.04829752421128015   0.05688930712013268   0.046903755035062916   0.027812513621279327   0.006565203105302335   0.006910023725168709   0.028935607314749964   -0.02114186898447493   -0.005459767096604829   0.12558994970000842   0.11096329822011246   0.06884788837395103   0.045284622413005314   0.021906462484645374   -0.007972090822306073   -0.0044423851854611925   0.010208328707724843   -0.0066882249505675635   -0.02670321548737606   -0.02283650462247295   -0.032741422555614116   -0.051480049059440876   -0.03888123583570822   -0.023102615325503822   -0.0011106947938251787   -3.43948620812942e-05   -0.020102995136731715   -0.03801418480846678   -0.07410274769813069   -0.06583593506927522   -0.04896574352404759   -0.05948560629956915   -0.0865489545705576   -0.03693670900485689   0.07286923552509607   0.07038186902002823   0.030184016164696705   0.026644418980468813   
sta_location:9.669173394052669,10.256810194673045,10.72682567539604,11.012294002739967,11.588495010120864,12.105602908410988,12.926285371454894,13.499037511779765,13.977840607998711,14.492584562777147,14.54769674628344,15.027239783444674,15.719936195463209,16.389024044636788,16.864479716761082,17.442553345174524,17.535503561291733,18.475300969551938,18.668159732615848,19.264680418008062,19.591983559792506,20.390712633756674,20.526580048170935,21.165817330588744,21.759817977943122,22.300187933617874,22.99082571438208,23.393169555924175,23.703398883915515,24.282650874315554,24.612268615136646,25.012878430472238,25.69292949787733,26.382044947341733,26.84302865408601,27.311172565773656,27.682069329734524,28.1535839503424,28.541173382688473,29.339846002361195,29.987675011560484,
rebuild_index:0,1,2,3,4,5,6,7,8,9,10,11,12,13,14,15,16,17,18,19,20,21,22,23,24,25,26,27,28,29,30,31,32,33,34,35,36,37,38,39,40,
use_index:0,1,2,3,4,5,6,7,8,9,10,11,12,13,14,15,16,17,18,19,20,21,22,23,24,25,26,27,28,29,30,31,32,33,34,35,36,37,38,39,40,
rebuild_locdata:9.669173394052669,10.256810194673045,10.72682567539604,11.012294002739967,11.588495010120864,12.105602908410988,12.926285371454894,13.499037511779765,13.977840607998711,14.492584562777147,14.54769674628344,15.027239783444674,15.719936195463209,16.389024044636788,16.864479716761082,17.442553345174524,17.535503561291733,18.475300969551938,18.668159732615848,19.264680418008062,19.591983559792506,20.390712633756674,20.526580048170935,21.165817330588744,21.759817977943122,22.300187933617874,22.99082571438208,23.393169555924175,23.703398883915515,24.282650874315554,24.612268615136646,25.012878430472238,25.69292949787733,26.382044947341733,26.84302865408601,27.311172565773656,27.682069329734524,28.1535839503424,28.541173382688473,29.339846002361195,29.987675011560484,
cut_start_time:15---cut_windows:40---reduction_v:10---move_time_window_all:0.0
move_time_window:0.0,0.0,0.0,0.0,0.0,0.0,0.0,0.0,0.0,0.0,0.0,0.0,0.0,0.0,0.0,0.0,0.0,0.0,0.0,0.0,0.0,0.0,0.0,0.0,0.0,0.0,0.0,0.0,0.0,0.0,0.0,0.0,0.0,0.0,0.0,0.0,0.0,0.0,0.0,0.0,0.0,
sta_noise_mean:0,0,0,0,0,0,0,0,0,0,0,0,0,0,0,0,0,0,0,0,0,0,0,0,0,0,0,0,0,0,0,0,0,0,0,0,0,0,0,0,0,
sta_noise_sigma:0,0,0,0,0,0,0,0,0,0,0,0,0,0,0,0,0,0,0,0,0,0,0,0,0,0,0,0,0,0,0,0,0,0,0,0,0,0,0,0,0,
add_noise_region_move_range:0,0,0,0,0,0,0,0,0,0,0,0,0,0,0,0,0,0,0,0,0,0,0,0,0,0,0,0,0,0,0,0,0,0,0,0,0,0,0,0,0,