T_sec   15.0   15.5   16.0   16.5   17.0   17.5   18.0   18.5   19.0   19.5   20.0   20.5   21.0   21.5   22.0   22.5   23.0   23.5   24.0   24.5   25.0   25.5   26.0   26.5   27.0   27.5   28.0   28.5   29.0   29.5   30.0   30.5   31.0   31.5   32.0   32.5   33.0   33.5   34.0   34.5   35.0   35.5   36.0   36.5   37.0   37.5   38.0   38.5   39.0   39.5   40.0   40.5   41.0   41.5   42.0   42.5   43.0   43.5   44.0   44.5   45.0   45.5   46.0   46.5   47.0   47.5   48.0   48.5   49.0   49.5   50.0   50.5   51.0   51.5   52.0   52.5   53.0   53.5   54.0   54.5   55.0   
U0   0.0021496289162476674   0.0030748001121306085   0.0021775760381165772   0.0031467114606719836   0.0021966736085800393   0.0032043353002402563   0.0021846022520047516   0.0032264927850807895   0.0021226463391392615   0.003205809567709002   0.002026968032875069   0.003171375465753441   0.0019168930166456179   0.0031351649361451117   0.0018000505951747121   0.003100423516552292   0.0016725770919763993   0.003056142798421937   0.0015027201167252561   0.0029757464176252057   0.0013238955142347445   0.0029664662647129335   0.0012231482868471774   0.0030386276472704225   0.0011704992131200285   0.003184609256284817   0.00117311766709258   0.0034307714576446856   0.0012579391165010128   0.003818546795069787   0.0014605974887658675   0.004405034655366657   0.0018362361796081727   0.00528137076989816   0.0024768222177657243   0.006608609995980969   0.0036103779645812054   0.00882013814466943   0.005928796289065882   0.013152259697118718   0.011840044765007177   0.024247634454911363   0.0342037278489684   0.07694822967747585   0.3131790454718514   1.0   0.985525011014564   0.20477153143288424   0.06324897563539143   0.046251141295628885   0.07034642713240515   0.1121630719625429   0.25852121802316624   0.24973102145809148   -0.054715466594173   -0.3131361905593955   -0.2722126258808661   -0.18293349952515758   -0.06756675719217126   0.006159018248644804   0.035899498377035835   0.020856295007542214   0.016857770692619796   0.05534117116316283   0.05749219266302263   0.05724436565955842   0.10426656116355172   0.07574605188142583   -0.023106750582111875   -0.12876472695907223   -0.13314561690385288   -0.11454167988151134   -0.10199369089764558   -0.1333487358291557   -0.07373418875991183   -0.024004242612928085   -0.02432707695760263   -0.02535495489526963   -0.020056569101075093   -0.021932056887983   -0.04524013222514012   
T_sec   15.0   15.5   16.0   16.5   17.0   17.5   18.0   18.5   19.0   19.5   20.0   20.5   21.0   21.5   22.0   22.5   23.0   23.5   24.0   24.5   25.0   25.5   26.0   26.5   27.0   27.5   28.0   28.5   29.0   29.5   30.0   30.5   31.0   31.5   32.0   32.5   33.0   33.5   34.0   34.5   35.0   35.5   36.0   36.5   37.0   37.5   38.0   38.5   39.0   39.5   40.0   40.5   41.0   41.5   42.0   42.5   43.0   43.5   44.0   44.5   45.0   45.5   46.0   46.5   47.0   47.5   48.0   48.5   49.0   49.5   50.0   50.5   51.0   51.5   52.0   52.5   53.0   53.5   54.0   54.5   55.0   
U1   0.006074583757096587   0.005878955469246174   0.0060494046675850024   0.005824441352622402   0.006017033539462284   0.005740606117631664   0.005943468170328875   0.005604781629340921   0.005817190171410783   0.005442501711131489   0.0057263472191163844   0.005340126461317875   0.005695593256525279   0.005276789231806133   0.005699919606688137   0.005247808938563674   0.00575407898944218   0.005260022886331904   0.0058591495151418165   0.005321885545383845   0.006025926196076361   0.005437893678444606   0.006259629171455605   0.005595096052516058   0.006541008958717213   0.005779279002938182   0.006866646905490487   0.005993676860774207   0.0072613673674172775   0.006271029396761803   0.007761513088913435   0.006628245551447009   0.008387595984203173   0.007068559655893052   0.009168213795168788   0.007662657482039844   0.010258781317787853   0.008671180855381636   0.012103059126367562   0.010821384631960385   0.015948778898982365   0.016701160960640962   0.027031306314731312   0.041482131794979164   0.10241187949772232   0.40937130933525384   1.0   0.38734566095969203   0.046804796717028106   0.09054261135713869   0.1129482105850427   0.19684938885344305   0.3732832885979114   0.24205622848881939   -0.3179538815864253   -0.413310557971116   -0.2212757386026178   -0.10230459923960289   -0.025675994107601657   0.048150590229633146   0.06770507498487338   0.11776673493238765   0.10890049641290918   0.10535288806203376   0.09636308289682315   0.0474611191721597   -0.03449402006945859   -0.1750016203914607   -0.17747970795109985   -0.15005380211513009   -0.09377022871180068   -0.07730780050306747   -0.08620495759979183   -0.11999751868890948   -0.10062777274696755   -0.03086458173228294   -0.015418237699850774   -0.030138121622449356   -0.07149181362071809   -0.07757837185622725   -0.09573778010859753   
T_sec   15.0   15.5   16.0   16.5   17.0   17.5   18.0   18.5   19.0   19.5   20.0   20.5   21.0   21.5   22.0   22.5   23.0   23.5   24.0   24.5   25.0   25.5   26.0   26.5   27.0   27.5   28.0   28.5   29.0   29.5   30.0   30.5   31.0   31.5   32.0   32.5   33.0   33.5   34.0   34.5   35.0   35.5   36.0   36.5   37.0   37.5   38.0   38.5   39.0   39.5   40.0   40.5   41.0   41.5   42.0   42.5   43.0   43.5   44.0   44.5   45.0   45.5   46.0   46.5   47.0   47.5   48.0   48.5   49.0   49.5   50.0   50.5   51.0   51.5   52.0   52.5   53.0   53.5   54.0   54.5   55.0   
U2   0.005890779077648847   0.006037014199278613   0.005815126208490995   0.005994463811290456   0.005778620185076579   0.005983500721605136   0.005769457289123641   0.005997162028371333   0.005786278155127201   0.006044532718861048   0.005835537204994777   0.006125612793074279   0.00592097012962393   0.006247365152862346   0.0060420684490708615   0.006397223360027591   0.00617955706325849   0.006565505781708734   0.006337171663084379   0.006764778856103433   0.006528583812279262   0.007005486935988669   0.006756766481825004   0.007284148570438781   0.006999559766308146   0.007568071335617852   0.007236583440118528   0.007862007882311041   0.007471915599771091   0.008177928003126727   0.007733153612699213   0.008579426608968904   0.008099099650333567   0.00917773379816772   0.008670637880837346   0.01012194505797272   0.00962150870184069   0.01175032700286855   0.011371198252509668   0.014937160496387806   0.015104779727002636   0.022514154670738758   0.025346250969299322   0.048906708956095536   0.07609600837930891   0.3334299575141567   1.0   0.8767567036060091   0.27027654942562135   0.15170699014732883   0.19167880423546618   0.3112777296201249   0.4032282891829615   0.04665347666366019   -0.3561381528853358   -0.34455038818542716   -0.16424110398607342   -0.04307306890371935   0.012298760802229577   0.08211881673937203   0.1376317391798501   0.16720752571460698   0.1534033709737936   0.09950630750159847   0.004167617407227005   -0.18120131068399611   -0.23804550229573554   -0.16220676729485625   -0.11632027949749899   -0.10676931287692643   -0.07968797407075534   -0.07576502282548712   -0.07890054593290476   -0.0733774825086398   -0.0789724292711383   -0.06559793787035705   -0.058936350749853615   -0.061345707709842656   -0.06589816580542736   -0.07691958221932772   -0.08515940598887345   
T_sec   15.0   15.5   16.0   16.5   17.0   17.5   18.0   18.5   19.0   19.5   20.0   20.5   21.0   21.5   22.0   22.5   23.0   23.5   24.0   24.5   25.0   25.5   26.0   26.5   27.0   27.5   28.0   28.5   29.0   29.5   30.0   30.5   31.0   31.5   32.0   32.5   33.0   33.5   34.0   34.5   35.0   35.5   36.0   36.5   37.0   37.5   38.0   38.5   39.0   39.5   40.0   40.5   41.0   41.5   42.0   42.5   43.0   43.5   44.0   44.5   45.0   45.5   46.0   46.5   47.0   47.5   48.0   48.5   49.0   49.5   50.0   50.5   51.0   51.5   52.0   52.5   53.0   53.5   54.0   54.5   55.0   
U3   0.004801883861729458   0.003802300631888284   0.0048332758600512695   0.0037927256978294677   0.004882935619438313   0.0038007401001235192   0.004956367525675223   0.0038269420719325856   0.005056602840347835   0.0038732065042933195   0.0051733513123743535   0.0039236585687890705   0.005304139817555976   0.00398436078859151   0.005458102236425322   0.004063210482133854   0.00564257775002857   0.004159011183091812   0.0058491109025454666   0.004251700430913717   0.006056402671324946   0.004327198096669352   0.00626509138530426   0.0043818345898356285   0.006473382344996975   0.00441668608941151   0.006708038863063684   0.004463900006516897   0.00701054271003245   0.004547726433838474   0.0074114470764122834   0.004686790790952965   0.007963202408525407   0.004931785717006776   0.00877074969479138   0.005369020373913757   0.010018801819999614   0.006198314248223915   0.01214115956751895   0.007943307367630758   0.016281152224537278   0.012298399624731886   0.02647209618166692   0.027494935615504694   0.06784041861511214   0.17209447974752923   0.6659964028707857   1.0   0.3303550202266579   0.14651952315110914   0.19409404990477905   0.2759419642253861   0.3402262011423786   -0.013540577380239819   -0.3172231989062117   -0.21911414269616297   -0.11275670716602253   0.002220016550040422   0.024092227978701995   0.09126649034913052   0.13639207745826679   0.14972035783101142   0.14209224222200187   0.047564561632285805   -0.12673513926834631   -0.22681940341598594   -0.1921189617107332   -0.09497067378600263   -0.08180871236741752   -0.08255879692065882   -0.06735544774664402   -0.04305616749391308   -0.04343252586975005   -0.01632993105599489   -0.08732596188411174   -0.09518246008988071   -0.05075720673820553   -0.04360652546107464   -0.05014452360438816   -0.05983907540912656   -0.061647999575340805   
T_sec   15.0   15.5   16.0   16.5   17.0   17.5   18.0   18.5   19.0   19.5   20.0   20.5   21.0   21.5   22.0   22.5   23.0   23.5   24.0   24.5   25.0   25.5   26.0   26.5   27.0   27.5   28.0   28.5   29.0   29.5   30.0   30.5   31.0   31.5   32.0   32.5   33.0   33.5   34.0   34.5   35.0   35.5   36.0   36.5   37.0   37.5   38.0   38.5   39.0   39.5   40.0   40.5   41.0   41.5   42.0   42.5   43.0   43.5   44.0   44.5   45.0   45.5   46.0   46.5   47.0   47.5   48.0   48.5   49.0   49.5   50.0   50.5   51.0   51.5   52.0   52.5   53.0   53.5   54.0   54.5   55.0   
U4   0.0031212455150521883   0.0038095803135911282   0.0031523625223486944   0.0038939888093256817   0.003195885242949624   0.00399435467013241   0.0032507770820926415   0.004110236028530566   0.0033066888040761944   0.0042222767274810785   0.003349889093153628   0.004327825562099482   0.0033803779493249407   0.00442688253238578   0.0033937199858608976   0.004516643573654658   0.0033939087220099906   0.004613218910779141   0.0033971905305242886   0.004724578870334415   0.0034034125516029454   0.004857673896055132   0.0034206979716219937   0.005018706844593501   0.003447415468537507   0.0052112293677172745   0.0034908044937640333   0.005451793557780217   0.0035656329578105618   0.005764190958550642   0.0036928716278382943   0.006179452565211407   0.0039056079766329617   0.006756836303442923   0.0042725320067714375   0.007598000212650548   0.004931635162610864   0.008915420152783364   0.006196592764103139   0.011172743445895894   0.008880566402455674   0.01563415358445759   0.015714856764110625   0.02702385932401862   0.040841014519841325   0.0791748466064538   0.3104226483438392   1.0   0.6590122212713814   0.2639570546516175   0.22670207638638648   0.3824051858906291   0.3043995363627824   -0.1859577254039253   -0.22083888838474586   -0.12158983500888912   -0.048018366604323105   0.02322362002452667   0.09762667482685952   0.14009074267318825   0.1684177096303753   0.17296412274975942   0.05684906508773693   -0.19534939871008591   -0.2308274656887806   -0.15747002378593716   -0.146614161711834   -0.1128661275293437   -0.09427997607296719   -0.07715039879821824   -0.03148857468169179   -0.02188526117101627   -0.024856852210480045   -0.02831105699421601   -0.08017233721628719   -0.11474468549379453   -0.059030648777456396   -0.05052950803709521   -0.04815871873337833   -0.05490652285366699   -0.017701944218388655   
T_sec   15.0   15.5   16.0   16.5   17.0   17.5   18.0   18.5   19.0   19.5   20.0   20.5   21.0   21.5   22.0   22.5   23.0   23.5   24.0   24.5   25.0   25.5   26.0   26.5   27.0   27.5   28.0   28.5   29.0   29.5   30.0   30.5   31.0   31.5   32.0   32.5   33.0   33.5   34.0   34.5   35.0   35.5   36.0   36.5   37.0   37.5   38.0   38.5   39.0   39.5   40.0   40.5   41.0   41.5   42.0   42.5   43.0   43.5   44.0   44.5   45.0   45.5   46.0   46.5   47.0   47.5   48.0   48.5   49.0   49.5   50.0   50.5   51.0   51.5   52.0   52.5   53.0   53.5   54.0   54.5   55.0   
U5   0.0025826796527149837   0.0039670512951032605   0.0026058360769265774   0.004045383311513044   0.0026167279732647783   0.004117260436651672   0.0026155651081115343   0.004184554612433602   0.002604638956145195   0.00425330119736609   0.0025928896941741384   0.004328067185282764   0.0025776222702791943   0.004414468401926988   0.002563403678293988   0.004508341430705959   0.0025442145152343334   0.00461509233098109   0.0025240084313110883   0.004739917395731853   0.0025050769012026023   0.004888012917937715   0.0024901309323511205   0.005067480008879267   0.002478976713897769   0.005290583196429899   0.002478069137113702   0.005569377242081056   0.0024942985815570432   0.005933167961795099   0.0025403810189112276   0.006418119640046365   0.0026332117929755688   0.007081811032372904   0.002807194934971462   0.008031088772188293   0.0031305092081958573   0.009478854927361108   0.0037779998094414837   0.011899180546163502   0.005179396846223323   0.016496597600745802   0.008707706149890899   0.027281767692418444   0.020623244093820686   0.06660574408847912   0.11477078462745442   0.5337663859819416   1.0   0.40237590740673773   0.2599864540511612   0.43006577319841693   0.3465381610009948   -0.2878700332087746   -0.19671620335664444   -0.03501322724512667   0.013480190408936363   0.05397880027656263   0.19615032377692557   0.20856168811768167   0.19650611329872675   0.022582834761222928   -0.20874624933868163   -0.17744671429674697   -0.16079824291068293   -0.14301239682939326   -0.13976088698358013   -0.15097788221662406   -0.08618019798041633   -0.06669025566706721   -0.038302977433930484   -0.06129320630154016   -0.020363945252885273   -0.024106529194128944   -0.03735919345418241   -0.11002540619103547   -0.09695798888282146   -0.04657275561888747   -0.03443272191504636   -0.024198713738594974   -0.01775008682929358   
T_sec   15.0   15.5   16.0   16.5   17.0   17.5   18.0   18.5   19.0   19.5   20.0   20.5   21.0   21.5   22.0   22.5   23.0   23.5   24.0   24.5   25.0   25.5   26.0   26.5   27.0   27.5   28.0   28.5   29.0   29.5   30.0   30.5   31.0   31.5   32.0   32.5   33.0   33.5   34.0   34.5   35.0   35.5   36.0   36.5   37.0   37.5   38.0   38.5   39.0   39.5   40.0   40.5   41.0   41.5   42.0   42.5   43.0   43.5   44.0   44.5   45.0   45.5   46.0   46.5   47.0   47.5   48.0   48.5   49.0   49.5   50.0   50.5   51.0   51.5   52.0   52.5   53.0   53.5   54.0   54.5   55.0   
U6   0.0036492989497880187   0.0035846296703681267   0.003680038171805171   0.0036104623377398773   0.003712297765126422   0.0036360241104443232   0.0037448282531149786   0.003665469760392809   0.0037841479136221205   0.003701298240858924   0.0038288718226774003   0.003739490227264978   0.0038792708749481237   0.00378392959685501   0.003936594547071085   0.0038373861975699148   0.004007496564231218   0.0039022235353496316   0.004090727449791728   0.003977056686223713   0.004185037727115819   0.004063270574162607   0.00429583164475163   0.004163228705106252   0.004426014497973706   0.004286219204846824   0.004590278661122367   0.004442373333812342   0.004799568078627537   0.004650131896253507   0.005082018022533055   0.004936682032878591   0.005471303460764548   0.005342518334765733   0.0060321399285660215   0.005952920203316205   0.006886492087238651   0.006917506683808262   0.008265388151015868   0.00856362068820832   0.01070947977394695   0.011708647736861899   0.015644482701175067   0.01882963941060165   0.028051420502090328   0.04121614763294684   0.07803636228888274   0.21728817109667045   0.7798818865752406   1.0   0.6550195164908124   0.7081152192063607   0.31085026834922985   -0.29226989150535976   -0.17095989407683854   0.060871871099562665   0.19793976487290021   0.3593597484630844   0.4948932034428677   0.169082589230243   -0.31922603311020914   -0.2959252932429691   -0.17411181923436797   -0.1782504755046587   -0.16287225349389992   -0.15478809803699436   -0.17162837418015714   -0.21045943913092177   -0.19623406677383762   -0.11764679997308439   -0.09091775256396735   -0.07678729817803874   -0.01140275751212708   0.0029460503895917113   -0.03234678474447249   -0.07341182941534566   -0.10816893989418198   -0.08076323799212261   -0.054053437703140264   -0.0456245537724033   0.01921766134218005   
T_sec   15.0   15.5   16.0   16.5   17.0   17.5   18.0   18.5   19.0   19.5   20.0   20.5   21.0   21.5   22.0   22.5   23.0   23.5   24.0   24.5   25.0   25.5   26.0   26.5   27.0   27.5   28.0   28.5   29.0   29.5   30.0   30.5   31.0   31.5   32.0   32.5   33.0   33.5   34.0   34.5   35.0   35.5   36.0   36.5   37.0   37.5   38.0   38.5   39.0   39.5   40.0   40.5   41.0   41.5   42.0   42.5   43.0   43.5   44.0   44.5   45.0   45.5   46.0   46.5   47.0   47.5   48.0   48.5   49.0   49.5   50.0   50.5   51.0   51.5   52.0   52.5   53.0   53.5   54.0   54.5   55.0   
U7   -0.0016647276091908915   0.004201601924683307   -0.0018106447524433738   0.004393569686903881   -0.0019676123110918234   0.004603180186619688   -0.002138846749746895   0.004831993838272671   -0.0023259403614261237   0.0050848512780666075   -0.0025304216819958644   0.0053617206274259145   -0.0027555390546423635   0.005669034815571903   -0.0030044133082495076   0.006009978428539639   -0.003281853200445489   0.006390952516974852   -0.003590979560114194   0.006820014181691978   -0.003934881337563922   0.007311717209877952   -0.0043181441403937326   0.00787571099536475   -0.004750321726708825   0.00853291849740944   -0.005239120532992153   0.009309167068624051   -0.00578890301681364   0.010240092848330539   -0.0064119612222552965   0.011382286813683523   -0.007118548600323333   0.01281348605112382   -0.007916880008948173   0.014660184673461545   -0.0088060930908269   0.01713511728082034   -0.009752776663880981   0.020640028071062445   -0.010623995507269108   0.025997578349035846   -0.010937513693091707   0.035230890041408544   -0.008738903479323925   0.05489047607722815   0.007116424138310077   0.12279214121554075   0.20088155749406333   1.0   0.7259033562590155   0.7606580910425192   0.31025699900489573   -0.3737670005556486   -0.0046369579161253316   0.09458200041273282   0.3369219327608058   0.6008609360682792   0.19340917207899647   -0.42602617377273344   -0.1987847939577128   -0.19798709159678238   -0.10166901612629554   -0.1402838621975306   -0.040770076281416975   -0.15341904477972312   -0.16135331643505302   -0.14147133913826337   -0.1633787898463398   -0.1261519434446493   -0.03673291029214928   -0.04181386075604794   0.04298018183092194   -0.004607515184544829   -0.01690123755833749   -0.052238148587841746   -0.025430138320513048   -0.13489557603805336   -0.03002180397590894   -0.049554971464928925   0.011414092128293621   
T_sec   15.0   15.5   16.0   16.5   17.0   17.5   18.0   18.5   19.0   19.5   20.0   20.5   21.0   21.5   22.0   22.5   23.0   23.5   24.0   24.5   25.0   25.5   26.0   26.5   27.0   27.5   28.0   28.5   29.0   29.5   30.0   30.5   31.0   31.5   32.0   32.5   33.0   33.5   34.0   34.5   35.0   35.5   36.0   36.5   37.0   37.5   38.0   38.5   39.0   39.5   40.0   40.5   41.0   41.5   42.0   42.5   43.0   43.5   44.0   44.5   45.0   45.5   46.0   46.5   47.0   47.5   48.0   48.5   49.0   49.5   50.0   50.5   51.0   51.5   52.0   52.5   53.0   53.5   54.0   54.5   55.0   
U8   0.0007583293645537066   0.0009254136259104058   0.0007745513068521158   0.0009545157676100017   0.0007916481045148755   0.0009856811554626646   0.0008092291969765259   0.0010186782672920384   0.0008271746355740704   0.0010541404397272599   0.0008463576851678417   0.001093404830502084   0.0008675095732900226   0.001137598064556672   0.0008907246085652449   0.0011845651250863894   0.0009152767726776783   0.0012410060611782081   0.0009471650259593569   0.0013098146486225778   0.0009887706184737155   0.0013947620593117223   0.0010428297757610993   0.0015002987022192248   0.001112539778704528   0.0016327211039838   0.0012046503665643189   0.00180302917209329   0.0013292969727070475   0.0020271901595841123   0.0015019014352693279   0.0023302131063908165   0.0017467308828816486   0.0027490891394282785   0.0021033836260683754   0.0033528190549561394   0.0026467484810866315   0.0042620852837360074   0.0035180972021107786   0.005719207177255264   0.005019270293047789   0.008261960664386357   0.007895813205715724   0.013293239186937755   0.014390004501007842   0.02558414080670505   0.03432704494611278   0.07202617375875002   0.17297140379956327   0.6462921600597196   1.0   0.9635484134119828   0.34426564288684797   -0.1861493222636025   -0.006498411883757144   0.29769603942231543   0.7233178052811119   0.39676551279915584   -0.2964100811212562   -0.33870960368501213   -0.23835084041188553   -0.18063950536648735   -0.12144363741018667   -0.12298672477328756   -0.1356811316286818   -0.13898933675736158   -0.13987360474333377   -0.1475663101492195   -0.1800385326250687   -0.11262644004001546   -0.037163968015047316   -0.015176198309572337   0.006999028747850248   -0.018342045603814278   -0.031524876284129096   -0.020081101457182574   -0.06830763545569678   -0.10441097225012866   -0.06547062202200656   -0.057617758599599084   -0.016194439635177308   
T_sec   15.0   15.5   16.0   16.5   17.0   17.5   18.0   18.5   19.0   19.5   20.0   20.5   21.0   21.5   22.0   22.5   23.0   23.5   24.0   24.5   25.0   25.5   26.0   26.5   27.0   27.5   28.0   28.5   29.0   29.5   30.0   30.5   31.0   31.5   32.0   32.5   33.0   33.5   34.0   34.5   35.0   35.5   36.0   36.5   37.0   37.5   38.0   38.5   39.0   39.5   40.0   40.5   41.0   41.5   42.0   42.5   43.0   43.5   44.0   44.5   45.0   45.5   46.0   46.5   47.0   47.5   48.0   48.5   49.0   49.5   50.0   50.5   51.0   51.5   52.0   52.5   53.0   53.5   54.0   54.5   55.0   
U9   -0.0013134292330786957   0.003285315328122563   -0.0014146084902482547   0.0034294143945277317   -0.0015271790087887434   0.0035807459770449135   -0.0016495610498131153   0.0037453816489816786   -0.0017845810019338556   0.0039264808881121225   -0.0019296598587790915   0.004126289611646505   -0.002088290187284524   0.004347967297358919   -0.0022636314652242453   0.004594673423023457   -0.0024550175142750365   0.004870233644737426   -0.002665607812210992   0.005179720268323575   -0.0028982287476445935   0.005533944083750612   -0.003156620269752152   0.0059376443076796775   -0.003445521595194809   0.006407037125063833   -0.0037657605776153925   0.006958671810017756   -0.004125816382851352   0.0076154165922043   -0.004529010163996398   0.008410370019852814   -0.004978910456384847   0.00939542583251758   -0.005477667731783586   0.01065274992936975   -0.006018277379276455   0.012312995089120047   -0.006570104934517843   0.014610858690350762   -0.007048518474672457   0.0180035163752127   -0.007189697726042776   0.02355237928255803   -0.006102868685583922   0.03420469078031922   -5.223538024353112e-05   0.0627292130370003   0.03785652144306853   0.2556196264627615   0.6378256899151408   1.0   0.33841140308271717   -0.12587363410783514   0.0833253253810366   0.7075247252546505   0.6946503089674512   -0.352290540443417   -0.2341546091126359   -0.2768721757517457   -0.15779292041318824   -0.16047581070173358   -0.10525745098129502   -0.16567710643108785   -0.12156384236965852   -0.09534144483362009   -0.0618433653791891   -0.1246422121032938   -0.1091534069440317   -0.07175738542298285   -0.027322900888248493   -0.05037479573320911   -0.010593404358041307   -0.06911848317644904   -0.003662888953819531   -0.07979220026497641   -0.03572299708233938   -0.0389915383991611   -0.04860028503696045   -0.0910042933943997   -0.0077477465726522275   
T_sec   15.0   15.5   16.0   16.5   17.0   17.5   18.0   18.5   19.0   19.5   20.0   20.5   21.0   21.5   22.0   22.5   23.0   23.5   24.0   24.5   25.0   25.5   26.0   26.5   27.0   27.5   28.0   28.5   29.0   29.5   30.0   30.5   31.0   31.5   32.0   32.5   33.0   33.5   34.0   34.5   35.0   35.5   36.0   36.5   37.0   37.5   38.0   38.5   39.0   39.5   40.0   40.5   41.0   41.5   42.0   42.5   43.0   43.5   44.0   44.5   45.0   45.5   46.0   46.5   47.0   47.5   48.0   48.5   49.0   49.5   50.0   50.5   51.0   51.5   52.0   52.5   53.0   53.5   54.0   54.5   55.0   
U10   -0.0021562310407665574   0.0025746725718237395   -0.0022643298163730146   0.0027092564465984437   -0.0023841175664459503   0.00285380444571981   -0.0025124356012963607   0.0030129818510836906   -0.0026520788474249674   0.0031881497496216156   -0.002802974552194114   0.0033808147335404283   -0.0029665565551729874   0.003595423826823011   -0.0031456197828623124   0.0038333381164008936   -0.003341598074831271   0.004099004626256958   -0.003555779765373745   0.004399883564787768   -0.0037923208679219826   0.004743289635114585   -0.004053870803701396   0.005135103700789475   -0.004343151746575046   0.0055902461786055775   -0.004663955946786902   0.006123564732718371   -0.005023088838994629   0.006757294483042252   -0.005422472318047065   0.007524434952852502   -0.005866532194743148   0.008472906082217546   -0.006352940384677869   0.009676530889272783   -0.006876625416399209   0.011258922687617183   -0.007401489729482436   0.013435472623375893   -0.007838859654624365   0.016628796467209998   -0.007910882691185958   0.02177035616633433   -0.0067204485411223695   0.03154841222108943   -0.0005570545521932408   0.05708889574758692   0.035650598000872204   0.21808549020369253   0.6141460513141026   1.0   0.3423245314682111   -0.15281428349468143   0.07535174297690658   0.6569853759937373   0.6004202104650788   -0.4101936401094112   -0.1757110016615387   -0.2462592854085197   -0.12732797008668092   -0.14246566972216493   -0.08083937516235791   -0.14458648709597674   -0.09622516683453612   -0.07295820998878137   -0.04135606339447237   -0.11308377265427463   -0.09444178603324507   -0.06798478852159977   -0.021500876683458302   -0.04899525392310561   -0.0011790362577157759   -0.06216701706493272   0.008841650587208458   -0.07233194289934418   -0.021885859137642516   -0.029346381440338395   -0.04947978648989816   -0.0864661664726758   -0.006184516640355736   
T_sec   15.0   15.5   16.0   16.5   17.0   17.5   18.0   18.5   19.0   19.5   20.0   20.5   21.0   21.5   22.0   22.5   23.0   23.5   24.0   24.5   25.0   25.5   26.0   26.5   27.0   27.5   28.0   28.5   29.0   29.5   30.0   30.5   31.0   31.5   32.0   32.5   33.0   33.5   34.0   34.5   35.0   35.5   36.0   36.5   37.0   37.5   38.0   38.5   39.0   39.5   40.0   40.5   41.0   41.5   42.0   42.5   43.0   43.5   44.0   44.5   45.0   45.5   46.0   46.5   47.0   47.5   48.0   48.5   49.0   49.5   50.0   50.5   51.0   51.5   52.0   52.5   53.0   53.5   54.0   54.5   55.0   
U11   -0.00028826934641490925   -0.0007434243185667163   -0.0002686030522278635   -0.0007480679618872034   -0.00024647075664800623   -0.0007536270981866781   -0.00022156729534900986   -0.0007576233826812415   -0.00019218957775388447   -0.0007602093975340583   -0.00015818502169946742   -0.0007615377249082942   -0.00011940104502259343   -0.0007617609469671118   -7.382939281994458e-05   -0.0007585533010897787   -1.9614392351370688e-05   -0.0007522199516026225   4.447695707953519e-05   -0.0007422908086250624   0.00011967765616917844   -0.0007264401095363633   0.00021062688676793884   -0.000703575092412196   0.00032242157721569254   -0.0006674937235972701   0.0004624844184730475   -0.0006147774785465208   0.0006405515207302587   -0.000536275888940175   0.0008706930117016321   -0.0004223683965778784   0.0011737790380183383   -0.00025181797354669014   0.0015884735628972442   1.4736075760530688e-05   0.0021820632382555014   0.0004388193112339463   0.0030594182606938887   0.0011401798800987103   0.004439441835124823   0.0023814976426659454   0.006805466070462312   0.004807872584862078   0.011419276749095007   0.01037260147779882   0.02248815673965347   0.02734099109343989   0.06316306393416411   0.13604691886664824   0.5241759745329235   1.0   0.617249725825778   0.027401827650587064   0.490963270839748   0.756321705055902   -0.05640739498691935   -0.37207978410532355   -0.21011851737654838   -0.1857598770164372   -0.197147973170643   -0.13799586154032945   -0.11762202037320621   -0.1412482901415818   -0.08543550161471138   -0.01922901199523676   -0.04204983711307142   -0.08521130993678237   -0.08575218098765823   -0.05875803324165656   -0.06593142041553415   -0.08085549517306968   -0.06580402174412128   -0.021589185462912268   -0.04626557208182588   -0.046299583178527164   0.005297905073957028   -0.007602517517035151   -0.07288415533966416   -0.09105665081161689   -0.03956152570749931   
T_sec   15.0   15.5   16.0   16.5   17.0   17.5   18.0   18.5   19.0   19.5   20.0   20.5   21.0   21.5   22.0   22.5   23.0   23.5   24.0   24.5   25.0   25.5   26.0   26.5   27.0   27.5   28.0   28.5   29.0   29.5   30.0   30.5   31.0   31.5   32.0   32.5   33.0   33.5   34.0   34.5   35.0   35.5   36.0   36.5   37.0   37.5   38.0   38.5   39.0   39.5   40.0   40.5   41.0   41.5   42.0   42.5   43.0   43.5   44.0   44.5   45.0   45.5   46.0   46.5   47.0   47.5   48.0   48.5   49.0   49.5   50.0   50.5   51.0   51.5   52.0   52.5   53.0   53.5   54.0   54.5   55.0   
U12   -0.000994660661197743   -0.0018083111214680912   -0.0009690373299370506   -0.0018288124773071996   -0.0009397989511384759   -0.0018495380220321632   -0.0009059740572233015   -0.0018698435468399418   -0.0008678795982188906   -0.0018910277780849298   -0.0008238998977434855   -0.001910251042659594   -0.0007725061174248867   -0.0019282322789955925   -0.0007131408864696117   -0.0019459481090458007   -0.0006443470035095842   -0.0019614659064010973   -0.0005644984834147327   -0.001972219144597637   -0.0004655066355279569   -0.0019717554268567053   -0.00034379223081343595   -0.001964287882268848   -0.00020096063690461312   -0.0019466160843154947   -2.6969919238640067e-05   -0.0019126252037419212   0.0001862892303382133   -0.0018552495612113157   0.0004540433430580596   -0.0017622594982142348   0.0007970204968496373   -0.0016107907566169117   0.0012511649921254826   -0.001369277105070387   0.0018685882018640207   -0.0009755163134621983   0.0027495857667139663   -0.0003082631130927363   0.004086577807329152   0.000884105352911238   0.006284599209203998   0.003208217469232037   0.010376976795370203   0.008324042596708332   0.019532760316237203   0.022442799509029047   0.04880572211059825   0.08680088991886392   0.2910301595826815   0.8407488729687346   1.0   0.6211478589333086   0.7785223575038921   0.09287376945044895   -0.47168635022047417   -0.25455354426961924   -0.22810466523948997   -0.18547072012277857   -0.18485916577780173   -0.12175471630703444   -0.11008353810101398   -0.07412880843763675   -0.023439898283080424   -0.00703825102896674   -0.044160206651353985   -0.03374598971311451   -0.07971177137462834   -0.09688969269712513   -0.11736210153062097   -0.1365328331780184   -0.049245709688091124   -0.023761371666098232   -0.06333981367221665   0.009613319857534561   0.02188187964362201   -0.01598316982743844   -0.05304755138887295   -0.08481096270310534   -0.08373792510747995   
T_sec   15.0   15.5   16.0   16.5   17.0   17.5   18.0   18.5   19.0   19.5   20.0   20.5   21.0   21.5   22.0   22.5   23.0   23.5   24.0   24.5   25.0   25.5   26.0   26.5   27.0   27.5   28.0   28.5   29.0   29.5   30.0   30.5   31.0   31.5   32.0   32.5   33.0   33.5   34.0   34.5   35.0   35.5   36.0   36.5   37.0   37.5   38.0   38.5   39.0   39.5   40.0   40.5   41.0   41.5   42.0   42.5   43.0   43.5   44.0   44.5   45.0   45.5   46.0   46.5   47.0   47.5   48.0   48.5   49.0   49.5   50.0   50.5   51.0   51.5   52.0   52.5   53.0   53.5   54.0   54.5   55.0   
U13   -0.001648050944948814   -0.0008451541240934898   -0.001666554431005145   -0.0008225719789336146   -0.001685263786793537   -0.0007947393815803887   -0.0017004818549665487   -0.0007598698092683618   -0.001713873996359611   -0.0007199617301830415   -0.0017277868877708215   -0.0006746881478453375   -0.0017419752554536205   -0.0006234676960891015   -0.0017553066399667188   -0.0005646228802944049   -0.0017673858780517687   -0.0004965685087148807   -0.0017787360601530494   -0.0004177729347333133   -0.0017878807985313172   -0.00032399290104983576   -0.0017937032800605672   -0.00021375173760242928   -0.0017967571181402057   -8.29326562217335e-05   -0.0017938698810253814   7.559821241207659e-05   -0.001783188389297637   0.00026968931154201635   -0.001759598348407184   0.0005128513816175472   -0.0017156538882686484   0.000826909921438259   -0.0016368024517493538   0.0012431921880551703   -0.0014984507112000714   0.001818654084967856   -0.001255844989909467   0.0026557314603075266   -0.0008118173449778693   0.003958418026131346   4.431898883827038e-05   0.006178364425894804   0.0018505600347429748   0.010498594751827734   0.006272030502599314   0.020894186292749622   0.02047763851359855   0.05882897436496002   0.11027851474165182   0.4475061693483636   1.0   0.8342795363340919   0.12808585841465397   -0.2797223262817079   -0.24280821345554388   -0.20879713169711386   -0.14511930943978055   -0.10421343789486193   -0.0777852352937458   -0.08369556614512182   -0.03847085912347679   -0.021566785203629864   -0.02043247842784831   -0.034402826099535724   -0.02353386035460377   -0.022457862043621258   -0.055961242005163864   -0.08554588308606316   -0.09544205684354368   -0.08637915051125457   -0.047601911125229004   -0.04950033045337242   0.00922538888034039   0.012645798325125206   0.01132884457984856   -0.008948753499055339   -0.011136745549745032   -0.06301603347455065   -0.07354199595995184   
T_sec   15.0   15.5   16.0   16.5   17.0   17.5   18.0   18.5   19.0   19.5   20.0   20.5   21.0   21.5   22.0   22.5   23.0   23.5   24.0   24.5   25.0   25.5   26.0   26.5   27.0   27.5   28.0   28.5   29.0   29.5   30.0   30.5   31.0   31.5   32.0   32.5   33.0   33.5   34.0   34.5   35.0   35.5   36.0   36.5   37.0   37.5   38.0   38.5   39.0   39.5   40.0   40.5   41.0   41.5   42.0   42.5   43.0   43.5   44.0   44.5   45.0   45.5   46.0   46.5   47.0   47.5   48.0   48.5   49.0   49.5   50.0   50.5   51.0   51.5   52.0   52.5   53.0   53.5   54.0   54.5   55.0   
U14   -0.0012432168566813772   -0.001383035178316642   -0.0012348923882348258   -0.0013796539891403467   -0.0012249762890692666   -0.0013748032741955475   -0.0012128074859069956   -0.0013682135493186447   -0.0011971859371431087   -0.0013591016362814303   -0.0011799727576602144   -0.0013477117449849118   -0.0011577152018566962   -0.001332060655595978   -0.0011306827538961547   -0.0013130789255559328   -0.0010992670028926936   -0.001289620410092592   -0.0010625475011100457   -0.0012618072141564597   -0.0010183936495020034   -0.0012270363043381445   -0.0009647460112026478   -0.0011832040300077983   -0.0008994179895430371   -0.0011284905359842375   -0.0008184890327746451   -0.0010585807273423265   -0.000716513065757707   -0.0009676899833884261   -0.0005847133727013473   -0.0008453000509732977   -0.00041054006527925925   -0.0006780029696370267   -0.00017223034928448512   -0.00043915420822234304   0.00016541118424784543   -8.545231678691405e-05   0.000667615824018119   0.00046806242405659354   0.0014603940913566502   0.001393268100706088   0.0028134398403525025   0.0030905341482897124   0.005396276356122299   0.006658383563157534   0.011242525594954348   0.01603803085203652   0.02930390673751363   0.055349056491653975   0.15537899561978963   0.4914818914679093   1.0   0.801344386415561   -0.06693105902461977   -0.3240708494849493   -0.21971843175824124   -0.1719147276915808   -0.11973872677819963   -0.06914927091407608   -0.06227130163400587   -0.07142592012277582   -0.03741849780939587   -0.017290154336815463   -0.042953228352955224   -0.03427330438053488   -0.010976579828117257   -0.017394632492697043   -0.048478896875062544   -0.09327276906801904   -0.0890852973225797   -0.07328141145916761   -0.0642982805528013   -0.013217583164244765   0.023146754704616742   0.019126256204024774   0.00953205586732781   0.008401427511629318   -0.013208985010702817   -0.04951022356926943   -0.09430394185838115   
T_sec   15.0   15.5   16.0   16.5   17.0   17.5   18.0   18.5   19.0   19.5   20.0   20.5   21.0   21.5   22.0   22.5   23.0   23.5   24.0   24.5   25.0   25.5   26.0   26.5   27.0   27.5   28.0   28.5   29.0   29.5   30.0   30.5   31.0   31.5   32.0   32.5   33.0   33.5   34.0   34.5   35.0   35.5   36.0   36.5   37.0   37.5   38.0   38.5   39.0   39.5   40.0   40.5   41.0   41.5   42.0   42.5   43.0   43.5   44.0   44.5   45.0   45.5   46.0   46.5   47.0   47.5   48.0   48.5   49.0   49.5   50.0   50.5   51.0   51.5   52.0   52.5   53.0   53.5   54.0   54.5   55.0   
U15   -0.000503650771525629   -0.0026154427393347843   -0.0004353251295142103   -0.0026583171289184387   -0.00036045467155121667   -0.002702164806047984   -0.00027828337034233454   -0.002751436234077964   -0.00018761508869797252   -0.0028023986304352524   -8.636791855428359e-05   -0.002858176577704859   2.6445516040201234e-05   -0.0029173652081058063   0.0001528281437995688   -0.0029819054000741712   0.0002949803801207293   -0.0030524713915350754   0.00045631567984603163   -0.0031295596996378954   0.0006410373870864733   -0.003213528614261981   0.00085368736992533   -0.0033046771850280985   0.0011014028469000035   -0.0034039786994821382   0.0013962014286034463   -0.0035103894280503253   0.001749169779916297   -0.003625319935169343   0.0021800269365893736   -0.0037452158053242297   0.0027192400561276433   -0.0038658738284834647   0.0034106197873985614   -0.003975079118067596   0.004328302861176671   -0.004046455325825936   0.0056010411707888485   -0.004017263211880985   0.007470653501377362   -0.0037392302723942062   0.010452401094166949   -0.0028106435005596214   0.015770413507237544   5.4093348067634636e-05   0.027293620211652134   0.010598221320020508   0.06392385229435357   0.0860841223139626   0.42387993437495836   0.6928439868945699   1.0   0.7757041527641504   -0.2655069813303576   -0.319220876865011   -0.23985162051233838   -0.13837648635725885   -0.12658044163477974   -0.07489627644968003   -0.0862158942009822   -0.08872991194164422   -0.07908621483051646   -0.033615150795665724   -0.05974346322547135   -0.026535528644452612   -0.01649591995575963   -0.036429071304988896   -0.07729785510468211   -0.10511534010617482   -0.11193340465116147   -0.07740338215161001   -0.07799143427835183   0.020538253219246367   0.035142882680012415   0.031812947273196536   0.005711576195972261   0.013171325763098445   -0.034716534783222036   -0.06911120459153608   -0.11299254775750188   
T_sec   15.0   15.5   16.0   16.5   17.0   17.5   18.0   18.5   19.0   19.5   20.0   20.5   21.0   21.5   22.0   22.5   23.0   23.5   24.0   24.5   25.0   25.5   26.0   26.5   27.0   27.5   28.0   28.5   29.0   29.5   30.0   30.5   31.0   31.5   32.0   32.5   33.0   33.5   34.0   34.5   35.0   35.5   36.0   36.5   37.0   37.5   38.0   38.5   39.0   39.5   40.0   40.5   41.0   41.5   42.0   42.5   43.0   43.5   44.0   44.5   45.0   45.5   46.0   46.5   47.0   47.5   48.0   48.5   49.0   49.5   50.0   50.5   51.0   51.5   52.0   52.5   53.0   53.5   54.0   54.5   55.0   
U16   -0.0010074316066600608   -0.0023145792506476474   -0.000955282921082348   -0.0023350899261487855   -0.0008988659313287618   -0.0023564134021446786   -0.0008362218192824004   -0.0023779324871326312   -0.0007659266347499137   -0.0024001611151300718   -0.0006876718290018679   -0.0024238860366882285   -0.0006002616228037421   -0.002448436391478086   -0.0005022720659621853   -0.002474326113517073   -0.0003914120329400999   -0.0025015324485594035   -0.00026506179430961296   -0.00252989847029349   -0.00012049208601259589   -0.0025592225283858103   4.6997979353720304e-05   -0.0025874025938054422   0.0002447472220166038   -0.002613632849687931   0.0004802953280672104   -0.002635564892646897   0.0007641485203119689   -0.002649821666791471   0.001114480445675351   -0.0026477047420902116   0.001556931309335979   -0.0026189275934981847   0.0021309335781866372   -0.0025375314563957814   0.0029062331923560723   -0.0023558703378733364   0.004000862346269573   -0.0019788342860778078   0.005646795926414433   -0.001186473689761191   0.008335640414279095   0.0005797454655894601   0.013314648429645857   0.005104892068192069   0.024664203036800326   0.02041829945231138   0.06482274295817689   0.1405462675297461   0.500308521930749   0.7219173122444625   1.0   0.705997746310125   -0.19755952690845405   -0.34128588738262894   -0.24074330185083156   -0.1481116236880202   -0.1308762107487452   -0.08702449185986444   -0.09450333902596972   -0.1000404706698115   -0.08350927847359729   -0.04322752630847469   -0.057432254394684204   -0.03154553263826829   -0.02326907827755546   -0.04639532227904382   -0.0807275548752394   -0.11205849134914035   -0.11654170547723504   -0.08596173964306124   -0.07069732085348976   0.018170415696055226   0.038405303955325626   0.03158194035679693   0.006136145005608214   0.007706133243787917   -0.04117052909319177   -0.07510125662506074   -0.11153355707808929   
T_sec   15.0   15.5   16.0   16.5   17.0   17.5   18.0   18.5   19.0   19.5   20.0   20.5   21.0   21.5   22.0   22.5   23.0   23.5   24.0   24.5   25.0   25.5   26.0   26.5   27.0   27.5   28.0   28.5   29.0   29.5   30.0   30.5   31.0   31.5   32.0   32.5   33.0   33.5   34.0   34.5   35.0   35.5   36.0   36.5   37.0   37.5   38.0   38.5   39.0   39.5   40.0   40.5   41.0   41.5   42.0   42.5   43.0   43.5   44.0   44.5   45.0   45.5   46.0   46.5   47.0   47.5   48.0   48.5   49.0   49.5   50.0   50.5   51.0   51.5   52.0   52.5   53.0   53.5   54.0   54.5   55.0   
U17   -0.0023600039759755546   -0.0023067652380759866   -0.002316010626034769   -0.0022575141957014272   -0.002265970196306799   -0.0022032332979704254   -0.0022118480884049012   -0.002143719989283447   -0.002151678900715819   -0.0020773666052951918   -0.002084936794140142   -0.0020041688392846493   -0.002011083009415431   -0.0019221440627545242   -0.001927621999108008   -0.0018287795013870992   -0.0018318771937897132   -0.001721023621602217   -0.0017209996154799233   -0.0015958205830987116   -0.0015912394829466063   -0.0014480862239217936   -0.0014366518834889605   -0.001269993709865965   -0.0012482098845862288   -0.001057037333632502   -0.001029482234055462   -0.0008041519210483792   -0.000755092020183895   -0.0004769272190049618   -0.00039466414493947863   -4.214891335206413e-05   9.349330156158524e-05   0.0005567053445354074   0.0007823802555875129   0.001419202656904617   0.0018020190706609963   0.0027318766796766937   0.003410514822684191   0.004875757608946689   0.0061680574645348665   0.00876555336724111   0.011527303481965704   0.01703865614339464   0.02433669267313321   0.04096033282566867   0.07318815394755736   0.21427311379428604   0.6523331275261637   0.9330092213022735   0.7511936724565981   0.7666466552825224   1.0   0.752854554286742   0.10302892060281818   -0.3280109768936757   -0.3726937448109194   -0.3469316562366978   -0.3222148349993109   -0.24935604741056788   -0.21139784417899785   -0.19131494605456886   -0.15239895357749822   -0.10989829250225375   -0.09159071591127085   -0.09417532864261412   -0.09390439397746915   -0.09294567109643052   -0.12812744242193283   -0.1650016949895211   -0.13358853116293684   -0.08435582362773224   -0.04950918462983675   0.026096985262783153   0.05771223309001552   0.02297043316564793   -0.01807624480190865   -0.059658766522765035   -0.07400682456853343   -0.07851334103093316   -0.09339780938174441   
T_sec   15.0   15.5   16.0   16.5   17.0   17.5   18.0   18.5   19.0   19.5   20.0   20.5   21.0   21.5   22.0   22.5   23.0   23.5   24.0   24.5   25.0   25.5   26.0   26.5   27.0   27.5   28.0   28.5   29.0   29.5   30.0   30.5   31.0   31.5   32.0   32.5   33.0   33.5   34.0   34.5   35.0   35.5   36.0   36.5   37.0   37.5   38.0   38.5   39.0   39.5   40.0   40.5   41.0   41.5   42.0   42.5   43.0   43.5   44.0   44.5   45.0   45.5   46.0   46.5   47.0   47.5   48.0   48.5   49.0   49.5   50.0   50.5   51.0   51.5   52.0   52.5   53.0   53.5   54.0   54.5   55.0   
U18   -0.0017793462155567047   -0.002650083358530227   -0.00170595006799354   -0.002625311060845385   -0.0016246193612307904   -0.0025952404084864304   -0.0015368096116531978   -0.0025643640253663375   -0.0014403515340088398   -0.0025289247954769826   -0.00133438351050135   -0.002490009576502666   -0.0012150852761695758   -0.0024437909824793743   -0.0010800666066583607   -0.0023883717245980728   -0.0009288116992966517   -0.002326290921997993   -0.0007543207028552744   -0.0022491067792451374   -0.000550433245284861   -0.002154851737574582   -0.00032213191294457706   -0.0020560620513163253   -5.7041673016016606e-05   -0.0019250231556681102   0.0002661022445246918   -0.0017540803258015076   0.0006706633076509335   -0.0015163716371121266   0.0011892685153172522   -0.0011816716078400413   0.001874704940985904   -0.0006930333715327095   0.002820572636898528   5.15003129408171e-05   0.004184501921701434   0.001254438528724636   0.006289127077692109   0.0033464808785519827   0.009844252691154196   0.007391500163768124   0.01672803347687308   0.016724459271162666   0.03371579075689066   0.047571223281843364   0.1128083210384261   0.3533368222301489   0.851190440003663   0.9106870038126967   0.6182489432718498   0.7354307920169509   1.0   0.7302051781085458   0.1649816150057459   -0.28039035682055186   -0.4477096343415742   -0.39556991389681945   -0.3457719698891074   -0.2482158598538643   -0.22904788446813854   -0.19617710283523354   -0.1621454101053293   -0.11419879674173582   -0.10342255820563742   -0.10021355943642192   -0.10085849219852622   -0.08439194965038121   -0.1322415127605013   -0.15133250873320012   -0.12039634857116234   -0.08047412945856065   -0.048545915111090764   0.02815240529083108   0.04934763162736552   0.017365226970361476   -0.03377813927868463   -0.06354536838432905   -0.06086623824418124   -0.06504066123610693   -0.0886656088047691   
T_sec   15.0   15.5   16.0   16.5   17.0   17.5   18.0   18.5   19.0   19.5   20.0   20.5   21.0   21.5   22.0   22.5   23.0   23.5   24.0   24.5   25.0   25.5   26.0   26.5   27.0   27.5   28.0   28.5   29.0   29.5   30.0   30.5   31.0   31.5   32.0   32.5   33.0   33.5   34.0   34.5   35.0   35.5   36.0   36.5   37.0   37.5   38.0   38.5   39.0   39.5   40.0   40.5   41.0   41.5   42.0   42.5   43.0   43.5   44.0   44.5   45.0   45.5   46.0   46.5   47.0   47.5   48.0   48.5   49.0   49.5   50.0   50.5   51.0   51.5   52.0   52.5   53.0   53.5   54.0   54.5   55.0   
U19   -0.0012471644460085017   -0.0017128996015782529   -0.0011949889016381905   -0.0016801580115221298   -0.0011384959505529616   -0.0016431022561413865   -0.0010753946577328527   -0.0016003447133273098   -0.0010042320955854732   -0.0015494192196400319   -0.00092388186393682   -0.0014973227083262   -0.0008478697270342113   -0.001445366532150615   -0.0007605160793583156   -0.001380749121688946   -0.0006584679949829175   -0.0013010830070641058   -0.0005378437490539596   -0.0012016414172871057   -0.000392708016064528   -0.001075291678217257   -0.0002162074414572336   -0.0009137961928780208   1.4360382555441173e-06   -0.00070333629476262   0.00027682854644658905   -0.0004231545585426528   0.0006336458242155329   -3.9511603254393353e-05   0.0011107477165201562   0.0004998231440427415   0.0017701296903041388   0.0012851255273652303   0.002724882156982585   0.0024853495358601874   0.004190042938175687   0.004434333101264516   0.006627062981380425   0.007897690122701502   0.011198754942133769   0.014981322256264555   0.021649952939977388   0.03382439830820176   0.05780782274796185   0.13936466248703835   0.46046686823692895   0.9645386560492031   0.7715585121849067   0.37835710191512206   0.5295700830338999   0.8112413574949888   1.0   0.5198877944428566   0.200509027358523   -0.20091792202314881   -0.5738878036540616   -0.4288935252765244   -0.3384869463237566   -0.26873246571273296   -0.23823734562634427   -0.17238551025722718   -0.15077434709111887   -0.14952318978668086   -0.14007144706520952   -0.07824987445292494   -0.06594663864087856   -0.09730296086166122   -0.10748198625771645   -0.0888109801467645   -0.0814858134864166   -0.08467389254068208   -0.02453106380705593   0.022292442209631797   0.008568955090006844   -0.0076464762358209905   -0.04268249780643489   -0.009195621711870654   -0.021856480224275145   -0.04329148611257338   -0.07739340019966132   
T_sec   15.0   15.5   16.0   16.5   17.0   17.5   18.0   18.5   19.0   19.5   20.0   20.5   21.0   21.5   22.0   22.5   23.0   23.5   24.0   24.5   25.0   25.5   26.0   26.5   27.0   27.5   28.0   28.5   29.0   29.5   30.0   30.5   31.0   31.5   32.0   32.5   33.0   33.5   34.0   34.5   35.0   35.5   36.0   36.5   37.0   37.5   38.0   38.5   39.0   39.5   40.0   40.5   41.0   41.5   42.0   42.5   43.0   43.5   44.0   44.5   45.0   45.5   46.0   46.5   47.0   47.5   48.0   48.5   49.0   49.5   50.0   50.5   51.0   51.5   52.0   52.5   53.0   53.5   54.0   54.5   55.0   
U20   -0.0005720947405233172   -0.001775115355407768   -0.000502412216239221   -0.0017887951901755554   -0.000422834146522476   -0.0018075204296848213   -0.0003458791969232651   -0.0018334285787156247   -0.0002585017845005955   -0.0018578939780897691   -0.0001572126827487291   -0.0018804740517639213   -3.937930316577246e-05   -0.0018998659481869007   9.955212611320943e-05   -0.001914162427931272   0.0002632260916510671   -0.0019227065023941581   0.0004580440244554437   -0.001921341877986276   0.0006933681150015123   -0.0019049204443928286   0.0009826633068423442   -0.0018659297933112068   0.0013413004773772832   -0.0017944181300085548   0.00179466008530962   -0.0016740658562221051   0.0023793907136640913   -0.0014753646248123551   0.0031564182603607337   -0.0011512426380685492   0.004222822603562728   -0.000613803308632252   0.005754803058881986   0.00030938520117543793   0.008083420154183531   0.001987118479445928   0.011929487785245763   0.005351481439935843   0.019153911784284747   0.013325535821690363   0.036061889862537014   0.039869929047670914   0.10172081801722675   0.27965235369289565   1.0   0.8623625647907797   0.3780247344386639   0.4335737795507433   0.6119993546653133   0.9528321189603134   0.9694255950021576   0.3021719749373333   0.2171397690180439   -0.140936495291773   -0.5563135220353143   -0.46385198336880396   -0.3591833145631459   -0.2520999313060997   -0.21996311219611572   -0.16024019137883197   -0.15733679854991472   -0.1877193708796106   -0.1483665641360285   -0.05210064281937211   -0.10099641330590253   -0.08624402643955326   -0.07775322063927036   -0.0746195625011686   -0.07435420765359019   -0.08335695454353963   -0.015302718287743374   0.014192213004554513   -0.007239681149324273   -0.020504868284517086   0.011727797081918382   0.01295147621865375   -0.0095852755987526   -0.04607254856303689   -0.07391252786116696   
T_sec   15.0   15.5   16.0   16.5   17.0   17.5   18.0   18.5   19.0   19.5   20.0   20.5   21.0   21.5   22.0   22.5   23.0   23.5   24.0   24.5   25.0   25.5   26.0   26.5   27.0   27.5   28.0   28.5   29.0   29.5   30.0   30.5   31.0   31.5   32.0   32.5   33.0   33.5   34.0   34.5   35.0   35.5   36.0   36.5   37.0   37.5   38.0   38.5   39.0   39.5   40.0   40.5   41.0   41.5   42.0   42.5   43.0   43.5   44.0   44.5   45.0   45.5   46.0   46.5   47.0   47.5   48.0   48.5   49.0   49.5   50.0   50.5   51.0   51.5   52.0   52.5   53.0   53.5   54.0   54.5   55.0   
U21   -0.00018035876900127925   -0.0015637515887345296   -0.0001352832873097061   -0.0016141043493103947   -8.008652352544556e-05   -0.0016635057762975718   -1.2028930069318323e-05   -0.0017133455793002265   7.02494703518574e-05   -0.0017644714413226738   0.00016903688394284962   -0.0018169239976412175   0.00028701596333156654   -0.0018706865816666134   0.0004325211757294745   -0.0019216273275430044   0.0006123337064418498   -0.0019695696474280305   0.0008346447680162894   -0.0020160334900493917   0.0011102840786677063   -0.002056170716231878   0.0014611043292575298   -0.002081970770413028   0.0019173368248192487   -0.00208356078640006   0.0025202025098543758   -0.0020466770031879423   0.003336157279083874   -0.0019438613477706784   0.004474508733775485   -0.0017232010611026045   0.006131837836785951   -0.0012813179475054258   0.008670353974500953   -0.0003967823245438941   0.012869728184781161   0.0015074955181049597   0.020684676778065854   0.006272045211998371   0.038422811058640344   0.022613838518234338   0.10013669124924872   0.15672590410000248   0.8728270101507148   1.0   0.3414489694622263   0.41985888161642104   0.5133702589181532   0.6017081085362612   0.4909507922265343   0.6600250759557645   0.47105723422029727   0.01643860607373725   -0.038085369593567044   -0.04924547436193606   -0.39995289360404984   -0.42304618609165684   -0.23028622652087405   -0.16969211783920857   -0.16548808955210476   -0.17383471947353732   -0.17707583674270022   -0.14253097767141715   -0.16786325192977553   -0.14691408546794743   -0.06598760231152521   -0.037727134857699234   -0.0675377461117306   -0.05514403808508183   -0.03289423807176258   -0.045360728365700397   -0.03051116049333533   -0.05935575036962313   -0.017491995937032965   0.035173259320195646   0.033327960807060006   0.001696351470520119   -0.02306808684600654   -0.03708025757485837   -0.023445058390443883   
T_sec   15.0   15.5   16.0   16.5   17.0   17.5   18.0   18.5   19.0   19.5   20.0   20.5   21.0   21.5   22.0   22.5   23.0   23.5   24.0   24.5   25.0   25.5   26.0   26.5   27.0   27.5   28.0   28.5   29.0   29.5   30.0   30.5   31.0   31.5   32.0   32.5   33.0   33.5   34.0   34.5   35.0   35.5   36.0   36.5   37.0   37.5   38.0   38.5   39.0   39.5   40.0   40.5   41.0   41.5   42.0   42.5   43.0   43.5   44.0   44.5   45.0   45.5   46.0   46.5   47.0   47.5   48.0   48.5   49.0   49.5   50.0   50.5   51.0   51.5   52.0   52.5   53.0   53.5   54.0   54.5   55.0   
U22   -0.0010074296868206047   -0.0008597899355958373   -0.0010200463112940933   -0.0008600209736976739   -0.001028395197161952   -0.0008547899725502315   -0.0010322614247808817   -0.0008434217203276877   -0.0010306992377885553   -0.00082487322696996   -0.0010235354562618583   -0.0007959931385226072   -0.001004570995434293   -0.000751524813187691   -0.0009718690513702758   -0.0006900388295257072   -0.0009250484613448486   -0.0006080369010967205   -0.000856946982789822   -0.0004944400298773215   -0.0007567011107184229   -0.0003364387277692948   -0.00061183425044906   -0.00011692558849424864   -0.00040480956367004733   0.0001891162268736475   -0.00010800285874717354   0.0006231715199776869   0.0003258392393418888   0.0012555371141095666   0.0009754033061905791   0.0022057631863957286   0.001978437481950326   0.003700967887159748   0.003616220691400993   0.006224566875207809   0.006513091865123298   0.010965109690763785   0.01234680957408942   0.02161304787798377   0.027227751319455977   0.055967022032270136   0.09495797626525113   0.38074870551291773   1.0   0.8315961294287961   0.36978779820906615   0.4618658635851163   0.5870241734868942   0.5454603420266395   0.4894981475002752   0.6140467176177904   0.45493277258164555   0.03457986037650619   -0.06438138056438744   -0.07872998332161502   -0.323850508305501   -0.3931544219751874   -0.23060235905787643   -0.16549631751716962   -0.17834528002094857   -0.19379895243206566   -0.17063898722997187   -0.1573991177268489   -0.1905070778063661   -0.15136598142756497   -0.06736724632432578   -0.04650935894739965   -0.06641064938581263   -0.051009800172410004   -0.032252955481991606   -0.039818944973079036   -0.05269091135889974   -0.04761248606653852   0.0005016486712296518   0.03570243124174174   0.033253595602696216   0.004101110403500672   -0.01789507306853146   -0.029743356176915592   -0.010039634233084505   
T_sec   15.0   15.5   16.0   16.5   17.0   17.5   18.0   18.5   19.0   19.5   20.0   20.5   21.0   21.5   22.0   22.5   23.0   23.5   24.0   24.5   25.0   25.5   26.0   26.5   27.0   27.5   28.0   28.5   29.0   29.5   30.0   30.5   31.0   31.5   32.0   32.5   33.0   33.5   34.0   34.5   35.0   35.5   36.0   36.5   37.0   37.5   38.0   38.5   39.0   39.5   40.0   40.5   41.0   41.5   42.0   42.5   43.0   43.5   44.0   44.5   45.0   45.5   46.0   46.5   47.0   47.5   48.0   48.5   49.0   49.5   50.0   50.5   51.0   51.5   52.0   52.5   53.0   53.5   54.0   54.5   55.0   
U23   -0.0014793658933750834   -0.00047819210921931323   -0.0015415184000695044   -0.00046732933378540854   -0.0016066543816627692   -0.0004491962269196651   -0.0016712515069618379   -0.0004202550237492205   -0.0017343618361316774   -0.00037813422757975823   -0.001794935982005409   -0.0003199201912093067   -0.0018520844452538322   -0.00024203618942777942   -0.0019040907142131693   -0.0001374651329952859   -0.0019455560581889246   3.0801166905363007e-06   -0.0019715419298310262   0.0001895067694141524   -0.0019794812784837182   0.0004350260378095531   -0.001954508114568528   0.0007649874333204431   -0.0018811437180271265   0.001216469682659403   -0.0017259114036772274   0.0018497129417834786   -0.0014392981820907358   0.0027612212204940804   -0.0009286604110647537   0.004122542187133517   -4.498576121471555e-06   0.006282233148350849   0.0017530259703877954   0.010026424534633423   0.00546096998744539   0.017552508884001   0.014943333779115808   0.03763689870542648   0.05187894425328202   0.15629711563629248   0.532925275821943   1.0   0.4995633457201027   0.3310588620220149   0.5513341000811004   0.4270407170933897   0.25035846756315816   0.20407498985830086   0.3132884047300707   0.37781050441113595   0.265511446575745   -0.08247067589378472   -0.20396153531005803   -0.16734455510188584   -0.008591529329615412   -0.0943900432684009   -0.16780661205586564   -0.1671495934748199   -0.19296070968708148   -0.15520533617690688   -0.13595841743891668   -0.19174837645777554   -0.14286895177373252   -0.09334515636263331   -0.0827995624577741   -0.06131037367934233   -0.021763625401315004   -0.016465144168145533   -0.025272003317124918   -0.07253136773373807   -0.049760333917006516   0.010952885104719553   0.00844000568624515   0.006052645836056167   0.017080646218225422   0.011028781504159816   0.002713115818611608   -0.005304839855048603   0.022162014875028762   
T_sec   15.0   15.5   16.0   16.5   17.0   17.5   18.0   18.5   19.0   19.5   20.0   20.5   21.0   21.5   22.0   22.5   23.0   23.5   24.0   24.5   25.0   25.5   26.0   26.5   27.0   27.5   28.0   28.5   29.0   29.5   30.0   30.5   31.0   31.5   32.0   32.5   33.0   33.5   34.0   34.5   35.0   35.5   36.0   36.5   37.0   37.5   38.0   38.5   39.0   39.5   40.0   40.5   41.0   41.5   42.0   42.5   43.0   43.5   44.0   44.5   45.0   45.5   46.0   46.5   47.0   47.5   48.0   48.5   49.0   49.5   50.0   50.5   51.0   51.5   52.0   52.5   53.0   53.5   54.0   54.5   55.0   
U24   -0.0027186834041021497   3.743889404056349e-05   -0.0028491264508808114   7.768953217358087e-05   -0.0029838051278882147   0.00013328527662391274   -0.0031217702889813   0.00020578311873343494   -0.003265630832114237   0.0002962611179642017   -0.0034171579871839575   0.0004117413196580218   -0.0035737098366997533   0.0005626836175515253   -0.0037281198376974555   0.0007554953451009252   -0.003886821476483038   0.0010066831423918407   -0.004037508872733275   0.0013332257147029365   -0.0041820491501275555   0.0017580457531926315   -0.004314322656557032   0.002323822351794491   -0.004412337097875819   0.003088118214112745   -0.0044544557512882854   0.004159940409144359   -0.004381842124471179   0.005709791074068537   -0.004080860208755054   0.008079785562242281   -0.003313718920678081   0.011993914106989018   -0.0014178968171520388   0.019275430545938638   0.0037114123108294233   0.03600417834748805   0.0224745889812028   0.09808641324885264   0.1997689434176225   0.8048039151540735   1.0   0.31279218499183914   0.5774647846771824   0.49491116250876427   0.19099888718852964   0.10433077524137825   0.15172068145740206   0.13856978306094894   0.21449902033041457   0.35347183726742415   0.1785783274593519   -0.21841551384234373   -0.3019470127593766   -0.09632659290376314   0.18083063370159788   0.02127071898926453   -0.1750074889994093   -0.220803610527669   -0.16013379092646413   -0.1912347769218002   -0.19399375500775803   -0.11274864916145594   -0.10574382423983758   -0.1250470835357172   -0.06920293373569358   -0.029383007023101152   -0.02810921538013098   -0.03117664677222777   -0.07261539957992079   -0.04015086375644739   0.006306930862809721   -0.020643454253888763   0.012756318037761782   0.003412135492678226   0.01255778435226083   0.013471501778029131   0.025869973252760102   0.0058110979379163465   0.0038779319784234766   
T_sec   15.0   15.5   16.0   16.5   17.0   17.5   18.0   18.5   19.0   19.5   20.0   20.5   21.0   21.5   22.0   22.5   23.0   23.5   24.0   24.5   25.0   25.5   26.0   26.5   27.0   27.5   28.0   28.5   29.0   29.5   30.0   30.5   31.0   31.5   32.0   32.5   33.0   33.5   34.0   34.5   35.0   35.5   36.0   36.5   37.0   37.5   38.0   38.5   39.0   39.5   40.0   40.5   41.0   41.5   42.0   42.5   43.0   43.5   44.0   44.5   45.0   45.5   46.0   46.5   47.0   47.5   48.0   48.5   49.0   49.5   50.0   50.5   51.0   51.5   52.0   52.5   53.0   53.5   54.0   54.5   55.0   
U25   0.0003950200660504577   -0.0035798953440699297   0.0004783144826496593   -0.0037829595532476007   0.0005807603808085313   -0.003999549782525482   0.0007086431970707559   -0.004229205054300006   0.0008676688259430212   -0.004473664832144981   0.0010626411013611604   -0.0047408006361309785   0.0013036701159593194   -0.005029697142596294   0.0016004066426544338   -0.005344672339577843   0.0019730808140329343   -0.005681244108289416   0.002444932422793514   -0.006052469201795872   0.0030493411962234295   -0.006462554529748243   0.0038359953261951104   -0.006902409855211011   0.00488482044084746   -0.0073847669855231605   0.006315406477648203   -0.007891218316382806   0.008348021454189157   -0.00838947883667673   0.011387384074243887   -0.008757704053885275   0.016283043684004607   -0.008601275200004298   0.02514120503598268   -0.006369706584537957   0.04480160430889776   0.006835630838061664   0.11308551509100699   0.16085786846241068   1.0   0.6652586460438652   0.3435992738106016   0.632767223474984   0.11546128857236529   0.07648227025242821   0.04118857439552061   0.08903378728636618   0.048748229256897986   0.13311530684840547   0.20275116546606678   0.3147500382861322   0.042949425645992204   -0.2526297508493899   -0.2805504502752886   0.030039110967514077   0.20992375472732008   0.07201757953524501   -0.16473769946778846   -0.15153167699332143   -0.226630137596993   -0.15666161326011319   -0.08367657183938876   -0.10787330966698297   -0.10351084192040239   -0.042080636276607804   -0.049466124212482074   -0.0550370241715218   -0.07572001923801765   -0.07174800426728406   0.0026455695323880503   -0.009178372015945093   -0.010066102553818937   0.024771254672913204   0.0037317021880710053   0.002359294386063493   0.0007372268458267388   0.03963210000477409   0.01750383815646793   -0.015868955366423052   0.007951625271033987   
T_sec   15.0   15.5   16.0   16.5   17.0   17.5   18.0   18.5   19.0   19.5   20.0   20.5   21.0   21.5   22.0   22.5   23.0   23.5   24.0   24.5   25.0   25.5   26.0   26.5   27.0   27.5   28.0   28.5   29.0   29.5   30.0   30.5   31.0   31.5   32.0   32.5   33.0   33.5   34.0   34.5   35.0   35.5   36.0   36.5   37.0   37.5   38.0   38.5   39.0   39.5   40.0   40.5   41.0   41.5   42.0   42.5   43.0   43.5   44.0   44.5   45.0   45.5   46.0   46.5   47.0   47.5   48.0   48.5   49.0   49.5   50.0   50.5   51.0   51.5   52.0   52.5   53.0   53.5   54.0   54.5   55.0   
U26   0.00016843610860859323   -0.004693066806455795   0.0002639754897237542   -0.004934702695326115   0.000384660662380671   -0.0051861236745504745   0.0005361595778960042   -0.005456080921157718   0.0007244725209915532   -0.0057427282025732124   0.0009607729304507545   -0.006050127253544546   0.0012570576728645185   -0.006375250252649326   0.0016304155369604618   -0.006724115952705947   0.0021032783350830807   -0.007101044572564138   0.0027125376238848558   -0.00750053435069321   0.0035031345571270448   -0.007928751761600926   0.0045568206132984524   -0.008379641208609305   0.005992235124687665   -0.008832451060662912   0.00802808357537921   -0.009237702284761692   0.011065295239367032   -0.009465863064969241   0.015927735803095436   -0.009116890965262664   0.02465236064888168   -0.006754819739694971   0.043652855786945645   0.0048678679247057925   0.1059087695254318   0.11084072355133565   0.800322408618933   1.0   0.6729756410316152   0.5916933860800979   0.06798109563788424   0.04209908261051852   -0.009054218275686152   0.0660041703136852   0.05300546763882168   0.10545529948749906   0.1461105439702432   0.2166951957186034   0.24541413188555442   0.23523654321993195   -0.0616962895264764   -0.3223621192797063   -0.17010041502392154   0.1648470743087678   0.17211659563736145   0.1374690115733518   -0.11181829254810417   -0.2251779163348049   -0.18536594040521873   -0.14050717328316573   -0.10496931290368568   -0.06778940369271891   -0.06936648545097171   -0.06112449832745711   -0.09936270198280107   -0.17363575959251268   -0.14135163348403182   -0.053065109529217044   0.011829356609600035   0.07093655187169194   0.04618745750267706   0.04581661312599771   -0.00023029356630016107   0.015941432067249336   0.02494843578025621   0.032268586687347306   0.005007875841409302   0.004159836009870784   0.013075209219421501   
T_sec   15.0   15.5   16.0   16.5   17.0   17.5   18.0   18.5   19.0   19.5   20.0   20.5   21.0   21.5   22.0   22.5   23.0   23.5   24.0   24.5   25.0   25.5   26.0   26.5   27.0   27.5   28.0   28.5   29.0   29.5   30.0   30.5   31.0   31.5   32.0   32.5   33.0   33.5   34.0   34.5   35.0   35.5   36.0   36.5   37.0   37.5   38.0   38.5   39.0   39.5   40.0   40.5   41.0   41.5   42.0   42.5   43.0   43.5   44.0   44.5   45.0   45.5   46.0   46.5   47.0   47.5   48.0   48.5   49.0   49.5   50.0   50.5   51.0   51.5   52.0   52.5   53.0   53.5   54.0   54.5   55.0   
U27   -0.004227485948130572   -0.00011429730337607282   -0.00444174419603413   -1.843843617152943e-05   -0.0046651895073469   0.00010472424615825298   -0.004900497508328863   0.0002609433180890639   -0.0051499780289843075   0.00045894378909659575   -0.005415470589845931   0.0007097625625453482   -0.005698448915190737   0.0010283997884663577   -0.005999759650000264   0.0014348096752238213   -0.006322768295692168   0.001959983334546445   -0.006669011372405668   0.0026474621592736205   -0.007031434238066782   0.0035685845894029454   -0.007408657582023479   0.004824827340025621   -0.007784377342593674   0.006617655450023753   -0.008103598050036468   0.009294208259720434   -0.008242616015413918   0.013601962995650398   -0.0078173798529945   0.021353497687975686   -0.005504139188616885   0.03825258043431557   0.005175168185720109   0.09306037045015196   0.09484265014533387   0.6781673968512238   1.0   0.7515728670417391   0.4206454781049243   -0.03927555128286039   0.007647440864557649   -0.036980988360841585   0.05747289096775829   0.042089828577496595   0.10179677563336605   0.11448620830012952   0.17722798808578916   0.15839352439095608   0.18661526426964045   0.13509166539183573   -0.08660805902027739   -0.2947154476429187   -0.08406020919520124   0.13340397116665753   0.15359047898816786   0.06307798673673053   -0.04443703617998835   -0.15443220607323513   -0.16939870498011206   -0.10250324049997694   -0.06226298150111909   -0.0672802924397311   -0.0578516542695444   -0.07395134488482491   -0.145832774878758   -0.13753788526954477   -0.11200512585396463   -0.046223478187630326   0.0538515825259062   0.05501634676420586   0.05948111642815655   0.025741610472399583   0.012365862176596713   0.010935113131835223   0.01350507870351492   0.011862055352637478   0.009089714434570644   -0.004696583468816641   0.025028052912027622   
T_sec   15.0   15.5   16.0   16.5   17.0   17.5   18.0   18.5   19.0   19.5   20.0   20.5   21.0   21.5   22.0   22.5   23.0   23.5   24.0   24.5   25.0   25.5   26.0   26.5   27.0   27.5   28.0   28.5   29.0   29.5   30.0   30.5   31.0   31.5   32.0   32.5   33.0   33.5   34.0   34.5   35.0   35.5   36.0   36.5   37.0   37.5   38.0   38.5   39.0   39.5   40.0   40.5   41.0   41.5   42.0   42.5   43.0   43.5   44.0   44.5   45.0   45.5   46.0   46.5   47.0   47.5   48.0   48.5   49.0   49.5   50.0   50.5   51.0   51.5   52.0   52.5   53.0   53.5   54.0   54.5   55.0   
U28   -0.001173691738864508   -0.0035593894026340806   -0.0011766525434590241   -0.0036991544276804267   -0.0011655387000865827   -0.0038402518529133457   -0.0011371354013384755   -0.00397974148004355   -0.001086782623345378   -0.0041185417127882805   -0.0010090098004176405   -0.004252037338269142   -0.0008937493939022775   -0.004377641918627118   -0.0007286140650839484   -0.00448551275896059   -0.0004968635768258263   -0.004569612510782744   -0.00017403850622717344   -0.004613922418711971   0.0002832779013708417   -0.004592158591394918   0.0009429261324943905   -0.0044440227565738805   0.0019267912869286813   -0.00406758863995027   0.003460373645120659   -0.0032480667271280205   0.006026764534319155   -0.001450786672975754   0.010824476993620796   0.002895991537188493   0.021674817389927305   0.01614755276510491   0.05770755537829918   0.09246889008150382   0.4009332526137131   1.0   0.9059396586187074   0.42616458214491715   -0.08606300482264173   -0.041936897687948296   -0.04469705870413285   0.02008715471380159   0.04571882459628321   0.07797303567631689   0.09523566117741857   0.12976983981749368   0.14299165648111975   0.11283674525969548   0.10613517843044676   0.08896601257228207   -0.08701324160163601   -0.26818839034261   -0.09179916968009919   0.134249717486396   0.08602049030877565   0.025344195422627103   -0.01855849470686479   -0.11204840685613228   -0.1307484450134792   -0.07994094361926304   -0.06038171234799249   -0.05610306758022788   -0.061519421363043635   -0.10558294324597353   -0.1358730416765917   -0.09866954700396338   -0.06485425804065002   0.004965742509606932   0.034285758598797206   0.04689850377473018   0.025380723820614667   0.02304845862026422   0.003213772542787603   -0.0009324707218826176   -0.010758974884602007   0.005469547747122921   -0.00388277959141237   -0.0014231059428340982   0.015505223744232069   
T_sec   15.0   15.5   16.0   16.5   17.0   17.5   18.0   18.5   19.0   19.5   20.0   20.5   21.0   21.5   22.0   22.5   23.0   23.5   24.0   24.5   25.0   25.5   26.0   26.5   27.0   27.5   28.0   28.5   29.0   29.5   30.0   30.5   31.0   31.5   32.0   32.5   33.0   33.5   34.0   34.5   35.0   35.5   36.0   36.5   37.0   37.5   38.0   38.5   39.0   39.5   40.0   40.5   41.0   41.5   42.0   42.5   43.0   43.5   44.0   44.5   45.0   45.5   46.0   46.5   47.0   47.5   48.0   48.5   49.0   49.5   50.0   50.5   51.0   51.5   52.0   52.5   53.0   53.5   54.0   54.5   55.0   
U29   -0.0018506807061217049   -0.002459624386816985   -0.001885577793259587   -0.0025376580372266375   -0.0019107777147919806   -0.002610502047505472   -0.0019243928118624239   -0.0026791134749927685   -0.0019233280023884074   -0.002738500133800277   -0.0019009094013041994   -0.002784206470584659   -0.0018490676910247297   -0.0028101396390328797   -0.0017577117369722381   -0.002805572675144551   -0.0016070724206800131   -0.002752824229098324   -0.0013704090212911435   -0.002626450271627145   -0.0010029823762017277   -0.0023773588511042973   -0.0004248616927610198   -0.0019183631761718633   0.0005089929581046717   -0.0010725552809050154   0.0021031900197632587   0.0005691917118522083   0.005101201633747596   0.004130517553262043   0.011713563354005948   0.013635932683559619   0.0316971310996939   0.05382301926141751   0.1747340278815855   0.5953511369426949   1.0   0.5651578003417947   -0.03000566682259525   -0.10344007041844316   -0.06023161734256105   -0.0112939805275931   0.031195529992261873   0.07173399764728564   0.06614428719352528   0.0837947654823003   0.10913152062549579   0.09790816155694443   0.054955578347824885   0.0445493987710039   0.07203421514317958   0.05032811269471673   -0.12534515616329286   -0.20327853687549294   -0.02054499008220425   0.07987073145790309   0.033811113003487485   0.02480008067548972   0.036401513870979285   -0.025843053243270856   -0.08562724789956278   -0.07102583834951495   -0.05536413965920103   -0.0795929752182313   -0.10737140844076677   -0.10029050443016613   -0.05990014873835717   -0.02609758309407612   -0.013005805818188432   -0.002379987685971621   0.004966246748136852   0.01878936947684697   0.03186442670148298   0.024239044432179835   -0.009296086728696511   -0.023532546362506433   -0.010663740777754935   0.0029141535473326667   -0.0038719432438366684   -0.001858859092683217   0.016636173454765396   
T_sec   15.0   15.5   16.0   16.5   17.0   17.5   18.0   18.5   19.0   19.5   20.0   20.5   21.0   21.5   22.0   22.5   23.0   23.5   24.0   24.5   25.0   25.5   26.0   26.5   27.0   27.5   28.0   28.5   29.0   29.5   30.0   30.5   31.0   31.5   32.0   32.5   33.0   33.5   34.0   34.5   35.0   35.5   36.0   36.5   37.0   37.5   38.0   38.5   39.0   39.5   40.0   40.5   41.0   41.5   42.0   42.5   43.0   43.5   44.0   44.5   45.0   45.5   46.0   46.5   47.0   47.5   48.0   48.5   49.0   49.5   50.0   50.5   51.0   51.5   52.0   52.5   53.0   53.5   54.0   54.5   55.0   
U30   -0.0021727032265232435   -0.001471924020418688   -0.0022313797997800125   -0.0014845579636042889   -0.002285392969287923   -0.0014865070807561856   -0.002333549056493861   -0.001475363472270292   -0.002372183105272041   -0.0014425145298511991   -0.002394364263205267   -0.0013813719304467881   -0.002395408584046821   -0.0012824924590714726   -0.002364733954252295   -0.0011278202924442557   -0.002284772947080644   -0.0008919991855997268   -0.0021307097551009867   -0.0005358601715180966   -0.0018591445429251778   1.1243800295718774e-05   -0.0013880749661770995   0.0008817301665185703   -0.000550282830902686   0.002352888504022552   0.001035254520613872   0.0050820282442317136   0.004392857445296771   0.01100756149382058   0.013125406719483637   0.028327925864574954   0.04862733295023686   0.14256953749948012   0.4653718918054606   1.0   0.750167393800464   -0.11674939779746109   -0.13702566922285905   -0.05948018584436333   -0.013490480874608033   0.034688623103011795   0.07979655928817989   0.07055266829212974   0.06954047414358834   0.10687863637511724   0.10486964220465389   0.05793206532409699   0.03532887658437115   0.05144917259357707   0.07575861014553041   0.02876811148548747   -0.13558605718490283   -0.20299908601364364   0.019022113330904613   0.08067180605432787   0.03305694149333871   0.0778200932526955   0.065406240455493   -0.01590077619660429   -0.0754659542380463   -0.07693722420021336   -0.08056267075779107   -0.10838847370101606   -0.11309914584169613   -0.05884797950332262   -0.01716281682356184   -0.020907896931704004   -0.015600733598774704   -0.018028652604897243   -0.018130477192227278   0.015110370512264744   0.05516950082312973   0.028261986044434105   -0.016510354236693888   -0.017118709994505415   0.0004832184731590478   0.00572812487763788   -0.003180266881954413   0.005792563517353965   0.02759698064849883   
T_sec   15.0   15.5   16.0   16.5   17.0   17.5   18.0   18.5   19.0   19.5   20.0   20.5   21.0   21.5   22.0   22.5   23.0   23.5   24.0   24.5   25.0   25.5   26.0   26.5   27.0   27.5   28.0   28.5   29.0   29.5   30.0   30.5   31.0   31.5   32.0   32.5   33.0   33.5   34.0   34.5   35.0   35.5   36.0   36.5   37.0   37.5   38.0   38.5   39.0   39.5   40.0   40.5   41.0   41.5   42.0   42.5   43.0   43.5   44.0   44.5   45.0   45.5   46.0   46.5   47.0   47.5   48.0   48.5   49.0   49.5   50.0   50.5   51.0   51.5   52.0   52.5   53.0   53.5   54.0   54.5   55.0   
U31   -0.0007138840001822769   -0.002649397280519577   -0.000678649663308487   -0.002750234641596877   -0.0006260221366765986   -0.0028500473403934804   -0.0005527372162106059   -0.0029491144768524326   -0.0004495579903590384   -0.0030424568379658406   -0.0003072717842881818   -0.0031262597062446627   -0.00011591382953617757   -0.0031971026829744563   0.00014397222829116987   -0.0032427348950227895   0.0004981018597907779   -0.003250972403497693   0.000995315998291841   -0.0031829336453078677   0.0017089823154838619   -0.002982501195308882   0.0027841194240981327   -0.002514611545849903   0.004510812645343909   -0.001462013478947791   0.007559295472079086   0.0010721610416506064   0.013879887405012278   0.008368657422078075   0.03154999921237991   0.04063771557844317   0.1427304307720795   0.4456433963849655   1.0   0.6197740137936788   -0.22032833317945166   -0.12663800656950344   -0.06288550614369988   -0.000537709634722581   0.03737271954748356   0.08266916152100379   0.05140913920587015   0.06067727522379208   0.09191041053608738   0.0912784286783603   0.04003450945562377   0.026188617432832375   0.03557224343563399   0.04449854399357089   0.03366999185732367   -0.01986523952708518   -0.14097838369204954   -0.127196570602169   0.004136757049321848   0.05215360301428634   0.08676623677191114   0.07849209174606502   0.026624442990297058   -0.0056346751857043855   -0.05173333363252928   -0.08746601372801477   -0.11233031447863387   -0.11354388773514809   -0.04914474763005772   1.2878023446442339e-05   -0.017282890677292852   -0.011245896115875533   -0.020920319570190155   -0.011655355285297124   -0.010122332136535407   0.017009183888686757   0.029016304543446638   -0.0027504151425378053   -0.018228567317112268   -0.004677406258086345   -0.007848246992564412   -0.003986508964316485   -0.0028899644677426225   0.011070892229277348   0.023873270717953244   
T_sec   15.0   15.5   16.0   16.5   17.0   17.5   18.0   18.5   19.0   19.5   20.0   20.5   21.0   21.5   22.0   22.5   23.0   23.5   24.0   24.5   25.0   25.5   26.0   26.5   27.0   27.5   28.0   28.5   29.0   29.5   30.0   30.5   31.0   31.5   32.0   32.5   33.0   33.5   34.0   34.5   35.0   35.5   36.0   36.5   37.0   37.5   38.0   38.5   39.0   39.5   40.0   40.5   41.0   41.5   42.0   42.5   43.0   43.5   44.0   44.5   45.0   45.5   46.0   46.5   47.0   47.5   48.0   48.5   49.0   49.5   50.0   50.5   51.0   51.5   52.0   52.5   53.0   53.5   54.0   54.5   55.0   
U32   0.0004926151474630745   -0.001597608193677483   0.0006120243548640909   -0.0016732139757694047   0.0007561764955569203   -0.0017523820982461714   0.000931758268504745   -0.0018357981432122173   0.001146766826490848   -0.0019229928223155044   0.0014140535012636506   -0.00201227343972238   0.001752818820857775   -0.002098448419717202   0.002191858288949919   -0.002172347441599837   0.0027744930334119965   -0.002222474684557965   0.003572283351102097   -0.002212512492564783   0.004719279464533419   -0.0020627801984255682   0.006476093511188928   -0.0015683276941149784   0.00942100791860656   -0.00013026881579498946   0.015121380751842854   0.0044807927952315585   0.029410785748814894   0.02511226413570384   0.09375703936005537   0.27464611385307347   1.0   0.5045925043559107   -0.20889004158162222   -0.12035248789757934   -0.06496020993484217   0.01703897775005504   0.037642854139114036   0.08383375947715337   0.03519872619721142   0.053023754151412646   0.07592459418827727   0.08779285273208866   0.03394998959621597   0.03188662289684511   0.03820155800584295   0.035038795151142055   0.01518214651874364   -0.0037933608850750406   -0.0012617540610638256   0.0238772555902097   -0.1555866163523808   -0.09976353547831088   0.11073671069648135   0.11234533076421321   0.06568785541028938   0.05370450135136341   0.026359205747684477   -0.011154998627505382   -0.06772541077419583   -0.12789274982240062   -0.06321817332175701   -0.008674638615410651   -0.0056899762450397014   -0.004817951595451838   -0.021580688642245684   -0.019369527743932947   -0.015029582944550379   0.010903947777071035   -0.009754898730679524   -0.037996408133948376   0.0009763105988624502   0.027024292577959016   0.005863412327824527   -0.004346636630507775   0.0038665505814256735   0.01616119004500864   0.011037157976678603   0.023538710721941653   0.03240088240546766   
T_sec   15.0   15.5   16.0   16.5   17.0   17.5   18.0   18.5   19.0   19.5   20.0   20.5   21.0   21.5   22.0   22.5   23.0   23.5   24.0   24.5   25.0   25.5   26.0   26.5   27.0   27.5   28.0   28.5   29.0   29.5   30.0   30.5   31.0   31.5   32.0   32.5   33.0   33.5   34.0   34.5   35.0   35.5   36.0   36.5   37.0   37.5   38.0   38.5   39.0   39.5   40.0   40.5   41.0   41.5   42.0   42.5   43.0   43.5   44.0   44.5   45.0   45.5   46.0   46.5   47.0   47.5   48.0   48.5   49.0   49.5   50.0   50.5   51.0   51.5   52.0   52.5   53.0   53.5   54.0   54.5   55.0   
U33   -1.8304526636492637e-05   0.0004276056017612506   3.207658422655271e-05   0.0005098323555419717   9.654955359511733e-05   0.0006112781624431881   0.00017819258124429334   0.0007387627805247338   0.0002845154675300418   0.0009036906735874591   0.00042463610295943887   0.0011141953666365405   0.0006073343452041417   0.0014009553233873767   0.00087098420605745   0.0018129549268408054   0.0012624863720438679   0.002429360182087015   0.0018726892898032626   0.003413531054391776   0.00289462883702003   0.0051245923466285564   0.0047828999122763215   0.008511122262921922   0.008867524139347268   0.016770539784739788   0.020507754470214305   0.04681058486290654   0.08252006266722346   0.36910505318302284   1.0   0.542174126748268   -0.11772013947507877   -0.18398106133374795   -0.06863596658501937   0.01255419385420165   0.05501000961283988   0.07532746688318911   0.047853593398467675   0.04996560024172719   0.08095777165652582   0.08361529369639965   0.04440948285762097   0.03383458824741688   0.048795446400578237   0.034673062294156454   0.011843554205756513   -0.02898635947362709   -0.021076351961201237   0.026483633090192405   -0.01154967853940156   -0.06114808586604652   -0.06815169043765935   0.01863425150937292   0.09091598511071383   0.09488127891250407   0.06428256277152881   0.026968847668186625   -0.033145936871781925   -0.0803360514698035   -0.03227128783908117   -0.013618002663550653   -0.026745290752523267   -0.02253390202087015   -0.01922248807043014   -0.020251799272775015   -0.011475239279408547   0.0071972376494755085   0.006489445568843287   -0.015943505050399757   -0.02428382976041381   -0.018345907873421937   -0.018089173959056525   -0.007929211699493769   0.006009139530174961   0.006202724709104966   0.012572105991062522   0.018671520862587363   0.018039330053936257   0.029487307873391305   0.017560641685926266   
T_sec   15.0   15.5   16.0   16.5   17.0   17.5   18.0   18.5   19.0   19.5   20.0   20.5   21.0   21.5   22.0   22.5   23.0   23.5   24.0   24.5   25.0   25.5   26.0   26.5   27.0   27.5   28.0   28.5   29.0   29.5   30.0   30.5   31.0   31.5   32.0   32.5   33.0   33.5   34.0   34.5   35.0   35.5   36.0   36.5   37.0   37.5   38.0   38.5   39.0   39.5   40.0   40.5   41.0   41.5   42.0   42.5   43.0   43.5   44.0   44.5   45.0   45.5   46.0   46.5   47.0   47.5   48.0   48.5   49.0   49.5   50.0   50.5   51.0   51.5   52.0   52.5   53.0   53.5   54.0   54.5   55.0   
U34   0.002356794173724338   -0.00030173860574886634   0.0025488830967958097   -0.0003210566272487386   0.0027784153826711216   -0.0003379383592476739   0.00305541817742106   -0.0003523441636334203   0.0033922995553343363   -0.0003619707881426263   0.00381693952823083   -0.00035699313817632856   0.00436816145186426   -0.000326705228524585   0.0051074430422855446   -0.00024709365531676194   0.006148436523957632   -6.51916178454123e-05   0.007714450796504962   0.00034385480494030386   0.010290733390203843   0.001317239384149289   0.015129290274527325   0.003973948076850345   0.02643909446650015   0.013620536860313365   0.06704207877044806   0.08542679023032515   0.5405556032679587   1.0   0.15387508493677995   -0.136039604246574   -0.14465737289627426   -0.023678270351235296   0.027293321325113886   0.06764130036132045   0.06418330974036182   0.03895990467440287   0.05627143145623908   0.08404579457890013   0.06766784622713624   0.03405353081590698   0.04227839373020187   0.05569433310877503   0.02783404801518664   0.006391396179163414   -0.0416227226300549   -0.0017375904261500005   0.02134698936019635   -0.03370091488468483   0.015163909532602592   0.027772652371861932   -0.07162613598992434   0.017670662506878695   0.10719292095173802   0.08463549941582081   0.04754553364213815   -0.03396891491423226   -0.060773511595965744   0.011510490823967821   0.015395430463296852   0.0057219899293255265   -0.03689742615490683   -0.034750883637682375   -0.019306720213059538   -0.0030113221904451465   0.011594403608414234   -0.0017922257163643766   -0.021350135007485057   -0.006705491233102212   -0.0105864754104291   -0.024840096616802695   -0.041849657670527084   -0.007633319997103902   0.020865050688871675   0.021640760522288006   0.015424121099718371   0.030441744685602623   0.029647136124602954   0.01748834330920154   -0.00022797408803712968   
T_sec   15.0   15.5   16.0   16.5   17.0   17.5   18.0   18.5   19.0   19.5   20.0   20.5   21.0   21.5   22.0   22.5   23.0   23.5   24.0   24.5   25.0   25.5   26.0   26.5   27.0   27.5   28.0   28.5   29.0   29.5   30.0   30.5   31.0   31.5   32.0   32.5   33.0   33.5   34.0   34.5   35.0   35.5   36.0   36.5   37.0   37.5   38.0   38.5   39.0   39.5   40.0   40.5   41.0   41.5   42.0   42.5   43.0   43.5   44.0   44.5   45.0   45.5   46.0   46.5   47.0   47.5   48.0   48.5   49.0   49.5   50.0   50.5   51.0   51.5   52.0   52.5   53.0   53.5   54.0   54.5   55.0   
U35   0.0013676741869723754   0.0032236068135096693   0.0014544937191788235   0.00347153972685022   0.0015612172182413232   0.0037680069120883813   0.0016915367455827867   0.004125930097201368   0.0018587700595773344   0.00457898068918579   0.0020826982211779635   0.0051659287491538294   0.002397789575355633   0.005960299465218147   0.0028669857235724366   0.007096137597168118   0.003618566538629286   0.008848823144608506   0.00494723559058475   0.011842295010275953   0.007634641810475816   0.017798975526491158   0.014328456649340312   0.03319082429142699   0.03900219652224123   0.10557062335585732   0.29796799371299876   0.9289441522132162   1.0   -0.008550383223448966   -0.15427335469017373   -0.13008382687892014   -0.02008497231751049   0.062063018579734015   0.08545313148586081   0.07437095790593931   0.052184349225156974   0.08820242461431832   0.10009525300270376   0.07218990060991537   0.04425235739540835   0.0681098061267195   0.06641399448277807   0.029195663789474455   -0.015285386958842254   -0.04716786583955207   0.0033524911587493366   0.0005930524906558503   -0.04704294295582354   0.043852980294450894   0.07942504416458568   0.003070870246318616   -0.08115887883805732   0.032516673577064496   0.12929229071351822   0.08455083593286516   -0.020125305146592515   -0.043573809646060356   0.02680395768209698   0.02118179114593972   0.031678877139972285   -0.009429073265792034   -0.04083746878839037   -0.04466190887180102   -0.0027032527348425446   0.014440765187525729   -0.009389917026371052   -0.02486234309018069   -0.0037736762535332574   -0.003701327015658483   -0.02748081911400383   -0.031751261619949706   -0.03000847162870011   -0.03345405858775243   0.013891447504595896   0.02098511231402394   0.02868751343970007   0.0411351069498396   0.018475974058143597   -0.00967927835263225   -0.010804814988700345   
T_sec   15.0   15.5   16.0   16.5   17.0   17.5   18.0   18.5   19.0   19.5   20.0   20.5   21.0   21.5   22.0   22.5   23.0   23.5   24.0   24.5   25.0   25.5   26.0   26.5   27.0   27.5   28.0   28.5   29.0   29.5   30.0   30.5   31.0   31.5   32.0   32.5   33.0   33.5   34.0   34.5   35.0   35.5   36.0   36.5   37.0   37.5   38.0   38.5   39.0   39.5   40.0   40.5   41.0   41.5   42.0   42.5   43.0   43.5   44.0   44.5   45.0   45.5   46.0   46.5   47.0   47.5   48.0   48.5   49.0   49.5   50.0   50.5   51.0   51.5   52.0   52.5   53.0   53.5   54.0   54.5   55.0   
U36   0.0034040851808551714   0.0028028825889366213   0.003632760213721523   0.002979774680931383   0.003903668655905735   0.0031933481925266296   0.004230564813509402   0.0034575294403611373   0.004637921559600108   0.0037978567165589928   0.005158938150802164   0.0042566876965344285   0.005863909453023886   0.0049176170928958126   0.0068710871809078145   0.005941858341470288   0.008433643999822153   0.007699300994364991   0.011127882999221864   0.011162764389329144   0.01660664048382175   0.019640759452205152   0.03134768560165894   0.05077650672277144   0.10744403115989343   0.39585556381811865   1.0   0.7355786231863936   0.04161188939415929   -0.10736094037804661   -0.10630947138560373   -0.02244855275883049   0.056064926718806515   0.08595909670328787   0.062133837193440206   0.062284739600157325   0.08715136077591226   0.09364526930833234   0.06063620527378739   0.05269943550193837   0.07030861921105136   0.06316534951837845   0.02724592915095101   -0.024301358731813442   -0.03928023698477342   0.003265838285665339   -0.026757351286423182   -0.03254480805690875   0.04264522207696781   0.06816870845438064   0.04977950674105151   -0.018748756424101187   -0.05957409946068956   0.04575569307915405   0.09698705830092463   0.023738221192676417   0.0028426996236661194   0.01895265643682748   0.02190881939097601   0.0256747392612017   0.008518084356112045   -0.009449287351261453   -0.028359538561419408   -0.014402076694023096   0.0009317759999552751   -0.011980562193984114   -0.018277116376923686   -0.0045608548612306316   -0.005678770969050272   -0.017313944064659775   -0.02506418018437825   -0.022047520068095756   -0.027951565127301146   -0.03019920611143883   -0.004427923141655041   0.023214102268017962   0.02015302391577027   0.01148681232861814   -0.01810446685857709   -0.006928447750947377   0.011887243832962517   
T_sec   15.0   15.5   16.0   16.5   17.0   17.5   18.0   18.5   19.0   19.5   20.0   20.5   21.0   21.5   22.0   22.5   23.0   23.5   24.0   24.5   25.0   25.5   26.0   26.5   27.0   27.5   28.0   28.5   29.0   29.5   30.0   30.5   31.0   31.5   32.0   32.5   33.0   33.5   34.0   34.5   35.0   35.5   36.0   36.5   37.0   37.5   38.0   38.5   39.0   39.5   40.0   40.5   41.0   41.5   42.0   42.5   43.0   43.5   44.0   44.5   45.0   45.5   46.0   46.5   47.0   47.5   48.0   48.5   49.0   49.5   50.0   50.5   51.0   51.5   52.0   52.5   53.0   53.5   54.0   54.5   55.0   
U37   0.00336746546476788   0.003157404434831906   0.0036125557036798726   0.0033771785897448187   0.003906132294569285   0.0036422422132799254   0.004265988949495544   0.003973710556229497   0.0047270815477513115   0.004404486665403223   0.0053446802433959936   0.00500271934103228   0.00621945246469639   0.005883058145053895   0.007558804822290338   0.007309594266033333   0.009840781463498285   0.009926406663452066   0.014311327588766132   0.015677040115077538   0.025409582149556933   0.03338625194836327   0.07054278883919626   0.16466255943781558   0.607913814849961   1.0   0.46187672237048494   -0.11482053061754299   -0.018087684946669663   -0.09004015790932844   -0.015203629109896324   0.08211299175762923   0.07571028515497429   0.05828130281050744   0.0670415062570827   0.09697690070713517   0.07947780549276875   0.05181377244179976   0.06104846130183645   0.07992633026239476   0.057206849600318785   0.01626190524634964   -0.03296950087385642   -0.02654722378000195   0.006685116680960819   -0.04099072963600148   -0.012075941049268627   0.06925493949415457   0.055014306585383047   0.05061461740207769   0.05097463816897181   -0.023082254112509908   -0.09160554315294847   0.03275698812246451   0.07486046127458783   0.08483250334528213   0.04269431546280037   0.020099561997758097   0.027900865542323336   0.009037664937352063   0.011356627806998743   0.009721577366961201   0.003968772150189739   -0.017796790285707915   -0.03415515749887288   -0.013586670455601958   -0.004062657651199795   -0.01977306985848903   -0.023679007383619142   -0.014219045320693962   -0.02110378054624444   -0.014539590187331313   -0.02425062264673892   -0.04430862381644102   -0.015814148134868478   0.025262379695916482   0.009486684256051524   0.018436032820139867   0.039134666716883836   0.03808487630899251   0.016578811966011183   
T_sec   15.0   15.5   16.0   16.5   17.0   17.5   18.0   18.5   19.0   19.5   20.0   20.5   21.0   21.5   22.0   22.5   23.0   23.5   24.0   24.5   25.0   25.5   26.0   26.5   27.0   27.5   28.0   28.5   29.0   29.5   30.0   30.5   31.0   31.5   32.0   32.5   33.0   33.5   34.0   34.5   35.0   35.5   36.0   36.5   37.0   37.5   38.0   38.5   39.0   39.5   40.0   40.5   41.0   41.5   42.0   42.5   43.0   43.5   44.0   44.5   45.0   45.5   46.0   46.5   47.0   47.5   48.0   48.5   49.0   49.5   50.0   50.5   51.0   51.5   52.0   52.5   53.0   53.5   54.0   54.5   55.0   
U38   0.0060822365538587605   0.0031207740579905327   0.00654787234898009   0.0032980346408248585   0.007112021632345442   0.0035188892715293852   0.007810629583872989   0.003818839735937976   0.008731314849516591   0.004241752892771719   0.009966081843682868   0.004868022720824775   0.011739270343556001   0.0058944876432855875   0.014505524578865763   0.007783903111920096   0.01939042112396293   0.011883465699042776   0.02985837486863097   0.023410822535867536   0.062105852728470766   0.07972326082903562   0.3314018209044876   0.8748326513751102   1.0   0.43207016178246277   -0.05581191086588493   0.017610470139703755   -0.09731004036634501   -0.011393931669142463   0.08307593890841589   0.08756516135768243   0.06879375144057978   0.09282926889471838   0.10819286162820263   0.08522577126668845   0.0622144259872484   0.08385470679312988   0.09040852483877553   0.06517231933141235   0.007197424727003623   -0.03308299433566852   -0.023862821193331073   -0.016877828331077187   -0.05067255664934221   0.00879048807561291   0.07057087513262075   0.05454937047279169   0.05694554786961055   0.060389928151503375   0.03844871926524415   -0.0653901751919041   -0.1113306435481857   0.045563944990839676   0.15708789476651897   0.10796546775974399   0.03300783834229468   0.025660977242262895   0.006574694674201276   0.013857554071658252   0.02549075195988215   0.03250600944286503   -0.0065859900782999576   -0.037625336746295354   -0.030819230235023882   -0.020634903367503846   -0.03590482330732418   -0.030187162733429   -0.015792879684174938   -0.011764564506704543   -0.01629635243433354   -0.012533789717608617   -0.020250556971154916   -0.03471297312279124   -0.04972089823797939   -0.027429092319331102   -0.019729148958289255   0.048703086962057   0.06609542595314491   0.0420929242424742   0.005080929386174267   
T_sec   15.0   15.5   16.0   16.5   17.0   17.5   18.0   18.5   19.0   19.5   20.0   20.5   21.0   21.5   22.0   22.5   23.0   23.5   24.0   24.5   25.0   25.5   26.0   26.5   27.0   27.5   28.0   28.5   29.0   29.5   30.0   30.5   31.0   31.5   32.0   32.5   33.0   33.5   34.0   34.5   35.0   35.5   36.0   36.5   37.0   37.5   38.0   38.5   39.0   39.5   40.0   40.5   41.0   41.5   42.0   42.5   43.0   43.5   44.0   44.5   45.0   45.5   46.0   46.5   47.0   47.5   48.0   48.5   49.0   49.5   50.0   50.5   51.0   51.5   52.0   52.5   53.0   53.5   54.0   54.5   55.0   
U39   0.008353007280605536   0.004736576479165145   0.009150484449708129   0.005041151443548913   0.010149117494008682   0.005440045641113333   0.011445216379031377   0.006000713615304104   0.013238355476872866   0.006879561653147365   0.0158649016716508   0.008375144216197115   0.02006612731090505   0.011280304062665338   0.0277390307072122   0.018139963103438208   0.0451947752884063   0.04077079175453169   0.10787072678255911   0.21808563298566072   0.8675897168629703   1.0   0.9420377709806216   0.4366334983370688   -0.007525702843033925   0.0861963134283643   -0.06689103726307538   -0.03898680618057465   0.08122368015903822   0.10647271448453838   0.09536434272535758   0.12150642920946642   0.11502921648753772   0.09297435078467078   0.0860249275774854   0.10801714974192123   0.10555837020660219   0.05674241123385341   -0.0030408613087928734   -0.017891868027139123   -0.05419228755003813   -0.051049260421798394   -0.03819843924720342   0.025517585422187756   0.07304228123025472   0.060634377315306055   0.05869025999822053   0.0673149589114447   0.036189201404683714   0.005161054502277131   -0.013614949493502539   -0.1084837562341921   -0.02071152154044252   0.19077530728195083   0.19950208766546945   0.08387457974325467   -0.002794967530500213   0.012195371093994706   0.02711909424899209   0.03198834981666475   0.00824019633654671   -0.011154217939626647   -0.026364172679201273   -0.04002649990267652   -0.0659758432885932   -0.05467622010362573   -0.032606975888423435   -0.014313746788339032   -0.0004749382461919145   0.002788795712285615   -0.0132186747210466   -0.01322750888155375   -0.057578837085202915   -0.11419305962258473   -0.11061173182266469   -0.045674582355139964   0.0076062300123995825   0.07054437337385006   0.07095637086733111   0.019861886480892255   -0.017616056576331994   
T_sec   15.0   15.5   16.0   16.5   17.0   17.5   18.0   18.5   19.0   19.5   20.0   20.5   21.0   21.5   22.0   22.5   23.0   23.5   24.0   24.5   25.0   25.5   26.0   26.5   27.0   27.5   28.0   28.5   29.0   29.5   30.0   30.5   31.0   31.5   32.0   32.5   33.0   33.5   34.0   34.5   35.0   35.5   36.0   36.5   37.0   37.5   38.0   38.5   39.0   39.5   40.0   40.5   41.0   41.5   42.0   42.5   43.0   43.5   44.0   44.5   45.0   45.5   46.0   46.5   47.0   47.5   48.0   48.5   49.0   49.5   50.0   50.5   51.0   51.5   52.0   52.5   53.0   53.5   54.0   54.5   55.0   
U40   0.005484402575525274   0.0018716920968792836   0.006425397043351435   0.0023713319422740144   0.007681386448850444   0.0031185800788677163   0.009427155678415075   0.004305048190357316   0.012028642716537887   0.006366214501628379   0.01624968121857745   0.010402794546880435   0.02409156882099795   0.019921925397839078   0.04243926147732186   0.051681121117573094   0.11424671848143791   0.32667097759157643   1.0   0.9034045589323432   0.9502782950215858   0.6999049768480802   0.10379165702746806   0.08438496735410456   0.04923948274231261   -0.08516441691323129   -0.004993431836952488   0.12241478542765799   0.10520572508667332   0.1217566160475558   0.11034618847566574   0.11225242444635015   0.0923546775741693   0.10745691055408546   0.11042696883762439   0.06802663997741658   0.012852087596381734   0.0028147939490317294   -0.0765081190825657   -0.06589306322374278   -0.03433050651483547   -0.0027758484771937776   0.058946569244807616   0.0772505929513614   0.05209261236385169   0.07080599943615871   0.037927058089236056   -0.009866267781533144   0.003626723810201543   -0.005149582500166045   0.01323004992553042   -0.03066823264038982   0.029253244142621832   0.23892144252328265   0.1924663398081469   0.03062384773071081   -0.01909396856650137   -0.0005750887833687847   -0.0004952537529096816   0.001406256925343867   -0.00035562445619336815   -0.012787901737771739   -0.04379282060951582   -0.0492640645230713   -0.055249923043760765   -0.05456179364269344   -0.03125847205283676   0.005542645719122714   0.004319581663235742   -0.009266018965610134   -0.049237605160891124   -0.08121122639302666   -0.08773748977170018   -0.06913789872582363   -0.07568912008381762   -0.08630231553543813   -0.04993009972453354   0.05976162965678982   0.09012587498421631   0.05019571371842524   0.03642721027420853   
sta_location:9.669173394052669,10.256810194673045,10.72682567539604,11.012294002739967,11.588495010120864,12.105602908410988,12.926285371454894,13.499037511779765,13.977840607998711,14.492584562777147,14.54769674628344,15.027239783444674,15.719936195463209,16.389024044636788,16.864479716761082,17.442553345174524,17.535503561291733,18.475300969551938,18.668159732615848,19.264680418008062,19.591983559792506,20.390712633756674,20.526580048170935,21.165817330588744,21.759817977943122,22.300187933617874,22.99082571438208,23.393169555924175,23.703398883915515,24.282650874315554,24.612268615136646,25.012878430472238,25.69292949787733,26.382044947341733,26.84302865408601,27.311172565773656,27.682069329734524,28.1535839503424,28.541173382688473,29.339846002361195,29.987675011560484,
rebuild_index:0,1,2,3,4,5,6,7,8,9,10,11,12,13,14,15,16,17,18,19,20,21,22,23,24,25,26,27,28,29,30,31,32,33,34,35,36,37,38,39,40,
use_index:0,1,2,3,4,5,6,7,8,9,10,11,12,13,14,15,16,17,18,19,20,21,22,23,24,25,26,27,28,29,30,31,32,33,34,35,36,37,38,39,40,
rebuild_locdata:9.669173394052669,10.256810194673045,10.72682567539604,11.012294002739967,11.588495010120864,12.105602908410988,12.926285371454894,13.499037511779765,13.977840607998711,14.492584562777147,14.54769674628344,15.027239783444674,15.719936195463209,16.389024044636788,16.864479716761082,17.442553345174524,17.535503561291733,18.475300969551938,18.668159732615848,19.264680418008062,19.591983559792506,20.390712633756674,20.526580048170935,21.165817330588744,21.759817977943122,22.300187933617874,22.99082571438208,23.393169555924175,23.703398883915515,24.282650874315554,24.612268615136646,25.012878430472238,25.69292949787733,26.382044947341733,26.84302865408601,27.311172565773656,27.682069329734524,28.1535839503424,28.541173382688473,29.339846002361195,29.987675011560484,
cut_start_time:15---cut_windows:40---reduction_v:10---move_time_window_all:0.0
move_time_window:0.0,0.0,0.0,0.0,0.0,0.0,0.0,0.0,0.0,0.0,0.0,0.0,0.0,0.0,0.0,0.0,0.0,0.0,0.0,0.0,0.0,0.0,0.0,0.0,0.0,0.0,0.0,0.0,0.0,0.0,0.0,0.0,0.0,0.0,0.0,0.0,0.0,0.0,0.0,0.0,0.0,
sta_noise_mean:0,0,0,0,0,0,0,0,0,0,0,0,0,0,0,0,0,0,0,0,0,0,0,0,0,0,0,0,0,0,0,0,0,0,0,0,0,0,0,0,0,
sta_noise_sigma:0,0,0,0,0,0,0,0,0,0,0,0,0,0,0,0,0,0,0,0,0,0,0,0,0,0,0,0,0,0,0,0,0,0,0,0,0,0,0,0,0,
add_noise_region_move_range:0,0,0,0,0,0,0,0,0,0,0,0,0,0,0,0,0,0,0,0,0,0,0,0,0,0,0,0,0,0,0,0,0,0,0,0,0,0,0,0,0,