T_sec   15.0   15.5   16.0   16.5   17.0   17.5   18.0   18.5   19.0   19.5   20.0   20.5   21.0   21.5   22.0   22.5   23.0   23.5   24.0   24.5   25.0   25.5   26.0   26.5   27.0   27.5   28.0   28.5   29.0   29.5   30.0   30.5   31.0   31.5   32.0   32.5   33.0   33.5   34.0   34.5   35.0   35.5   36.0   36.5   37.0   37.5   38.0   38.5   39.0   39.5   40.0   40.5   41.0   41.5   42.0   42.5   43.0   43.5   44.0   44.5   45.0   45.5   46.0   46.5   47.0   47.5   48.0   48.5   49.0   49.5   50.0   50.5   51.0   51.5   52.0   52.5   53.0   53.5   54.0   54.5   55.0   
U0   0.0022697496361066857   0.003195669398943017   0.002309316377087233   0.0032767423481576763   0.0023361559556960795   0.0033397552883434054   0.0023250949825752896   0.003359520879090282   0.0022598622979356966   0.0033333693596583037   0.002159780708159353   0.0032920626802858764   0.0020420092708169713   0.0032460859372076584   0.0019134361911810264   0.00319741820610824   0.0017722586250807572   0.003135776297708768   0.001583313030931881   0.003033783928728477   0.0013857902929705166   0.0030056986067740713   0.0012712748264156267   0.0030646991245747647   0.0012091230184729284   0.0032018012971214813   0.0012078062034970877   0.003444032085052055   0.001293815622587359   0.00383092513054917   0.0015021793389760805   0.004422318831903235   0.0018880974455748616   0.0053042789630445356   0.0025423281825822292   0.006639280775640188   0.0036880627439396653   0.00885671924051764   0.006024637988356008   0.013194085629489366   0.011943473099081548   0.0242741251553476   0.034311090781062384   0.0769081691283978   0.31296256691303803   1.0   0.9847111061127508   0.20065584657012378   0.061041189686798086   0.052932525644433535   0.08907844490673907   0.11838900692919332   0.22985270472282518   0.21943287256608332   -0.035101636428378456   -0.27374725607122946   -0.23987420616206706   -0.10513482500001674   0.022919847308183996   -0.0043745973725245035   -0.049612599330398036   -0.06804744770448494   -0.040448517590169916   0.09534527126720188   0.15877231034143968   0.14030854762731834   0.09276394694566245   -0.006188608364631661   -0.11138393029952263   -0.19920949716607098   -0.17459481066275112   -0.11397686259802323   -0.0584074496778674   -0.08145716540608666   -0.026330577633500114   0.017819617688843253   0.012607717533444435   -0.017873746954018017   -0.09552628993193915   -0.15201005816130955   -0.10661366594607587   
T_sec   15.0   15.5   16.0   16.5   17.0   17.5   18.0   18.5   19.0   19.5   20.0   20.5   21.0   21.5   22.0   22.5   23.0   23.5   24.0   24.5   25.0   25.5   26.0   26.5   27.0   27.5   28.0   28.5   29.0   29.5   30.0   30.5   31.0   31.5   32.0   32.5   33.0   33.5   34.0   34.5   35.0   35.5   36.0   36.5   37.0   37.5   38.0   38.5   39.0   39.5   40.0   40.5   41.0   41.5   42.0   42.5   43.0   43.5   44.0   44.5   45.0   45.5   46.0   46.5   47.0   47.5   48.0   48.5   49.0   49.5   50.0   50.5   51.0   51.5   52.0   52.5   53.0   53.5   54.0   54.5   55.0   
U1   0.006161329783899048   0.006334455594690209   0.0061187227734032   0.0062812408957991   0.00606160527880069   0.006198257043785348   0.005964859127589598   0.006056849970015275   0.005805963215825597   0.005884544272883561   0.005684832691271883   0.0057807119436589375   0.005622316031139325   0.0057183715404411925   0.005603712108656424   0.0056939871670985695   0.00563069355055664   0.00572095422324876   0.005722054921987708   0.005805786958910784   0.0058742603268178775   0.0059501580008181   0.006096802368953432   0.006143650303240284   0.00636512041813694   0.006364490947142332   0.00667679366272562   0.006623096978254667   0.0070563827329769065   0.0069457016535681825   0.007539055947543492   0.007356308061095825   0.008141935244839655   0.007854168015928273   0.008890505696946969   0.008508298042467078   0.009941418660901463   0.009581955152445303   0.011732628885710642   0.011801659921770272   0.015515221386849515   0.017754382717639447   0.02652144516037718   0.04259052215997584   0.10171813709164662   0.4102753498699226   1.0   0.3860760825846256   0.04180910788397126   0.09948386250908328   0.13518310599147607   0.1996510939396059   0.32337749487544404   0.24106436971604614   -0.2562517292455371   -0.381431113743352   -0.14715852840402327   0.023560160028468245   -0.04999516326370945   -0.06310805020506885   -0.04493030288732099   0.08110349985207457   0.21365216180147537   0.25829304559337424   0.15172335904864875   -0.06476118361770353   -0.17596292659692916   -0.2756983610880652   -0.22567157915804456   -0.1367180147542241   -0.02831473731330124   -0.015015282124552306   -0.01668033845149106   -0.0665930845264621   -0.07500866117753457   -0.09259634941941908   -0.2012325298926855   -0.14065341723941832   -0.04236768026001574   -0.030321763927339405   -0.04495095336354886   
T_sec   15.0   15.5   16.0   16.5   17.0   17.5   18.0   18.5   19.0   19.5   20.0   20.5   21.0   21.5   22.0   22.5   23.0   23.5   24.0   24.5   25.0   25.5   26.0   26.5   27.0   27.5   28.0   28.5   29.0   29.5   30.0   30.5   31.0   31.5   32.0   32.5   33.0   33.5   34.0   34.5   35.0   35.5   36.0   36.5   37.0   37.5   38.0   38.5   39.0   39.5   40.0   40.5   41.0   41.5   42.0   42.5   43.0   43.5   44.0   44.5   45.0   45.5   46.0   46.5   47.0   47.5   48.0   48.5   49.0   49.5   50.0   50.5   51.0   51.5   52.0   52.5   53.0   53.5   54.0   54.5   55.0   
U2   0.006088031230942786   0.006217477819934684   0.00599969814728047   0.006160762185093675   0.005951909081559911   0.006138210533657909   0.005934178329925569   0.006146502040923307   0.005948427919601134   0.006191141173689285   0.0059999007025143755   0.0062757103715315714   0.0060902570910173325   0.006402131661673856   0.006217313443014669   0.006557474083293616   0.006365079587851429   0.006737018014206378   0.006535215937879655   0.006944607508859522   0.006734887372250804   0.007193173528075565   0.006976240007172451   0.007482192842111215   0.007232888691256257   0.007776364284952485   0.007480017962343772   0.008075335518605573   0.007724007854971508   0.008396666402955324   0.007994916683225682   0.008800030505058226   0.008368851245933685   0.00939988444509329   0.008949622122164295   0.010343882535785517   0.009911028270148812   0.01197241559646685   0.011678082479535475   0.015158216927793147   0.015435456176271234   0.02273021530484494   0.02571403874692579   0.04907908037482066   0.07644039932372455   0.33255949364746273   1.0   0.8780540766284806   0.2706068639223577   0.1612818069291153   0.2130563092260053   0.29492665436905124   0.36750184104410216   0.08400533843049811   -0.30151331742753956   -0.2839735381111198   -0.05610797427579093   -0.018216510936023098   -0.08231273031599584   -0.0374434047406244   0.10319771834849144   0.27919925730351675   0.3082488227396099   0.11228425802475536   -0.13698792391478895   -0.32809506402941235   -0.3180046435782321   -0.16982097494962917   -0.06273715120159033   -0.035553785811552115   -0.014246796774108336   -0.013223603428117854   -0.04437660668176124   -0.16138480227860197   -0.2528690293932112   -0.14858704741234324   -0.036862091744000215   -0.010340881048755418   -0.014759570200376307   -0.030824731580538098   -0.04395216585466499   
T_sec   15.0   15.5   16.0   16.5   17.0   17.5   18.0   18.5   19.0   19.5   20.0   20.5   21.0   21.5   22.0   22.5   23.0   23.5   24.0   24.5   25.0   25.5   26.0   26.5   27.0   27.5   28.0   28.5   29.0   29.5   30.0   30.5   31.0   31.5   32.0   32.5   33.0   33.5   34.0   34.5   35.0   35.5   36.0   36.5   37.0   37.5   38.0   38.5   39.0   39.5   40.0   40.5   41.0   41.5   42.0   42.5   43.0   43.5   44.0   44.5   45.0   45.5   46.0   46.5   47.0   47.5   48.0   48.5   49.0   49.5   50.0   50.5   51.0   51.5   52.0   52.5   53.0   53.5   54.0   54.5   55.0   
U3   0.004885682447823872   0.0039262341400095905   0.004911609795092136   0.00391330993149646   0.004959373469324362   0.003922180942687606   0.005032122308129462   0.003952192741705435   0.005134231798352166   0.0040027731111917245   0.00525449766783138   0.004062022239848103   0.005391038835453697   0.004131166776910386   0.005548844112681751   0.00421642218307703   0.005736664473205003   0.004320937295956947   0.005947098914348865   0.004422262463968266   0.006158311109149377   0.004505349038203704   0.006369687732988628   0.00456831593754985   0.006578775487394987   0.004609772083732147   0.006811745078917458   0.004665170267087598   0.007112392483263021   0.004756264600060795   0.007508279485255239   0.0049021503603262715   0.008055019657380095   0.005158602265131377   0.008852718086967823   0.00560846352943081   0.010092587331431332   0.006456717750217154   0.01220182848698112   0.008229747045653867   0.016322598196298204   0.012621516079836628   0.026470064257334995   0.027844449213119866   0.06762659511405746   0.17156023947777566   0.6627769417895913   1.0   0.3324649120128753   0.1527163177614509   0.20961001176361244   0.26425119727384305   0.30853838239548775   0.032778222293870354   -0.26685392373482997   -0.16844732914434282   -0.027497747851487057   -0.022101092267368158   -0.07056540943657662   0.014185471131594933   0.1708772548868563   0.28827585560254076   0.21410325352354548   -0.05138898809511627   -0.26518910502939536   -0.29827912816683794   -0.20396470660528646   -0.05133589327190673   -0.02333924191133737   -0.027506142768432988   -0.025146681887487417   -0.02219745485451579   -0.11761920697659976   -0.16214543201632245   -0.1293584488000639   -0.06383504889769033   -0.011774098036068163   -0.0018078009595090838   -0.015907340467673232   -0.030138768496466593   -0.030835686732915736   
T_sec   15.0   15.5   16.0   16.5   17.0   17.5   18.0   18.5   19.0   19.5   20.0   20.5   21.0   21.5   22.0   22.5   23.0   23.5   24.0   24.5   25.0   25.5   26.0   26.5   27.0   27.5   28.0   28.5   29.0   29.5   30.0   30.5   31.0   31.5   32.0   32.5   33.0   33.5   34.0   34.5   35.0   35.5   36.0   36.5   37.0   37.5   38.0   38.5   39.0   39.5   40.0   40.5   41.0   41.5   42.0   42.5   43.0   43.5   44.0   44.5   45.0   45.5   46.0   46.5   47.0   47.5   48.0   48.5   49.0   49.5   50.0   50.5   51.0   51.5   52.0   52.5   53.0   53.5   54.0   54.5   55.0   
U4   0.0033902653816925855   0.0037441369597619113   0.0034344094863668663   0.0038235386725888943   0.0034908906865867948   0.003919395590577626   0.003560620288199804   0.004028658538701563   0.0036320148727655537   0.004134416658875239   0.0036918260388909643   0.004232411446043084   0.0037411227211655907   0.00432157396561554   0.0037687771540728106   0.0043956654721000535   0.003787599319384643   0.004477081891969335   0.003809155402238772   0.004570695011944798   0.003835881295995904   0.004683058835003246   0.0038756979624039924   0.004820569735379363   0.003929972360234186   0.004987801475612966   0.004004645210797451   0.005199842302094656   0.004116014090513414   0.005477107900860159   0.0042843370566756755   0.005854646551412088   0.004547694330510741   0.006386853284699226   0.00497921441274772   0.007178400053003035   0.005717688996020601   0.008435283561678306   0.0070844588505585455   0.010623875019080749   0.009899163597193644   0.015009700635151809   0.016904258380267316   0.026314103736734876   0.042205741162744455   0.07838007155831256   0.310077858732286   1.0   0.6695268788005481   0.2680163770100831   0.24928096998077878   0.3511251673871417   0.31260905555780394   -0.12365551086963071   -0.18224652797315172   -0.0372378103338184   -0.04363368470171586   -0.057770608028751246   0.01496253574400694   0.185775559116238   0.3353460424862594   0.18247888207619156   -0.10156912890254362   -0.2984501395086866   -0.2624390276840783   -0.12274894298421503   -0.08974937250943543   -0.055861512243674506   -0.05306174649117325   -0.0823390520154154   -0.14150670592266484   -0.10641850983300404   -0.03753510866900635   -0.003518531822767568   -0.04087781973371189   -0.07611713338366013   -0.027586979760781494   -0.026271048508864688   -0.023204849508314255   -0.0347134125389538   -0.029944169766969553   
T_sec   15.0   15.5   16.0   16.5   17.0   17.5   18.0   18.5   19.0   19.5   20.0   20.5   21.0   21.5   22.0   22.5   23.0   23.5   24.0   24.5   25.0   25.5   26.0   26.5   27.0   27.5   28.0   28.5   29.0   29.5   30.0   30.5   31.0   31.5   32.0   32.5   33.0   33.5   34.0   34.5   35.0   35.5   36.0   36.5   37.0   37.5   38.0   38.5   39.0   39.5   40.0   40.5   41.0   41.5   42.0   42.5   43.0   43.5   44.0   44.5   45.0   45.5   46.0   46.5   47.0   47.5   48.0   48.5   49.0   49.5   50.0   50.5   51.0   51.5   52.0   52.5   53.0   53.5   54.0   54.5   55.0   
U5   0.0027939686961360086   0.003925589142623512   0.0028268560370515896   0.003999091352223121   0.0028501483104488453   0.004062353370890376   0.0028591636815068298   0.004119428266770617   0.0028598742318745474   0.004178207135016513   0.0028610148645182845   0.004239963865717701   0.0028598227581207595   0.004310240458247165   0.002859490816275273   0.00438711789910124   0.0028589601900301993   0.004475923146514902   0.0028599348517511936   0.004576871241626162   0.0028654090206319685   0.004700401059766959   0.0028775167513141993   0.004850565669082633   0.00290266020772291   0.0050375889037671175   0.0029425597189621775   0.005276392789573712   0.00301023465402006   0.005590419214083992   0.0031197795875746634   0.0060120600089838315   0.0032912775326915202   0.0065960900445890544   0.0035653082410392932   0.007441620186199364   0.004021757325865672   0.008753075643939606   0.004846418394903728   0.010977504780471608   0.006499548250048847   0.015280113447842338   0.010391410646371356   0.025565175277088608   0.022830668068811847   0.06369474269063118   0.11653479938116995   0.5215149923730329   1.0   0.4042485398962853   0.27719012426131223   0.40042494679656043   0.3614165779678497   -0.19517484865593696   -0.16007485333951516   0.046502824580284215   -0.04985337310214124   -0.03562695779821648   0.18393362206621416   0.41295352002570723   0.2232260547870483   -0.20718937995899503   -0.29194197187535487   -0.16554319185967706   -0.108119919341412   -0.07641514175132422   -0.08182304648641654   -0.14736285150179534   -0.20078874961831256   -0.16485824415099037   -0.02317253802551704   -0.035967578867562466   0.002673462772365568   0.018024227716975465   0.0011730971226735249   -0.08344034281319498   -0.07970110923828734   -0.03820141072321243   -0.041270124549078524   -0.047369575851973766   -0.034318108946462866   
T_sec   15.0   15.5   16.0   16.5   17.0   17.5   18.0   18.5   19.0   19.5   20.0   20.5   21.0   21.5   22.0   22.5   23.0   23.5   24.0   24.5   25.0   25.5   26.0   26.5   27.0   27.5   28.0   28.5   29.0   29.5   30.0   30.5   31.0   31.5   32.0   32.5   33.0   33.5   34.0   34.5   35.0   35.5   36.0   36.5   37.0   37.5   38.0   38.5   39.0   39.5   40.0   40.5   41.0   41.5   42.0   42.5   43.0   43.5   44.0   44.5   45.0   45.5   46.0   46.5   47.0   47.5   48.0   48.5   49.0   49.5   50.0   50.5   51.0   51.5   52.0   52.5   53.0   53.5   54.0   54.5   55.0   
U6   0.0036461500865549905   0.003815691171026244   0.0036707823309519486   0.003847567398038993   0.00369484712994266   0.0038806235049621994   0.003720487301593248   0.003918484567948531   0.0037521311274818746   0.003962823616005818   0.0037884947985953126   0.004012482398282487   0.0038297209603794747   0.004069016063776743   0.003878950949021887   0.004136950550414705   0.003939043946195653   0.00421796970173364   0.004010858960953672   0.004310260979657216   0.004092110529783899   0.004415776431330273   0.004186941643372675   0.0045387846056007975   0.004300636455973644   0.004687436516547575   0.00444290740341862   0.00487440911617551   0.0046294643030226346   0.005116894479886176   0.004881440635422873   0.0054443755514688615   0.005235537053125639   0.005903398655575368   0.0057557214434487336   0.006576953380285672   0.006555075636388225   0.007623157720347388   0.007866749782408623   0.009374270675276311   0.01021611821531195   0.01265240372598018   0.015006793782440367   0.01992868004125759   0.02712994296733921   0.04228078194802741   0.07599136277797462   0.21331431848855345   0.7610843046885171   1.0   0.6516248758903119   0.6918132387220635   0.39510699979030084   -0.17007674090648317   -0.09377681573046118   0.040688204160133516   0.06806895836440126   0.4748782664030207   0.685379933553254   -0.05903831706763909   -0.5213929262784956   -0.2566726547944771   -0.08733629620334263   -0.08725535705312151   -0.133174106859496   -0.2869164514432096   -0.32116343901406896   -0.202734943179012   -0.12347231573653955   -0.07260285896329699   -0.05387486250188985   -0.03246667564937081   0.02691976871545389   0.020069604132196602   -0.05020977045995703   -0.10625927813895425   -0.11660959763553476   -0.10076977642040524   -0.08377962235906632   -0.04999346841750977   0.003417627621043891   
T_sec   15.0   15.5   16.0   16.5   17.0   17.5   18.0   18.5   19.0   19.5   20.0   20.5   21.0   21.5   22.0   22.5   23.0   23.5   24.0   24.5   25.0   25.5   26.0   26.5   27.0   27.5   28.0   28.5   29.0   29.5   30.0   30.5   31.0   31.5   32.0   32.5   33.0   33.5   34.0   34.5   35.0   35.5   36.0   36.5   37.0   37.5   38.0   38.5   39.0   39.5   40.0   40.5   41.0   41.5   42.0   42.5   43.0   43.5   44.0   44.5   45.0   45.5   46.0   46.5   47.0   47.5   48.0   48.5   49.0   49.5   50.0   50.5   51.0   51.5   52.0   52.5   53.0   53.5   54.0   54.5   55.0   
U7   -0.001048572408695366   0.003730976465438432   -0.0011699541918398755   0.0039011619735924005   -0.0013013887372307262   0.004086680746173159   -0.0014447749579123478   0.004290948081264002   -0.0016005629736452198   0.004515680098608484   -0.001771653585417644   0.004762545482019466   -0.0019600844519249987   0.005036682425885321   -0.0021704148931261558   0.005341452015797123   -0.0024060297125775326   0.005681965339897138   -0.0026668272618562182   0.006068580105700437   -0.0029577830978739237   0.006509826087713343   -0.0032821803757641594   0.0070211720815931975   -0.0036466192886015695   0.0076180191173820695   -0.0040594263140466495   0.008324365765243615   -0.00452357966196417   0.009179848805037024   -0.005043478881536004   0.01023442884132893   -0.0056267727942699046   0.011563892981858377   -0.006277149410387356   0.01329415835296923   -0.006983503862001598   0.015636001088172927   -0.007698545331934711   0.018987313712405036   -0.008262567730875608   0.02417106309101463   -0.008158854195301093   0.03319956535779822   -0.0053628733946285536   0.052688930013613154   0.011318226078929338   0.12062741871092392   0.20278530507753842   1.0   0.7665137203024757   0.7295155378636541   0.46614480367579647   -0.28752915606956064   0.05639761840255263   -0.0024195978042967884   0.3184280472473285   0.943278651206458   -0.16304092198684542   -0.5245537710910964   -0.10905562388467503   -0.13341362479529437   -0.049880712281854325   -0.25710902146885123   -0.17277128186007612   -0.14849018893365837   -0.12094501146812718   -0.07635826875742287   -0.1285250419837129   -0.11480618862534919   -0.009021513294398098   -0.0423759870230183   0.023321609053101326   -0.025903607992883274   -0.06622012063800875   -0.03983751446062767   -0.033953055680367474   -0.17707785106435597   -0.021157239945469558   -0.040397101169916995   -0.009130940825169222   
T_sec   15.0   15.5   16.0   16.5   17.0   17.5   18.0   18.5   19.0   19.5   20.0   20.5   21.0   21.5   22.0   22.5   23.0   23.5   24.0   24.5   25.0   25.5   26.0   26.5   27.0   27.5   28.0   28.5   29.0   29.5   30.0   30.5   31.0   31.5   32.0   32.5   33.0   33.5   34.0   34.5   35.0   35.5   36.0   36.5   37.0   37.5   38.0   38.5   39.0   39.5   40.0   40.5   41.0   41.5   42.0   42.5   43.0   43.5   44.0   44.5   45.0   45.5   46.0   46.5   47.0   47.5   48.0   48.5   49.0   49.5   50.0   50.5   51.0   51.5   52.0   52.5   53.0   53.5   54.0   54.5   55.0   
U8   0.0005376981151111132   0.0012710718432671498   0.0005416921515918413   0.0013167280143059064   0.0005447342390475868   0.001365320436378164   0.0005461268337083464   0.0014190266158115065   0.0005474725198012894   0.0014746179298676893   0.0005469330712713921   0.0015378681528235444   0.0005479492984008451   0.0016078581716515604   0.0005470569366235505   0.0016852949118353023   0.0005470133250220417   0.0017736426379408702   0.0005494210478234842   0.0018789107660729513   0.0005574852734822194   0.002006189599308721   0.0005755659253079452   0.002161488553752868   0.0006034039071888991   0.0023506048579661327   0.0006469617266619516   0.0025878668538686215   0.0007167974564015303   0.0028933766576572794   0.0008234457147981555   0.0032939527271172928   0.0009914869117667799   0.0038360208982911805   0.0012539856620139098   0.004595582804089184   0.0016824440484254038   0.005710714289215665   0.002409355072666362   0.007449436850523959   0.003721715443170687   0.010400535837536298   0.006340997739329593   0.01605492363388298   0.0124372461539575   0.02940743280572786   0.03157106126650456   0.07771596261319522   0.16500386989315227   0.6502704567467099   0.9943727412721699   1.0   0.4948317093610409   -0.04749987198778498   -0.01585732685914136   0.28379846774438233   0.8857441372265967   0.24530221226883145   -0.44736031093672396   -0.25404627185477224   -0.14923733950008777   -0.23481051962914418   -0.27955302945179955   -0.17551487611043265   -0.100830884715662   -0.08804774123206478   -0.07548395345623889   -0.10163023106771453   -0.16578742842526478   -0.1216117002953608   -0.05152325205837218   -0.04728625465561874   -0.02908317329315312   -0.06156646785467074   -0.0328357269062348   -0.023966583469126626   -0.0926895260540073   -0.09790021875074813   -0.04954151527599922   -0.06111530716837375   -0.029339412533190733   
T_sec   15.0   15.5   16.0   16.5   17.0   17.5   18.0   18.5   19.0   19.5   20.0   20.5   21.0   21.5   22.0   22.5   23.0   23.5   24.0   24.5   25.0   25.5   26.0   26.5   27.0   27.5   28.0   28.5   29.0   29.5   30.0   30.5   31.0   31.5   32.0   32.5   33.0   33.5   34.0   34.5   35.0   35.5   36.0   36.5   37.0   37.5   38.0   38.5   39.0   39.5   40.0   40.5   41.0   41.5   42.0   42.5   43.0   43.5   44.0   44.5   45.0   45.5   46.0   46.5   47.0   47.5   48.0   48.5   49.0   49.5   50.0   50.5   51.0   51.5   52.0   52.5   53.0   53.5   54.0   54.5   55.0   
U9   -0.0020179866046011897   0.004140531076555813   -0.002163031307356782   0.0043309058753935115   -0.002321882583780253   0.004534732701606877   -0.0024982579870077314   0.004755374562039833   -0.0026894123747406283   0.004997258102412921   -0.002896672704108693   0.005264100875862273   -0.003123401981955841   0.0055613019389459725   -0.0033705726191196107   0.005890542795085974   -0.0036459742681644717   0.006256513408255952   -0.003948543290213785   0.006669394027026747   -0.004284651152663183   0.007135910665086192   -0.00465898781948633   0.007671288081271007   -0.005076861119202218   0.008288360438411536   -0.005545969476336224   0.009007751551902579   -0.006074629179959047   0.009861946989131752   -0.006673101340816465   0.010886795324330576   -0.00735501007649818   0.012145940735144517   -0.008122907707360433   0.013734631783808206   -0.008988280707375512   0.01580060855079336   -0.0099347183531985   0.01861900106576588   -0.010901786050803823   0.022674480388737008   -0.01166700494837422   0.02908858646351398   -0.01141827943158701   0.04098280948619062   -0.0066032750630024   0.0710192160897289   0.02822626983303944   0.2575998214700017   0.5979911130671788   1.0   0.5138599494337678   0.012320000751696225   0.038652683975667804   0.8507570275539861   0.5535139886074341   -0.4593489963859712   -0.1101983349321852   -0.23461141440029773   -0.30520198123763603   -0.29798582225920095   -0.05092246885454909   -0.12813725431810644   -0.0605598494941001   -0.05167371764583535   -0.020298659994775266   -0.14662861416747425   -0.11551494574711192   -0.10334598364896301   -0.05685262261426592   -0.09271674775065507   -0.041963314545422264   -0.08037507306490405   0.0180580623968229   -0.11081969855653281   -0.015172793447199696   -0.02668493831594949   -0.03937268094310931   -0.10641780744738726   -0.00466981681761384   
T_sec   15.0   15.5   16.0   16.5   17.0   17.5   18.0   18.5   19.0   19.5   20.0   20.5   21.0   21.5   22.0   22.5   23.0   23.5   24.0   24.5   25.0   25.5   26.0   26.5   27.0   27.5   28.0   28.5   29.0   29.5   30.0   30.5   31.0   31.5   32.0   32.5   33.0   33.5   34.0   34.5   35.0   35.5   36.0   36.5   37.0   37.5   38.0   38.5   39.0   39.5   40.0   40.5   41.0   41.5   42.0   42.5   43.0   43.5   44.0   44.5   45.0   45.5   46.0   46.5   47.0   47.5   48.0   48.5   49.0   49.5   50.0   50.5   51.0   51.5   52.0   52.5   53.0   53.5   54.0   54.5   55.0   
U10   -0.002783457947435216   0.003249777755676779   -0.0029288413970624547   0.003423424687742377   -0.0030882281066731783   0.0036125353828175416   -0.0032597672401736967   0.003818804543768924   -0.0034466140034567433   0.004043692673622607   -0.0036503069661619216   0.004293588250777572   -0.0038705338618351443   0.004570107911486947   -0.004110449896369142   0.004876328795029941   -0.004374748845296251   0.005218483246578494   -0.004666351714668641   0.0056044983141711946   -0.004986484807671829   0.00604237911246015   -0.005341224336250712   0.006541513192510035   -0.005736568445736667   0.007119371286651149   -0.006178124948393464   0.007793424127213793   -0.006673118292737997   0.008589147561180387   -0.007229999230472679   0.009543255822691695   -0.007855055410752158   0.010716790756298902   -0.008553403483528238   0.012190193841590717   -0.009324373390631116   0.014100723026855812   -0.010145163107380202   0.016693271052451455   -0.01093446921624935   0.020399603389837494   -0.011433958535445843   0.026235126944392905   -0.01075773411885356   0.036940062764642435   -0.005230141418786143   0.06358173928010873   0.029664253900029438   0.21985263654894674   0.5886637302660018   1.0   0.5181909224966811   -0.02113525643089108   0.023391011517225002   0.7943536369450556   0.45636161565201333   -0.48969904797935676   -0.05281634615916489   -0.23237880231153948   -0.278870682589896   -0.24184352464180392   -0.017260499050379415   -0.11575985892757806   -0.0445364512380375   -0.039080205570298045   -0.01097719005863047   -0.14044403981891235   -0.09785802159461039   -0.09858428177905942   -0.047874012487536664   -0.0846537986895255   -0.02671676767149079   -0.06838201744122094   0.0296332489338258   -0.10224867161926747   -0.0001206606482657243   -0.01830651018422768   -0.04469010015427763   -0.10085896690123942   -0.0031403560469881824   
T_sec   15.0   15.5   16.0   16.5   17.0   17.5   18.0   18.5   19.0   19.5   20.0   20.5   21.0   21.5   22.0   22.5   23.0   23.5   24.0   24.5   25.0   25.5   26.0   26.5   27.0   27.5   28.0   28.5   29.0   29.5   30.0   30.5   31.0   31.5   32.0   32.5   33.0   33.5   34.0   34.5   35.0   35.5   36.0   36.5   37.0   37.5   38.0   38.5   39.0   39.5   40.0   40.5   41.0   41.5   42.0   42.5   43.0   43.5   44.0   44.5   45.0   45.5   46.0   46.5   47.0   47.5   48.0   48.5   49.0   49.5   50.0   50.5   51.0   51.5   52.0   52.5   53.0   53.5   54.0   54.5   55.0   
U11   -0.00044420950543271726   -0.0006469660705815534   -0.00043138296148038707   -0.0006445560734902062   -0.0004158439921571123   -0.0006408387971025502   -0.00039777508910261787   -0.0006356817589746217   -0.0003769463777156197   -0.0006287550661136152   -0.00035217339470305795   -0.0006187729237178453   -0.0003225177833993757   -0.0006061450717941187   -0.0002877185182679507   -0.0005894707782401086   -0.0002458826539514494   -0.0005675129443327913   -0.00019552961133354724   -0.0005390344713491426   -0.0001344878743769664   -0.0005032080005729446   -6.081842787991625e-05   -0.0004547631228219013   3.278948405031382e-05   -0.0003906457016783517   0.00015163085594585186   -0.0003037682902653627   0.0003048567536267785   -0.00018391471074274482   0.0005056366344633253   -1.8889427313471247e-05   0.0007760234305236759   0.00021586095187871372   0.0011491031054956134   0.0005644816844832136   0.0016931971436763451   0.0010997950824157673   0.002509712993050864   0.00195357450640477   0.0038074009972254657   0.003414176792073496   0.006056375583284882   0.006177031571963919   0.010469741802580621   0.01227850549843573   0.02109000666468159   0.03004891203076122   0.05959426420987614   0.13484806087836546   0.48081642820754616   1.0   0.7955585632270767   0.1890194044616283   0.5245768270532605   0.6566036858114691   -0.07782335807169116   -0.2879459296267039   -0.2730147247117847   -0.3338250192282849   -0.22301478245221576   -0.08941007738024871   -0.06350335062459617   -0.08911257408451964   -0.0565889093008292   -0.02893661006122953   -0.06542244599769224   -0.09743828725154191   -0.10601846036968071   -0.09944064690683442   -0.09380921278184283   -0.09789934957121016   -0.0694981653922087   -0.018956110799302473   -0.05085749665406227   -0.037533754979175125   0.0222184715238619   -0.009216655230634191   -0.07294681124169133   -0.08483595093116619   -0.0565860425923898   
T_sec   15.0   15.5   16.0   16.5   17.0   17.5   18.0   18.5   19.0   19.5   20.0   20.5   21.0   21.5   22.0   22.5   23.0   23.5   24.0   24.5   25.0   25.5   26.0   26.5   27.0   27.5   28.0   28.5   29.0   29.5   30.0   30.5   31.0   31.5   32.0   32.5   33.0   33.5   34.0   34.5   35.0   35.5   36.0   36.5   37.0   37.5   38.0   38.5   39.0   39.5   40.0   40.5   41.0   41.5   42.0   42.5   43.0   43.5   44.0   44.5   45.0   45.5   46.0   46.5   47.0   47.5   48.0   48.5   49.0   49.5   50.0   50.5   51.0   51.5   52.0   52.5   53.0   53.5   54.0   54.5   55.0   
U12   -0.000998301265391656   -0.001476524785950568   -0.0009827660144759126   -0.0014872459610359475   -0.0009643528189611586   -0.0014971149152794524   -0.0009430467565511658   -0.0015064894005474491   -0.0009186615226109524   -0.0015160006091476277   -0.0008902838258175809   -0.0015233083460140353   -0.0008562497794676154   -0.001528758969661317   -0.0008157862301531431   -0.0015312701116759057   -0.0007684003002963035   -0.0015315344890870935   -0.0007125456830812721   -0.0015264758969300049   -0.0006413047877162245   -0.0015094109925954413   -0.0005526293138814899   -0.0014839514716907206   -0.00044605805795260695   -0.001446285119352046   -0.0003145467333241535   -0.0013924242624768041   -0.00015322125977343268   -0.0013149723383718375   5.3372314931811454e-05   -0.001201098152461192   0.0003218363941219977   -0.0010325632260640698   0.0006805017042352678   -0.0007791478293398583   0.0011762815377025088   -0.0003849516114440643   0.0018921149837679266   0.0002549992342052324   0.0029912483473376497   0.0013626973834135873   0.004820654923545135   0.003452117575422548   0.008234893416105631   0.007933508772236602   0.015847410526876174   0.019909585493000544   0.039471397295307124   0.07111572093988214   0.21513012047216903   0.6718893444404983   1.0   0.6917921127459171   0.5415485980542236   0.14057684223594935   -0.3780320137214238   -0.3869710517452694   -0.22619872823137774   -0.1021019960775974   -0.09508094123924601   -0.07093581301069352   -0.07226863122062464   -0.07706901462688819   -0.05452355965080628   -0.027090949208851117   -0.04695558099289943   -0.04753740822773603   -0.0773777491017283   -0.08912412485442253   -0.09992738620436306   -0.11426370694709197   -0.055914907829726475   -0.02310857783660558   -0.03360642495382143   0.005706721300162585   0.011784481006604588   -0.0029006617110117127   -0.03854930365863215   -0.08264336409560098   -0.09054372667973717   
T_sec   15.0   15.5   16.0   16.5   17.0   17.5   18.0   18.5   19.0   19.5   20.0   20.5   21.0   21.5   22.0   22.5   23.0   23.5   24.0   24.5   25.0   25.5   26.0   26.5   27.0   27.5   28.0   28.5   29.0   29.5   30.0   30.5   31.0   31.5   32.0   32.5   33.0   33.5   34.0   34.5   35.0   35.5   36.0   36.5   37.0   37.5   38.0   38.5   39.0   39.5   40.0   40.5   41.0   41.5   42.0   42.5   43.0   43.5   44.0   44.5   45.0   45.5   46.0   46.5   47.0   47.5   48.0   48.5   49.0   49.5   50.0   50.5   51.0   51.5   52.0   52.5   53.0   53.5   54.0   54.5   55.0   
U13   -0.0015934197509917772   -0.0008203819406202131   -0.0016094051943997129   -0.0008012122378750656   -0.0016256689036991908   -0.0007771504568443051   -0.001636732879144421   -0.0007461283917813724   -0.0016480106333808338   -0.0007111340889628565   -0.00165802283810868   -0.0006707965704589921   -0.0016665322027951046   -0.0006247408737655444   -0.0016753080775022348   -0.0005720882017868689   -0.0016830175717480566   -0.0005111687889844659   -0.001689265201311143   -0.0004403046781518839   -0.0016917042091660831   -0.00035519080976372045   -0.001691146873559152   -0.0002552577307903237   -0.001686347310537049   -0.0001359203422227677   -0.0016760900652592558   8.8207560067056e-06   -0.001656812925859843   0.00018699212627803312   -0.001624531830636693   0.0004113073622740847   -0.0015711322183678356   0.0007018328699446985   -0.0014829043097556278   0.0010896261861924094   -0.0013377191327741506   0.0016286059069207932   -0.0010905894081559878   0.0024165262797570426   -0.0006527241761574967   0.0036475482997296014   0.00017167929562511645   0.005752763330271215   0.0018766385314417221   0.009856418778381943   0.005963772715291946   0.019668577361812663   0.018673931539103836   0.05440633254639025   0.09098815564860759   0.4001101768306633   1.0   0.8375709152807206   0.1901067831300263   -0.3592460162666299   -0.2802066057400859   -0.17450604455790292   -0.0928292414105736   -0.055523814134825634   -0.06421687568570603   -0.09835561169734633   -0.06327850540331549   -0.03882547565031809   -0.03507659104120968   -0.038689702680339784   -0.026269990561395545   -0.01604390727136736   -0.04483890394541069   -0.08705329160719248   -0.08326918809979977   -0.09613845410783199   -0.04789795857311641   -0.03611064626150133   -0.0016142481491994041   0.01731519777707653   0.014685816550320478   -0.010246319089291946   -0.01775081559728387   -0.05400032590555272   -0.0873817712992526   
T_sec   15.0   15.5   16.0   16.5   17.0   17.5   18.0   18.5   19.0   19.5   20.0   20.5   21.0   21.5   22.0   22.5   23.0   23.5   24.0   24.5   25.0   25.5   26.0   26.5   27.0   27.5   28.0   28.5   29.0   29.5   30.0   30.5   31.0   31.5   32.0   32.5   33.0   33.5   34.0   34.5   35.0   35.5   36.0   36.5   37.0   37.5   38.0   38.5   39.0   39.5   40.0   40.5   41.0   41.5   42.0   42.5   43.0   43.5   44.0   44.5   45.0   45.5   46.0   46.5   47.0   47.5   48.0   48.5   49.0   49.5   50.0   50.5   51.0   51.5   52.0   52.5   53.0   53.5   54.0   54.5   55.0   
U14   -0.0012658278521720605   -0.0014403630886221893   -0.0012573796821811528   -0.0014360739244374037   -0.0012479730680229964   -0.0014302711960824466   -0.0012356911213630946   -0.001421593135225744   -0.0012210889622043695   -0.0014116790702003313   -0.001204292354709686   -0.0013980569926687885   -0.0011823002022144334   -0.0013803235784667898   -0.001156070948885861   -0.001359437271761584   -0.0011260079188882938   -0.001333801240382561   -0.0010893090744717123   -0.0013020259599980006   -0.001046183887220998   -0.001264042902769744   -0.0009936837298826807   -0.0012163236080304043   -0.0009292789183730543   -0.001156479335443   -0.0008496175012743224   -0.0010807465605011087   -0.0007488126367498354   -0.0009825974501971471   -0.0006183745041275137   -0.0008520737190188627   -0.00044515984189976516   -0.0006738696165759382   -0.0002077591785130366   -0.00042206499294502773   0.00012984800377422963   -5.114852428707806e-05   0.000633907024114413   0.0005251704245125623   0.0014316931489589608   0.0014812549621054942   0.0027957241774397104   0.0032220644037099203   0.005401665228831173   0.006854476129120455   0.011298758484264955   0.016334467852475103   0.0294361832441641   0.05635773959890018   0.15851354362253378   0.47596691075660036   1.0   0.9043414492354022   -0.07970616127360963   -0.35662030988935434   -0.20799918811550036   -0.14188824475909306   -0.09413817364042854   -0.07492165842956704   -0.08161092843266064   -0.09859332316686069   -0.05956552452652634   -0.025302871492953197   -0.041975702802133835   -0.03580415062184017   -0.007563879782798554   -0.013004983438930902   -0.045857055671248086   -0.09560257740607266   -0.09781745674655538   -0.0750019071941866   -0.06645493922507681   -0.018899252471301732   0.026271312833929236   0.02344746522908938   0.006015102142759251   0.005826550140318676   -0.013310194589429409   -0.049026689658858966   -0.09598680055422572   
T_sec   15.0   15.5   16.0   16.5   17.0   17.5   18.0   18.5   19.0   19.5   20.0   20.5   21.0   21.5   22.0   22.5   23.0   23.5   24.0   24.5   25.0   25.5   26.0   26.5   27.0   27.5   28.0   28.5   29.0   29.5   30.0   30.5   31.0   31.5   32.0   32.5   33.0   33.5   34.0   34.5   35.0   35.5   36.0   36.5   37.0   37.5   38.0   38.5   39.0   39.5   40.0   40.5   41.0   41.5   42.0   42.5   43.0   43.5   44.0   44.5   45.0   45.5   46.0   46.5   47.0   47.5   48.0   48.5   49.0   49.5   50.0   50.5   51.0   51.5   52.0   52.5   53.0   53.5   54.0   54.5   55.0   
U15   -0.0012786298058053013   -0.002292514307265628   -0.0012434450263787437   -0.0022951752484410537   -0.0012047515193354236   -0.0022972221771732394   -0.0011622893789259509   -0.002297310082312033   -0.0011147915701367514   -0.0022965565629915717   -0.001061185976236891   -0.0022934346784488917   -0.0010007253737115752   -0.0022891529926245364   -0.0009327275044539545   -0.0022822527883603464   -0.0008554055219516745   -0.0022711616424901542   -0.0007664527681936025   -0.0022568152245352855   -0.0006633676448271597   -0.0022361369117682114   -0.0005427064117023336   -0.002208603656552098   -0.00040003767579202765   -0.002169541397671486   -0.0002264012029301313   -0.002114902463090464   -1.2986199241731243e-05   -0.0020367269498113116   0.0002553663105328262   -0.0019260634384464822   0.0006008457521741931   -0.0017636335093731473   0.0010603586759193081   -0.0015161661228841857   0.0016970295748424998   -0.0011266674445703628   0.0026224877697774525   -0.00047957082193571666   0.004056515646449343   0.0006740086303420516   0.006476999051343883   0.00294441221171507   0.011094848953488855   0.008153782407362435   0.021863277529486785   0.024127612355304483   0.060310717296883726   0.1363576862897286   0.4500597314084347   0.7976846659267888   0.9783276569325957   1.0   -0.1416652397313453   -0.388336942363602   -0.2541181654761088   -0.175263365522498   -0.15397406468570793   -0.13433043844090048   -0.11542756784653983   -0.11701111079375937   -0.08684415687001909   -0.04066553409707217   -0.05316749852108987   -0.03517446504588184   -0.017935332508465747   -0.04580183443626948   -0.08279993935433283   -0.12209755410336319   -0.12615811333859953   -0.09925982540074836   -0.08507070867063912   0.01566157190684329   0.04366632090010334   0.02984806157590851   0.008747354991953213   0.00981190937195395   -0.030785484296275586   -0.07740954131783095   -0.12504262574009517   
T_sec   15.0   15.5   16.0   16.5   17.0   17.5   18.0   18.5   19.0   19.5   20.0   20.5   21.0   21.5   22.0   22.5   23.0   23.5   24.0   24.5   25.0   25.5   26.0   26.5   27.0   27.5   28.0   28.5   29.0   29.5   30.0   30.5   31.0   31.5   32.0   32.5   33.0   33.5   34.0   34.5   35.0   35.5   36.0   36.5   37.0   37.5   38.0   38.5   39.0   39.5   40.0   40.5   41.0   41.5   42.0   42.5   43.0   43.5   44.0   44.5   45.0   45.5   46.0   46.5   47.0   47.5   48.0   48.5   49.0   49.5   50.0   50.5   51.0   51.5   52.0   52.5   53.0   53.5   54.0   54.5   55.0   
U16   -0.0011159972506149859   -0.002764256256570297   -0.0010548217295935235   -0.0027865918401776724   -0.000987639044360237   -0.0028111635672549914   -0.0009137210517318414   -0.002837247724860668   -0.0008315331525721321   -0.0028642177217032836   -0.0007399243975289584   -0.002891603614314273   -0.0006372323042047651   -0.0029200054280747716   -0.0005220607830888134   -0.0029511975890975112   -0.00039212918820502607   -0.002983822482917753   -0.00024424043801964676   -0.0030165747110117084   -7.366285186271344e-05   -0.00305135878140468   0.00012174570661638631   -0.003086660431809075   0.00035413414724593006   -0.0031187979804479997   0.0006306533062974196   -0.0031459173034778685   0.0009661270157233737   -0.0031655889858250063   0.0013781712864977939   -0.0031699806363466865   0.0019000357665717516   -0.003144237277782013   0.0025795594220543706   -0.0030613660162979056   0.00349916283143992   -0.002872368144528884   0.004801190324083405   -0.002468183795299223   0.006764617950498548   -0.0016095815028785672   0.009982660978969157   0.0003248212847788806   0.015976118867009566   0.00534946254578902   0.02979547165311669   0.0228844045581544   0.08213780616900068   0.179765663015854   0.5723305388661142   0.7974112971016047   1.0   0.972010782680711   -0.07788074297138775   -0.39418969939145   -0.2903944807549645   -0.18371474244646657   -0.178801682503277   -0.14308535247539608   -0.13055530431770754   -0.11965906396362616   -0.09842714514278399   -0.04574974009355336   -0.055716043149959704   -0.03865071726209177   -0.03229305126468182   -0.05347209481927408   -0.09261105952388013   -0.12467650386069613   -0.1408218383093982   -0.10545680309391878   -0.07960932529574642   0.014335183899565949   0.04314449511292396   0.033725654974821474   0.0070104571173331375   0.00696936664862504   -0.040027103771629824   -0.08531958835409081   -0.12298243561431868   
T_sec   15.0   15.5   16.0   16.5   17.0   17.5   18.0   18.5   19.0   19.5   20.0   20.5   21.0   21.5   22.0   22.5   23.0   23.5   24.0   24.5   25.0   25.5   26.0   26.5   27.0   27.5   28.0   28.5   29.0   29.5   30.0   30.5   31.0   31.5   32.0   32.5   33.0   33.5   34.0   34.5   35.0   35.5   36.0   36.5   37.0   37.5   38.0   38.5   39.0   39.5   40.0   40.5   41.0   41.5   42.0   42.5   43.0   43.5   44.0   44.5   45.0   45.5   46.0   46.5   47.0   47.5   48.0   48.5   49.0   49.5   50.0   50.5   51.0   51.5   52.0   52.5   53.0   53.5   54.0   54.5   55.0   
U17   -0.001882429429487827   -0.001869898498393963   -0.001845587274291144   -0.0018316244362508974   -0.0018038365264784837   -0.0017894955699884745   -0.0017584632753636675   -0.0017433593790659727   -0.0017081675763444472   -0.0016923630890369875   -0.0016525126507313005   -0.001635934719781808   -0.001590628404967288   -0.0015727812543424005   -0.0015203448008932233   -0.0015009024942108315   -0.0014397795223208278   -0.0014180035912640468   -0.0013463326800456053   -0.0013219422179197133   -0.0012371028076037247   -0.00120884625094794   -0.0011065920131489648   -0.0010722609970248733   -0.0009472883510387455   -0.0009091046462010805   -0.000761476277929801   -0.0007160181703905673   -0.0005282804760998145   -0.00046633002185151386   -0.00022187535697718518   -0.00013421796346639898   0.0001934615211500964   0.00032381609207158245   0.000779465347327428   0.0009837359771649272   0.0016465742791239143   0.0019879903865027224   0.003012649819573426   0.003633555039973398   0.005361751607874467   0.006629097550394204   0.009933535408252562   0.013053755969674832   0.020984026531789438   0.032099011631248286   0.06544743905052518   0.18248842095564927   0.5644307783973569   0.6834522087354149   0.4513913045081248   0.684848334193735   1.0   0.6684473220811913   0.020593277140989984   -0.3329183628747165   -0.34047264044383235   -0.28489124507322594   -0.24732022108900534   -0.19192394185600348   -0.16750342952665334   -0.152246992173305   -0.11593449104581457   -0.09189667683391217   -0.08627988599501052   -0.08470775043732058   -0.07470140680793308   -0.062333752659581   -0.10547535257024943   -0.13927241824917597   -0.09805144811053784   -0.07028592957698789   -0.055955510631733534   0.013324519129455549   0.05319641849328949   0.02426380711009444   -0.01581220395063695   -0.049497418947916656   -0.04590081761261474   -0.054045403250310174   -0.08549217522019738   
T_sec   15.0   15.5   16.0   16.5   17.0   17.5   18.0   18.5   19.0   19.5   20.0   20.5   21.0   21.5   22.0   22.5   23.0   23.5   24.0   24.5   25.0   25.5   26.0   26.5   27.0   27.5   28.0   28.5   29.0   29.5   30.0   30.5   31.0   31.5   32.0   32.5   33.0   33.5   34.0   34.5   35.0   35.5   36.0   36.5   37.0   37.5   38.0   38.5   39.0   39.5   40.0   40.5   41.0   41.5   42.0   42.5   43.0   43.5   44.0   44.5   45.0   45.5   46.0   46.5   47.0   47.5   48.0   48.5   49.0   49.5   50.0   50.5   51.0   51.5   52.0   52.5   53.0   53.5   54.0   54.5   55.0   
U18   -0.0011368734796215578   -0.002618286484787865   -0.001055863540556145   -0.0026164087792236107   -0.0009661845645978407   -0.0026116860878971212   -0.0008701521777628289   -0.002609539031224591   -0.0007639299627762289   -0.002604253783529147   -0.0006471858521903303   -0.002598215743816897   -0.0005179822062741769   -0.002591844941113755   -0.0003722123619109681   -0.0025806796854364496   -0.00020689655818909968   -0.0025631191753322153   -1.9139815221516856e-05   -0.0025429198178818645   0.0001978122235724751   -0.0025099695093078692   0.00044368225570046757   -0.0024806489832399125   0.000726204937318015   -0.002435629550673247   0.0010683069343993697   -0.002359457802065031   0.0014911397785864386   -0.002245912815867915   0.0020238828629373638   -0.002062899049185233   0.0027192445597741654   -0.0017714977242833442   0.0036576148026370723   -0.0012911688272757632   0.004986063377859504   -0.00046021411433163213   0.006992152120227199   0.0010721512581682963   0.010305099584095704   0.00420320902343681   0.016576280704732924   0.01180667216876156   0.031808790134869196   0.03868189894373913   0.10567846209886514   0.3191195770745023   0.7422594292922444   0.6358675160700824   0.4442847020994867   0.8032423518822772   1.0   0.5993074213412282   0.0032764357144488346   -0.26704555313470646   -0.3987441870753336   -0.3099550151173122   -0.2786976121430992   -0.20414676748438068   -0.19647812741150436   -0.16306505872741967   -0.13262646352800386   -0.10387804236496995   -0.10500426894603095   -0.08856728947662892   -0.07998411940243016   -0.059825268246808366   -0.12351211220765021   -0.12802826900990105   -0.09077850483366086   -0.07757187244226625   -0.05749665923318676   0.02427937878014041   0.048196857038795976   0.019691778802013764   -0.033462372689467355   -0.051186596856317386   -0.0359558959920423   -0.05304152158572569   -0.0886686691373174   
T_sec   15.0   15.5   16.0   16.5   17.0   17.5   18.0   18.5   19.0   19.5   20.0   20.5   21.0   21.5   22.0   22.5   23.0   23.5   24.0   24.5   25.0   25.5   26.0   26.5   27.0   27.5   28.0   28.5   29.0   29.5   30.0   30.5   31.0   31.5   32.0   32.5   33.0   33.5   34.0   34.5   35.0   35.5   36.0   36.5   37.0   37.5   38.0   38.5   39.0   39.5   40.0   40.5   41.0   41.5   42.0   42.5   43.0   43.5   44.0   44.5   45.0   45.5   46.0   46.5   47.0   47.5   48.0   48.5   49.0   49.5   50.0   50.5   51.0   51.5   52.0   52.5   53.0   53.5   54.0   54.5   55.0   
U19   -0.0013574958244375744   -0.0017989357516747934   -0.0013086651064562757   -0.0017570362375673792   -0.0012562159490140435   -0.001709542388153594   -0.0011975858335456205   -0.0016548082001701973   -0.0011315062711170975   -0.0015902014522551015   -0.0010566576913996861   -0.001523025266479258   -0.0009872895820924267   -0.0014541368342910897   -0.0009081952377426175   -0.0013702252643432676   -0.000815378704559993   -0.0012674705896614724   -0.0007047981368310262   -0.0011408768301135492   -0.0005710082105245612   -0.0009819089255689887   -0.0004074018749757469   -0.0007814445012479125   -0.00020429168446928957   -0.0005227799106937857   5.524841545584313e-05   -0.00018218027727095033   0.00039452708497740856   0.00027834016153848053   0.0008526429219908957   0.0009180705411175693   0.0014925469477169498   0.0018387394111953116   0.002430650172185878   0.003230328534208383   0.003889853350970533   0.005463836423964494   0.006352876660598145   0.009394689841358675   0.011057143061682689   0.01735358170040468   0.022055620816589724   0.03844948459128588   0.06185554380562143   0.1610598442561456   0.5205400752777201   1.0   0.6525230725122287   0.5665359931388555   0.808391320871937   0.839209012850534   0.9742910665970516   0.3317208469775436   0.04576288545642958   -0.013993760247706643   -0.4965238673801394   -0.4573808184742665   -0.38013060594921183   -0.2932915197474511   -0.2521157238801604   -0.19189209103873056   -0.16832186571358923   -0.1729369738370532   -0.15953070546623713   -0.06763546068491909   -0.07173608156339004   -0.12735288879968765   -0.10129625837257449   -0.09708968001640074   -0.09358294833090976   -0.08826280406514551   -0.02906424905737234   0.035173755646800114   0.007046401523378576   -0.02083867788970147   -0.040298516612795134   0.003272143293436313   -0.03757772341344726   -0.04406057345369318   -0.06836609822053243   
T_sec   15.0   15.5   16.0   16.5   17.0   17.5   18.0   18.5   19.0   19.5   20.0   20.5   21.0   21.5   22.0   22.5   23.0   23.5   24.0   24.5   25.0   25.5   26.0   26.5   27.0   27.5   28.0   28.5   29.0   29.5   30.0   30.5   31.0   31.5   32.0   32.5   33.0   33.5   34.0   34.5   35.0   35.5   36.0   36.5   37.0   37.5   38.0   38.5   39.0   39.5   40.0   40.5   41.0   41.5   42.0   42.5   43.0   43.5   44.0   44.5   45.0   45.5   46.0   46.5   47.0   47.5   48.0   48.5   49.0   49.5   50.0   50.5   51.0   51.5   52.0   52.5   53.0   53.5   54.0   54.5   55.0   
U20   -0.0008183846825732182   -0.001535270506992455   -0.0007600527151374352   -0.0015370029058913348   -0.0006929413691040218   -0.00154245722701985   -0.0006295329209442612   -0.0015540503565640712   -0.0005570164571314813   -0.0015623594196923728   -0.0004723199502182295   -0.0015667838845225348   -0.00037290020759743887   -0.001565776077522139   -0.00025439919013407465   -0.0015569351827821063   -0.000113776716700545   -0.0015392033982859078   5.4669905842372196e-05   -0.001506956057968911   0.000259876075983768   -0.0014549016584970691   0.0005136784411115341   -0.0013734139770186873   0.000830907617076263   -0.001251360049077624   0.001233565838521597   -0.0010685057835031113   0.0017577332409494488   -0.0007912259796912736   0.002457665319216202   -0.000365408144557228   0.0034257780830920345   0.0003091017684919061   0.00482363957662126   0.0014254176054728468   0.006964176515055382   0.0033955249983054856   0.010532104308110067   0.007251382648786452   0.01729635943480324   0.01621470193663331   0.03339825999119322   0.0456645732858763   0.09931556949047764   0.3162891123663452   1.0   0.6704160585729425   0.5673850076569609   0.6989966468562473   0.5808380940600654   0.785951789136671   0.8818112447351275   0.07382108685261683   0.17630074219483302   0.14044704765611093   -0.4621517149381279   -0.508455462417949   -0.3769458339369697   -0.24792889483187044   -0.2322138904907652   -0.1821764166395157   -0.1566722416640407   -0.19661261124597304   -0.14779246524468426   -0.05035350292368997   -0.12557672985217097   -0.0771506470405689   -0.07648318124816982   -0.09714207350742578   -0.055339955838795626   -0.0769674458828574   -0.020523417072609657   0.029403054495781202   -0.02992060349336475   -0.022548804461769   0.02094995156838982   -0.00025015976083306724   -0.011666163073359444   -0.022700707979856027   -0.05423885384871238   
T_sec   15.0   15.5   16.0   16.5   17.0   17.5   18.0   18.5   19.0   19.5   20.0   20.5   21.0   21.5   22.0   22.5   23.0   23.5   24.0   24.5   25.0   25.5   26.0   26.5   27.0   27.5   28.0   28.5   29.0   29.5   30.0   30.5   31.0   31.5   32.0   32.5   33.0   33.5   34.0   34.5   35.0   35.5   36.0   36.5   37.0   37.5   38.0   38.5   39.0   39.5   40.0   40.5   41.0   41.5   42.0   42.5   43.0   43.5   44.0   44.5   45.0   45.5   46.0   46.5   47.0   47.5   48.0   48.5   49.0   49.5   50.0   50.5   51.0   51.5   52.0   52.5   53.0   53.5   54.0   54.5   55.0   
U21   -0.0010104160376701635   -0.0009485058067596096   -0.001002089481675429   -0.0009604067116927752   -0.0009855042223119034   -0.000966531119320614   -0.0009591380889811086   -0.0009692056480973859   -0.0009221366438182822   -0.0009673947726095444   -0.0008722043858910056   -0.0009606118476721574   -0.0008072080293285045   -0.0009473035851649055   -0.000719437750990602   -0.000921855702844106   -0.0006023126057161902   -0.0008819038372812195   -0.0004490116394779155   -0.0008266585944462963   -0.00024970617850929424   -0.0007477965427560434   1.710660192795398e-05   -0.0006314827571925772   0.00038005935196183145   -0.0004602890913124444   0.0008798266653719685   -0.0002095292845337964   0.0015805370354818127   0.0001662012397881695   0.0025932208341591352   0.0007488601396901418   0.004114989718237403   0.001692697509703387   0.0065095913672210525   0.003320850027304468   0.010585838446424117   0.006445150315534022   0.01834927113836368   0.0135637001746292   0.03640263107235004   0.03618479072520727   0.10158299818224414   0.21717635978686278   0.9291954615271111   1.0   0.7214521843562742   0.7249822874605558   0.45645461594956   0.45892686227603763   0.38503617168453375   0.7329706537790736   0.5066242947713541   -0.09586041740922625   -0.022361841616519763   0.11072872445726567   -0.2796690880918399   -0.4903153506856694   -0.2855737661115965   -0.22442550463900449   -0.20260880953745813   -0.20837766952016792   -0.1813971071908574   -0.1875410058871999   -0.21969500417948581   -0.15290589972938792   -0.07595486754120298   -0.07189425852054457   -0.07029602355602256   -0.03777376613038455   -0.01340469973672363   -0.05747759371179828   -0.04384130188731446   -0.06409606291296892   -0.03442683828624979   -0.0029398498073183376   0.0534209061780765   0.030388614863727507   0.016168037756922028   -0.019318863412730015   -0.015007767059212527   
T_sec   15.0   15.5   16.0   16.5   17.0   17.5   18.0   18.5   19.0   19.5   20.0   20.5   21.0   21.5   22.0   22.5   23.0   23.5   24.0   24.5   25.0   25.5   26.0   26.5   27.0   27.5   28.0   28.5   29.0   29.5   30.0   30.5   31.0   31.5   32.0   32.5   33.0   33.5   34.0   34.5   35.0   35.5   36.0   36.5   37.0   37.5   38.0   38.5   39.0   39.5   40.0   40.5   41.0   41.5   42.0   42.5   43.0   43.5   44.0   44.5   45.0   45.5   46.0   46.5   47.0   47.5   48.0   48.5   49.0   49.5   50.0   50.5   51.0   51.5   52.0   52.5   53.0   53.5   54.0   54.5   55.0   
U22   -0.0012355207694983291   -0.0008490343696047148   -0.001256635140217167   -0.0008414195509555747   -0.0012738839620770046   -0.0008268073768708581   -0.0012865425360190487   -0.0008040429324900269   -0.0012941328748642185   -0.0007723598673279435   -0.0012977204706693694   -0.0007286033566403822   -0.0012882326102555749   -0.0006646983130329223   -0.0012641829023935791   -0.0005790596058432816   -0.0012268727727542826   -0.00046895796781430254   -0.0011682687853696123   -0.0003205437372488787   -0.0010778797021037327   -0.00011970510398984974   -0.0009388615222696899   0.0001544218473121287   -0.0007362545174145344   0.0005327067013758391   -0.0004362442702490105   0.0010628723602363695   6.902716238230773e-06   0.0018276591028616488   0.0006879070002471341   0.0029647771008426194   0.0017477469339090897   0.004740456884896234   0.0035053394202967346   0.007709686933600319   0.006650019028687785   0.013238019814258921   0.013071662385723954   0.02553185873184247   0.02973765174542814   0.0648069510070846   0.11022055854574121   0.44223173831300744   1.0   0.9755980898726211   0.7638907899639602   0.6289017572314319   0.4555939174037192   0.40387539650348403   0.4386408091266451   0.6732492428808371   0.46822480219240376   -0.05752661510527046   -0.05988316042392259   0.07494606581649586   -0.18518710940251995   -0.42048752777576326   -0.30599405973525096   -0.21143649837025033   -0.2183937008171486   -0.21846395092797713   -0.18854766440161308   -0.20446834415348275   -0.2293099117855275   -0.1590959558432901   -0.08833892251687635   -0.06957143668919792   -0.06230426918454493   -0.032473380598043965   -0.02063280272212299   -0.049191128362821565   -0.06490275453893934   -0.05272549065466115   -0.02741175326026116   0.009811263836642381   0.05688264219273166   0.04394810679804182   0.016964281930773602   -0.014142073006542098   -0.006206038380121889   
T_sec   15.0   15.5   16.0   16.5   17.0   17.5   18.0   18.5   19.0   19.5   20.0   20.5   21.0   21.5   22.0   22.5   23.0   23.5   24.0   24.5   25.0   25.5   26.0   26.5   27.0   27.5   28.0   28.5   29.0   29.5   30.0   30.5   31.0   31.5   32.0   32.5   33.0   33.5   34.0   34.5   35.0   35.5   36.0   36.5   37.0   37.5   38.0   38.5   39.0   39.5   40.0   40.5   41.0   41.5   42.0   42.5   43.0   43.5   44.0   44.5   45.0   45.5   46.0   46.5   47.0   47.5   48.0   48.5   49.0   49.5   50.0   50.5   51.0   51.5   52.0   52.5   53.0   53.5   54.0   54.5   55.0   
U23   -0.001100045894027983   -0.0010342558405586782   -0.0011326986016886628   -0.0010578751024163083   -0.0011650435729061758   -0.0010776050095078838   -0.0011930818592865392   -0.0010902514862913097   -0.0012146180295299432   -0.00109359805702616   -0.0012277389729142868   -0.0010855588840405534   -0.0012306832612266304   -0.0010635045329478105   -0.0012198184444131672   -0.0010204147067616337   -0.0011878629493505093   -0.0009487044673403097   -0.0011263594602983619   -0.0008391624578225741   -0.0010301332862458345   -0.0006825264896162428   -0.0008815019285685915   -0.00045292184670708656   -0.0006541470510308805   -0.00011605525161865985   -0.00030710950005729523   0.0003828189854777896   0.00022578593375116961   0.0011364958136610172   0.0010636213445892053   0.0023170797741410907   0.0024389618746837745   0.004271782215064172   0.004858202919136751   0.007811644508339673   0.009623266105513421   0.015241915251722615   0.02104892590834464   0.0360194037235603   0.06356047532007084   0.17029678182666166   0.5381410205697347   1.0   0.8826378080826697   0.5679677415305424   0.34425138690618284   0.27794500989408544   0.23741714414858153   0.23127452093834833   0.2870586546424336   0.3852074385498088   0.21874317703339488   -0.1672680155462401   -0.14239599012570034   -0.04477746972134665   0.08612107371921623   -0.06888013220577244   -0.21328751953865657   -0.19666336033953669   -0.22444920583455621   -0.19105946627582196   -0.17314385083708814   -0.193252762330882   -0.16411491079533355   -0.12636584449721905   -0.08457883172196427   -0.042755681956683896   -0.023847477442596982   -0.012851234767965267   -0.02272579364668035   -0.07441339948481951   -0.06039537542485307   -0.024529500094389495   0.007548963673765727   0.03434331619075494   0.04486581183712642   0.03528729639527606   0.007384329368234373   -0.011319474179623791   0.01240701431634004   
T_sec   15.0   15.5   16.0   16.5   17.0   17.5   18.0   18.5   19.0   19.5   20.0   20.5   21.0   21.5   22.0   22.5   23.0   23.5   24.0   24.5   25.0   25.5   26.0   26.5   27.0   27.5   28.0   28.5   29.0   29.5   30.0   30.5   31.0   31.5   32.0   32.5   33.0   33.5   34.0   34.5   35.0   35.5   36.0   36.5   37.0   37.5   38.0   38.5   39.0   39.5   40.0   40.5   41.0   41.5   42.0   42.5   43.0   43.5   44.0   44.5   45.0   45.5   46.0   46.5   47.0   47.5   48.0   48.5   49.0   49.5   50.0   50.5   51.0   51.5   52.0   52.5   53.0   53.5   54.0   54.5   55.0   
U24   -0.0013501174393038633   -0.0010572007915372868   -0.001402787076168438   -0.0010875004412374172   -0.0014520825549945264   -0.001111686502847568   -0.001496990085923632   -0.001128230579345245   -0.001537078258907506   -0.0011384869612866924   -0.0015730434998111474   -0.0011385668834694256   -0.0015987876450140786   -0.001122107166456216   -0.0016096500185678157   -0.0010846967256458292   -0.0016014090668068754   -0.001018376211932294   -0.0015643274522555432   -0.0009122881641613985   -0.0014890160503706043   -0.0007528819645359412   -0.001358499559570097   -0.0005156930023170853   -0.0011442207947340026   -0.00016217634482859416   -0.0008008130559150145   0.0003730565451248696   -0.0002447719801363696   0.0012098120534582704   0.0006794841008967753   0.0025806312871072307   0.002296157968011824   0.005000978028519969   0.0053867950239739285   0.00982762984743477   0.012297733717642638   0.021811411451267367   0.033525570008112085   0.07241121371516773   0.19941182124658813   0.59771675600093   1.0   0.7382747124927223   0.2555218029976135   0.19479078305461472   0.16848393992385974   0.1374933316501483   0.10418518992528338   0.0983839159750906   0.15271369761407041   0.2675775401675148   0.09893486474526915   -0.18168702099247805   -0.16151800644788303   -0.03294980187577286   0.17209887835806748   0.09911478721355249   -0.1621914704222912   -0.2262661795430061   -0.19055600235318326   -0.1626793010962441   -0.1624573575572262   -0.1402317104946435   -0.09537304662798984   -0.08227152950918566   -0.06578856463000401   -0.03219744971262219   -0.02106157457883652   -0.022650483722412497   -0.05080353897955699   -0.06549353438298446   -0.007733713703743812   0.014667438452659312   0.021846259128653397   0.018482771464959965   0.015137180936866081   0.009980796535470732   0.010151902845815677   0.001074701152726667   0.011261145764368069   
T_sec   15.0   15.5   16.0   16.5   17.0   17.5   18.0   18.5   19.0   19.5   20.0   20.5   21.0   21.5   22.0   22.5   23.0   23.5   24.0   24.5   25.0   25.5   26.0   26.5   27.0   27.5   28.0   28.5   29.0   29.5   30.0   30.5   31.0   31.5   32.0   32.5   33.0   33.5   34.0   34.5   35.0   35.5   36.0   36.5   37.0   37.5   38.0   38.5   39.0   39.5   40.0   40.5   41.0   41.5   42.0   42.5   43.0   43.5   44.0   44.5   45.0   45.5   46.0   46.5   47.0   47.5   48.0   48.5   49.0   49.5   50.0   50.5   51.0   51.5   52.0   52.5   53.0   53.5   54.0   54.5   55.0   
U25   -0.001732156765550363   -0.0007248258565614494   -0.0018147722182455825   -0.0007282796140766187   -0.001898752895168959   -0.0007240642102260034   -0.001982341639131442   -0.0007083430918499379   -0.002064840058204763   -0.0006807690354610616   -0.002146580911046609   -0.0006371516894897705   -0.0022254598169805686   -0.0005740030392482742   -0.0023007599742951544   -0.00048607396790618365   -0.002366857427997787   -0.00036079342075468526   -0.0024174373265793583   -0.00018722189898020324   -0.0024444139855027466   5.306117426574838e-05   -0.00243373396071063   0.000389812416809452   -0.002359774448369677   0.0008707730181109415   -0.0021783179435756247   0.0015762067249797307   -0.0018068950920649227   0.0026559349757604156   -0.0010728704092698548   0.00441748283599952   0.00042627015978192946   0.0075913624621250075   0.0038007292374999543   0.014346044439403032   0.01311517524742133   0.034299302401798855   0.05509695933366673   0.18504326495590248   0.5683997550764012   1.0   0.38113599010025223   0.049120810942652436   0.13276692201762622   0.08563099655206233   0.05421406411918344   0.023006985334902173   0.05379299000582907   0.05951488431474407   0.13532627382143236   0.22805131230267112   0.018434012263578554   -0.19361986444122253   -0.13096342696542407   0.04218171235940031   0.1689575627377453   0.10672191044390503   -0.12094166260288503   -0.1849687396678921   -0.1390055751055827   -0.15965501125592202   -0.09909167572533399   -0.06546127040502753   -0.057176706148959436   -0.05990257206683634   -0.03416508728365467   -0.0476501722589831   -0.04771014231042078   -0.05430450236185017   -0.03748738731221979   0.01341747345770778   0.02928850474418699   0.01596146277162472   0.010654605464304063   -0.0019207135109771379   -0.004192503779142736   0.009433394157838145   0.022650627855262402   -0.00945779829783583   0.00419434673007866   
T_sec   15.0   15.5   16.0   16.5   17.0   17.5   18.0   18.5   19.0   19.5   20.0   20.5   21.0   21.5   22.0   22.5   23.0   23.5   24.0   24.5   25.0   25.5   26.0   26.5   27.0   27.5   28.0   28.5   29.0   29.5   30.0   30.5   31.0   31.5   32.0   32.5   33.0   33.5   34.0   34.5   35.0   35.5   36.0   36.5   37.0   37.5   38.0   38.5   39.0   39.5   40.0   40.5   41.0   41.5   42.0   42.5   43.0   43.5   44.0   44.5   45.0   45.5   46.0   46.5   47.0   47.5   48.0   48.5   49.0   49.5   50.0   50.5   51.0   51.5   52.0   52.5   53.0   53.5   54.0   54.5   55.0   
U26   -0.0021955334167785465   -0.0007647198848472112   -0.002296503603138395   -0.0007510297293382893   -0.0023984039983737386   -0.0007254116720615038   -0.002504079777422317   -0.0006860710435484857   -0.0026107527434247927   -0.0006281184635960987   -0.00271964332292044   -0.0005464425406609207   -0.0028250760569431908   -0.0004334501134601009   -0.002929982942717088   -0.00028108192127138885   -0.003027914597168008   -7.456985619464709e-05   -0.003115775323863722   0.0002058447809161947   -0.0031825019536401216   0.0005907916272991566   -0.003212715194361598   0.0011288370648594476   -0.0031760781434212924   0.0019025977666057064   -0.0030152905109483087   0.0030620741149677386   -0.0026037211118877116   0.004908311167716999   -0.001651122801848733   0.008119387710750055   0.0006651286076873616   0.01460581103131152   0.007306576834603998   0.03195151628222093   0.036143598532864495   0.132368998187616   0.3806181060098762   1.0   0.5945933627876447   0.01077464066825649   0.06843627622593756   0.04048067119671807   0.018380422882737828   0.01084838452045804   0.05040793168650649   0.036918503686292535   0.09021653039356303   0.12797617571254216   0.15856983097979002   0.10945026309149022   -0.042532798875317274   -0.15536253801534095   -0.05497920332074975   0.10044306954776612   0.11833754525316036   0.08713515603782161   0.0003125946015448923   -0.18287294429546305   -0.1679447081011734   -0.0842371213179909   -0.05889231486512545   -0.06946138434204109   -0.03991250087908691   -0.04607938375501965   -0.06552577297151273   -0.11228855210326129   -0.12497000370580318   -0.020128837982584257   0.04189672486694178   0.049380715869136525   0.04654472143620168   0.01805704752773081   -0.006350275646143774   -0.008231350016432791   0.01607818596748748   0.016997155666279788   0.004672729175203539   0.0033883098069371173   0.02639313488629339   
T_sec   15.0   15.5   16.0   16.5   17.0   17.5   18.0   18.5   19.0   19.5   20.0   20.5   21.0   21.5   22.0   22.5   23.0   23.5   24.0   24.5   25.0   25.5   26.0   26.5   27.0   27.5   28.0   28.5   29.0   29.5   30.0   30.5   31.0   31.5   32.0   32.5   33.0   33.5   34.0   34.5   35.0   35.5   36.0   36.5   37.0   37.5   38.0   38.5   39.0   39.5   40.0   40.5   41.0   41.5   42.0   42.5   43.0   43.5   44.0   44.5   45.0   45.5   46.0   46.5   47.0   47.5   48.0   48.5   49.0   49.5   50.0   50.5   51.0   51.5   52.0   52.5   53.0   53.5   54.0   54.5   55.0   
U27   -0.0006655090263832091   -0.00238567770412986   -0.0006425371610455799   -0.002496724154617683   -0.0006064290375914156   -0.0026123284805226205   -0.0005550589572287521   -0.0027321260662475848   -0.0004842699054996127   -0.002853199926864699   -0.0003882144459514257   -0.0029769406663218713   -0.00026002045449414736   -0.0031044636395378376   -9.075989227862583e-05   -0.0032320404131480638   0.00013363833618414386   -0.0033552419198955717   0.0004343619543954618   -0.0034685130737676707   0.0008418164135677987   -0.003558062585399222   0.001404423916138818   -0.003605158921399643   0.0022034972874454923   -0.0035610713171981756   0.0033873144727790626   -0.003319651512496232   0.005250377974200639   -0.0026308034805619146   0.008453287885103475   -0.0007725031279737302   0.01481836736182344   0.004902916744359458   0.03139294130478017   0.03025318845281727   0.1202716215720496   0.33717496435055794   1.0   0.5761111312205167   -0.05859321984561628   0.03264035810399171   -0.0031858455216388277   0.003730751594324303   0.0066167819790556226   0.050792137825730076   0.033693455881460554   0.0801511109093079   0.1062238962976442   0.11080780350722214   0.07958557486052695   0.081063941419423   -0.03821860715629768   -0.1492276310046793   -0.03170450400346425   0.08735725586744585   0.08429556265936648   0.09298873723200458   -0.0223348602682626   -0.12588852527590788   -0.10518016661926147   -0.07185098381977156   -0.06883343383469316   -0.04171817436794342   -0.04380909392692432   -0.051466484283236295   -0.0965953438583886   -0.12650086774689595   -0.05406030431718966   0.0034090419787440873   0.03454570677485852   0.05123514955606054   0.0293485971169744   0.010240458761047977   -0.010013854722858455   0.006714285648671928   0.006730346899605639   0.001344300744065949   0.00816585313123622   0.01624498130124324   0.014353161854948542   
T_sec   15.0   15.5   16.0   16.5   17.0   17.5   18.0   18.5   19.0   19.5   20.0   20.5   21.0   21.5   22.0   22.5   23.0   23.5   24.0   24.5   25.0   25.5   26.0   26.5   27.0   27.5   28.0   28.5   29.0   29.5   30.0   30.5   31.0   31.5   32.0   32.5   33.0   33.5   34.0   34.5   35.0   35.5   36.0   36.5   37.0   37.5   38.0   38.5   39.0   39.5   40.0   40.5   41.0   41.5   42.0   42.5   43.0   43.5   44.0   44.5   45.0   45.5   46.0   46.5   47.0   47.5   48.0   48.5   49.0   49.5   50.0   50.5   51.0   51.5   52.0   52.5   53.0   53.5   54.0   54.5   55.0   
U28   -0.0033315801919749292   -0.00047057089902467303   -0.003488583918905028   -0.0004211331253199517   -0.003653683905664393   -0.0003520154302550019   -0.003822947696133201   -0.00025820155476096075   -0.0040006191075306835   -0.0001350015352103277   -0.004189510927859518   2.7842312064932264e-05   -0.004385226196321838   0.00024205078443470694   -0.004586470603442128   0.0005248530950324116   -0.004798760186858953   0.0008982664601167008   -0.0050121689562896135   0.0014012539413584015   -0.005222511719418061   0.0020917141927184846   -0.00541559979008414   0.003068863284806879   -0.0055541345847719345   0.004508272212250333   -0.005557597296839677   0.00674772698202941   -0.005223794084304318   0.010552801339756541   -0.003961121908666558   0.017944796057294758   0.00044722664648529146   0.036294823366246017   0.020978754300115563   0.12007593083781876   0.2590568207211387   0.9885961087051532   1.0   -0.07576348925988609   -0.05385451920905187   -0.020615960581325133   -0.014217334306658978   -0.005345922444396303   0.05252816628137593   0.04207087168343757   0.06459673311477462   0.10322399250047512   0.116425733173544   0.060494811187447116   0.05685920343696001   0.0792906927672348   -0.04031097220225146   -0.19288710384500088   -0.03517763985841571   0.07526162700178542   0.10913902474116947   0.023869623214351873   -0.03661388375887911   -0.04797763882584238   -0.10098589286445675   -0.10014385309687925   -0.05752775391278629   -0.045312199036478734   -0.05947309330413501   -0.07772719969877388   -0.13924469621109192   -0.08214732030886977   -5.94935423456062e-05   0.003651134430315786   0.047272170926069695   0.02508129316158075   0.013554093850605575   -0.0026662669991070805   -0.0018098099377737375   -0.0030268145613401025   -0.011572777695946487   -0.005159559240602586   0.016860765137431632   0.003635275798193731   0.007162726557871284   
T_sec   15.0   15.5   16.0   16.5   17.0   17.5   18.0   18.5   19.0   19.5   20.0   20.5   21.0   21.5   22.0   22.5   23.0   23.5   24.0   24.5   25.0   25.5   26.0   26.5   27.0   27.5   28.0   28.5   29.0   29.5   30.0   30.5   31.0   31.5   32.0   32.5   33.0   33.5   34.0   34.5   35.0   35.5   36.0   36.5   37.0   37.5   38.0   38.5   39.0   39.5   40.0   40.5   41.0   41.5   42.0   42.5   43.0   43.5   44.0   44.5   45.0   45.5   46.0   46.5   47.0   47.5   48.0   48.5   49.0   49.5   50.0   50.5   51.0   51.5   52.0   52.5   53.0   53.5   54.0   54.5   55.0   
U29   -0.0025311558901890277   -0.0012714810596391698   -0.0026290764653867753   -0.0012676497285654198   -0.0027284942674447466   -0.0012502465755199269   -0.0028282343873681807   -0.0012166444304809365   -0.0029266849544163165   -0.0011596546063460664   -0.0030225754211110575   -0.0010722193229251663   -0.0031139850736250935   -0.0009439668662574825   -0.0031921339712882445   -0.0007562083003154117   -0.003252909783800382   -0.0004859059353362627   -0.0032800827477399105   -9.168313486292769e-05   -0.0032523870054345983   0.0004940133664284028   -0.003121182057237192   0.0013911397188405505   -0.0028084832570805574   0.0028317209135612694   -0.0021119186660244673   0.005339701693924573   -0.000532118534233359   0.010289115083660873   0.0035631571060963495   0.022425119949712035   0.01793747083757813   0.07008655821767656   0.1358805844758082   0.6412739746035098   1.0   0.3677675874710005   -0.10514908229027047   -0.1145328215689705   -0.03676671158112628   -0.011416157681572992   0.03875027232323469   0.05455368541994613   0.046991798264365954   0.06985062268888881   0.09805892442463147   0.07163031464681918   0.02764081260264998   0.03391953288859476   0.06676838730766638   0.04548613870218585   -0.09996629073943013   -0.16606242865358936   0.01294753974626182   0.08401781378571602   0.012142709425541121   0.019166381753111823   0.05954512402248684   -0.0074357230348604305   -0.0794341076846997   -0.07787589331378197   -0.06264350251951334   -0.07306906235813596   -0.10912859139843972   -0.0967282031202853   -0.027265272273787874   -0.007640256897361673   0.0027807056265600825   -0.0008865381925133715   -0.004250458514916482   -5.792679037186961e-05   0.018329114789088084   0.016576599428151   -0.008400493858625416   -0.02539649567120651   -0.004579233120257915   0.005345140662777021   -0.002842022249426702   -0.002656637577238668   0.016200540306732396   
T_sec   15.0   15.5   16.0   16.5   17.0   17.5   18.0   18.5   19.0   19.5   20.0   20.5   21.0   21.5   22.0   22.5   23.0   23.5   24.0   24.5   25.0   25.5   26.0   26.5   27.0   27.5   28.0   28.5   29.0   29.5   30.0   30.5   31.0   31.5   32.0   32.5   33.0   33.5   34.0   34.5   35.0   35.5   36.0   36.5   37.0   37.5   38.0   38.5   39.0   39.5   40.0   40.5   41.0   41.5   42.0   42.5   43.0   43.5   44.0   44.5   45.0   45.5   46.0   46.5   47.0   47.5   48.0   48.5   49.0   49.5   50.0   50.5   51.0   51.5   52.0   52.5   53.0   53.5   54.0   54.5   55.0   
U30   -0.0021563713209460473   -0.0010240296188575029   -0.0022372131051723336   -0.0010029395858811717   -0.002317966056907456   -0.0009676734991460142   -0.00239837750183162   -0.0009150359533203912   -0.0024752173677704803   -0.0008364398852237041   -0.0025455963370311554   -0.0007245054325685958   -0.002606125972526959   -0.0005688116617469052   -0.002650948163335935   -0.00034815768510929247   -0.0026620524759131464   -3.8070852808593607e-05   -0.002629626645802104   0.0004047292480246648   -0.0025154328633095915   0.0010538863083138397   -0.002255038408399725   0.002044629862859573   -0.0017123914891663526   0.0036604639163552626   -0.0005579996764834631   0.0065626562568357515   0.002119692435231811   0.012680167383651682   0.00968004705086012   0.030188092259811148   0.043208637789925466   0.14402638271366683   0.4706451244722556   1.0   0.5001523537412951   -0.12665259800636225   -0.15900201503351524   -0.055105273853962626   0.004972238419342677   0.03192541333015082   0.07366112234251206   0.04220194073584943   0.06283289946504678   0.09040875325197457   0.08266659202271753   0.03143931698229458   0.02307458568544049   0.04897642781331348   0.06274148388236726   0.02198501899838376   -0.11409353435373738   -0.15286446135434367   0.05446340572415438   0.05952239262658082   0.027589369860921722   0.07017996359209602   0.06537754383557919   0.004685435142478696   -0.056620860215991144   -0.08858222029729987   -0.08336105798558026   -0.10773509382908486   -0.10736444137423547   -0.031530387596455024   0.0012742572283241885   -0.005376274840432148   -0.009747886990383096   -0.02428659965161363   -0.026394858273068967   -0.0019165053416491094   0.043434573010186606   0.021151914860548227   -0.013357188781287206   -0.013189421308708918   0.004981956087527145   0.00017420005401263131   -0.0016165600340312717   0.007233139916387486   0.023465421198581075   
T_sec   15.0   15.5   16.0   16.5   17.0   17.5   18.0   18.5   19.0   19.5   20.0   20.5   21.0   21.5   22.0   22.5   23.0   23.5   24.0   24.5   25.0   25.5   26.0   26.5   27.0   27.5   28.0   28.5   29.0   29.5   30.0   30.5   31.0   31.5   32.0   32.5   33.0   33.5   34.0   34.5   35.0   35.5   36.0   36.5   37.0   37.5   38.0   38.5   39.0   39.5   40.0   40.5   41.0   41.5   42.0   42.5   43.0   43.5   44.0   44.5   45.0   45.5   46.0   46.5   47.0   47.5   48.0   48.5   49.0   49.5   50.0   50.5   51.0   51.5   52.0   52.5   53.0   53.5   54.0   54.5   55.0   
U31   -0.0015149152853740973   -0.001710373308072751   -0.0015276007090499022   -0.0017576139153595832   -0.0015285903173502698   -0.0017989364575720045   -0.0015157629368398042   -0.0018309014138604995   -0.0014810206060471797   -0.0018470105295196428   -0.0014175485866090318   -0.0018435371615227389   -0.0013175477473332683   -0.0018126529996481888   -0.0011658944600969898   -0.0017408049435094874   -0.0009395312311859681   -0.001603341920354412   -0.0005984311794028066   -0.0013598506816178135   -7.604699278225881e-05   -0.0009325575187486502   0.0007558934161043618   -0.0001618074021732845   0.0021655622141621145   0.0013273022630411742   0.0048058878304618295   0.004567208947058681   0.01063948949951026   0.013311966263365406   0.02837980726060376   0.0512069100500361   0.15659264800976572   0.5425104041952985   1.0   0.4015254619831481   -0.13162625172615258   -0.19771911131976808   -0.0631443728122724   0.012851027900824612   0.04771798390273462   0.07361674956123064   0.03844128316279832   0.06060600557651298   0.08540565107040238   0.07590499151494969   0.02510890252585367   0.020137362648624042   0.03382216503105547   0.04493595334496306   0.02432436608056898   -0.02651292877171876   -0.11751833326333146   -0.10124416103045704   0.025375357346650872   0.06264932925581841   0.07486319009576212   0.06385675986756324   0.03593632757688252   0.010391301142428446   -0.04381205289942641   -0.09432837378977521   -0.13071833402474675   -0.11519069271685761   -0.027539773012952153   0.006663643950185251   0.0017412745842632683   -0.013464185873937476   -0.026529677275593928   -0.024126245086650587   -0.017253129386883618   0.007905810016665543   0.0248244079555715   -0.002628537520837615   -0.011854062954061665   -0.0035448305676563617   -0.00953937714641715   -0.008431252899571326   0.0014827192555448778   0.009546348340638736   0.02362653541733563   
T_sec   15.0   15.5   16.0   16.5   17.0   17.5   18.0   18.5   19.0   19.5   20.0   20.5   21.0   21.5   22.0   22.5   23.0   23.5   24.0   24.5   25.0   25.5   26.0   26.5   27.0   27.5   28.0   28.5   29.0   29.5   30.0   30.5   31.0   31.5   32.0   32.5   33.0   33.5   34.0   34.5   35.0   35.5   36.0   36.5   37.0   37.5   38.0   38.5   39.0   39.5   40.0   40.5   41.0   41.5   42.0   42.5   43.0   43.5   44.0   44.5   45.0   45.5   46.0   46.5   47.0   47.5   48.0   48.5   49.0   49.5   50.0   50.5   51.0   51.5   52.0   52.5   53.0   53.5   54.0   54.5   55.0   
U32   -0.001833097667781548   0.0007015896252146681   -0.001899057849616906   0.0008325760124774352   -0.001966934240141938   0.0009917989325432467   -0.002034992717799542   0.0011873628409317708   -0.0021039140781072643   0.0014296638749674911   -0.002170934296332906   0.0017365746807728353   -0.002230892086228435   0.0021334062774380352   -0.002277185474137936   0.002660724963577842   -0.0022969655055934046   0.0033859015931009435   -0.0022618464007062755   0.004424047565400091   -0.0021159308990801777   0.0060033023321654985   -0.0017253880822024961   0.008626042087449881   -0.0007350123391939347   0.013567183076869067   0.0020122170159614207   0.025069319541692277   0.011908310442409909   0.06590294637971356   0.08354687819099532   0.5305371262305507   1.0   0.3308106253018912   -0.02492148179518252   -0.21982098801761202   -0.0977752311709137   0.01757458678291026   0.07247020468636242   0.07265777621104265   0.0461660290287759   0.055843400038461014   0.08685975327213578   0.07543001662789903   0.03705217418145989   0.02882027225694709   0.03502280847843198   0.0372055182057995   0.022361616147915823   -0.01757230648669644   0.011754602182246669   0.005683923897699806   -0.17034672268404996   -0.03896985188320232   0.13671589829334962   0.10057786325580212   0.06538454077397678   0.05320451714646381   0.03134012629889393   0.0003518618185776317   -0.07227450680094367   -0.12586256448297048   -0.07225933863909174   -0.02241519447685491   0.01618290934640137   -0.014110195621594065   -0.025186112303655958   -0.034959498285171406   -0.017674267677364762   0.0028533852148218495   -0.015698999537694335   -0.04165237086800965   0.005145462700527914   0.023283267878958982   0.009991019108445465   -0.003371485332798972   0.0028133754670680734   0.010475449241921729   0.021507396951959554   0.018540528194421108   0.04157250688648678   
T_sec   15.0   15.5   16.0   16.5   17.0   17.5   18.0   18.5   19.0   19.5   20.0   20.5   21.0   21.5   22.0   22.5   23.0   23.5   24.0   24.5   25.0   25.5   26.0   26.5   27.0   27.5   28.0   28.5   29.0   29.5   30.0   30.5   31.0   31.5   32.0   32.5   33.0   33.5   34.0   34.5   35.0   35.5   36.0   36.5   37.0   37.5   38.0   38.5   39.0   39.5   40.0   40.5   41.0   41.5   42.0   42.5   43.0   43.5   44.0   44.5   45.0   45.5   46.0   46.5   47.0   47.5   48.0   48.5   49.0   49.5   50.0   50.5   51.0   51.5   52.0   52.5   53.0   53.5   54.0   54.5   55.0   
U33   -0.00021554698838776394   0.0007220202932476123   -0.00018398760189213776   0.0008542343971352799   -0.0001416195914591629   0.0010169202805091302   -8.495279953057912e-05   0.0012193439961021347   -7.159577837780866e-06   0.0014785967838620744   0.00010000820294132032   0.0018090137124744737   0.00024398437672754278   0.0022537051633052963   0.00046576540982953997   0.0028835739654265243   0.0008147010731874415   0.0038121447520353398   0.0013907293749435099   0.005276015550620506   0.0024178985800165156   0.007789988537743597   0.004451335092116197   0.01271645260370653   0.009253386557384613   0.0247632185456881   0.024942279383673032   0.07082971451135091   0.14195361205849732   0.6712008538669528   1.0   0.40231876608470873   0.016447902874918287   -0.14847450300667328   -0.1705730631320452   -0.010363063945457263   0.08964104206098591   0.08522372273689294   0.06141818527948634   0.06843556105846516   0.09100202498410842   0.07744672098524352   0.047828739365807595   0.04266439983872063   0.04195078866549509   0.0327978329860217   0.015903828883575395   -0.029039365566071538   -0.004475037251904984   -0.0012448432959603199   -0.02764144268946334   -0.03618936571572701   -0.06314760044782555   0.05520411719035155   0.12591852739614548   0.08573070388005685   0.049409194566022316   0.0295906331619264   -0.04142744561987953   -0.06168520044589572   -0.008203540827321724   -0.011339277698135045   -0.02990191372515759   -0.03652331500936117   -0.03350212441042357   -0.036278563761129486   -0.019968373716258456   0.001365382169024378   -0.0007924398830822812   -0.016453072349738945   -0.02303299916882787   -0.02397645490032455   -0.025523237381256485   -0.007351882630535765   0.007963100157752164   0.007624131804067356   0.010530262794617785   0.017472402499389174   0.025894509811165763   0.029138255000531455   0.013482824939394192   
T_sec   15.0   15.5   16.0   16.5   17.0   17.5   18.0   18.5   19.0   19.5   20.0   20.5   21.0   21.5   22.0   22.5   23.0   23.5   24.0   24.5   25.0   25.5   26.0   26.5   27.0   27.5   28.0   28.5   29.0   29.5   30.0   30.5   31.0   31.5   32.0   32.5   33.0   33.5   34.0   34.5   35.0   35.5   36.0   36.5   37.0   37.5   38.0   38.5   39.0   39.5   40.0   40.5   41.0   41.5   42.0   42.5   43.0   43.5   44.0   44.5   45.0   45.5   46.0   46.5   47.0   47.5   48.0   48.5   49.0   49.5   50.0   50.5   51.0   51.5   52.0   52.5   53.0   53.5   54.0   54.5   55.0   
U34   0.002119118876217858   0.0007463410896287749   0.0023158950691230733   0.0007979413619411825   0.002552120513790594   0.0008652387820465012   0.0028402832595833204   0.0009532216233962855   0.003196884443212913   0.001070739775296336   0.003652144748399587   0.00123991013529977   0.004251995459534792   0.0014896229994218718   0.005069872989340643   0.0018791836988941988   0.006249153773265097   0.0025296561900374796   0.008059712742478423   0.003717207805066089   0.011127241748551264   0.006178545236231869   0.01711684217570481   0.012395699562458801   0.03199804435564824   0.035014933285666926   0.0936419654951972   0.24841778787491156   1.0   0.866221549018768   0.15479526657680603   0.0217528201704939   -0.11938637218056988   -0.17829528746998916   0.024902369506679643   0.1160525747584391   0.08280704748599414   0.07111929404059841   0.08790068529932832   0.09874256612896579   0.0675631625820783   0.05013221665155419   0.06293776115403003   0.047077726121658885   0.033821414052968485   0.00493706509871791   -0.029856334464342445   0.012407152821848564   -0.01790965752479543   -0.043757213433632085   0.05836946905593778   0.020611042306017652   -0.0844548578087142   0.10524309772353235   0.12897508526289536   0.0688095613615745   0.03583869770916839   -0.039065244809122275   -0.02956984520580591   0.023785311146826003   0.03383215943471748   0.029520880351014175   -0.05381083157815391   -0.07150191791479395   -0.042997230729614894   -0.013116784246494184   0.0034957885409286115   -0.009962825470311479   -0.01729851340320644   -0.002753819741738964   -0.028208287114452342   -0.03171588241615866   -0.05036480443255273   -0.01900123494748738   0.02885767064716432   0.032245232987220936   0.014194912245467737   0.03930939093022193   0.03596552895400284   0.017183522359912433   -0.00407391595014403   
T_sec   15.0   15.5   16.0   16.5   17.0   17.5   18.0   18.5   19.0   19.5   20.0   20.5   21.0   21.5   22.0   22.5   23.0   23.5   24.0   24.5   25.0   25.5   26.0   26.5   27.0   27.5   28.0   28.5   29.0   29.5   30.0   30.5   31.0   31.5   32.0   32.5   33.0   33.5   34.0   34.5   35.0   35.5   36.0   36.5   37.0   37.5   38.0   38.5   39.0   39.5   40.0   40.5   41.0   41.5   42.0   42.5   43.0   43.5   44.0   44.5   45.0   45.5   46.0   46.5   47.0   47.5   48.0   48.5   49.0   49.5   50.0   50.5   51.0   51.5   52.0   52.5   53.0   53.5   54.0   54.5   55.0   
U35   0.0019518145117963825   0.002790730262922794   0.0020719394333441276   0.0030205270597115155   0.0022175200435562243   0.0032949970739015737   0.0023968218048447125   0.0036293223845696005   0.0026249552204588725   0.004052001145266147   0.002930089801085169   0.004602772901494489   0.003357076190070722   0.0053538845904779345   0.003989977336447011   0.00643679124115324   0.005000370893736565   0.008133188969466756   0.006786358995973504   0.011105186786518654   0.010409744586249143   0.01729188396097771   0.01961254416328467   0.03496332979261683   0.056277637532861365   0.15023332249979046   0.5060139460917558   1.0   0.5162353515114957   0.10000333759711166   0.0053790231081498096   -0.05964141425971077   -0.15286849676514647   0.017852570476169158   0.12773935232123856   0.07174752120896565   0.08519515373669635   0.08836151430676986   0.0861327938725492   0.050230402321278185   0.05722333232419153   0.06423229169980801   0.04473253437287737   0.01795344184192912   -0.0076172621084725405   -0.015347328248012973   0.00308740646761015   -0.04042026910245728   -0.021974397163678612   0.058404933505008465   0.0625161929481816   0.0027562642093561175   -0.03914143769225009   0.07911707931518998   0.10431499729532756   0.02763322925805729   -0.009936338999508671   0.006024058306305585   0.026200719854032495   0.03093278000776745   0.04354175941659344   0.005794685732453917   -0.047295855308859526   -0.06336736716097294   -0.023622468434434496   -0.005553949191726068   -0.012098705561065539   -0.011864148780068442   0.00023783356469525509   -0.01460513956491599   -0.030609037216254645   -0.023842336025517545   -0.03329624463211379   -0.03856365079822679   0.011877456316306913   0.026686415371371407   0.023412398943887993   0.02520273503521951   0.017205348584625125   -0.011689045663779365   -0.005323994148934503   
T_sec   15.0   15.5   16.0   16.5   17.0   17.5   18.0   18.5   19.0   19.5   20.0   20.5   21.0   21.5   22.0   22.5   23.0   23.5   24.0   24.5   25.0   25.5   26.0   26.5   27.0   27.5   28.0   28.5   29.0   29.5   30.0   30.5   31.0   31.5   32.0   32.5   33.0   33.5   34.0   34.5   35.0   35.5   36.0   36.5   37.0   37.5   38.0   38.5   39.0   39.5   40.0   40.5   41.0   41.5   42.0   42.5   43.0   43.5   44.0   44.5   45.0   45.5   46.0   46.5   47.0   47.5   48.0   48.5   49.0   49.5   50.0   50.5   51.0   51.5   52.0   52.5   53.0   53.5   54.0   54.5   55.0   
U36   0.0026791171184813063   0.005114327861200531   0.0028026552290691996   0.005518021054708439   0.0029477553425419608   0.00600132872973756   0.0031240905102303514   0.006601064746940373   0.003349595865901288   0.007361827680652157   0.0036537487991128814   0.008365812635745302   0.004092812546012176   0.00976719664869803   0.004784054365068631   0.01185138454136556   0.00598306483810883   0.01526087493791947   0.008362802715554162   0.02165088062441796   0.014079303232460162   0.036694032272672046   0.03339017866189552   0.09307406420343621   0.18845943032678222   0.8324156496547828   1.0   0.484240418341299   0.1706301350299106   0.04010254286782315   -0.03309325530444821   -0.1680227754999257   0.00892982550743235   0.11747210208256592   0.10780439751263898   0.10060490209019711   0.11380828103997928   0.0828493489954659   0.06161999802313838   0.06984983117685008   0.07993030173739152   0.04918211001281919   0.016870836701496927   -0.01747570767160043   0.0017765819356390284   -0.0199498755548191   -0.05347091701948141   -0.01350942690969555   0.06137034002313599   0.05962395200067916   0.06264267324573419   -0.006850401484214325   -0.025497186935514983   0.08062354826822013   0.06462761863217364   0.026090627580521886   0.03209295051472556   0.031309324709443496   0.03401252281944691   0.03752480574592897   0.029866608030677266   -0.010411452215690042   -0.03382242794850306   -0.04190498043959478   -0.032843087131943324   -0.02399693912266588   -0.006385543887570506   -0.004641188110042112   -0.01382776421992072   -0.023642682421371485   -0.026505557581004712   -0.02858974362693962   -0.03581955244074054   -0.03981328350690614   0.0017589604293235424   0.023117217450551612   0.007821620685971985   -0.005913847088498895   -0.014932120603780488   0.0006294657217841514   0.009860151447868403   
T_sec   15.0   15.5   16.0   16.5   17.0   17.5   18.0   18.5   19.0   19.5   20.0   20.5   21.0   21.5   22.0   22.5   23.0   23.5   24.0   24.5   25.0   25.5   26.0   26.5   27.0   27.5   28.0   28.5   29.0   29.5   30.0   30.5   31.0   31.5   32.0   32.5   33.0   33.5   34.0   34.5   35.0   35.5   36.0   36.5   37.0   37.5   38.0   38.5   39.0   39.5   40.0   40.5   41.0   41.5   42.0   42.5   43.0   43.5   44.0   44.5   45.0   45.5   46.0   46.5   47.0   47.5   48.0   48.5   49.0   49.5   50.0   50.5   51.0   51.5   52.0   52.5   53.0   53.5   54.0   54.5   55.0   
U37   0.0053607336641829295   0.001798507439912612   0.0058181000351269115   0.0018473599909409793   0.006366141936771479   0.0019077106329064293   0.007042442158595484   0.001990369871537741   0.007897566597878289   0.002117557872181847   0.009024574274720512   0.0023341838910371235   0.010589925660846114   0.0027397777773332226   0.012900908827439652   0.003581866965780113   0.016680334164662736   0.005556676447324781   0.023770049565107986   0.011116131178511955   0.04087789264867356   0.033946222645841725   0.11610095426413723   0.2900894381543083   1.0   0.5951311871118364   0.22389936808845967   0.2098392468432218   -0.005096994810562699   0.03502376743288714   -0.18055975672749414   0.01811324768304678   0.12371608091223524   0.09581606114583606   0.102772827186536   0.09280937562091084   0.05950310126939495   0.05162978005951111   0.07515221094087958   0.06927530355247025   0.041639786053837446   -0.0008554243871806649   -0.0072763866977624625   0.01913943232918452   -0.04204481970704405   -0.04188568522340661   0.024130189799939   0.05187128960920584   0.05486476209578425   0.051218040924428804   0.06841340593663583   -0.020073182058910632   -0.07110720459407567   0.05622131309451351   0.08832117902058521   0.06362164978845528   0.04760663658307793   0.03977884327317915   0.023344684962194887   0.038767849982842016   0.010583101702771849   0.01695551381943601   -0.009672553617232724   -0.03765362939940799   -0.05009013898798423   -0.011660000089516244   -0.007761300894382121   -0.024962754564450053   -0.02339176738418284   -0.013676242109695183   -0.028134484396980505   -0.01600120289124884   -0.031185055384944222   -0.035189446866436526   -0.030964012402813237   0.021636508823848818   -0.003907307418144488   0.015521000726314899   0.05364595619093471   0.03891253127638471   0.016961206532825825   
T_sec   15.0   15.5   16.0   16.5   17.0   17.5   18.0   18.5   19.0   19.5   20.0   20.5   21.0   21.5   22.0   22.5   23.0   23.5   24.0   24.5   25.0   25.5   26.0   26.5   27.0   27.5   28.0   28.5   29.0   29.5   30.0   30.5   31.0   31.5   32.0   32.5   33.0   33.5   34.0   34.5   35.0   35.5   36.0   36.5   37.0   37.5   38.0   38.5   39.0   39.5   40.0   40.5   41.0   41.5   42.0   42.5   43.0   43.5   44.0   44.5   45.0   45.5   46.0   46.5   47.0   47.5   48.0   48.5   49.0   49.5   50.0   50.5   51.0   51.5   52.0   52.5   53.0   53.5   54.0   54.5   55.0   
U38   0.0073377623316609126   0.0017731756092087458   0.007952044557745497   0.001796217366529701   0.008700329048544498   0.0018286240395396665   0.009630236052283333   0.001893774304954167   0.010854260646375848   0.0020167105482172313   0.012506247992098882   0.002247146639055275   0.014876827392326191   0.0027296748670388444   0.018603747748504974   0.0038472934843340714   0.025247460913379077   0.006848591970218108   0.03983684028996023   0.01746299392665171   0.08809310012146637   0.09262165518043224   0.5966949945338675   1.0   0.3879602956108712   0.3410588545696163   0.20934913840749755   0.04934642114467018   0.017117718979425593   -0.13750123033217232   -0.02572686384226785   0.12806150914252393   0.11246560583059934   0.12207705775751851   0.08219394779488823   0.06391991964736786   0.058775981838511   0.08311529425178467   0.06564114992335332   0.0453042915071438   -0.01442622582120711   0.016590225629875544   0.002104012825082233   -0.061467542560690785   -0.02330699455468349   0.02890413954456095   0.03929294007710427   0.05692005046483498   0.05454897401147407   0.06194805617917275   0.04466827219198243   -0.07709792779002003   -0.0546944733971391   0.11855909624789361   0.08970974456926077   0.08385234647274224   0.038573758773039576   0.03155949851705454   0.02712101674832332   0.023497200782451207   0.02533385102592475   0.011538557910425769   -0.01741141457973049   -0.02273605985668893   -0.04273940945863814   -0.03544105621732507   -0.03658851895836477   -0.023848873837407573   -0.01638261078507462   -0.013224108528181004   -0.02436338488519386   -0.007436254922562637   -0.01885073694872863   -0.038026085078490604   -0.057619446848290096   -0.035838233355854364   -0.017110852743403026   0.04083334016470606   0.0614125805195082   0.045515657457871485   -0.001731231322489679   
T_sec   15.0   15.5   16.0   16.5   17.0   17.5   18.0   18.5   19.0   19.5   20.0   20.5   21.0   21.5   22.0   22.5   23.0   23.5   24.0   24.5   25.0   25.5   26.0   26.5   27.0   27.5   28.0   28.5   29.0   29.5   30.0   30.5   31.0   31.5   32.0   32.5   33.0   33.5   34.0   34.5   35.0   35.5   36.0   36.5   37.0   37.5   38.0   38.5   39.0   39.5   40.0   40.5   41.0   41.5   42.0   42.5   43.0   43.5   44.0   44.5   45.0   45.5   46.0   46.5   47.0   47.5   48.0   48.5   49.0   49.5   50.0   50.5   51.0   51.5   52.0   52.5   53.0   53.5   54.0   54.5   55.0   
U39   0.005775306091602706   0.005109944131249884   0.0062942888194214485   0.005540482355180333   0.006945741733621534   0.0061038877283949985   0.007803042172896673   0.006889447290672737   0.00899436331541565   0.008079207563423115   0.010796052645049611   0.01005359665470405   0.01376627806103652   0.013772176797455422   0.019486570714982655   0.022427779832531324   0.03375121357591576   0.051907924313940465   0.0962612074283166   0.32902919564166566   1.0   0.5872575487180944   0.2608248217799686   0.42202977161918886   0.29049175455718457   0.014867716892909544   0.045800273850219037   -0.07732123995535807   -0.10062343164200059   0.12753937559709316   0.1461573051585808   0.11737362018620653   0.06194489314479675   0.06862222889463146   0.07340559145760332   0.06782600597190978   0.06022757324470259   0.026277314049070133   0.0016481257796813105   0.031686619683071036   -0.04455679535227638   -0.06319324953464359   0.013437679277333407   0.0170167042142941   0.020479644739298114   0.0651136081129824   0.04983148854512451   0.047606699597926634   0.0332336833759112   -0.007528629392764232   0.01732682021199107   -0.025596849849084873   0.02061462081073288   0.13353189048652203   0.10633259647598985   0.05193203815631781   0.03111037121833302   0.026289579020981335   0.016039470466086683   0.0039001588148702684   -0.0005854464228752417   0.004199132351215369   -0.019800842064855665   -0.03384350088838929   -0.052438838101502606   -0.05461150572943554   -0.03082783722972429   -0.012162974699560288   -0.007777826295005665   0.0014845905546197607   -0.011100124108806647   -0.02187188927676251   -0.06161348207321325   -0.08244156278758459   -0.06719724423493433   -0.0417407830928549   -0.010922339178602487   0.03377736558661103   0.06186480796733747   0.01904700648693717   0.0037251665173971384   
T_sec   15.0   15.5   16.0   16.5   17.0   17.5   18.0   18.5   19.0   19.5   20.0   20.5   21.0   21.5   22.0   22.5   23.0   23.5   24.0   24.5   25.0   25.5   26.0   26.5   27.0   27.5   28.0   28.5   29.0   29.5   30.0   30.5   31.0   31.5   32.0   32.5   33.0   33.5   34.0   34.5   35.0   35.5   36.0   36.5   37.0   37.5   38.0   38.5   39.0   39.5   40.0   40.5   41.0   41.5   42.0   42.5   43.0   43.5   44.0   44.5   45.0   45.5   46.0   46.5   47.0   47.5   48.0   48.5   49.0   49.5   50.0   50.5   51.0   51.5   52.0   52.5   53.0   53.5   54.0   54.5   55.0   
U40   0.0012755111467790982   0.00477853857746701   0.0016212192598034465   0.005661459742255283   0.0021127038549277714   0.006895255154237771   0.0028551012082998223   0.008722530676237503   0.004060891058406223   0.011675820367546092   0.006243224739488035   0.017071421531376814   0.010875297217613464   0.029140122525286936   0.023857238121760983   0.06901630332529024   0.09322822366885361   0.46203778422521813   1.0   0.5022080196794351   0.2835752666465467   0.44657785327361416   0.45598278460763514   0.06374359715545692   0.00817949870213557   0.0322502942747897   -0.13688183835819548   0.005928942248969528   0.17546871377275003   0.12680546249764232   0.06817481495870849   0.0698553010380949   0.08616099437343086   0.05702507013595172   0.05200857812292567   0.027978401828620086   0.030026362223195505   0.02766464258875975   -0.04880764580045119   -0.06439404176142147   0.007625336503698925   0.008983103231194264   0.0033016745873933164   0.05499364376578338   0.06442958164820706   0.03582859798303851   0.023358468580707534   -0.0023977316465566695   0.030140661721207208   0.03650495481505362   0.018770752366191905   -0.019522711289872253   0.06908111793191654   0.1446145476268795   0.10362822583282714   0.042817022404453904   -0.009093248422859669   -0.02045618868616687   -0.0025133532335685476   0.015790144157149643   -0.0006985083730848795   -0.02108420487266681   -0.017718989808660473   -0.02873071677062936   -0.04536007176306928   -0.05394952826935078   -0.03419190156171521   -0.002181441542549774   0.0005736264923318878   -0.021160321268829097   -0.047837155631818847   -0.05910099170662969   -0.05405369945079759   -0.04959881961050172   -0.05345256108270122   -0.07643923196538484   -0.050549278399970074   0.01900087720785839   0.0694494310840864   0.05957266748601226   0.0392325254334258   
sta_location:9.669173394052669,10.256810194673045,10.72682567539604,11.012294002739967,11.588495010120864,12.105602908410988,12.926285371454894,13.499037511779765,13.977840607998711,14.492584562777147,14.54769674628344,15.027239783444674,15.719936195463209,16.389024044636788,16.864479716761082,17.442553345174524,17.535503561291733,18.475300969551938,18.668159732615848,19.264680418008062,19.591983559792506,20.390712633756674,20.526580048170935,21.165817330588744,21.759817977943122,22.300187933617874,22.99082571438208,23.393169555924175,23.703398883915515,24.282650874315554,24.612268615136646,25.012878430472238,25.69292949787733,26.382044947341733,26.84302865408601,27.311172565773656,27.682069329734524,28.1535839503424,28.541173382688473,29.339846002361195,29.987675011560484,
rebuild_index:0,1,2,3,4,5,6,7,8,9,10,11,12,13,14,15,16,17,18,19,20,21,22,23,24,25,26,27,28,29,30,31,32,33,34,35,36,37,38,39,40,
use_index:0,1,2,3,4,5,6,7,8,9,10,11,12,13,14,15,16,17,18,19,20,21,22,23,24,25,26,27,28,29,30,31,32,33,34,35,36,37,38,39,40,
rebuild_locdata:9.669173394052669,10.256810194673045,10.72682567539604,11.012294002739967,11.588495010120864,12.105602908410988,12.926285371454894,13.499037511779765,13.977840607998711,14.492584562777147,14.54769674628344,15.027239783444674,15.719936195463209,16.389024044636788,16.864479716761082,17.442553345174524,17.535503561291733,18.475300969551938,18.668159732615848,19.264680418008062,19.591983559792506,20.390712633756674,20.526580048170935,21.165817330588744,21.759817977943122,22.300187933617874,22.99082571438208,23.393169555924175,23.703398883915515,24.282650874315554,24.612268615136646,25.012878430472238,25.69292949787733,26.382044947341733,26.84302865408601,27.311172565773656,27.682069329734524,28.1535839503424,28.541173382688473,29.339846002361195,29.987675011560484,
cut_start_time:15---cut_windows:40---reduction_v:10---move_time_window_all:0.0
move_time_window:0.0,0.0,0.0,0.0,0.0,0.0,0.0,0.0,0.0,0.0,0.0,0.0,0.0,0.0,0.0,0.0,0.0,0.0,0.0,0.0,0.0,0.0,0.0,0.0,0.0,0.0,0.0,0.0,0.0,0.0,0.0,0.0,0.0,0.0,0.0,0.0,0.0,0.0,0.0,0.0,0.0,
sta_noise_mean:0,0,0,0,0,0,0,0,0,0,0,0,0,0,0,0,0,0,0,0,0,0,0,0,0,0,0,0,0,0,0,0,0,0,0,0,0,0,0,0,0,
sta_noise_sigma:0,0,0,0,0,0,0,0,0,0,0,0,0,0,0,0,0,0,0,0,0,0,0,0,0,0,0,0,0,0,0,0,0,0,0,0,0,0,0,0,0,
add_noise_region_move_range:0,0,0,0,0,0,0,0,0,0,0,0,0,0,0,0,0,0,0,0,0,0,0,0,0,0,0,0,0,0,0,0,0,0,0,0,0,0,0,0,0,