T_sec   15.0   15.5   16.0   16.5   17.0   17.5   18.0   18.5   19.0   19.5   20.0   20.5   21.0   21.5   22.0   22.5   23.0   23.5   24.0   24.5   25.0   25.5   26.0   26.5   27.0   27.5   28.0   28.5   29.0   29.5   30.0   30.5   31.0   31.5   32.0   32.5   33.0   33.5   34.0   34.5   35.0   35.5   36.0   36.5   37.0   37.5   38.0   38.5   39.0   39.5   40.0   40.5   41.0   41.5   42.0   42.5   43.0   43.5   44.0   44.5   45.0   45.5   46.0   46.5   47.0   47.5   48.0   48.5   49.0   49.5   50.0   50.5   51.0   51.5   52.0   52.5   53.0   53.5   54.0   54.5   55.0   
U0   -0.00025935417734495133   0.005007688364941056   -0.0003772424397744746   0.005207585853408509   -0.0005348539210661199   0.005389543823680164   -0.0007498718605843159   0.005548436699128652   -0.0010171706817016914   0.005707329574577141   -0.001326499231163506   0.005879036391594055   -0.0016701691440287032   0.006073808303434137   -0.0020545873910814967   0.006294208098411072   -0.002506150691952845   0.006509482316760636   -0.003039466940030754   0.006801640184520758   -0.0035545873910814967   0.007242439774474628   -0.004072270630445926   0.007816504356740134   -0.004630958482829318   0.008554587391081498   -0.005246027678113788   0.009502819067145054   -0.0059277293695540745   0.010738083034341364   -0.006706817016914403   0.012368016401845209   -0.007637109174782163   0.014559200410046132   -0.008800615069195284   0.017647360328036904   -0.010263967196309585   0.022373141978472576   -0.012011788826242951   0.030574064582265505   -0.013587903639159406   0.0482060481804203   -0.010581752947206561   0.10763710917478217   0.08272680676576115   1.0   0.9805228088159919   0.09441312147616607   0.10161455663762174   -0.020935417734495133   -0.001739364428498206   -0.06652998462327012   -0.005699641209636085   -0.05320348539210661   -0.07972834443874936   -0.06968221424910302   -0.02010763710917478   -0.06237826755509995   -0.018359815479241415   -0.015356227575602255   -0.0077806253203485404   -0.008785238339313174   -0.034315735520246034   0.291645310097386   0.08636596617119426   -0.1592516658124039   -0.04938493080471553   -0.0874935930292158   -0.044874423372629424   -0.06611993849308048   -0.017931829830855974   -0.07639671963095848   -0.060609943618657104   -0.1437467965146079   -0.058687852383393135   -0.052947206560738085   -0.021924654023577655   -0.024597642234751412   -0.005322911327524347   -0.023229113275243466   -0.022908764736032802   
T_sec   15.0   15.5   16.0   16.5   17.0   17.5   18.0   18.5   19.0   19.5   20.0   20.5   21.0   21.5   22.0   22.5   23.0   23.5   24.0   24.5   25.0   25.5   26.0   26.5   27.0   27.5   28.0   28.5   29.0   29.5   30.0   30.5   31.0   31.5   32.0   32.5   33.0   33.5   34.0   34.5   35.0   35.5   36.0   36.5   37.0   37.5   38.0   38.5   39.0   39.5   40.0   40.5   41.0   41.5   42.0   42.5   43.0   43.5   44.0   44.5   45.0   45.5   46.0   46.5   47.0   47.5   48.0   48.5   49.0   49.5   50.0   50.5   51.0   51.5   52.0   52.5   53.0   53.5   54.0   54.5   55.0   
U1   0.0020305878017320804   0.0033167495854063015   0.0019734660033167493   0.0033149069467477425   0.0019089736502671826   0.003302008476137829   0.00181997420305878   0.003266998341625207   0.001697070204532891   0.0032154044591855536   0.0015833793992997972   0.0032025059885756398   0.0015010134512622073   0.003231988207112585   0.0014455500276395797   0.003294637921503593   0.0014079601990049748   0.0033904551317486637   0.0013908236594803757   0.0035286530311405932   0.0013952459922609176   0.0037110742583379396   0.001419937350285609   0.003945089367974939   0.0014553160125299427   0.004225170444075916   0.0014932743688962592   0.004564215957250783   0.0015402616546895153   0.005002763957987839   0.0016102819237147595   0.005583195135433941   0.0017060991339598302   0.006362631288004421   0.0018264234383637368   0.007484798231066887   0.0020379583563663165   0.009309010503040354   0.002553897180762852   0.012765800626497141   0.004048277132854247   0.020932375161230882   0.009601990049751243   0.05000921319329279   0.04912474663718445   0.39653583932190895   1.0   0.3042196425281002   0.07239727289478533   0.033572876358946006   0.004221485166758798   -0.028653031140593328   -0.01688962594435231   -0.014534733738713836   -0.04827713285424728   -0.0661875806154413   -0.018463239358761745   -0.03653952459922609   -0.027142067440574902   -0.003274368896259443   0.002316196793808734   0.0759719918923899   0.2603648424543946   -0.019052883729500644   -0.12189054726368158   -0.12800810761009765   -0.07254468398747005   -0.05470794177261838   -0.03775566611387506   -0.0355444997236042   -0.02835820895522388   -0.041164547632209315   -0.027031509121061358   -0.08470609913395982   -0.09388243965358392   -0.030458817025981202   -0.015730606228118667   -0.008700939745715865   -0.011606780910263495   -0.020490141883176705   -0.015601621522019531   
T_sec   15.0   15.5   16.0   16.5   17.0   17.5   18.0   18.5   19.0   19.5   20.0   20.5   21.0   21.5   22.0   22.5   23.0   23.5   24.0   24.5   25.0   25.5   26.0   26.5   27.0   27.5   28.0   28.5   29.0   29.5   30.0   30.5   31.0   31.5   32.0   32.5   33.0   33.5   34.0   34.5   35.0   35.5   36.0   36.5   37.0   37.5   38.0   38.5   39.0   39.5   40.0   40.5   41.0   41.5   42.0   42.5   43.0   43.5   44.0   44.5   45.0   45.5   46.0   46.5   47.0   47.5   48.0   48.5   49.0   49.5   50.0   50.5   51.0   51.5   52.0   52.5   53.0   53.5   54.0   54.5   55.0   
U2   0.005340260798696006   0.0013883455582722087   0.005407497962510187   0.0012294213528932355   0.005509372453137734   0.0010849633251833741   0.005651996740016299   0.0009504889975550122   0.005831295843520783   0.0008221271393643032   0.006049307253463732   0.0006968215158924205   0.006310105949470252   0.0005743683781581092   0.006617766911165444   0.000441320293398533   0.0069621026894865524   0.0002885085574572127   0.007355338223308883   0.0001169519152404238   0.007813773431132844   -7.47758761206194e-05   0.00834963325183374   -0.00030277098614506925   0.008958842705786473   -0.0006006519967400163   0.009655664221678892   -0.000986756316218419   0.010468622656886716   -0.0014790138549307253   0.011471067644661775   -0.002078239608801956   0.012779136104319478   -0.0027852485737571314   0.014570089649551752   -0.0036185819070904644   0.017165851670741646   -0.004559902200488998   0.021251018744906276   -0.005433985330073349   0.028585982070089652   -0.005307660961695191   0.044845150774246126   0.002247351263243684   0.1026283618581907   0.12709861450692747   1.0   0.8380195599022006   0.09535452322738386   0.10975957620211899   -0.00012579462102689485   0.014095354523227382   -0.04299103504482477   0.009460065199674001   -0.04054604726976365   -0.06373268133659332   -0.05213936430317848   -0.013376120619396902   -0.044091279543602285   0.0073227383863080685   0.11803178484107579   0.3960880195599022   -0.023899755501222492   -0.18506519967400162   -0.142400162999185   -0.1530766096169519   -0.12226976365118175   -0.048859005704971474   -0.04735126324368378   -0.0469641401792991   -0.038732681336593314   -0.010505297473512632   -0.04278728606356968   -0.06473105134474327   -0.12781173594132028   -0.039364303178484106   -0.02632436837815811   -0.007917685411572941   -0.037978810105949466   -0.005079462102689486   -0.011776691116544417   
T_sec   15.0   15.5   16.0   16.5   17.0   17.5   18.0   18.5   19.0   19.5   20.0   20.5   21.0   21.5   22.0   22.5   23.0   23.5   24.0   24.5   25.0   25.5   26.0   26.5   27.0   27.5   28.0   28.5   29.0   29.5   30.0   30.5   31.0   31.5   32.0   32.5   33.0   33.5   34.0   34.5   35.0   35.5   36.0   36.5   37.0   37.5   38.0   38.5   39.0   39.5   40.0   40.5   41.0   41.5   42.0   42.5   43.0   43.5   44.0   44.5   45.0   45.5   46.0   46.5   47.0   47.5   48.0   48.5   49.0   49.5   50.0   50.5   51.0   51.5   52.0   52.5   53.0   53.5   54.0   54.5   55.0   
U3   0.003677408526351125   0.0023212487411883183   0.003746223564954683   0.0023246055723397116   0.0038335011748909034   0.002336354481369587   0.003932527693856999   0.002348103390399463   0.004043303121852971   0.0023648875461564282   0.004170862705605908   0.0023883853642161805   0.004316884860691508   0.0024169184290030216   0.004479691171534072   0.0024353810003356832   0.004640819066800941   0.00243705941591138   0.0048069822087948985   0.0024135615978516283   0.0049697885196374626   0.0023615307150050354   0.005149378986236993   0.0023027861698556567   0.005367573011077544   0.002239006377979188   0.005636119503188991   0.002168512923799933   0.005978516280631085   0.0020980194696206783   0.006424974823766365   0.00202920443101712   0.00702920443101712   0.0019771735481705272   0.007893588452500839   0.001975495132594831   0.009202752601544142   0.0021030547163477676   0.011376300772071166   0.0025864384021483723   0.015473313192346428   0.004175897952332998   0.024974823766364555   0.010397784491440082   0.058173883853642167   0.0564115474991608   0.4429338704263176   1.0   0.29775092312856666   0.08870426317556228   0.043034575360859355   0.01908358509566969   -0.017707284323598523   -0.002979187646861363   -0.006661631419939577   -0.03868747901980531   -0.058257804632426996   -0.004239677744209467   -0.021231957032561265   0.09902651896609602   0.37596508895602554   -0.000947633434038268   -0.12250755287009066   -0.13642161799261499   -0.14572004028197383   -0.1148036253776435   -0.12455521987244043   -0.047280966767371604   -0.058106747230614306   -0.03133601879825445   -0.025713326619671035   -0.007509231285666332   -0.04365558912386708   -0.026317556226921786   -0.0829640819066801   -0.0725243370258476   -0.025344075193017793   -0.03371936891574354   -0.012217186975495132   -0.00666498825109097   -0.025881168177240687   
T_sec   15.0   15.5   16.0   16.5   17.0   17.5   18.0   18.5   19.0   19.5   20.0   20.5   21.0   21.5   22.0   22.5   23.0   23.5   24.0   24.5   25.0   25.5   26.0   26.5   27.0   27.5   28.0   28.5   29.0   29.5   30.0   30.5   31.0   31.5   32.0   32.5   33.0   33.5   34.0   34.5   35.0   35.5   36.0   36.5   37.0   37.5   38.0   38.5   39.0   39.5   40.0   40.5   41.0   41.5   42.0   42.5   43.0   43.5   44.0   44.5   45.0   45.5   46.0   46.5   47.0   47.5   48.0   48.5   49.0   49.5   50.0   50.5   51.0   51.5   52.0   52.5   53.0   53.5   54.0   54.5   55.0   
U4   0.0017435897435897436   0.00532051282051282   0.0017032428355957768   0.00551659125188537   0.001661953242835596   0.005723981900452489   0.001602187028657617   0.005935143288084465   0.0015199849170437405   0.006153846153846154   0.0014110105580693816   0.006374434389140272   0.0012673453996983408   0.006602564102564103   0.0010995475113122174   0.006858974358974358   0.0009102564102564102   0.007149321266968325   0.0006966440422322775   0.007479260935143288   0.0004562594268476621   0.007861990950226244   0.000181184012066365   0.008308823529411766   -0.0001335972850678733   0.008838612368024131   -0.0004934012066365007   0.009483408748114631   -0.0009064856711915536   0.010280920060331825   -0.001381787330316742   0.01129524886877828   -0.0019306184012066365   0.012628205128205129   -0.002556561085972851   0.014455128205128205   -0.003257918552036199   0.01710595776772247   -0.003976244343891403   0.021285822021116136   -0.004451357466063349   0.02875188536953243   -0.003478506787330317   0.04539969834087482   0.006485671191553544   0.10526018099547511   0.1456259426847662   1.0   0.8223981900452488   0.10946455505279035   0.11397058823529412   0.014590874811463046   0.023227752639517346   -0.025301659125188537   0.0184841628959276   -0.023529411764705882   -0.049773755656108594   -0.0194947209653092   0.1035444947209653   0.4551282051282052   0.05488310708898944   -0.19136500754147814   -0.10201734539969834   -0.14986802413273004   -0.1606523378582202   -0.13734917043740572   -0.1222662141779789   -0.12335972850678732   -0.04656862745098039   -0.03653846153846154   -0.01987179487179487   -0.04247737556561086   -0.011649698340874811   -0.03163650075414781   -0.045550527903469085   -0.12428355957767721   -0.06466817496229262   -0.03521870286576169   0.0008495475113122172   -0.04532428355957768   0.010480769230769231   
T_sec   15.0   15.5   16.0   16.5   17.0   17.5   18.0   18.5   19.0   19.5   20.0   20.5   21.0   21.5   22.0   22.5   23.0   23.5   24.0   24.5   25.0   25.5   26.0   26.5   27.0   27.5   28.0   28.5   29.0   29.5   30.0   30.5   31.0   31.5   32.0   32.5   33.0   33.5   34.0   34.5   35.0   35.5   36.0   36.5   37.0   37.5   38.0   38.5   39.0   39.5   40.0   40.5   41.0   41.5   42.0   42.5   43.0   43.5   44.0   44.5   45.0   45.5   46.0   46.5   47.0   47.5   48.0   48.5   49.0   49.5   50.0   50.5   51.0   51.5   52.0   52.5   53.0   53.5   54.0   54.5   55.0   
U5   0.002757789913266945   0.0030179890780597496   0.0027915194346289753   0.0030485062640539674   0.002818824285255381   0.0030725987793125604   0.0028397044651461614   0.0030966912945711534   0.002860584645036942   0.0031223899775136526   0.002883070992611629   0.003151300995823964   0.0029071635078702215   0.003183424349502088   0.0029296498554449084   0.003220366206231931   0.002953742370703502   0.003263732733697398   0.0029810472213299068   0.003319948602634115   0.0030163829103758435   0.003392226148409894   0.0030565371024734982   0.0034853838740764535   0.0031047221329906843   0.003607452618053325   0.0031657565049791198   0.0037728878894956633   0.0032444587214905236   0.004000963700610344   0.003348859620944427   0.004320591069707678   0.0034869900417603596   0.004778348859620945   0.00368133633151301   0.005475425634436235   0.003983295856087375   0.006601349180854481   0.004503694185672984   0.008584966270478637   0.005530035335689046   0.01252328943141664   0.007964985544490844   0.022068743976871186   0.015876967555412787   0.056376485705107615   0.06837455830388693   0.44988756826212656   1.0   0.30051397365885   0.09975907484741407   0.04092515258592998   0.03525538066174108   -0.017009315772566657   0.021570831994860266   -0.006121105043366527   0.00781079344683585   -0.0013104722132990685   0.46627047863796983   0.1322839704465146   -0.22646964343077416   -0.09930934789592033   -0.12862190812720847   -0.08185030517185996   -0.1399453902987472   -0.10536460006424671   -0.12283970446514617   -0.12230966912945712   -0.04502088017989078   -0.024526180533247673   -0.04008994539029875   -0.026164471570831994   -0.0013191455187921619   -0.020141342756183744   -0.028188242852553808   -0.1063443623514295   -0.09211371667202056   -0.010072277545775778   -0.04339865081914552   -0.00046370061034371995   0.0110359781561195   
T_sec   15.0   15.5   16.0   16.5   17.0   17.5   18.0   18.5   19.0   19.5   20.0   20.5   21.0   21.5   22.0   22.5   23.0   23.5   24.0   24.5   25.0   25.5   26.0   26.5   27.0   27.5   28.0   28.5   29.0   29.5   30.0   30.5   31.0   31.5   32.0   32.5   33.0   33.5   34.0   34.5   35.0   35.5   36.0   36.5   37.0   37.5   38.0   38.5   39.0   39.5   40.0   40.5   41.0   41.5   42.0   42.5   43.0   43.5   44.0   44.5   45.0   45.5   46.0   46.5   47.0   47.5   48.0   48.5   49.0   49.5   50.0   50.5   51.0   51.5   52.0   52.5   53.0   53.5   54.0   54.5   55.0   
U6   0.0031510897672700406   0.0025766531215367567   0.0032028075360177317   0.0025674178056889546   0.003258219431104544   0.002554488363502032   0.003315478389360916   0.002537864794975988   0.0033819726634650906   0.0025157000369412635   0.0034558551902475064   0.002495382342076099   0.0035426671592168456   0.002469523457702253   0.0036424085703731066   0.002439970446989287   0.0037569264868858514   0.0024085703731067604   0.0038954562246028817   0.0023734761728851127   0.004061691909863318   0.002332840783154784   0.00426117473217584   0.002282970077576653   0.004499445881049132   0.0022220169929811602   0.004794975988178796   0.0021499815293683044   0.005168082748429996   0.0020668636867380865   0.005653860362024381   0.0019745105282600664   0.006305873660879202   0.0018821573697820465   0.0072183228666420395   0.001801625415589213   0.008548208348725526   0.0017809383080901367   0.010616919098633174   0.0019468045807166606   0.01411340967861101   0.0026948651643886224   0.020834872552641298   0.005570742519394164   0.03688585149612117   0.01939416328038419   0.0980975249353528   0.17584041374214998   1.0   0.8341337273734762   0.10214259327669006   0.1311045437753971   4.867011451791651e-05   0.05605836719615811   -0.038843738455855197   0.0884189139268563   -0.009876246767639452   0.46933875138529735   0.3847432582194311   -0.29331363132619137   -0.18300701884004433   -0.16496121167343925   -0.10653860362024381   -0.11747321758404139   -0.08662726265238271   -0.16828592537864795   -0.13260066494274103   -0.13415219800517178   -0.07068710749907647   -0.056446250461765796   -0.038345031400073885   -0.018599926117473218   -0.007312523088289619   -0.015201329885482083   -0.05142223864056151   -0.08899150350942002   -0.09883635020317695   -0.07783524196527522   -0.02556335426671592   0.020354636128555596   0.011281861839674917   
T_sec   15.0   15.5   16.0   16.5   17.0   17.5   18.0   18.5   19.0   19.5   20.0   20.5   21.0   21.5   22.0   22.5   23.0   23.5   24.0   24.5   25.0   25.5   26.0   26.5   27.0   27.5   28.0   28.5   29.0   29.5   30.0   30.5   31.0   31.5   32.0   32.5   33.0   33.5   34.0   34.5   35.0   35.5   36.0   36.5   37.0   37.5   38.0   38.5   39.0   39.5   40.0   40.5   41.0   41.5   42.0   42.5   43.0   43.5   44.0   44.5   45.0   45.5   46.0   46.5   47.0   47.5   48.0   48.5   49.0   49.5   50.0   50.5   51.0   51.5   52.0   52.5   53.0   53.5   54.0   54.5   55.0   
U7   0.0034644649506232797   0.00048664400194269064   0.0035502671199611467   0.0004346770276833414   0.00364416383357617   0.00037850089039987046   0.0037461550914683504   0.0003181155900922778   0.00385785980249312   0.00025303545410393396   0.003980896875505909   0.0001824510280071232   0.004118504128217582   0.00010511575198316335   0.004270681560628137   1.9232637202525497e-05   0.004439048081593007   -7.707625060709083e-05   0.004628460417678486   -0.00018487939129027036   0.004843775295450866   -0.00030548810101991257   0.005089849441476444   -0.0004390480815930064   0.005379634126598672   -0.0005868544600938967   0.005724461712805569   -0.0007497166909502996   0.006142140197506881   -0.0009271491015055852   0.006663428848955804   -0.001118180346446495   0.007330419297393557   -0.001315849117694674   0.008212724623603692   -0.0015042901084668934   0.009438238627165292   -0.0016464303059737738   0.011240084183260482   -0.0016383357616966165   0.014126598672494738   -0.0011928120446818844   0.01936214991096001   0.0006684474664076413   0.031099239112837948   0.00852517403270196   0.0707463169823539   0.06752468836004533   0.5031568722680914   1.0   0.30969726404403436   0.08848955803788247   0.058653067832281046   0.02015541525012142   0.030613566456208517   0.027764286870649184   0.3249150072850899   0.5938157681722519   -0.24850250930872592   -0.2049538610976202   -0.17387081107333657   -0.1268900760887162   -0.10896875505909019   -0.06949975716367168   -0.07649344341913551   -0.13683017646106524   -0.1269710215314878   -0.07472883276671524   -0.11965355350493767   -0.053148777723814156   -0.02742431601100858   -0.004942528735632184   -0.024995952727861422   -0.011997733527602398   -0.07027683341427877   -0.012056014246397928   -0.1093249150072851   -0.09590416059575846   0.005481625384490854   0.013177918083211915   0.0003676542010684799   
T_sec   15.0   15.5   16.0   16.5   17.0   17.5   18.0   18.5   19.0   19.5   20.0   20.5   21.0   21.5   22.0   22.5   23.0   23.5   24.0   24.5   25.0   25.5   26.0   26.5   27.0   27.5   28.0   28.5   29.0   29.5   30.0   30.5   31.0   31.5   32.0   32.5   33.0   33.5   34.0   34.5   35.0   35.5   36.0   36.5   37.0   37.5   38.0   38.5   39.0   39.5   40.0   40.5   41.0   41.5   42.0   42.5   43.0   43.5   44.0   44.5   45.0   45.5   46.0   46.5   47.0   47.5   48.0   48.5   49.0   49.5   50.0   50.5   51.0   51.5   52.0   52.5   53.0   53.5   54.0   54.5   55.0   
U8   0.0011295116772823781   0.0019426751592356692   0.0011272116065109696   0.001988676574663836   0.0011249115357395611   0.00203998584571833   0.0011220806794055203   0.0020948336871903753   0.0011171266808209484   0.0021549893842887475   0.0011098726114649683   0.002220452937013447   0.001099433828733192   0.0022929936305732487   0.001086694975230007   0.0023761500353857044   0.0010718329794762917   0.00247169143665959   0.0010546709129511677   0.002583156404812456   0.0010355626326963908   0.0027158527954706303   0.0010153927813163484   0.0028768577494692146   0.000995576786978061   0.003075017692852088   0.0009759377211606511   0.0033227176220806797   0.0009589525831564048   0.0036411889596602975   0.000950813871196037   0.004062278839348904   0.0009598372257607926   0.004635527246992215   0.0010035385704175513   0.00544409058740269   0.0011169497523000709   0.006641896673743808   0.0013772116065109698   0.008529723991507433   0.0019762915782024063   0.011776362349610759   0.003460721868365181   0.018135173389950462   0.007784854918612882   0.03370488322717622   0.025548478414720455   0.09562986553432415   0.2101910828025478   1.0   0.7528308563340411   0.09639065817409767   0.12310686482661007   0.009681528662420384   0.08720806794055203   0.13515569709837227   0.8667728237791933   0.03437721160651097   -0.41702052370842185   -0.1720806794055202   -0.1779900920028309   -0.13934890304317057   -0.1092887473460722   -0.06004953998584573   -0.10737791932059448   -0.10819179051663129   -0.12080679405520171   -0.0887296532200991   -0.14782377919320597   -0.07101910828025479   -0.01799363057324841   -0.018064401981599438   -0.02767162066525124   -0.05826256192498231   -0.02429228591648974   -0.02250530785562633   -0.10617480537862704   -0.08154635527246994   -0.010644019815994341   0.001028485491861288   -0.001672328379334749   
T_sec   15.0   15.5   16.0   16.5   17.0   17.5   18.0   18.5   19.0   19.5   20.0   20.5   21.0   21.5   22.0   22.5   23.0   23.5   24.0   24.5   25.0   25.5   26.0   26.5   27.0   27.5   28.0   28.5   29.0   29.5   30.0   30.5   31.0   31.5   32.0   32.5   33.0   33.5   34.0   34.5   35.0   35.5   36.0   36.5   37.0   37.5   38.0   38.5   39.0   39.5   40.0   40.5   41.0   41.5   42.0   42.5   43.0   43.5   44.0   44.5   45.0   45.5   46.0   46.5   47.0   47.5   48.0   48.5   49.0   49.5   50.0   50.5   51.0   51.5   52.0   52.5   53.0   53.5   54.0   54.5   55.0   
U9   -0.001914095790011931   0.003577637634225328   -0.002038520538605761   0.0037429691494801436   -0.0021748764274757116   0.003921936253621953   -0.002323163456621783   0.004114538946650759   -0.0024867905232657233   0.004325890574399182   -0.0026657576274075334   0.004557695585478097   -0.002861769217658088   0.004815067325720129   -0.0030765297426282594   0.0051014146923470255   -0.0033151525481506733   0.00542185103119141   -0.003577637634225328   0.005783194136696778   -0.0038690983466848476   0.006195670700528379   -0.004196352479972729   0.006671211862962332   -0.004559400034088972   0.007223453212885631   -0.004970172149309698   0.00787625703085052   -0.00543378217146753   0.008658598943241861   -0.00595875234361684   0.00961479461394239   -0.006555309357422874   0.010811317538776207   -0.007235384353161752   0.012352139083006647   -0.008004090676666098   0.0144179307993864   -0.008851201636270666   0.017334242372592467   -0.009710243736151355   0.02179989773308335   -0.010327254133287882   0.029452871995909322   -0.009684677006988239   0.045542866882563496   -0.002396454746889381   0.09686381455599113   0.07081983978183057   0.6393386739389807   1.0   0.29469916482018066   0.07898414862791886   0.11049940344298619   0.06178626214419636   0.6897903528208624   0.5232657235384353   -0.4521902164649736   -0.21629452871995908   -0.24169081302198736   -0.10141469234702573   -0.16386568944946311   -0.05795125276972899   -0.10473836713823077   -0.08268280211351628   -0.07414351457303561   -0.07680245440599966   -0.14284983807738197   -0.09290949377876256   -0.09846599625021306   -0.015425259928413159   -0.03698653485597409   -0.040190898244417926   -0.06957559229589227   0.029077893301516958   -0.08529060848815408   -0.01806715527526845   -0.06447929094937788   -0.041281745355377535   -0.023027100732912902   0.01757286517811488   
T_sec   15.0   15.5   16.0   16.5   17.0   17.5   18.0   18.5   19.0   19.5   20.0   20.5   21.0   21.5   22.0   22.5   23.0   23.5   24.0   24.5   25.0   25.5   26.0   26.5   27.0   27.5   28.0   28.5   29.0   29.5   30.0   30.5   31.0   31.5   32.0   32.5   33.0   33.5   34.0   34.5   35.0   35.5   36.0   36.5   37.0   37.5   38.0   38.5   39.0   39.5   40.0   40.5   41.0   41.5   42.0   42.5   43.0   43.5   44.0   44.5   45.0   45.5   46.0   46.5   47.0   47.5   48.0   48.5   49.0   49.5   50.0   50.5   51.0   51.5   52.0   52.5   53.0   53.5   54.0   54.5   55.0   
U10   0.0008445136952599638   -0.0007010004920452682   0.0008963424635066424   -0.0007328194193865835   0.0009521075938986385   -0.0007689027390519927   0.0010131212071510577   -0.0008066262096112841   0.0010813514843365589   -0.0008469739216007872   0.0011576185009020828   -0.0008902739051992782   0.001242742332294571   -0.0009373462358536985   0.0013385271444972936   -0.0009878628833852713   0.0014474331638510741   -0.001041823847793997   0.0015729047072330653   -0.001099065113990487   0.0017188781367885844   -0.0011594226668853534   0.0018894538297523369   -0.0012217484008528784   0.0020944726914876167   -0.0012865343611612268   0.00233885517467607   -0.001352632442184681   0.0026390027882565196   -0.0014138100705264882   0.003014597342955552   -0.0014630145973429554   0.0034968017057569294   -0.0014876168607511888   0.00413482040347712   -0.001462686567164179   0.00500738067902247   -0.001338035099229129   0.006260455961948499   -0.0009945875020501884   0.00818927341315401   -0.00016417910447761195   0.011412169919632604   0.001896014433327866   0.017615220600295228   0.007803837953091684   0.03277021485976709   0.03140888961784484   0.09630966048876496   0.27570936526160406   1.0   0.5637198622273248   0.12365097588978184   0.12484828604231588   0.41479416106281775   0.8530424799081515   -0.2522552074790881   -0.3413154010168935   -0.1999343939642447   -0.19124159422666884   -0.13206494997539772   -0.09224208627193702   -0.09511235033623093   -0.09603083483680498   -0.07190421518779727   -0.023421354764638344   -0.0872396260455962   -0.13237657864523536   -0.07054288994587501   -0.08827292110874199   -0.05665081187469247   -0.03880597014925373   -0.07461046416270296   -0.004697392160078727   -0.029588322125635558   -0.04717073970805313   0.019140560931605707   -0.03001476135804494   -0.08592750533049039   -0.02063309824503854   -0.0005330490405117271   
T_sec   15.0   15.5   16.0   16.5   17.0   17.5   18.0   18.5   19.0   19.5   20.0   20.5   21.0   21.5   22.0   22.5   23.0   23.5   24.0   24.5   25.0   25.5   26.0   26.5   27.0   27.5   28.0   28.5   29.0   29.5   30.0   30.5   31.0   31.5   32.0   32.5   33.0   33.5   34.0   34.5   35.0   35.5   36.0   36.5   37.0   37.5   38.0   38.5   39.0   39.5   40.0   40.5   41.0   41.5   42.0   42.5   43.0   43.5   44.0   44.5   45.0   45.5   46.0   46.5   47.0   47.5   48.0   48.5   49.0   49.5   50.0   50.5   51.0   51.5   52.0   52.5   53.0   53.5   54.0   54.5   55.0   
U11   0.0018476746375447187   -0.003281867821502542   0.0019958576539258147   -0.003421201280361514   0.002155902843155715   -0.0035718320466955377   0.0023328939935981924   -0.0037337601205046133   0.0025268311052532486   -0.003908868386367916   0.0027433628318584073   -0.004100922613443796   0.00298248917341367   -0.004309922801732254   0.0032517416682357374   -0.00453963472039164   0.003553003200903785   -0.00479194125400113   0.003893805309734514   -0.005070608171719075   0.0042835624176238   -0.0053775183581246475   0.004731688947467521   -0.0057202033515345516   0.005253247975899078   -0.006104311805686312   0.005865185464131049   -0.006535492374317455   0.006599510450009415   -0.007011862172848805   0.007491997740538506   -0.007554132931651291   0.00859536810393523   -0.008167953304462437   0.00998870269252495   -0.008866503483336473   0.011803803426849935   -0.009646017699115045   0.014272265110148749   -0.010482018452268876   0.017812088118998308   -0.0112652984372058   0.023310111090190173   -0.011600451892299003   0.032950480135567686   -0.009920918847674638   0.05373752588966297   0.002251929956693655   0.1228205610996046   0.12841272829975525   0.8996422519299568   0.990020711730371   0.27019393711165507   0.34776878177367726   1.0   0.31557145546977977   -0.6194690265486726   -0.24213895688194315   -0.24383355300320092   -0.17324421012991906   -0.17633214083976653   -0.05475428356241763   -0.15272076821690833   -0.08909809828657504   -0.05336094897382791   -0.021747316889474677   -0.10502730182639805   -0.106326492186029   -0.087196384861608   -0.0851063829787234   -0.11510073432498588   -0.07680286198456035   -0.05825644887968368   0.006076068536998683   -0.08621728488043684   0.03588778007908116   0.013263038975710791   -0.005697608736584449   -0.11523253624552816   -0.03545471662587084   -0.03417435511203163   
T_sec   15.0   15.5   16.0   16.5   17.0   17.5   18.0   18.5   19.0   19.5   20.0   20.5   21.0   21.5   22.0   22.5   23.0   23.5   24.0   24.5   25.0   25.5   26.0   26.5   27.0   27.5   28.0   28.5   29.0   29.5   30.0   30.5   31.0   31.5   32.0   32.5   33.0   33.5   34.0   34.5   35.0   35.5   36.0   36.5   37.0   37.5   38.0   38.5   39.0   39.5   40.0   40.5   41.0   41.5   42.0   42.5   43.0   43.5   44.0   44.5   45.0   45.5   46.0   46.5   47.0   47.5   48.0   48.5   49.0   49.5   50.0   50.5   51.0   51.5   52.0   52.5   53.0   53.5   54.0   54.5   55.0   
U12   -0.0006092044915388265   -0.0017175391428119562   -0.0005801043808318836   -0.0017428435869049502   -0.0005462596868575044   -0.001766566503242132   -0.0005078285623912699   -0.0017918709473351256   -0.0004648110074331804   -0.0018187569191839316   -0.0004157836470030049   -0.0018456428910327374   -0.0003591649533449312   -0.0018725288628815436   -0.0002933733987031472   -0.0018994148347303496   -0.00021793452475090937   -0.001921556223311719   -0.0001219199746955559   -0.0019389530286256522   -9.168116400442827e-06   -0.0019531867784279614   0.00012421318994148347   -0.0019626759449628338   0.0002835679266171121   -0.0019674205282302704   0.0004766724656017713   -0.001961094417207022   0.0007142179345247508   -0.0019421160841372764   0.0010131266803732404   -0.0018978333069745374   0.0013980705361379092   -0.0018155938636723074   0.0019089040012652222   -0.0016700933101375928   0.0026126838526016128   -0.0014099319943065   0.0036343507828562388   -0.0009372133480942589   0.005211133955400917   -4.501027993041278e-05   0.007861774474142021   0.0017871263640676894   0.012928989403764034   0.006107860192946386   0.024782539933575834   0.019247192788233433   0.06571247825399334   0.09315198481733354   0.4706626601296852   1.0   0.4885339237703622   0.6976118930887237   0.6953977542305867   -0.2990668986240708   -0.4301755495808951   -0.20544045547999365   -0.16938162264747747   -0.14488375770994782   -0.11999051083346511   -0.07129527123201011   -0.11110232484580103   -0.06566503242131899   -0.01934208445358216   -0.04796773683378143   -0.056112604776213826   -0.0585639727977226   -0.07975644472560493   -0.0715799462280563   -0.12881543571089674   -0.08091095998734778   -0.012590542464020244   -0.03998102166693025   -0.030950498181243083   0.05465759924086667   0.011738099003637514   -0.009142811956349833   -0.06503242131899414   -0.0708998892930571   -0.03775106753123517   
T_sec   15.0   15.5   16.0   16.5   17.0   17.5   18.0   18.5   19.0   19.5   20.0   20.5   21.0   21.5   22.0   22.5   23.0   23.5   24.0   24.5   25.0   25.5   26.0   26.5   27.0   27.5   28.0   28.5   29.0   29.5   30.0   30.5   31.0   31.5   32.0   32.5   33.0   33.5   34.0   34.5   35.0   35.5   36.0   36.5   37.0   37.5   38.0   38.5   39.0   39.5   40.0   40.5   41.0   41.5   42.0   42.5   43.0   43.5   44.0   44.5   45.0   45.5   46.0   46.5   47.0   47.5   48.0   48.5   49.0   49.5   50.0   50.5   51.0   51.5   52.0   52.5   53.0   53.5   54.0   54.5   55.0   
U13   -0.002445367805478609   -0.0006666666666666668   -0.002494613727300708   -0.0006134195136965221   -0.0025453985841797475   -0.000554016620498615   -0.0025961834410587878   -0.0004806094182825485   -0.0026454293628808867   -0.0003976608187134503   -0.0026962142197599266   -0.00030424746075715606   -0.0027516158818097877   -0.00019852262234533702   -0.0028085564789165902   -7.86088027085257e-05   -0.002868574946137273   5.8064019698368735e-05   -0.0029332102185287783   0.00021498922745460144   -0.0030009233610341643   0.00039596799015081567   -0.0030732533087103726   0.0006077254539858418   -0.0031471221914435212   0.0008570329332102186   -0.0032256078793474917   0.00115466297322253   -0.0033025546321945216   0.0015169282856263466   -0.00337488457987073   0.0019667590027700834   -0.0034364419821483537   0.002536164973838104   -0.003470298553401047   0.0032794706063404124   -0.0034487534626038785   0.004289012003693444   -0.0033102493074792243   0.005727916281932903   -0.0029208987380732535   0.007925515543244076   -0.0019652200677131425   0.011605109264389043   0.0004327485380116959   0.01871345029239766   0.0072545398584179755   0.036134195136965225   0.0334872268390274   0.10677131425053864   0.2702369959987688   0.992459218220991   1.0   0.773007079101262   0.22837796244998462   -0.494767620806402   -0.3028624192059095   -0.22283779624499847   -0.13328716528162513   -0.12879347491535859   -0.10583256386580488   -0.09850723299476762   -0.07022160664819946   -0.05609418282548477   -0.022899353647276088   -0.05469375192366882   -0.021529701446598958   -0.03796552785472453   -0.08108648815020007   -0.08958140966451215   -0.12767005232379194   -0.07743921206525085   -0.02040627885503232   -0.045183133271775935   0.02437673130193906   0.04138196368113266   0.01654355186211142   -0.014104339796860575   -0.0340104647583872   -0.09912280701754388   -0.062249923053247155   
T_sec   15.0   15.5   16.0   16.5   17.0   17.5   18.0   18.5   19.0   19.5   20.0   20.5   21.0   21.5   22.0   22.5   23.0   23.5   24.0   24.5   25.0   25.5   26.0   26.5   27.0   27.5   28.0   28.5   29.0   29.5   30.0   30.5   31.0   31.5   32.0   32.5   33.0   33.5   34.0   34.5   35.0   35.5   36.0   36.5   37.0   37.5   38.0   38.5   39.0   39.5   40.0   40.5   41.0   41.5   42.0   42.5   43.0   43.5   44.0   44.5   45.0   45.5   46.0   46.5   47.0   47.5   48.0   48.5   49.0   49.5   50.0   50.5   51.0   51.5   52.0   52.5   53.0   53.5   54.0   54.5   55.0   
U14   -0.0028245347067774786   9.818564906941357e-05   -0.0028994498419758867   0.00019056537516095047   -0.0029790471731241954   0.0002926372468687815   -0.0030633267002224043   0.0004055952241601311   -0.0031546295212454643   0.0005308439658199696   -0.00325412618518085   0.0006699051855320146   -0.0033618166920285617   0.0008254711459674589   -0.003478871590776074   0.001   -0.003608802528385813   0.0011963010651995787   -0.0037504389558703035   0.0014187053728198526   -0.003907292520191971   0.0016762261500643803   -0.004080533770338289   0.001972375043895587   -0.00427484490225916   0.002316516446213274   -0.004492567013929533   0.002723867493854618   -0.004737211752311834   0.0032108158726442703   -0.005014631862343439   0.0038054547582816343   -0.005327168441999298   0.004545241718365914   -0.005681844785204261   0.005491045300245815   -0.006076319793983378   0.006744703265831676   -0.006503570174411799   0.008481797963244761   -0.0069226267119278945   0.011039447500877911   -0.0072047290179094   0.01514690389792813   -0.006923797260915369   0.02268523937726794   -0.004422334074681025   0.039939131452651294   0.009229778766241366   0.10215381013695424   0.1442116352569355   0.8468921924382535   1.0   0.4451597799367904   -0.09229778766241369   -0.3823012993093761   -0.171953646260096   -0.17464590893128878   -0.07866089195832845   -0.09653517499707363   -0.07696359592648953   -0.08522767177806391   -0.02743766826641695   -0.04559288306215615   -0.022369191150649656   -0.03355963947091186   -0.000408989816223809   -0.02289593819501346   -0.06517616762261501   -0.08460728081470209   -0.07534823832377385   -0.07277303055132858   -0.019220414374341566   -0.015275664286550392   0.041507667095867964   0.01535760271567365   0.019278941823715322   -0.014854266651059348   -0.013004799250848648   -0.09110382769518904   -0.07354559288306216   
T_sec   15.0   15.5   16.0   16.5   17.0   17.5   18.0   18.5   19.0   19.5   20.0   20.5   21.0   21.5   22.0   22.5   23.0   23.5   24.0   24.5   25.0   25.5   26.0   26.5   27.0   27.5   28.0   28.5   29.0   29.5   30.0   30.5   31.0   31.5   32.0   32.5   33.0   33.5   34.0   34.5   35.0   35.5   36.0   36.5   37.0   37.5   38.0   38.5   39.0   39.5   40.0   40.5   41.0   41.5   42.0   42.5   43.0   43.5   44.0   44.5   45.0   45.5   46.0   46.5   47.0   47.5   48.0   48.5   49.0   49.5   50.0   50.5   51.0   51.5   52.0   52.5   53.0   53.5   54.0   54.5   55.0   
U15   -0.0018944437719404428   -0.001003994673768309   -0.001908969858370657   -0.0009676794576927732   -0.0019222854375983537   -0.000927127466408425   -0.001936811524028568   -0.0008820965984747608   -0.001951337610458782   -0.0008322237017310253   -0.001967074204091514   -0.0007748456603316789   -0.0019791792761166926   -0.0007093572206754629   -0.001992494855344389   -0.0006356373320421257   -0.0020058104345720856   -0.0005516281321873864   -0.0020179155065972645   -0.0004547875559859581   -0.002027599564217407   -0.0003423314368720494   -0.002034862607432514   -0.0002109914053988621   -0.0020384941290400678   -5.6300689989105436e-05   -0.0020372836218375497   0.00012940321994915868   -0.0020263890570148893   0.0003564943711415083   -0.0019997578985594964   0.0006406004115724488   -0.0019464955816487107   0.0010060525360125892   -0.0018496550054472823   0.0014913448735019972   -0.001676552475487229   0.0021655973853044424   -0.0013630311100351047   0.003152160755356494   -0.0007760561675341967   0.004707662510591938   0.00039450429730056893   0.007422830165839486   0.002986321268611548   0.012940321994915868   0.00983658152766009   0.027490618569180485   0.03564943711415083   0.09658636968889964   0.3048057135939959   0.8644231933180002   1.0   0.3432998426340636   -0.2929427430093209   -0.30625832223701727   -0.1676552475487229   -0.1459871686236533   -0.09014647137150465   -0.08443287737562039   -0.08567969979421378   -0.07839244643505629   -0.029609006173586732   -0.037816245006657784   -0.0313763466892628   -0.016075535649437114   0.00011842391962232175   -0.02203123108582496   -0.07479724004357825   -0.08072872533591574   -0.0751119719162329   -0.0713836097324779   -0.020760198523181214   0.01163055320179155   0.04145987168623653   0.01275874591453819   0.014175039341484081   -0.00944074567243675   -0.022249122382278174   -0.098983173949885   -0.08611548238712019   
T_sec   15.0   15.5   16.0   16.5   17.0   17.5   18.0   18.5   19.0   19.5   20.0   20.5   21.0   21.5   22.0   22.5   23.0   23.5   24.0   24.5   25.0   25.5   26.0   26.5   27.0   27.5   28.0   28.5   29.0   29.5   30.0   30.5   31.0   31.5   32.0   32.5   33.0   33.5   34.0   34.5   35.0   35.5   36.0   36.5   37.0   37.5   38.0   38.5   39.0   39.5   40.0   40.5   41.0   41.5   42.0   42.5   43.0   43.5   44.0   44.5   45.0   45.5   46.0   46.5   47.0   47.5   48.0   48.5   49.0   49.5   50.0   50.5   51.0   51.5   52.0   52.5   53.0   53.5   54.0   54.5   55.0   
U16   -0.0015464313123561013   -0.0012735993860322333   -0.001537477615758506   -0.0012530058838577643   -0.0015259657201330266   -0.0012299820926068047   -0.0015118956254796625   -0.0012038884625223843   -0.0014965464313123561   -0.0011734458940905602   -0.0014786390381171656   -0.001138782297262727   -0.0014568943463801483   -0.001098874392427731   -0.0014313123561013048   -0.001053338449731389   -0.001403172166794577   -0.001001151189562548   -0.001371194678946022   -0.0009402660526989001   -0.0013315425940138143   -0.0008676132003069839   -0.0012854950115118956   -0.0007801227935533384   -0.0012292146328984396   -0.0006730621642363776   -0.001159247889485802   -0.0005393962650294193   -0.001070222563315426   -0.0003687643898695319   -0.0009547198772064467   -0.00014543361473522642   -0.0007995651061652597   0.00015745715016628295   -0.0005827577385520594   0.00058429265796879   -0.0002678434382194935   0.0012075978511128167   0.00021169096955743157   0.0021847019698132517   0.0010094653364031722   0.003847531337938092   0.0024686620619084167   0.007012023535431057   0.005544896392939371   0.01419800460475825   0.013788692760296753   0.036965975952929137   0.052737272959836275   0.23279611153747762   0.49539524174980815   0.6595037093885905   1.0   0.2175748273215656   -0.37503197748784856   -0.23676132003069839   -0.16142235865950372   -0.1277564594525454   -0.10414428242517268   -0.07270401637247378   -0.08769506267587618   -0.08210539779994884   -0.03503453568687644   -0.029201841903300076   -0.03523919160910719   -0.004760808390892812   -0.005676643642875416   -0.033090304425684315   -0.0634049629061141   -0.09242773087746228   -0.06973650550012792   -0.056894346380148376   -0.02194934765924789   0.031517012023535435   0.03710667689946278   0.0106548989511384   0.007443080071629573   -0.0077564594525454085   -0.046981325147096444   -0.08416474801739575   -0.08862880532105398   
T_sec   15.0   15.5   16.0   16.5   17.0   17.5   18.0   18.5   19.0   19.5   20.0   20.5   21.0   21.5   22.0   22.5   23.0   23.5   24.0   24.5   25.0   25.5   26.0   26.5   27.0   27.5   28.0   28.5   29.0   29.5   30.0   30.5   31.0   31.5   32.0   32.5   33.0   33.5   34.0   34.5   35.0   35.5   36.0   36.5   37.0   37.5   38.0   38.5   39.0   39.5   40.0   40.5   41.0   41.5   42.0   42.5   43.0   43.5   44.0   44.5   45.0   45.5   46.0   46.5   47.0   47.5   48.0   48.5   49.0   49.5   50.0   50.5   51.0   51.5   52.0   52.5   53.0   53.5   54.0   54.5   55.0   
U17   -0.0006932213209733488   -0.0019727694090382387   -0.0006348493626882967   -0.0019915990730011587   -0.0005705388180764773   -0.0020118771726535343   -0.0005002896871378911   -0.0020336037079953647   -0.00042352259559675547   -0.0020582271147161066   -0.00033835457705677863   -0.0020828505214368484   -0.00024348203939745074   -0.0021103707995365007   -0.0001370944380069525   -0.0021393395133256082   -1.727983777520278e-05   -0.0021697566628041715   0.00011864136732329083   -0.00220162224797219   0.00027389918887601387   -0.0022349362688296637   0.0004542294322132097   -0.002266801853997682   0.0006659907300115874   -0.002297219003476246   0.0009190324449594438   -0.002324739281575898   0.0012188586326767092   -0.0023479142526071843   0.001588933951332561   -0.0023522595596755505   0.0020611239860950175   -0.0023218424101969872   0.0026810544611819234   -0.0022262456546929318   0.003529837775202781   -0.0020089803012746234   0.004755214368482039   -0.001538238702201622   0.00666135573580533   -0.000507821552723059   0.009972479721900348   0.001939455388180765   0.01683082271147161   0.008952780996523755   0.03681923522595597   0.0419901506373117   0.19988412514484358   0.4733487833140208   0.4310544611819235   0.554316338354577   1.0   0.12297219003476245   -0.40454808806488995   -0.18728273464658168   -0.1694669756662804   -0.12689745075318656   -0.11590382387022016   -0.06115295480880649   -0.10338933951332561   -0.09012166859791425   -0.04000579374275782   -0.024999999999999998   -0.04194669756662804   0.00011296349942062571   -0.025651796060254924   -0.026897450753186558   -0.06911935110081112   -0.10829953650057937   -0.05017381228273464   -0.04847914252607184   -0.023710892236384704   0.04910196987253766   0.030069524913093858   0.008386442641946698   -0.0002728852838933951   -0.024058516801853995   -0.05735805330243337   -0.06226825028968714   -0.09445249130938586   
T_sec   15.0   15.5   16.0   16.5   17.0   17.5   18.0   18.5   19.0   19.5   20.0   20.5   21.0   21.5   22.0   22.5   23.0   23.5   24.0   24.5   25.0   25.5   26.0   26.5   27.0   27.5   28.0   28.5   29.0   29.5   30.0   30.5   31.0   31.5   32.0   32.5   33.0   33.5   34.0   34.5   35.0   35.5   36.0   36.5   37.0   37.5   38.0   38.5   39.0   39.5   40.0   40.5   41.0   41.5   42.0   42.5   43.0   43.5   44.0   44.5   45.0   45.5   46.0   46.5   47.0   47.5   48.0   48.5   49.0   49.5   50.0   50.5   51.0   51.5   52.0   52.5   53.0   53.5   54.0   54.5   55.0   
U18   -0.0006086956521739131   -0.0017805383022774328   -0.0005439958592132505   -0.0017995169082125606   -0.0004732574189095928   -0.0018184955141476882   -0.00039527260179434093   -0.0018409247757073845   -0.0003100414078674949   -0.0018633540372670807   -0.00021601104209799862   -0.001889233954451346   -0.00011083505866114562   -0.0019133885438233267   7.474120082815736e-06   -0.001940993788819876   0.00014180469289164942   -0.0019651483781918566   0.00029278812974465154   -0.001997929606625259   0.00046014492753623196   -0.0020289855072463774   0.0006561421670117322   -0.002058316080055211   0.0008871635610766046   -0.002080745341614907   0.0011630434782608696   -0.002092822636300897   0.0014986197377501727   -0.0020841959972394755   0.001915113871635611   -0.0020410628019323675   0.00244824016563147   -0.0019340924775707387   0.003153899240855763   -0.001710489993098689   0.004126984126984127   -0.0012657004830917875   0.005552104899930988   -0.00036266390614216705   0.00782608695652174   0.0015985162180814356   0.011949620427881297   0.006501035196687371   0.021307798481711528   0.023153899240855765   0.05702208419599725   0.17087646652864044   0.5291580400276052   0.4228778467908903   0.36714975845410636   0.527432712215321   1.0   0.03932022084195998   -0.38819875776397517   -0.1686335403726708   -0.1873706004140787   -0.1329537612146308   -0.11547619047619048   -0.06935817805383022   -0.12355072463768117   -0.09430641821946172   -0.04301242236024845   -0.03497239475500345   -0.050155279503105596   -0.017287784679089025   -0.025586611456176675   -0.03169427191166322   -0.08902691511387165   -0.10151828847481023   -0.031746031746031744   -0.05031055900621118   -0.01739130434782609   0.06009316770186336   0.01961697722567288   0.006312974465148379   -0.026121463077984818   -0.032401656314699795   -0.047049689440993796   -0.0529848171152519   -0.07298136645962734   
T_sec   15.0   15.5   16.0   16.5   17.0   17.5   18.0   18.5   19.0   19.5   20.0   20.5   21.0   21.5   22.0   22.5   23.0   23.5   24.0   24.5   25.0   25.5   26.0   26.5   27.0   27.5   28.0   28.5   29.0   29.5   30.0   30.5   31.0   31.5   32.0   32.5   33.0   33.5   34.0   34.5   35.0   35.5   36.0   36.5   37.0   37.5   38.0   38.5   39.0   39.5   40.0   40.5   41.0   41.5   42.0   42.5   43.0   43.5   44.0   44.5   45.0   45.5   46.0   46.5   47.0   47.5   48.0   48.5   49.0   49.5   50.0   50.5   51.0   51.5   52.0   52.5   53.0   53.5   54.0   54.5   55.0   
U19   -0.0008830497523153134   -0.001169071720870127   -0.0008462201163041138   -0.0011546413956493647   -0.0008052982985138919   -0.0011376265345681672   -0.0007596381649795391   -0.0011165194917079474   -0.00070687055782899   -0.0010947663148826192   -0.0006569028645272454   -0.0010745207839758777   -0.0006000430755976739   -0.0010488908033598966   -0.0005349989231100582   -0.001016799483092828   -0.0004600473831574413   -0.0009763084212793453   -0.0003728192978677579   -0.0009250484600473831   -0.00026943786345035535   -0.0008584966616411804   -0.00014570320913202673   -0.0007710531983631274   5.485677363773423e-06   -0.0006549644626319191   0.0001930002153779884   -0.0004975231531337498   0.0004311867327159165   -0.00027956062890372607   0.0007426233038983417   3.0626749946155504e-05   0.0011647641611027353   0.000488477277622227   0.0017626534568167135   0.0011919017876373035   0.0026599181563644195   0.0023368511738100367   0.004115873357742839   0.004357096704716778   0.006760715054921387   0.008376049967693302   0.012530691363342667   0.018236054275253072   0.030368296360112   0.0573336205039845   0.17835451216885637   0.6071505492138705   0.5054921387034246   0.3310359681240577   0.37368080982123625   0.5489984923540814   1.0   -0.03051906095197071   -0.34762007322851607   -0.19360327374542324   -0.19468016368727117   -0.14049106181348267   -0.12080551367650226   -0.10058152056859788   -0.1312728839112643   -0.099483092827913   -0.05085074305405988   -0.05808744346327806   -0.08208055136765023   -0.02481154426017661   -0.02500538444970924   -0.06420417833297437   -0.08037906525953048   -0.09140641826405341   -0.02203316821020892   -0.056515184148180055   0.00026513030368296363   0.05250915356450571   0.01741331035968124   -0.024466939478785272   -0.04107258238208055   -0.01812621150118458   -0.04184794314021107   -0.022636226577643765   -0.062459616627180706   
T_sec   15.0   15.5   16.0   16.5   17.0   17.5   18.0   18.5   19.0   19.5   20.0   20.5   21.0   21.5   22.0   22.5   23.0   23.5   24.0   24.5   25.0   25.5   26.0   26.5   27.0   27.5   28.0   28.5   29.0   29.5   30.0   30.5   31.0   31.5   32.0   32.5   33.0   33.5   34.0   34.5   35.0   35.5   36.0   36.5   37.0   37.5   38.0   38.5   39.0   39.5   40.0   40.5   41.0   41.5   42.0   42.5   43.0   43.5   44.0   44.5   45.0   45.5   46.0   46.5   47.0   47.5   48.0   48.5   49.0   49.5   50.0   50.5   51.0   51.5   52.0   52.5   53.0   53.5   54.0   54.5   55.0   
U20   -0.00038410786001147454   -0.0014394721744119335   -0.00032185886402753876   -0.0014667240390131959   -0.0002515203671830178   -0.0014954102122776824   -0.00017220309810671256   -0.0015252438324727482   -8.275960986804361e-05   -0.0015562248995983935   2.0040160642570282e-05   -0.0015872059667240389   0.00013838209982788298   -0.0016187607573149743   0.0002751004016064257   -0.0016494549627079748   0.00043459552495697077   -0.0016792885829030409   0.0006222030981067126   -0.001706540447504303   0.0008450946643717729   -0.0017289156626506025   0.001113023522662077   -0.0017421113023522665   0.001442914515203672   -0.0017392426850258178   0.0018545611015490535   -0.001710843373493976   0.0023798049340218014   -0.0016391279403327596   0.003066551921973609   -0.001495697074010327   0.003998852553069421   -0.0012214572576018361   0.0053184165232358005   -0.0007010900745840505   0.007303499713138269   0.0003198508318990247   0.010545037292025244   0.002489672977624785   0.016546184738955826   0.007865748709122204   0.030292598967297763   0.026250717154331617   0.08098106712564544   0.18600114744693058   0.7759609868043604   0.6454388984509467   0.35083189902467016   0.3950086058519794   0.37722317842799774   0.6528973034997132   1.0   -0.06368330464716007   -0.3493975903614458   -0.22051061388410786   -0.20103270223752154   -0.16058519793459552   -0.1591508892713712   -0.12240390131956398   -0.14222604704532418   -0.11359724612736662   -0.07223178427997705   -0.11285140562248998   -0.1113023522662077   -0.03172690763052209   -0.07386689615605278   -0.05720022948938611   -0.06878944348823866   -0.08838209982788296   -0.023012048192771088   -0.049196787148594386   -1.6715433161216295e-05   0.04928284566838784   -0.016508892713711993   -0.05565117613310385   -0.01523522662076879   -0.01666379804934022   -6.164658634538154e-05   -0.013072289156626506   -0.09036144578313253   
T_sec   15.0   15.5   16.0   16.5   17.0   17.5   18.0   18.5   19.0   19.5   20.0   20.5   21.0   21.5   22.0   22.5   23.0   23.5   24.0   24.5   25.0   25.5   26.0   26.5   27.0   27.5   28.0   28.5   29.0   29.5   30.0   30.5   31.0   31.5   32.0   32.5   33.0   33.5   34.0   34.5   35.0   35.5   36.0   36.5   37.0   37.5   38.0   38.5   39.0   39.5   40.0   40.5   41.0   41.5   42.0   42.5   43.0   43.5   44.0   44.5   45.0   45.5   46.0   46.5   47.0   47.5   48.0   48.5   49.0   49.5   50.0   50.5   51.0   51.5   52.0   52.5   53.0   53.5   54.0   54.5   55.0   
U21   -0.002509125475285171   0.0008022813688212928   -0.002595437262357414   0.0009152091254752852   -0.0026882129277566538   0.0010425855513307985   -0.002786692015209125   0.0011870722433460076   -0.0028923954372623573   0.0013513307984790873   -0.0030057034220532315   0.0015391634980988593   -0.0031281368821292773   0.0017555133079847907   -0.0032577946768060835   0.0020106463878326996   -0.0033958174904942964   0.0023106463878326995   -0.0035425855513307983   0.0026665399239543725   -0.003701901140684411   0.003091634980988593   -0.0038707224334600756   0.00361254752851711   -0.004045627376425855   0.004262357414448669   -0.004224334600760457   0.005083650190114068   -0.004395437262357414   0.006152091254752852   -0.004536121673003803   0.007593155893536122   -0.0046045627376425854   0.00961596958174905   -0.00449809885931559   0.012615969581749048   -0.003988593155893536   0.017422053231939162   -0.0024425855513307984   0.026087452471482888   0.0022790874524714825   0.045323193916349806   0.0209467680608365   0.11269961977186312   0.1967680608365019   0.9992395437262357   0.829657794676806   0.3821292775665399   0.4346007604562737   0.39847908745247146   0.4346007604562737   0.7288973384030417   1.0   -0.14224334600760455   -0.31247148288973386   -0.2412167300380228   -0.19669201520912546   -0.22726235741444867   -0.16558935361216728   -0.14551330798479087   -0.15148288973384028   -0.144638783269962   -0.12406844106463878   -0.16437262357414448   -0.10958174904942965   -0.1294296577946768   -0.07311787072243345   -0.03600760456273765   -0.061787072243346   -0.09433460076045627   0.0010133079847908745   -0.06703422053231939   0.007365019011406844   -0.002155893536121673   -0.054828897338403036   -0.02582889733840304   -0.00018437262357414447   0.029893536121673   0.027384030418250948   -0.06711026615969581   -0.07346007604562738   
T_sec   15.0   15.5   16.0   16.5   17.0   17.5   18.0   18.5   19.0   19.5   20.0   20.5   21.0   21.5   22.0   22.5   23.0   23.5   24.0   24.5   25.0   25.5   26.0   26.5   27.0   27.5   28.0   28.5   29.0   29.5   30.0   30.5   31.0   31.5   32.0   32.5   33.0   33.5   34.0   34.5   35.0   35.5   36.0   36.5   37.0   37.5   38.0   38.5   39.0   39.5   40.0   40.5   41.0   41.5   42.0   42.5   43.0   43.5   44.0   44.5   45.0   45.5   46.0   46.5   47.0   47.5   48.0   48.5   49.0   49.5   50.0   50.5   51.0   51.5   52.0   52.5   53.0   53.5   54.0   54.5   55.0   
U22   8.940944881889764e-05   -0.0017811023622047244   0.00015248031496062993   -0.0018633858267716535   0.00022681102362204724   -0.0019488188976377952   0.0003174803149606299   -0.0020381889763779527   0.0004236220472440945   -0.002135826771653543   0.0005460629921259842   -0.002240551181102362   0.0006940944881889765   -0.00235   0.0008744094488188976   -0.002464173228346457   0.0010929133858267716   -0.0025874015748031495   0.0013586614173228346   -0.002716929133858268   0.0016881889763779529   -0.002850787401574803   0.0021051181102362203   -0.002984251968503937   0.0026405511811023624   -0.0031122047244094486   0.003340944881889764   -0.0032251968503937004   0.004279527559055118   -0.003305511811023622   0.005570866141732283   -0.003312204724409449   0.0074251968503937   -0.003158267716535433   0.010236220472440945   -0.0026433070866141734   0.014846456692913386   -0.0012062992125984253   0.0233503937007874   0.0030688976377952755   0.04259842519685039   0.019980314960629922   0.11070866141732284   0.18027559055118111   1.0   0.8574803149606299   0.29874015748031496   0.4216535433070866   0.31003937007874016   0.3831496062992126   0.33641732283464565   0.6937007874015748   0.676771653543307   -0.11688976377952755   -0.21515748031496063   -0.18480314960629923   -0.20874015748031496   -0.1888976377952756   -0.1375984251968504   -0.1283464566929134   -0.14814960629921262   -0.16169291338582678   -0.14551181102362204   -0.12031496062992127   -0.17720472440944882   -0.11846456692913386   -0.05724409448818897   -0.024464566929133857   -0.058582677165354334   -0.039685039370078744   -0.013133858267716536   -0.05433070866141732   -0.03562992125984252   -0.054133858267716536   -0.003459448818897638   -0.007192913385826772   0.055984251968503936   0.0447244094488189   -0.026090551181102362   -0.04858267716535433   -0.05405511811023622   
T_sec   15.0   15.5   16.0   16.5   17.0   17.5   18.0   18.5   19.0   19.5   20.0   20.5   21.0   21.5   22.0   22.5   23.0   23.5   24.0   24.5   25.0   25.5   26.0   26.5   27.0   27.5   28.0   28.5   29.0   29.5   30.0   30.5   31.0   31.5   32.0   32.5   33.0   33.5   34.0   34.5   35.0   35.5   36.0   36.5   37.0   37.5   38.0   38.5   39.0   39.5   40.0   40.5   41.0   41.5   42.0   42.5   43.0   43.5   44.0   44.5   45.0   45.5   46.0   46.5   47.0   47.5   48.0   48.5   49.0   49.5   50.0   50.5   51.0   51.5   52.0   52.5   53.0   53.5   54.0   54.5   55.0   
U23   -0.003315706393054459   0.0014715864246250985   -0.0034932912391475927   0.0016053670086819257   -0.003682715074980268   0.0017596685082872927   -0.00388516179952644   0.0019372533543804262   -0.004108129439621152   0.0021404893449092346   -0.004344909234411997   0.002378453038674033   -0.004605367008681925   0.002661010260457774   -0.004881610102604577   0.0029976322020520913   -0.005181531176006313   0.0034013417521704813   -0.005509076558800315   0.003891081294396211   -0.005868192580899763   0.004490923441199684   -0.006262825572217838   0.005240726124704025   -0.006692975532754538   0.006191791633780584   -0.007162588792423046   0.007423046566692975   -0.007671665351223362   0.009072612470402525   -0.008200473559589581   0.011369376479873718   -0.008713496448303078   0.014731649565903709   -0.009072612470402525   0.02005130228887135   -0.008859510655090766   0.029494869771112864   -0.006471981057616416   0.050078926598263615   0.00686266771902131   0.11985003946329913   0.152052091554854   1.0   0.8322809786898184   0.2420678768745067   0.36945540647198105   0.2801894238358327   0.2995659037095501   0.2741910023677979   0.3383583267561168   0.5213101815311759   0.4676400947119179   -0.08350434096290449   -0.1228887134964483   -0.197947908445146   -0.15655090765588003   -0.15213101815311758   -0.10655090765588003   -0.1323204419889503   -0.1563930544593528   -0.17142857142857143   -0.08950276243093921   -0.18867403314917125   -0.13599052880820836   -0.0824782951854775   -0.0649171270718232   -0.055051302288871354   -0.011203630623520127   -0.03189818468823993   -0.011168113654301499   -0.0845698500394633   -0.07584846093133386   -0.003208366219415943   0.013591160220994474   0.049565903709550115   0.0670481452249408   -0.020177584846093135   -0.0057063930544593525   -0.04834254143646409   -0.0026408839779005523   
T_sec   15.0   15.5   16.0   16.5   17.0   17.5   18.0   18.5   19.0   19.5   20.0   20.5   21.0   21.5   22.0   22.5   23.0   23.5   24.0   24.5   25.0   25.5   26.0   26.5   27.0   27.5   28.0   28.5   29.0   29.5   30.0   30.5   31.0   31.5   32.0   32.5   33.0   33.5   34.0   34.5   35.0   35.5   36.0   36.5   37.0   37.5   38.0   38.5   39.0   39.5   40.0   40.5   41.0   41.5   42.0   42.5   43.0   43.5   44.0   44.5   45.0   45.5   46.0   46.5   47.0   47.5   48.0   48.5   49.0   49.5   50.0   50.5   51.0   51.5   52.0   52.5   53.0   53.5   54.0   54.5   55.0   
U24   0.00042641209228321404   -0.0029474940334128876   0.0004992044550517105   -0.003113365155131265   0.000588703261734288   -0.003289578361177406   0.0006980906921241049   -0.0034777247414478915   0.0008313444709626094   -0.0036778042959427206   0.0009952267303102624   -0.0038914081145584724   0.0011957040572792362   -0.004120922832140016   0.0014407319013524263   -0.004371519490851234   0.0017442322991249007   -0.0046420047732696895   0.002122513922036595   -0.004932378679395386   0.002600238663484487   -0.005250596658711217   0.0032120127287191724   -0.005596658711217183   0.004005568814638027   -0.0059665871121718375   0.0050676213206046145   -0.006364359586316627   0.006519490851233095   -0.00677406523468576   0.008579952267303102   -0.007155926809864757   0.011670644391408115   -0.007382657120127287   0.016654733492442324   -0.007068416865552904   0.02571201272871917   -0.004685759745425617   0.045863166268894195   0.008273667462211615   0.11543357199681781   0.15087509944311853   1.0   0.8237867939538585   0.1739459029435163   0.350835322195704   0.23027048528241845   0.27939538583929996   0.2013126491646778   0.28400954653937943   0.2284805091487669   0.43675417661097854   0.31519490851233095   -0.028007159904534607   -0.13806682577565635   -0.14180588703261732   -0.12291169451073986   -0.11404136833731106   -0.1118933969769292   -0.14447096260938744   -0.17064439140811455   -0.09868735083532221   -0.1692521877486078   -0.14443118536197294   -0.08468575974542562   -0.07108194112967382   -0.08969769291964996   -0.04590294351630867   -0.02720763723150358   -0.00986873508353222   -0.05131264916467781   -0.11475735879077169   -0.011308671439936357   0.015091487669053301   0.06332537788385044   0.059029435163086716   -0.000756563245823389   -0.0012756563245823389   -0.013058870326173429   -0.0063484486873508356   -0.003221957040572792   
T_sec   15.0   15.5   16.0   16.5   17.0   17.5   18.0   18.5   19.0   19.5   20.0   20.5   21.0   21.5   22.0   22.5   23.0   23.5   24.0   24.5   25.0   25.5   26.0   26.5   27.0   27.5   28.0   28.5   29.0   29.5   30.0   30.5   31.0   31.5   32.0   32.5   33.0   33.5   34.0   34.5   35.0   35.5   36.0   36.5   37.0   37.5   38.0   38.5   39.0   39.5   40.0   40.5   41.0   41.5   42.0   42.5   43.0   43.5   44.0   44.5   45.0   45.5   46.0   46.5   47.0   47.5   48.0   48.5   49.0   49.5   50.0   50.5   51.0   51.5   52.0   52.5   53.0   53.5   54.0   54.5   55.0   
U25   -0.0037393011385944246   0.0007506870828425598   -0.003949744797801335   0.0008578720062819003   -0.004169611307420495   0.0009874361994503338   -0.004409108755398508   0.001143305850019631   -0.004660384766391834   0.001330977620730271   -0.004935217903415784   0.001558303886925795   -0.005229681978798586   0.0018366705928543384   -0.005551629367883784   0.002178641539065567   -0.005893207695327837   0.0026014919513152727   -0.006270121711817825   0.003129564193168433   -0.00668629760502552   0.0037974087161366313   -0.0071378091872791516   0.004656458578720063   -0.007640361209265803   0.005783274440518256   -0.008190027483313702   0.007310561444837063   -0.00877895563407931   0.00945425991362387   -0.009379662347860227   0.012630545740086376   -0.009882214369846879   0.017695327836670594   -0.009921476246564587   0.026788378484491556   -0.008025127601099332   0.04683941892422457   0.0042991755005889285   0.11590106007067137   0.1485669414998037   1.0   0.7762073027090695   0.12654102866117   0.310051040439733   0.20310168826069885   0.23737730663525716   0.17471535139379663   0.22485276796230858   0.16317235963879073   0.20899096976835493   0.34146054181389873   0.23258735767569688   -0.06592069100903022   -0.08468786808009422   -0.1017275225755791   -0.08751472320376914   -0.111660777385159   -0.12292893600314095   -0.15818610129564192   -0.0917157440125638   -0.17200628190027484   -0.12508833922261484   -0.08590498625834314   -0.06776599921476247   -0.0855908912446015   -0.04986258343148803   -0.07612877895563407   -0.048684727129956806   -0.03705143305850019   -0.08641539065567333   -0.03177856301531213   0.014542599136238711   0.06560659599528856   0.05826462504907735   -0.0055869650569297215   0.014440518256772674   -0.006427169218688653   0.019842952493129173   -0.010793089909697684   -0.004063604240282685   
T_sec   15.0   15.5   16.0   16.5   17.0   17.5   18.0   18.5   19.0   19.5   20.0   20.5   21.0   21.5   22.0   22.5   23.0   23.5   24.0   24.5   25.0   25.5   26.0   26.5   27.0   27.5   28.0   28.5   29.0   29.5   30.0   30.5   31.0   31.5   32.0   32.5   33.0   33.5   34.0   34.5   35.0   35.5   36.0   36.5   37.0   37.5   38.0   38.5   39.0   39.5   40.0   40.5   41.0   41.5   42.0   42.5   43.0   43.5   44.0   44.5   45.0   45.5   46.0   46.5   47.0   47.5   48.0   48.5   49.0   49.5   50.0   50.5   51.0   51.5   52.0   52.5   53.0   53.5   54.0   54.5   55.0   
U26   2.6901353965183755e-05   -0.0037261121856866537   9.423597678916829e-05   -0.003926499032882011   0.0001827852998065764   -0.00413926499032882   0.00029477756286266926   -0.004363636363636364   0.00043520309477756286   -0.0046073500967118   0.0006112185686653772   -0.00486266924564797   0.0008297872340425531   -0.005141199226305609   0.0011044487427466151   -0.00544294003868472   0.001448742746615087   -0.0057678916827852995   0.0018866537717601548   -0.006123791102514507   0.0024506769825918765   -0.006506769825918762   0.0031880077369439075   -0.006920696324951644   0.004174081237911025   -0.007369439071566731   0.005520309477756287   -0.007833655705996131   0.007439071566731141   -0.00827852998065764   0.010313346228239845   -0.008580270793036752   0.014963249516441006   -0.008328820116054158   0.023427466150870407   -0.0059381044487427466   0.04239845261121857   0.007644100580270793   0.1097872340425532   0.16367504835589944   1.0   0.7226305609284333   0.08336557059961315   0.2764796905222437   0.17357833655705998   0.21044487427466152   0.14553191489361703   0.19736943907156673   0.1181431334622824   0.14410058027079303   0.18123791102514508   0.28382978723404256   0.10034816247582205   -0.026158607350096712   -0.05454545454545455   -0.06603481624758221   -0.0906769825918762   -0.11829787234042555   -0.13705996131528048   -0.08011605415860734   -0.16688588007736943   -0.12015473887814314   -0.07009671179883946   -0.06893617021276596   -0.08058027079303676   -0.042901353965183756   -0.06166344294003869   -0.07319148936170214   -0.11659574468085107   -0.08413926499032882   -0.0005551257253384913   0.007852998065764023   0.06781431334622824   0.05288201160541586   -0.0031396518375241783   0.008646034816247582   0.006669245647969052   0.0282321083172147   0.007025145067698259   -0.01432882011605416   0.0014054158607350099   
T_sec   15.0   15.5   16.0   16.5   17.0   17.5   18.0   18.5   19.0   19.5   20.0   20.5   21.0   21.5   22.0   22.5   23.0   23.5   24.0   24.5   25.0   25.5   26.0   26.5   27.0   27.5   28.0   28.5   29.0   29.5   30.0   30.5   31.0   31.5   32.0   32.5   33.0   33.5   34.0   34.5   35.0   35.5   36.0   36.5   37.0   37.5   38.0   38.5   39.0   39.5   40.0   40.5   41.0   41.5   42.0   42.5   43.0   43.5   44.0   44.5   45.0   45.5   46.0   46.5   47.0   47.5   48.0   48.5   49.0   49.5   50.0   50.5   51.0   51.5   52.0   52.5   53.0   53.5   54.0   54.5   55.0   
U27   -0.0036660355925785685   -0.0003195380537675123   -0.003854600530102234   -0.00025323741007194246   -0.004051495645588792   -0.00016607345702385459   -0.004263536539189701   -5.5887921241953804e-05   -0.0044869367663763725   8.534645967436577e-05   -0.004725482771677394   0.0002656948125709958   -0.004979174555092768   0.0004956455887921243   -0.005248012116622491   0.00078833775085195   -0.005535781900795153   0.0011635744036349869   -0.005846270352139341   0.0016501325255585005   -0.006175691026126467   0.002291177584248391   -0.006520257478227944   0.003152215070049224   -0.006876183263915183   0.004339265429761454   -0.00722074971601666   0.0060431654676258995   -0.007493373722074971   0.008617947747065506   -0.007531238167360848   0.012809541840212041   -0.006861037485800832   0.020530102234002274   -0.003661870503597122   0.03816736084816358   0.012196137826580841   0.10325634229458538   0.18917076864823928   1.0   0.6501325255585005   0.053881105641802346   0.23646346081029912   0.15327527451722833   0.18042408178720182   0.12813328284740627   0.16906474820143885   0.09458538432411964   0.10863309352517986   0.1221128360469519   0.17194244604316547   0.15766755017039   0.07879591063990914   -0.005001893222264293   -0.031749337372207496   -0.06789095039757667   -0.10416508898144643   -0.1221128360469519   -0.06611132146914046   -0.15384324119651646   -0.11249526694433926   -0.06035592578568724   -0.06088602801968951   -0.07675123059447178   -0.03949261643316925   -0.05187429004165089   -0.05887921241953805   -0.10689132904202953   -0.1568345323741007   -0.03953048087845513   0.039151836425596366   0.0678530859522908   0.0491101855357819   -6.0886028019689506e-06   0.009424460431654675   0.005403256342294585   0.03422567209390382   0.016520257478227943   -0.0025263157894736842   -0.007553956834532374   0.013460810299129117   
T_sec   15.0   15.5   16.0   16.5   17.0   17.5   18.0   18.5   19.0   19.5   20.0   20.5   21.0   21.5   22.0   22.5   23.0   23.5   24.0   24.5   25.0   25.5   26.0   26.5   27.0   27.5   28.0   28.5   29.0   29.5   30.0   30.5   31.0   31.5   32.0   32.5   33.0   33.5   34.0   34.5   35.0   35.5   36.0   36.5   37.0   37.5   38.0   38.5   39.0   39.5   40.0   40.5   41.0   41.5   42.0   42.5   43.0   43.5   44.0   44.5   45.0   45.5   46.0   46.5   47.0   47.5   48.0   48.5   49.0   49.5   50.0   50.5   51.0   51.5   52.0   52.5   53.0   53.5   54.0   54.5   55.0   
U28   -0.0010037133308577796   -0.0033111771258819162   -0.0009792053471964351   -0.003468993687337542   -0.0009409580393613072   -0.0036346082435945045   -0.0008822874118083922   -0.003806164129223914   -0.0008005941329372448   -0.003984404010397327   -0.0006884515410323061   -0.004173783884144078   -0.0005380616412922392   -0.004366877088748608   -0.00033772744151503906   -0.0045673969550686965   -6.921648718900855e-05   -0.004771630152246566   0.0002911251392499072   -0.004972150018566655   0.0007801708132194579   -0.005157816561455626   0.0014511696992202006   -0.005317489788340142   0.0023962124025250654   -0.005410323059784628   0.003776457482361679   -0.005347196435202377   0.005900482733011512   -0.004905310063126625   0.009439287040475308   -0.0034764203490531007   0.016119569253620496   0.0011269959153360565   0.031942072038618645   0.020761232825844782   0.09446713702190866   0.23134051243965842   1.0   0.5692536204975864   0.03392127738581508   0.19654660230226514   0.13821017452655032   0.15376903082064614   0.11570738952840699   0.1453769030820646   0.07772001485332344   0.08659487560341628   0.09918306721128853   0.1130709246193836   0.09164500556999629   0.12944671370219088   0.06450055699962867   0.004578536947642035   -0.0403267731154846   -0.08737467508354996   -0.10215373189751208   -0.05792796138135908   -0.13924990716672858   -0.09799480133679912   -0.05284069810620127   -0.05388043074637951   -0.06903082064611958   -0.036219829186780544   -0.048161901225399185   -0.05038989974006684   -0.0981433345711103   -0.12766431489045676   -0.06851095432603047   -0.03294467137021909   0.06743408837727442   0.05128109914593391   0.00863720757519495   0.011652432231711847   0.011559598960267361   0.03358707760861493   0.018559227627181582   0.004010397326401782   0.004277757148161901   0.004110657259561828   -0.004355737096175269   
T_sec   15.0   15.5   16.0   16.5   17.0   17.5   18.0   18.5   19.0   19.5   20.0   20.5   21.0   21.5   22.0   22.5   23.0   23.5   24.0   24.5   25.0   25.5   26.0   26.5   27.0   27.5   28.0   28.5   29.0   29.5   30.0   30.5   31.0   31.5   32.0   32.5   33.0   33.5   34.0   34.5   35.0   35.5   36.0   36.5   37.0   37.5   38.0   38.5   39.0   39.5   40.0   40.5   41.0   41.5   42.0   42.5   43.0   43.5   44.0   44.5   45.0   45.5   46.0   46.5   47.0   47.5   48.0   48.5   49.0   49.5   50.0   50.5   51.0   51.5   52.0   52.5   53.0   53.5   54.0   54.5   55.0   
U29   -0.0025262385321100913   -0.0017467889908256878   -0.0026278899082568803   -0.001761834862385321   -0.002730275229357798   -0.0017640366972477063   -0.0028315596330275227   -0.0017504587155963301   -0.002930642201834862   -0.0017163302752293576   -0.0030245871559633026   -0.001653577981651376   -0.003110825688073394   -0.0015555963302752293   -0.0031860550458715593   -0.0014106422018348623   -0.0032436697247706417   -0.0011996330275229356   -0.003271192660550458   -0.0008939449541284402   -0.0032477064220183486   -0.00044917431192660547   -0.0031420183486238528   0.0002035229357798165   -0.0028924770642201835   0.0011955963302752294   -0.002368807339449541   0.0027812844036697246   -0.0012777981651376146   0.005530275229357798   0.0011809174311926604   0.010983486238532108   0.007724770642201834   0.024748623853211006   0.032686238532110085   0.08543119266055045   0.29328440366972475   1.0   0.48440366972477056   0.02292110091743119   0.1571743119266055   0.12888073394495414   0.12990825688073393   0.10829357798165136   0.12462385321100916   0.06546788990825687   0.0721834862385321   0.08631192660550457   0.08741284403669723   0.0476697247706422   0.0918532110091743   0.10833027522935779   0.04759633027522935   -0.010899082568807337   -0.0702018348623853   -0.0776880733944954   -0.05093577981651375   -0.12660550458715597   -0.08212844036697246   -0.04161467889908256   -0.04939449541284403   -0.06033027522935779   -0.03128440366972477   -0.04535779816513761   -0.046862385321100916   -0.09618348623853211   -0.10961467889908257   -0.046348623853211   -0.014422018348623852   -0.006242201834862385   -0.00710091743119266   0.02708990825688073   0.018411009174311925   0.024029357798165136   0.03623853211009174   0.023310091743119266   0.002338348623853211   0.011658715596330275   0.01026788990825688   -0.0072256880733944946   -0.005519266055045872   
T_sec   15.0   15.5   16.0   16.5   17.0   17.5   18.0   18.5   19.0   19.5   20.0   20.5   21.0   21.5   22.0   22.5   23.0   23.5   24.0   24.5   25.0   25.5   26.0   26.5   27.0   27.5   28.0   28.5   29.0   29.5   30.0   30.5   31.0   31.5   32.0   32.5   33.0   33.5   34.0   34.5   35.0   35.5   36.0   36.5   37.0   37.5   38.0   38.5   39.0   39.5   40.0   40.5   41.0   41.5   42.0   42.5   43.0   43.5   44.0   44.5   45.0   45.5   46.0   46.5   47.0   47.5   48.0   48.5   49.0   49.5   50.0   50.5   51.0   51.5   52.0   52.5   53.0   53.5   54.0   54.5   55.0   
U30   -0.0022960235640648013   -0.0017547864506627395   -0.0023534609720176733   -0.0017860824742268041   -0.0024057437407952876   -0.0018085419734904273   -0.0024502945508100148   -0.0018188512518409426   -0.002484904270986745   -0.0018125920471281298   -0.0025040500736377026   -0.0017816642120765834   -0.0025011045655375557   -0.0017205449189985275   -0.002472017673048601   -0.0016181885125184097   -0.002405375552282769   -0.0014580265095729015   -0.0022831369661266573   -0.001205817378497791   -0.00207179675994109   -0.0008111192930780561   -0.0017194403534609721   -0.0001822533136966127   -0.0011288659793814433   0.0008604565537555229   -9.889543446244479e-05   0.00271539027982327   0.0018449926362297498   0.006413843888070692   0.006053019145802651   0.015368188512518411   0.017853460972017676   0.047275405007363776   0.07923416789396172   0.380338733431517   1.0   0.398379970544919   0.02014359351988218   0.11863033873343153   0.12603092783505154   0.10821060382916053   0.10684830633284242   0.104860088365243   0.058946980854197355   0.06049337260677467   0.0819955817378498   0.06800441826215023   0.03389175257731959   0.05618556701030929   0.09333578792341679   0.07794550810014729   0.01991531664212077   -0.052540500736377026   -0.051988217967599414   -0.04429307805596466   -0.11343888070692194   -0.06804123711340207   -0.02896539027982327   -0.04414580265095729   -0.05195139911634757   -0.027187039764359353   -0.04009572901325479   -0.04745949926362298   -0.09646539027982327   -0.09849042709867453   -0.02905743740795287   0.006163475699558174   0.014565537555228276   -0.04414580265095729   -0.0577319587628866   0.012566273932253314   0.04473490427098675   0.04690721649484537   0.029396170839469812   0.008402061855670103   0.015563328424153167   0.011763622974963183   -0.002062223858615611   -0.005758468335787924   -0.0020913107511045656   
T_sec   15.0   15.5   16.0   16.5   17.0   17.5   18.0   18.5   19.0   19.5   20.0   20.5   21.0   21.5   22.0   22.5   23.0   23.5   24.0   24.5   25.0   25.5   26.0   26.5   27.0   27.5   28.0   28.5   29.0   29.5   30.0   30.5   31.0   31.5   32.0   32.5   33.0   33.5   34.0   34.5   35.0   35.5   36.0   36.5   37.0   37.5   38.0   38.5   39.0   39.5   40.0   40.5   41.0   41.5   42.0   42.5   43.0   43.5   44.0   44.5   45.0   45.5   46.0   46.5   47.0   47.5   48.0   48.5   49.0   49.5   50.0   50.5   51.0   51.5   52.0   52.5   53.0   53.5   54.0   54.5   55.0   
U31   -0.0006361911987860394   -0.00287443095599393   -0.0005830804248861912   -0.0029745827010622156   -0.000511380880121396   -0.0030781487101669194   -0.0004203338391502276   -0.003183990895295903   -0.00029855842185128983   -0.0032879362670713203   -0.00013782245827010623   -0.003389226100151745   7.389984825493171e-05   -0.0034844461305007586   0.00035515933232169953   -0.0035682852807283763   0.0007317905918057664   -0.0036320182094081942   0.0012488619119878604   -0.003654779969650986   0.001979135053110774   -0.0036035660091047043   0.0030474203338391502   -0.0034108497723823977   0.004696509863429438   -0.0029245068285280724   0.00744309559939302   -0.0017515174506828528   0.012606221547799695   0.0013300455235204854   0.024476479514415783   0.011726100151745068   0.06532625189681335   0.07993171471927163   0.5034142640364188   1.0   0.31790591805766316   0.022693474962063732   0.08327010622154779   0.1281487101669196   0.09123672230652503   0.109597875569044   0.0881638846737481   0.05565250379362671   0.05371775417298938   0.08095599393019726   0.05440060698027314   0.027587253414264035   0.04362670713201821   0.07094081942336873   0.06995447647951442   0.04393019726858877   -0.035500758725341426   -0.024503034901365704   -0.0409711684370258   -0.09859635811836116   -0.05455235204855842   -0.016995447647951443   -0.038846737481031866   -0.04218512898330804   -0.024844461305007587   -0.03383156297420334   -0.04954476479514416   -0.10003793626707132   -0.0889226100151745   -0.01494309559939302   0.024635811836115327   0.019309559939301973   -0.032450682852807285   -0.04601669195751138   -0.07139605462822458   0.0030614567526555387   0.06764036418816388   0.04222306525037936   0.018694992412746584   0.025823216995447647   0.01716236722306525   -0.00019419575113808801   -0.004150227617602428   0.0011638846737481033   0.0006270864946889226   
T_sec   15.0   15.5   16.0   16.5   17.0   17.5   18.0   18.5   19.0   19.5   20.0   20.5   21.0   21.5   22.0   22.5   23.0   23.5   24.0   24.5   25.0   25.5   26.0   26.5   27.0   27.5   28.0   28.5   29.0   29.5   30.0   30.5   31.0   31.5   32.0   32.5   33.0   33.5   34.0   34.5   35.0   35.5   36.0   36.5   37.0   37.5   38.0   38.5   39.0   39.5   40.0   40.5   41.0   41.5   42.0   42.5   43.0   43.5   44.0   44.5   45.0   45.5   46.0   46.5   47.0   47.5   48.0   48.5   49.0   49.5   50.0   50.5   51.0   51.5   52.0   52.5   53.0   53.5   54.0   54.5   55.0   
U32   -0.0031089430894308944   0.0007219512195121952   -0.0032500000000000003   0.000883739837398374   -0.0034000000000000002   0.0010796747967479674   -0.0035601626016260163   0.0013178861788617885   -0.003731707317073171   0.0016109756097560976   -0.003913414634146342   0.0019776422764227644   -0.004105691056910569   0.002441869918699187   -0.004308943089430894   0.0030394308943089434   -0.004520325203252033   0.0038272357723577234   -0.004727642276422764   0.004902439024390244   -0.0049146341463414634   0.006422764227642276   -0.005032520325203252   0.008695121951219511   -0.004959349593495935   0.012386178861788619   -0.00432520325203252   0.01914227642276423   -0.001876829268292683   0.034333333333333334   0.00866260162601626   0.08646341463414635   0.09756097560975609   0.6788617886178862   1.0   0.24772357723577237   0.02853658536585366   0.05105691056910569   0.13528455284552846   0.07979674796747968   0.11707317073170731   0.07414634146341463   0.05621951219512195   0.05121951219512195   0.08373983739837398   0.04333333333333333   0.026772357723577236   0.03940650406504065   0.06463414634146342   0.05101626016260163   0.041300813008130086   -0.020191056910569105   0.0024894308943089432   -0.0396260162601626   -0.08430894308943089   -0.039069105691056906   -0.006150406504065041   -0.03346341463414634   -0.031800813008130084   -0.02215447154471545   -0.02881707317073171   -0.053699186991869916   -0.10670731707317074   -0.07914634146341465   -0.00025158536585365854   0.04211382113821138   0.0180609756097561   -0.028211382113821137   -0.03391463414634146   -0.049552845528455285   -0.03473170731707317   -0.014365853658536586   0.04414634146341464   0.03986991869918699   0.042195121951219515   0.026947154471544714   0.009695121951219512   -0.00043983739837398375   0.002664227642276423   0.0038682926829268294   0.009719512195121951   
T_sec   15.0   15.5   16.0   16.5   17.0   17.5   18.0   18.5   19.0   19.5   20.0   20.5   21.0   21.5   22.0   22.5   23.0   23.5   24.0   24.5   25.0   25.5   26.0   26.5   27.0   27.5   28.0   28.5   29.0   29.5   30.0   30.5   31.0   31.5   32.0   32.5   33.0   33.5   34.0   34.5   35.0   35.5   36.0   36.5   37.0   37.5   38.0   38.5   39.0   39.5   40.0   40.5   41.0   41.5   42.0   42.5   43.0   43.5   44.0   44.5   45.0   45.5   46.0   46.5   47.0   47.5   48.0   48.5   49.0   49.5   50.0   50.5   51.0   51.5   52.0   52.5   53.0   53.5   54.0   54.5   55.0   
U33   0.0019829335793357934   -0.0029266605166051664   0.002227859778597786   -0.0030876383763837638   0.0025166051660516606   -0.0032629151291512916   0.002858394833948339   -0.0034552583025830256   0.0032716789667896675   -0.003662361623616236   0.003776752767527675   -0.00388929889298893   0.004402675276752767   -0.004136531365313653   0.005193726937269372   -0.004402214022140222   0.0062223247232472325   -0.004681734317343173   0.007596863468634686   -0.004963099630996309   0.009511070110701106   -0.00518450184501845   0.012352398523985241   -0.005198339483394834   0.016918819188191884   -0.004556734317343173   0.02524907749077491   -0.0015761070110701105   0.044063653136531364   0.012712177121771218   0.11079335793357935   0.15359778597785975   0.937269372693727   1.0   0.19506457564575647   0.0339760147601476   0.02264760147601476   0.14750922509225092   0.07739852398523986   0.1294280442804428   0.06402214022140221   0.06074723247232472   0.05511992619926199   0.08962177121771217   0.035189114391143916   0.029621771217712176   0.04179889298892989   0.06605166051660516   0.04361623616236163   0.02201568265682657   -0.01857011070110701   0.028357933579335793   -0.04284132841328413   -0.06840405904059041   -0.022273985239852398   0.0057380073800738   -0.028150369003690036   -0.020239852398523987   -0.01970940959409594   -0.023653136531365315   -0.06462177121771218   -0.11623616236162361   -0.06854243542435424   0.020106088560885606   0.05830258302583025   0.014211254612546124   -0.024884686346863468   -0.030161439114391144   -0.039538745387453875   -0.010272140221402215   -0.015562730627306273   -0.04475092250922509   0.0013224169741697417   0.07264760147601476   0.043763837638376386   0.025493542435424354   0.011074723247232472   0.013809963099630996   0.005590405904059041   0.01264760147601476   0.006245387453874539   
T_sec   15.0   15.5   16.0   16.5   17.0   17.5   18.0   18.5   19.0   19.5   20.0   20.5   21.0   21.5   22.0   22.5   23.0   23.5   24.0   24.5   25.0   25.5   26.0   26.5   27.0   27.5   28.0   28.5   29.0   29.5   30.0   30.5   31.0   31.5   32.0   32.5   33.0   33.5   34.0   34.5   35.0   35.5   36.0   36.5   37.0   37.5   38.0   38.5   39.0   39.5   40.0   40.5   41.0   41.5   42.0   42.5   43.0   43.5   44.0   44.5   45.0   45.5   46.0   46.5   47.0   47.5   48.0   48.5   49.0   49.5   50.0   50.5   51.0   51.5   52.0   52.5   53.0   53.5   54.0   54.5   55.0   
U34   -0.0010479830148619957   0.0024441613588110406   -0.001115923566878981   0.0027014861995753713   -0.0011898089171974522   0.003004246284501061   -0.001270063694267516   0.003357112526539278   -0.001367303609341826   0.003780467091295117   -0.001464968152866242   0.004305732484076433   -0.0015630573248407642   0.004968152866242037   -0.0016552016985138004   0.005821656050955414   -0.0017235668789808917   0.006968152866242038   -0.0017320594479830148   0.008573248407643312   -0.0015940552016985136   0.010968152866242038   -0.0010959660297239916   0.014853503184713377   0.00037341825902335456   0.022072186836518046   0.005014861995753715   0.03896815286624204   0.02459872611464968   0.10437367303609342   0.22454352441613587   1.0   0.7490445859872611   0.12802547770700637   0.024505307855626327   -0.0013503184713375797   0.1243312101910828   0.06781316348195329   0.11023354564755838   0.044968152866242034   0.05290870488322717   0.051932059447983014   0.07392781316348196   0.02297664543524416   0.02765180467091295   0.03900212314225053   0.05481953290870488   0.03362208067940552   0.0006942675159235668   -0.019579617834394904   0.03230148619957537   -0.0395031847133758   -0.03691295116772824   -0.00059447983014862   0.014343949044585988   -0.015295116772823778   -0.005341825902335457   -0.012942675159235669   -0.013910828025477707   -0.0653927813163482   -0.09876857749469214   -0.04008067940552017   0.03864968152866242   0.05554140127388535   0.007515923566878981   -0.01752016985138004   -0.02127813163481953   -0.026955414012738856   0.006505307855626327   -0.00027138004246284503   -0.024670912951167728   -0.04021231422505308   -0.010628450106157112   0.043057324840764334   0.040687898089171975   0.025295116772823777   0.024067940552016984   0.017452229299363055   0.011095541401273884   0.002754564755838641   0.011252653927813163   
T_sec   15.0   15.5   16.0   16.5   17.0   17.5   18.0   18.5   19.0   19.5   20.0   20.5   21.0   21.5   22.0   22.5   23.0   23.5   24.0   24.5   25.0   25.5   26.0   26.5   27.0   27.5   28.0   28.5   29.0   29.5   30.0   30.5   31.0   31.5   32.0   32.5   33.0   33.5   34.0   34.5   35.0   35.5   36.0   36.5   37.0   37.5   38.0   38.5   39.0   39.5   40.0   40.5   41.0   41.5   42.0   42.5   43.0   43.5   44.0   44.5   45.0   45.5   46.0   46.5   47.0   47.5   48.0   48.5   49.0   49.5   50.0   50.5   51.0   51.5   52.0   52.5   53.0   53.5   54.0   54.5   55.0   
U35   0.0019337514700117602   0.001222265778126225   0.00208937671501372   0.0012943943551548414   0.0022689141513132106   0.0013790670325362602   0.002479811838494708   0.0014825558604468836   0.00273343786750294   0.0016138769110152881   0.0030470403763230105   0.0017883183065464524   0.0034441395531164248   0.0020258722069776557   0.003959231673853391   0.002365346922775382   0.0046609172873382995   0.0028816150529204234   0.005664445315562525   0.0037255978047824384   0.007205017640141122   0.005241081928655429   0.00981967855742846   0.008333986671893376   0.015001960015680127   0.016103488827910625   0.028388867110936886   0.04468835750686006   0.09102312818502549   0.3380635045080361   1.0   0.5049000392003137   0.09894159153273226   0.006005488043904351   -0.011105448843590748   0.09772638181105449   0.06824774598196785   0.08612308898471187   0.034629557036456295   0.0448843590748726   0.05233241865934928   0.05558604468835751   0.016860054880439044   0.02573108584868679   0.03870638965111721   0.04394355154841239   0.02716581732653861   -0.014943159545276363   -0.012018816150529205   0.018463347706781656   -0.03927871422971384   -0.011787534300274403   0.016562132497059977   0.017655821246569975   -0.0018490787926303412   0.003886711093688749   -0.005797726381811055   -0.009172873382987064   -0.06569972559780478   -0.0804782438259506   -0.011438651509212075   0.05096040768326147   0.04766758134065073   0.0029117992943943553   -0.011164249313994514   -0.016424931399451195   -0.014570756566052528   0.013520188161505292   0.0064092512740101925   -0.014018032144257155   -0.016127009016072127   -0.01607996863974912   -0.03348490787926303   0.007781262250098   0.042885143081144654   0.030321442571540572   0.024159153273226187   0.013480987847902783   0.011634653077224617   0.010074480595844768   -0.008827910623284987   
T_sec   15.0   15.5   16.0   16.5   17.0   17.5   18.0   18.5   19.0   19.5   20.0   20.5   21.0   21.5   22.0   22.5   23.0   23.5   24.0   24.5   25.0   25.5   26.0   26.5   27.0   27.5   28.0   28.5   29.0   29.5   30.0   30.5   31.0   31.5   32.0   32.5   33.0   33.5   34.0   34.5   35.0   35.5   36.0   36.5   37.0   37.5   38.0   38.5   39.0   39.5   40.0   40.5   41.0   41.5   42.0   42.5   43.0   43.5   44.0   44.5   45.0   45.5   46.0   46.5   47.0   47.5   48.0   48.5   49.0   49.5   50.0   50.5   51.0   51.5   52.0   52.5   53.0   53.5   54.0   54.5   55.0   
U36   0.003574653465346535   0.001295049504950495   0.003820990099009901   0.001342970297029703   0.004106930693069308   0.001396831683168317   0.004443564356435644   0.001459009900990099   0.004847524752475248   0.001537029702970297   0.005350495049504951   0.0016400000000000002   0.0059920792079207925   0.0017833663366336634   0.006843564356435643   0.0020031683168316833   0.008031683168316832   0.002369108910891089   0.009805940594059405   0.003032871287128713   0.012704950495049506   0.004403960396039604   0.018083168316831683   0.007722772277227723   0.03040792079207921   0.018613861386138613   0.07306930693069308   0.09057425742574257   0.5306930693069306   1.0   0.3242772277227723   0.10011881188118811   -0.01750891089108911   -0.014063366336633664   0.07821782178217822   0.08015841584158416   0.06455445544554456   0.033762376237623765   0.040712871287128714   0.05821782178217822   0.03927920792079208   0.016954455445544553   0.02603960396039604   0.042217821782178214   0.03676435643564357   0.022586138613861387   -0.028364356435643563   0.0012293069306930694   -0.0009778217821782178   -0.042693069306930696   0.005544554455445544   0.030372277227722774   0.018633663366336636   0.01241980198019802   0.008605940594059405   0.0016641584158415843   -0.010914851485148515   -0.07029702970297029   -0.06566336633663367   0.017481188118811882   0.059366336633663364   0.04118811881188119   0.0009564356435643565   -0.00700990099009901   -0.014506930693069308   -0.003796831683168317   0.01763960396039604   0.008895049504950495   -0.010071287128712872   -0.001297821782178218   -0.008827722772277228   -0.02274059405940594   -0.044118811881188116   -0.019457425742574256   0.03582574257425743   0.04035643564356436   0.023904950495049506   0.02472871287128713   0.016253465346534653   -0.0077069306930693075   -0.02510891089108911   
T_sec   15.0   15.5   16.0   16.5   17.0   17.5   18.0   18.5   19.0   19.5   20.0   20.5   21.0   21.5   22.0   22.5   23.0   23.5   24.0   24.5   25.0   25.5   26.0   26.5   27.0   27.5   28.0   28.5   29.0   29.5   30.0   30.5   31.0   31.5   32.0   32.5   33.0   33.5   34.0   34.5   35.0   35.5   36.0   36.5   37.0   37.5   38.0   38.5   39.0   39.5   40.0   40.5   41.0   41.5   42.0   42.5   43.0   43.5   44.0   44.5   45.0   45.5   46.0   46.5   47.0   47.5   48.0   48.5   49.0   49.5   50.0   50.5   51.0   51.5   52.0   52.5   53.0   53.5   54.0   54.5   55.0   
U37   0.0009434644957033017   0.006169154228855722   0.0008950701040253279   0.006644052464947987   0.0008326549072817731   0.0072003618272275   0.0007562189054726368   0.007869742198100407   0.0006675712347354139   0.008701944821347807   0.0005811849841700588   0.009755766621438263   0.0004848484848484849   0.011135232926277702   0.0003977838082315695   0.01302125734961556   0.000369606512890095   0.015771144278606968   0.0005341474445952058   0.020149253731343287   0.0012985074626865672   0.02808683853459973   0.0041745816372682045   0.04599728629579376   0.017118950701040254   0.10890999547715967   0.13776571687019448   0.858887381275441   1.0   0.2064676616915423   0.11438263229308006   -0.04222523744911805   -0.02128448665762099   0.07114427860696518   0.10149253731343284   0.0467209407507915   0.03998190863862506   0.04368611488014473   0.06793306196291271   0.025345997286295795   0.0216644052464948   0.031424694708276794   0.04848484848484849   0.03450927182270466   0.014495703301673452   -0.038991406603346906   0.015101763907734059   -0.026331976481230215   -0.04509271822704659   0.019977385798281323   0.041813658977838085   0.02076436001809136   0.029235639981908642   0.012170963364993218   0.009805517865219358   -0.020443238353686118   -0.08249660786974221   -0.04834916327453641   0.05133423790140208   0.06625961103573044   0.03747625508819539   0.0018344640434192674   -0.0060606060606060615   -0.012632293080054275   0.0062098597919493445   0.02229760289461782   0.008285843509724108   -0.006856625961103573   0.0045997286295793765   -0.01359113523292628   -0.023989145183175034   -0.034314789687924015   -0.03540027137042063   -0.03421076436001809   0.028946178199909547   0.04531886024423338   0.043509724106739034   0.02561284486657621   -0.003773857982813207   -0.019629127091813657   -0.014717322478516509   
T_sec   15.0   15.5   16.0   16.5   17.0   17.5   18.0   18.5   19.0   19.5   20.0   20.5   21.0   21.5   22.0   22.5   23.0   23.5   24.0   24.5   25.0   25.5   26.0   26.5   27.0   27.5   28.0   28.5   29.0   29.5   30.0   30.5   31.0   31.5   32.0   32.5   33.0   33.5   34.0   34.5   35.0   35.5   36.0   36.5   37.0   37.5   38.0   38.5   39.0   39.5   40.0   40.5   41.0   41.5   42.0   42.5   43.0   43.5   44.0   44.5   45.0   45.5   46.0   46.5   47.0   47.5   48.0   48.5   49.0   49.5   50.0   50.5   51.0   51.5   52.0   52.5   53.0   53.5   54.0   54.5   55.0   
U38   0.005235096557514693   0.0017325776658270362   0.005638119227539883   0.0017565071368597816   0.006112510495382032   0.0017804366078925274   0.006675062972292192   0.0018089840470193114   0.007359361880772461   0.0018509655751469355   0.008228379513014274   0.001924433249370277   0.009361880772460118   0.0020688497061293032   0.010927791771620487   0.0023761544920235097   0.013232577665827036   0.0030684298908480265   0.016964735516372797   0.004781696053736356   0.023916876574307307   0.009777497900923594   0.04037363560033585   0.030180520570948784   0.10541561712846348   0.2360621326616289   1.0   0.6897565071368598   0.11238455079764903   0.08581024349286315   -0.04336691855583544   -0.03562972292191436   0.062384550797649034   0.09130982367758186   0.024777497900923595   0.03669185558354324   0.042989084802686824   0.055331654072208226   0.010151133501259447   0.02198572628043661   0.03325356842989085   0.04001679261125105   0.027170445004198154   -0.003894626364399664   -0.02987825356842989   0.016192275398824518   -0.04550797649034425   -0.03056675062972292   0.028769941225860622   0.035193115029387066   0.020214105793450884   0.03604114189756508   0.012863140218303946   0.012691015952980689   -0.030730478589420657   -0.07443324937027708   -0.010848026868178002   0.06738035264483627   0.052225020990764065   0.026821998320738876   0.00358816120906801   -0.006255247691015953   -0.005885810243492863   0.012892527287993283   0.018690176322418137   -0.00054575986565911   -0.007409739714525609   0.00235936188077246   -0.012157850545759866   -0.018753148614609572   -0.02017212426532326   -0.020864819479429052   -0.021578505457598658   -0.0296095717884131   -0.0011036943744752309   0.053400503778337535   0.03071368597816961   0.0014567590260285476   -0.0065155331654072205   -0.003913518052057095   -0.005961376994122586   
T_sec   15.0   15.5   16.0   16.5   17.0   17.5   18.0   18.5   19.0   19.5   20.0   20.5   21.0   21.5   22.0   22.5   23.0   23.5   24.0   24.5   25.0   25.5   26.0   26.5   27.0   27.5   28.0   28.5   29.0   29.5   30.0   30.5   31.0   31.5   32.0   32.5   33.0   33.5   34.0   34.5   35.0   35.5   36.0   36.5   37.0   37.5   38.0   38.5   39.0   39.5   40.0   40.5   41.0   41.5   42.0   42.5   43.0   43.5   44.0   44.5   45.0   45.5   46.0   46.5   47.0   47.5   48.0   48.5   49.0   49.5   50.0   50.5   51.0   51.5   52.0   52.5   53.0   53.5   54.0   54.5   55.0   
U39   0.003753798208024932   0.0025629139072847686   0.0040085703155434355   0.002731593299571484   0.004312426957537982   0.0029329957148422283   0.004686404363069731   0.003181924425399299   0.005161667315932996   0.0035052590572652903   0.005792754187767822   0.003946240747954811   0.006677054927931437   0.004596805609661084   0.008013245033112583   0.00564082586677055   0.010229840280483054   0.00753019088430074   0.014452668484612389   0.011593299571484222   0.02440592130892092   0.023303467082197115   0.05944682508765096   0.08753408648227504   0.41877678223607323   1.0   0.3799766264121543   0.09150759641604987   0.0395403194390339   -0.028091156992598364   -0.05788858589793534   0.06688741721854305   0.06793922867160108   0.015777171795870668   0.030724581223217765   0.045812232177639266   0.03489676665368134   0.003957927541877678   0.021125827814569537   0.03535255161667316   0.028628749513050257   0.020132450331125828   -0.022407479548110638   -0.011453058044409816   0.002208804051421893   -0.05340864822750292   -0.013657966497857423   0.03426567978184652   0.023283989092325673   0.021589403973509936   0.03485001947798987   0.01407479548110635   0.00905336969224776   -0.04207245812232178   -0.05827814569536424   0.02634982469809116   0.06614725360342813   0.03738994935722634   0.019189715621347875   0.004756525126606934   -0.007689910401246591   0.00023104791585508376   0.010529801324503311   0.00580444098169069   -0.006236852356836775   -0.0001350993377483444   0.0023805999220880406   -0.011791975068172965   -0.014721464744838333   -0.012201012855473314   -0.013221659524737047   -0.00992208804051422   -0.01797818465134398   -0.023026879626022595   -0.009361121932216596   0.02091546552395793   0.008994935722633424   0.007460070120763538   0.00220997273081418   -0.00021079080638878068   0.011001168679392286   
T_sec   15.0   15.5   16.0   16.5   17.0   17.5   18.0   18.5   19.0   19.5   20.0   20.5   21.0   21.5   22.0   22.5   23.0   23.5   24.0   24.5   25.0   25.5   26.0   26.5   27.0   27.5   28.0   28.5   29.0   29.5   30.0   30.5   31.0   31.5   32.0   32.5   33.0   33.5   34.0   34.5   35.0   35.5   36.0   36.5   37.0   37.5   38.0   38.5   39.0   39.5   40.0   40.5   41.0   41.5   42.0   42.5   43.0   43.5   44.0   44.5   45.0   45.5   46.0   46.5   47.0   47.5   48.0   48.5   49.0   49.5   50.0   50.5   51.0   51.5   52.0   52.5   53.0   53.5   54.0   54.5   55.0   
U40   -0.0001464332603938731   0.00626258205689278   -0.0002424507658643326   0.006888402625820568   -0.0003561050328227571   0.007663019693654267   -0.0004866520787746171   0.008643326039387307   -0.0006301969365426696   0.009934354485776805   -0.0007715536105032823   0.011711159737417943   -0.0008673960612691465   0.014319474835886213   -0.0007973741794310722   0.018490153172866522   -0.00020315098468271336   0.026070021881838074   0.002261706783369803   0.04314223194748359   0.013649890590809627   0.10236323851203502   0.11689277899343545   0.7789934354485777   1.0   0.19129102844638948   0.11054704595185995   -0.0020450765864332603   -0.0167746170678337   -0.08954048140043763   0.08560175054704595   0.05032822757111598   0.017286652078774615   0.031698030634573306   0.054529540481400435   0.016288840262582056   0.004247702407002188   0.0255054704595186   0.04096280087527352   0.022669584245076587   0.009886214442013128   -0.03867396061269147   0.006945295404814005   -0.02577242888402626   -0.0588183807439825   0.00281925601750547   0.04096280087527352   0.015772428884026257   0.02859956236323851   0.03390809628008753   0.018043763676148794   -0.0014109409190371993   -0.061925601750547045   -0.03708096280087528   0.06442013129102844   0.06175054704595186   0.0325164113785558   0.015273522975929979   0.003963676148796499   -0.018135667396061268   0.0022459518599562364   0.009124726477024071   0.0008533916849015316   -0.005908096280087528   0.007295404814004377   -0.001074835886214442   -0.014433260393873085   -0.014612691466083152   -0.008555798687089715   -0.011676148796498904   -0.005645514223194748   -0.016039387308533916   -0.009045951859956236   -0.020398249452954046   -0.044026258205689284   -0.019212253829321665   0.026849015317286652   0.00837199124726477   0.007461706783369803   0.013439824945295404   0.020376367614879647   
sta_location:9.75,10.25,10.75,11.25,11.75,12.25,12.75,13.25,13.75,14.25,14.75,15.25,15.75,16.25,16.75,17.25,17.75,18.25,18.75,19.25,19.75,20.25,20.75,21.25,21.75,22.25,22.75,23.25,23.75,24.25,24.75,25.25,25.75,26.25,26.75,27.25,27.75,28.25,28.75,29.25,29.75,
rebuild_index:0,1,2,3,4,5,6,7,8,9,10,11,12,13,14,15,16,17,18,19,20,21,22,23,24,25,26,27,28,29,30,31,32,33,34,35,36,37,38,39,40,
use_index:0,1,2,3,4,5,6,7,8,9,10,11,12,13,14,15,16,17,18,19,20,21,22,23,24,25,26,27,28,29,30,31,32,33,34,35,36,37,38,39,40,
rebuild_locdata:9.75,10.25,10.75,11.25,11.75,12.25,12.75,13.25,13.75,14.25,14.75,15.25,15.75,16.25,16.75,17.25,17.75,18.25,18.75,19.25,19.75,20.25,20.75,21.25,21.75,22.25,22.75,23.25,23.75,24.25,24.75,25.25,25.75,26.25,26.75,27.25,27.75,28.25,28.75,29.25,29.75,
cut_start_time:15---cut_windows:40---reduction_v:10---move_time_window_all:0.0
move_time_window:0.0,0.0,0.0,0.0,0.0,0.0,0.0,0.0,0.0,0.0,0.0,0.0,0.0,0.0,0.0,0.0,0.0,0.0,0.0,0.0,0.0,0.0,0.0,0.0,0.0,0.0,0.0,0.0,0.0,0.0,0.0,0.0,0.0,0.0,0.0,0.0,0.0,0.0,0.0,0.0,0.0,
sta_noise_mean:0,0,0,0,0,0,0,0,0,0,0,0,0,0,0,0,0,0,0,0,0,0,0,0,0,0,0,0,0,0,0,0,0,0,0,0,0,0,0,0,0,
sta_noise_sigma:0,0,0,0,0,0,0,0,0,0,0,0,0,0,0,0,0,0,0,0,0,0,0,0,0,0,0,0,0,0,0,0,0,0,0,0,0,0,0,0,0,
add_noise_region_move_range:0,0,0,0,0,0,0,0,0,0,0,0,0,0,0,0,0,0,0,0,0,0,0,0,0,0,0,0,0,0,0,0,0,0,0,0,0,0,0,0,0,